case,base_case,source,method,stage,sampling,family,gap_mm,bias_rms_mm,seed,n_points,n_frames,sigma_mm,ok,method_seconds,identifiable,geometry_scored,surface_accuracy_mean_mm,surface_accuracy_rms_mm,surface_accuracy_p95_mm,reference_sample_coverage_1mm,reference_sample_coverage_2mm,reference_sample_distance_mean_mm,output_point_count_ratio,matched_point_rms_mm,matched_normal_mae_mm,within_source_layer_rms_mm,reported_model_k,model_k_note,global_translation_only_aligned_rms_mm,output_edit_from_reference_centroid_mm,source_surface_tilt_mean_deg,source_surface_tilt_max_deg,input_edit_rms_mm,input_edit_p95_mm,moved_fraction,output,output_sha256,source_group_gap_mm,source_group_gap_error_mm,source_group_gap_retention,fitted_gap_at_same_xy_mm,fitted_gap_at_same_xy_error_mm,fitted_gap_note
ghost_s912201_b0,ghost_s912201_b0,/srv/slam-research/grf/map-denoise/runs/multiscan-pilot-v1/exploration-v4-confirm-1_0s40f5/synthetics/identifiable/ghost_s912201_b0.json,identity,confirmation,full,ghost_monolayer,0.0,0.0,912201,768,8,1.0,True,7.93600338511169e-06,True,True,0.8001121426976866,0.9955734461166718,1.9873120317404114,0.72265625,0.98046875,0.734909050681925,1.0,0.9955734461166719,0.8001121426976866,0.9954099680140103,,self-report; not geometry-derived layer count or success,0.9954099680140103,0.018041124991878862,0.10887140993330953,0.10887140993330953,0.0,0.0,0.0,/srv/slam-research/grf/map-denoise/runs/multiscan-pilot-v1/exploration-v4-confirm-1_0s40f5/outputs/ghost_s912201_b0__identity.npz,a674c53719a6756fb1df1d0f4970d65b1cfe80455e9499d463efe0bb35b486ee,,,,,,
ghost_s912201_b0,ghost_s912201_b0,/srv/slam-research/grf/map-denoise/runs/multiscan-pilot-v1/exploration-v4-confirm-1_0s40f5/synthetics/identifiable/ghost_s912201_b0.json,fast,confirmation,full,ghost_monolayer,0.0,0.0,912201,768,8,1.0,True,0.01083614099479746,True,True,0.0441969594313893,0.05261883285789029,0.09576135409258671,1.0,1.0,0.04429119238347503,1.0,0.05265283528504696,0.0441969594313893,0.04942933724372601,1,self-report; not geometry-derived layer count or success,0.04946553216717364,0.018041124991878845,0.10903525586958013,0.10903525586958013,0.9941837478723572,1.9379651104791373,1.0,/srv/slam-research/grf/map-denoise/runs/multiscan-pilot-v1/exploration-v4-confirm-1_0s40f5/outputs/ghost_s912201_b0__fast.npz,56a482c279b2a8b9b8724c68d1f1c249fcd3c31cb533fa3b9b7b671d0662112c,,,,,,
ghost_s912201_b0,ghost_s912201_b0,/srv/slam-research/grf/map-denoise/runs/multiscan-pilot-v1/exploration-v4-confirm-1_0s40f5/synthetics/identifiable/ghost_s912201_b0.json,open3d_icp_then_xyz,confirmation,full,ghost_monolayer,0.0,0.0,912201,768,8,1.0,True,0.02546644100220874,True,True,0.04898816634880023,0.08814989271516516,0.09574962191064465,0.4361979166666667,0.81640625,1.3228500765619629,1.0,2.81634313161029,0.044266264413790085,0.04937054031652177,1,self-report; not geometry-derived layer count or success,2.8162853464763624,0.018041124991878828,0.10903525586958034,0.10903525586958032,2.9861649490312403,6.045718033544972,1.0,/srv/slam-research/grf/map-denoise/runs/multiscan-pilot-v1/exploration-v4-confirm-1_0s40f5/outputs/ghost_s912201_b0__open3d_icp_then_xyz.npz,ab31fa6498963ca55b4b1100bc6b3ee8c660e9de924f9ff613554702e68e64bb,,,,,,
ghost_s912201_b0,ghost_s912201_b0,/srv/slam-research/grf/map-denoise/runs/multiscan-pilot-v1/exploration-v4-confirm-1_0s40f5/synthetics/identifiable/ghost_s912201_b0.json,graph_shared,confirmation,full,ghost_monolayer,0.0,0.0,912201,768,8,1.0,True,0.11642050699447282,True,True,0.1299747595883585,0.16813308903365978,0.3539879513304515,1.0,1.0,0.12998682942797385,1.0,0.16814619015954443,0.1299747595883585,0.16717727855152062,,self-report; not geometry-derived layer count or success,0.1671904545749358,0.01790232287151614,0.12430812620081437,0.12430812620081437,0.981228505214907,1.8701004950362483,1.0,/srv/slam-research/grf/map-denoise/runs/multiscan-pilot-v1/exploration-v4-confirm-1_0s40f5/outputs/ghost_s912201_b0__graph_shared.npz,fc12b3eae3cff66277e8909befe0dc3ced523e05ce9bf0d10dcaa447f98717e8,,,,,,
ghost_s912201_b0,ghost_s912201_b0,/srv/slam-research/grf/map-denoise/runs/multiscan-pilot-v1/exploration-v4-confirm-1_0s40f5/synthetics/identifiable/ghost_s912201_b0.json,pool_independent,confirmation,full,ghost_monolayer,0.0,0.0,912201,768,8,1.0,True,0.1414152030047262,True,True,0.13266062783471144,0.17207033315349815,0.3609043424738329,1.0,1.0,0.13265269793440096,1.0,0.17208326241083358,0.13266062783471144,0.1711365215568735,,self-report; not geometry-derived layer count or success,0.17114952135748746,0.017902249608883085,0.12567192653779002,0.12567192653779002,0.98121760222538,1.8671152898519627,1.0,/srv/slam-research/grf/map-denoise/runs/multiscan-pilot-v1/exploration-v4-confirm-1_0s40f5/outputs/ghost_s912201_b0__pool_independent.npz,1c421d6903fc802f02c89c64033c424344998bc1a90ecb4a43aa10e6a4bb2a38,,,,,,
ghost_s912201_b0,ghost_s912201_b0,/srv/slam-research/grf/map-denoise/runs/multiscan-pilot-v1/exploration-v4-confirm-1_0s40f5/synthetics/identifiable/ghost_s912201_b0.json,pool_global,confirmation,full,ghost_monolayer,0.0,0.0,912201,768,8,1.0,True,0.1404873589926865,True,True,0.049818464019520094,0.059044326260203964,0.10577900836357561,1.0,1.0,0.049930337867938546,1.0,0.05908299951491312,0.049818464019520094,0.05626504054256038,,self-report; not geometry-derived layer count or success,0.056305622768282916,0.01790189030116777,0.125674242661966,0.125674242661966,0.9942210021453707,1.9345966474999956,1.0,/srv/slam-research/grf/map-denoise/runs/multiscan-pilot-v1/exploration-v4-confirm-1_0s40f5/outputs/ghost_s912201_b0__pool_global.npz,8351747a0ae34071e33c51ff86b9ed8e950e2bbfa51d5ed4a4de248ffff6bda6,,,,,,
ghost_s912201_b0,ghost_s912201_b0,/srv/slam-research/grf/map-denoise/runs/multiscan-pilot-v1/exploration-v4-confirm-1_0s40f5/synthetics/identifiable/ghost_s912201_b0.json,pool_compatible,confirmation,full,ghost_monolayer,0.0,0.0,912201,768,8,1.0,True,0.14548799900512677,True,True,0.049818464019520114,0.05904432626020399,0.10577900836357573,1.0,1.0,0.049930337867938566,1.0,0.05908299951491315,0.049818464019520114,0.05626504054256041,,self-report; not geometry-derived layer count or success,0.056305622768282944,0.017901890301167782,0.12567424266196608,0.12567424266196608,0.9942210021453707,1.9345966474999956,1.0,/srv/slam-research/grf/map-denoise/runs/multiscan-pilot-v1/exploration-v4-confirm-1_0s40f5/outputs/ghost_s912201_b0__pool_compatible.npz,92db3d22eee5e543338efbeb0b6ff3cd572981c3b053e39dfe7b940c5dff8dc3,,,,,,
ghost_s912201_b0,ghost_s912201_b0,/srv/slam-research/grf/map-denoise/runs/multiscan-pilot-v1/exploration-v4-confirm-1_0s40f5/synthetics/identifiable/ghost_s912201_b0.json,graph_bias_only,confirmation,full,ghost_monolayer,0.0,0.0,912201,768,8,1.0,True,0.15208676499605644,True,True,0.12997475998957916,0.16813308947951525,0.353987956129601,1.0,1.0,0.12998682984057255,1.0,0.1681461906053644,0.12997475998957916,0.16717727900011234,,self-report; not geometry-derived layer count or success,0.16719045502349142,0.01790232286976846,0.12430812597525516,0.12430812597525517,0.9812285051867496,1.8701004944651196,1.0,/srv/slam-research/grf/map-denoise/runs/multiscan-pilot-v1/exploration-v4-confirm-1_0s40f5/outputs/ghost_s912201_b0__graph_bias_only.npz,491fb6219c2ceb71fc24e346cdab8ba8b43e44022fe3086ce9a9cb36948c8fb0,,,,,,
ghost_s912201_b0,ghost_s912201_b0,/srv/slam-research/grf/map-denoise/runs/multiscan-pilot-v1/exploration-v4-confirm-1_0s40f5/synthetics/identifiable/ghost_s912201_b0.json,graph_projected_bias_only,confirmation,full,ghost_monolayer,0.0,0.0,912201,768,8,1.0,True,0.15674612599832471,True,True,0.12997387626698192,0.1681327151560985,0.3539852832171041,1.0,1.0,0.12999142728416482,1.0,0.16814707837076803,0.12997387626698192,0.16717690252207104,,self-report; not geometry-derived layer count or success,0.16719134784925122,0.01790232300501458,0.12430792914890125,0.12430792914890124,0.9812282605945498,1.8700947769589396,1.0,/srv/slam-research/grf/map-denoise/runs/multiscan-pilot-v1/exploration-v4-confirm-1_0s40f5/outputs/ghost_s912201_b0__graph_projected_bias_only.npz,a5a3087a038aff23bf271b6bfeb08c1434b554bd81609d1cd9a4ff84d8036ece,,,,,,
ghost_s912201_b0,ghost_s912201_b0,/srv/slam-research/grf/map-denoise/runs/multiscan-pilot-v1/exploration-v4-confirm-1_0s40f5/synthetics/identifiable/ghost_s912201_b0.json,zero_balanced_6,confirmation,full,ghost_monolayer,0.0,0.0,912201,768,8,1.0,True,0.7262661190034123,True,True,0.13149353548976062,0.1695802052163172,0.3558507442864659,1.0,1.0,0.13149178660148297,1.0,0.16959508650810298,0.13149353548976062,0.16863134246587477,,self-report; not geometry-derived layer count or success,0.16864630748478315,0.017914137976439277,0.12970638535863033,0.12970638535863033,0.9815317745263726,1.871767822028618,1.0,/srv/slam-research/grf/map-denoise/runs/multiscan-pilot-v1/exploration-v4-confirm-1_0s40f5/outputs/ghost_s912201_b0__zero_balanced_6.npz,8c042f7b6a768ab690847beb69e863f68bd8b06e70661b6289526fbc47318c16,,,,,,
ghost_s912201_b0,ghost_s912201_b0,/srv/slam-research/grf/map-denoise/runs/multiscan-pilot-v1/exploration-v4-confirm-1_0s40f5/synthetics/identifiable/ghost_s912201_b0.json,zero_unbalanced_6,confirmation,full,ghost_monolayer,0.0,0.0,912201,768,8,1.0,True,0.7184499949944438,True,True,0.1316610596667479,0.16956823574340302,0.355060450783595,1.0,1.0,0.1316542129131922,1.0,0.1695832238045211,0.1316610596667479,0.1686172586688323,,self-report; not geometry-derived layer count or success,0.16863233125276655,0.017933394887513866,0.13022148822785912,0.13022148822785912,0.9815549079232359,1.8720936525885876,1.0,/srv/slam-research/grf/map-denoise/runs/multiscan-pilot-v1/exploration-v4-confirm-1_0s40f5/outputs/ghost_s912201_b0__zero_unbalanced_6.npz,8abcc68be247870f889f84d9e9871d5fd611fb2d6cc3112bbdaf4e12eec54441,,,,,,
ghost_s912201_b0,ghost_s912201_b0,/srv/slam-research/grf/map-denoise/runs/multiscan-pilot-v1/exploration-v4-confirm-1_0s40f5/synthetics/identifiable/ghost_s912201_b0.json,warm_balanced_2,confirmation,full,ghost_monolayer,0.0,0.0,912201,768,8,1.0,True,0.3923370410047937,True,True,0.13142169208247692,0.16951213807161983,0.3556407262616805,1.0,1.0,0.13142052529106188,1.0,0.16952699625848006,0.13142169208247692,0.16856294338409303,,self-report; not geometry-derived layer count or success,0.16857788523126457,0.01791365600253926,0.12948339596019265,0.12948339596019265,0.9815177489256733,1.8716999178132785,1.0,/srv/slam-research/grf/map-denoise/runs/multiscan-pilot-v1/exploration-v4-confirm-1_0s40f5/outputs/ghost_s912201_b0__warm_balanced_2.npz,67bddb5019745d03379e368d2ec6dfffedf5a6b4c8e4f7491565c0026e1d9160,,,,,,
ghost_s912201_b0,ghost_s912201_b0,/srv/slam-research/grf/map-denoise/runs/multiscan-pilot-v1/exploration-v4-confirm-1_0s40f5/synthetics/identifiable/ghost_s912201_b0.json,warm_unbalanced_2,confirmation,full,ghost_monolayer,0.0,0.0,912201,768,8,1.0,True,0.37677190599788446,True,True,0.13137030461118823,0.16932549994463916,0.3539644572210202,1.0,1.0,0.13136509387623513,1.0,0.16934038875014076,0.13137030461118823,0.1683731057250403,,self-report; not geometry-derived layer count or success,0.16838807874071643,0.017933828371518502,0.12940801264592247,0.12940801264592247,0.9815018395913759,1.871692427784065,1.0,/srv/slam-research/grf/map-denoise/runs/multiscan-pilot-v1/exploration-v4-confirm-1_0s40f5/outputs/ghost_s912201_b0__warm_unbalanced_2.npz,1e12ef43738bfb1e272718fc7cfbadaba07f29d338c0e2313e361a2c8f44a001,,,,,,
ghost_s912201_b4,ghost_s912201_b4,/srv/slam-research/grf/map-denoise/runs/multiscan-pilot-v1/exploration-v4-confirm-1_0s40f5/synthetics/identifiable/ghost_s912201_b4.json,identity,confirmation,full,ghost_monolayer,0.0,4.0,912201,768,8,1.0,True,1.7821002984419465e-05,True,True,3.638539890394218,4.113499101319438,7.057306520991901,0.08854166666666667,0.3020833333333333,2.645278523831477,1.0,4.113499101319438,3.638539890394218,4.113459538437792,,self-report; not geometry-derived layer count or success,4.113459538437793,0.018041124991878228,0.45601539637169647,0.4560153963716965,0.0,0.0,0.0,/srv/slam-research/grf/map-denoise/runs/multiscan-pilot-v1/exploration-v4-confirm-1_0s40f5/outputs/ghost_s912201_b4__identity.npz,00f47c0d49d19b098117f764c013f80aadd103206970dedcf2cfe2e8d1be571e,,,,,,
ghost_s912201_b4,ghost_s912201_b4,/srv/slam-research/grf/map-denoise/runs/multiscan-pilot-v1/exploration-v4-confirm-1_0s40f5/synthetics/identifiable/ghost_s912201_b4.json,fast,confirmation,full,ghost_monolayer,0.0,4.0,912201,768,8,1.0,True,0.010127458997885697,True,True,0.23970200013784945,0.2793302208482329,0.4642960368781463,1.0,1.0,0.24403986136360856,1.0,0.28128820703123614,0.23970189704056524,0.27874681161718645,1,self-report; not geometry-derived layer count or success,0.28070905440308647,0.018041124991879223,0.46255640445727314,0.46255640445727314,4.104137836088748,7.048989220032714,1.0,/srv/slam-research/grf/map-denoise/runs/multiscan-pilot-v1/exploration-v4-confirm-1_0s40f5/outputs/ghost_s912201_b4__fast.npz,1967bbb373f3f8c45823138071a57e536190fb42abff806c631b62de3aff84c0,,,,,,
ghost_s912201_b4,ghost_s912201_b4,/srv/slam-research/grf/map-denoise/runs/multiscan-pilot-v1/exploration-v4-confirm-1_0s40f5/synthetics/identifiable/ghost_s912201_b4.json,open3d_icp_then_xyz,confirmation,full,ghost_monolayer,0.0,4.0,912201,768,8,1.0,True,0.025436016003368422,True,True,0.2435810621982568,0.29183647748174196,0.4629371265761813,0.4153645833333333,0.8020833333333334,1.406436482963375,1.0,2.8273942287499683,0.23971176366735855,0.2791500615332589,1,self-report; not geometry-derived layer count or success,2.8273366694784783,0.018041124991875428,0.4625564044572735,0.4625564044572735,4.9709092407589575,8.336909269931676,1.0,/srv/slam-research/grf/map-denoise/runs/multiscan-pilot-v1/exploration-v4-confirm-1_0s40f5/outputs/ghost_s912201_b4__open3d_icp_then_xyz.npz,2ea85d3c2b0b2c412206c41a93819e49c6abfe2b147402327df99aa0032e9ed5,,,,,,
ghost_s912201_b4,ghost_s912201_b4,/srv/slam-research/grf/map-denoise/runs/multiscan-pilot-v1/exploration-v4-confirm-1_0s40f5/synthetics/identifiable/ghost_s912201_b4.json,graph_shared,confirmation,full,ghost_monolayer,0.0,4.0,912201,768,8,1.0,True,0.141440056002466,True,True,0.12996857218509703,0.16811851831615465,0.3538520757909096,1.0,1.0,0.13076523971730983,1.0,0.16834813228547701,0.12996857218509703,0.16716259996136365,,self-report; not geometry-derived layer count or success,0.16739352517031314,0.01790255219414837,0.12431429279590332,0.12431429279590332,4.1089982666227085,7.070544818945845,1.0,/srv/slam-research/grf/map-denoise/runs/multiscan-pilot-v1/exploration-v4-confirm-1_0s40f5/outputs/ghost_s912201_b4__graph_shared.npz,ccff87ea764c15f5336db255c966fd3a4fb963e5ad518dea37b6b5ad63657243,,,,,,
ghost_s912201_b4,ghost_s912201_b4,/srv/slam-research/grf/map-denoise/runs/multiscan-pilot-v1/exploration-v4-confirm-1_0s40f5/synthetics/identifiable/ghost_s912201_b4.json,pool_independent,confirmation,full,ghost_monolayer,0.0,4.0,912201,768,8,1.0,True,0.1650815039902227,True,True,0.13265278080502405,0.17205469203522852,0.3607665252836638,1.0,1.0,0.1334349425508752,1.0,0.17228131088114065,0.13265278080502405,0.17112077097909206,,self-report; not geometry-derived layer count or success,0.17134862499587483,0.01790248002225625,0.12567873217431239,0.12567873217431239,4.1090517779182685,7.060916766172123,1.0,/srv/slam-research/grf/map-denoise/runs/multiscan-pilot-v1/exploration-v4-confirm-1_0s40f5/outputs/ghost_s912201_b4__pool_independent.npz,c46dc1f90ffe53a8a44cdafbe10ed267d5da4b5e6e0aafca63342e6fe917baef,,,,,,
ghost_s912201_b4,ghost_s912201_b4,/srv/slam-research/grf/map-denoise/runs/multiscan-pilot-v1/exploration-v4-confirm-1_0s40f5/synthetics/identifiable/ghost_s912201_b4.json,pool_global,confirmation,full,ghost_monolayer,0.0,4.0,912201,768,8,1.0,True,0.1648469589999877,True,True,0.049821548151354984,0.05904802471061656,0.10578349478656093,1.0,1.0,0.05127052550468334,1.0,0.05970637863150175,0.049821548151354984,0.05626884815702369,,self-report; not geometry-derived layer count or success,0.05695933373812894,0.017902121365824065,0.1256810477242242,0.1256810477242242,4.112983424862895,7.058502725579134,1.0,/srv/slam-research/grf/map-denoise/runs/multiscan-pilot-v1/exploration-v4-confirm-1_0s40f5/outputs/ghost_s912201_b4__pool_global.npz,8ee4cda5e18ea3828cd0a235cfd9b23c46a6baa40a4d35445e53782eab4ae2c2,,,,,,
ghost_s912201_b4,ghost_s912201_b4,/srv/slam-research/grf/map-denoise/runs/multiscan-pilot-v1/exploration-v4-confirm-1_0s40f5/synthetics/identifiable/ghost_s912201_b4.json,pool_compatible,confirmation,full,ghost_monolayer,0.0,4.0,912201,768,8,1.0,True,0.16837821798981167,True,True,0.04982154815135498,0.05904802471061656,0.10578349478656093,1.0,1.0,0.05127052550468334,1.0,0.05970637863150175,0.04982154815135498,0.056268848157023696,,self-report; not geometry-derived layer count or success,0.05695933373812894,0.01790212136582406,0.1256810477242242,0.1256810477242242,4.112983424862895,7.058502725579134,1.0,/srv/slam-research/grf/map-denoise/runs/multiscan-pilot-v1/exploration-v4-confirm-1_0s40f5/outputs/ghost_s912201_b4__pool_compatible.npz,8d61c1ec7f268172ffe7e33b98beabf622e3a49c8d1f7d2f435a1f769a3c7c5e,,,,,,
ghost_s912201_b4,ghost_s912201_b4,/srv/slam-research/grf/map-denoise/runs/multiscan-pilot-v1/exploration-v4-confirm-1_0s40f5/synthetics/identifiable/ghost_s912201_b4.json,graph_bias_only,confirmation,full,ghost_monolayer,0.0,4.0,912201,768,8,1.0,True,0.1765388189960504,True,True,0.12996858288975754,0.16811853018435888,0.3538522037613042,1.0,1.0,0.13076525077802767,1.0,0.16834814413823718,0.12996858288975754,0.1671626119024465,,self-report; not geometry-derived layer count or success,0.16739353709567034,0.017902552147364796,0.12431428677582011,0.12431428677582011,4.10899827327763,7.070544684421294,1.0,/srv/slam-research/grf/map-denoise/runs/multiscan-pilot-v1/exploration-v4-confirm-1_0s40f5/outputs/ghost_s912201_b4__graph_bias_only.npz,86583f7915efd50ce4a58306be0cb988eaf0fdfd0a75a3f71c82427d172f2aca,,,,,,
ghost_s912201_b4,ghost_s912201_b4,/srv/slam-research/grf/map-denoise/runs/multiscan-pilot-v1/exploration-v4-confirm-1_0s40f5/synthetics/identifiable/ghost_s912201_b4.json,graph_projected_bias_only,confirmation,full,ghost_monolayer,0.0,4.0,912201,768,8,1.0,True,0.18042206899554003,True,True,0.13046484467106198,0.16895676157807146,0.3535098998691895,1.0,1.0,0.13379927107898784,1.0,0.17015594687381377,0.13046484467106198,0.16800562002258532,,self-report; not geometry-derived layer count or success,0.16921154609736366,0.017902483734496325,0.12458998649299546,0.12458998649299546,4.111455271098136,7.054000780478575,1.0,/srv/slam-research/grf/map-denoise/runs/multiscan-pilot-v1/exploration-v4-confirm-1_0s40f5/outputs/ghost_s912201_b4__graph_projected_bias_only.npz,3f083ef0741029c9e28b3ea80f80523058c2c41422352221ab583fba7ae813aa,,,,,,
ghost_s912201_b4,ghost_s912201_b4,/srv/slam-research/grf/map-denoise/runs/multiscan-pilot-v1/exploration-v4-confirm-1_0s40f5/synthetics/identifiable/ghost_s912201_b4.json,zero_balanced_6,confirmation,full,ghost_monolayer,0.0,4.0,912201,768,8,1.0,True,0.7203407780034468,True,True,0.13648741278937118,0.1752801495636345,0.37268669479251765,1.0,1.0,0.13921402274595038,1.0,0.17637044578515737,0.13648741278937118,0.17431360412770353,,self-report; not geometry-derived layer count or success,0.17540990821177427,0.018382008801870808,0.12887484111029412,0.12887484111029412,4.104726867864173,7.053899212688268,1.0,/srv/slam-research/grf/map-denoise/runs/multiscan-pilot-v1/exploration-v4-confirm-1_0s40f5/outputs/ghost_s912201_b4__zero_balanced_6.npz,75c4d6ef6cdc6c9acc74ce171e705eebbbe25949561e85923ee6f9667a29fe89,,,,,,
ghost_s912201_b4,ghost_s912201_b4,/srv/slam-research/grf/map-denoise/runs/multiscan-pilot-v1/exploration-v4-confirm-1_0s40f5/synthetics/identifiable/ghost_s912201_b4.json,zero_unbalanced_6,confirmation,full,ghost_monolayer,0.0,4.0,912201,768,8,1.0,True,0.7223468279989902,True,True,0.14240422697205266,0.18047717343331418,0.38744965407509874,1.0,1.0,0.1448334190847863,1.0,0.1814957628951792,0.14240422697205266,0.1794927270079745,,self-report; not geometry-derived layer count or success,0.1805168714119928,0.01882474659933451,0.1304572407548707,0.1304572407548707,4.100926221219936,7.065684040722634,1.0,/srv/slam-research/grf/map-denoise/runs/multiscan-pilot-v1/exploration-v4-confirm-1_0s40f5/outputs/ghost_s912201_b4__zero_unbalanced_6.npz,0adfd46023a0879485b7a56020b25a1b5ce62ec0858d442b6da9415b1d089cc4,,,,,,
ghost_s912201_b4,ghost_s912201_b4,/srv/slam-research/grf/map-denoise/runs/multiscan-pilot-v1/exploration-v4-confirm-1_0s40f5/synthetics/identifiable/ghost_s912201_b4.json,warm_balanced_2,confirmation,full,ghost_monolayer,0.0,4.0,912201,768,8,1.0,True,0.41044156000134535,True,True,0.13578474382367808,0.17459050175931687,0.37234666133148586,1.0,1.0,0.13855498889362786,1.0,0.1756911196974574,0.13578474382367808,0.17362637892772856,,self-report; not geometry-derived layer count or success,0.17473306983844955,0.01832276849654019,0.12858574762849093,0.12858574762849093,4.105288888512794,7.053228052885608,1.0,/srv/slam-research/grf/map-denoise/runs/multiscan-pilot-v1/exploration-v4-confirm-1_0s40f5/outputs/ghost_s912201_b4__warm_balanced_2.npz,6d27e077a411739513aa7b7a4b7cf923e3dac78507d41876d99bd85f4a549602,,,,,,
ghost_s912201_b4,ghost_s912201_b4,/srv/slam-research/grf/map-denoise/runs/multiscan-pilot-v1/exploration-v4-confirm-1_0s40f5/synthetics/identifiable/ghost_s912201_b4.json,warm_unbalanced_2,confirmation,full,ghost_monolayer,0.0,4.0,912201,768,8,1.0,True,0.4028704319935059,True,True,0.13750573147427123,0.17588212331663491,0.37435565736172394,1.0,1.0,0.14015693571821555,1.0,0.17696209751197106,0.13750573147427123,0.17490988308926356,,self-report; not geometry-derived layer count or success,0.17599582340196535,0.018467650118533886,0.1289226593452755,0.1289226593452755,4.1041373950122955,7.055749297359652,1.0,/srv/slam-research/grf/map-denoise/runs/multiscan-pilot-v1/exploration-v4-confirm-1_0s40f5/outputs/ghost_s912201_b4__warm_unbalanced_2.npz,a4053f9099db7fc6b4aca2033815fd9c5fb309c11dae1aa221c5e90f0d13bbe1,,,,,,
dual_g2_s912201_b0,dual_g2_s912201_b0,/srv/slam-research/grf/map-denoise/runs/multiscan-pilot-v1/exploration-v4-confirm-1_0s40f5/synthetics/identifiable/dual_g2_s912201_b0.json,identity,confirmation,full,true_bilayer,2.0,0.0,912201,768,8,1.0,True,1.8221995560452342e-05,True,True,0.7781592263414469,0.9668756018989645,1.9280698188733612,0.71875,0.9830729166666666,0.738065433953493,1.0,0.9955734461166719,0.8001121426976866,0.9946919962497875,,self-report; not geometry-derived layer count or success,0.9954099680140103,0.01804112499187889,0.14549439800137734,0.17691792533466158,0.0,0.0,0.0,/srv/slam-research/grf/map-denoise/runs/multiscan-pilot-v1/exploration-v4-confirm-1_0s40f5/outputs/dual_g2_s912201_b0__identity.npz,c401dc9e1f46a10bb6ecbd130b5b4341e8b9195b7c959058550fcae72b05af6b,1.9221322430502221,0.07786775694977788,0.9610661215251111,1.979475259306822,0.02052474069317789,"GT source-group affine fits evaluated at x=y=0; may extrapolate, not physical layer count"
dual_g2_s912201_b0,dual_g2_s912201_b0,/srv/slam-research/grf/map-denoise/runs/multiscan-pilot-v1/exploration-v4-confirm-1_0s40f5/synthetics/identifiable/dual_g2_s912201_b0.json,fast,confirmation,full,true_bilayer,2.0,0.0,912201,768,8,1.0,True,0.009158749002381228,True,True,0.44758611828077594,0.5290126013900082,0.9309302812548035,0.9752604166666666,1.0,0.4520954885692506,1.0,0.5350337367932979,0.450480025607225,0.4194571624855484,1,self-report; not geometry-derived layer count or success,0.5347294805002126,0.018041124991878855,1.2625436913981802,1.2625436913981818,1.1291197331950051,2.161349578987336,1.0,/srv/slam-research/grf/map-denoise/runs/multiscan-pilot-v1/exploration-v4-confirm-1_0s40f5/outputs/dual_g2_s912201_b0__fast.npz,b833db5f501a2dfb9eada0ec809788a0fd8a687690d00d7fb8fa516bd8c0a6d0,1.3187286946808832,0.6812713053191168,0.6593643473404416,4.440892098500626e-16,1.9999999999999996,"GT source-group affine fits evaluated at x=y=0; may extrapolate, not physical layer count"
dual_g2_s912201_b0,dual_g2_s912201_b0,/srv/slam-research/grf/map-denoise/runs/multiscan-pilot-v1/exploration-v4-confirm-1_0s40f5/synthetics/identifiable/dual_g2_s912201_b0.json,open3d_icp_then_xyz,confirmation,full,true_bilayer,2.0,0.0,912201,768,8,1.0,True,0.026282168008037843,True,True,0.4027250422225557,0.5086858071699497,0.8629436834701063,0.30859375,0.7747395833333334,1.5069737438586712,1.0,2.8688276243292177,0.38703213993350644,0.40606791525636565,2,self-report; not geometry-derived layer count or success,2.8687706617375066,0.01807839784314766,0.9896522799976383,1.0026197811691064,2.961976646243939,5.283749220793723,1.0,/srv/slam-research/grf/map-denoise/runs/multiscan-pilot-v1/exploration-v4-confirm-1_0s40f5/outputs/dual_g2_s912201_b0__open3d_icp_then_xyz.npz,6b30470b319f9ec85d3041b8754f8b8558d6c7dcb5aea342663c2ecd289ae6e4,1.5311944818154368,0.4688055181845632,0.7655972409077184,0.49374305264133633,1.5062569473586636,"GT source-group affine fits evaluated at x=y=0; may extrapolate, not physical layer count"
dual_g2_s912201_b0,dual_g2_s912201_b0,/srv/slam-research/grf/map-denoise/runs/multiscan-pilot-v1/exploration-v4-confirm-1_0s40f5/synthetics/identifiable/dual_g2_s912201_b0.json,graph_shared,confirmation,full,true_bilayer,2.0,0.0,912201,768,8,1.0,True,0.09824941199622117,True,True,0.24051005512640944,0.3659379774940355,0.7914834395947209,0.9557291666666666,1.0,0.24331273073500234,1.0,0.3732408602606521,0.2429838420582696,0.34401142923025174,,self-report; not geometry-derived layer count or success,0.37279009756732806,0.01833801853673521,0.4829405865227265,0.8321506573124664,1.0245756857342527,2.0303932414216783,1.0,/srv/slam-research/grf/map-denoise/runs/multiscan-pilot-v1/exploration-v4-confirm-1_0s40f5/outputs/dual_g2_s912201_b0__graph_shared.npz,266ddb01f837c11425190607d15bce4c42f64b50f8876d52305a4094871cf056,1.7044140333965316,0.29558596660346836,0.8522070166982658,1.083375346202541,0.9166246537974589,"GT source-group affine fits evaluated at x=y=0; may extrapolate, not physical layer count"
dual_g2_s912201_b0,dual_g2_s912201_b0,/srv/slam-research/grf/map-denoise/runs/multiscan-pilot-v1/exploration-v4-confirm-1_0s40f5/synthetics/identifiable/dual_g2_s912201_b0.json,pool_independent,confirmation,full,true_bilayer,2.0,0.0,912201,768,8,1.0,True,0.11971588101005182,True,True,0.24329629958841506,0.3677633522136313,0.8090094503778553,0.9557291666666666,1.0,0.24594756952007713,1.0,0.3745962779312303,0.24562912852446442,0.3460077417839531,,self-report; not geometry-derived layer count or success,0.3741472087879646,0.01833678259964795,0.47439876452452073,0.8114404821954772,1.0245479869712704,2.027203414935677,1.0,/srv/slam-research/grf/map-denoise/runs/multiscan-pilot-v1/exploration-v4-confirm-1_0s40f5/outputs/dual_g2_s912201_b0__pool_independent.npz,03a952bb5a7cda09eda024c5939ccf399afeb4b568e325b359694d776167d7f0,1.7070439061237577,0.29295609387624233,0.8535219530618788,1.1004853083502848,0.8995146916497152,"GT source-group affine fits evaluated at x=y=0; may extrapolate, not physical layer count"
dual_g2_s912201_b0,dual_g2_s912201_b0,/srv/slam-research/grf/map-denoise/runs/multiscan-pilot-v1/exploration-v4-confirm-1_0s40f5/synthetics/identifiable/dual_g2_s912201_b0.json,pool_global,confirmation,full,true_bilayer,2.0,0.0,912201,768,8,1.0,True,0.13009191799210384,True,True,0.4484573277226933,0.5298410735820125,0.9324015517713198,0.9765625,1.0,0.4514921956210125,1.0,0.5352732283760908,0.45132564343247417,0.41671764880257417,,self-report; not geometry-derived layer count or success,0.5349600157516199,0.018308756462119075,1.2538284688401422,1.2538284688401422,1.129275434263541,2.165816305883076,1.0,/srv/slam-research/grf/map-denoise/runs/multiscan-pilot-v1/exploration-v4-confirm-1_0s40f5/outputs/dual_g2_s912201_b0__pool_global.npz,81c124070e6aab8dd51b2f2c323a586e97a14907182aa471b8cc2ff9bbe526c2,1.3091197384628246,0.6908802615371754,0.6545598692314123,-6.661338147750939e-16,2.000000000000001,"GT source-group affine fits evaluated at x=y=0; may extrapolate, not physical layer count"
dual_g2_s912201_b0,dual_g2_s912201_b0,/srv/slam-research/grf/map-denoise/runs/multiscan-pilot-v1/exploration-v4-confirm-1_0s40f5/synthetics/identifiable/dual_g2_s912201_b0.json,pool_compatible,confirmation,full,true_bilayer,2.0,0.0,912201,768,8,1.0,True,0.12167315099213738,True,True,0.20499191245883108,0.3315702293829423,0.7280920987715535,0.953125,1.0,0.20742156991630387,1.0,0.33848557492759457,0.20716058922852185,0.30725582881122343,,self-report; not geometry-derived layer count or success,0.33798855054008176,0.018336415622439723,0.4637791325353195,0.7944402274346366,1.0362021155151064,2.01279653757008,1.0,/srv/slam-research/grf/map-denoise/runs/multiscan-pilot-v1/exploration-v4-confirm-1_0s40f5/outputs/dual_g2_s912201_b0__pool_compatible.npz,8423e9ebbfc4b273d1b773cc191bef649004bec5e589171e42d4df9a3e7081c8,1.7102159069118328,0.2897840930881672,0.8551079534559164,1.1139211027540783,0.8860788972459217,"GT source-group affine fits evaluated at x=y=0; may extrapolate, not physical layer count"
dual_g2_s912201_b0,dual_g2_s912201_b0,/srv/slam-research/grf/map-denoise/runs/multiscan-pilot-v1/exploration-v4-confirm-1_0s40f5/synthetics/identifiable/dual_g2_s912201_b0.json,graph_bias_only,confirmation,full,true_bilayer,2.0,0.0,912201,768,8,1.0,True,0.13433242500468623,True,True,0.24051005322052274,0.3659379757126685,0.7914834411676123,0.9557291666666666,1.0,0.24331272879398672,1.0,0.37324085820891845,0.24298384005150506,0.3440114271758095,,self-report; not geometry-derived layer count or success,0.3727900955139205,0.018338018520330124,0.48294059213135454,0.8321506710072365,1.0245756858438904,2.030393240665098,1.0,/srv/slam-research/grf/map-denoise/runs/multiscan-pilot-v1/exploration-v4-confirm-1_0s40f5/outputs/dual_g2_s912201_b0__graph_bias_only.npz,ca8807d7bce1bbef9e1c20d96e44d3a841221f56491f0b11f516c58c70cb6339,1.704414034239871,0.29558596576012897,0.8522070171199355,1.0833753383574574,0.9166246616425426,"GT source-group affine fits evaluated at x=y=0; may extrapolate, not physical layer count"
dual_g2_s912201_b0,dual_g2_s912201_b0,/srv/slam-research/grf/map-denoise/runs/multiscan-pilot-v1/exploration-v4-confirm-1_0s40f5/synthetics/identifiable/dual_g2_s912201_b0.json,graph_projected_bias_only,confirmation,full,true_bilayer,2.0,0.0,912201,768,8,1.0,True,0.13798299599147867,True,True,0.24050954010587158,0.3659369993257844,0.7914888399283835,0.9557291666666666,1.0,0.24331815834756806,1.0,0.37324131953104445,0.2429835714018221,0.34401092290211666,,self-report; not geometry-derived layer count or success,0.37279055705660613,0.018338025376263365,0.48294011434722983,0.8321500043010501,1.024575844422901,2.0303944356677155,1.0,/srv/slam-research/grf/map-denoise/runs/multiscan-pilot-v1/exploration-v4-confirm-1_0s40f5/outputs/dual_g2_s912201_b0__graph_projected_bias_only.npz,7e67b3fdffddfe7060f5761bed3db4607e3815fdde121f30cd0b90418f048248,1.7044141936851396,0.2955858063148604,0.8522070968425698,1.0833759647799832,0.9166240352200168,"GT source-group affine fits evaluated at x=y=0; may extrapolate, not physical layer count"
dual_g2_s912201_b0,dual_g2_s912201_b0,/srv/slam-research/grf/map-denoise/runs/multiscan-pilot-v1/exploration-v4-confirm-1_0s40f5/synthetics/identifiable/dual_g2_s912201_b0.json,zero_balanced_6,confirmation,full,true_bilayer,2.0,0.0,912201,768,8,1.0,True,0.7971081919968128,True,True,0.23898554530265495,0.36492406355442053,0.7773711406295869,0.9557291666666666,1.0,0.2418350561504495,1.0,0.372383877091881,0.24150447743859527,0.3420164248486598,,self-report; not geometry-derived layer count or success,0.37193030738537114,0.018373850064818776,0.4876668596929381,0.8338319498922496,1.0245116942773118,2.038341680208862,1.0,/srv/slam-research/grf/map-denoise/runs/multiscan-pilot-v1/exploration-v4-confirm-1_0s40f5/outputs/dual_g2_s912201_b0__zero_balanced_6.npz,95418bc8530c6fb5c5721c4711c1c4b60c13bda1663c545ff25b11db7479d264,1.6992354709855797,0.3007645290144203,0.8496177354927898,1.0749135706220794,0.9250864293779206,"GT source-group affine fits evaluated at x=y=0; may extrapolate, not physical layer count"
dual_g2_s912201_b0,dual_g2_s912201_b0,/srv/slam-research/grf/map-denoise/runs/multiscan-pilot-v1/exploration-v4-confirm-1_0s40f5/synthetics/identifiable/dual_g2_s912201_b0.json,zero_unbalanced_6,confirmation,full,true_bilayer,2.0,0.0,912201,768,8,1.0,True,0.8137873860105174,True,True,0.23874013762807955,0.36506487841100665,0.7759850795928489,0.9557291666666666,1.0,0.24160628411753224,1.0,0.3725649163082581,0.24127565340231985,0.34211928261222724,,self-report; not geometry-derived layer count or success,0.3721102458385403,0.018400592538299013,0.48800934434182963,0.8343920205369312,1.024471271250021,2.038758226342492,1.0,/srv/slam-research/grf/map-denoise/runs/multiscan-pilot-v1/exploration-v4-confirm-1_0s40f5/outputs/dual_g2_s912201_b0__zero_unbalanced_6.npz,637921fb7af689750faaabea4c1b9b954842dd2637d102fa4f7f9acdd4d4411e,1.6987875371933825,0.3012124628066175,0.8493937685966912,1.0739377627428752,0.9260622372571248,"GT source-group affine fits evaluated at x=y=0; may extrapolate, not physical layer count"
dual_g2_s912201_b0,dual_g2_s912201_b0,/srv/slam-research/grf/map-denoise/runs/multiscan-pilot-v1/exploration-v4-confirm-1_0s40f5/synthetics/identifiable/dual_g2_s912201_b0.json,warm_balanced_2,confirmation,full,true_bilayer,2.0,0.0,912201,768,8,1.0,True,0.3923154060030356,True,True,0.23903529321690653,0.3649609024875291,0.7779767133880255,0.9557291666666666,1.0,0.24188417345283073,1.0,0.3724138276040797,0.24155219582057122,0.3420950426213119,,self-report; not geometry-derived layer count or success,0.37196037043018737,0.01837231123617815,0.48746606849427004,0.8337569146401178,1.0245123331366344,2.037997562159401,1.0,/srv/slam-research/grf/map-denoise/runs/multiscan-pilot-v1/exploration-v4-confirm-1_0s40f5/outputs/dual_g2_s912201_b0__warm_balanced_2.npz,1cfca0fca033ce97e97febae21dc8d895a1971d4f06515f021b0775542a43d83,1.6994572411410165,0.3005427588589835,0.8497286205705082,1.07527658620078,0.92472341379922,"GT source-group affine fits evaluated at x=y=0; may extrapolate, not physical layer count"
dual_g2_s912201_b0,dual_g2_s912201_b0,/srv/slam-research/grf/map-denoise/runs/multiscan-pilot-v1/exploration-v4-confirm-1_0s40f5/synthetics/identifiable/dual_g2_s912201_b0.json,warm_unbalanced_2,confirmation,full,true_bilayer,2.0,0.0,912201,768,8,1.0,True,0.39159787498647347,True,True,0.23898814325197926,0.36519166062640757,0.7785374666111756,0.9557291666666666,1.0,0.24184841754304273,1.0,0.3726542670117967,0.24151181238952682,0.3424053521365414,,self-report; not geometry-derived layer count or success,0.3722001831650799,0.018390931841001757,0.487116119654967,0.8338911897794078,1.0244866759550162,2.037262422923785,1.0,/srv/slam-research/grf/map-denoise/runs/multiscan-pilot-v1/exploration-v4-confirm-1_0s40f5/outputs/dual_g2_s912201_b0__warm_unbalanced_2.npz,92466dbda76c47632bdcba106368ee1c4f1b119af597193d15979211faac5d44,1.6996969653655722,0.30030303463442776,0.8498484826827861,1.0755822531263868,0.9244177468736132,"GT source-group affine fits evaluated at x=y=0; may extrapolate, not physical layer count"
dual_g2_s912201_b4,dual_g2_s912201_b4,/srv/slam-research/grf/map-denoise/runs/multiscan-pilot-v1/exploration-v4-confirm-1_0s40f5/synthetics/identifiable/dual_g2_s912201_b4.json,identity,confirmation,full,true_bilayer,2.0,4.0,912201,768,8,1.0,True,1.7782003851607442e-05,True,True,3.4194484577443034,3.9113972927963987,6.85059526274631,0.08203125,0.2916666666666667,2.6407055110892252,1.0,4.113499101319438,3.638539890394218,4.1105352312417685,,self-report; not geometry-derived layer count or success,4.113459538437793,0.018041124991878228,0.5341145711874006,0.6103538853997673,0.0,0.0,0.0,/srv/slam-research/grf/map-denoise/runs/multiscan-pilot-v1/exploration-v4-confirm-1_0s40f5/outputs/dual_g2_s912201_b4__identity.npz,aa1a63dca16afa148966ad92a2649c68ec96db13e4aabda8e5b3c4476de9707d,1.6805379846238406,0.31946201537615937,0.8402689923119203,2.2155366833179757,0.2155366833179757,"GT source-group affine fits evaluated at x=y=0; may extrapolate, not physical layer count"
dual_g2_s912201_b4,dual_g2_s912201_b4,/srv/slam-research/grf/map-denoise/runs/multiscan-pilot-v1/exploration-v4-confirm-1_0s40f5/synthetics/identifiable/dual_g2_s912201_b4.json,fast,confirmation,full,true_bilayer,2.0,4.0,912201,768,8,1.0,True,0.009987714991439134,True,True,0.488341871632294,0.5722425768855449,0.9548565908793761,0.953125,1.0,0.5017825682540683,1.0,0.5816943555439889,0.49110794532301943,0.33927433787965317,1,self-report; not geometry-derived layer count or success,0.5814145174320675,0.018041124991878457,1.0129356585457263,1.0129356585457272,4.1470267515657175,7.286938488746952,1.0,/srv/slam-research/grf/map-denoise/runs/multiscan-pilot-v1/exploration-v4-confirm-1_0s40f5/outputs/dual_g2_s912201_b4__fast.npz,9ec26136cc3d4e1771a9872228fb91e70394699354a63e1b878fb43d2c6aebb1,1.039146898170546,0.9608531018294539,0.519573449085273,-2.220446049250313e-16,2.0,"GT source-group affine fits evaluated at x=y=0; may extrapolate, not physical layer count"
dual_g2_s912201_b4,dual_g2_s912201_b4,/srv/slam-research/grf/map-denoise/runs/multiscan-pilot-v1/exploration-v4-confirm-1_0s40f5/synthetics/identifiable/dual_g2_s912201_b4.json,open3d_icp_then_xyz,confirmation,full,true_bilayer,2.0,4.0,912201,768,8,1.0,True,0.025678024991066195,True,True,0.4207857189786131,0.5277077513780838,0.9213330910428532,0.30078125,0.7903645833333334,1.470944358476447,1.0,2.354187041571539,0.4051323064832116,0.3687513645465881,2,self-report; not geometry-derived layer count or success,2.354117446021609,0.018101851840382144,0.758985483819187,0.7870318375411645,4.678678156519227,7.242989279678386,1.0,/srv/slam-research/grf/map-denoise/runs/multiscan-pilot-v1/exploration-v4-confirm-1_0s40f5/outputs/dual_g2_s912201_b4__open3d_icp_then_xyz.npz,6ac2dfc6a16447ee5de3157747e31cfb446ce315077ffff40067f5c959701d32,1.3408287365800637,0.6591712634199363,0.6704143682900319,0.5552187066908714,1.4447812933091286,"GT source-group affine fits evaluated at x=y=0; may extrapolate, not physical layer count"
dual_g2_s912201_b4,dual_g2_s912201_b4,/srv/slam-research/grf/map-denoise/runs/multiscan-pilot-v1/exploration-v4-confirm-1_0s40f5/synthetics/identifiable/dual_g2_s912201_b4.json,graph_shared,confirmation,full,true_bilayer,2.0,4.0,912201,768,8,1.0,True,0.1436118130077375,True,True,0.2406699053579411,0.36642012658837714,0.7919850293568996,0.9557291666666666,1.0,0.24686149232753996,1.0,0.3740288485881371,0.24299016201535553,0.343988870440414,,self-report; not geometry-derived layer count or success,0.3735791262903314,0.018336193070543006,0.4826632712502821,0.8316092822059116,4.143179686758785,7.144822186978025,1.0,/srv/slam-research/grf/map-denoise/runs/multiscan-pilot-v1/exploration-v4-confirm-1_0s40f5/outputs/dual_g2_s912201_b4__graph_shared.npz,867239010c34ea4ec375c2116d9bc6d5f27bc4fdc38ee92643812b7372dc35a2,1.7044400028061903,0.29555999719380965,0.8522200014030952,1.0838336230497556,0.9161663769502444,"GT source-group affine fits evaluated at x=y=0; may extrapolate, not physical layer count"
dual_g2_s912201_b4,dual_g2_s912201_b4,/srv/slam-research/grf/map-denoise/runs/multiscan-pilot-v1/exploration-v4-confirm-1_0s40f5/synthetics/identifiable/dual_g2_s912201_b4.json,pool_independent,confirmation,full,true_bilayer,2.0,4.0,912201,768,8,1.0,True,0.16591778698784765,True,True,0.24342576333614077,0.36813319203869027,0.809537495745214,0.9557291666666666,1.0,0.2495322556360061,1.0,0.3754006640921797,0.24563733395932727,0.3459864401768839,,self-report; not geometry-derived layer count or success,0.3749526485230383,0.01833493840754477,0.4741044318664886,0.810853281051148,4.143454626336888,7.1487917400707035,1.0,/srv/slam-research/grf/map-denoise/runs/multiscan-pilot-v1/exploration-v4-confirm-1_0s40f5/outputs/dual_g2_s912201_b4__pool_independent.npz,1c5a814b30ef53962b755d5d3c307a729a00a384e10c71170613dfa9736c8309,1.7070742948476478,0.29292570515235217,0.8535371474238239,1.1009805110269957,0.8990194889730043,"GT source-group affine fits evaluated at x=y=0; may extrapolate, not physical layer count"
dual_g2_s912201_b4,dual_g2_s912201_b4,/srv/slam-research/grf/map-denoise/runs/multiscan-pilot-v1/exploration-v4-confirm-1_0s40f5/synthetics/identifiable/dual_g2_s912201_b4.json,pool_global,confirmation,full,true_bilayer,2.0,4.0,912201,768,8,1.0,True,0.1651584330102196,True,True,0.4484624760843978,0.5298331560399856,0.931641628922151,0.9765625,1.0,0.4531326806980321,1.0,0.5358451089838108,0.45133328539911427,0.4166980156152441,,self-report; not geometry-derived layer count or success,0.5355322853023841,0.01830716309748665,1.2538202375145904,1.253820237514592,4.150862292305447,7.270194830191524,1.0,/srv/slam-research/grf/map-denoise/runs/multiscan-pilot-v1/exploration-v4-confirm-1_0s40f5/outputs/dual_g2_s912201_b4__pool_global.npz,faff2c6599516b5d6457ef13a400c55036bd895f3e31106155053524243ba96e,1.3090797590578338,0.6909202409421662,0.6545398795289169,-8.881784197001252e-16,2.000000000000001,"GT source-group affine fits evaluated at x=y=0; may extrapolate, not physical layer count"
dual_g2_s912201_b4,dual_g2_s912201_b4,/srv/slam-research/grf/map-denoise/runs/multiscan-pilot-v1/exploration-v4-confirm-1_0s40f5/synthetics/identifiable/dual_g2_s912201_b4.json,pool_compatible,confirmation,full,true_bilayer,2.0,4.0,912201,768,8,1.0,True,0.16785121700377204,True,True,0.20504713521899057,0.3317161055164014,0.7295619702944135,0.953125,1.0,0.2114646799835259,1.0,0.33936618582485434,0.2071635580462667,0.30722446587501406,,self-report; not geometry-derived layer count or success,0.33887055065648125,0.01833461150618531,0.4634833548510784,0.7938372649600672,4.138082501121181,7.075764675613682,1.0,/srv/slam-research/grf/map-denoise/runs/multiscan-pilot-v1/exploration-v4-confirm-1_0s40f5/outputs/dual_g2_s912201_b4__pool_compatible.npz,bb9adb78d9ee7ba81a59f7aac6f759ea16c47b12bb43f4e4f61d4e561821d2e4,1.7102406885412706,0.28975931145872935,0.8551203442706353,1.1144005162997934,0.8855994837002066,"GT source-group affine fits evaluated at x=y=0; may extrapolate, not physical layer count"
dual_g2_s912201_b4,dual_g2_s912201_b4,/srv/slam-research/grf/map-denoise/runs/multiscan-pilot-v1/exploration-v4-confirm-1_0s40f5/synthetics/identifiable/dual_g2_s912201_b4.json,graph_bias_only,confirmation,full,true_bilayer,2.0,4.0,912201,768,8,1.0,True,0.1792987350054318,True,True,0.24066994027305322,0.36642015869304945,0.7919850010609264,0.9557291666666666,1.0,0.24686152720034737,1.0,0.37402888636598736,0.24299019897848462,0.34398890834063633,,self-report; not geometry-derived layer count or success,0.3735791640987872,0.018336193373546302,0.48266316744620624,0.8316090292490232,4.143179694308861,7.144822135504876,1.0,/srv/slam-research/grf/map-denoise/runs/multiscan-pilot-v1/exploration-v4-confirm-1_0s40f5/outputs/dual_g2_s912201_b4__graph_bias_only.npz,6121272626e59b0a5e1fa95d2073a5d9f17fa22fea0c60b57577d900630947d4,1.7044399872134373,0.29556001278656274,0.8522199936067186,1.0838337680517194,0.9161662319482806,"GT source-group affine fits evaluated at x=y=0; may extrapolate, not physical layer count"
dual_g2_s912201_b4,dual_g2_s912201_b4,/srv/slam-research/grf/map-denoise/runs/multiscan-pilot-v1/exploration-v4-confirm-1_0s40f5/synthetics/identifiable/dual_g2_s912201_b4.json,graph_projected_bias_only,confirmation,full,true_bilayer,2.0,4.0,912201,768,8,1.0,True,0.181934566993732,True,True,0.24070510365978592,0.3665125072264251,0.7922067892495078,0.9557291666666666,1.0,0.24920126113612093,1.0,0.37468143900987055,0.24299561655030918,0.34398638742118104,,self-report; not geometry-derived layer count or success,0.37423253337026974,0.018335531237933606,0.4825837516615346,0.83144852647254,4.1431701350190915,7.144992133882,1.0,/srv/slam-research/grf/map-denoise/runs/multiscan-pilot-v1/exploration-v4-confirm-1_0s40f5/outputs/dual_g2_s912201_b4__graph_projected_bias_only.npz,d6c5ee7d086f7345840089fcaacd4b80c0fe7c42a865c031311dd6a9d30b5865,1.704448664526597,0.29555133547340295,0.8522243322632985,1.0839663516203866,0.9160336483796134,"GT source-group affine fits evaluated at x=y=0; may extrapolate, not physical layer count"
dual_g2_s912201_b4,dual_g2_s912201_b4,/srv/slam-research/grf/map-denoise/runs/multiscan-pilot-v1/exploration-v4-confirm-1_0s40f5/synthetics/identifiable/dual_g2_s912201_b4.json,zero_balanced_6,confirmation,full,true_bilayer,2.0,4.0,912201,768,8,1.0,True,0.7237142720114207,True,True,0.23896579506336044,0.3648690653966567,0.782244911808565,0.9557291666666666,1.0,0.24728893616125344,1.0,0.3733724715755598,0.24138051559316645,0.3363723941985451,,self-report; not geometry-derived layer count or success,0.3728906511075519,0.018962195205941782,0.4840601605235882,0.8392085560680692,4.136071229153988,7.1535687254380065,1.0,/srv/slam-research/grf/map-denoise/runs/multiscan-pilot-v1/exploration-v4-confirm-1_0s40f5/outputs/dual_g2_s912201_b4__zero_balanced_6.npz,fdf594823c84a2adceaeff077a768ac84c39ae26cfdcf36e34a04caa767db546,1.6755809318485289,0.32441906815147115,0.8377904659242644,1.0531562327083317,0.9468437672916683,"GT source-group affine fits evaluated at x=y=0; may extrapolate, not physical layer count"
dual_g2_s912201_b4,dual_g2_s912201_b4,/srv/slam-research/grf/map-denoise/runs/multiscan-pilot-v1/exploration-v4-confirm-1_0s40f5/synthetics/identifiable/dual_g2_s912201_b4.json,zero_unbalanced_6,confirmation,full,true_bilayer,2.0,4.0,912201,768,8,1.0,True,0.7231768789933994,True,True,0.2403648347734898,0.3660035484850799,0.7859800627114082,0.9557291666666666,1.0,0.2485117195276084,1.0,0.37473913306430456,0.24287862478243838,0.3348734521116333,,self-report; not geometry-derived layer count or success,0.37421956309604304,0.019726541663282724,0.48430580911495524,0.8460092379892724,4.13285992954478,7.157612935261466,1.0,/srv/slam-research/grf/map-denoise/runs/multiscan-pilot-v1/exploration-v4-confirm-1_0s40f5/outputs/dual_g2_s912201_b4__zero_unbalanced_6.npz,9dece02b80e754ecf1a3d2e0e75b74546483f71d63066696bf5d4c78522e8d21,1.6626445191465955,0.3373554808534045,0.8313222595732978,1.0377141741596962,0.9622858258403038,"GT source-group affine fits evaluated at x=y=0; may extrapolate, not physical layer count"
dual_g2_s912201_b4,dual_g2_s912201_b4,/srv/slam-research/grf/map-denoise/runs/multiscan-pilot-v1/exploration-v4-confirm-1_0s40f5/synthetics/identifiable/dual_g2_s912201_b4.json,warm_balanced_2,confirmation,full,true_bilayer,2.0,4.0,912201,768,8,1.0,True,0.4131576329964446,True,True,0.23881588884532748,0.3648091569988929,0.780786505830821,0.9557291666666666,1.0,0.247190029528342,1.0,0.373284215491388,0.2412190356556659,0.33672364053736137,,self-report; not geometry-derived layer count or success,0.3728078351027975,0.018852682063470464,0.4838554725997685,0.838172640299267,4.136595018510336,7.153077175439467,1.0,/srv/slam-research/grf/map-denoise/runs/multiscan-pilot-v1/exploration-v4-confirm-1_0s40f5/outputs/dual_g2_s912201_b4__warm_balanced_2.npz,49b950593be5a486b1c2e36d261134f1e80fb337f9463c8eece27fb7ffa73e07,1.6775570711669283,0.3224429288330717,0.8387785355834642,1.0555735597692577,0.9444264402307423,"GT source-group affine fits evaluated at x=y=0; may extrapolate, not physical layer count"
dual_g2_s912201_b4,dual_g2_s912201_b4,/srv/slam-research/grf/map-denoise/runs/multiscan-pilot-v1/exploration-v4-confirm-1_0s40f5/synthetics/identifiable/dual_g2_s912201_b4.json,warm_unbalanced_2,confirmation,full,true_bilayer,2.0,4.0,912201,768,8,1.0,True,0.4110496770008467,True,True,0.23876164087752474,0.36494934369813525,0.7821447378268211,0.9557291666666666,1.0,0.2471302770155913,1.0,0.37351387750722603,0.24119817405751717,0.33613887611501714,,self-report; not geometry-derived layer count or success,0.37302810842334627,0.019043293217908267,0.48312793779148916,0.8382538892147883,4.13591918103165,7.153980658657288,1.0,/srv/slam-research/grf/map-denoise/runs/multiscan-pilot-v1/exploration-v4-confirm-1_0s40f5/outputs/dual_g2_s912201_b4__warm_unbalanced_2.npz,33cfd5e1d21a9db4faf5f91e61d6f2a31700de5a4bb4a313b984e4881c9ff863,1.673883699391198,0.3261163006088019,0.836941849695599,1.052493989779744,0.9475060102202559,"GT source-group affine fits evaluated at x=y=0; may extrapolate, not physical layer count"
dual_g4_s912201_b0,dual_g4_s912201_b0,/srv/slam-research/grf/map-denoise/runs/multiscan-pilot-v1/exploration-v4-confirm-1_0s40f5/synthetics/identifiable/dual_g4_s912201_b0.json,identity,confirmation,full,true_bilayer,4.0,0.0,912201,768,8,1.0,True,1.8264996469952166e-05,True,True,0.7928602296952468,0.9808969541204958,1.8760390085906693,0.7278645833333334,0.9791666666666666,0.7315813882403969,1.0,0.9955734461166719,0.8001121426976866,0.9949206137772403,,self-report; not geometry-derived layer count or success,0.9954099680140104,0.018041124991878904,0.252083260665757,0.2666742877581277,0.0,0.0,0.0,/srv/slam-research/grf/map-denoise/runs/multiscan-pilot-v1/exploration-v4-confirm-1_0s40f5/outputs/dual_g4_s912201_b0__identity.npz,55667d08865fb2287c8d746323ede921c79c6943b0fd3221f0e3c1daeb6014b7,3.9352085254539473,0.06479147454605272,0.9838021313634868,3.7868338074064076,0.21316619259359237,"GT source-group affine fits evaluated at x=y=0; may extrapolate, not physical layer count"
dual_g4_s912201_b0,dual_g4_s912201_b0,/srv/slam-research/grf/map-denoise/runs/multiscan-pilot-v1/exploration-v4-confirm-1_0s40f5/synthetics/identifiable/dual_g4_s912201_b0.json,fast,confirmation,full,true_bilayer,4.0,0.0,912201,768,8,1.0,True,0.009177155006909743,True,True,1.0679694772699118,1.316625234646535,2.552413012732102,0.5130208333333334,0.8684895833333334,1.053737652951456,1.0,1.487946036155305,1.1846312989679326,1.4338024132869192,2,self-report; not geometry-derived layer count or success,1.4878366591529164,0.018041124991878838,1.5549515352622265,1.6317432244869359,1.6131562269726891,3.0008587189856906,1.0,/srv/slam-research/grf/map-denoise/runs/multiscan-pilot-v1/exploration-v4-confirm-1_0s40f5/outputs/dual_g4_s912201_b0__fast.npz,03bc7eca44dca8e1d267a4e35c2e7640a92ca70bc8f929fc5eeab9bd10c41209,3.1904353058147477,0.8095646941852523,0.7976088264536869,1.6107022795921124,2.3892977204078876,"GT source-group affine fits evaluated at x=y=0; may extrapolate, not physical layer count"
dual_g4_s912201_b0,dual_g4_s912201_b0,/srv/slam-research/grf/map-denoise/runs/multiscan-pilot-v1/exploration-v4-confirm-1_0s40f5/synthetics/identifiable/dual_g4_s912201_b0.json,open3d_icp_then_xyz,confirmation,full,true_bilayer,4.0,0.0,912201,768,8,1.0,True,0.025299614993855357,True,True,0.6242826740551273,0.7741975864208213,1.51390559653272,0.15234375,0.7018229166666666,1.700756131186105,1.0,3.266600277198181,0.6172458370605773,0.7224957954267608,2,self-report; not geometry-derived layer count or success,3.266550682773172,0.01800021848080021,1.561782447274851,1.6698920410060933,3.268710482663081,5.84575794299439,1.0,/srv/slam-research/grf/map-denoise/runs/multiscan-pilot-v1/exploration-v4-confirm-1_0s40f5/outputs/dual_g4_s912201_b0__open3d_icp_then_xyz.npz,fde52a180ebd036cdb311c4e9c784afee8519c4bbe76e12f0007408ad251defe,3.493767181962942,0.5062328180370579,0.8734417954907355,1.8059123137844804,2.1940876862155196,"GT source-group affine fits evaluated at x=y=0; may extrapolate, not physical layer count"
dual_g4_s912201_b0,dual_g4_s912201_b0,/srv/slam-research/grf/map-denoise/runs/multiscan-pilot-v1/exploration-v4-confirm-1_0s40f5/synthetics/identifiable/dual_g4_s912201_b0.json,graph_shared,confirmation,full,true_bilayer,4.0,0.0,912201,768,8,1.0,True,0.16276998799003195,True,True,0.36090525384510785,0.5759115609898733,1.3998017064871977,0.89453125,0.9830729166666666,0.36289593386726476,1.0,0.5919483972951513,0.36545468755389304,0.5639462293753702,,self-report; not geometry-derived layer count or success,0.5918116892605535,0.012721223009929226,0.9820559936412202,1.3141274620835894,1.0561649699436306,2.1203502095013897,0.9700520833333334,/srv/slam-research/grf/map-denoise/runs/multiscan-pilot-v1/exploration-v4-confirm-1_0s40f5/outputs/dual_g4_s912201_b0__graph_shared.npz,8196f45499825ec9876fc50486e5e92535a153235bc0deb9555ec345fefc89ba,3.6285391467686137,0.37146085323138633,0.9071347866921534,2.450169863528207,1.549830136471793,"GT source-group affine fits evaluated at x=y=0; may extrapolate, not physical layer count"
dual_g4_s912201_b0,dual_g4_s912201_b0,/srv/slam-research/grf/map-denoise/runs/multiscan-pilot-v1/exploration-v4-confirm-1_0s40f5/synthetics/identifiable/dual_g4_s912201_b0.json,pool_independent,confirmation,full,true_bilayer,4.0,0.0,912201,768,8,1.0,True,0.18754903199442197,True,True,0.33988456224015295,0.555757810342873,1.3799343292010668,0.9010416666666666,0.9856770833333334,0.3414571931899366,1.0,0.5722899648774035,0.34442570116836596,0.5496693130862506,,self-report; not geometry-derived layer count or success,0.5722698610448803,0.0047968780527528595,0.8553968805055202,1.0610506372519912,1.047378530933628,2.108859610839446,0.9700520833333334,/srv/slam-research/grf/map-denoise/runs/multiscan-pilot-v1/exploration-v4-confirm-1_0s40f5/outputs/dual_g4_s912201_b0__pool_independent.npz,bb014fef3a5074ca2858e2ea61190e949162ca8a6c40b832799bc1f03c02e545,3.6706403329147568,0.3293596670852432,0.9176600832286892,2.681096134809853,1.3189038651901468,"GT source-group affine fits evaluated at x=y=0; may extrapolate, not physical layer count"
dual_g4_s912201_b0,dual_g4_s912201_b0,/srv/slam-research/grf/map-denoise/runs/multiscan-pilot-v1/exploration-v4-confirm-1_0s40f5/synthetics/identifiable/dual_g4_s912201_b0.json,pool_global,confirmation,full,true_bilayer,4.0,0.0,912201,768,8,1.0,True,0.18791948599391617,True,True,0.8679407596681189,1.0390799744468322,1.8619580254639607,0.59765625,0.98046875,0.8708178819770307,1.0,1.0463307389108705,0.8716391234505778,0.886130133085451,,self-report; not geometry-derived layer count or success,1.0461060977420253,0.021680577868697405,2.6937076185994777,2.6975954210301136,1.3814380271204734,2.677133624464292,0.9700520833333334,/srv/slam-research/grf/map-denoise/runs/multiscan-pilot-v1/exploration-v4-confirm-1_0s40f5/outputs/dual_g4_s912201_b0__pool_global.npz,e3180e679db15be896577a4be7836ca07d2836941cb3254251a27cca1e464dc7,2.846358243362204,1.153641756637796,0.711589560840551,0.0087905845386258,3.991209415461374,"GT source-group affine fits evaluated at x=y=0; may extrapolate, not physical layer count"
dual_g4_s912201_b0,dual_g4_s912201_b0,/srv/slam-research/grf/map-denoise/runs/multiscan-pilot-v1/exploration-v4-confirm-1_0s40f5/synthetics/identifiable/dual_g4_s912201_b0.json,pool_compatible,confirmation,full,true_bilayer,4.0,0.0,912201,768,8,1.0,True,0.18692695299978368,True,True,0.28249498181596483,0.5317979608563534,1.3828436796437544,0.9049479166666666,0.984375,0.2855777012195579,1.0,0.5542703897095628,0.288474169962785,0.5312251878290696,,self-report; not geometry-derived layer count or success,0.554215278405771,0.00781601499513506,0.8625488681031919,1.0711776757845484,1.0621261611959683,2.1075072889434847,0.9700520833333334,/srv/slam-research/grf/map-denoise/runs/multiscan-pilot-v1/exploration-v4-confirm-1_0s40f5/outputs/dual_g4_s912201_b0__pool_compatible.npz,eded99a5da83377cd119349d346c57e195ea4f2de3b883ea27247fa1a05d8f7b,3.673316981765069,0.32668301823493096,0.9183292454412673,2.675669009607579,1.3243309903924212,"GT source-group affine fits evaluated at x=y=0; may extrapolate, not physical layer count"
dual_g4_s912201_b0,dual_g4_s912201_b0,/srv/slam-research/grf/map-denoise/runs/multiscan-pilot-v1/exploration-v4-confirm-1_0s40f5/synthetics/identifiable/dual_g4_s912201_b0.json,graph_bias_only,confirmation,full,true_bilayer,4.0,0.0,912201,768,8,1.0,True,0.20007891100249253,True,True,0.3605726879460029,0.576324865203889,1.3998017193640684,0.8958333333333334,0.9830729166666666,0.36271217507132936,1.0,0.5923505620171476,0.3651221214639704,0.5643233525325453,,self-report; not geometry-derived layer count or success,0.59221832751093,0.01251562552122867,0.9827053786037778,1.3141274432273962,1.056329648917898,2.1203502329886565,1.0,/srv/slam-research/grf/map-denoise/runs/multiscan-pilot-v1/exploration-v4-confirm-1_0s40f5/outputs/dual_g4_s912201_b0__graph_bias_only.npz,2be7cda9c92591b134e2a1d764e4aede1918a560179bd332cd268fc5913ebecb,3.628214889504819,0.37178511049518104,0.9070537223762047,2.4494278303390673,1.5505721696609327,"GT source-group affine fits evaluated at x=y=0; may extrapolate, not physical layer count"
dual_g4_s912201_b0,dual_g4_s912201_b0,/srv/slam-research/grf/map-denoise/runs/multiscan-pilot-v1/exploration-v4-confirm-1_0s40f5/synthetics/identifiable/dual_g4_s912201_b0.json,graph_projected_bias_only,confirmation,full,true_bilayer,4.0,0.0,912201,768,8,1.0,True,0.20494627000880428,True,True,0.36056846828317957,0.5763244735469725,1.3996742789788683,0.8958333333333334,0.9830729166666666,0.3627626866090648,1.0,0.5923581801692086,0.3651180420227796,0.5643220898612323,,self-report; not geometry-derived layer count or success,0.5922259760126501,0.012514269824503663,0.982713406461218,1.3141609002008021,1.0563294864244086,2.120389696876552,1.0,/srv/slam-research/grf/map-denoise/runs/multiscan-pilot-v1/exploration-v4-confirm-1_0s40f5/outputs/dual_g4_s912201_b0__graph_projected_bias_only.npz,d2693e88213491fbbb2aef97edc2d520b489c70f3e25033130d22f11fd2eb2d3,3.6282126431123825,0.37178735688761755,0.9070531607780956,2.4494062950401654,1.5505937049598346,"GT source-group affine fits evaluated at x=y=0; may extrapolate, not physical layer count"
dual_g4_s912201_b0,dual_g4_s912201_b0,/srv/slam-research/grf/map-denoise/runs/multiscan-pilot-v1/exploration-v4-confirm-1_0s40f5/synthetics/identifiable/dual_g4_s912201_b0.json,zero_balanced_6,confirmation,full,true_bilayer,4.0,0.0,912201,768,8,1.0,True,0.7320517939951969,True,True,0.3413890473149263,0.5330157311113802,1.276996128349804,0.9075520833333334,0.9947916666666666,0.3379420634437739,1.0,0.542058993712254,0.34377489298469194,0.5224033966537037,,self-report; not geometry-derived layer count or success,0.5419018460255126,0.013051510965518431,0.7840098870122949,0.9843879432424916,0.9879165850335998,1.9238419966127571,1.0,/srv/slam-research/grf/map-denoise/runs/multiscan-pilot-v1/exploration-v4-confirm-1_0s40f5/outputs/dual_g4_s912201_b0__zero_balanced_6.npz,55332ee3da72ffb1ca94241b38aee9927abd1b2fff262a3df052deb2f0ab4f90,3.702218487722764,0.2977815122772358,0.925554621930691,2.7898854112830644,1.2101145887169356,"GT source-group affine fits evaluated at x=y=0; may extrapolate, not physical layer count"
dual_g4_s912201_b0,dual_g4_s912201_b0,/srv/slam-research/grf/map-denoise/runs/multiscan-pilot-v1/exploration-v4-confirm-1_0s40f5/synthetics/identifiable/dual_g4_s912201_b0.json,zero_unbalanced_6,confirmation,full,true_bilayer,4.0,0.0,912201,768,8,1.0,True,0.7208248999959324,True,True,0.34129293233141916,0.5328966554914607,1.2779010183228232,0.9075520833333334,0.9947916666666666,0.3378311808687757,1.0,0.5417531700071364,0.34362768301949437,0.5221462622158781,,self-report; not geometry-derived layer count or success,0.5415939734039799,0.013132600095577403,0.7839161442037647,0.9887916030505327,0.9879535701103912,1.9268400321151877,1.0,/srv/slam-research/grf/map-denoise/runs/multiscan-pilot-v1/exploration-v4-confirm-1_0s40f5/outputs/dual_g4_s912201_b0__zero_unbalanced_6.npz,47299068b93c0cea754dd4223d009c10c0039d97b74e5e9f47d4b5fbe8fe1ec6,3.702688090095829,0.2973119099041708,0.9256720225239573,2.7884693702903203,1.2115306297096797,"GT source-group affine fits evaluated at x=y=0; may extrapolate, not physical layer count"
dual_g4_s912201_b0,dual_g4_s912201_b0,/srv/slam-research/grf/map-denoise/runs/multiscan-pilot-v1/exploration-v4-confirm-1_0s40f5/synthetics/identifiable/dual_g4_s912201_b0.json,warm_balanced_2,confirmation,full,true_bilayer,4.0,0.0,912201,768,8,1.0,True,0.4308388490026118,True,True,0.341357673960464,0.5330469929530492,1.27848003942224,0.9075520833333334,0.9947916666666666,0.3378941901532677,1.0,0.5419940560194121,0.343717628642309,0.5223527900756075,,self-report; not geometry-derived layer count or success,0.5418344691696346,0.01315160750759266,0.7836887989968199,0.9847916447034237,0.9879454657354387,1.9245843760926618,1.0,/srv/slam-research/grf/map-denoise/runs/multiscan-pilot-v1/exploration-v4-confirm-1_0s40f5/outputs/dual_g4_s912201_b0__warm_balanced_2.npz,3d4719f138c43bc47093fcf2304a8660b984caa05505b6988fea6c1ad1638ccc,3.7023631788046583,0.29763682119534174,0.9255907947011646,2.7900540115269576,1.2099459884730424,"GT source-group affine fits evaluated at x=y=0; may extrapolate, not physical layer count"
dual_g4_s912201_b0,dual_g4_s912201_b0,/srv/slam-research/grf/map-denoise/runs/multiscan-pilot-v1/exploration-v4-confirm-1_0s40f5/synthetics/identifiable/dual_g4_s912201_b0.json,warm_unbalanced_2,confirmation,full,true_bilayer,4.0,0.0,912201,768,8,1.0,True,0.4279259989998536,True,True,0.342276976027966,0.5350304121388081,1.2819017988288852,0.9049479166666666,0.9947916666666666,0.33876387010506903,1.0,0.5434821003118936,0.3445112921044522,0.5238327691768028,,self-report; not geometry-derived layer count or success,0.5433338226386408,0.01269450811607901,0.7865930243054926,0.9901197895915698,0.9875576490272714,1.92945888681854,1.0,/srv/slam-research/grf/map-denoise/runs/multiscan-pilot-v1/exploration-v4-confirm-1_0s40f5/outputs/dual_g4_s912201_b0__warm_unbalanced_2.npz,d0a5f8f2095589d8fdf6edabd596c3f1e654cc2d97c7615773e4d7b0450a5849,3.7017890292127396,0.29821097078726044,0.9254472573031849,2.785353145327088,1.2146468546729121,"GT source-group affine fits evaluated at x=y=0; may extrapolate, not physical layer count"
dual_g4_s912201_b4,dual_g4_s912201_b4,/srv/slam-research/grf/map-denoise/runs/multiscan-pilot-v1/exploration-v4-confirm-1_0s40f5/synthetics/identifiable/dual_g4_s912201_b4.json,identity,confirmation,full,true_bilayer,4.0,4.0,912201,768,8,1.0,True,1.6402991604991257e-05,True,True,3.3428699782755316,3.843841196595389,6.8890949877213234,0.08854166666666667,0.2981770833333333,2.577808223515827,1.0,4.113499101319438,3.638539890394218,4.101962894465065,,self-report; not geometry-derived layer count or success,4.113459538437793,0.018041124991878228,0.7852854088003838,1.3943361457248726,0.0,0.0,0.0,/srv/slam-research/grf/map-denoise/runs/multiscan-pilot-v1/exploration-v4-confirm-1_0s40f5/outputs/dual_g4_s912201_b4__identity.npz,5b639da8fe2d28ff9e08af2864a2c86bb9f31d31bbc9ed0bc1f485c579e4eaeb,4.6380343644993,0.6380343644993003,1.159508591124825,3.6940454092478063,0.30595459075219367,"GT source-group affine fits evaluated at x=y=0; may extrapolate, not physical layer count"
dual_g4_s912201_b4,dual_g4_s912201_b4,/srv/slam-research/grf/map-denoise/runs/multiscan-pilot-v1/exploration-v4-confirm-1_0s40f5/synthetics/identifiable/dual_g4_s912201_b4.json,fast,confirmation,full,true_bilayer,4.0,4.0,912201,768,8,1.0,True,0.009143793999101035,True,True,0.9894798480846884,1.2479574511433895,2.4745136882182663,0.5729166666666666,0.90234375,1.012584885126255,1.0,1.4025295676323963,1.071325072776127,1.3695368968553288,2,self-report; not geometry-derived layer count or success,1.4024135288466608,0.018041124991878876,1.7575820680499479,1.8092056219143042,4.809667310790269,8.85639219280426,1.0,/srv/slam-research/grf/map-denoise/runs/multiscan-pilot-v1/exploration-v4-confirm-1_0s40f5/outputs/dual_g4_s912201_b4__fast.npz,5a80308a4081ae80f5923d71c73870a20d29ef06bf12ae44942a17e23bdee472,3.7566529391771377,0.24334706082286228,0.9391632347942844,1.9580421551002247,2.041957844899775,"GT source-group affine fits evaluated at x=y=0; may extrapolate, not physical layer count"
dual_g4_s912201_b4,dual_g4_s912201_b4,/srv/slam-research/grf/map-denoise/runs/multiscan-pilot-v1/exploration-v4-confirm-1_0s40f5/synthetics/identifiable/dual_g4_s912201_b4.json,open3d_icp_then_xyz,confirmation,full,true_bilayer,4.0,4.0,912201,768,8,1.0,True,0.02537573000881821,True,True,0.6562980950168117,0.8056986020940315,1.5077859427159261,0.16927083333333334,0.70703125,1.6928218655792515,1.0,2.9134964840858015,0.653979576942254,0.7989055351536722,2,self-report; not geometry-derived layer count or success,2.91344081871457,0.018009959136663596,1.8040630158147006,1.8248363554113824,4.960623084122196,7.437289776433786,1.0,/srv/slam-research/grf/map-denoise/runs/multiscan-pilot-v1/exploration-v4-confirm-1_0s40f5/outputs/dual_g4_s912201_b4__open3d_icp_then_xyz.npz,22d3de0aa4aff07e5dc179b47ccc5385350e24c9a21ff783c58264b575886a4c,3.8397768852675793,0.16022311473242068,0.9599442213168948,1.9594596253330139,2.0405403746669863,"GT source-group affine fits evaluated at x=y=0; may extrapolate, not physical layer count"
dual_g4_s912201_b4,dual_g4_s912201_b4,/srv/slam-research/grf/map-denoise/runs/multiscan-pilot-v1/exploration-v4-confirm-1_0s40f5/synthetics/identifiable/dual_g4_s912201_b4.json,graph_shared,confirmation,full,true_bilayer,4.0,4.0,912201,768,8,1.0,True,0.17311854498984758,True,True,0.4035343960729361,0.7417642268127076,1.5067659664719868,0.8841145833333334,0.97265625,0.39861965911412117,1.0,0.8695838489030072,0.4345937842685334,0.8516460540507015,,self-report; not geometry-derived layer count or success,0.8690031688702247,0.03177361745970822,0.9771174114014657,1.312357437889436,4.091502175642634,7.176732319556278,0.9700520833333334,/srv/slam-research/grf/map-denoise/runs/multiscan-pilot-v1/exploration-v4-confirm-1_0s40f5/outputs/dual_g4_s912201_b4__graph_shared.npz,c78ac4f37b715be8f3208cd838d60bbb7da2b0e8c32516540591a2e99e91f1bf,3.6589472778746206,0.3410527221253794,0.9147368194686551,2.4882369770239934,1.5117630229760066,"GT source-group affine fits evaluated at x=y=0; may extrapolate, not physical layer count"
dual_g4_s912201_b4,dual_g4_s912201_b4,/srv/slam-research/grf/map-denoise/runs/multiscan-pilot-v1/exploration-v4-confirm-1_0s40f5/synthetics/identifiable/dual_g4_s912201_b4.json,pool_independent,confirmation,full,true_bilayer,4.0,4.0,912201,768,8,1.0,True,0.19613100499555003,True,True,0.3825761456816789,0.7262856223864727,1.5006727445860621,0.8919270833333334,0.9752604166666666,0.3768523338731691,1.0,0.8563688592505715,0.4136258685303699,0.8421350591095551,,self-report; not geometry-derived layer count or success,0.8560350778637779,0.02390750009684468,0.8516008430646366,1.0594056606552433,4.092828522495623,7.185816755493435,0.9700520833333334,/srv/slam-research/grf/map-denoise/runs/multiscan-pilot-v1/exploration-v4-confirm-1_0s40f5/outputs/dual_g4_s912201_b4__pool_independent.npz,0d62b09823e9e181e7c23ed6485f96fb51954d16cc7f2a83e939e74b3df04858,3.7010804986588597,0.2989195013411403,0.9252701246647149,2.7191442358152353,1.2808557641847647,"GT source-group affine fits evaluated at x=y=0; may extrapolate, not physical layer count"
dual_g4_s912201_b4,dual_g4_s912201_b4,/srv/slam-research/grf/map-denoise/runs/multiscan-pilot-v1/exploration-v4-confirm-1_0s40f5/synthetics/identifiable/dual_g4_s912201_b4.json,pool_global,confirmation,full,true_bilayer,4.0,4.0,912201,768,8,1.0,True,0.19538162800017744,True,True,0.9106929324631136,1.1394604574453207,1.9014425700037512,0.5885416666666666,0.9661458333333334,0.9014570063530316,1.0,1.2250299563556772,0.9408955360486241,1.0969374828554967,,self-report; not geometry-derived layer count or success,1.2243508345074199,0.040785144474141784,2.6903915486931447,2.6974270841807426,4.19521225709129,7.5578974951245215,0.9700520833333334,/srv/slam-research/grf/map-denoise/runs/multiscan-pilot-v1/exploration-v4-confirm-1_0s40f5/outputs/dual_g4_s912201_b4__pool_global.npz,96c70b87975c5f3e0b26d290e5ceffe556344df76940692c83d06566da53086f,2.8767209634716564,1.1232790365283436,0.7191802408679141,0.04557463630267389,3.954425363697326,"GT source-group affine fits evaluated at x=y=0; may extrapolate, not physical layer count"
dual_g4_s912201_b4,dual_g4_s912201_b4,/srv/slam-research/grf/map-denoise/runs/multiscan-pilot-v1/exploration-v4-confirm-1_0s40f5/synthetics/identifiable/dual_g4_s912201_b4.json,pool_compatible,confirmation,full,true_bilayer,4.0,4.0,912201,768,8,1.0,True,0.19811078801285475,True,True,0.3252106591196996,0.7081305843593947,1.5380430909172935,0.8958333333333334,0.9739583333333334,0.32344805648175845,1.0,0.8444501481971795,0.3577019615922219,0.8301387540987435,,self-report; not geometry-derived layer count or success,0.8440208126738796,0.026924348897644418,0.8605335635516158,1.0695589284641105,4.095670446017437,7.155979550683317,0.9700520833333334,/srv/slam-research/grf/map-denoise/runs/multiscan-pilot-v1/exploration-v4-confirm-1_0s40f5/outputs/dual_g4_s912201_b4__pool_compatible.npz,9841ab1c18f680b6865d92c185f39cdf8b85eb4df0c6d9db65a143081ab9660f,3.70374400513405,0.29625599486595,0.9259360012835125,2.713679748696288,1.286320251303712,"GT source-group affine fits evaluated at x=y=0; may extrapolate, not physical layer count"
dual_g4_s912201_b4,dual_g4_s912201_b4,/srv/slam-research/grf/map-denoise/runs/multiscan-pilot-v1/exploration-v4-confirm-1_0s40f5/synthetics/identifiable/dual_g4_s912201_b4.json,graph_bias_only,confirmation,full,true_bilayer,4.0,4.0,912201,768,8,1.0,True,0.2160274030029541,True,True,0.36039703039977367,0.576029384196555,1.4009142608146603,0.89453125,0.9830729166666666,0.373442230626394,1.0,0.5944863626387561,0.3649724926021481,0.5641644039906973,,self-report; not geometry-derived layer count or success,0.5943557517159295,0.012460969691443894,0.9819942715902013,1.312356810965172,4.145665840126343,7.176731560213421,1.0,/srv/slam-research/grf/map-denoise/runs/multiscan-pilot-v1/exploration-v4-confirm-1_0s40f5/outputs/dual_g4_s912201_b4__graph_bias_only.npz,befe94c8099035f6f69e107849f57eb0a3963e467d65124e068d34f89451618f,3.6284916403777316,0.37150835962226836,0.9071229100944329,2.4507362281619978,1.5492637718380022,"GT source-group affine fits evaluated at x=y=0; may extrapolate, not physical layer count"
dual_g4_s912201_b4,dual_g4_s912201_b4,/srv/slam-research/grf/map-denoise/runs/multiscan-pilot-v1/exploration-v4-confirm-1_0s40f5/synthetics/identifiable/dual_g4_s912201_b4.json,graph_projected_bias_only,confirmation,full,true_bilayer,4.0,4.0,912201,768,8,1.0,True,0.21398164400306996,True,True,0.3668667630950287,0.583655686506466,1.4061410176958045,0.8880208333333334,0.9830729166666666,0.4064172605051426,1.0,0.6094913288145106,0.3711580608364678,0.5706304875366198,,self-report; not geometry-derived layer count or success,0.6093303204013149,0.014008588069782646,0.9913859641725334,1.3283065605128437,4.142287900936027,7.176849540834402,1.0,/srv/slam-research/grf/map-denoise/runs/multiscan-pilot-v1/exploration-v4-confirm-1_0s40f5/outputs/dual_g4_s912201_b4__graph_projected_bias_only.npz,dd78a5d36a68e51f78c9f3162669d5370ab173fab3e007b073d4dfe1a09620d0,3.6267687448006702,0.37323125519932976,0.9066921862001676,2.436163593525996,1.563836406474004,"GT source-group affine fits evaluated at x=y=0; may extrapolate, not physical layer count"
dual_g4_s912201_b4,dual_g4_s912201_b4,/srv/slam-research/grf/map-denoise/runs/multiscan-pilot-v1/exploration-v4-confirm-1_0s40f5/synthetics/identifiable/dual_g4_s912201_b4.json,zero_balanced_6,confirmation,full,true_bilayer,4.0,4.0,912201,768,8,1.0,True,0.691614416995435,True,True,0.3662494189694658,0.5725498053043561,1.3684762256349456,0.9010416666666666,0.9830729166666666,0.40393270756225236,1.0,0.6095688421981232,0.37369755525020937,0.5790163965388405,,self-report; not geometry-derived layer count or success,0.6092963234210772,0.01822535717944921,1.010000887125965,1.3807009310183527,4.0898119588236375,7.149398050366846,1.0,/srv/slam-research/grf/map-denoise/runs/multiscan-pilot-v1/exploration-v4-confirm-1_0s40f5/outputs/dual_g4_s912201_b4__zero_balanced_6.npz,151ae54e66fa5ac78d8ffa86df1706ca767a8bdb69d3051d664d7f6c42acdd51,3.6803941502313178,0.3196058497686822,0.9200985375578294,2.461756648676909,1.538243351323091,"GT source-group affine fits evaluated at x=y=0; may extrapolate, not physical layer count"
dual_g4_s912201_b4,dual_g4_s912201_b4,/srv/slam-research/grf/map-denoise/runs/multiscan-pilot-v1/exploration-v4-confirm-1_0s40f5/synthetics/identifiable/dual_g4_s912201_b4.json,zero_unbalanced_6,confirmation,full,true_bilayer,4.0,4.0,912201,768,8,1.0,True,0.6778995719942031,True,True,0.34581321607746385,0.5365833195763984,1.239554168299507,0.9270833333333334,0.984375,0.37723155084598675,1.0,0.5862491407807674,0.35637154566954915,0.5647406026245166,,self-report; not geometry-derived layer count or success,0.5860324891549129,0.0159366471092565,0.8862472372103719,1.2103218917365803,4.037980560897353,6.949038944808869,1.0,/srv/slam-research/grf/map-denoise/runs/multiscan-pilot-v1/exploration-v4-confirm-1_0s40f5/outputs/dual_g4_s912201_b4__zero_unbalanced_6.npz,319aecb330e5f8ee2805c42259a049479f773dee7dc4329821baaf09f3b8ebf3,3.7648580532302236,0.2351419467697764,0.9412145133075559,2.71919448613126,1.28080551386874,"GT source-group affine fits evaluated at x=y=0; may extrapolate, not physical layer count"
dual_g4_s912201_b4,dual_g4_s912201_b4,/srv/slam-research/grf/map-denoise/runs/multiscan-pilot-v1/exploration-v4-confirm-1_0s40f5/synthetics/identifiable/dual_g4_s912201_b4.json,warm_balanced_2,confirmation,full,true_bilayer,4.0,4.0,912201,768,8,1.0,True,0.43730062499525957,True,True,0.36502868627551477,0.5714111617104849,1.371268480154295,0.90234375,0.9830729166666666,0.4030112148547282,1.0,0.6084524432706606,0.3724495430017245,0.5771994474095513,,self-report; not geometry-derived layer count or success,0.6081981577736042,0.017589104662562045,1.00738273668213,1.3727159644448992,4.091551105395021,7.15074072688278,1.0,/srv/slam-research/grf/map-denoise/runs/multiscan-pilot-v1/exploration-v4-confirm-1_0s40f5/outputs/dual_g4_s912201_b4__warm_balanced_2.npz,0e71e86388016b0599498bf199d13a08c1b85ff2991034619c7ebe616ccb8d17,3.6758258123914187,0.3241741876085813,0.9189564530978547,2.4621688879441472,1.5378311120558528,"GT source-group affine fits evaluated at x=y=0; may extrapolate, not physical layer count"
dual_g4_s912201_b4,dual_g4_s912201_b4,/srv/slam-research/grf/map-denoise/runs/multiscan-pilot-v1/exploration-v4-confirm-1_0s40f5/synthetics/identifiable/dual_g4_s912201_b4.json,warm_unbalanced_2,confirmation,full,true_bilayer,4.0,4.0,912201,768,8,1.0,True,0.4285290050029289,True,True,0.36721410770456364,0.5733736959673741,1.3666659388804188,0.8997395833333334,0.9830729166666666,0.4046763945580983,1.0,0.6100550128809286,0.37458051104051765,0.579932259160752,,self-report; not geometry-derived layer count or success,0.6097930249164417,0.017876954561835696,1.0128535197401425,1.3899084551940915,4.088479397521353,7.1471137080883995,1.0,/srv/slam-research/grf/map-denoise/runs/multiscan-pilot-v1/exploration-v4-confirm-1_0s40f5/outputs/dual_g4_s912201_b4__warm_unbalanced_2.npz,9cb7f025088cd506061566474880d718499c6c1cc8c50fde44c797e6412634c3,3.68329093682096,0.31670906317904013,0.92082273420524,2.458883337396857,1.5411166626031432,"GT source-group affine fits evaluated at x=y=0; may extrapolate, not physical layer count"
dual_g8_s912201_b0,dual_g8_s912201_b0,/srv/slam-research/grf/map-denoise/runs/multiscan-pilot-v1/exploration-v4-confirm-1_0s40f5/synthetics/identifiable/dual_g8_s912201_b0.json,identity,confirmation,full,true_bilayer,8.0,0.0,912201,768,8,1.0,True,1.6659003449603915e-05,True,True,0.8001121426976866,0.9955734461166718,1.9873120317404118,0.7057291666666666,0.97265625,0.7513573432323127,1.0,0.9955734461166719,0.8001121426976868,0.995049420215649,,self-report; not geometry-derived layer count or success,0.9954099680140104,0.01804112499187892,0.12937428580215424,0.3090761201836742,0.0,0.0,0.0,/srv/slam-research/grf/map-denoise/runs/multiscan-pilot-v1/exploration-v4-confirm-1_0s40f5/outputs/dual_g8_s912201_b0__identity.npz,8207e2b89196d55561d19bf103ac79587fad55db93ab4393d1b7f597f86e0ddf,7.9430595510951205,0.05694044890487948,0.9928824438868901,7.805395061531028,0.19460493846897187,"GT source-group affine fits evaluated at x=y=0; may extrapolate, not physical layer count"
dual_g8_s912201_b0,dual_g8_s912201_b0,/srv/slam-research/grf/map-denoise/runs/multiscan-pilot-v1/exploration-v4-confirm-1_0s40f5/synthetics/identifiable/dual_g8_s912201_b0.json,fast,confirmation,full,true_bilayer,8.0,0.0,912201,768,8,1.0,True,0.009331956011010334,True,True,1.11746371489165,1.3948898936088276,2.723807226468888,0.5364583333333334,0.8932291666666666,1.0545325069790266,1.0,1.4060603341446667,1.1194383616034385,1.348912449311856,2,self-report; not geometry-derived layer count or success,1.405944586768639,0.018041124991878734,1.855556567678094,3.448764157768909,1.367180020031567,2.4934667768720944,1.0,/srv/slam-research/grf/map-denoise/runs/multiscan-pilot-v1/exploration-v4-confirm-1_0s40f5/outputs/dual_g8_s912201_b0__fast.npz,0b0e538b08057c2bee8291d4978be943da34a4dffd7668b23d19fad7c9be2da2,7.200106218781839,0.7998937812181612,0.9000132773477298,4.621580417095403,3.3784195829045967,"GT source-group affine fits evaluated at x=y=0; may extrapolate, not physical layer count"
dual_g8_s912201_b0,dual_g8_s912201_b0,/srv/slam-research/grf/map-denoise/runs/multiscan-pilot-v1/exploration-v4-confirm-1_0s40f5/synthetics/identifiable/dual_g8_s912201_b0.json,open3d_icp_then_xyz,confirmation,full,true_bilayer,8.0,0.0,912201,768,8,1.0,True,0.01701406699430663,True,True,0.9523565508271807,1.1481586252289608,2.116853150870775,0.16276041666666666,0.7513020833333334,1.6020668579071338,1.0,2.0079369368722397,0.951050602729158,1.0931266556374903,2,self-report; not geometry-derived layer count or success,2.00785588985943,0.018040732043610255,2.020764364962574,3.7939066184618397,2.018878827135866,3.2424806763424514,1.0,/srv/slam-research/grf/map-denoise/runs/multiscan-pilot-v1/exploration-v4-confirm-1_0s40f5/outputs/dual_g8_s912201_b0__open3d_icp_then_xyz.npz,7de4f41618df9b10b08d9042e49e519987d6e449ae5d5070239a228b78e70b41,7.268914261552809,0.7310857384471907,0.9086142826941012,4.443899726379432,3.556100273620568,"GT source-group affine fits evaluated at x=y=0; may extrapolate, not physical layer count"
dual_g8_s912201_b0,dual_g8_s912201_b0,/srv/slam-research/grf/map-denoise/runs/multiscan-pilot-v1/exploration-v4-confirm-1_0s40f5/synthetics/identifiable/dual_g8_s912201_b0.json,graph_shared,confirmation,full,true_bilayer,8.0,0.0,912201,768,8,1.0,True,0.14635172300040722,True,True,0.4522224385791418,0.743265080665154,1.8089113455411598,0.8463541666666666,0.9791666666666666,0.43822412286320994,1.0,0.7432803824581175,0.4522224385791418,0.7275713856549558,,self-report; not geometry-derived layer count or success,0.7418975096257739,0.04531900438182659,0.6885220101045738,1.4455211265639893,1.0697329427313134,2.135808838178065,0.9856770833333334,/srv/slam-research/grf/map-denoise/runs/multiscan-pilot-v1/exploration-v4-confirm-1_0s40f5/outputs/dual_g8_s912201_b0__graph_shared.npz,12e8696d415ab6b1aabb47bbd0aa5aed96a2dccc13560f1daf0578d4a45c60f9,7.69177153161219,0.30822846838781004,0.9614714414515237,6.665093095843033,1.3349069041569672,"GT source-group affine fits evaluated at x=y=0; may extrapolate, not physical layer count"
dual_g8_s912201_b0,dual_g8_s912201_b0,/srv/slam-research/grf/map-denoise/runs/multiscan-pilot-v1/exploration-v4-confirm-1_0s40f5/synthetics/identifiable/dual_g8_s912201_b0.json,pool_independent,confirmation,full,true_bilayer,8.0,0.0,912201,768,8,1.0,True,0.1707041229965398,True,True,0.2590707303463036,0.4783849804108037,0.9066624381537487,0.96484375,0.9934895833333334,0.24595939764263022,1.0,0.4784034230404164,0.2590707303463036,0.4749550813044949,,self-report; not geometry-derived layer count or success,0.47763500515480495,0.027104188376653137,0.18716335994165642,0.5007032686100208,0.9488810533535811,1.859235474569432,0.9856770833333334,/srv/slam-research/grf/map-denoise/runs/multiscan-pilot-v1/exploration-v4-confirm-1_0s40f5/outputs/dual_g8_s912201_b0__pool_independent.npz,ea35f6744f9a8c9df7c524c26d41333653361151c60b238d2a6758d3d707ad2a,7.892978498403844,0.1070215015961562,0.9866223123004805,7.578424792155968,0.4215752078440316,"GT source-group affine fits evaluated at x=y=0; may extrapolate, not physical layer count"
dual_g8_s912201_b0,dual_g8_s912201_b0,/srv/slam-research/grf/map-denoise/runs/multiscan-pilot-v1/exploration-v4-confirm-1_0s40f5/synthetics/identifiable/dual_g8_s912201_b0.json,pool_global,confirmation,full,true_bilayer,8.0,0.0,912201,768,8,1.0,True,0.16924391900829505,True,True,1.8764114270681755,2.198117930198329,3.7296208762218974,0.2838541666666667,0.5325520833333334,1.8690312185201357,1.0,2.204148326242836,1.8797156620494917,1.7719701489419284,,self-report; not geometry-derived layer count or success,2.203761062382954,0.04131614701116817,5.153485142869611,5.1874896956542935,2.406833963009689,4.267402037864816,0.9856770833333334,/srv/slam-research/grf/map-denoise/runs/multiscan-pilot-v1/exploration-v4-confirm-1_0s40f5/outputs/dual_g8_s912201_b0__pool_global.npz,fe778a5b1a1bacc217e2754912d612e142fd3ead63999825608d288e5ac55040,5.215201992326806,2.784798007673194,0.6519002490408508,0.055185557331892454,7.9448144426681075,"GT source-group affine fits evaluated at x=y=0; may extrapolate, not physical layer count"
dual_g8_s912201_b0,dual_g8_s912201_b0,/srv/slam-research/grf/map-denoise/runs/multiscan-pilot-v1/exploration-v4-confirm-1_0s40f5/synthetics/identifiable/dual_g8_s912201_b0.json,pool_compatible,confirmation,full,true_bilayer,8.0,0.0,912201,768,8,1.0,True,0.17421080599888228,True,True,0.2039584977686996,0.44505510177007285,0.8778696959267452,0.9635416666666666,0.9947916666666666,0.19147094354615848,1.0,0.4450753524868171,0.20395849776869965,0.4414154337241197,,self-report; not geometry-derived layer count or success,0.4441360553445246,0.02890041062458877,0.18370033506673325,0.4887775230681395,0.9590459835758783,1.904800880460246,0.9856770833333334,/srv/slam-research/grf/map-denoise/runs/multiscan-pilot-v1/exploration-v4-confirm-1_0s40f5/outputs/dual_g8_s912201_b0__pool_compatible.npz,c39a69a99c3ebee2400447c5ce4cba7ad19a952425f5a3063999a32c85578b3e,7.896062274106308,0.10393772589369199,0.9870077842632885,7.585956746641182,0.41404325335881786,"GT source-group affine fits evaluated at x=y=0; may extrapolate, not physical layer count"
dual_g8_s912201_b0,dual_g8_s912201_b0,/srv/slam-research/grf/map-denoise/runs/multiscan-pilot-v1/exploration-v4-confirm-1_0s40f5/synthetics/identifiable/dual_g8_s912201_b0.json,graph_bias_only,confirmation,full,true_bilayer,8.0,0.0,912201,768,8,1.0,True,0.18275058499420993,True,True,0.45236018294505814,0.7436669268615764,1.8089082110748225,0.8489583333333334,0.9791666666666666,0.43805917124606814,1.0,0.7436822256862632,0.45236018294505814,0.7279478089192009,,self-report; not geometry-derived layer count or success,0.742326559804036,0.04488353162551888,0.6892629655989909,1.4455217747302875,1.0699182874206175,2.1358113513928156,1.0,/srv/slam-research/grf/map-denoise/runs/multiscan-pilot-v1/exploration-v4-confirm-1_0s40f5/outputs/dual_g8_s912201_b0__graph_bias_only.npz,6b063c34666de3ed85df3deec206c7554f52bccc3dd44c72c93f7469d4d1f403,7.691120652497673,0.3088793475023266,0.9613900815622092,6.664062359997741,1.3359376400022587,"GT source-group affine fits evaluated at x=y=0; may extrapolate, not physical layer count"
dual_g8_s912201_b0,dual_g8_s912201_b0,/srv/slam-research/grf/map-denoise/runs/multiscan-pilot-v1/exploration-v4-confirm-1_0s40f5/synthetics/identifiable/dual_g8_s912201_b0.json,graph_projected_bias_only,confirmation,full,true_bilayer,8.0,0.0,912201,768,8,1.0,True,0.18725994900160003,True,True,0.453687222623476,0.7501577827874856,1.8174040398834335,0.8502604166666666,0.9791666666666666,0.43766745871994406,1.0,0.7502284646896208,0.4536872226234759,0.7344443631522403,,self-report; not geometry-derived layer count or success,0.7490350349999537,0.04229971126572618,0.6947027998729038,1.4422249085335448,1.071264728318159,2.13509137163177,1.0,/srv/slam-research/grf/map-denoise/runs/multiscan-pilot-v1/exploration-v4-confirm-1_0s40f5/outputs/dual_g8_s912201_b0__graph_projected_bias_only.npz,35c62b763f542c937c1e22b86baf1237e600c4dc91a1b1268d14d912ae7488be,7.688057326179719,0.3119426738202806,0.9610071657724649,6.660293616183146,1.3397063838168544,"GT source-group affine fits evaluated at x=y=0; may extrapolate, not physical layer count"
dual_g8_s912201_b0,dual_g8_s912201_b0,/srv/slam-research/grf/map-denoise/runs/multiscan-pilot-v1/exploration-v4-confirm-1_0s40f5/synthetics/identifiable/dual_g8_s912201_b0.json,zero_balanced_6,confirmation,full,true_bilayer,8.0,0.0,912201,768,8,1.0,True,0.7497699210071005,True,True,0.4120121940718158,0.707479785794983,1.7444222338108635,0.8619791666666666,0.9791666666666666,0.39597140897830513,1.0,0.7075307123963624,0.4120121940718158,0.6954826319786283,,self-report; not geometry-derived layer count or success,0.7066808165412292,0.03466889840657873,0.5826442757193495,1.2738237547967437,1.038568707462092,2.1039598365237393,1.0,/srv/slam-research/grf/map-denoise/runs/multiscan-pilot-v1/exploration-v4-confirm-1_0s40f5/outputs/dual_g8_s912201_b0__zero_balanced_6.npz,f69fda82756ecab9fbbf8bfa6ce6451f6fc2c977d43717a8152e12a568840e6b,7.734272112143756,0.2657278878562437,0.9667840140179695,6.841845173005791,1.1581548269942088,"GT source-group affine fits evaluated at x=y=0; may extrapolate, not physical layer count"
dual_g8_s912201_b0,dual_g8_s912201_b0,/srv/slam-research/grf/map-denoise/runs/multiscan-pilot-v1/exploration-v4-confirm-1_0s40f5/synthetics/identifiable/dual_g8_s912201_b0.json,zero_unbalanced_6,confirmation,full,true_bilayer,8.0,0.0,912201,768,8,1.0,True,0.7463614479929674,True,True,0.44798074499122187,0.7424702384258285,1.7676958618625034,0.8528645833333334,0.9791666666666666,0.43151847532176074,1.0,0.7425273098392056,0.4479807449912219,0.7289563880328088,,self-report; not geometry-derived layer count or success,0.7411308404769611,0.04551794317586139,0.6605756522701577,1.4254357537137425,1.0556423470444347,2.0991274264808832,1.0,/srv/slam-research/grf/map-denoise/runs/multiscan-pilot-v1/exploration-v4-confirm-1_0s40f5/outputs/dual_g8_s912201_b0__zero_unbalanced_6.npz,edaefecb32b83a59649edf06e5d4e2969c6d76d4b111bf373485a91adb816e5c,7.716320112257543,0.28367988774245667,0.9645400140321929,6.7119805029048685,1.2880194970951315,"GT source-group affine fits evaluated at x=y=0; may extrapolate, not physical layer count"
dual_g8_s912201_b0,dual_g8_s912201_b0,/srv/slam-research/grf/map-denoise/runs/multiscan-pilot-v1/exploration-v4-confirm-1_0s40f5/synthetics/identifiable/dual_g8_s912201_b0.json,warm_balanced_2,confirmation,full,true_bilayer,8.0,0.0,912201,768,8,1.0,True,0.4256033310084604,True,True,0.4111950132781366,0.7069520133197621,1.7454899235419044,0.86328125,0.98046875,0.39513633068263704,1.0,0.7070023078705955,0.41119501327813673,0.6948792787228834,,self-report; not geometry-derived layer count or success,0.7061785961896454,0.03411822999468207,0.5812052806329485,1.270843206304487,1.0383016658701696,2.103564296651622,1.0,/srv/slam-research/grf/map-denoise/runs/multiscan-pilot-v1/exploration-v4-confirm-1_0s40f5/outputs/dual_g8_s912201_b0__warm_balanced_2.npz,f799e6f651b7982ccdacf8318ec31298d8ef44b27c24480154482d3945685dbd,7.733167100957617,0.2668328990423827,0.9666458876197022,6.842904314019003,1.1570956859809973,"GT source-group affine fits evaluated at x=y=0; may extrapolate, not physical layer count"
dual_g8_s912201_b0,dual_g8_s912201_b0,/srv/slam-research/grf/map-denoise/runs/multiscan-pilot-v1/exploration-v4-confirm-1_0s40f5/synthetics/identifiable/dual_g8_s912201_b0.json,warm_unbalanced_2,confirmation,full,true_bilayer,8.0,0.0,912201,768,8,1.0,True,0.4253051750129089,True,True,0.4527959517737927,0.7510676156336833,1.783112085885625,0.8541666666666666,0.9765625,0.4367095998623349,1.0,0.7511218443951219,0.4527959517737928,0.7376245908885146,,self-report; not geometry-derived layer count or success,0.7494996229540527,0.04933903443788217,0.6561507223843694,1.4261186542163908,1.0600279249628115,2.102695319480975,1.0,/srv/slam-research/grf/map-denoise/runs/multiscan-pilot-v1/exploration-v4-confirm-1_0s40f5/outputs/dual_g8_s912201_b0__warm_unbalanced_2.npz,df9d68e54770ce506b4314c510a9989109dc87c22e75db0c08ca661603ec80d8,7.718194108260014,0.28180589173998616,0.9647742635325017,6.715894785095523,1.2841052149044767,"GT source-group affine fits evaluated at x=y=0; may extrapolate, not physical layer count"
dual_g8_s912201_b4,dual_g8_s912201_b4,/srv/slam-research/grf/map-denoise/runs/multiscan-pilot-v1/exploration-v4-confirm-1_0s40f5/synthetics/identifiable/dual_g8_s912201_b4.json,identity,confirmation,full,true_bilayer,8.0,4.0,912201,768,8,1.0,True,1.8681006622500718e-05,True,True,3.349420292592329,3.8075655995682327,6.812912135249549,0.08203125,0.2877604166666667,2.609329817158987,1.0,4.113499101319438,3.638539890394218,4.113157664039629,,self-report; not geometry-derived layer count or success,4.113459538437793,0.018041124991878526,0.8464393524694529,0.8761899027111992,0.0,0.0,0.0,/srv/slam-research/grf/map-denoise/runs/multiscan-pilot-v1/exploration-v4-confirm-1_0s40f5/outputs/dual_g8_s912201_b4__identity.npz,b298cdbf5eefd88b2842ae4feccb54610b6a3099a4d261bc77e3903a018e1f89,8.105922101361042,0.10592210136104185,1.0132402626701302,7.793100128332717,0.2068998716672832,"GT source-group affine fits evaluated at x=y=0; may extrapolate, not physical layer count"
dual_g8_s912201_b4,dual_g8_s912201_b4,/srv/slam-research/grf/map-denoise/runs/multiscan-pilot-v1/exploration-v4-confirm-1_0s40f5/synthetics/identifiable/dual_g8_s912201_b4.json,fast,confirmation,full,true_bilayer,8.0,4.0,912201,768,8,1.0,True,0.009321592006017454,True,True,1.1061603410583165,1.3685684302684833,2.707459174205805,0.4856770833333333,0.8776041666666666,1.157711678178518,1.0,1.4319588338952438,1.1076500747075544,1.3187723927365091,2,self-report; not geometry-derived layer count or success,1.431845180101415,0.018041124991878352,1.8033181259105895,3.390986500664508,4.36400780131905,7.410716050318643,1.0,/srv/slam-research/grf/map-denoise/runs/multiscan-pilot-v1/exploration-v4-confirm-1_0s40f5/outputs/dual_g8_s912201_b4__fast.npz,06214f340ffcb203fcfd8b276101b9f4a553345884523e0bb319a379fcef2918,7.189246636253062,0.8107533637469384,0.8986558295316327,4.658585350106284,3.341414649893716,"GT source-group affine fits evaluated at x=y=0; may extrapolate, not physical layer count"
dual_g8_s912201_b4,dual_g8_s912201_b4,/srv/slam-research/grf/map-denoise/runs/multiscan-pilot-v1/exploration-v4-confirm-1_0s40f5/synthetics/identifiable/dual_g8_s912201_b4.json,open3d_icp_then_xyz,confirmation,full,true_bilayer,8.0,4.0,912201,768,8,1.0,True,0.018726331007201225,True,True,0.951932436403677,1.1533384056156475,2.121498981500818,0.15494791666666666,0.78125,1.5976034928789733,1.0,1.9907983425808753,0.951088570299925,1.0963213048426386,2,self-report; not geometry-derived layer count or success,1.9907165987119988,0.01804063289609345,1.9554827502133423,3.3131664170303465,4.48799673052981,7.634673519968955,1.0,/srv/slam-research/grf/map-denoise/runs/multiscan-pilot-v1/exploration-v4-confirm-1_0s40f5/outputs/dual_g8_s912201_b4__open3d_icp_then_xyz.npz,68100c7c622219065afd5069bc19378a71e7ccefae91ffef7dada84a9de90628,7.2503859365581445,0.7496140634418555,0.9062982420697681,4.70136357896482,3.29863642103518,"GT source-group affine fits evaluated at x=y=0; may extrapolate, not physical layer count"
dual_g8_s912201_b4,dual_g8_s912201_b4,/srv/slam-research/grf/map-denoise/runs/multiscan-pilot-v1/exploration-v4-confirm-1_0s40f5/synthetics/identifiable/dual_g8_s912201_b4.json,graph_shared,confirmation,full,true_bilayer,8.0,4.0,912201,768,8,1.0,True,0.16746673799934797,True,True,0.4811401937263559,0.8191799663913393,1.8850328248454185,0.8294270833333334,0.9674479166666666,0.46239092283584093,1.0,0.9534467330126841,0.5069221052483343,0.9400114137335477,,self-report; not geometry-derived layer count or success,0.9524323741887271,0.043968685331553535,0.7207985315914822,1.4966849849678099,4.08170130585724,7.142648201031482,0.9830729166666666,/srv/slam-research/grf/map-denoise/runs/multiscan-pilot-v1/exploration-v4-confirm-1_0s40f5/outputs/dual_g8_s912201_b4__graph_shared.npz,6263900375bffd4e0b1d4b377bf84b577f3e07f911533adab8bf458e87f9f5e1,7.676428016653591,0.323571983346409,0.9595535020816989,6.6063557163227955,1.3936442836772045,"GT source-group affine fits evaluated at x=y=0; may extrapolate, not physical layer count"
dual_g8_s912201_b4,dual_g8_s912201_b4,/srv/slam-research/grf/map-denoise/runs/multiscan-pilot-v1/exploration-v4-confirm-1_0s40f5/synthetics/identifiable/dual_g8_s912201_b4.json,pool_independent,confirmation,full,true_bilayer,8.0,4.0,912201,768,8,1.0,True,0.18833835600526072,True,True,0.27608367083395363,0.5677850351127371,0.919139897754611,0.9622395833333334,0.9895833333333334,0.2540681106337576,1.0,0.7485828144184894,0.30186558235593197,0.7460641138929779,,self-report; not geometry-derived layer count or success,0.7482358402557278,0.022789414198518796,0.19487260074318005,0.4963544088016617,4.057808669040443,7.143835396744557,0.9830729166666666,/srv/slam-research/grf/map-denoise/runs/multiscan-pilot-v1/exploration-v4-confirm-1_0s40f5/outputs/dual_g8_s912201_b4__pool_independent.npz,1859cfede3028c668efc127653ebb6e5dbfcca050e967f64272dcc17eed864a3,7.885094473229545,0.11490552677045507,0.9856368091536931,7.566056022759708,0.43394397724029243,"GT source-group affine fits evaluated at x=y=0; may extrapolate, not physical layer count"
dual_g8_s912201_b4,dual_g8_s912201_b4,/srv/slam-research/grf/map-denoise/runs/multiscan-pilot-v1/exploration-v4-confirm-1_0s40f5/synthetics/identifiable/dual_g8_s912201_b4.json,pool_global,confirmation,full,true_bilayer,8.0,4.0,912201,768,8,1.0,True,0.1982851210050285,True,True,1.8928662322388927,2.2185966164720137,3.76248079045442,0.27734375,0.52734375,1.888348389199848,1.0,2.2773924923076154,1.9219283561510856,1.8619651827519943,,self-report; not geometry-derived layer count or success,2.2770004804431068,0.042253710854226224,5.162950953595596,5.186108804013649,4.6853786475519215,8.730143086934817,0.9830729166666666,/srv/slam-research/grf/map-denoise/runs/multiscan-pilot-v1/exploration-v4-confirm-1_0s40f5/outputs/dual_g8_s912201_b4__pool_global.npz,9c2c8bf4c097523e07f63dcf880f6ef9193e1287ea98c595d741e8ba9b9e6f70,5.214540551780501,2.785459448219499,0.6518175689725626,0.051609658885040766,7.948390341114959,"GT source-group affine fits evaluated at x=y=0; may extrapolate, not physical layer count"
dual_g8_s912201_b4,dual_g8_s912201_b4,/srv/slam-research/grf/map-denoise/runs/multiscan-pilot-v1/exploration-v4-confirm-1_0s40f5/synthetics/identifiable/dual_g8_s912201_b4.json,pool_compatible,confirmation,full,true_bilayer,8.0,4.0,912201,768,8,1.0,True,0.18862945098953787,True,True,0.22519758530971254,0.5441365519813883,0.8938940246182808,0.9596354166666666,0.9895833333333334,0.20502385022801203,1.0,0.7308090989587348,0.2509794968316909,0.7282481106518301,,self-report; not geometry-derived layer count or success,0.7304273860785614,0.023617213792446436,0.1906434077242659,0.49050192571261836,4.063890041425405,7.1197418349863755,0.9830729166666666,/srv/slam-research/grf/map-denoise/runs/multiscan-pilot-v1/exploration-v4-confirm-1_0s40f5/outputs/dual_g8_s912201_b4__pool_compatible.npz,743ec2970983db04243d93235ae772abc187aa7d35c716e7086b57cbf1e903af,7.886425661513942,0.11357433848605769,0.9858032076892428,7.569430233865738,0.430569766134262,"GT source-group affine fits evaluated at x=y=0; may extrapolate, not physical layer count"
dual_g8_s912201_b4,dual_g8_s912201_b4,/srv/slam-research/grf/map-denoise/runs/multiscan-pilot-v1/exploration-v4-confirm-1_0s40f5/synthetics/identifiable/dual_g8_s912201_b4.json,graph_bias_only,confirmation,full,true_bilayer,8.0,4.0,912201,768,8,1.0,True,0.19564368399733212,True,True,0.4512900546973582,0.742145975203382,1.8057992964234373,0.84765625,0.98046875,0.43854041292073936,1.0,0.7423728195814235,0.4512900546973582,0.7262448871532765,,self-report; not geometry-derived layer count or success,0.7410981336266943,0.04348516515207323,0.6884397188073752,1.4425318360088524,4.115967832495965,7.14128807029479,1.0,/srv/slam-research/grf/map-denoise/runs/multiscan-pilot-v1/exploration-v4-confirm-1_0s40f5/outputs/dual_g8_s912201_b4__graph_bias_only.npz,be0ca777920eef28f78965b20b759801b31edfe3c226e55ac31f23fe496e656c,7.688643391991938,0.31135660800806164,0.9610804239989923,6.663249741884448,1.3367502581155524,"GT source-group affine fits evaluated at x=y=0; may extrapolate, not physical layer count"
dual_g8_s912201_b4,dual_g8_s912201_b4,/srv/slam-research/grf/map-denoise/runs/multiscan-pilot-v1/exploration-v4-confirm-1_0s40f5/synthetics/identifiable/dual_g8_s912201_b4.json,graph_projected_bias_only,confirmation,full,true_bilayer,8.0,4.0,912201,768,8,1.0,True,0.2017770480015315,True,True,0.49980327677498,0.8217821618789926,1.9203830001905913,0.81640625,0.9635416666666666,0.5815886300311516,1.0,0.8566350460270696,0.4997667288922698,0.8061101950612748,,self-report; not geometry-derived layer count or success,0.8557080890441946,0.03984053747293609,0.7266278223936983,1.499734031251245,4.1115048996628945,7.130187538371869,1.0,/srv/slam-research/grf/map-denoise/runs/multiscan-pilot-v1/exploration-v4-confirm-1_0s40f5/outputs/dual_g8_s912201_b4__graph_projected_bias_only.npz,e4de10a480e8db6cb74e244a192db3bd3d60e1b1917c456001b2637f3b86a172,7.671415230994944,0.3285847690050563,0.958926903874368,6.602272568370778,1.3977274316292219,"GT source-group affine fits evaluated at x=y=0; may extrapolate, not physical layer count"
dual_g8_s912201_b4,dual_g8_s912201_b4,/srv/slam-research/grf/map-denoise/runs/multiscan-pilot-v1/exploration-v4-confirm-1_0s40f5/synthetics/identifiable/dual_g8_s912201_b4.json,zero_balanced_6,confirmation,full,true_bilayer,8.0,4.0,912201,768,8,1.0,True,0.7892746690049535,True,True,0.474707458611334,0.7843238063247622,1.8769002979214673,0.8385416666666666,0.9700520833333334,0.5468932179466292,1.0,0.8170863717749904,0.47468506120773774,0.7722170742168201,,self-report; not geometry-derived layer count or success,0.8160696911226186,0.04074798364890812,0.683986772958978,1.4792424566792148,4.062329372253155,7.107740782068501,1.0,/srv/slam-research/grf/map-denoise/runs/multiscan-pilot-v1/exploration-v4-confirm-1_0s40f5/outputs/dual_g8_s912201_b4__zero_balanced_6.npz,a903c0b27e5539dea38459007fa812fc30dbfcbcf804d16404bec5c720b833fb,7.721531962610194,0.2784680373898061,0.9651914953262742,6.680764862389977,1.3192351376100229,"GT source-group affine fits evaluated at x=y=0; may extrapolate, not physical layer count"
dual_g8_s912201_b4,dual_g8_s912201_b4,/srv/slam-research/grf/map-denoise/runs/multiscan-pilot-v1/exploration-v4-confirm-1_0s40f5/synthetics/identifiable/dual_g8_s912201_b4.json,zero_unbalanced_6,confirmation,full,true_bilayer,8.0,4.0,912201,768,8,1.0,True,0.797495061007794,True,True,0.4866444354318195,0.8070946465058374,1.907738396140171,0.8372395833333334,0.9661458333333334,0.5513155626629893,1.0,0.8361234434995017,0.48662774588624774,0.7959010635807982,,self-report; not geometry-derived layer count or success,0.8351284306078957,0.040778881297278115,0.6907259860649098,1.5010339862657944,4.037656842892237,7.044610902702136,1.0,/srv/slam-research/grf/map-denoise/runs/multiscan-pilot-v1/exploration-v4-confirm-1_0s40f5/outputs/dual_g8_s912201_b4__zero_unbalanced_6.npz,92c673687373545341920dde566c29c2c1a461abc4283a78e875bfd8b9dd47c6,7.7289334673066925,0.2710665326933075,0.9661166834133366,6.674746827733678,1.325253172266322,"GT source-group affine fits evaluated at x=y=0; may extrapolate, not physical layer count"
dual_g8_s912201_b4,dual_g8_s912201_b4,/srv/slam-research/grf/map-denoise/runs/multiscan-pilot-v1/exploration-v4-confirm-1_0s40f5/synthetics/identifiable/dual_g8_s912201_b4.json,warm_balanced_2,confirmation,full,true_bilayer,8.0,4.0,912201,768,8,1.0,True,0.44715577899478376,True,True,0.4711861037811114,0.7781539025831813,1.8809656830089574,0.83984375,0.9713541666666666,0.5455378975833055,1.0,0.8116144879471028,0.47116256394232847,0.7658404459502068,,self-report; not geometry-derived layer count or success,0.8105909012840761,0.040748838033826416,0.6829810802486936,1.4725688195481546,4.067871288395284,7.112729620726164,1.0,/srv/slam-research/grf/map-denoise/runs/multiscan-pilot-v1/exploration-v4-confirm-1_0s40f5/outputs/dual_g8_s912201_b4__warm_balanced_2.npz,c846d47d03dad2e9ec03f60f0f8f39d3013af28cd869cb9d848e61eff2ba6636,7.720184012616478,0.27981598738352176,0.9650230015770598,6.683308417010144,1.316691582989856,"GT source-group affine fits evaluated at x=y=0; may extrapolate, not physical layer count"
dual_g8_s912201_b4,dual_g8_s912201_b4,/srv/slam-research/grf/map-denoise/runs/multiscan-pilot-v1/exploration-v4-confirm-1_0s40f5/synthetics/identifiable/dual_g8_s912201_b4.json,warm_unbalanced_2,confirmation,full,true_bilayer,8.0,4.0,912201,768,8,1.0,True,0.44713057699846104,True,True,0.49255168702688196,0.8157980908753949,1.907770062399802,0.8333333333333334,0.9661458333333334,0.5611015640552197,1.0,0.8471163449374048,0.49252937456996065,0.8031035852278668,,self-report; not geometry-derived layer count or success,0.8461489171798694,0.04047359405146741,0.7067429333317178,1.5320320915902694,4.0607052382812325,7.109148625864431,1.0,/srv/slam-research/grf/map-denoise/runs/multiscan-pilot-v1/exploration-v4-confirm-1_0s40f5/outputs/dual_g8_s912201_b4__warm_unbalanced_2.npz,1915691d934653d631954aaf6bb98a884388a57f2f42f8128cc4a23573571820,7.707842124353668,0.2921578756463319,0.9634802655442085,6.631086175668628,1.368913824331372,"GT source-group affine fits evaluated at x=y=0; may extrapolate, not physical layer count"
ghost_s912211_b0,ghost_s912211_b0,/srv/slam-research/grf/map-denoise/runs/multiscan-pilot-v1/exploration-v4-confirm-1_0s40f5/synthetics/identifiable/ghost_s912211_b0.json,identity,confirmation,full,ghost_monolayer,0.0,0.0,912211,768,8,1.0,True,1.780499587766826e-05,True,True,0.7675972699597544,0.9788726608984483,1.846914518621224,0.7239583333333334,0.9752604166666666,0.7200202761159673,1.0,0.9788726608984482,0.7675972699597544,0.9787973627889218,,self-report; not geometry-derived layer count or success,0.9787973627889218,0.012141204712061536,0.06861791554907792,0.06861791554907792,0.0,0.0,0.0,/srv/slam-research/grf/map-denoise/runs/multiscan-pilot-v1/exploration-v4-confirm-1_0s40f5/outputs/ghost_s912211_b0__identity.npz,21c090643f642c259f0c9a55f9441aff91166d4a4f441815befc3ada7e7ae780,,,,,,
ghost_s912211_b0,ghost_s912211_b0,/srv/slam-research/grf/map-denoise/runs/multiscan-pilot-v1/exploration-v4-confirm-1_0s40f5/synthetics/identifiable/ghost_s912211_b0.json,fast,confirmation,full,ghost_monolayer,0.0,0.0,912211,768,8,1.0,True,0.008881625006324612,True,True,0.03460926470467407,0.04156862038849552,0.0770639693514294,1.0,1.0,0.03466334801173277,1.0,0.04158514888558665,0.03460926470467407,0.03975602280337735,1,self-report; not geometry-derived layer count or success,0.039773304564446534,0.012141204712061525,0.06868245701273963,0.06868245701273963,0.977990342723403,1.8501801641391833,1.0,/srv/slam-research/grf/map-denoise/runs/multiscan-pilot-v1/exploration-v4-confirm-1_0s40f5/outputs/ghost_s912211_b0__fast.npz,1f07119e2958c4b4cfe06302357ad535eb014801f70a2d6f53d61bc4c462a518,,,,,,
ghost_s912211_b0,ghost_s912211_b0,/srv/slam-research/grf/map-denoise/runs/multiscan-pilot-v1/exploration-v4-confirm-1_0s40f5/synthetics/identifiable/ghost_s912211_b0.json,open3d_icp_then_xyz,confirmation,full,ghost_monolayer,0.0,0.0,912211,768,8,1.0,True,0.025300833993242122,True,True,0.05976842936227372,0.3158113385578242,0.07955830139626728,0.4348958333333333,0.7838541666666666,1.331775048167046,1.0,3.180601342961223,0.03505324194919565,0.040145730193400696,1,self-report; not geometry-derived layer count or success,3.180578169766446,0.012141204712061494,0.06868245701273962,0.06868245701273962,3.3273034497567937,7.548822951987212,1.0,/srv/slam-research/grf/map-denoise/runs/multiscan-pilot-v1/exploration-v4-confirm-1_0s40f5/outputs/ghost_s912211_b0__open3d_icp_then_xyz.npz,d6fcae76d9752794b3c1d7cff6753814a3278ed55ef83c6249669e58dae2cf48,,,,,,
ghost_s912211_b0,ghost_s912211_b0,/srv/slam-research/grf/map-denoise/runs/multiscan-pilot-v1/exploration-v4-confirm-1_0s40f5/synthetics/identifiable/ghost_s912211_b0.json,graph_shared,confirmation,full,ghost_monolayer,0.0,0.0,912211,768,8,1.0,True,0.09929452100186609,True,True,0.1389915853584032,0.1865673480885147,0.37706645874061895,1.0,1.0,0.13904034532676524,1.0,0.18657649364505133,0.1389915853584032,0.1862469382472294,,self-report; not geometry-derived layer count or success,0.1862560995219643,0.010929472619756528,0.06899727559396028,0.06899727559396028,0.9604158267170619,1.8331642508551937,1.0,/srv/slam-research/grf/map-denoise/runs/multiscan-pilot-v1/exploration-v4-confirm-1_0s40f5/outputs/ghost_s912211_b0__graph_shared.npz,3608f7215cf4e57a4d593835ff875e8ca7aa3bde69259a5e6e6bc7df21ade1fd,,,,,,
ghost_s912211_b0,ghost_s912211_b0,/srv/slam-research/grf/map-denoise/runs/multiscan-pilot-v1/exploration-v4-confirm-1_0s40f5/synthetics/identifiable/ghost_s912211_b0.json,pool_independent,confirmation,full,ghost_monolayer,0.0,0.0,912211,768,8,1.0,True,0.12159433700435329,True,True,0.14141671516936685,0.1898517365702404,0.38275351131531543,1.0,1.0,0.14146279063733289,1.0,0.18986072424635303,0.14141671516936685,0.18953692092998106,,self-report; not geometry-derived layer count or success,0.18954592351932245,0.010928745973663704,0.06941995037009907,0.06941995037009907,0.9604333474852988,1.8309734063701555,1.0,/srv/slam-research/grf/map-denoise/runs/multiscan-pilot-v1/exploration-v4-confirm-1_0s40f5/outputs/ghost_s912211_b0__pool_independent.npz,a94dfc29d9814f50a102bf5591b6971a8f528821f66aa6e9f4fd4ff5ce9c520d,,,,,,
ghost_s912211_b0,ghost_s912211_b0,/srv/slam-research/grf/map-denoise/runs/multiscan-pilot-v1/exploration-v4-confirm-1_0s40f5/synthetics/identifiable/ghost_s912211_b0.json,pool_global,confirmation,full,ghost_monolayer,0.0,0.0,912211,768,8,1.0,True,0.12155132400221191,True,True,0.0338856984431074,0.040870179282911444,0.07645955246802857,1.0,1.0,0.03400906491064756,1.0,0.04091344841524033,0.0338856984431074,0.039379262059905336,,self-report; not geometry-derived layer count or success,0.039424167481863455,0.010938248469865349,0.06944419387081632,0.06944419387081632,0.9779989265373654,1.848746988279921,1.0,/srv/slam-research/grf/map-denoise/runs/multiscan-pilot-v1/exploration-v4-confirm-1_0s40f5/outputs/ghost_s912211_b0__pool_global.npz,7b3f70b86917f6d254e5754dc6065ebac6e219173c734dd7b51c3726baf09edb,,,,,,
ghost_s912211_b0,ghost_s912211_b0,/srv/slam-research/grf/map-denoise/runs/multiscan-pilot-v1/exploration-v4-confirm-1_0s40f5/synthetics/identifiable/ghost_s912211_b0.json,pool_compatible,confirmation,full,ghost_monolayer,0.0,0.0,912211,768,8,1.0,True,0.1258664249908179,True,True,0.03388569844310741,0.040870179282911465,0.07645955246802857,1.0,1.0,0.034009064910647584,1.0,0.040913448415240354,0.03388569844310741,0.039379262059905364,,self-report; not geometry-derived layer count or success,0.03942416748186348,0.010938248469865354,0.06944419387081636,0.06944419387081636,0.9779989265373654,1.848746988279921,1.0,/srv/slam-research/grf/map-denoise/runs/multiscan-pilot-v1/exploration-v4-confirm-1_0s40f5/outputs/ghost_s912211_b0__pool_compatible.npz,017f8b4c1a5d9396f697b227b3695f850938cc58ea50fcab78dcde4febf5865c,,,,,,
ghost_s912211_b0,ghost_s912211_b0,/srv/slam-research/grf/map-denoise/runs/multiscan-pilot-v1/exploration-v4-confirm-1_0s40f5/synthetics/identifiable/ghost_s912211_b0.json,graph_bias_only,confirmation,full,ghost_monolayer,0.0,0.0,912211,768,8,1.0,True,0.1331955450004898,True,True,0.13899158537994816,0.18656734811387649,0.37706645880807593,1.0,1.0,0.1390403453483611,1.0,0.18657649367041187,0.13899158537994816,0.1862469382726394,,self-report; not geometry-derived layer count or success,0.18625609954737307,0.010929472619678042,0.06899727558624888,0.06899727558624888,0.9604158267168097,1.8331642509258221,1.0,/srv/slam-research/grf/map-denoise/runs/multiscan-pilot-v1/exploration-v4-confirm-1_0s40f5/outputs/ghost_s912211_b0__graph_bias_only.npz,2de8df655348954bd8ca5d4b1f9cb325f385cca091450c166c4e23b0094a9758,,,,,,
ghost_s912211_b0,ghost_s912211_b0,/srv/slam-research/grf/map-denoise/runs/multiscan-pilot-v1/exploration-v4-confirm-1_0s40f5/synthetics/identifiable/ghost_s912211_b0.json,graph_projected_bias_only,confirmation,full,ghost_monolayer,0.0,0.0,912211,768,8,1.0,True,0.13775599899236113,True,True,0.13899244378307327,0.18656776543995757,0.37706593599891547,1.0,1.0,0.13903983736262238,1.0,0.1865768788904895,0.13899244378307327,0.18624735655829489,,self-report; not geometry-derived layer count or success,0.18625648567171468,0.010929468502114865,0.06899725145666988,0.06899725145666988,0.9604156760650311,1.8331659262792261,1.0,/srv/slam-research/grf/map-denoise/runs/multiscan-pilot-v1/exploration-v4-confirm-1_0s40f5/outputs/ghost_s912211_b0__graph_projected_bias_only.npz,a0ca89e38deb0a67ef77a8111cbc2624d82dec1c102c1654e9d571b61b1952a1,,,,,,
ghost_s912211_b0,ghost_s912211_b0,/srv/slam-research/grf/map-denoise/runs/multiscan-pilot-v1/exploration-v4-confirm-1_0s40f5/synthetics/identifiable/ghost_s912211_b0.json,zero_balanced_6,confirmation,full,ghost_monolayer,0.0,0.0,912211,768,8,1.0,True,0.6962891870061867,True,True,0.13968975005265424,0.18743083508681482,0.37709414915893513,1.0,1.0,0.1397306532748633,1.0,0.1874399447643794,0.13968975005265424,0.1871113102395653,,self-report; not geometry-derived layer count or success,0.18712043545844503,0.010939631031963772,0.07071373254558337,0.07071373254558337,0.9604381553163126,1.8270668347235899,1.0,/srv/slam-research/grf/map-denoise/runs/multiscan-pilot-v1/exploration-v4-confirm-1_0s40f5/outputs/ghost_s912211_b0__zero_balanced_6.npz,98c9475210c8b75c42345ffa9b120698130842c574cd029e29a1d9fd17e9f18f,,,,,,
ghost_s912211_b0,ghost_s912211_b0,/srv/slam-research/grf/map-denoise/runs/multiscan-pilot-v1/exploration-v4-confirm-1_0s40f5/synthetics/identifiable/ghost_s912211_b0.json,zero_unbalanced_6,confirmation,full,ghost_monolayer,0.0,0.0,912211,768,8,1.0,True,0.6752039979910478,True,True,0.1387952010186034,0.18653061123905726,0.3749310901817049,1.0,1.0,0.13883671160819203,1.0,0.18653975080368346,0.1387952010186034,0.18621226635721372,,self-report; not geometry-derived layer count or success,0.18622142153042198,0.01089315349608276,0.07035987439616084,0.07035987439616084,0.9604372954133309,1.829830862415057,1.0,/srv/slam-research/grf/map-denoise/runs/multiscan-pilot-v1/exploration-v4-confirm-1_0s40f5/outputs/ghost_s912211_b0__zero_unbalanced_6.npz,a704fbe8268cf5f9c3d5a21e19e15c8464b787198d8eb2af7e706cc5739a3405,,,,,,
ghost_s912211_b0,ghost_s912211_b0,/srv/slam-research/grf/map-denoise/runs/multiscan-pilot-v1/exploration-v4-confirm-1_0s40f5/synthetics/identifiable/ghost_s912211_b0.json,warm_balanced_2,confirmation,full,ghost_monolayer,0.0,0.0,912211,768,8,1.0,True,0.3508760999975493,True,True,0.1396585634659346,0.18739307177392953,0.3768005833395152,1.0,1.0,0.13969974112592606,1.0,0.18740218079467802,0.1396585634659346,0.1870735089993187,,self-report; not geometry-derived layer count or success,0.18708263356523672,0.010939176609624622,0.07064353609553957,0.07064353609553957,0.9604367894552058,1.8271708733341185,1.0,/srv/slam-research/grf/map-denoise/runs/multiscan-pilot-v1/exploration-v4-confirm-1_0s40f5/outputs/ghost_s912211_b0__warm_balanced_2.npz,0df5a3ec8bef94be12289ad939910d4c11e505b9c70c689c0c371611d8e71b06,,,,,,
ghost_s912211_b0,ghost_s912211_b0,/srv/slam-research/grf/map-denoise/runs/multiscan-pilot-v1/exploration-v4-confirm-1_0s40f5/synthetics/identifiable/ghost_s912211_b0.json,warm_unbalanced_2,confirmation,full,ghost_monolayer,0.0,0.0,912211,768,8,1.0,True,0.3499897979927482,True,True,0.13881002687790367,0.1865261663272141,0.3752300544315353,1.0,1.0,0.13885222087207624,1.0,0.1865353016867723,0.13881002687790367,0.1862075573970338,,self-report; not geometry-derived layer count or success,0.18621670837144244,0.010897536358292742,0.07014696902714547,0.07014696902714547,0.9604336385212809,1.8303607078333417,1.0,/srv/slam-research/grf/map-denoise/runs/multiscan-pilot-v1/exploration-v4-confirm-1_0s40f5/outputs/ghost_s912211_b0__warm_unbalanced_2.npz,a5267cac94e9940788a754b27f0f80136f57a1c8164754e6652869c7c2a2651f,,,,,,
ghost_s912211_b4,ghost_s912211_b4,/srv/slam-research/grf/map-denoise/runs/multiscan-pilot-v1/exploration-v4-confirm-1_0s40f5/synthetics/identifiable/ghost_s912211_b4.json,identity,confirmation,full,ghost_monolayer,0.0,4.0,912211,768,8,1.0,True,1.8234990420751274e-05,True,True,3.3831855671303983,4.086631452742465,6.966680838572877,0.22526041666666666,0.4908854166666667,2.2245612137439292,1.0,4.086631452742465,3.3831855671303983,4.086613417206494,,self-report; not geometry-derived layer count or success,4.086613417206494,0.012141204712062,0.36405517956349814,0.36405517956349814,0.0,0.0,0.0,/srv/slam-research/grf/map-denoise/runs/multiscan-pilot-v1/exploration-v4-confirm-1_0s40f5/outputs/ghost_s912211_b4__identity.npz,676fcc9f52ac3f5272f47097284ce9c62c268d71f109371967fcc08fa61c3d6e,,,,,,
ghost_s912211_b4,ghost_s912211_b4,/srv/slam-research/grf/map-denoise/runs/multiscan-pilot-v1/exploration-v4-confirm-1_0s40f5/synthetics/identifiable/ghost_s912211_b4.json,fast,confirmation,full,ghost_monolayer,0.0,4.0,912211,768,8,1.0,True,0.00909434599452652,True,True,0.1550495896357247,0.1907017115090541,0.35619659779545354,1.0,1.0,0.1595715993167981,1.0,0.1925340902525699,0.1550495896357247,0.19031482843074077,1,self-report; not geometry-derived layer count or success,0.19215089658267154,0.012141204712062202,0.37193332614909563,0.37193332614909563,4.082265513279166,7.0248538925204285,1.0,/srv/slam-research/grf/map-denoise/runs/multiscan-pilot-v1/exploration-v4-confirm-1_0s40f5/outputs/ghost_s912211_b4__fast.npz,e6d1c3742441ccbd7d949bfd4327bc5564bf131a4b52919acac24fe2eaa7803f,,,,,,
ghost_s912211_b4,ghost_s912211_b4,/srv/slam-research/grf/map-denoise/runs/multiscan-pilot-v1/exploration-v4-confirm-1_0s40f5/synthetics/identifiable/ghost_s912211_b4.json,open3d_icp_then_xyz,confirmation,full,ghost_monolayer,0.0,4.0,912211,768,8,1.0,True,0.024868307998985983,True,True,0.18200928309728806,0.3699423901836339,0.372238145768418,0.421875,0.7903645833333334,1.352577973724066,1.0,3.208689148276066,0.15816281902618126,0.19341465823725254,1,self-report; not geometry-derived layer count or success,3.208666177933243,0.012141204712060634,0.3719333261490955,0.3719333261490955,5.189973835717971,9.008643617328353,1.0,/srv/slam-research/grf/map-denoise/runs/multiscan-pilot-v1/exploration-v4-confirm-1_0s40f5/outputs/ghost_s912211_b4__open3d_icp_then_xyz.npz,22509c39963f92cede26462e3693ae20ad75c6aff5b5d3f4d482b220b1160fdf,,,,,,
ghost_s912211_b4,ghost_s912211_b4,/srv/slam-research/grf/map-denoise/runs/multiscan-pilot-v1/exploration-v4-confirm-1_0s40f5/synthetics/identifiable/ghost_s912211_b4.json,graph_shared,confirmation,full,ghost_monolayer,0.0,4.0,912211,768,8,1.0,True,0.14595619800093118,True,True,0.13898409548720114,0.18656564245449864,0.37691016541514544,1.0,1.0,0.13959577913545237,1.0,0.1867304056114117,0.13898409548720114,0.18624524234809717,,self-report; not geometry-derived layer count or success,0.18641028868388604,0.010929256726447765,0.06899938456652259,0.06899938456652259,4.077301696761458,7.01371468870092,1.0,/srv/slam-research/grf/map-denoise/runs/multiscan-pilot-v1/exploration-v4-confirm-1_0s40f5/outputs/ghost_s912211_b4__graph_shared.npz,a59e77a3475f3a468979480bc808bc4892cd70253c54045552800268b0026be3,,,,,,
ghost_s912211_b4,ghost_s912211_b4,/srv/slam-research/grf/map-denoise/runs/multiscan-pilot-v1/exploration-v4-confirm-1_0s40f5/synthetics/identifiable/ghost_s912211_b4.json,pool_independent,confirmation,full,ghost_monolayer,0.0,4.0,912211,768,8,1.0,True,0.16761080799915362,True,True,0.1414085701946596,0.18984997093041975,0.3830511887079915,1.0,1.0,0.14200695757252782,1.0,0.19001188347994785,0.1414085701946596,0.18953516475792392,,self-report; not geometry-derived layer count or success,0.1896973459901026,0.010928530912642757,0.06942136481580742,0.06942136481580742,4.077267422916791,7.008545149921293,1.0,/srv/slam-research/grf/map-denoise/runs/multiscan-pilot-v1/exploration-v4-confirm-1_0s40f5/outputs/ghost_s912211_b4__pool_independent.npz,1a29b551bf71b8f53563aa204b2a8c649ad35a9666d3642c904c8a9f2db02f69,,,,,,
ghost_s912211_b4,ghost_s912211_b4,/srv/slam-research/grf/map-denoise/runs/multiscan-pilot-v1/exploration-v4-confirm-1_0s40f5/synthetics/identifiable/ghost_s912211_b4.json,pool_global,confirmation,full,ghost_monolayer,0.0,4.0,912211,768,8,1.0,True,0.16779726299864706,True,True,0.0338862141357652,0.040870811135253954,0.07646563848454496,1.0,1.0,0.03538606667072704,1.0,0.04161927881937159,0.0338862141357652,0.039379982888351914,,self-report; not geometry-derived layer count or success,0.04015624750299648,0.010938014258661474,0.06944571561579513,0.06944571561579513,4.085107740485629,6.975329141973682,1.0,/srv/slam-research/grf/map-denoise/runs/multiscan-pilot-v1/exploration-v4-confirm-1_0s40f5/outputs/ghost_s912211_b4__pool_global.npz,2f598632baba29064e20f167872dfef71e85c1550cab3cea8dce8d9dfd85acdd,,,,,,
ghost_s912211_b4,ghost_s912211_b4,/srv/slam-research/grf/map-denoise/runs/multiscan-pilot-v1/exploration-v4-confirm-1_0s40f5/synthetics/identifiable/ghost_s912211_b4.json,pool_compatible,confirmation,full,ghost_monolayer,0.0,4.0,912211,768,8,1.0,True,0.17382007699052338,True,True,0.0338862141357652,0.040870811135253954,0.07646563848454498,1.0,1.0,0.03538606667072704,1.0,0.04161927881937159,0.0338862141357652,0.039379982888351914,,self-report; not geometry-derived layer count or success,0.04015624750299648,0.010938014258661474,0.06944571561579513,0.06944571561579513,4.085107740485629,6.975329141973682,1.0,/srv/slam-research/grf/map-denoise/runs/multiscan-pilot-v1/exploration-v4-confirm-1_0s40f5/outputs/ghost_s912211_b4__pool_compatible.npz,4126252668e662b94940ee63de9b94bf6a26ddafd7b2c58219d9b48e697f8a56,,,,,,
ghost_s912211_b4,ghost_s912211_b4,/srv/slam-research/grf/map-denoise/runs/multiscan-pilot-v1/exploration-v4-confirm-1_0s40f5/synthetics/identifiable/ghost_s912211_b4.json,graph_bias_only,confirmation,full,ghost_monolayer,0.0,4.0,912211,768,8,1.0,True,0.17981038099969737,True,True,0.1389840625676733,0.1865656036802493,0.37691006227977664,1.0,1.0,0.13959574637760075,1.0,0.18673036687132152,0.1389840625676733,0.1862452035001124,,self-report; not geometry-derived layer count or success,0.18641024987024327,0.01092925684627258,0.0689993963595963,0.0689993963595963,4.07730169609739,7.01371462268001,1.0,/srv/slam-research/grf/map-denoise/runs/multiscan-pilot-v1/exploration-v4-confirm-1_0s40f5/outputs/ghost_s912211_b4__graph_bias_only.npz,02de37f5abc847cc67c5d123d5813b5ca4174996c81a0e56c21774329fb5d253,,,,,,
ghost_s912211_b4,ghost_s912211_b4,/srv/slam-research/grf/map-denoise/runs/multiscan-pilot-v1/exploration-v4-confirm-1_0s40f5/synthetics/identifiable/ghost_s912211_b4.json,graph_projected_bias_only,confirmation,full,ghost_monolayer,0.0,4.0,912211,768,8,1.0,True,0.1870415809971746,True,True,0.13863933786412183,0.18683309869760897,0.3771573346032355,1.0,1.0,0.13911398096841984,1.0,0.1869376026686743,0.13863933786412183,0.18651578783905223,,self-report; not geometry-derived layer count or success,0.18662046948268562,0.010884285074048056,0.0688016341879215,0.0688016341879215,4.077281720826567,7.009424095738791,1.0,/srv/slam-research/grf/map-denoise/runs/multiscan-pilot-v1/exploration-v4-confirm-1_0s40f5/outputs/ghost_s912211_b4__graph_projected_bias_only.npz,49ccb9d12f634960c634eaaf50cb38bc37357611a7c572be20544507aefc32a3,,,,,,
ghost_s912211_b4,ghost_s912211_b4,/srv/slam-research/grf/map-denoise/runs/multiscan-pilot-v1/exploration-v4-confirm-1_0s40f5/synthetics/identifiable/ghost_s912211_b4.json,zero_balanced_6,confirmation,full,ghost_monolayer,0.0,4.0,912211,768,8,1.0,True,0.7137276570138056,True,True,0.14262398235203835,0.19546771290184037,0.39100668106443026,1.0,1.0,0.14302665748913546,1.0,0.1955510230533045,0.14262398235203835,0.19520027355200056,,self-report; not geometry-derived layer count or success,0.19528369776112844,0.01022154616162649,0.0831302038881989,0.0831302038881989,4.071392524114276,6.9980797318335055,1.0,/srv/slam-research/grf/map-denoise/runs/multiscan-pilot-v1/exploration-v4-confirm-1_0s40f5/outputs/ghost_s912211_b4__zero_balanced_6.npz,7afa168c4472261e6673bddd3c8c84222c14741f601b4835005ee7d88962ad30,,,,,,
ghost_s912211_b4,ghost_s912211_b4,/srv/slam-research/grf/map-denoise/runs/multiscan-pilot-v1/exploration-v4-confirm-1_0s40f5/synthetics/identifiable/ghost_s912211_b4.json,zero_unbalanced_6,confirmation,full,ghost_monolayer,0.0,4.0,912211,768,8,1.0,True,0.7074434170062887,True,True,0.14978812986724063,0.2484637105667801,0.4100490549969831,0.9986979166666666,1.0,0.14704092092540166,1.0,0.2485232913926341,0.14978812986724063,0.24800104564024114,,self-report; not geometry-derived layer count or success,0.2480607375241942,0.015155753481135268,0.10396576673770817,0.10396576673770817,4.058081196065218,6.9848190546420375,1.0,/srv/slam-research/grf/map-denoise/runs/multiscan-pilot-v1/exploration-v4-confirm-1_0s40f5/outputs/ghost_s912211_b4__zero_unbalanced_6.npz,d605c791bfb00caca3532c1de5e573a5a1b66f4323c6c1b234f21c7967884d33,,,,,,
ghost_s912211_b4,ghost_s912211_b4,/srv/slam-research/grf/map-denoise/runs/multiscan-pilot-v1/exploration-v4-confirm-1_0s40f5/synthetics/identifiable/ghost_s912211_b4.json,warm_balanced_2,confirmation,full,ghost_monolayer,0.0,4.0,912211,768,8,1.0,True,0.4111518849967979,True,True,0.14221467541456256,0.19468715877268591,0.39015403633673856,1.0,1.0,0.14262560631343954,1.0,0.19477199919050686,0.14221467541456256,0.19441660695658403,,self-report; not geometry-derived layer count or success,0.19450156535387336,0.010260250657743887,0.08206281411032251,0.08206281411032251,4.071830644302962,6.996874812902335,1.0,/srv/slam-research/grf/map-denoise/runs/multiscan-pilot-v1/exploration-v4-confirm-1_0s40f5/outputs/ghost_s912211_b4__warm_balanced_2.npz,abc90660dee9e1bc1bd7bf6c730286ba893321941c4aaefd355a70cc70c36019,,,,,,
ghost_s912211_b4,ghost_s912211_b4,/srv/slam-research/grf/map-denoise/runs/multiscan-pilot-v1/exploration-v4-confirm-1_0s40f5/synthetics/identifiable/ghost_s912211_b4.json,warm_unbalanced_2,confirmation,full,ghost_monolayer,0.0,4.0,912211,768,8,1.0,True,0.4062789750023512,True,True,0.14217004112368845,0.19543987712128477,0.392110338746356,1.0,1.0,0.14256741243847643,1.0,0.19552200049848542,0.14217004112368845,0.1951782098822885,,self-report; not geometry-derived layer count or success,0.19526044327343187,0.010109993649484842,0.08363139737527953,0.08363139737527953,4.070873372662444,6.999361225839224,1.0,/srv/slam-research/grf/map-denoise/runs/multiscan-pilot-v1/exploration-v4-confirm-1_0s40f5/outputs/ghost_s912211_b4__warm_unbalanced_2.npz,3ed609d451a3cb63a0f4e6743122bf782589de456f3a792b6dc18a119abe2f97,,,,,,
dual_g2_s912211_b0,dual_g2_s912211_b0,/srv/slam-research/grf/map-denoise/runs/multiscan-pilot-v1/exploration-v4-confirm-1_0s40f5/synthetics/identifiable/dual_g2_s912211_b0.json,identity,confirmation,full,true_bilayer,2.0,0.0,912211,768,8,1.0,True,1.8463993910700083e-05,True,True,0.7326779111389686,0.9380341273478189,1.8029754314522097,0.7278645833333334,0.9713541666666666,0.7200598713710605,1.0,0.9788726608984484,0.7675972699597544,0.9787973562772785,,self-report; not geometry-derived layer count or success,0.9787973627889218,0.012141204712061567,0.15433214788357955,0.298140801830208,0.0,0.0,0.0,/srv/slam-research/grf/map-denoise/runs/multiscan-pilot-v1/exploration-v4-confirm-1_0s40f5/outputs/dual_g2_s912211_b0__identity.npz,49d37c0c00da2338ea55ed2e73570eabdbce1d1e6f7490c81d8d1db6ce6ad6b0,2.0002316919029424,0.00023169190294236586,1.0001158459514712,2.0476588350121854,0.047658835012185374,"GT source-group affine fits evaluated at x=y=0; may extrapolate, not physical layer count"
dual_g2_s912211_b0,dual_g2_s912211_b0,/srv/slam-research/grf/map-denoise/runs/multiscan-pilot-v1/exploration-v4-confirm-1_0s40f5/synthetics/identifiable/dual_g2_s912211_b0.json,fast,confirmation,full,true_bilayer,2.0,0.0,912211,768,8,1.0,True,0.01032527799543459,True,True,0.41873687564559603,0.4978520401433982,0.8889423504777505,0.9674479166666666,1.0,0.42553663445137485,1.0,0.5087540085818308,0.4238817273046924,0.4375232483364379,1,self-report; not geometry-derived layer count or success,0.5086091155260799,0.01214120471206156,1.3661281563477334,1.366128156347736,1.097212005731379,2.1744465095890475,1.0,/srv/slam-research/grf/map-denoise/runs/multiscan-pilot-v1/exploration-v4-confirm-1_0s40f5/outputs/dual_g2_s912211_b0__fast.npz,469e3bd81739c26ee2964b7a4bc20d52c44e5288a6d4bc2439b257b5b88335c4,1.47051809723972,0.52948190276028,0.73525904861986,-4.440892098500626e-16,2.0000000000000004,"GT source-group affine fits evaluated at x=y=0; may extrapolate, not physical layer count"
dual_g2_s912211_b0,dual_g2_s912211_b0,/srv/slam-research/grf/map-denoise/runs/multiscan-pilot-v1/exploration-v4-confirm-1_0s40f5/synthetics/identifiable/dual_g2_s912211_b0.json,open3d_icp_then_xyz,confirmation,full,true_bilayer,2.0,0.0,912211,768,8,1.0,True,0.025471555010881275,True,True,0.3765818708069247,0.45473863154537736,0.8416852259980045,0.35546875,0.78125,1.4446220944916035,1.0,2.7624418374268487,0.37741814114932143,0.41321495702999583,2,self-report; not geometry-derived layer count or success,2.762414583651945,0.012270826919082668,1.174144713453074,1.1783955137092472,2.8749044659621386,5.477402597101899,1.0,/srv/slam-research/grf/map-denoise/runs/multiscan-pilot-v1/exploration-v4-confirm-1_0s40f5/outputs/dual_g2_s912211_b0__open3d_icp_then_xyz.npz,22351366666291a361fb12146e40afdc70409cb08b1b3edfd6923344b369d674,1.5873268920636565,0.4126731079363435,0.7936634460318283,0.33992008213543023,1.6600799178645698,"GT source-group affine fits evaluated at x=y=0; may extrapolate, not physical layer count"
dual_g2_s912211_b0,dual_g2_s912211_b0,/srv/slam-research/grf/map-denoise/runs/multiscan-pilot-v1/exploration-v4-confirm-1_0s40f5/synthetics/identifiable/dual_g2_s912211_b0.json,graph_shared,confirmation,full,true_bilayer,2.0,0.0,912211,768,8,1.0,True,0.09906506900733802,True,True,0.20957563532964338,0.3053229873476333,0.761242855890209,0.98046875,1.0,0.21245901995676397,1.0,0.31518484050523327,0.21209445210106567,0.3036436920133957,,self-report; not geometry-derived layer count or success,0.3149659641720474,0.011744151628870549,0.5059561530761009,0.6471922752148589,1.0074469723435673,1.9993486882364369,1.0,/srv/slam-research/grf/map-denoise/runs/multiscan-pilot-v1/exploration-v4-confirm-1_0s40f5/outputs/dual_g2_s912211_b0__graph_shared.npz,bf1b6764cbc03b9ef3932b0fc41def74bdc8d955a4e44e9b1a5c6daf1c33cffa,1.8298956062027307,0.17010439379726927,0.9149478031013654,1.2453136512345926,0.7546863487654074,"GT source-group affine fits evaluated at x=y=0; may extrapolate, not physical layer count"
dual_g2_s912211_b0,dual_g2_s912211_b0,/srv/slam-research/grf/map-denoise/runs/multiscan-pilot-v1/exploration-v4-confirm-1_0s40f5/synthetics/identifiable/dual_g2_s912211_b0.json,pool_independent,confirmation,full,true_bilayer,2.0,0.0,912211,768,8,1.0,True,0.12006389599991962,True,True,0.21105133935315645,0.3059772869754485,0.764252877112438,0.9791666666666666,1.0,0.21423795562221284,1.0,0.31663706001266556,0.21383004423822172,0.3055261772443723,,self-report; not geometry-derived layer count or success,0.3164192696732646,0.011741956945169933,0.4950839448678426,0.621014457190802,1.0074003043543573,2.004565115386324,1.0,/srv/slam-research/grf/map-denoise/runs/multiscan-pilot-v1/exploration-v4-confirm-1_0s40f5/outputs/dual_g2_s912211_b0__pool_independent.npz,d3a3f29539ed3050aa8a63a1d92dbfdd355eb400233fd10c109c702974a5524e,1.8327609891616556,0.16723901083834436,0.9163804945808278,1.2659508255047622,0.7340491744952378,"GT source-group affine fits evaluated at x=y=0; may extrapolate, not physical layer count"
dual_g2_s912211_b0,dual_g2_s912211_b0,/srv/slam-research/grf/map-denoise/runs/multiscan-pilot-v1/exploration-v4-confirm-1_0s40f5/synthetics/identifiable/dual_g2_s912211_b0.json,pool_global,confirmation,full,true_bilayer,2.0,0.0,912211,768,8,1.0,True,0.12038326400215738,True,True,0.41859562440654585,0.4978684222873947,0.8922792321958205,0.9674479166666666,1.0,0.4240755703959478,1.0,0.5080588132573307,0.4236418833567342,0.4363939936369421,,self-report; not geometry-derived layer count or success,0.5079219669836577,0.011791233349380073,1.3625964230344707,1.362596423034472,1.0973137601711536,2.1741689199301586,1.0,/srv/slam-research/grf/map-denoise/runs/multiscan-pilot-v1/exploration-v4-confirm-1_0s40f5/outputs/dual_g2_s912211_b0__pool_global.npz,b7ee07eeb93f0a644f7af7cd4e8aaa47b894dd41259e3a4a4a174182863c7126,1.4672893740138577,0.5327106259861423,0.7336446870069289,4.440892098500626e-16,1.9999999999999996,"GT source-group affine fits evaluated at x=y=0; may extrapolate, not physical layer count"
dual_g2_s912211_b0,dual_g2_s912211_b0,/srv/slam-research/grf/map-denoise/runs/multiscan-pilot-v1/exploration-v4-confirm-1_0s40f5/synthetics/identifiable/dual_g2_s912211_b0.json,pool_compatible,confirmation,full,true_bilayer,2.0,0.0,912211,768,8,1.0,True,0.1232337099936558,True,True,0.15249411933409043,0.2806154009871806,0.7963942603135632,0.9934895833333334,1.0,0.15499036966294305,1.0,0.28768120813877046,0.1538675766051074,0.27503534572518795,,self-report; not geometry-derived layer count or success,0.28744285705642875,0.011708178484292316,0.5016401984244331,0.6272200461365884,1.0175982851217449,1.9876049756495597,1.0,/srv/slam-research/grf/map-denoise/runs/multiscan-pilot-v1/exploration-v4-confirm-1_0s40f5/outputs/dual_g2_s912211_b0__pool_compatible.npz,a799916ee2aa64c61692f1c5520aa68d296223bce23e652fc1d1a598f10ceccf,1.8302450693893195,0.16975493061068048,0.9151225346946598,1.255950431459304,0.744049568540696,"GT source-group affine fits evaluated at x=y=0; may extrapolate, not physical layer count"
dual_g2_s912211_b0,dual_g2_s912211_b0,/srv/slam-research/grf/map-denoise/runs/multiscan-pilot-v1/exploration-v4-confirm-1_0s40f5/synthetics/identifiable/dual_g2_s912211_b0.json,graph_bias_only,confirmation,full,true_bilayer,2.0,0.0,912211,768,8,1.0,True,0.13343988900305703,True,True,0.2095756339075172,0.30532298678092357,0.7612428424281578,0.98046875,1.0,0.2124590184955187,1.0,0.3151848398483565,0.21209445065055707,0.3036436910548561,,self-report; not geometry-derived layer count or success,0.314965963512976,0.011744151675484787,0.5059561538799867,0.647192278860361,1.0074469724333297,1.999348676476904,1.0,/srv/slam-research/grf/map-denoise/runs/multiscan-pilot-v1/exploration-v4-confirm-1_0s40f5/outputs/dual_g2_s912211_b0__graph_bias_only.npz,e8c911ad753e1c09425ee67b4c23a52ec2536847faaf36065ce1149cc0451736,1.829895604136596,0.1701043958634041,0.914947802068298,1.2453136471556459,0.7546863528443541,"GT source-group affine fits evaluated at x=y=0; may extrapolate, not physical layer count"
dual_g2_s912211_b0,dual_g2_s912211_b0,/srv/slam-research/grf/map-denoise/runs/multiscan-pilot-v1/exploration-v4-confirm-1_0s40f5/synthetics/identifiable/dual_g2_s912211_b0.json,graph_projected_bias_only,confirmation,full,true_bilayer,2.0,0.0,912211,768,8,1.0,True,0.13941489200806245,True,True,0.20957523698280126,0.30532238727616573,0.7612416807688198,0.98046875,1.0,0.21246482256390853,1.0,0.31518605725913534,0.21209413304254035,0.30364340531562356,,self-report; not geometry-derived layer count or success,0.31496718121286504,0.011744166610755629,0.5059527603365008,0.6471812205951601,1.0074471826691624,1.9993528097282007,1.0,/srv/slam-research/grf/map-denoise/runs/multiscan-pilot-v1/exploration-v4-confirm-1_0s40f5/outputs/dual_g2_s912211_b0__graph_projected_bias_only.npz,90e1766d1ccd9e2be3158afe6a7302f70036683f3c19532d2c87a8158e46d144,1.8298959778515524,0.17010402214844755,0.9149479889257762,1.2453205137536976,0.7546794862463024,"GT source-group affine fits evaluated at x=y=0; may extrapolate, not physical layer count"
dual_g2_s912211_b0,dual_g2_s912211_b0,/srv/slam-research/grf/map-denoise/runs/multiscan-pilot-v1/exploration-v4-confirm-1_0s40f5/synthetics/identifiable/dual_g2_s912211_b0.json,zero_balanced_6,confirmation,full,true_bilayer,2.0,0.0,912211,768,8,1.0,True,0.7456844370026374,True,True,0.20877389105175728,0.30489558343068485,0.7606912648712644,0.98046875,1.0,0.21177935120259495,1.0,0.3151667029046815,0.21140651961498788,0.30388641605683714,,self-report; not geometry-derived layer count or success,0.314946090691128,0.011790274728925942,0.5025391389758312,0.6428297384526435,1.0073955273584643,2.0017585952480696,1.0,/srv/slam-research/grf/map-denoise/runs/multiscan-pilot-v1/exploration-v4-confirm-1_0s40f5/outputs/dual_g2_s912211_b0__zero_balanced_6.npz,f07bbdc2a365327cff53b9ff0f23ed4538941d58ca098b1b321064d516ec16da,1.8318960713910544,0.16810392860894563,0.9159480356955272,1.2525670998289264,0.7474329001710736,"GT source-group affine fits evaluated at x=y=0; may extrapolate, not physical layer count"
dual_g2_s912211_b0,dual_g2_s912211_b0,/srv/slam-research/grf/map-denoise/runs/multiscan-pilot-v1/exploration-v4-confirm-1_0s40f5/synthetics/identifiable/dual_g2_s912211_b0.json,zero_unbalanced_6,confirmation,full,true_bilayer,2.0,0.0,912211,768,8,1.0,True,0.7490789849980501,True,True,0.20875661825024458,0.3049076304134654,0.7573288654898152,0.98046875,1.0,0.21170700752626737,1.0,0.3150356749902588,0.2113417952000071,0.3040366133970805,,self-report; not geometry-derived layer count or success,0.3148149073698685,0.011791972450318664,0.5015551113351473,0.640626921978914,1.0074091286610127,2.0045337264765535,1.0,/srv/slam-research/grf/map-denoise/runs/multiscan-pilot-v1/exploration-v4-confirm-1_0s40f5/outputs/dual_g2_s912211_b0__zero_unbalanced_6.npz,f3e3ba0ce842a8ef42e5da43f7f117faf40d887ae18ac57c52dda5a5a349f77c,1.834089898407245,0.1659101015927551,0.9170449492036225,1.256389374474634,0.743610625525366,"GT source-group affine fits evaluated at x=y=0; may extrapolate, not physical layer count"
dual_g2_s912211_b0,dual_g2_s912211_b0,/srv/slam-research/grf/map-denoise/runs/multiscan-pilot-v1/exploration-v4-confirm-1_0s40f5/synthetics/identifiable/dual_g2_s912211_b0.json,warm_balanced_2,confirmation,full,true_bilayer,2.0,0.0,912211,768,8,1.0,True,0.37384536799800117,True,True,0.2088045868386915,0.3049083401311272,0.7607115111221017,0.98046875,1.0,0.2118037895862458,1.0,0.31516217266351415,0.21143235508641214,0.3038705552029609,,self-report; not geometry-derived layer count or success,0.31494164468397196,0.011787939673305126,0.5026796921740383,0.643010456607352,1.0073962582856633,2.0021695121632073,1.0,/srv/slam-research/grf/map-denoise/runs/multiscan-pilot-v1/exploration-v4-confirm-1_0s40f5/outputs/dual_g2_s912211_b0__warm_balanced_2.npz,a01e76dfd68882054381903a8f05ceb5962aec87f6d9eeae3d2969cc8073caa9,1.831810566671118,0.16818943332888203,0.915905283335559,1.252262661895736,0.747737338104264,"GT source-group affine fits evaluated at x=y=0; may extrapolate, not physical layer count"
dual_g2_s912211_b0,dual_g2_s912211_b0,/srv/slam-research/grf/map-denoise/runs/multiscan-pilot-v1/exploration-v4-confirm-1_0s40f5/synthetics/identifiable/dual_g2_s912211_b0.json,warm_unbalanced_2,confirmation,full,true_bilayer,2.0,0.0,912211,768,8,1.0,True,0.3724952720076544,True,True,0.20886954053630746,0.3049499969662556,0.7578994358070298,0.98046875,1.0,0.2118037442967219,1.0,0.31502335348871047,0.2114401822806952,0.303942812722209,,self-report; not geometry-derived layer count or success,0.31480303138000437,0.011779841986759024,0.502242240775025,0.6416996616370313,1.0074122608987535,2.005924022014955,1.0,/srv/slam-research/grf/map-denoise/runs/multiscan-pilot-v1/exploration-v4-confirm-1_0s40f5/outputs/dual_g2_s912211_b0__warm_unbalanced_2.npz,ac6956b6b2469e7e22ccc57abcf2cc995e57af9aa5d21be1c06d39897eff0e5f,1.8334626965245602,0.16653730347543982,0.9167313482622801,1.2546446527200739,0.7453553472799261,"GT source-group affine fits evaluated at x=y=0; may extrapolate, not physical layer count"
dual_g2_s912211_b4,dual_g2_s912211_b4,/srv/slam-research/grf/map-denoise/runs/multiscan-pilot-v1/exploration-v4-confirm-1_0s40f5/synthetics/identifiable/dual_g2_s912211_b4.json,identity,confirmation,full,true_bilayer,2.0,4.0,912211,768,8,1.0,True,1.7454993212595582e-05,True,True,3.21237552490888,3.9345164569236237,6.88344986172529,0.22265625,0.4908854166666667,2.1457507351328133,1.0,4.086631452742465,3.3831855671303983,4.085195663722075,,self-report; not geometry-derived layer count or success,4.086613417206494,0.012141204712062,0.5723519312251171,0.6972218106630217,0.0,0.0,0.0,/srv/slam-research/grf/map-denoise/runs/multiscan-pilot-v1/exploration-v4-confirm-1_0s40f5/outputs/dual_g2_s912211_b4__identity.npz,5c38d79655b02b0ec27f61a027b538ba7eafd2ff05bc2e46e12b09c097dfd733,2.2208836786255186,0.2208836786255186,1.1104418393127593,2.0367247795115846,0.03672477951158459,"GT source-group affine fits evaluated at x=y=0; may extrapolate, not physical layer count"
dual_g2_s912211_b4,dual_g2_s912211_b4,/srv/slam-research/grf/map-denoise/runs/multiscan-pilot-v1/exploration-v4-confirm-1_0s40f5/synthetics/identifiable/dual_g2_s912211_b4.json,fast,confirmation,full,true_bilayer,2.0,4.0,912211,768,8,1.0,True,0.008414754003752023,True,True,0.4495024023118268,0.5368334353364496,0.9531083076804595,0.9375,1.0,0.4875714789057037,1.0,0.5726524695332761,0.46213352716115574,0.5500801210296323,1,self-report; not geometry-derived layer count or success,0.5725237479884127,0.012141204712061647,1.6815949372736778,1.6815949372736783,4.100386882700843,7.194659763993762,1.0,/srv/slam-research/grf/map-denoise/runs/multiscan-pilot-v1/exploration-v4-confirm-1_0s40f5/outputs/dual_g2_s912211_b4__fast.npz,9d484035c780376649005200369aff62635224098c1b39c8615b12e66e4c6766,1.787559407561892,0.2124405924381081,0.893779703780946,4.440892098500626e-16,1.9999999999999996,"GT source-group affine fits evaluated at x=y=0; may extrapolate, not physical layer count"
dual_g2_s912211_b4,dual_g2_s912211_b4,/srv/slam-research/grf/map-denoise/runs/multiscan-pilot-v1/exploration-v4-confirm-1_0s40f5/synthetics/identifiable/dual_g2_s912211_b4.json,open3d_icp_then_xyz,confirmation,full,true_bilayer,2.0,4.0,912211,768,8,1.0,True,0.025889251002809033,True,True,0.38647829128993116,0.4749665449830854,0.9033037204374128,0.34375,0.7734375,1.4758883685399258,1.0,2.7901063655844407,0.3890507039502988,0.4771229697575368,2,self-report; not geometry-derived layer count or success,2.7900793475914516,0.012278657030588766,1.2781131552849765,1.2939813769142234,4.892995173617453,7.249500003258319,1.0,/srv/slam-research/grf/map-denoise/runs/multiscan-pilot-v1/exploration-v4-confirm-1_0s40f5/outputs/dual_g2_s912211_b4__open3d_icp_then_xyz.npz,fb608c9c6480ccc6d4d61d0482b205b4b887cfe1290970bca238594cc4b4a39d,1.863952271876174,0.13604772812382593,0.931976135938087,0.49575860188263665,1.5042413981173635,"GT source-group affine fits evaluated at x=y=0; may extrapolate, not physical layer count"
dual_g2_s912211_b4,dual_g2_s912211_b4,/srv/slam-research/grf/map-denoise/runs/multiscan-pilot-v1/exploration-v4-confirm-1_0s40f5/synthetics/identifiable/dual_g2_s912211_b4.json,graph_shared,confirmation,full,true_bilayer,2.0,4.0,912211,768,8,1.0,True,0.14608265900460538,True,True,0.209528965337077,0.3051037447975374,0.762074576319991,0.98046875,1.0,0.22129758737049973,1.0,0.31853860542363444,0.21214049710870952,0.30373551669012616,,self-report; not geometry-derived layer count or success,0.3183220508391532,0.011743725762696224,0.5059752896260695,0.6471822166251068,4.099418424891448,7.0616411052773005,1.0,/srv/slam-research/grf/map-denoise/runs/multiscan-pilot-v1/exploration-v4-confirm-1_0s40f5/outputs/dual_g2_s912211_b4__graph_shared.npz,431f77b7af2214600efe020b57fbe1ef37589dc9e0a93bb5b346f568d54d69c8,1.8298947410235935,0.1701052589764065,0.9149473705117968,1.2452700587263972,0.7547299412736028,"GT source-group affine fits evaluated at x=y=0; may extrapolate, not physical layer count"
dual_g2_s912211_b4,dual_g2_s912211_b4,/srv/slam-research/grf/map-denoise/runs/multiscan-pilot-v1/exploration-v4-confirm-1_0s40f5/synthetics/identifiable/dual_g2_s912211_b4.json,pool_independent,confirmation,full,true_bilayer,2.0,4.0,912211,768,8,1.0,True,0.16812623701116536,True,True,0.21101120733368803,0.30575526489540783,0.7632508707261154,0.9791666666666666,1.0,0.22306553940089366,1.0,0.31999172023619127,0.21388532247677275,0.30562423184331705,,self-report; not geometry-derived layer count or success,0.31977623122640725,0.01174150596611039,0.4950792919128881,0.6209512997769416,4.0998363729261165,7.062106199532266,1.0,/srv/slam-research/grf/map-denoise/runs/multiscan-pilot-v1/exploration-v4-confirm-1_0s40f5/outputs/dual_g2_s912211_b4__pool_independent.npz,99753233742fa6ec00e223294d120df0c426843abaa9aa3d9eb8505532edb9c9,1.8327644647335948,0.16723553526640522,0.9163822323667974,1.265949292344243,0.734050707655757,"GT source-group affine fits evaluated at x=y=0; may extrapolate, not physical layer count"
dual_g2_s912211_b4,dual_g2_s912211_b4,/srv/slam-research/grf/map-denoise/runs/multiscan-pilot-v1/exploration-v4-confirm-1_0s40f5/synthetics/identifiable/dual_g2_s912211_b4.json,pool_global,confirmation,full,true_bilayer,2.0,4.0,912211,768,8,1.0,True,0.18220396801189054,True,True,0.4186548031203494,0.49789755051282797,0.8923389972956423,0.9674479166666666,1.0,0.4294959489204424,1.0,0.5100992370960954,0.4236943543868173,0.4364074254593052,,self-report; not geometry-derived layer count or success,0.5099629348262656,0.01179138623744208,1.3625331998587455,1.362533199858746,4.109775747519802,7.106366639324174,1.0,/srv/slam-research/grf/map-denoise/runs/multiscan-pilot-v1/exploration-v4-confirm-1_0s40f5/outputs/dual_g2_s912211_b4__pool_global.npz,97d6d1b6ef0ef46c6d8bc1b96699d30c02eb6a2a2d71129e008a17976f89b39d,1.4672741067396675,0.5327258932603325,0.7336370533698338,1.1102230246251565e-15,1.999999999999999,"GT source-group affine fits evaluated at x=y=0; may extrapolate, not physical layer count"
dual_g2_s912211_b4,dual_g2_s912211_b4,/srv/slam-research/grf/map-denoise/runs/multiscan-pilot-v1/exploration-v4-confirm-1_0s40f5/synthetics/identifiable/dual_g2_s912211_b4.json,pool_compatible,confirmation,full,true_bilayer,2.0,4.0,912211,768,8,1.0,True,0.17017685499740764,True,True,0.15243981320669517,0.2803701632971981,0.7966870780788377,0.9934895833333334,1.0,0.16923673615090754,1.0,0.2912671557302377,0.15388735250704536,0.27505802967456094,,self-report; not geometry-derived layer count or success,0.29103175891956146,0.011707745614283921,0.5015714256828466,0.6270903377457372,4.092981965801243,6.9898915996738635,1.0,/srv/slam-research/grf/map-denoise/runs/multiscan-pilot-v1/exploration-v4-confirm-1_0s40f5/outputs/dual_g2_s912211_b4__pool_compatible.npz,23322a3746bb829402d8243f09c7fc97d00c5ca75d43da6ab2a25efd5f1142aa,1.8302739399142407,0.1697260600857593,0.9151369699571203,1.256046342336258,0.743953657663742,"GT source-group affine fits evaluated at x=y=0; may extrapolate, not physical layer count"
dual_g2_s912211_b4,dual_g2_s912211_b4,/srv/slam-research/grf/map-denoise/runs/multiscan-pilot-v1/exploration-v4-confirm-1_0s40f5/synthetics/identifiable/dual_g2_s912211_b4.json,graph_bias_only,confirmation,full,true_bilayer,2.0,4.0,912211,768,8,1.0,True,0.18195608600217383,True,True,0.20952913447110913,0.3051038562053243,0.7620764532138344,0.98046875,1.0,0.22129774304154007,1.0,0.3185386602638268,0.2121406489239345,0.3037355856293516,,self-report; not geometry-derived layer count or success,0.3183221059481989,0.011743719486488753,0.5059754352809159,0.6471824729029378,4.09941841412214,7.061640544046056,1.0,/srv/slam-research/grf/map-denoise/runs/multiscan-pilot-v1/exploration-v4-confirm-1_0s40f5/outputs/dual_g2_s912211_b4__graph_bias_only.npz,0d94e955caae1eb89c246f052fcde5f8a4d370d4a86ac39f7e23ee07a01a254f,1.8298948249751734,0.17010517502482658,0.9149474124875867,1.2452699262976958,0.7547300737023042,"GT source-group affine fits evaluated at x=y=0; may extrapolate, not physical layer count"
dual_g2_s912211_b4,dual_g2_s912211_b4,/srv/slam-research/grf/map-denoise/runs/multiscan-pilot-v1/exploration-v4-confirm-1_0s40f5/synthetics/identifiable/dual_g2_s912211_b4.json,graph_projected_bias_only,confirmation,full,true_bilayer,2.0,4.0,912211,768,8,1.0,True,0.18602165298943873,True,True,0.20952844922889255,0.3050610504641426,0.7622606963437011,0.98046875,1.0,0.2263793085697532,1.0,0.3208731559220366,0.21216336898703067,0.3037709111514983,,self-report; not geometry-derived layer count or success,0.32065819979002397,0.011743129854882664,0.5059832258349637,0.6471652896636727,4.099487998412689,7.061496736528723,1.0,/srv/slam-research/grf/map-denoise/runs/multiscan-pilot-v1/exploration-v4-confirm-1_0s40f5/outputs/dual_g2_s912211_b4__graph_projected_bias_only.npz,1ad12a34047a47dce3c07104eb530a9f248e146708678d0773dffe1f89dc1c6a,1.8299016896259015,0.1700983103740985,0.9149508448129507,1.2452657457960128,0.7547342542039872,"GT source-group affine fits evaluated at x=y=0; may extrapolate, not physical layer count"
dual_g2_s912211_b4,dual_g2_s912211_b4,/srv/slam-research/grf/map-denoise/runs/multiscan-pilot-v1/exploration-v4-confirm-1_0s40f5/synthetics/identifiable/dual_g2_s912211_b4.json,zero_balanced_6,confirmation,full,true_bilayer,2.0,4.0,912211,768,8,1.0,True,0.7547221490094671,True,True,0.20240328769755803,0.3023777004935578,0.7603454104434624,0.9830729166666666,1.0,0.21973780172897736,1.0,0.3182501302747036,0.20499218058438573,0.303022127148989,,self-report; not geometry-derived layer count or success,0.31804269533777607,0.011488662330678941,0.5089164544200049,0.6356716135665229,4.091588122586032,7.021820451774912,1.0,/srv/slam-research/grf/map-denoise/runs/multiscan-pilot-v1/exploration-v4-confirm-1_0s40f5/outputs/dual_g2_s912211_b4__zero_balanced_6.npz,2ea56fae1690cd59ed3a3d9b1636b710711a1019061e79b593b1fcd071003aca,1.8444381763755808,0.15556182362441917,0.9222190881877904,1.2560492180403493,0.7439507819596507,"GT source-group affine fits evaluated at x=y=0; may extrapolate, not physical layer count"
dual_g2_s912211_b4,dual_g2_s912211_b4,/srv/slam-research/grf/map-denoise/runs/multiscan-pilot-v1/exploration-v4-confirm-1_0s40f5/synthetics/identifiable/dual_g2_s912211_b4.json,zero_unbalanced_6,confirmation,full,true_bilayer,2.0,4.0,912211,768,8,1.0,True,0.7664139040134614,True,True,0.2003541818833187,0.30249724695608504,0.7795675490988865,0.9856770833333334,1.0,0.2180993381416465,1.0,0.31825507748891463,0.2029112376179921,0.30418725940987457,,self-report; not geometry-derived layer count or success,0.3180516856779375,0.011376272891307666,0.5108363625710886,0.626787034787123,4.08708409799911,6.994433544451802,1.0,/srv/slam-research/grf/map-denoise/runs/multiscan-pilot-v1/exploration-v4-confirm-1_0s40f5/outputs/dual_g2_s912211_b4__zero_unbalanced_6.npz,473601f618d627454ab17d791a83df51e3df45461ae3d4bcb888ccb77abad854,1.8534938706536237,0.1465061293463763,0.9267469353268118,1.264586165954944,0.735413834045056,"GT source-group affine fits evaluated at x=y=0; may extrapolate, not physical layer count"
dual_g2_s912211_b4,dual_g2_s912211_b4,/srv/slam-research/grf/map-denoise/runs/multiscan-pilot-v1/exploration-v4-confirm-1_0s40f5/synthetics/identifiable/dual_g2_s912211_b4.json,warm_balanced_2,confirmation,full,true_bilayer,2.0,4.0,912211,768,8,1.0,True,0.426580291998107,True,True,0.2028464245832892,0.30243402359701677,0.7569943024115537,0.9830729166666666,1.0,0.22012823432644443,1.0,0.3183373681717843,0.20544709431048727,0.3029572934812668,,self-report; not geometry-derived layer count or success,0.3181300027326238,0.01148831301275112,0.5086180376998635,0.6367675165691237,4.0922306770254,7.025554113797281,1.0,/srv/slam-research/grf/map-denoise/runs/multiscan-pilot-v1/exploration-v4-confirm-1_0s40f5/outputs/dual_g2_s912211_b4__warm_balanced_2.npz,0b1c0ee74385ad8f1020b743a6e1dc2293bcc1ca460faf7a48184ef4fa8b1be7,1.8432593000334174,0.15674069996658258,0.9216296500167087,1.255103822440344,0.7448961775596561,"GT source-group affine fits evaluated at x=y=0; may extrapolate, not physical layer count"
dual_g2_s912211_b4,dual_g2_s912211_b4,/srv/slam-research/grf/map-denoise/runs/multiscan-pilot-v1/exploration-v4-confirm-1_0s40f5/synthetics/identifiable/dual_g2_s912211_b4.json,warm_unbalanced_2,confirmation,full,true_bilayer,2.0,4.0,912211,768,8,1.0,True,0.4222210769949015,True,True,0.20246211713464332,0.30251635205301697,0.7611987946132038,0.9830729166666666,1.0,0.2197403909144755,1.0,0.3182316794292699,0.20500543732287468,0.3032992436076665,,self-report; not geometry-derived layer count or success,0.3180254108934958,0.011455994867174706,0.5089733234376803,0.634693358323555,4.090959651865273,7.018603445321341,1.0,/srv/slam-research/grf/map-denoise/runs/multiscan-pilot-v1/exploration-v4-confirm-1_0s40f5/outputs/dual_g2_s912211_b4__warm_unbalanced_2.npz,22b03d1877e4016a058ea7c49143a5200d3b9ad5b13a7b8a339051c2ead50966,1.8467831476887304,0.15321685231126958,0.9233915738443652,1.2585307565667367,0.7414692434332633,"GT source-group affine fits evaluated at x=y=0; may extrapolate, not physical layer count"
dual_g4_s912211_b0,dual_g4_s912211_b0,/srv/slam-research/grf/map-denoise/runs/multiscan-pilot-v1/exploration-v4-confirm-1_0s40f5/synthetics/identifiable/dual_g4_s912211_b0.json,identity,confirmation,full,true_bilayer,4.0,0.0,912211,768,8,1.0,True,1.763999171089381e-05,True,True,0.7658115685985901,0.9752173505479436,1.8337611639422258,0.7252604166666666,0.9713541666666666,0.716567017257781,1.0,0.9788726608984484,0.7675972699597545,0.9787429432622393,,self-report; not geometry-derived layer count or success,0.9787973627889219,0.012141204712061609,0.15532159336102644,0.16244415452872785,0.0,0.0,0.0,/srv/slam-research/grf/map-denoise/runs/multiscan-pilot-v1/exploration-v4-confirm-1_0s40f5/outputs/dual_g4_s912211_b0__identity.npz,0703310bbb6520c511ccc524230700a341dd65eef953e4c22c950cc4c5104494,4.021916196408618,0.021916196408618305,1.0054790491021546,4.132834641184474,0.1328346411844743,"GT source-group affine fits evaluated at x=y=0; may extrapolate, not physical layer count"
dual_g4_s912211_b0,dual_g4_s912211_b0,/srv/slam-research/grf/map-denoise/runs/multiscan-pilot-v1/exploration-v4-confirm-1_0s40f5/synthetics/identifiable/dual_g4_s912211_b0.json,fast,confirmation,full,true_bilayer,4.0,0.0,912211,768,8,1.0,True,0.009296268006437458,True,True,1.097868168378252,1.2882423599081962,2.2653616508296555,0.4830729166666667,0.8997395833333334,1.0953676898470126,1.0,1.4160274239258137,1.1824676963703704,1.3907157906353702,2,self-report; not geometry-derived layer count or success,1.4159753728289615,0.01214120471206157,1.8089339357170566,2.092082053969911,1.5250149891828506,2.887386987192383,1.0,/srv/slam-research/grf/map-denoise/runs/multiscan-pilot-v1/exploration-v4-confirm-1_0s40f5/outputs/dual_g4_s912211_b0__fast.npz,327606722c93860bdb61f8f7f72dd732f99e6ae882373bee5dee2bf357850f02,3.454028744484338,0.5459712555156622,0.8635071861210845,1.4148143373193156,2.5851856626806846,"GT source-group affine fits evaluated at x=y=0; may extrapolate, not physical layer count"
dual_g4_s912211_b0,dual_g4_s912211_b0,/srv/slam-research/grf/map-denoise/runs/multiscan-pilot-v1/exploration-v4-confirm-1_0s40f5/synthetics/identifiable/dual_g4_s912211_b0.json,open3d_icp_then_xyz,confirmation,full,true_bilayer,4.0,0.0,912211,768,8,1.0,True,0.02524293100577779,True,True,0.5780404998440692,0.724664130526891,1.3838230502645965,0.16927083333333334,0.7434895833333334,1.636525095336945,1.0,2.7851690430959595,0.5673575113323116,0.6723310436963037,2,self-report; not geometry-derived layer count or success,2.7851426376675428,0.012127920940844226,1.3662394500558153,1.5810976647313133,2.81127490344109,4.966195625732721,1.0,/srv/slam-research/grf/map-denoise/runs/multiscan-pilot-v1/exploration-v4-confirm-1_0s40f5/outputs/dual_g4_s912211_b0__open3d_icp_then_xyz.npz,d475e2f56da16b40d76829081157a23fd6a588e9a78ee938048cbc634dc812f9,3.5487790377301454,0.45122096226985464,0.8871947594325363,1.9934469955499208,2.0065530044500792,"GT source-group affine fits evaluated at x=y=0; may extrapolate, not physical layer count"
dual_g4_s912211_b0,dual_g4_s912211_b0,/srv/slam-research/grf/map-denoise/runs/multiscan-pilot-v1/exploration-v4-confirm-1_0s40f5/synthetics/identifiable/dual_g4_s912211_b0.json,graph_shared,confirmation,full,true_bilayer,4.0,0.0,912211,768,8,1.0,True,0.11575292098859791,True,True,0.25342323533812244,0.39919878279362747,0.8209697480214613,0.9739583333333334,0.9856770833333334,0.2684638452291042,1.0,0.48160549878307646,0.26945272556888894,0.4712516496360004,,self-report; not geometry-derived layer count or success,0.48154630259756226,0.007550821989216846,0.5423522386972638,1.0217551671160368,1.041161266071979,2.091511540422677,0.9830729166666666,/srv/slam-research/grf/map-denoise/runs/multiscan-pilot-v1/exploration-v4-confirm-1_0s40f5/outputs/dual_g4_s912211_b0__graph_shared.npz,a71a9bf94b55cc531f0da11ae2356aa53b29e723c067bd4d1c0273aa041b4aca,3.7902444956423977,0.20975550435760226,0.9475611239105994,3.000172087406132,0.9998279125938678,"GT source-group affine fits evaluated at x=y=0; may extrapolate, not physical layer count"
dual_g4_s912211_b0,dual_g4_s912211_b0,/srv/slam-research/grf/map-denoise/runs/multiscan-pilot-v1/exploration-v4-confirm-1_0s40f5/synthetics/identifiable/dual_g4_s912211_b0.json,pool_independent,confirmation,full,true_bilayer,4.0,0.0,912211,768,8,1.0,True,0.13834869200945832,True,True,0.2367593999157879,0.37995223383320503,0.6653906630139601,0.9739583333333334,0.9856770833333334,0.25156561345897827,1.0,0.46401347246984787,0.2524614154240186,0.45601569669477926,,self-report; not geometry-derived layer count or success,0.4640023756970596,0.0032090467449002536,0.4460735614945115,0.8147467039449696,1.0304777134263388,2.08102184823893,0.9830729166666666,/srv/slam-research/grf/map-denoise/runs/multiscan-pilot-v1/exploration-v4-confirm-1_0s40f5/outputs/dual_g4_s912211_b0__pool_independent.npz,60e441f4df81beba18646420fac19073f0c8b0898b81240ffe93c159b91d5f6d,3.8185908462921367,0.18140915370786326,0.9546477115730342,3.19113725156045,0.8088627484395499,"GT source-group affine fits evaluated at x=y=0; may extrapolate, not physical layer count"
dual_g4_s912211_b0,dual_g4_s912211_b0,/srv/slam-research/grf/map-denoise/runs/multiscan-pilot-v1/exploration-v4-confirm-1_0s40f5/synthetics/identifiable/dual_g4_s912211_b0.json,pool_global,confirmation,full,true_bilayer,4.0,0.0,912211,768,8,1.0,True,0.13721486501162872,True,True,0.8562100670731976,1.0307138499897803,1.880593380108807,0.6171875,0.9791666666666666,0.858155649000933,1.0,1.0344627007246887,0.8581216455260328,0.8661114119587546,,self-report; not geometry-derived layer count or success,1.0344439558092184,0.006227477851635739,2.532540805053469,2.5961385368677967,1.439335317252696,2.7653468226373192,0.9830729166666666,/srv/slam-research/grf/map-denoise/runs/multiscan-pilot-v1/exploration-v4-confirm-1_0s40f5/outputs/dual_g4_s912211_b0__pool_global.npz,2535348c3770b760dcc73d0cb8816f517015f559548edc273ed79f78142365eb,2.799141677174644,1.200858322825356,0.699785419293661,0.15192954984409335,3.8480704501559067,"GT source-group affine fits evaluated at x=y=0; may extrapolate, not physical layer count"
dual_g4_s912211_b0,dual_g4_s912211_b0,/srv/slam-research/grf/map-denoise/runs/multiscan-pilot-v1/exploration-v4-confirm-1_0s40f5/synthetics/identifiable/dual_g4_s912211_b0.json,pool_compatible,confirmation,full,true_bilayer,4.0,0.0,912211,768,8,1.0,True,0.1409353149938397,True,True,0.16725655406784104,0.35409200559845794,0.7087166125830174,0.9765625,0.9856770833333334,0.18226310888726238,1.0,0.4476087141626556,0.18364956008631517,0.4389540664780418,,self-report; not geometry-derived layer count or success,0.4476011998410148,0.0025936258847040856,0.45800585982214964,0.8355234200094777,1.0418361023693459,2.1153889868258005,0.9830729166666666,/srv/slam-research/grf/map-denoise/runs/multiscan-pilot-v1/exploration-v4-confirm-1_0s40f5/outputs/dual_g4_s912211_b0__pool_compatible.npz,deafa6ea8088df066c2eebd60eb35f07b9a4eb82e28edceb4f87112919495b3d,3.8146910315161033,0.18530896848389666,0.9536727578790258,3.169691780070137,0.8303082199298628,"GT source-group affine fits evaluated at x=y=0; may extrapolate, not physical layer count"
dual_g4_s912211_b0,dual_g4_s912211_b0,/srv/slam-research/grf/map-denoise/runs/multiscan-pilot-v1/exploration-v4-confirm-1_0s40f5/synthetics/identifiable/dual_g4_s912211_b0.json,graph_bias_only,confirmation,full,true_bilayer,4.0,0.0,912211,768,8,1.0,True,0.15146797899797093,True,True,0.25281475911134793,0.3962884992276718,0.8234711298220074,0.9765625,0.9856770833333334,0.2678815258958896,1.0,0.47919598210865005,0.26884425260394545,0.4687850948867191,,self-report; not geometry-derived layer count or success,0.4791293842900226,0.007988890970441167,0.5420597052218364,1.024318327377167,1.041263518742858,2.0915113995364414,1.0,/srv/slam-research/grf/map-denoise/runs/multiscan-pilot-v1/exploration-v4-confirm-1_0s40f5/outputs/dual_g4_s912211_b0__graph_bias_only.npz,32ab5127cf4286dd13c8df0c764f609cd9c4ebf1d2648b3b69292c5512c968e1,3.790279243059292,0.2097207569407078,0.947569810764823,2.9990482752073184,1.0009517247926816,"GT source-group affine fits evaluated at x=y=0; may extrapolate, not physical layer count"
dual_g4_s912211_b0,dual_g4_s912211_b0,/srv/slam-research/grf/map-denoise/runs/multiscan-pilot-v1/exploration-v4-confirm-1_0s40f5/synthetics/identifiable/dual_g4_s912211_b0.json,graph_projected_bias_only,confirmation,full,true_bilayer,4.0,0.0,912211,768,8,1.0,True,0.15502929998910986,True,True,0.25282697941168336,0.3963283643269644,0.8235772236001606,0.9765625,0.9856770833333334,0.26795197796473963,1.0,0.4792118002940372,0.26884981196810726,0.46878999883010586,,self-report; not geometry-derived layer count or success,0.4791451162328358,0.007994193597511672,0.5420067515476849,1.0241775818901697,1.0412651645591224,2.0916117048134817,1.0,/srv/slam-research/grf/map-denoise/runs/multiscan-pilot-v1/exploration-v4-confirm-1_0s40f5/outputs/dual_g4_s912211_b0__graph_projected_bias_only.npz,21dec4bc5cac192cb9c432452c38d93148e51ba32ef1302cb52b52858f803567,3.7902860013062,0.20971399869379992,0.94757150032655,2.9991495262197754,1.0008504737802246,"GT source-group affine fits evaluated at x=y=0; may extrapolate, not physical layer count"
dual_g4_s912211_b0,dual_g4_s912211_b0,/srv/slam-research/grf/map-denoise/runs/multiscan-pilot-v1/exploration-v4-confirm-1_0s40f5/synthetics/identifiable/dual_g4_s912211_b0.json,zero_balanced_6,confirmation,full,true_bilayer,4.0,0.0,912211,768,8,1.0,True,0.6865476710081566,True,True,0.2543088891333494,0.40017701958787283,0.8424639135273929,0.97265625,0.9856770833333334,0.2690321114088588,1.0,0.48028203299734434,0.2699270366750461,0.470812053409456,,self-report; not geometry-derived layer count or success,0.48023264035226687,0.006887841487172222,0.5562623506584446,1.037944300109335,1.0411999372090153,2.102508662587006,1.0,/srv/slam-research/grf/map-denoise/runs/multiscan-pilot-v1/exploration-v4-confirm-1_0s40f5/outputs/dual_g4_s912211_b0__zero_balanced_6.npz,ddb504fdf71e32c43187dbc90dc096d511850e1fe971dd9bc9897a9dfa6c887f,3.799722618034932,0.20027738196506784,0.949930654508733,2.994436046970912,1.005563953029088,"GT source-group affine fits evaluated at x=y=0; may extrapolate, not physical layer count"
dual_g4_s912211_b0,dual_g4_s912211_b0,/srv/slam-research/grf/map-denoise/runs/multiscan-pilot-v1/exploration-v4-confirm-1_0s40f5/synthetics/identifiable/dual_g4_s912211_b0.json,zero_unbalanced_6,confirmation,full,true_bilayer,4.0,0.0,912211,768,8,1.0,True,0.6773521610011812,True,True,0.25232132206593444,0.3965433221277984,0.8222851248238962,0.9765625,0.9856770833333334,0.26726184122302926,1.0,0.4788740448263379,0.2682433418383132,0.46879142934221507,,self-report; not geometry-derived layer count or success,0.478790583015603,0.008940269789915788,0.5413288007281492,1.0241416994873112,1.041425220357326,2.09839178852421,1.0,/srv/slam-research/grf/map-denoise/runs/multiscan-pilot-v1/exploration-v4-confirm-1_0s40f5/outputs/dual_g4_s912211_b0__zero_unbalanced_6.npz,a2c21f41dfbc28db19b6cf776336da42004924bf2b98d09228d861bdc99fa67a,3.7939623148099377,0.20603768519006227,0.9484905787024844,3.002918902464404,0.9970810975355962,"GT source-group affine fits evaluated at x=y=0; may extrapolate, not physical layer count"
dual_g4_s912211_b0,dual_g4_s912211_b0,/srv/slam-research/grf/map-denoise/runs/multiscan-pilot-v1/exploration-v4-confirm-1_0s40f5/synthetics/identifiable/dual_g4_s912211_b0.json,warm_balanced_2,confirmation,full,true_bilayer,4.0,0.0,912211,768,8,1.0,True,0.36957789699954446,True,True,0.25417964455306996,0.39991778002464484,0.8412606637645164,0.97265625,0.9856770833333334,0.26892341471330933,1.0,0.4801662468729876,0.26981696746374767,0.47065137615619607,,self-report; not geometry-derived layer count or success,0.4801165848724696,0.006905763280591816,0.5555679655235163,1.03707311590399,1.0411760488495756,2.1018624949383713,1.0,/srv/slam-research/grf/map-denoise/runs/multiscan-pilot-v1/exploration-v4-confirm-1_0s40f5/outputs/dual_g4_s912211_b0__warm_balanced_2.npz,738be80577525a0b9d4bffdb335cb121ea15aa6d28f38f938862fee05583c47d,3.799273041353003,0.20072695864699686,0.9498182603382508,2.9947862798351625,1.0052137201648375,"GT source-group affine fits evaluated at x=y=0; may extrapolate, not physical layer count"
dual_g4_s912211_b0,dual_g4_s912211_b0,/srv/slam-research/grf/map-denoise/runs/multiscan-pilot-v1/exploration-v4-confirm-1_0s40f5/synthetics/identifiable/dual_g4_s912211_b0.json,warm_unbalanced_2,confirmation,full,true_bilayer,4.0,0.0,912211,768,8,1.0,True,0.3718433769972762,True,True,0.2524971456198329,0.3966149910471027,0.8218473742567521,0.9752604166666666,0.9856770833333334,0.26747968066912664,1.0,0.4790188795029242,0.2684358933831436,0.468921720233157,,self-report; not geometry-derived layer count or success,0.4789321787768908,0.009113454463449201,0.5408927318993049,1.024706851718635,1.0415491041941698,2.0987962808675897,1.0,/srv/slam-research/grf/map-denoise/runs/multiscan-pilot-v1/exploration-v4-confirm-1_0s40f5/outputs/dual_g4_s912211_b0__warm_unbalanced_2.npz,691d12b9ef867a3476a91a8d15ea404b57a7ce79bf194d2efdccaef6a5cd1814,3.7938191207297636,0.20618087927023643,0.9484547801824409,3.002590112513013,0.9974098874869868,"GT source-group affine fits evaluated at x=y=0; may extrapolate, not physical layer count"
dual_g4_s912211_b4,dual_g4_s912211_b4,/srv/slam-research/grf/map-denoise/runs/multiscan-pilot-v1/exploration-v4-confirm-1_0s40f5/synthetics/identifiable/dual_g4_s912211_b4.json,identity,confirmation,full,true_bilayer,4.0,4.0,912211,768,8,1.0,True,1.610899926163256e-05,True,True,3.100120028787759,3.842554964853072,6.908665794732862,0.21875,0.4856770833333333,2.15504064352707,1.0,4.086631452742465,3.3831855671303983,4.07908575581533,,self-report; not geometry-derived layer count or success,4.086613417206494,0.012141204712061962,1.2292573691407285,2.207403572644019,0.0,0.0,0.0,/srv/slam-research/grf/map-denoise/runs/multiscan-pilot-v1/exploration-v4-confirm-1_0s40f5/outputs/dual_g4_s912211_b4__identity.npz,0a9de2def7594e769d5a7e781c7c4d65c82622712759e370214ed732c06d1a52,4.5264524766765195,0.5264524766765195,1.1316131191691299,2.9637581126625614,1.0362418873374386,"GT source-group affine fits evaluated at x=y=0; may extrapolate, not physical layer count"
dual_g4_s912211_b4,dual_g4_s912211_b4,/srv/slam-research/grf/map-denoise/runs/multiscan-pilot-v1/exploration-v4-confirm-1_0s40f5/synthetics/identifiable/dual_g4_s912211_b4.json,fast,confirmation,full,true_bilayer,4.0,4.0,912211,768,8,1.0,True,0.009446338008274324,True,True,1.1455846379141985,1.3881089718207027,2.6460731478591626,0.46484375,0.8463541666666666,1.1663006506301556,1.0,1.548615176307754,1.2475377671147962,1.5247568744143054,2,self-report; not geometry-derived layer count or success,1.548567581811926,0.012141204712062014,2.0369919002513837,2.5932332483464204,4.357825120494966,7.954820295634504,1.0,/srv/slam-research/grf/map-denoise/runs/multiscan-pilot-v1/exploration-v4-confirm-1_0s40f5/outputs/dual_g4_s912211_b4__fast.npz,f6183bdbe2528b569039575aea3c8933d75e2aa8788c0d465dfec5ed0ab911cb,3.768661662888465,0.23133833711153517,0.9421654157221162,1.3362946094074708,2.663705390592529,"GT source-group affine fits evaluated at x=y=0; may extrapolate, not physical layer count"
dual_g4_s912211_b4,dual_g4_s912211_b4,/srv/slam-research/grf/map-denoise/runs/multiscan-pilot-v1/exploration-v4-confirm-1_0s40f5/synthetics/identifiable/dual_g4_s912211_b4.json,open3d_icp_then_xyz,confirmation,full,true_bilayer,4.0,4.0,912211,768,8,1.0,True,0.025260091002564877,True,True,0.6254150390423309,0.787746864606488,1.5167643774714168,0.16145833333333334,0.6822916666666666,1.7702131687251963,1.0,3.136739220333908,0.6070998128454385,0.7501404332685522,2,self-report; not geometry-derived layer count or success,3.1367158517649365,0.012107917555816368,1.6383675688980717,1.6797815311650026,5.0428069002956,7.939703195045576,1.0,/srv/slam-research/grf/map-denoise/runs/multiscan-pilot-v1/exploration-v4-confirm-1_0s40f5/outputs/dual_g4_s912211_b4__open3d_icp_then_xyz.npz,43683d43c4ca8ea4fbbaef85d36534cf4868e944e4a7029d814f519f4de873f6,3.890839595663226,0.10916040433677399,0.9727098989158065,2.12380150501261,1.8761984949873902,"GT source-group affine fits evaluated at x=y=0; may extrapolate, not physical layer count"
dual_g4_s912211_b4,dual_g4_s912211_b4,/srv/slam-research/grf/map-denoise/runs/multiscan-pilot-v1/exploration-v4-confirm-1_0s40f5/synthetics/identifiable/dual_g4_s912211_b4.json,graph_shared,confirmation,full,true_bilayer,4.0,4.0,912211,768,8,1.0,True,0.14463844199781306,True,True,0.26758396543578794,0.4763242107998439,0.8236543752962925,0.9700520833333334,0.9791666666666666,0.2831841861199924,1.0,0.6454441531863389,0.29878794488555044,0.6359021682773481,,self-report; not geometry-derived layer count or success,0.6454027707864914,0.00730878536758841,0.5697045366664332,1.1142464677302866,4.0469041950156335,6.93863597306048,0.9830729166666666,/srv/slam-research/grf/map-denoise/runs/multiscan-pilot-v1/exploration-v4-confirm-1_0s40f5/outputs/dual_g4_s912211_b4__graph_shared.npz,ca6715bdc84b3b8f0e10ecac1ee14243cd713a36ab39b63a3b7512e15141122a,3.773211446488267,0.22678855351173288,0.9433028616220668,2.926920705347006,1.073079294652994,"GT source-group affine fits evaluated at x=y=0; may extrapolate, not physical layer count"
dual_g4_s912211_b4,dual_g4_s912211_b4,/srv/slam-research/grf/map-denoise/runs/multiscan-pilot-v1/exploration-v4-confirm-1_0s40f5/synthetics/identifiable/dual_g4_s912211_b4.json,pool_independent,confirmation,full,true_bilayer,4.0,4.0,912211,768,8,1.0,True,0.16816366800048854,True,True,0.2509867582820064,0.46037302599361307,0.668114179482019,0.9700520833333334,0.9791666666666666,0.2663924073699162,1.0,0.6324681658949803,0.28186388789247735,0.6249091846954159,,self-report; not geometry-derived layer count or success,0.6324589029178315,0.0034230089881804437,0.4730437560142833,0.9014634942906471,4.056959013121455,6.939120704163275,0.9830729166666666,/srv/slam-research/grf/map-denoise/runs/multiscan-pilot-v1/exploration-v4-confirm-1_0s40f5/outputs/dual_g4_s912211_b4__pool_independent.npz,703b443d3dae5a20a8f246b6186f929bd416aee636711d0c86769d401ff31919,3.8015750369351915,0.1984249630648085,0.9503937592337979,3.117898058215404,0.8821019417845961,"GT source-group affine fits evaluated at x=y=0; may extrapolate, not physical layer count"
dual_g4_s912211_b4,dual_g4_s912211_b4,/srv/slam-research/grf/map-denoise/runs/multiscan-pilot-v1/exploration-v4-confirm-1_0s40f5/synthetics/identifiable/dual_g4_s912211_b4.json,pool_global,confirmation,full,true_bilayer,4.0,4.0,912211,768,8,1.0,True,0.1675534710084321,True,True,0.8704409873555664,1.0629648425772156,1.9039273763135576,0.61328125,0.97265625,0.870346892521004,1.0,1.120200680105376,0.8875418383262081,0.9617949712426904,,self-report; not geometry-derived layer count or success,1.120184552090538,0.0060110703096963305,2.55395560864855,2.5826090199968443,4.16799587026393,7.418409022928144,0.9830729166666666,/srv/slam-research/grf/map-denoise/runs/multiscan-pilot-v1/exploration-v4-confirm-1_0s40f5/outputs/dual_g4_s912211_b4__pool_global.npz,a415aa92b73d54f8946845126093fb39048927e9062c0f7a313df9889a1276e7,2.7821192641024632,1.2178807358975368,0.6955298160256158,0.0787759785264277,3.9212240214735723,"GT source-group affine fits evaluated at x=y=0; may extrapolate, not physical layer count"
dual_g4_s912211_b4,dual_g4_s912211_b4,/srv/slam-research/grf/map-denoise/runs/multiscan-pilot-v1/exploration-v4-confirm-1_0s40f5/synthetics/identifiable/dual_g4_s912211_b4.json,pool_compatible,confirmation,full,true_bilayer,4.0,4.0,912211,768,8,1.0,True,0.17007742899295408,True,True,0.18140674929738662,0.4392302496548655,0.7085815571601743,0.97265625,0.9791666666666666,0.19955109908740806,1.0,0.6205148134585701,0.21297190968003407,0.6125251844676455,,self-report; not geometry-derived layer count or success,0.6205084635853673,0.002807194409176419,0.48515801823914567,0.9229684195061337,4.065881149117851,6.95406692551397,0.9830729166666666,/srv/slam-research/grf/map-denoise/runs/multiscan-pilot-v1/exploration-v4-confirm-1_0s40f5/outputs/dual_g4_s912211_b4__pool_compatible.npz,71ddc21ceee8586acc4996b83c2d1d7abc7ee3e2f45abd55c51c74e4078c6147,3.797665099858989,0.20233490014101108,0.9494162749647472,3.0964170071641575,0.9035829928358425,"GT source-group affine fits evaluated at x=y=0; may extrapolate, not physical layer count"
dual_g4_s912211_b4,dual_g4_s912211_b4,/srv/slam-research/grf/map-denoise/runs/multiscan-pilot-v1/exploration-v4-confirm-1_0s40f5/synthetics/identifiable/dual_g4_s912211_b4.json,graph_bias_only,confirmation,full,true_bilayer,4.0,4.0,912211,768,8,1.0,True,0.18112897498940583,True,True,0.2527589299224921,0.396352958091771,0.8233537344083368,0.9765625,0.9856770833333334,0.27140810499750007,1.0,0.47993473437995066,0.2687803094833799,0.4687736780210851,,self-report; not geometry-derived layer count or success,0.4798686089794571,0.007966641731285707,0.5422626312528904,1.0244006894559028,4.067933196023892,6.938634524441455,1.0,/srv/slam-research/grf/map-denoise/runs/multiscan-pilot-v1/exploration-v4-confirm-1_0s40f5/outputs/dual_g4_s912211_b4__graph_bias_only.npz,6506d83e3810cccb5eb7db145c6d5e896509f2da64269b118c7f3955e3005c74,3.7903186417542027,0.20968135824579726,0.9475796604385507,2.9989107554532186,1.0010892445467814,"GT source-group affine fits evaluated at x=y=0; may extrapolate, not physical layer count"
dual_g4_s912211_b4,dual_g4_s912211_b4,/srv/slam-research/grf/map-denoise/runs/multiscan-pilot-v1/exploration-v4-confirm-1_0s40f5/synthetics/identifiable/dual_g4_s912211_b4.json,graph_projected_bias_only,confirmation,full,true_bilayer,4.0,4.0,912211,768,8,1.0,True,0.18463722500018775,True,True,0.26192858093558335,0.41701186714306226,0.8725766493221525,0.9674479166666666,0.9856770833333334,0.30884923008952564,1.0,0.5007185313598067,0.2765466167906457,0.4777587477015929,,self-report; not geometry-derived layer count or success,0.5006628084127569,0.007469934362013032,0.5719394881768679,1.0671320678763705,4.062325290143431,6.937998609815503,1.0,/srv/slam-research/grf/map-denoise/runs/multiscan-pilot-v1/exploration-v4-confirm-1_0s40f5/outputs/dual_g4_s912211_b4__graph_projected_bias_only.npz,54647bdd8738fd4e7fac619390c903983d2264cb71bb24673ea283386535dee6,3.7787694790099833,0.22123052099001672,0.9446923697524958,2.9488898760894804,1.0511101239105196,"GT source-group affine fits evaluated at x=y=0; may extrapolate, not physical layer count"
dual_g4_s912211_b4,dual_g4_s912211_b4,/srv/slam-research/grf/map-denoise/runs/multiscan-pilot-v1/exploration-v4-confirm-1_0s40f5/synthetics/identifiable/dual_g4_s912211_b4.json,zero_balanced_6,confirmation,full,true_bilayer,4.0,4.0,912211,768,8,1.0,True,0.7214034049975453,True,True,0.28026308534279865,0.4405105228794015,0.947401165480841,0.9583333333333334,0.9856770833333334,0.3231489522365815,1.0,0.5136638647301636,0.2936688139185716,0.496389013448719,,self-report; not geometry-derived layer count or success,0.513656301707414,0.0027874084361331946,0.6488505210123477,1.184246737417895,4.04180682328772,6.8921576385265135,1.0,/srv/slam-research/grf/map-denoise/runs/multiscan-pilot-v1/exploration-v4-confirm-1_0s40f5/outputs/dual_g4_s912211_b4__zero_balanced_6.npz,b4de3cb586f7605fd85080328f1b6e446ebf62392d4f925865142e45b8a99af1,3.82274169788484,0.17725830211516014,0.95568542447121,2.893671225231866,1.106328774768134,"GT source-group affine fits evaluated at x=y=0; may extrapolate, not physical layer count"
dual_g4_s912211_b4,dual_g4_s912211_b4,/srv/slam-research/grf/map-denoise/runs/multiscan-pilot-v1/exploration-v4-confirm-1_0s40f5/synthetics/identifiable/dual_g4_s912211_b4.json,zero_unbalanced_6,confirmation,full,true_bilayer,4.0,4.0,912211,768,8,1.0,True,0.7200745190057205,True,True,0.29123945100715887,0.467645654126568,0.9571088565369266,0.94921875,0.9856770833333334,0.3290651737820949,1.0,0.5394881121687378,0.30524554521235575,0.5258428836843657,,self-report; not geometry-derived layer count or success,0.5394447725089696,0.006838171110370903,0.6774479933239936,1.199135226722947,4.026572195869018,6.8609768518538266,1.0,/srv/slam-research/grf/map-denoise/runs/multiscan-pilot-v1/exploration-v4-confirm-1_0s40f5/outputs/dual_g4_s912211_b4__zero_unbalanced_6.npz,d3d5c92f92a5d36dc5ed3aabb016688aea7be1374589926ec4e53ced05fa3f63,3.857924122487456,0.14207587751254414,0.964481030621864,2.9036327248739586,1.0963672751260414,"GT source-group affine fits evaluated at x=y=0; may extrapolate, not physical layer count"
dual_g4_s912211_b4,dual_g4_s912211_b4,/srv/slam-research/grf/map-denoise/runs/multiscan-pilot-v1/exploration-v4-confirm-1_0s40f5/synthetics/identifiable/dual_g4_s912211_b4.json,warm_balanced_2,confirmation,full,true_bilayer,4.0,4.0,912211,768,8,1.0,True,0.412559639007668,True,True,0.2771723843661417,0.4367613710569446,0.9346798095466974,0.9596354166666666,0.9856770833333334,0.3204180282796703,1.0,0.5109751195498762,0.2906716735711467,0.493375968564143,,self-report; not geometry-derived layer count or success,0.5109596555726308,0.003975320881209756,0.6393794411139765,1.1762967540581857,4.043434956349957,6.9001130678101825,1.0,/srv/slam-research/grf/map-denoise/runs/multiscan-pilot-v1/exploration-v4-confirm-1_0s40f5/outputs/dual_g4_s912211_b4__warm_balanced_2.npz,6fae5057c9f94892ec430436acbf3646b7de10270c972ff980c55c22e86d4877,3.8209779281648384,0.1790220718351616,0.9552444820412096,2.9007422609046825,1.0992577390953175,"GT source-group affine fits evaluated at x=y=0; may extrapolate, not physical layer count"
dual_g4_s912211_b4,dual_g4_s912211_b4,/srv/slam-research/grf/map-denoise/runs/multiscan-pilot-v1/exploration-v4-confirm-1_0s40f5/synthetics/identifiable/dual_g4_s912211_b4.json,warm_unbalanced_2,confirmation,full,true_bilayer,4.0,4.0,912211,768,8,1.0,True,0.4096274879993871,True,True,0.2761595187893721,0.434770013788297,0.9377644132193793,0.9622395833333334,0.9856770833333334,0.3195645577945842,1.0,0.5097131804425764,0.2897477269623639,0.4920346710905415,,self-report; not geometry-derived layer count or success,0.5097009480520882,0.0035312705488056047,0.6388731233597168,1.1767540813233905,4.043796205894532,6.901050517127789,1.0,/srv/slam-research/grf/map-denoise/runs/multiscan-pilot-v1/exploration-v4-confirm-1_0s40f5/outputs/dual_g4_s912211_b4__warm_unbalanced_2.npz,817ddcf0687f7763d60a9429e838471e9f10208dd2ab273cc6c3127e29d2562c,3.820531295284926,0.1794687047150738,0.9551328238212315,2.9001857732490737,1.0998142267509263,"GT source-group affine fits evaluated at x=y=0; may extrapolate, not physical layer count"
dual_g8_s912211_b0,dual_g8_s912211_b0,/srv/slam-research/grf/map-denoise/runs/multiscan-pilot-v1/exploration-v4-confirm-1_0s40f5/synthetics/identifiable/dual_g8_s912211_b0.json,identity,confirmation,full,true_bilayer,8.0,0.0,912211,768,8,1.0,True,1.7530008335597813e-05,True,True,0.7675972699597544,0.9788726608984483,1.8469145186212237,0.7278645833333334,0.9791666666666666,0.7097987429877056,1.0,0.9788726608984484,0.7675972699597544,0.9757907873830868,,self-report; not geometry-derived layer count or success,0.9787973627889219,0.01214120471206167,0.29132098326100936,0.49933467335561016,0.0,0.0,0.0,/srv/slam-research/grf/map-denoise/runs/multiscan-pilot-v1/exploration-v4-confirm-1_0s40f5/outputs/dual_g8_s912211_b0__identity.npz,fd85eb58cb36089bf0e73f7cc54a06beab00aca52e79f5fba65c7a13711acc00,7.838886391716813,0.16111360828318677,0.9798607989646017,8.161343943073655,0.16134394307365518,"GT source-group affine fits evaluated at x=y=0; may extrapolate, not physical layer count"
dual_g8_s912211_b0,dual_g8_s912211_b0,/srv/slam-research/grf/map-denoise/runs/multiscan-pilot-v1/exploration-v4-confirm-1_0s40f5/synthetics/identifiable/dual_g8_s912211_b0.json,fast,confirmation,full,true_bilayer,8.0,0.0,912211,768,8,1.0,True,0.009401839997735806,True,True,1.0835174083883055,1.3397132460010739,2.567218855769076,0.5390625,0.9231770833333334,1.0260832231135595,1.0,1.34457075010948,1.0835129266514405,1.2979758019896273,2,self-report; not geometry-derived layer count or success,1.3445159326680027,0.012141204712061432,1.6277108449789008,2.1732295931224277,1.2624458002006902,2.2820742107623038,1.0,/srv/slam-research/grf/map-denoise/runs/multiscan-pilot-v1/exploration-v4-confirm-1_0s40f5/outputs/dual_g8_s912211_b0__fast.npz,27df1a969b393459b39eda8c761a9e527ce59f1c425a1e9e9959a52215ccb91f,7.30318440446352,0.6968155955364796,0.91289805055794,5.366215895551621,2.633784104448379,"GT source-group affine fits evaluated at x=y=0; may extrapolate, not physical layer count"
dual_g8_s912211_b0,dual_g8_s912211_b0,/srv/slam-research/grf/map-denoise/runs/multiscan-pilot-v1/exploration-v4-confirm-1_0s40f5/synthetics/identifiable/dual_g8_s912211_b0.json,open3d_icp_then_xyz,confirmation,full,true_bilayer,8.0,0.0,912211,768,8,1.0,True,0.015020613005617633,True,True,0.9528304591502431,1.1731022509598277,2.180387984255151,0.2109375,0.7096354166666666,1.6757467427415564,1.0,3.875957958409599,0.9428772415355002,1.08881323738916,2,self-report; not geometry-derived layer count or success,3.875938943673964,0.012140851299087584,1.782768145633516,2.5333482344852043,3.8599797382133167,7.736273010709052,1.0,/srv/slam-research/grf/map-denoise/runs/multiscan-pilot-v1/exploration-v4-confirm-1_0s40f5/outputs/dual_g8_s912211_b0__open3d_icp_then_xyz.npz,856a4f3527a9cedaeb2330e756181a4e3b06b8f6bcdd0e5021d1f9be39e8ef15,7.186496560141734,0.8135034398582661,0.8983120700177167,4.997921684897616,3.002078315102384,"GT source-group affine fits evaluated at x=y=0; may extrapolate, not physical layer count"
dual_g8_s912211_b0,dual_g8_s912211_b0,/srv/slam-research/grf/map-denoise/runs/multiscan-pilot-v1/exploration-v4-confirm-1_0s40f5/synthetics/identifiable/dual_g8_s912211_b0.json,graph_shared,confirmation,full,true_bilayer,8.0,0.0,912211,768,8,1.0,True,0.11484550600289367,True,True,0.4871281887803371,0.7795316598765789,1.8728401792042713,0.8359375,0.9752604166666666,0.4693771605340256,1.0,0.7795551522180703,0.4871281887803371,0.7489321415225402,,self-report; not geometry-derived layer count or success,0.7794218561821118,0.01441545890251472,0.6647697171088393,0.977956479182084,1.0397681753610089,2.0993518207712767,0.9713541666666666,/srv/slam-research/grf/map-denoise/runs/multiscan-pilot-v1/exploration-v4-confirm-1_0s40f5/outputs/dual_g8_s912211_b0__graph_shared.npz,3d4ce6d55e60b68a807c7e380c4e1608b774f0aa5e250b3af9cbb21acbb080a8,7.54649042683852,0.45350957316148044,0.943311303354815,6.728412932261509,1.2715870677384906,"GT source-group affine fits evaluated at x=y=0; may extrapolate, not physical layer count"
dual_g8_s912211_b0,dual_g8_s912211_b0,/srv/slam-research/grf/map-denoise/runs/multiscan-pilot-v1/exploration-v4-confirm-1_0s40f5/synthetics/identifiable/dual_g8_s912211_b0.json,pool_independent,confirmation,full,true_bilayer,8.0,0.0,912211,768,8,1.0,True,0.1384394560009241,True,True,0.3301581826381848,0.5387726665514259,1.0777521803822563,0.94921875,0.9973958333333334,0.3148044440281625,1.0,0.5387990065236317,0.33015818263818486,0.5279040593715627,,self-report; not geometry-derived layer count or success,0.5381898739585685,0.025613063059943243,0.1903913483658293,0.21541743317787132,0.9186374160583631,1.7808894840337175,0.9713541666666666,/srv/slam-research/grf/map-denoise/runs/multiscan-pilot-v1/exploration-v4-confirm-1_0s40f5/outputs/dual_g8_s912211_b0__pool_independent.npz,de052f45c9a0b38efb216947d04697b68bc0013412c11c99b8ff03b5563598e1,7.7802023935540445,0.21979760644595547,0.9725252991942556,7.789743417705461,0.21025658229453903,"GT source-group affine fits evaluated at x=y=0; may extrapolate, not physical layer count"
dual_g8_s912211_b0,dual_g8_s912211_b0,/srv/slam-research/grf/map-denoise/runs/multiscan-pilot-v1/exploration-v4-confirm-1_0s40f5/synthetics/identifiable/dual_g8_s912211_b0.json,pool_global,confirmation,full,true_bilayer,8.0,0.0,912211,768,8,1.0,True,0.13706805199035443,True,True,1.7473162006815286,2.0732577243151935,3.7535001384233704,0.3151041666666667,0.6184895833333334,1.7288201770414682,1.0,2.0793185873440514,1.7504406337937877,1.7074347596959252,,self-report; not geometry-derived layer count or success,2.0778869145754464,0.07714763710311555,5.065303518162366,5.1653662012126915,2.2662038173277184,4.195939314451506,0.9713541666666666,/srv/slam-research/grf/map-denoise/runs/multiscan-pilot-v1/exploration-v4-confirm-1_0s40f5/outputs/dual_g8_s912211_b0__pool_global.npz,62edb44bbd2638b1a1bfcee65376d960015cf4e6812ef9e0486e9637d4771ebc,5.511376063692261,2.4886239363077394,0.6889220079615326,0.15370401982114235,7.846295980178858,"GT source-group affine fits evaluated at x=y=0; may extrapolate, not physical layer count"
dual_g8_s912211_b0,dual_g8_s912211_b0,/srv/slam-research/grf/map-denoise/runs/multiscan-pilot-v1/exploration-v4-confirm-1_0s40f5/synthetics/identifiable/dual_g8_s912211_b0.json,pool_compatible,confirmation,full,true_bilayer,8.0,0.0,912211,768,8,1.0,True,0.14155733700317796,True,True,0.28026871309207585,0.5202311120169526,1.024388186848075,0.9505208333333334,0.99609375,0.26247870386764927,1.0,0.5202601737338494,0.28026871309207596,0.5080560111570906,,self-report; not geometry-derived layer count or success,0.5195989489484044,0.026221758623109548,0.20676778591046738,0.2413745196104584,0.9481853664679304,1.8947013791731684,0.9713541666666666,/srv/slam-research/grf/map-denoise/runs/multiscan-pilot-v1/exploration-v4-confirm-1_0s40f5/outputs/dual_g8_s912211_b0__pool_compatible.npz,6117eaee7e1c2beb59eb996b87e89ce827ec4c5c6bd9545804f897d872d34a62,7.771389456570655,0.22861054342934484,0.9714236820713319,7.741412516923907,0.25858748307609325,"GT source-group affine fits evaluated at x=y=0; may extrapolate, not physical layer count"
dual_g8_s912211_b0,dual_g8_s912211_b0,/srv/slam-research/grf/map-denoise/runs/multiscan-pilot-v1/exploration-v4-confirm-1_0s40f5/synthetics/identifiable/dual_g8_s912211_b0.json,graph_bias_only,confirmation,full,true_bilayer,8.0,0.0,912211,768,8,1.0,True,0.15071593500033487,True,True,0.4866811632728884,0.7794202944570306,1.8728397288514222,0.8359375,0.9752604166666666,0.4691024253043558,1.0,0.7794437978835573,0.4866811632728883,0.748941590273664,,self-report; not geometry-derived layer count or success,0.779297985648765,0.0150759285923303,0.6628753491558874,0.9779564684424874,1.0399391705708823,2.099352037933732,1.0,/srv/slam-research/grf/map-denoise/runs/multiscan-pilot-v1/exploration-v4-confirm-1_0s40f5/outputs/dual_g8_s912211_b0__graph_bias_only.npz,7c1323c1b7af4633ba68176224b167a3e0bbeccf01c5e9d0bcc2beacfa74fe5f,7.547500813367506,0.4524991866324939,0.9434376016709383,6.729829007703734,1.2701709922962658,"GT source-group affine fits evaluated at x=y=0; may extrapolate, not physical layer count"
dual_g8_s912211_b0,dual_g8_s912211_b0,/srv/slam-research/grf/map-denoise/runs/multiscan-pilot-v1/exploration-v4-confirm-1_0s40f5/synthetics/identifiable/dual_g8_s912211_b0.json,graph_projected_bias_only,confirmation,full,true_bilayer,8.0,0.0,912211,768,8,1.0,True,0.15566137699352112,True,True,0.4866486920869726,0.77934213677566,1.873088683537659,0.8359375,0.9752604166666666,0.4693148230601141,1.0,0.7793920838462146,0.4866486920869726,0.7488598571979109,,self-report; not geometry-derived layer count or success,0.7792471531199534,0.015029794296419886,0.6627861124504715,0.9775012490637226,1.039862255045746,2.099350763066628,1.0,/srv/slam-research/grf/map-denoise/runs/multiscan-pilot-v1/exploration-v4-confirm-1_0s40f5/outputs/dual_g8_s912211_b0__graph_projected_bias_only.npz,7565111170e0d565db2408b0b258ab095747a1d0fc6b1a7c556a727e1cd83da8,7.547491151677626,0.45250884832237404,0.9434363939597032,6.730124555076387,1.2698754449236134,"GT source-group affine fits evaluated at x=y=0; may extrapolate, not physical layer count"
dual_g8_s912211_b0,dual_g8_s912211_b0,/srv/slam-research/grf/map-denoise/runs/multiscan-pilot-v1/exploration-v4-confirm-1_0s40f5/synthetics/identifiable/dual_g8_s912211_b0.json,zero_balanced_6,confirmation,full,true_bilayer,8.0,0.0,912211,768,8,1.0,True,0.6815108190057799,True,True,0.48799678713349676,0.783802057578431,1.87235261914189,0.8346354166666666,0.9700520833333334,0.4690970895780267,1.0,0.7838425373057174,0.48799678713349676,0.7525653107803858,,self-report; not geometry-derived layer count or success,0.7838077657784974,0.0073830613694515395,0.6741758845508241,0.986932418592876,1.0460230775144645,2.0657421215922733,1.0,/srv/slam-research/grf/map-denoise/runs/multiscan-pilot-v1/exploration-v4-confirm-1_0s40f5/outputs/dual_g8_s912211_b0__zero_balanced_6.npz,2c13048c3cf22077f7fdbd7c794e3f497dfcf62c7e6c19b2da4347c61a3ba6d2,7.539847060560429,0.46015293943957136,0.9424808825700536,6.714324449381658,1.2856755506183424,"GT source-group affine fits evaluated at x=y=0; may extrapolate, not physical layer count"
dual_g8_s912211_b0,dual_g8_s912211_b0,/srv/slam-research/grf/map-denoise/runs/multiscan-pilot-v1/exploration-v4-confirm-1_0s40f5/synthetics/identifiable/dual_g8_s912211_b0.json,zero_unbalanced_6,confirmation,full,true_bilayer,8.0,0.0,912211,768,8,1.0,True,0.6835453850071644,True,True,0.48521340065227525,0.7763354507944338,1.8364246953769274,0.8346354166666666,0.9739583333333334,0.46881152253940206,1.0,0.7763730931471603,0.4852134006522753,0.745138076007723,,self-report; not geometry-derived layer count or success,0.7763165143336881,0.009372797644332716,0.6707751461349242,0.9779158517768243,1.0393246295417555,2.092368931644354,1.0,/srv/slam-research/grf/map-denoise/runs/multiscan-pilot-v1/exploration-v4-confirm-1_0s40f5/outputs/dual_g8_s912211_b0__zero_unbalanced_6.npz,b71767e6461bea3957233af63a2df5de3627ffc4afa03392c8789fc36eeca867,7.542535387766521,0.4574646122334789,0.9428169234708151,6.719971446276018,1.280028553723982,"GT source-group affine fits evaluated at x=y=0; may extrapolate, not physical layer count"
dual_g8_s912211_b0,dual_g8_s912211_b0,/srv/slam-research/grf/map-denoise/runs/multiscan-pilot-v1/exploration-v4-confirm-1_0s40f5/synthetics/identifiable/dual_g8_s912211_b0.json,warm_balanced_2,confirmation,full,true_bilayer,8.0,0.0,912211,768,8,1.0,True,0.37041761800355744,True,True,0.488109391151409,0.7840279944328883,1.8749386301744575,0.8346354166666666,0.9700520833333334,0.46918762393310337,1.0,0.7840679766623172,0.4881093911514091,0.7527012468658977,,self-report; not geometry-derived layer count or success,0.784037365133535,0.006928354913224869,0.6753506564974442,0.9862516675210591,1.046061558213583,2.068195681894286,1.0,/srv/slam-research/grf/map-denoise/runs/multiscan-pilot-v1/exploration-v4-confirm-1_0s40f5/outputs/dual_g8_s912211_b0__warm_balanced_2.npz,f10899deb201131c30f8fffeff1b730883893874b61ef4a701accaf63f2d587e,7.539098365029991,0.4609016349700088,0.9423872956287489,6.713281074105286,1.2867189258947143,"GT source-group affine fits evaluated at x=y=0; may extrapolate, not physical layer count"
dual_g8_s912211_b0,dual_g8_s912211_b0,/srv/slam-research/grf/map-denoise/runs/multiscan-pilot-v1/exploration-v4-confirm-1_0s40f5/synthetics/identifiable/dual_g8_s912211_b0.json,warm_unbalanced_2,confirmation,full,true_bilayer,8.0,0.0,912211,768,8,1.0,True,0.36908971500815824,True,True,0.48331450033995166,0.7741326647507033,1.8363171484777203,0.8372395833333334,0.9739583333333334,0.46691076951579485,1.0,0.7741721670870281,0.4833145003399517,0.7432617107516766,,self-report; not geometry-derived layer count or success,0.7740811832388371,0.011868700341120739,0.6681100781318349,0.9777767788817613,1.0376349038552333,2.093526567557949,1.0,/srv/slam-research/grf/map-denoise/runs/multiscan-pilot-v1/exploration-v4-confirm-1_0s40f5/outputs/dual_g8_s912211_b0__warm_unbalanced_2.npz,8d505a225a58f1592bbc54cb95180873c0c4425c40fd3633e9506c20943c481d,7.54580868941646,0.45419131058354,0.9432260861770575,6.725656803223851,1.2743431967761492,"GT source-group affine fits evaluated at x=y=0; may extrapolate, not physical layer count"
dual_g8_s912211_b4,dual_g8_s912211_b4,/srv/slam-research/grf/map-denoise/runs/multiscan-pilot-v1/exploration-v4-confirm-1_0s40f5/synthetics/identifiable/dual_g8_s912211_b4.json,identity,confirmation,full,true_bilayer,8.0,4.0,912211,768,8,1.0,True,1.5165991499088705e-05,True,True,3.2149620358761606,3.914115779289143,6.9169725207017745,0.23567708333333334,0.5013020833333334,2.145458076426669,1.0,4.086631452742466,3.3831855671303983,4.069900503554471,,self-report; not geometry-derived layer count or success,4.086613417206494,0.012141204712062129,0.787641893941666,0.8988438178705095,0.0,0.0,0.0,/srv/slam-research/grf/map-denoise/runs/multiscan-pilot-v1/exploration-v4-confirm-1_0s40f5/outputs/dual_g8_s912211_b4__identity.npz,519776baf1152bd507a377c9936138759f843d02e641d06a889157210a510cbe,8.775973551156467,0.7759735511564667,1.0969966938945583,8.18622850722341,0.18622850722340978,"GT source-group affine fits evaluated at x=y=0; may extrapolate, not physical layer count"
dual_g8_s912211_b4,dual_g8_s912211_b4,/srv/slam-research/grf/map-denoise/runs/multiscan-pilot-v1/exploration-v4-confirm-1_0s40f5/synthetics/identifiable/dual_g8_s912211_b4.json,fast,confirmation,full,true_bilayer,8.0,4.0,912211,768,8,1.0,True,0.009168030999717303,True,True,1.2265541804308497,1.47643783292551,2.705045074817796,0.37109375,0.8802083333333334,1.2628232737745015,1.0,1.5387305726241165,1.227455935828314,1.472569273014414,2,self-report; not geometry-derived layer count or success,1.5386826723779927,0.012141204712061935,1.9790540373329282,2.013840428125981,3.9554663158403143,7.06468662395348,1.0,/srv/slam-research/grf/map-denoise/runs/multiscan-pilot-v1/exploration-v4-confirm-1_0s40f5/outputs/dual_g8_s912211_b4__fast.npz,16377cc08339ec4914fbb082b20728aa38b152dc90436fa42c9000fa898cae09,7.700827882956912,0.29917211704308766,0.962603485369614,5.670229084158523,2.329770915841477,"GT source-group affine fits evaluated at x=y=0; may extrapolate, not physical layer count"
dual_g8_s912211_b4,dual_g8_s912211_b4,/srv/slam-research/grf/map-denoise/runs/multiscan-pilot-v1/exploration-v4-confirm-1_0s40f5/synthetics/identifiable/dual_g8_s912211_b4.json,open3d_icp_then_xyz,confirmation,full,true_bilayer,8.0,4.0,912211,768,8,1.0,True,0.016347684999345802,True,True,1.0124778015251439,1.2187049781365034,2.154405220387666,0.18880208333333334,0.6979166666666666,1.699868785634689,1.0,3.395130475322776,1.0100655242378658,1.1983646071456506,2,self-report; not geometry-derived layer count or success,3.3951087680302123,0.012140745851310263,1.9393611546419514,2.074918514119446,5.231219827444048,8.895987790768393,1.0,/srv/slam-research/grf/map-denoise/runs/multiscan-pilot-v1/exploration-v4-confirm-1_0s40f5/outputs/dual_g8_s912211_b4__open3d_icp_then_xyz.npz,05a875b9aa2de8f6cbee873c4487179db0a7dc85702a6421adf51a527be364da,7.591070246402808,0.4089297535971923,0.948883780800351,5.697523084438205,2.302476915561795,"GT source-group affine fits evaluated at x=y=0; may extrapolate, not physical layer count"
dual_g8_s912211_b4,dual_g8_s912211_b4,/srv/slam-research/grf/map-denoise/runs/multiscan-pilot-v1/exploration-v4-confirm-1_0s40f5/synthetics/identifiable/dual_g8_s912211_b4.json,graph_shared,confirmation,full,true_bilayer,8.0,4.0,912211,768,8,1.0,True,0.14729787400574423,True,True,0.5433034652924952,0.9763460117215877,1.9773336035678843,0.8216145833333334,0.96484375,0.5051956307953055,1.0,1.028819930149834,0.5563853347999466,1.0092824830885285,,self-report; not geometry-derived layer count or success,1.0277510099949596,0.04688614003998677,0.5873546237547905,0.9792898313493685,4.0800135316540524,7.186333648495066,0.97265625,/srv/slam-research/grf/map-denoise/runs/multiscan-pilot-v1/exploration-v4-confirm-1_0s40f5/outputs/dual_g8_s912211_b4__graph_shared.npz,c099644607ca1376767f1cc02db7d70db9035bb466aeecefa466dc26fc8c45e3,7.59542019217966,0.4045798078203404,0.9494275240224574,6.81279589890107,1.1872041010989296,"GT source-group affine fits evaluated at x=y=0; may extrapolate, not physical layer count"
dual_g8_s912211_b4,dual_g8_s912211_b4,/srv/slam-research/grf/map-denoise/runs/multiscan-pilot-v1/exploration-v4-confirm-1_0s40f5/synthetics/identifiable/dual_g8_s912211_b4.json,pool_independent,confirmation,full,true_bilayer,8.0,4.0,912211,768,8,1.0,True,0.1690168639906915,True,True,0.3874835895516413,0.7977105101652621,1.2117621822701106,0.9388020833333334,0.98828125,0.34322410721132046,1.0,0.861130931249751,0.4005654590590928,0.8550015767885503,,self-report; not geometry-derived layer count or success,0.8592130070175454,0.057441181454864376,0.11369987639794825,0.14112700811324272,4.041886060854663,7.048666396784085,0.97265625,/srv/slam-research/grf/map-denoise/runs/multiscan-pilot-v1/exploration-v4-confirm-1_0s40f5/outputs/dual_g8_s912211_b4__pool_independent.npz,1ecddaecb6a98d6a63bbb694fdc262f6ad224e47aab925d3bc644e83a3441443,7.828356199464446,0.17164380053555384,0.9785445249330558,7.873801489051336,0.1261985109486643,"GT source-group affine fits evaluated at x=y=0; may extrapolate, not physical layer count"
dual_g8_s912211_b4,dual_g8_s912211_b4,/srv/slam-research/grf/map-denoise/runs/multiscan-pilot-v1/exploration-v4-confirm-1_0s40f5/synthetics/identifiable/dual_g8_s912211_b4.json,pool_global,confirmation,full,true_bilayer,8.0,4.0,912211,768,8,1.0,True,0.170651282009203,True,True,1.8043083874850145,2.155271216510208,3.8241328790026508,0.3033854166666667,0.6015625,1.7700677073461824,1.0,2.185326671984961,1.8205296277515168,1.8472093141432533,,self-report; not geometry-derived layer count or success,2.1826810352813726,0.10749958842664677,4.999634399860569,5.164987080010137,4.525182907669176,8.572407914376715,0.97265625,/srv/slam-research/grf/map-denoise/runs/multiscan-pilot-v1/exploration-v4-confirm-1_0s40f5/outputs/dual_g8_s912211_b4__pool_global.npz,9d7ccec48b2e40c2a4f65e7a9bfacbca8918fbcdc4c0a2f286d6d2d7cc5a04a7,5.556949114100217,2.4430508858997833,0.6946186392625271,0.23451110050782376,7.765488899492176,"GT source-group affine fits evaluated at x=y=0; may extrapolate, not physical layer count"
dual_g8_s912211_b4,dual_g8_s912211_b4,/srv/slam-research/grf/map-denoise/runs/multiscan-pilot-v1/exploration-v4-confirm-1_0s40f5/synthetics/identifiable/dual_g8_s912211_b4.json,pool_compatible,confirmation,full,true_bilayer,8.0,4.0,912211,768,8,1.0,True,0.17257821800012607,True,True,0.3350688075583858,0.7841051002624827,1.1205316953466387,0.9388020833333334,0.9869791666666666,0.28916787010529427,1.0,0.8485452195996941,0.3481506770658373,0.8418426612012826,,self-report; not geometry-derived layer count or success,0.8465790427387598,0.05773139614644879,0.12776628568888737,0.13937928179430087,4.0556871061585635,7.075378762986173,0.97265625,/srv/slam-research/grf/map-denoise/runs/multiscan-pilot-v1/exploration-v4-confirm-1_0s40f5/outputs/dual_g8_s912211_b4__pool_compatible.npz,188b0cbd522a4f6366b275e5dc78cc641cdf223849fb9b303e94a43050a7713e,7.818670917697684,0.18132908230231592,0.9773338647122105,7.822397891919133,0.17760210808086718,"GT source-group affine fits evaluated at x=y=0; may extrapolate, not physical layer count"
dual_g8_s912211_b4,dual_g8_s912211_b4,/srv/slam-research/grf/map-denoise/runs/multiscan-pilot-v1/exploration-v4-confirm-1_0s40f5/synthetics/identifiable/dual_g8_s912211_b4.json,graph_bias_only,confirmation,full,true_bilayer,8.0,4.0,912211,768,8,1.0,True,0.18239478699979372,True,True,0.48552911011422023,0.7780635682909041,1.878136825139952,0.8359375,0.9765625,0.47082229142669735,1.0,0.7784365354968381,0.48552911011422023,0.7471156880304279,,self-report; not geometry-derived layer count or success,0.7783203279667021,0.013450162457207877,0.6636038816442009,0.979289093216852,4.139502217461204,7.186337393072366,1.0,/srv/slam-research/grf/map-denoise/runs/multiscan-pilot-v1/exploration-v4-confirm-1_0s40f5/outputs/dual_g8_s912211_b4__graph_bias_only.npz,b605346c0d509167092f328e9bfe139b935b0b932d304d777b275f5fd1959e6b,7.544266885892338,0.4557331141076624,0.9430333607365422,6.725896037618496,1.2741039623815036,"GT source-group affine fits evaluated at x=y=0; may extrapolate, not physical layer count"
dual_g8_s912211_b4,dual_g8_s912211_b4,/srv/slam-research/grf/map-denoise/runs/multiscan-pilot-v1/exploration-v4-confirm-1_0s40f5/synthetics/identifiable/dual_g8_s912211_b4.json,graph_projected_bias_only,confirmation,full,true_bilayer,8.0,4.0,912211,768,8,1.0,True,0.18752479999966454,True,True,0.48480583977425384,0.7796976337150491,1.8846275909351886,0.8346354166666666,0.97265625,0.5444084659631176,1.0,0.8093243889550602,0.4847641221918817,0.7489314742658899,,self-report; not geometry-derived layer count or success,0.8092560787296841,0.010515017666983779,0.6629202635730461,0.96920390326875,4.146250500956678,7.201255397643714,1.0,/srv/slam-research/grf/map-denoise/runs/multiscan-pilot-v1/exploration-v4-confirm-1_0s40f5/outputs/dual_g8_s912211_b4__graph_projected_bias_only.npz,c65aefda7ee9e28be6052c66a75b54c231d3fb7577c77b31d2deacfd61f69713,7.544889250035397,0.45511074996460277,0.9431111562544247,6.731264260949449,1.268735739050551,"GT source-group affine fits evaluated at x=y=0; may extrapolate, not physical layer count"
dual_g8_s912211_b4,dual_g8_s912211_b4,/srv/slam-research/grf/map-denoise/runs/multiscan-pilot-v1/exploration-v4-confirm-1_0s40f5/synthetics/identifiable/dual_g8_s912211_b4.json,zero_balanced_6,confirmation,full,true_bilayer,8.0,4.0,912211,768,8,1.0,True,0.7172351610061014,True,True,0.48400778653545107,0.7819492527652446,1.8417730907228436,0.8294270833333334,0.96875,0.5413295750251316,1.0,0.8080456939062506,0.48398081867695764,0.7608074895913671,,self-report; not geometry-derived layer count or success,0.8080375723768438,0.0036228535397934236,0.7088881500010684,0.9913336413260023,4.0850288015128555,7.103375056662379,1.0,/srv/slam-research/grf/map-denoise/runs/multiscan-pilot-v1/exploration-v4-confirm-1_0s40f5/outputs/dual_g8_s912211_b4__zero_balanced_6.npz,5508aaef8848abcbb2922ff7ff8620a2d13a1e5f94ed2cbc65a4a47d9cb8e439,7.620637396656375,0.37936260334362526,0.9525796745820468,6.772712295268416,1.2272877047315838,"GT source-group affine fits evaluated at x=y=0; may extrapolate, not physical layer count"
dual_g8_s912211_b4,dual_g8_s912211_b4,/srv/slam-research/grf/map-denoise/runs/multiscan-pilot-v1/exploration-v4-confirm-1_0s40f5/synthetics/identifiable/dual_g8_s912211_b4.json,zero_unbalanced_6,confirmation,full,true_bilayer,8.0,4.0,912211,768,8,1.0,True,0.715930603997549,True,True,0.5031244780718126,0.8084450119181638,1.8847106761179697,0.82421875,0.9596354166666666,0.5496418774345253,1.0,0.8315464617256124,0.5030978684518944,0.7913631120258217,,self-report; not geometry-derived layer count or success,0.8313722667004374,0.01701975821691596,0.7613093240382783,1.0930999992182686,4.02857247639142,7.018846752737107,1.0,/srv/slam-research/grf/map-denoise/runs/multiscan-pilot-v1/exploration-v4-confirm-1_0s40f5/outputs/dual_g8_s912211_b4__zero_unbalanced_6.npz,ea7a2b702f99228d7ccb36e6258accf9c9f558a2a3704582cdc78b5afe3bb4d0,7.6545345644066405,0.3454654355933595,0.9568168205508301,6.7246450722719695,1.2753549277280305,"GT source-group affine fits evaluated at x=y=0; may extrapolate, not physical layer count"
dual_g8_s912211_b4,dual_g8_s912211_b4,/srv/slam-research/grf/map-denoise/runs/multiscan-pilot-v1/exploration-v4-confirm-1_0s40f5/synthetics/identifiable/dual_g8_s912211_b4.json,warm_balanced_2,confirmation,full,true_bilayer,8.0,4.0,912211,768,8,1.0,True,0.41278616900672205,True,True,0.4871471555145561,0.78914764267501,1.8733049384730833,0.8294270833333334,0.96875,0.5428241671104331,1.0,0.8153765558234725,0.48711999192209565,0.7687506658527741,,self-report; not geometry-derived layer count or success,0.8152957495710823,0.011479046906228202,0.6905746535509483,0.9805575093014526,4.090396586934643,7.109360506632835,1.0,/srv/slam-research/grf/map-denoise/runs/multiscan-pilot-v1/exploration-v4-confirm-1_0s40f5/outputs/dual_g8_s912211_b4__warm_balanced_2.npz,0cdcba13f579adf73fb2fe61c99fd5e5f4da49e8eaea8ea53fb105d84ec14e50,7.626264281721521,0.3737357182784793,0.9532830352151901,6.794488457424494,1.2055115425755059,"GT source-group affine fits evaluated at x=y=0; may extrapolate, not physical layer count"
dual_g8_s912211_b4,dual_g8_s912211_b4,/srv/slam-research/grf/map-denoise/runs/multiscan-pilot-v1/exploration-v4-confirm-1_0s40f5/synthetics/identifiable/dual_g8_s912211_b4.json,warm_unbalanced_2,confirmation,full,true_bilayer,8.0,4.0,912211,768,8,1.0,True,0.41244051199464593,True,True,0.4896734525641868,0.7937753564463069,1.8693074982888325,0.83203125,0.9674479166666666,0.5444438442515038,1.0,0.8192359204998279,0.48964709492808406,0.773191624073444,,self-report; not geometry-derived layer count or success,0.8192263291661404,0.003964219743009347,0.713506599439313,0.9909607302270323,4.076842496070208,7.081426107630143,1.0,/srv/slam-research/grf/map-denoise/runs/multiscan-pilot-v1/exploration-v4-confirm-1_0s40f5/outputs/dual_g8_s912211_b4__warm_unbalanced_2.npz,7d58710a895d4e181c39afcd9a09d04d2eb6afb20996c0cd8fd804b8da9ef622,7.622769359817846,0.37723064018215435,0.9528461699772307,6.772571353215266,1.227428646784734,"GT source-group affine fits evaluated at x=y=0; may extrapolate, not physical layer count"
ghost_s912223_b0,ghost_s912223_b0,/srv/slam-research/grf/map-denoise/runs/multiscan-pilot-v1/exploration-v4-confirm-1_0s40f5/synthetics/identifiable/ghost_s912223_b0.json,identity,confirmation,full,ghost_monolayer,0.0,0.0,912223,768,8,1.0,True,1.7147001926787198e-05,True,True,0.7898929848094399,0.9830989406667048,1.9594334667378983,0.7174479166666666,0.9778645833333334,0.7437805731584678,1.0,0.9830989406667049,0.7898929848094399,0.9830413625312953,,self-report; not geometry-derived layer count or success,0.9830413625312953,0.010639863373729413,0.06294363773254405,0.06294363773254405,0.0,0.0,0.0,/srv/slam-research/grf/map-denoise/runs/multiscan-pilot-v1/exploration-v4-confirm-1_0s40f5/outputs/ghost_s912223_b0__identity.npz,2f0c5073f943b95064c89401c5120765958dd0058d94ab23fb90866668ff854d,,,,,,
ghost_s912223_b0,ghost_s912223_b0,/srv/slam-research/grf/map-denoise/runs/multiscan-pilot-v1/exploration-v4-confirm-1_0s40f5/synthetics/identifiable/ghost_s912223_b0.json,fast,confirmation,full,ghost_monolayer,0.0,0.0,912223,768,8,1.0,True,0.009165822004433721,True,True,0.03337179775951738,0.03905177594383788,0.06779547833939381,1.0,1.0,0.033424090004244476,1.0,0.03906670928788241,0.03337179775951738,0.03757438637896947,1,self-report; not geometry-derived layer count or success,0.03758990665022047,0.01063986337372941,0.06299753908699969,0.06299753908699969,0.9823235986709501,1.919436153915783,1.0,/srv/slam-research/grf/map-denoise/runs/multiscan-pilot-v1/exploration-v4-confirm-1_0s40f5/outputs/ghost_s912223_b0__fast.npz,b404b47e7da0310a2c54826f91d214067f08041de9abf839b9b730f38e879ce0,,,,,,
ghost_s912223_b0,ghost_s912223_b0,/srv/slam-research/grf/map-denoise/runs/multiscan-pilot-v1/exploration-v4-confirm-1_0s40f5/synthetics/identifiable/ghost_s912223_b0.json,open3d_icp_then_xyz,confirmation,full,ghost_monolayer,0.0,0.0,912223,768,8,1.0,True,0.02493698601028882,True,True,0.03427191800040976,0.04753816937434237,0.06829235038598604,0.5872395833333334,0.9466145833333334,0.8896635244154177,1.0,1.4557447684607496,0.033371298820028324,0.03757832060855883,1,self-report; not geometry-derived layer count or success,1.455705885200795,0.010639863373729429,0.06299753908699965,0.06299753908699965,1.755741051849005,3.580001662079642,1.0,/srv/slam-research/grf/map-denoise/runs/multiscan-pilot-v1/exploration-v4-confirm-1_0s40f5/outputs/ghost_s912223_b0__open3d_icp_then_xyz.npz,c114287efae400c4789bb132cb61bcb0775261e8d80d1f8e2ea2256b704f65f0,,,,,,
ghost_s912223_b0,ghost_s912223_b0,/srv/slam-research/grf/map-denoise/runs/multiscan-pilot-v1/exploration-v4-confirm-1_0s40f5/synthetics/identifiable/ghost_s912223_b0.json,graph_shared,confirmation,full,ghost_monolayer,0.0,0.0,912223,768,8,1.0,True,0.09892796799249481,True,True,0.14141917642018872,0.21781011544074,0.3555646086173316,0.9986979166666666,0.9986979166666666,0.1404124181919044,1.0,0.2178273082505172,0.14141917642018872,0.21771047996522272,,self-report; not geometry-derived layer count or success,0.21772768033276757,0.006587369473317983,0.06388799899175847,0.06388799899175847,0.9546920422133934,1.8543221832244292,0.9986979166666666,/srv/slam-research/grf/map-denoise/runs/multiscan-pilot-v1/exploration-v4-confirm-1_0s40f5/outputs/ghost_s912223_b0__graph_shared.npz,a1b9bb2803bed524faa467bf4304f2ce03fdb9ce9f7a998cc746df908892acc0,,,,,,
ghost_s912223_b0,ghost_s912223_b0,/srv/slam-research/grf/map-denoise/runs/multiscan-pilot-v1/exploration-v4-confirm-1_0s40f5/synthetics/identifiable/ghost_s912223_b0.json,pool_independent,confirmation,full,ghost_monolayer,0.0,0.0,912223,768,8,1.0,True,0.1280026050080778,True,True,0.14482131668858542,0.22119307339371422,0.36303348004098857,0.9986979166666666,0.9986979166666666,0.1438150786819419,1.0,0.22120994496802454,0.14482131668858542,0.2210953650940482,,self-report; not geometry-derived layer count or success,0.22111224381760516,0.006573841091809367,0.06321068645454206,0.06321068645454206,0.9546145330547324,1.8522596852829345,0.9986979166666666,/srv/slam-research/grf/map-denoise/runs/multiscan-pilot-v1/exploration-v4-confirm-1_0s40f5/outputs/ghost_s912223_b0__pool_independent.npz,c368509ef3f1d44dee0ca22b5f21e21df696860da689a6ad07c973ff52ec3002,,,,,,
ghost_s912223_b0,ghost_s912223_b0,/srv/slam-research/grf/map-denoise/runs/multiscan-pilot-v1/exploration-v4-confirm-1_0s40f5/synthetics/identifiable/ghost_s912223_b0.json,pool_global,confirmation,full,ghost_monolayer,0.0,0.0,912223,768,8,1.0,True,0.12083569999958854,True,True,0.03971488114619008,0.1318408885918052,0.07197470381307104,0.9986979166666666,0.9986979166666666,0.03875691853592439,1.0,0.13187036360986512,0.03971488114619008,0.13164301252273933,,self-report; not geometry-derived layer count or success,0.13167253147191804,0.007220613157813963,0.0634891637921764,0.0634891637921764,0.9741651006383023,1.9172206633345297,0.9986979166666666,/srv/slam-research/grf/map-denoise/runs/multiscan-pilot-v1/exploration-v4-confirm-1_0s40f5/outputs/ghost_s912223_b0__pool_global.npz,891261418327df76bdc615db9a9e5a952d29ab650f126443440f29d1ad14491a,,,,,,
ghost_s912223_b0,ghost_s912223_b0,/srv/slam-research/grf/map-denoise/runs/multiscan-pilot-v1/exploration-v4-confirm-1_0s40f5/synthetics/identifiable/ghost_s912223_b0.json,pool_compatible,confirmation,full,ghost_monolayer,0.0,0.0,912223,768,8,1.0,True,0.125892081996426,True,True,0.039714881146190074,0.1318408885918052,0.071974703813071,0.9986979166666666,0.9986979166666666,0.03875691853592438,1.0,0.13187036360986512,0.039714881146190074,0.13164301252273933,,self-report; not geometry-derived layer count or success,0.13167253147191804,0.007220613157813953,0.06348916379217642,0.06348916379217642,0.9741651006383023,1.91722066333453,0.9986979166666666,/srv/slam-research/grf/map-denoise/runs/multiscan-pilot-v1/exploration-v4-confirm-1_0s40f5/outputs/ghost_s912223_b0__pool_compatible.npz,439068c7a359b779132d38a5c97a05bd02e0461868a5161d657dcb2e68419ad7,,,,,,
ghost_s912223_b0,ghost_s912223_b0,/srv/slam-research/grf/map-denoise/runs/multiscan-pilot-v1/exploration-v4-confirm-1_0s40f5/synthetics/identifiable/ghost_s912223_b0.json,graph_bias_only,confirmation,full,ghost_monolayer,0.0,0.0,912223,768,8,1.0,True,0.1339202109957114,True,True,0.14127304278264727,0.2155070122102013,0.35556460802787393,0.9986979166666666,0.9986979166666666,0.1404124181605054,1.0,0.21552438905585738,0.14127304278264727,0.21540179290337944,,self-report; not geometry-derived layer count or success,0.21541917794551987,0.006733502147992672,0.06394872846700152,0.06394872846700152,0.954700631752975,1.854322183014645,1.0,/srv/slam-research/grf/map-denoise/runs/multiscan-pilot-v1/exploration-v4-confirm-1_0s40f5/outputs/ghost_s912223_b0__graph_bias_only.npz,8540f28bcd2b166f1ff90709a06e4f7c95a1fd9f89c00156fed8140d7e3a3aa2,,,,,,
ghost_s912223_b0,ghost_s912223_b0,/srv/slam-research/grf/map-denoise/runs/multiscan-pilot-v1/exploration-v4-confirm-1_0s40f5/synthetics/identifiable/ghost_s912223_b0.json,graph_projected_bias_only,confirmation,full,ghost_monolayer,0.0,0.0,912223,768,8,1.0,True,0.1411679040029412,True,True,0.14127284429440135,0.21550679846747767,0.3555639193652306,0.9986979166666666,0.9986979166666666,0.14041252628500836,1.0,0.21552409401129416,0.14127284429440135,0.21540157905645543,,self-report; not geometry-derived layer count or success,0.2154188827570648,0.0067335021413177645,0.06394857567507004,0.06394857567507004,0.9547006534357889,1.854321444322188,1.0,/srv/slam-research/grf/map-denoise/runs/multiscan-pilot-v1/exploration-v4-confirm-1_0s40f5/outputs/ghost_s912223_b0__graph_projected_bias_only.npz,1b764af9daa5e1744efad6609dfd74e3bb4c15e3a8ae0447da702b6f768dca3d,,,,,,
ghost_s912223_b0,ghost_s912223_b0,/srv/slam-research/grf/map-denoise/runs/multiscan-pilot-v1/exploration-v4-confirm-1_0s40f5/synthetics/identifiable/ghost_s912223_b0.json,zero_balanced_6,confirmation,full,ghost_monolayer,0.0,0.0,912223,768,8,1.0,True,0.6545964569959324,True,True,0.1399712866819881,0.21577894549789212,0.36236248151656403,0.9986979166666666,0.9986979166666666,0.13904471769677115,1.0,0.2157962586240496,0.1399712866819881,0.2156738589104768,,self-report; not geometry-derived layer count or success,0.21569118018104502,0.006733500445213058,0.0637045559525995,0.0637045559525995,0.9547448325004222,1.8619128607181352,1.0,/srv/slam-research/grf/map-denoise/runs/multiscan-pilot-v1/exploration-v4-confirm-1_0s40f5/outputs/ghost_s912223_b0__zero_balanced_6.npz,bdb195a4b06078ba35b0164809f705bd6c3286977b83bcd8d8593f5797070abf,,,,,,
ghost_s912223_b0,ghost_s912223_b0,/srv/slam-research/grf/map-denoise/runs/multiscan-pilot-v1/exploration-v4-confirm-1_0s40f5/synthetics/identifiable/ghost_s912223_b0.json,zero_unbalanced_6,confirmation,full,ghost_monolayer,0.0,0.0,912223,768,8,1.0,True,0.6523688199958997,True,True,0.14020791398570379,0.2161405635108494,0.36034768515206905,0.9986979166666666,0.9986979166666666,0.13925554337892354,1.0,0.21615784609569047,0.14020791398570379,0.2160356528456652,,self-report; not geometry-derived layer count or success,0.21605294353235224,0.006733499813204347,0.06384252331661348,0.06384252331661348,0.9547286018225568,1.862753156751659,1.0,/srv/slam-research/grf/map-denoise/runs/multiscan-pilot-v1/exploration-v4-confirm-1_0s40f5/outputs/ghost_s912223_b0__zero_unbalanced_6.npz,75df75bf698a9657ce7ba55fa413593ea22302b3b2c386f1e00edc4df4ad066b,,,,,,
ghost_s912223_b0,ghost_s912223_b0,/srv/slam-research/grf/map-denoise/runs/multiscan-pilot-v1/exploration-v4-confirm-1_0s40f5/synthetics/identifiable/ghost_s912223_b0.json,warm_balanced_2,confirmation,full,ghost_monolayer,0.0,0.0,912223,768,8,1.0,True,0.34114200799376704,True,True,0.1400224994199107,0.21576255370320369,0.36212918797675653,0.9986979166666666,0.9986979166666666,0.13909833279200043,1.0,0.21577986475315286,0.1400224994199107,0.21565745912626413,,self-report; not geometry-derived layer count or success,0.21567477832087312,0.00673350051096712,0.06371350687410057,0.06371350687410057,0.9547418571177214,1.8616026391787992,1.0,/srv/slam-research/grf/map-denoise/runs/multiscan-pilot-v1/exploration-v4-confirm-1_0s40f5/outputs/ghost_s912223_b0__warm_balanced_2.npz,d141a22506710bc17053bc8e396ed90e05f4f2dbda782b9e6f5fc4e42aa5dc05,,,,,,
ghost_s912223_b0,ghost_s912223_b0,/srv/slam-research/grf/map-denoise/runs/multiscan-pilot-v1/exploration-v4-confirm-1_0s40f5/synthetics/identifiable/ghost_s912223_b0.json,warm_unbalanced_2,confirmation,full,ghost_monolayer,0.0,0.0,912223,768,8,1.0,True,0.34124475200951565,True,True,0.1403560603619974,0.215978252674584,0.3591813600814926,0.9986979166666666,0.9986979166666666,0.13941820412716124,1.0,0.21599553641794697,0.1403560603619974,0.21587326311716998,,self-report; not geometry-derived layer count or success,0.21589055497535192,0.006733500197609343,0.06388216393529088,0.06388216393529088,0.9547235722734803,1.861427845931063,1.0,/srv/slam-research/grf/map-denoise/runs/multiscan-pilot-v1/exploration-v4-confirm-1_0s40f5/outputs/ghost_s912223_b0__warm_unbalanced_2.npz,30635f0b282d7e92e45f26e3aa301d9d4f82718b51e80e2b8643d3c2ba37c66b,,,,,,
ghost_s912223_b4,ghost_s912223_b4,/srv/slam-research/grf/map-denoise/runs/multiscan-pilot-v1/exploration-v4-confirm-1_0s40f5/synthetics/identifiable/ghost_s912223_b4.json,identity,confirmation,full,ghost_monolayer,0.0,4.0,912223,768,8,1.0,True,1.5895988326519728e-05,True,True,3.430923170204258,4.079777527868285,6.7896453217832375,0.20182291666666666,0.48046875,2.241753771824883,1.0,4.079777527868285,3.430923170204258,4.07976365371898,,self-report; not geometry-derived layer count or success,4.07976365371898,0.01063986337372936,0.18493597588301558,0.18493597588301558,0.0,0.0,0.0,/srv/slam-research/grf/map-denoise/runs/multiscan-pilot-v1/exploration-v4-confirm-1_0s40f5/outputs/ghost_s912223_b4__identity.npz,3cd1137c99f152f91c80a526c437d30ea8bac9c2463940626b375c36acf1f54c,,,,,,
ghost_s912223_b4,ghost_s912223_b4,/srv/slam-research/grf/map-denoise/runs/multiscan-pilot-v1/exploration-v4-confirm-1_0s40f5/synthetics/identifiable/ghost_s912223_b4.json,fast,confirmation,full,ghost_monolayer,0.0,4.0,912223,768,8,1.0,True,0.014189441993949004,True,True,0.0967273998730638,0.11198577709882189,0.19259933672985247,1.0,1.0,0.09849866694612608,1.0,0.11278029436359882,0.0967273998730638,0.11147918002844931,1,self-report; not geometry-derived layer count or success,0.11227728222631857,0.010639863373728556,0.1877436747186175,0.1877436747186175,4.078262184209217,6.785793600516573,1.0,/srv/slam-research/grf/map-denoise/runs/multiscan-pilot-v1/exploration-v4-confirm-1_0s40f5/outputs/ghost_s912223_b4__fast.npz,9d891c434e408c0a7c17b2c36cb2e92d3043470bac83c8509ccf853af217da76,,,,,,
ghost_s912223_b4,ghost_s912223_b4,/srv/slam-research/grf/map-denoise/runs/multiscan-pilot-v1/exploration-v4-confirm-1_0s40f5/synthetics/identifiable/ghost_s912223_b4.json,open3d_icp_then_xyz,confirmation,full,ghost_monolayer,0.0,4.0,912223,768,8,1.0,True,0.03350125400174875,True,True,0.09884085622096346,0.1264468789690083,0.1948574534925218,0.61328125,0.9075520833333334,1.0432058377581015,1.0,1.8142992840938834,0.09685309307905605,0.1116010923375868,1,self-report; not geometry-derived layer count or success,1.8142680853641684,0.010639863373734591,0.18774367471861753,0.18774367471861753,4.461927188698437,7.453717585467232,1.0,/srv/slam-research/grf/map-denoise/runs/multiscan-pilot-v1/exploration-v4-confirm-1_0s40f5/outputs/ghost_s912223_b4__open3d_icp_then_xyz.npz,e91b5879de91cd0c491157f0946bec72771d809eccd7bd64d8ea686428131b38,,,,,,
ghost_s912223_b4,ghost_s912223_b4,/srv/slam-research/grf/map-denoise/runs/multiscan-pilot-v1/exploration-v4-confirm-1_0s40f5/synthetics/identifiable/ghost_s912223_b4.json,graph_shared,confirmation,full,ghost_monolayer,0.0,4.0,912223,768,8,1.0,True,0.14635139300662559,True,True,0.14005655929369132,0.1988039833085277,0.3554935335994268,0.9986979166666666,0.9986979166666666,0.14129032897420893,1.0,0.19914654518874195,0.14005655929369132,0.19828980070113453,,self-report; not geometry-derived layer count or success,0.1986332490645386,0.014289115671608548,0.06830737348911992,0.06830737348911992,4.072971232861745,6.757697226504319,0.9986979166666666,/srv/slam-research/grf/map-denoise/runs/multiscan-pilot-v1/exploration-v4-confirm-1_0s40f5/outputs/ghost_s912223_b4__graph_shared.npz,54f45b8a8289130a0b54569a8fd83f0784507daf660b3de747c027663d4846ea,,,,,,
ghost_s912223_b4,ghost_s912223_b4,/srv/slam-research/grf/map-denoise/runs/multiscan-pilot-v1/exploration-v4-confirm-1_0s40f5/synthetics/identifiable/ghost_s912223_b4.json,pool_independent,confirmation,full,ghost_monolayer,0.0,4.0,912223,768,8,1.0,True,0.1673375110112829,True,True,0.14345755915466443,0.20250305726033305,0.3631606907056684,0.9986979166666666,0.9986979166666666,0.14465423689958715,1.0,0.2028382776112181,0.14345755915466443,0.20199924780664053,,self-report; not geometry-derived layer count or success,0.20233530258134474,0.014275580324499154,0.06762811971839981,0.06762811971839981,4.073022708291777,6.7583026350094215,0.9986979166666666,/srv/slam-research/grf/map-denoise/runs/multiscan-pilot-v1/exploration-v4-confirm-1_0s40f5/outputs/ghost_s912223_b4__pool_independent.npz,c19ea74792404eb58f28f7dd13f2f651e7b4c8594bd05e0f34e360cd83842696,,,,,,
ghost_s912223_b4,ghost_s912223_b4,/srv/slam-research/grf/map-denoise/runs/multiscan-pilot-v1/exploration-v4-confirm-1_0s40f5/synthetics/identifiable/ghost_s912223_b4.json,pool_global,confirmation,full,ghost_monolayer,0.0,4.0,912223,768,8,1.0,True,0.16650445699633565,True,True,0.038378819418727,0.09734666954038972,0.07197985975885877,0.9986979166666666,0.9986979166666666,0.0411676276849847,1.0,0.09804378160579244,0.038378819418727,0.09619614131724934,,self-report; not geometry-derived layer count or success,0.09690152989025445,0.014922352914083274,0.06810900743442627,0.06810900743442627,4.077971291851673,6.782589013323628,0.9986979166666666,/srv/slam-research/grf/map-denoise/runs/multiscan-pilot-v1/exploration-v4-confirm-1_0s40f5/outputs/ghost_s912223_b4__pool_global.npz,bdd57c85dae33b920848e78a5a7617b70c93c073a1e055627b13f27919a66702,,,,,,
ghost_s912223_b4,ghost_s912223_b4,/srv/slam-research/grf/map-denoise/runs/multiscan-pilot-v1/exploration-v4-confirm-1_0s40f5/synthetics/identifiable/ghost_s912223_b4.json,pool_compatible,confirmation,full,ghost_monolayer,0.0,4.0,912223,768,8,1.0,True,0.1719480700121494,True,True,0.038378819418727,0.09734666954038972,0.07197985975885877,0.9986979166666666,0.9986979166666666,0.0411676276849847,1.0,0.09804378160579244,0.038378819418727,0.09619614131724934,,self-report; not geometry-derived layer count or success,0.09690152989025444,0.014922352914083281,0.06810900743442627,0.06810900743442627,4.077971291851673,6.782589013323628,0.9986979166666666,/srv/slam-research/grf/map-denoise/runs/multiscan-pilot-v1/exploration-v4-confirm-1_0s40f5/outputs/ghost_s912223_b4__pool_compatible.npz,f008fad467f67bbbfee3aa242122d5fa789ffca30e3fcc72ed782d1ef3e97431,,,,,,
ghost_s912223_b4,ghost_s912223_b4,/srv/slam-research/grf/map-denoise/runs/multiscan-pilot-v1/exploration-v4-confirm-1_0s40f5/synthetics/identifiable/ghost_s912223_b4.json,graph_bias_only,confirmation,full,ghost_monolayer,0.0,4.0,912223,768,8,1.0,True,0.18138743499002885,True,True,0.14124699732181256,0.21547805291906455,0.3554935535897462,0.9986979166666666,0.9986979166666666,0.14152119817156306,1.0,0.21579498200715735,0.14124699732181256,0.21537281947357734,,self-report; not geometry-derived layer count or success,0.21568990289829698,0.006733501852125938,0.06394458851109891,0.06394458851109891,4.078349926963632,6.7576972289242185,1.0,/srv/slam-research/grf/map-denoise/runs/multiscan-pilot-v1/exploration-v4-confirm-1_0s40f5/outputs/ghost_s912223_b4__graph_bias_only.npz,bfb33048e323b344edbbeab5b4b90ef0426320448b807c7f5647e87e2b3bbe12,,,,,,
ghost_s912223_b4,ghost_s912223_b4,/srv/slam-research/grf/map-denoise/runs/multiscan-pilot-v1/exploration-v4-confirm-1_0s40f5/synthetics/identifiable/ghost_s912223_b4.json,graph_projected_bias_only,confirmation,full,ghost_monolayer,0.0,4.0,912223,768,8,1.0,True,0.18604568899900187,True,True,0.14127251184223125,0.2155075641400412,0.3555511283132725,0.9986979166666666,0.9986979166666666,0.14042633671754684,1.0,0.21552776003219742,0.14127251184223125,0.21540234510329254,,self-report; not geometry-derived layer count or success,0.21542255056869258,0.00673350213303322,0.06394943086795761,0.06394943086795761,4.078340791033181,6.757693725230206,1.0,/srv/slam-research/grf/map-denoise/runs/multiscan-pilot-v1/exploration-v4-confirm-1_0s40f5/outputs/ghost_s912223_b4__graph_projected_bias_only.npz,5cd7c08010a933215dde29a646c8c5da9648767917c38fe976d3607db6484d33,,,,,,
ghost_s912223_b4,ghost_s912223_b4,/srv/slam-research/grf/map-denoise/runs/multiscan-pilot-v1/exploration-v4-confirm-1_0s40f5/synthetics/identifiable/ghost_s912223_b4.json,zero_balanced_6,confirmation,full,ghost_monolayer,0.0,4.0,912223,768,8,1.0,True,0.6950171259959461,True,True,0.1358252418013911,0.18313960204284216,0.40217156598366566,1.0,1.0,0.13594297983764508,1.0,0.18316243929680792,0.1358252418013911,0.18276366566842478,,self-report; not geometry-derived layer count or success,0.18278654986504894,0.011728442249029723,0.07106964254390101,0.07106964254390101,4.068222835549438,6.746653616483872,1.0,/srv/slam-research/grf/map-denoise/runs/multiscan-pilot-v1/exploration-v4-confirm-1_0s40f5/outputs/ghost_s912223_b4__zero_balanced_6.npz,0215ff2656d31ac86109de45c7ec55fb7f0c151e319923bc23012719223ed175,,,,,,
ghost_s912223_b4,ghost_s912223_b4,/srv/slam-research/grf/map-denoise/runs/multiscan-pilot-v1/exploration-v4-confirm-1_0s40f5/synthetics/identifiable/ghost_s912223_b4.json,zero_unbalanced_6,confirmation,full,ghost_monolayer,0.0,4.0,912223,768,8,1.0,True,0.6927784110011999,True,True,0.1365836579267964,0.1858700644621439,0.42433032294219974,1.0,1.0,0.13668925902945475,1.0,0.18589241599165335,0.1365836579267964,0.18551070590619453,,self-report; not geometry-derived layer count or success,0.18553310070988227,0.011552439750571011,0.07352661866846284,0.07352661866846284,4.066406917103544,6.74138516720639,1.0,/srv/slam-research/grf/map-denoise/runs/multiscan-pilot-v1/exploration-v4-confirm-1_0s40f5/outputs/ghost_s912223_b4__zero_unbalanced_6.npz,232a1da327068e939ee92a097db8a936f830daf5e23d76f27528467cd5605eed,,,,,,
ghost_s912223_b4,ghost_s912223_b4,/srv/slam-research/grf/map-denoise/runs/multiscan-pilot-v1/exploration-v4-confirm-1_0s40f5/synthetics/identifiable/ghost_s912223_b4.json,warm_balanced_2,confirmation,full,ghost_monolayer,0.0,4.0,912223,768,8,1.0,True,0.4062687370023923,True,True,0.13579015286058016,0.18272473538064526,0.4011801576775884,1.0,1.0,0.13590908297802548,1.0,0.1827476712127164,0.13579015286058016,0.1823466485379975,,self-report; not geometry-derived layer count or success,0.18236963189271124,0.01174856148590525,0.07074817837875508,0.07074817837875508,4.068545109770443,6.747411657609437,1.0,/srv/slam-research/grf/map-denoise/runs/multiscan-pilot-v1/exploration-v4-confirm-1_0s40f5/outputs/ghost_s912223_b4__warm_balanced_2.npz,00e61705ff0d5526ebb3b3436a811be45e85fa2589341836ddd9491d1da46438,,,,,,
ghost_s912223_b4,ghost_s912223_b4,/srv/slam-research/grf/map-denoise/runs/multiscan-pilot-v1/exploration-v4-confirm-1_0s40f5/synthetics/identifiable/ghost_s912223_b4.json,warm_unbalanced_2,confirmation,full,ghost_monolayer,0.0,4.0,912223,768,8,1.0,True,0.4026491230033571,True,True,0.13593330625908182,0.18305270031844745,0.4027881259449489,1.0,1.0,0.1360434587534136,1.0,0.18307551900762534,0.13593330625908182,0.18267813015260703,,self-report; not geometry-derived layer count or success,0.18270099559875735,0.01170435248675621,0.07136653182334315,0.07136653182334315,4.068302603000001,6.746673670501133,1.0,/srv/slam-research/grf/map-denoise/runs/multiscan-pilot-v1/exploration-v4-confirm-1_0s40f5/outputs/ghost_s912223_b4__warm_unbalanced_2.npz,53bcc984b26fc77d5a9b511c3d9bfbac9d08b282d2f5ebd7519f612f5be49ec3,,,,,,
dual_g2_s912223_b0,dual_g2_s912223_b0,/srv/slam-research/grf/map-denoise/runs/multiscan-pilot-v1/exploration-v4-confirm-1_0s40f5/synthetics/identifiable/dual_g2_s912223_b0.json,identity,confirmation,full,true_bilayer,2.0,0.0,912223,768,8,1.0,True,1.7597005353309214e-05,True,True,0.7568153309027045,0.9464939945027809,1.8560034596648591,0.71875,0.9791666666666666,0.7354667105293036,1.0,0.9830989406667049,0.7898929848094399,0.9828988551854324,,self-report; not geometry-derived layer count or success,0.9830413625312954,0.010639863373729389,0.113361484557581,0.11617491868823938,0.0,0.0,0.0,/srv/slam-research/grf/map-denoise/runs/multiscan-pilot-v1/exploration-v4-confirm-1_0s40f5/outputs/dual_g2_s912223_b0__identity.npz,20e9689ea06ab04a4553df294281f8491ea72da8086ab27840e4ca292b6d03a4,2.0340804469029705,0.03408044690297052,1.0170402234514853,1.9469704820352924,0.05302951796470756,"GT source-group affine fits evaluated at x=y=0; may extrapolate, not physical layer count"
dual_g2_s912223_b0,dual_g2_s912223_b0,/srv/slam-research/grf/map-denoise/runs/multiscan-pilot-v1/exploration-v4-confirm-1_0s40f5/synthetics/identifiable/dual_g2_s912223_b0.json,fast,confirmation,full,true_bilayer,2.0,0.0,912223,768,8,1.0,True,0.008628923998912796,True,True,0.4354026155964614,0.5193365023384648,0.9258507374801266,0.9466145833333334,1.0,0.44667918244879684,1.0,0.5378415235547888,0.4448050515966009,0.4664384348614918,1,self-report; not geometry-derived layer count or success,0.5377362715747608,0.010639863373729347,1.4201252038720227,1.4201252038720242,1.111068639356643,2.177621465047457,1.0,/srv/slam-research/grf/map-denoise/runs/multiscan-pilot-v1/exploration-v4-confirm-1_0s40f5/outputs/dual_g2_s912223_b0__fast.npz,c14789197fdaca34a222d666d95e19f5cbd937ea3578beb8454ab1c3479f2a52,1.4580835157056167,0.5419164842943833,0.7290417578528083,-2.220446049250313e-16,2.0,"GT source-group affine fits evaluated at x=y=0; may extrapolate, not physical layer count"
dual_g2_s912223_b0,dual_g2_s912223_b0,/srv/slam-research/grf/map-denoise/runs/multiscan-pilot-v1/exploration-v4-confirm-1_0s40f5/synthetics/identifiable/dual_g2_s912223_b0.json,open3d_icp_then_xyz,confirmation,full,true_bilayer,2.0,0.0,912223,768,8,1.0,True,0.0255425200011814,True,True,0.39329257443869375,0.48866350020144717,0.9138895933679768,0.2864583333333333,0.7513020833333334,1.5577587167957319,1.0,2.8894906515219536,0.3888313671013163,0.43150569810405864,2,self-report; not geometry-derived layer count or success,2.889470880653327,0.010689017225692408,1.1441796528294008,1.1541344884266975,2.985508997836535,5.217430140332446,1.0,/srv/slam-research/grf/map-denoise/runs/multiscan-pilot-v1/exploration-v4-confirm-1_0s40f5/outputs/dual_g2_s912223_b0__open3d_icp_then_xyz.npz,92ae61208b511b8c529ce3f9f74360e0b15f7b1faf91205a04e750c99289fde3,1.5755244703052214,0.42447552969477864,0.7877622351526107,0.4118792935233122,1.5881207064766878,"GT source-group affine fits evaluated at x=y=0; may extrapolate, not physical layer count"
dual_g2_s912223_b0,dual_g2_s912223_b0,/srv/slam-research/grf/map-denoise/runs/multiscan-pilot-v1/exploration-v4-confirm-1_0s40f5/synthetics/identifiable/dual_g2_s912223_b0.json,graph_shared,confirmation,full,true_bilayer,2.0,0.0,912223,768,8,1.0,True,0.10123597600613721,True,True,0.23982061891081988,0.3574169521623314,0.8443335696823437,0.9583333333333334,1.0,0.24223644750473874,1.0,0.3647244336444644,0.24198505812310367,0.35329729680033567,,self-report; not geometry-derived layer count or success,0.36456447689546523,0.010800679756899098,0.7006503797592813,1.0028904458871317,1.0180130371328087,2.016930497123292,1.0,/srv/slam-research/grf/map-denoise/runs/multiscan-pilot-v1/exploration-v4-confirm-1_0s40f5/outputs/dual_g2_s912223_b0__graph_shared.npz,8904f3e688175893fe6ed3c820d0fd4d4318575c5b4acab2ce65f06ee17af312,1.8182738726712184,0.18172612732878157,0.9091369363356092,0.9942274157139059,1.005772584286094,"GT source-group affine fits evaluated at x=y=0; may extrapolate, not physical layer count"
dual_g2_s912223_b0,dual_g2_s912223_b0,/srv/slam-research/grf/map-denoise/runs/multiscan-pilot-v1/exploration-v4-confirm-1_0s40f5/synthetics/identifiable/dual_g2_s912223_b0.json,pool_independent,confirmation,full,true_bilayer,2.0,0.0,912223,768,8,1.0,True,0.12287297598959412,True,True,0.24284789013827948,0.3592236362241858,0.8540209099610411,0.9596354166666666,1.0,0.2452048795304038,1.0,0.3662431933528201,0.24493272419956824,0.3550765604052804,,self-report; not geometry-derived layer count or success,0.3660839187413389,0.010800051678392824,0.6908796664571198,0.9801687690088089,1.0180164103964484,2.017604234453032,1.0,/srv/slam-research/grf/map-denoise/runs/multiscan-pilot-v1/exploration-v4-confirm-1_0s40f5/outputs/dual_g2_s912223_b0__pool_independent.npz,ec409e2c0617fcec6a1c0f266265386bafd85586081a5e47938183c2fb9c440e,1.8199809189302123,0.1800190810697877,0.9099904594651061,1.0110339549441059,0.9889660450558941,"GT source-group affine fits evaluated at x=y=0; may extrapolate, not physical layer count"
dual_g2_s912223_b0,dual_g2_s912223_b0,/srv/slam-research/grf/map-denoise/runs/multiscan-pilot-v1/exploration-v4-confirm-1_0s40f5/synthetics/identifiable/dual_g2_s912223_b0.json,pool_global,confirmation,full,true_bilayer,2.0,0.0,912223,768,8,1.0,True,0.12386793599580415,True,True,0.4356073897106209,0.5195380058837612,0.9263291731371057,0.9479166666666666,1.0,0.4455261106102095,1.0,0.5376183538533589,0.44509207889549907,0.4658243401043665,,self-report; not geometry-derived layer count or success,0.537509578858316,0.010814205266738834,1.4170869508956896,1.4170869508956903,1.111185968759443,2.1825798894484145,1.0,/srv/slam-research/grf/map-denoise/runs/multiscan-pilot-v1/exploration-v4-confirm-1_0s40f5/outputs/dual_g2_s912223_b0__pool_global.npz,010d98402b8cccf0fd67f046a97fdaf8db1f89ae8094e029d665260b99f13eb1,1.454489907086365,0.545510092913635,0.7272449535431825,-6.661338147750939e-16,2.000000000000001,"GT source-group affine fits evaluated at x=y=0; may extrapolate, not physical layer count"
dual_g2_s912223_b0,dual_g2_s912223_b0,/srv/slam-research/grf/map-denoise/runs/multiscan-pilot-v1/exploration-v4-confirm-1_0s40f5/synthetics/identifiable/dual_g2_s912223_b0.json,pool_compatible,confirmation,full,true_bilayer,2.0,0.0,912223,768,8,1.0,True,0.1269972830050392,True,True,0.2807407460285672,0.4001803197670959,0.9030884116538399,0.9700520833333334,1.0,0.2835920475610219,1.0,0.40734330335790475,0.28320461965580673,0.38959816303248396,,self-report; not geometry-derived layer count or success,0.4072000872747986,0.010800727472093336,0.7787650267030438,0.9038663773852256,1.0313794682205122,1.9781437646386058,1.0,/srv/slam-research/grf/map-denoise/runs/multiscan-pilot-v1/exploration-v4-confirm-1_0s40f5/outputs/dual_g2_s912223_b0__pool_compatible.npz,1acf2234a7c5c47f0a15a7f7113278285c7b8b832a804ed81d5a396ae6e238a1,1.7599391190512423,0.24006088094875766,0.8799695595256212,0.9487842487074226,1.0512157512925775,"GT source-group affine fits evaluated at x=y=0; may extrapolate, not physical layer count"
dual_g2_s912223_b0,dual_g2_s912223_b0,/srv/slam-research/grf/map-denoise/runs/multiscan-pilot-v1/exploration-v4-confirm-1_0s40f5/synthetics/identifiable/dual_g2_s912223_b0.json,graph_bias_only,confirmation,full,true_bilayer,2.0,0.0,912223,768,8,1.0,True,0.1389164849970257,True,True,0.23982061784390185,0.3574169500723098,0.8443335847809378,0.9583333333333334,1.0,0.24223644629664173,1.0,0.36472443088591183,0.2419850568314222,0.35329729436872676,,self-report; not geometry-derived layer count or success,0.3645644741348292,0.010800679786371913,0.7006503806388947,1.0028904318781156,1.0180130372805076,2.0169304927410434,1.0,/srv/slam-research/grf/map-denoise/runs/multiscan-pilot-v1/exploration-v4-confirm-1_0s40f5/outputs/dual_g2_s912223_b0__graph_bias_only.npz,67f34357857881953062f04c336b111f552abad2bcde8e03485fd270347c0379,1.8182738760331214,0.1817261239668786,0.9091369380165607,0.994227424392431,1.005772575607569,"GT source-group affine fits evaluated at x=y=0; may extrapolate, not physical layer count"
dual_g2_s912223_b0,dual_g2_s912223_b0,/srv/slam-research/grf/map-denoise/runs/multiscan-pilot-v1/exploration-v4-confirm-1_0s40f5/synthetics/identifiable/dual_g2_s912223_b0.json,graph_projected_bias_only,confirmation,full,true_bilayer,2.0,0.0,912223,768,8,1.0,True,0.14629372200579382,True,True,0.23982081504866315,0.3574168932975141,0.8443503816944052,0.9583333333333334,1.0,0.24223912300794379,1.0,0.36472544895710335,0.2419847828723264,0.35329649178479905,,self-report; not geometry-derived layer count or success,0.36456549092323287,0.010800738162864962,0.7006416353283681,1.0028693011894871,1.0180129701461211,2.0169246040685844,1.0,/srv/slam-research/grf/map-denoise/runs/multiscan-pilot-v1/exploration-v4-confirm-1_0s40f5/outputs/dual_g2_s912223_b0__graph_projected_bias_only.npz,0adebabca02f09ebf21850dcbfbc09840fc7adea232d9efa9b081514d90dfeee,1.8182754500618719,0.18172454993812814,0.9091377250309359,0.9942430479701235,1.0057569520298766,"GT source-group affine fits evaluated at x=y=0; may extrapolate, not physical layer count"
dual_g2_s912223_b0,dual_g2_s912223_b0,/srv/slam-research/grf/map-denoise/runs/multiscan-pilot-v1/exploration-v4-confirm-1_0s40f5/synthetics/identifiable/dual_g2_s912223_b0.json,zero_balanced_6,confirmation,full,true_bilayer,2.0,0.0,912223,768,8,1.0,True,0.753488856003969,True,True,0.23702594371192523,0.35589053389532505,0.827546561418441,0.9583333333333334,1.0,0.23954352244428753,1.0,0.36367929827732026,0.23933242888536835,0.35234558533658095,,self-report; not geometry-derived layer count or success,0.36351297197620625,0.010997781617668463,0.7118193759393622,1.0389734753743745,1.0180463896554808,2.015838373975844,1.0,/srv/slam-research/grf/map-denoise/runs/multiscan-pilot-v1/exploration-v4-confirm-1_0s40f5/outputs/dual_g2_s912223_b0__zero_balanced_6.npz,b73aca6c1bbb9681c33f49f3fcb1a7f33ffaeb14767ffd11830e4753efbda1c5,1.8193596451521286,0.18064035484787144,0.9096798225760643,0.9730324615049695,1.0269675384950305,"GT source-group affine fits evaluated at x=y=0; may extrapolate, not physical layer count"
dual_g2_s912223_b0,dual_g2_s912223_b0,/srv/slam-research/grf/map-denoise/runs/multiscan-pilot-v1/exploration-v4-confirm-1_0s40f5/synthetics/identifiable/dual_g2_s912223_b0.json,zero_unbalanced_6,confirmation,full,true_bilayer,2.0,0.0,912223,768,8,1.0,True,0.7600538309925469,True,True,0.23744188213635806,0.3560069640913503,0.8277625792588141,0.9583333333333334,1.0,0.23996463362403772,1.0,0.3637118079427045,0.23972673191428429,0.3522711774309958,,self-report; not geometry-derived layer count or success,0.3635461990639312,0.010974533389592622,0.7101971189731757,1.0339534497717378,1.0180010326820934,2.0126062476693547,1.0,/srv/slam-research/grf/map-denoise/runs/multiscan-pilot-v1/exploration-v4-confirm-1_0s40f5/outputs/dual_g2_s912223_b0__zero_unbalanced_6.npz,52d1152db37fcca36ac73433afd695b5da066517777a5eff2698395daed05afa,1.8184812402263726,0.18151875977362741,0.9092406201131863,0.9751622749440038,1.0248377250559964,"GT source-group affine fits evaluated at x=y=0; may extrapolate, not physical layer count"
dual_g2_s912223_b0,dual_g2_s912223_b0,/srv/slam-research/grf/map-denoise/runs/multiscan-pilot-v1/exploration-v4-confirm-1_0s40f5/synthetics/identifiable/dual_g2_s912223_b0.json,warm_balanced_2,confirmation,full,true_bilayer,2.0,0.0,912223,768,8,1.0,True,0.37671840700204484,True,True,0.23713313707054495,0.35594543671577855,0.828251785892456,0.9583333333333334,1.0,0.23964776995485962,1.0,0.363713633943459,0.23943347854930427,0.3523757967893105,,self-report; not geometry-derived layer count or success,0.36354758061886344,0.010989273976358975,0.7113471127514911,1.037423350495594,1.018041700089874,2.0157956667831574,1.0,/srv/slam-research/grf/map-denoise/runs/multiscan-pilot-v1/exploration-v4-confirm-1_0s40f5/outputs/dual_g2_s912223_b0__warm_balanced_2.npz,41643eb768b5d592422c7f4373ac7d7c4870aec6a680f1b2ad50f553437de767,1.8193153733878797,0.18068462661212026,0.9096576866939399,0.9739379465031945,1.0260620534968055,"GT source-group affine fits evaluated at x=y=0; may extrapolate, not physical layer count"
dual_g2_s912223_b0,dual_g2_s912223_b0,/srv/slam-research/grf/map-denoise/runs/multiscan-pilot-v1/exploration-v4-confirm-1_0s40f5/synthetics/identifiable/dual_g2_s912223_b0.json,warm_unbalanced_2,confirmation,full,true_bilayer,2.0,0.0,912223,768,8,1.0,True,0.38106707500992343,True,True,0.23782104302329124,0.35623196175236527,0.8309202102812815,0.9583333333333334,1.0,0.24032842720964964,1.0,0.3638600526899806,0.24008224781355145,0.35241858125120396,,self-report; not geometry-derived layer count or success,0.3636955119092528,0.010941323531549441,0.7085633782517812,1.0281340595254078,1.017996709199008,2.0133228182816874,1.0,/srv/slam-research/grf/map-denoise/runs/multiscan-pilot-v1/exploration-v4-confirm-1_0s40f5/outputs/dual_g2_s912223_b0__warm_unbalanced_2.npz,69849a91954e3632c5e65c2344bfbc31ef311abbc57b12bc8d1e11b0c782efae,1.8184286983762867,0.18157130162371327,0.9092143491881434,0.9786186534223842,1.0213813465776158,"GT source-group affine fits evaluated at x=y=0; may extrapolate, not physical layer count"
dual_g2_s912223_b4,dual_g2_s912223_b4,/srv/slam-research/grf/map-denoise/runs/multiscan-pilot-v1/exploration-v4-confirm-1_0s40f5/synthetics/identifiable/dual_g2_s912223_b4.json,identity,confirmation,full,true_bilayer,2.0,4.0,912223,768,8,1.0,True,1.854999572969973e-05,True,True,3.214964860925898,3.8351492848082427,6.645441593359125,0.19921875,0.4817708333333333,2.2228308100084826,1.0,4.079777527868285,3.430923170204258,4.078931835316458,,self-report; not geometry-derived layer count or success,4.07976365371898,0.01063986337372934,0.9113111822164828,0.9834291636804284,0.0,0.0,0.0,/srv/slam-research/grf/map-denoise/runs/multiscan-pilot-v1/exploration-v4-confirm-1_0s40f5/outputs/dual_g2_s912223_b4__identity.npz,8f1064cca86462bdc9c6fd54c4806b44eb1fe8ec2fc8245f08a9dd0378b2bdf5,1.8322640604066915,0.16773593959330846,0.9161320302033458,2.1257988614173007,0.12579886141730068,"GT source-group affine fits evaluated at x=y=0; may extrapolate, not physical layer count"
dual_g2_s912223_b4,dual_g2_s912223_b4,/srv/slam-research/grf/map-denoise/runs/multiscan-pilot-v1/exploration-v4-confirm-1_0s40f5/synthetics/identifiable/dual_g2_s912223_b4.json,fast,confirmation,full,true_bilayer,2.0,4.0,912223,768,8,1.0,True,0.009171044992399402,True,True,0.4417596278101225,0.5281492104201022,0.9369034607280348,0.9401041666666666,1.0,0.4769335590859653,1.0,0.5654889774834763,0.45680949986330427,0.4892715346761629,1,self-report; not geometry-derived layer count or success,0.5653888723371693,0.010639863373729533,1.4523101852229532,1.4523101852229543,4.086870936627938,6.877797164530968,1.0,/srv/slam-research/grf/map-denoise/runs/multiscan-pilot-v1/exploration-v4-confirm-1_0s40f5/outputs/dual_g2_s912223_b4__fast.npz,5ffe76f013a646ee6ee3d0d6f7437c770e23c1cc02c3d1014ed30c5af8b844e5,1.463034320554314,0.5369656794456861,0.731517160277157,2.220446049250313e-16,1.9999999999999998,"GT source-group affine fits evaluated at x=y=0; may extrapolate, not physical layer count"
dual_g2_s912223_b4,dual_g2_s912223_b4,/srv/slam-research/grf/map-denoise/runs/multiscan-pilot-v1/exploration-v4-confirm-1_0s40f5/synthetics/identifiable/dual_g2_s912223_b4.json,open3d_icp_then_xyz,confirmation,full,true_bilayer,2.0,4.0,912223,768,8,1.0,True,0.025480600001174025,True,True,0.4026976415118422,0.5012267457875184,0.9330444649842315,0.22526041666666666,0.7578125,1.6143409997766813,1.0,2.9656627102597812,0.4008088354850177,0.4506907066037824,2,self-report; not geometry-derived layer count or success,2.965643610123201,0.010643719313300992,1.1790540916880465,1.1870344946238733,4.9966264153456965,7.9591877592638935,1.0,/srv/slam-research/grf/map-denoise/runs/multiscan-pilot-v1/exploration-v4-confirm-1_0s40f5/outputs/dual_g2_s912223_b4__open3d_icp_then_xyz.npz,b7a45443268108ff5f60d61efd133fd719a43d5db9c253cb8d712431aa1424b5,1.5770103606669927,0.42298963933300726,0.7885051803334964,0.4050299622756186,1.5949700377243814,"GT source-group affine fits evaluated at x=y=0; may extrapolate, not physical layer count"
dual_g2_s912223_b4,dual_g2_s912223_b4,/srv/slam-research/grf/map-denoise/runs/multiscan-pilot-v1/exploration-v4-confirm-1_0s40f5/synthetics/identifiable/dual_g2_s912223_b4.json,graph_shared,confirmation,full,true_bilayer,2.0,4.0,912223,768,8,1.0,True,0.14626074700208846,True,True,0.242030442950215,0.3595469267557003,0.8675964527704747,0.9596354166666666,1.0,0.2527480236616661,1.0,0.3692720576150243,0.24419719851631594,0.35453979052050394,,self-report; not geometry-derived layer count or success,0.3691143503724779,0.010791148425325905,0.7159250899934883,1.0207583839574452,4.0848327382905945,6.815831767302236,1.0,/srv/slam-research/grf/map-denoise/runs/multiscan-pilot-v1/exploration-v4-confirm-1_0s40f5/outputs/dual_g2_s912223_b4__graph_shared.npz,14d115b2cdce2fc92ef9b32075afd80f2d99b5c6d5aa8e7c71388b7cc30f28c4,1.8114461447231063,0.18855385527689372,0.9057230723615531,0.9711746709866653,1.0288253290133347,"GT source-group affine fits evaluated at x=y=0; may extrapolate, not physical layer count"
dual_g2_s912223_b4,dual_g2_s912223_b4,/srv/slam-research/grf/map-denoise/runs/multiscan-pilot-v1/exploration-v4-confirm-1_0s40f5/synthetics/identifiable/dual_g2_s912223_b4.json,pool_independent,confirmation,full,true_bilayer,2.0,4.0,912223,768,8,1.0,True,0.1698712719953619,True,True,0.24505572933071704,0.36123174339998937,0.8711269324134872,0.9622395833333334,1.0,0.25556656617147494,1.0,0.37070602164565425,0.24716533952387673,0.356307167097927,,self-report; not geometry-derived layer count or success,0.3705489419527662,0.010790556150345125,0.7059986741886096,0.9977635872438517,4.0849289576830605,6.819977231414269,1.0,/srv/slam-research/grf/map-denoise/runs/multiscan-pilot-v1/exploration-v4-confirm-1_0s40f5/outputs/dual_g2_s912223_b4__pool_independent.npz,b823a88c174fc32498fc81e963948b61185c9d6892c836b06933c4259e6aff28,1.8133810433038655,0.18661895669613449,0.9066905216519328,0.9884024171878044,1.0115975828121955,"GT source-group affine fits evaluated at x=y=0; may extrapolate, not physical layer count"
dual_g2_s912223_b4,dual_g2_s912223_b4,/srv/slam-research/grf/map-denoise/runs/multiscan-pilot-v1/exploration-v4-confirm-1_0s40f5/synthetics/identifiable/dual_g2_s912223_b4.json,pool_global,confirmation,full,true_bilayer,2.0,4.0,912223,768,8,1.0,True,0.16747832899272908,True,True,0.43564398090077305,0.51956616599166,0.9257699142581152,0.9479166666666666,1.0,0.449849070507949,1.0,0.53934490195367,0.44513858577214666,0.4657414984761872,,self-report; not geometry-derived layer count or success,0.5392366757754815,0.010804201128366386,1.4166832701785517,1.4166832701785528,4.088650610924276,6.932061349182165,1.0,/srv/slam-research/grf/map-denoise/runs/multiscan-pilot-v1/exploration-v4-confirm-1_0s40f5/outputs/dual_g2_s912223_b4__pool_global.npz,7d1ccccd767ceaff3223b5701c57e8625c1e5d23a082557d74647aaef741f0fb,1.4540095042481052,0.5459904957518948,0.7270047521240526,-8.881784197001252e-16,2.000000000000001,"GT source-group affine fits evaluated at x=y=0; may extrapolate, not physical layer count"
dual_g2_s912223_b4,dual_g2_s912223_b4,/srv/slam-research/grf/map-denoise/runs/multiscan-pilot-v1/exploration-v4-confirm-1_0s40f5/synthetics/identifiable/dual_g2_s912223_b4.json,pool_compatible,confirmation,full,true_bilayer,2.0,4.0,912223,768,8,1.0,True,0.16996029300207738,True,True,0.2801773459649446,0.4007935306386003,0.9083806773130363,0.9700520833333334,1.0,0.2910122668225803,1.0,0.41045064008638754,0.28276236283444145,0.3896450643788238,,self-report; not geometry-derived layer count or success,0.410308757445444,0.010791270124552308,0.7965407816124364,0.9383909125866134,4.07993524460151,6.786273283209161,1.0,/srv/slam-research/grf/map-denoise/runs/multiscan-pilot-v1/exploration-v4-confirm-1_0s40f5/outputs/dual_g2_s912223_b4__pool_compatible.npz,be301c3fbfa103fa4d91346290611973e32e0a788012f061079640acfa056b18,1.7541138581561646,0.2458861418438354,0.8770569290780823,0.9162984284922695,1.0837015715077305,"GT source-group affine fits evaluated at x=y=0; may extrapolate, not physical layer count"
dual_g2_s912223_b4,dual_g2_s912223_b4,/srv/slam-research/grf/map-denoise/runs/multiscan-pilot-v1/exploration-v4-confirm-1_0s40f5/synthetics/identifiable/dual_g2_s912223_b4.json,graph_bias_only,confirmation,full,true_bilayer,2.0,4.0,912223,768,8,1.0,True,0.18536551100260112,True,True,0.2420304816045992,0.3595469870833537,0.8675962408728275,0.9596354166666666,1.0,0.2527480642203445,1.0,0.36927213073329146,0.24419724154721967,0.3545398576423356,,self-report; not geometry-derived layer count or success,0.36911442354570156,0.010791147614109398,0.715925233067078,1.02075918788923,4.084832748405533,6.815831760342537,1.0,/srv/slam-research/grf/map-denoise/runs/multiscan-pilot-v1/exploration-v4-confirm-1_0s40f5/outputs/dual_g2_s912223_b4__graph_bias_only.npz,7cacbec0fe983f5eaac5053954bef992a15d2b9e4fe75ef76a5bd9e2b49a8219,1.81144607420954,0.18855392579046004,0.90572303710477,0.9711741707287493,1.0288258292712507,"GT source-group affine fits evaluated at x=y=0; may extrapolate, not physical layer count"
dual_g2_s912223_b4,dual_g2_s912223_b4,/srv/slam-research/grf/map-denoise/runs/multiscan-pilot-v1/exploration-v4-confirm-1_0s40f5/synthetics/identifiable/dual_g2_s912223_b4.json,graph_projected_bias_only,confirmation,full,true_bilayer,2.0,4.0,912223,768,8,1.0,True,0.18722128799709026,True,True,0.24202205733140292,0.359413193999031,0.869877109269678,0.9596354166666666,1.0,0.2622671775413679,1.0,0.373162466344866,0.24424697619322264,0.3545715024056552,,self-report; not geometry-derived layer count or success,0.3730064594973235,0.010789228974065692,0.715944680500639,1.0207170912931358,4.084935529747078,6.815887909362652,1.0,/srv/slam-research/grf/map-denoise/runs/multiscan-pilot-v1/exploration-v4-confirm-1_0s40f5/outputs/dual_g2_s912223_b4__graph_projected_bias_only.npz,7fd525cd2006c80dbfdcd9f7be14805c029c821b8b36214d2031175ef0a75e2b,1.8114217981896792,0.1885782018103208,0.9057108990948396,0.9711730675406598,1.0288269324593402,"GT source-group affine fits evaluated at x=y=0; may extrapolate, not physical layer count"
dual_g2_s912223_b4,dual_g2_s912223_b4,/srv/slam-research/grf/map-denoise/runs/multiscan-pilot-v1/exploration-v4-confirm-1_0s40f5/synthetics/identifiable/dual_g2_s912223_b4.json,zero_balanced_6,confirmation,full,true_bilayer,2.0,4.0,912223,768,8,1.0,True,0.6920936379901832,True,True,0.23640010835998268,0.358549438984668,0.8682535840414183,0.9635416666666666,1.0,0.256576208650395,1.0,0.37176726336167626,0.23851490599565736,0.3526882931029861,,self-report; not geometry-derived layer count or success,0.3716145368712065,0.010655237840078068,0.7197053590166593,1.0031811961379258,4.079206336398316,6.805133336454331,1.0,/srv/slam-research/grf/map-denoise/runs/multiscan-pilot-v1/exploration-v4-confirm-1_0s40f5/outputs/dual_g2_s912223_b4__zero_balanced_6.npz,bd75419c0d8079e0215dc873d399ca1ee00b5a68236d3ba5668a3fcf5d89ec8f,1.8063314112559035,0.19366858874409654,0.9031657056279517,0.9712071234239614,1.0287928765760386,"GT source-group affine fits evaluated at x=y=0; may extrapolate, not physical layer count"
dual_g2_s912223_b4,dual_g2_s912223_b4,/srv/slam-research/grf/map-denoise/runs/multiscan-pilot-v1/exploration-v4-confirm-1_0s40f5/synthetics/identifiable/dual_g2_s912223_b4.json,zero_unbalanced_6,confirmation,full,true_bilayer,2.0,4.0,912223,768,8,1.0,True,0.6881457950075855,True,True,0.236887314475115,0.3601916142118204,0.8710306764164076,0.9661458333333334,1.0,0.25698038731711187,1.0,0.37282334526449534,0.23887679612806542,0.3533712334996929,,self-report; not geometry-derived layer count or success,0.3726714908355571,0.010639863373764573,0.7140564977219336,0.961978884068851,4.075998075891601,6.820157153252922,1.0,/srv/slam-research/grf/map-denoise/runs/multiscan-pilot-v1/exploration-v4-confirm-1_0s40f5/outputs/dual_g2_s912223_b4__zero_unbalanced_6.npz,c803764205d9af73eb9e161053c1babaf8fbae7e0afbbab22c6aa22f0e9c99f4,1.80207487953809,0.1979251204619099,0.901037439769045,0.988196183360438,1.011803816639562,"GT source-group affine fits evaluated at x=y=0; may extrapolate, not physical layer count"
dual_g2_s912223_b4,dual_g2_s912223_b4,/srv/slam-research/grf/map-denoise/runs/multiscan-pilot-v1/exploration-v4-confirm-1_0s40f5/synthetics/identifiable/dual_g2_s912223_b4.json,warm_balanced_2,confirmation,full,true_bilayer,2.0,4.0,912223,768,8,1.0,True,0.40128188200469594,True,True,0.2366348298289632,0.3584605652328077,0.8680351689765238,0.9635416666666666,1.0,0.2567791439223445,1.0,0.37172715440308896,0.23875954072501357,0.35267880055418444,,self-report; not geometry-derived layer count or success,0.37157401123283346,0.01066918445618616,0.7196388285729233,1.0052619745344602,4.0795912376092085,6.803980832652485,1.0,/srv/slam-research/grf/map-denoise/runs/multiscan-pilot-v1/exploration-v4-confirm-1_0s40f5/outputs/dual_g2_s912223_b4__warm_balanced_2.npz,52b5da959bddacfdd1eb2039bbd63d13e763103038908da81fcddb34e3ddc500,1.8067078186418264,0.1932921813581736,0.9033539093209132,0.9707248591848073,1.0292751408151926,"GT source-group affine fits evaluated at x=y=0; may extrapolate, not physical layer count"
dual_g2_s912223_b4,dual_g2_s912223_b4,/srv/slam-research/grf/map-denoise/runs/multiscan-pilot-v1/exploration-v4-confirm-1_0s40f5/synthetics/identifiable/dual_g2_s912223_b4.json,warm_unbalanced_2,confirmation,full,true_bilayer,2.0,4.0,912223,768,8,1.0,True,0.3993390039977385,True,True,0.23683389587940792,0.35891825111877407,0.8710728884913661,0.9635416666666666,1.0,0.257057448541893,1.0,0.37190130485784717,0.23888554742864163,0.3526850036578984,,self-report; not geometry-derived layer count or success,0.371749073788163,0.010639863373764309,0.7155721085400022,0.9849664758350216,4.07875442159862,6.81015897065738,1.0,/srv/slam-research/grf/map-denoise/runs/multiscan-pilot-v1/exploration-v4-confirm-1_0s40f5/outputs/dual_g2_s912223_b4__warm_unbalanced_2.npz,a8d68a60b357d04d47082d47364b5048a5040b5611b77096fa88df54379a3bb8,1.8050796399639715,0.19492036003602853,0.9025398199819857,0.9802159032149258,1.0197840967850742,"GT source-group affine fits evaluated at x=y=0; may extrapolate, not physical layer count"
dual_g4_s912223_b0,dual_g4_s912223_b0,/srv/slam-research/grf/map-denoise/runs/multiscan-pilot-v1/exploration-v4-confirm-1_0s40f5/synthetics/identifiable/dual_g4_s912223_b0.json,identity,confirmation,full,true_bilayer,4.0,0.0,912223,768,8,1.0,True,1.806100772228092e-05,True,True,0.7877642057750869,0.9787586071154549,1.9126143855484707,0.7122395833333334,0.9752604166666666,0.7437159730634949,1.0,0.9830989406667049,0.7898929848094399,0.9824418523681223,,self-report; not geometry-derived layer count or success,0.9830413625312954,0.01063986337372938,0.19004785123874388,0.40447428752815723,0.0,0.0,0.0,/srv/slam-research/grf/map-denoise/runs/multiscan-pilot-v1/exploration-v4-confirm-1_0s40f5/outputs/dual_g4_s912223_b0__identity.npz,f1b800a08afb1dd993e40290831b8e0496650c35247eb46d312da0ebf6b79ff3,3.929600082678285,0.07039991732171513,0.9824000206695712,4.167158223074381,0.16715822307438089,"GT source-group affine fits evaluated at x=y=0; may extrapolate, not physical layer count"
dual_g4_s912223_b0,dual_g4_s912223_b0,/srv/slam-research/grf/map-denoise/runs/multiscan-pilot-v1/exploration-v4-confirm-1_0s40f5/synthetics/identifiable/dual_g4_s912223_b0.json,fast,confirmation,full,true_bilayer,4.0,0.0,912223,768,8,1.0,True,0.009564171006786637,True,True,0.9439760375818919,1.2272700887349988,2.576439436896237,0.609375,0.9010416666666666,0.9052808794655455,1.0,1.3741246314610585,1.0377610016117504,1.3263007623252296,2,self-report; not geometry-derived layer count or success,1.374083438549267,0.010639863373729493,1.60126192987046,1.664514713360131,1.3948776798968991,2.607094992317522,1.0,/srv/slam-research/grf/map-denoise/runs/multiscan-pilot-v1/exploration-v4-confirm-1_0s40f5/outputs/dual_g4_s912223_b0__fast.npz,0273c2dc486c882ff87cb3c3fc5513247e1c28e7a4312f3e38a85d8ee3eeca85,3.275546690364092,0.724453309635908,0.818886672591023,1.5951249913989936,2.4048750086010067,"GT source-group affine fits evaluated at x=y=0; may extrapolate, not physical layer count"
dual_g4_s912223_b0,dual_g4_s912223_b0,/srv/slam-research/grf/map-denoise/runs/multiscan-pilot-v1/exploration-v4-confirm-1_0s40f5/synthetics/identifiable/dual_g4_s912223_b0.json,open3d_icp_then_xyz,confirmation,full,true_bilayer,4.0,0.0,912223,768,8,1.0,True,0.02540029199735727,True,True,0.5964391742780503,0.7448571685230937,1.4421894209880224,0.23046875,0.7578125,1.5879363764251118,1.0,2.918892750402094,0.5902347205960609,0.6677001877870894,2,self-report; not geometry-derived layer count or success,2.918873076454495,0.01071689782416792,1.2938331729032948,1.3911494876387966,2.9354684645692917,5.6753636598699355,1.0,/srv/slam-research/grf/map-denoise/runs/multiscan-pilot-v1/exploration-v4-confirm-1_0s40f5/outputs/dual_g4_s912223_b0__open3d_icp_then_xyz.npz,a5103161ff96d21b3af3db1ab20b9bb354f315f588c7488a4ad4fdbd3af4e11e,3.363444072649758,0.6365559273502419,0.8408610181624395,1.9910756534514247,2.008924346548575,"GT source-group affine fits evaluated at x=y=0; may extrapolate, not physical layer count"
dual_g4_s912223_b0,dual_g4_s912223_b0,/srv/slam-research/grf/map-denoise/runs/multiscan-pilot-v1/exploration-v4-confirm-1_0s40f5/synthetics/identifiable/dual_g4_s912223_b0.json,graph_shared,confirmation,full,true_bilayer,4.0,0.0,912223,768,8,1.0,True,0.11620097800914664,True,True,0.28106072541322924,0.4305722354466526,0.9366940637234125,0.95703125,0.9973958333333334,0.27732423734746764,1.0,0.4348447242883867,0.28197034194569476,0.4259277021962085,,self-report; not geometry-derived layer count or success,0.43479952575895026,0.0062695008760702085,0.22713088162282372,0.27909876127865796,0.9192962975772515,1.8311624750934914,0.96484375,/srv/slam-research/grf/map-denoise/runs/multiscan-pilot-v1/exploration-v4-confirm-1_0s40f5/outputs/dual_g4_s912223_b0__graph_shared.npz,b4a2cf1991bc33aea8efa1ebd0ac1f3b6a37e9ef86341ed4d9ca740a5ae84914,3.8214772067920943,0.17852279320790565,0.9553693016980236,3.6206155901839954,0.37938440981600463,"GT source-group affine fits evaluated at x=y=0; may extrapolate, not physical layer count"
dual_g4_s912223_b0,dual_g4_s912223_b0,/srv/slam-research/grf/map-denoise/runs/multiscan-pilot-v1/exploration-v4-confirm-1_0s40f5/synthetics/identifiable/dual_g4_s912223_b0.json,pool_independent,confirmation,full,true_bilayer,4.0,0.0,912223,768,8,1.0,True,0.13784352400398348,True,True,0.22106565608460482,0.35820321120857357,0.7316888131054552,0.96875,0.9973958333333334,0.21921062267277436,1.0,0.37446588331308656,0.2240305283309275,0.36953561896048887,,self-report; not geometry-derived layer count or success,0.37344230039220383,0.027668502728358867,0.21866870412530345,0.3195508067174695,0.8991932279962415,1.7738314370192996,0.96484375,/srv/slam-research/grf/map-denoise/runs/multiscan-pilot-v1/exploration-v4-confirm-1_0s40f5/outputs/dual_g4_s912223_b0__pool_independent.npz,1b79fc827c2af5f1d5c306add0e6bfdd74a32445b48559056d4b2e6bb79269b1,3.890572222261678,0.10942777773832191,0.9726430555654195,4.03784695448718,0.03784695448718001,"GT source-group affine fits evaluated at x=y=0; may extrapolate, not physical layer count"
dual_g4_s912223_b0,dual_g4_s912223_b0,/srv/slam-research/grf/map-denoise/runs/multiscan-pilot-v1/exploration-v4-confirm-1_0s40f5/synthetics/identifiable/dual_g4_s912223_b0.json,pool_global,confirmation,full,true_bilayer,4.0,0.0,912223,768,8,1.0,True,0.13674742401053663,True,True,0.8529712457876096,1.0186378526948008,1.8434763353178714,0.6106770833333334,0.9544270833333334,0.8646753674900739,1.0,1.043641578623244,0.8658273269436414,0.864577721001361,,self-report; not geometry-derived layer count or success,1.0436383374437597,0.002601009196845359,2.644993366490598,2.669131145174156,1.427735558538525,2.7985064563386746,0.96484375,/srv/slam-research/grf/map-denoise/runs/multiscan-pilot-v1/exploration-v4-confirm-1_0s40f5/outputs/dual_g4_s912223_b0__pool_global.npz,d2c338e477bcacacbac3647540f07600b6fe0e64ff878c594f5aecbde9d57331,2.801428868765437,1.198571131234563,0.7003572171913592,0.05171349220117705,3.948286507798823,"GT source-group affine fits evaluated at x=y=0; may extrapolate, not physical layer count"
dual_g4_s912223_b0,dual_g4_s912223_b0,/srv/slam-research/grf/map-denoise/runs/multiscan-pilot-v1/exploration-v4-confirm-1_0s40f5/synthetics/identifiable/dual_g4_s912223_b0.json,pool_compatible,confirmation,full,true_bilayer,4.0,0.0,912223,768,8,1.0,True,0.14277879100700375,True,True,0.15089742424190425,0.31842246460190693,0.7007366772765335,0.97265625,0.9973958333333334,0.14976426494217168,1.0,0.330138154788964,0.1527825041519429,0.3244389343605492,,self-report; not geometry-derived layer count or success,0.32905204130493176,0.02675734217966077,0.22290475114265598,0.30631123218719136,0.917955785193271,1.8208101921784898,0.96484375,/srv/slam-research/grf/map-denoise/runs/multiscan-pilot-v1/exploration-v4-confirm-1_0s40f5/outputs/dual_g4_s912223_b0__pool_compatible.npz,3900f732eda670599ebd4e9dece1ff9ed19d1d10cc75a1251d38bc42934f0205,3.8884839442479295,0.11151605575207046,0.9721209860619824,4.0216078728207485,0.021607872820748497,"GT source-group affine fits evaluated at x=y=0; may extrapolate, not physical layer count"
dual_g4_s912223_b0,dual_g4_s912223_b0,/srv/slam-research/grf/map-denoise/runs/multiscan-pilot-v1/exploration-v4-confirm-1_0s40f5/synthetics/identifiable/dual_g4_s912223_b0.json,graph_bias_only,confirmation,full,true_bilayer,4.0,0.0,912223,768,8,1.0,True,0.15067149500828236,True,True,0.2812242225223079,0.4322171841365007,0.9590069602237856,0.9557291666666666,0.9973958333333334,0.27747607657793694,1.0,0.4376537586442491,0.2823917408492949,0.4285709627480976,,self-report; not geometry-derived layer count or success,0.43759222567357514,0.007338697805849547,0.2312034480158656,0.28487138992744504,0.9195043024285655,1.8311624873675052,1.0,/srv/slam-research/grf/map-denoise/runs/multiscan-pilot-v1/exploration-v4-confirm-1_0s40f5/outputs/dual_g4_s912223_b0__graph_bias_only.npz,76797c03e65951fbdd4c72f84197d7164fe1dccc42feea8f1d2d8a2269326809,3.8193967031301437,0.18060329686985632,0.9548491757825359,3.6154750912625073,0.3845249087374927,"GT source-group affine fits evaluated at x=y=0; may extrapolate, not physical layer count"
dual_g4_s912223_b0,dual_g4_s912223_b0,/srv/slam-research/grf/map-denoise/runs/multiscan-pilot-v1/exploration-v4-confirm-1_0s40f5/synthetics/identifiable/dual_g4_s912223_b0.json,graph_projected_bias_only,confirmation,full,true_bilayer,4.0,0.0,912223,768,8,1.0,True,0.15381808999518398,True,True,0.2812152680482887,0.4322078740235407,0.9590034204313941,0.9557291666666666,0.9973958333333334,0.2775232267381768,1.0,0.4376513566799056,0.28238195075834516,0.42855727688896506,,self-report; not geometry-derived layer count or success,0.4375897692691706,0.007341923093848184,0.2311622130523253,0.2848389958329381,0.9194997387188454,1.831169810950886,1.0,/srv/slam-research/grf/map-denoise/runs/multiscan-pilot-v1/exploration-v4-confirm-1_0s40f5/outputs/dual_g4_s912223_b0__graph_projected_bias_only.npz,835f1ec546249c46186ee8635ad75903518ab8c01a86ff20dce5172826e2cd21,3.81939329337039,0.18060670662960998,0.9548483233425975,3.615520462624801,0.3844795373751988,"GT source-group affine fits evaluated at x=y=0; may extrapolate, not physical layer count"
dual_g4_s912223_b0,dual_g4_s912223_b0,/srv/slam-research/grf/map-denoise/runs/multiscan-pilot-v1/exploration-v4-confirm-1_0s40f5/synthetics/identifiable/dual_g4_s912223_b0.json,zero_balanced_6,confirmation,full,true_bilayer,4.0,0.0,912223,768,8,1.0,True,0.7605195930082118,True,True,0.2798344859995225,0.43362745969724303,0.9253632928799044,0.9583333333333334,0.9973958333333334,0.2754248628368973,1.0,0.4373636725708703,0.2806315559484227,0.42813190629762327,,self-report; not geometry-derived layer count or success,0.4373441429610373,0.004133122591360249,0.23296465357826399,0.2867373651875455,0.9200743134678627,1.836104166358395,1.0,/srv/slam-research/grf/map-denoise/runs/multiscan-pilot-v1/exploration-v4-confirm-1_0s40f5/outputs/dual_g4_s912223_b0__zero_balanced_6.npz,61ed90cc48af6d4a27842a63f3d02e5766bf2c002b8dfc690364ecaedb272d8c,3.8176329804205307,0.18236701957946932,0.9544082451051327,3.6113042622871983,0.38869573771280175,"GT source-group affine fits evaluated at x=y=0; may extrapolate, not physical layer count"
dual_g4_s912223_b0,dual_g4_s912223_b0,/srv/slam-research/grf/map-denoise/runs/multiscan-pilot-v1/exploration-v4-confirm-1_0s40f5/synthetics/identifiable/dual_g4_s912223_b0.json,zero_unbalanced_6,confirmation,full,true_bilayer,4.0,0.0,912223,768,8,1.0,True,0.7460377469978994,True,True,0.27918818771172976,0.43316677685782806,0.9383549905056151,0.9557291666666666,0.9973958333333334,0.27464543377762063,1.0,0.437327318758715,0.28007725135139006,0.4279503358792631,,self-report; not geometry-derived layer count or success,0.437295652284049,0.005262720413897469,0.2251175833658601,0.27957893521377236,0.9191363179741067,1.830147145254337,1.0,/srv/slam-research/grf/map-denoise/runs/multiscan-pilot-v1/exploration-v4-confirm-1_0s40f5/outputs/dual_g4_s912223_b0__zero_unbalanced_6.npz,e859f6967c738f2e7c92d14964bdfacb3ed82fb48c1055b9ac1969eb87791973,3.8163289724651044,0.18367102753489561,0.9540822431162761,3.6184533908860828,0.38154660911391725,"GT source-group affine fits evaluated at x=y=0; may extrapolate, not physical layer count"
dual_g4_s912223_b0,dual_g4_s912223_b0,/srv/slam-research/grf/map-denoise/runs/multiscan-pilot-v1/exploration-v4-confirm-1_0s40f5/synthetics/identifiable/dual_g4_s912223_b0.json,warm_balanced_2,confirmation,full,true_bilayer,4.0,0.0,912223,768,8,1.0,True,0.39420598099241033,True,True,0.2799243105156026,0.4336488302322571,0.926451679901739,0.9583333333333334,0.9973958333333334,0.27552869985380735,1.0,0.4374617036873762,0.28073819938762107,0.4282469100943489,,self-report; not geometry-derived layer count or success,0.43744120930920644,0.004234452876205614,0.2328065465703509,0.2865293424538693,0.9200290790780208,1.8358985866611859,1.0,/srv/slam-research/grf/map-denoise/runs/multiscan-pilot-v1/exploration-v4-confirm-1_0s40f5/outputs/dual_g4_s912223_b0__warm_balanced_2.npz,7663406d5e1467716f61d4791963ec211f59a1b7b4c82f56b57e2a6bcf48216f,3.817789015930842,0.18221098406915814,0.9544472539827105,3.611569066190501,0.3884309338094991,"GT source-group affine fits evaluated at x=y=0; may extrapolate, not physical layer count"
dual_g4_s912223_b0,dual_g4_s912223_b0,/srv/slam-research/grf/map-denoise/runs/multiscan-pilot-v1/exploration-v4-confirm-1_0s40f5/synthetics/identifiable/dual_g4_s912223_b0.json,warm_unbalanced_2,confirmation,full,true_bilayer,4.0,0.0,912223,768,8,1.0,True,0.3909625020023668,True,True,0.27983592637261717,0.4335551685308523,0.9411140890056452,0.9544270833333334,0.9973958333333334,0.2753470871285668,1.0,0.4379499954378097,0.280777046502033,0.4286817265420729,,self-report; not geometry-derived layer count or success,0.4379177609434463,0.005313487955775521,0.225828757935665,0.2795375873251725,0.9191764085853074,1.8302568499430831,1.0,/srv/slam-research/grf/map-denoise/runs/multiscan-pilot-v1/exploration-v4-confirm-1_0s40f5/outputs/dual_g4_s912223_b0__warm_unbalanced_2.npz,bb390d949c05eb1f78f262dacf995265b6f0f49b5f61a5c8910a728139d5d5b3,3.8172727767731844,0.18272722322681556,0.9543181941932961,3.6180975057649998,0.3819024942350002,"GT source-group affine fits evaluated at x=y=0; may extrapolate, not physical layer count"
dual_g4_s912223_b4,dual_g4_s912223_b4,/srv/slam-research/grf/map-denoise/runs/multiscan-pilot-v1/exploration-v4-confirm-1_0s40f5/synthetics/identifiable/dual_g4_s912223_b4.json,identity,confirmation,full,true_bilayer,4.0,4.0,912223,768,8,1.0,True,1.7062004189938307e-05,True,True,3.1532743999075037,3.8116645109179768,6.6608247972145325,0.20052083333333334,0.4661458333333333,2.200477021445198,1.0,4.079777527868285,3.430923170204258,4.077505951093841,,self-report; not geometry-derived layer count or success,4.07976365371898,0.01063986337372934,1.1841022213551795,1.94118593669612,0.0,0.0,0.0,/srv/slam-research/grf/map-denoise/runs/multiscan-pilot-v1/exploration-v4-confirm-1_0s40f5/outputs/dual_g4_s912223_b4__identity.npz,9e07efc1c5b2b37551ec72779df68508e469d03819a0026bba1368b1752e737f,3.7216796373220347,0.27832036267796534,0.9304199093305087,5.2161279880538665,1.2161279880538665,"GT source-group affine fits evaluated at x=y=0; may extrapolate, not physical layer count"
dual_g4_s912223_b4,dual_g4_s912223_b4,/srv/slam-research/grf/map-denoise/runs/multiscan-pilot-v1/exploration-v4-confirm-1_0s40f5/synthetics/identifiable/dual_g4_s912223_b4.json,fast,confirmation,full,true_bilayer,4.0,4.0,912223,768,8,1.0,True,0.009422212009667419,True,True,1.0366138341920292,1.2987920855232857,2.4649565092898595,0.5559895833333334,0.8958333333333334,1.0205865659947413,1.0,1.4474188164671393,1.1312958388427363,1.3439551581096898,2,self-report; not geometry-derived layer count or success,1.4473797095339296,0.01063986337372904,1.237707901570007,1.2407311907991623,4.217446766929792,7.065549240127708,1.0,/srv/slam-research/grf/map-denoise/runs/multiscan-pilot-v1/exploration-v4-confirm-1_0s40f5/outputs/dual_g4_s912223_b4__fast.npz,a638effc05e14ba6e01fc462558f85728d5c36811ea8e79dccf84c668e074068,2.955605550761436,1.0443944492385642,0.738901387690359,1.6820198786588072,2.3179801213411926,"GT source-group affine fits evaluated at x=y=0; may extrapolate, not physical layer count"
dual_g4_s912223_b4,dual_g4_s912223_b4,/srv/slam-research/grf/map-denoise/runs/multiscan-pilot-v1/exploration-v4-confirm-1_0s40f5/synthetics/identifiable/dual_g4_s912223_b4.json,open3d_icp_then_xyz,confirmation,full,true_bilayer,4.0,4.0,912223,768,8,1.0,True,0.025416786011192016,True,True,0.6114504602825988,0.7550314531137428,1.484378074921301,0.17578125,0.7513020833333334,1.603095564927571,1.0,2.3732282142737873,0.6084739899733481,0.6468762049238834,2,self-report; not geometry-derived layer count or success,2.3732041746415518,0.010681876663799623,1.1284080859690333,1.2245556750018936,4.673887798617558,7.220662025311368,1.0,/srv/slam-research/grf/map-denoise/runs/multiscan-pilot-v1/exploration-v4-confirm-1_0s40f5/outputs/dual_g4_s912223_b4__open3d_icp_then_xyz.npz,784eaaa2e9268803f56024a8c434643bf156e09c87dfab77eec25cec00e9e441,3.2125058464165983,0.7874941535834017,0.8031264616041496,2.0186050196626026,1.9813949803373974,"GT source-group affine fits evaluated at x=y=0; may extrapolate, not physical layer count"
dual_g4_s912223_b4,dual_g4_s912223_b4,/srv/slam-research/grf/map-denoise/runs/multiscan-pilot-v1/exploration-v4-confirm-1_0s40f5/synthetics/identifiable/dual_g4_s912223_b4.json,graph_shared,confirmation,full,true_bilayer,4.0,4.0,912223,768,8,1.0,True,0.14523574500344694,True,True,0.3150105057927088,0.5961091620597336,1.028590682411417,0.94921875,0.98828125,0.30480420762731314,1.0,0.8353725063846954,0.35534293391284244,0.828272250543776,,self-report; not geometry-derived layer count or success,0.835304373418165,0.010669028631259014,0.2994610093025028,0.3276065261892851,4.027569006658111,6.787914900330334,0.96484375,/srv/slam-research/grf/map-denoise/runs/multiscan-pilot-v1/exploration-v4-confirm-1_0s40f5/outputs/dual_g4_s912223_b4__graph_shared.npz,ea6afff777d57b2b8096a428632f76e269d052a732a0aeef41005ea4d215b197,3.789191833147218,0.21080816685278192,0.9472979582868045,3.4983979969655046,0.5016020030344954,"GT source-group affine fits evaluated at x=y=0; may extrapolate, not physical layer count"
dual_g4_s912223_b4,dual_g4_s912223_b4,/srv/slam-research/grf/map-denoise/runs/multiscan-pilot-v1/exploration-v4-confirm-1_0s40f5/synthetics/identifiable/dual_g4_s912223_b4.json,pool_independent,confirmation,full,true_bilayer,4.0,4.0,912223,768,8,1.0,True,0.16794111899798736,True,True,0.25494152969857287,0.5461028045652337,0.7704224874041178,0.9609375,0.98828125,0.24642438220324836,1.0,0.8055403338760746,0.29732158917174895,0.8012344531563613,,self-report; not geometry-derived layer count or success,0.8048990980803028,0.03213520516027113,0.20534080302867244,0.2117072519310581,4.0119015644598335,6.7268774280233306,0.96484375,/srv/slam-research/grf/map-denoise/runs/multiscan-pilot-v1/exploration-v4-confirm-1_0s40f5/outputs/dual_g4_s912223_b4__pool_independent.npz,69b2ba81e4962c7d87503c2fe1f7a8b711db20f46f2a89e871441bc44872b426,3.858240438057133,0.14175956194286687,0.9645601095142833,3.915750440827291,0.08424955917270882,"GT source-group affine fits evaluated at x=y=0; may extrapolate, not physical layer count"
dual_g4_s912223_b4,dual_g4_s912223_b4,/srv/slam-research/grf/map-denoise/runs/multiscan-pilot-v1/exploration-v4-confirm-1_0s40f5/synthetics/identifiable/dual_g4_s912223_b4.json,pool_global,confirmation,full,true_bilayer,4.0,4.0,912223,768,8,1.0,True,0.16866160499921534,True,True,0.886765447253573,1.0988182123950427,1.8825934917541547,0.6028645833333334,0.9440104166666666,0.8894673027141929,1.0,1.264047322975761,0.9390563833468528,1.1119256117727823,,self-report; not geometry-derived layer count or success,1.2640459421033994,0.001868414867434877,2.718760691826857,2.780565321536664,4.19543220752152,7.546184490429981,0.96484375,/srv/slam-research/grf/map-denoise/runs/multiscan-pilot-v1/exploration-v4-confirm-1_0s40f5/outputs/dual_g4_s912223_b4__pool_global.npz,4b1fa380a4a21dfecdeef168e4c21f54422cd8c53b371f031602dd298698a9ed,2.7690960941670064,1.2309039058329936,0.6922740235417516,-0.07106144889251942,4.07106144889252,"GT source-group affine fits evaluated at x=y=0; may extrapolate, not physical layer count"
dual_g4_s912223_b4,dual_g4_s912223_b4,/srv/slam-research/grf/map-denoise/runs/multiscan-pilot-v1/exploration-v4-confirm-1_0s40f5/synthetics/identifiable/dual_g4_s912223_b4.json,pool_compatible,confirmation,full,true_bilayer,4.0,4.0,912223,768,8,1.0,True,0.17085637300624512,True,True,0.18477569318473064,0.5208620041451255,0.7129590856063394,0.9635416666666666,0.98828125,0.1798965283284497,1.0,0.7859196213292303,0.22608245217646594,0.781451989462142,,self-report; not geometry-derived layer count or success,0.7852988983385581,0.03122965671485637,0.20681144995832335,0.2151409745937316,4.009492247888249,6.739738815513847,0.96484375,/srv/slam-research/grf/map-denoise/runs/multiscan-pilot-v1/exploration-v4-confirm-1_0s40f5/outputs/dual_g4_s912223_b4__pool_compatible.npz,ae514e51b966016202849842af6079994fe2438bbc46e5af46b163033a72cb4c,3.856140966333826,0.1438590336661738,0.9640352415834565,3.8995063465461746,0.10049365345382544,"GT source-group affine fits evaluated at x=y=0; may extrapolate, not physical layer count"
dual_g4_s912223_b4,dual_g4_s912223_b4,/srv/slam-research/grf/map-denoise/runs/multiscan-pilot-v1/exploration-v4-confirm-1_0s40f5/synthetics/identifiable/dual_g4_s912223_b4.json,graph_bias_only,confirmation,full,true_bilayer,4.0,4.0,912223,768,8,1.0,True,0.18241304000548553,True,True,0.2813718537906982,0.43230135530333297,0.9581324574832183,0.95703125,0.9973958333333334,0.28275447034799706,1.0,0.43896422195575546,0.28253186714795303,0.42862827493655686,,self-report; not geometry-derived layer count or success,0.43890397060221537,0.0072727399810106645,0.2309072488767456,0.2847411864061909,4.084502654627491,6.787914361283824,1.0,/srv/slam-research/grf/map-denoise/runs/multiscan-pilot-v1/exploration-v4-confirm-1_0s40f5/outputs/dual_g4_s912223_b4__graph_bias_only.npz,a17cd5baa27739867357c3fdd934a2f0c81b6107b75424fef2fcd6693f5c9494,3.8194597873181655,0.1805402126818345,0.9548649468295414,3.6159299488695074,0.38407005113049264,"GT source-group affine fits evaluated at x=y=0; may extrapolate, not physical layer count"
dual_g4_s912223_b4,dual_g4_s912223_b4,/srv/slam-research/grf/map-denoise/runs/multiscan-pilot-v1/exploration-v4-confirm-1_0s40f5/synthetics/identifiable/dual_g4_s912223_b4.json,graph_projected_bias_only,confirmation,full,true_bilayer,4.0,4.0,912223,768,8,1.0,True,0.18562962200667243,True,True,0.28156046375433136,0.4323654734789668,0.9542314024319699,0.9544270833333334,0.9973958333333334,0.31706263745342217,1.0,0.4536739797429523,0.28268386145403296,0.42854577210302375,,self-report; not geometry-derived layer count or success,0.4536190565361972,0.007059138971506951,0.22938947234756493,0.2843033062984109,4.084703205152763,6.789953823948183,1.0,/srv/slam-research/grf/map-denoise/runs/multiscan-pilot-v1/exploration-v4-confirm-1_0s40f5/outputs/dual_g4_s912223_b4__graph_projected_bias_only.npz,96d811dc7a7065b7b30bc4be149111c009b1a196b9c8812ab099a599e30a46b5,3.819660733877452,0.18033926612254803,0.954915183469363,3.618347111217746,0.3816528887822539,"GT source-group affine fits evaluated at x=y=0; may extrapolate, not physical layer count"
dual_g4_s912223_b4,dual_g4_s912223_b4,/srv/slam-research/grf/map-denoise/runs/multiscan-pilot-v1/exploration-v4-confirm-1_0s40f5/synthetics/identifiable/dual_g4_s912223_b4.json,zero_balanced_6,confirmation,full,true_bilayer,4.0,4.0,912223,768,8,1.0,True,0.7516232049965765,True,True,0.2758461353176402,0.44019497180306316,0.9789073959804093,0.9557291666666666,0.99609375,0.3079303525669689,1.0,0.46030901855411577,0.27711408190924486,0.4347247047695137,,self-report; not geometry-derived layer count or success,0.46027954735595106,0.005208728064901528,0.20014264291509443,0.25846333033018953,4.061627345239368,6.782643200826604,1.0,/srv/slam-research/grf/map-denoise/runs/multiscan-pilot-v1/exploration-v4-confirm-1_0s40f5/outputs/dual_g4_s912223_b4__zero_balanced_6.npz,ea2979682a29eb973ce56fe5341fd8e77b22ad6ec79388ff8b45b28c0de5e37c,3.79665595111875,0.20334404888125013,0.9491639877796875,3.6268258031935425,0.37317419680645747,"GT source-group affine fits evaluated at x=y=0; may extrapolate, not physical layer count"
dual_g4_s912223_b4,dual_g4_s912223_b4,/srv/slam-research/grf/map-denoise/runs/multiscan-pilot-v1/exploration-v4-confirm-1_0s40f5/synthetics/identifiable/dual_g4_s912223_b4.json,zero_unbalanced_6,confirmation,full,true_bilayer,4.0,4.0,912223,768,8,1.0,True,0.7461775949923322,True,True,0.2916772600662639,0.4676446340044665,1.0755196134199922,0.94140625,0.9934895833333334,0.32244242217485436,1.0,0.49027457586765927,0.29401841146392776,0.4632330874037748,,self-report; not geometry-derived layer count or success,0.4901114673312239,0.01264552619102296,0.22539928341270832,0.2934794102810008,4.0329456608051935,6.704066352368352,1.0,/srv/slam-research/grf/map-denoise/runs/multiscan-pilot-v1/exploration-v4-confirm-1_0s40f5/outputs/dual_g4_s912223_b4__zero_unbalanced_6.npz,e778de772d694eb089f34a7f2f93059dcef1a2e328e0db8fb2c1453ec7a7072f,3.763381032938118,0.23661896706188212,0.9408452582345295,3.5711661894382045,0.4288338105617955,"GT source-group affine fits evaluated at x=y=0; may extrapolate, not physical layer count"
dual_g4_s912223_b4,dual_g4_s912223_b4,/srv/slam-research/grf/map-denoise/runs/multiscan-pilot-v1/exploration-v4-confirm-1_0s40f5/synthetics/identifiable/dual_g4_s912223_b4.json,warm_balanced_2,confirmation,full,true_bilayer,4.0,4.0,912223,768,8,1.0,True,0.4268812290101778,True,True,0.275315346706376,0.44011034864916354,0.9682598164214538,0.9557291666666666,0.99609375,0.3073666754143842,1.0,0.45823515903270584,0.27610354641458773,0.4326934661100134,,self-report; not geometry-derived layer count or success,0.45820333511377664,0.0054004318661816,0.1981468458412922,0.2563796623609207,4.064258327423032,6.781217087692417,1.0,/srv/slam-research/grf/map-denoise/runs/multiscan-pilot-v1/exploration-v4-confirm-1_0s40f5/outputs/dual_g4_s912223_b4__warm_balanced_2.npz,a35dfcef9a0e297c0daa9c8ddb6d32d166b43bf715acba4fde8008d766bd51d3,3.7990862522479545,0.2009137477520455,0.9497715630619886,3.6313132905958345,0.3686867094041655,"GT source-group affine fits evaluated at x=y=0; may extrapolate, not physical layer count"
dual_g4_s912223_b4,dual_g4_s912223_b4,/srv/slam-research/grf/map-denoise/runs/multiscan-pilot-v1/exploration-v4-confirm-1_0s40f5/synthetics/identifiable/dual_g4_s912223_b4.json,warm_unbalanced_2,confirmation,full,true_bilayer,4.0,4.0,912223,768,8,1.0,True,0.4231263029942056,True,True,0.2773097285255775,0.4433235129910321,0.9860350763642741,0.9544270833333334,0.99609375,0.309073555016708,1.0,0.463088989539055,0.278549949701737,0.43776140280721637,,self-report; not geometry-derived layer count or success,0.46306677494109627,0.004535876757036774,0.19040665165296425,0.24612585508553816,4.060774754407419,6.777519171554913,1.0,/srv/slam-research/grf/map-denoise/runs/multiscan-pilot-v1/exploration-v4-confirm-1_0s40f5/outputs/dual_g4_s912223_b4__warm_unbalanced_2.npz,e6f5ec07004417a9d0e7061d89e4322991a1543513f8b82a40e2f9c05a3d4c88,3.796549425765998,0.2034505742340018,0.9491373564414995,3.634910001196148,0.36508999880385185,"GT source-group affine fits evaluated at x=y=0; may extrapolate, not physical layer count"
dual_g8_s912223_b0,dual_g8_s912223_b0,/srv/slam-research/grf/map-denoise/runs/multiscan-pilot-v1/exploration-v4-confirm-1_0s40f5/synthetics/identifiable/dual_g8_s912223_b0.json,identity,confirmation,full,true_bilayer,8.0,0.0,912223,768,8,1.0,True,1.6474004951305687e-05,True,True,0.7898929848094398,0.9830989406667049,1.9594334667378985,0.73046875,0.9765625,0.727397596760262,1.0,0.9830989406667049,0.7898929848094401,0.9829706734172325,,self-report; not geometry-derived layer count or success,0.9830413625312955,0.010639863373729295,0.06647248753931227,0.13391019449652614,0.0,0.0,0.0,/srv/slam-research/grf/map-denoise/runs/multiscan-pilot-v1/exploration-v4-confirm-1_0s40f5/outputs/dual_g8_s912223_b0__identity.npz,2bc5753a58167d9374452a318cf46177f37f4af34428210453a2cde690830e54,8.024284863875062,0.0242848638750619,1.0030356079843827,8.090647432426726,0.09064743242672613,"GT source-group affine fits evaluated at x=y=0; may extrapolate, not physical layer count"
dual_g8_s912223_b0,dual_g8_s912223_b0,/srv/slam-research/grf/map-denoise/runs/multiscan-pilot-v1/exploration-v4-confirm-1_0s40f5/synthetics/identifiable/dual_g8_s912223_b0.json,fast,confirmation,full,true_bilayer,8.0,0.0,912223,768,8,1.0,True,0.009319160992163233,True,True,1.0959410665044071,1.3671320360100114,2.675550652671272,0.5299479166666666,0.875,1.0582227869775356,1.0,1.3823654911475614,1.0991763919631135,1.3447962520752947,2,self-report; not geometry-derived layer count or success,1.3823245438112668,0.010639863373729278,1.8550127511605756,2.9972051465296508,1.3436279437973149,2.478323452006782,1.0,/srv/slam-research/grf/map-denoise/runs/multiscan-pilot-v1/exploration-v4-confirm-1_0s40f5/outputs/dual_g8_s912223_b0__fast.npz,52d39754d780f9cfd11bd52c8f3bdaba052b8adb4def6da1e89fe120ddc85dd8,7.394689120318442,0.6053108796815581,0.9243361400398052,5.048932878950543,2.951067121049457,"GT source-group affine fits evaluated at x=y=0; may extrapolate, not physical layer count"
dual_g8_s912223_b0,dual_g8_s912223_b0,/srv/slam-research/grf/map-denoise/runs/multiscan-pilot-v1/exploration-v4-confirm-1_0s40f5/synthetics/identifiable/dual_g8_s912223_b0.json,open3d_icp_then_xyz,confirmation,full,true_bilayer,8.0,0.0,912223,768,8,1.0,True,0.016494982002768666,True,True,0.9119014665308836,1.1177554426443037,1.986020293655822,0.3111979166666667,0.88671875,1.323065984343276,1.0,1.5729503899553865,0.9112913192810573,1.0843808273271893,2,self-report; not geometry-derived layer count or success,1.57291440089489,0.010640334500030319,1.9398235520244487,2.8709603234627643,1.5893984744016458,2.7011293759869166,1.0,/srv/slam-research/grf/map-denoise/runs/multiscan-pilot-v1/exploration-v4-confirm-1_0s40f5/outputs/dual_g8_s912223_b0__open3d_icp_then_xyz.npz,c8ccef46af74be0677c6c4fd3b1a215b2130511b0ff0175530918b335f8883b3,7.446794195176621,0.5532058048233788,0.9308492743970777,5.085059434423105,2.914940565576895,"GT source-group affine fits evaluated at x=y=0; may extrapolate, not physical layer count"
dual_g8_s912223_b0,dual_g8_s912223_b0,/srv/slam-research/grf/map-denoise/runs/multiscan-pilot-v1/exploration-v4-confirm-1_0s40f5/synthetics/identifiable/dual_g8_s912223_b0.json,graph_shared,confirmation,full,true_bilayer,8.0,0.0,912223,768,8,1.0,True,0.13192124900524504,True,True,0.35143819454878633,0.6491311503451854,1.5296467682430794,0.8815104166666666,0.984375,0.33761149192221546,1.0,0.649134032533708,0.35143819454878633,0.6419023378369554,,self-report; not geometry-derived layer count or success,0.648944799198279,0.015672899762918538,0.5392992558941193,0.781206375096583,1.0543038306159036,2.038561299532895,0.98828125,/srv/slam-research/grf/map-denoise/runs/multiscan-pilot-v1/exploration-v4-confirm-1_0s40f5/outputs/dual_g8_s912223_b0__graph_shared.npz,f0fab329eb68b3762c89d71a1c4c65ea19eb6503375adb66dbfb867aaeb96620,7.803629355334106,0.19637064466589393,0.9754536694167633,7.184156582843537,0.8158434171564632,"GT source-group affine fits evaluated at x=y=0; may extrapolate, not physical layer count"
dual_g8_s912223_b0,dual_g8_s912223_b0,/srv/slam-research/grf/map-denoise/runs/multiscan-pilot-v1/exploration-v4-confirm-1_0s40f5/synthetics/identifiable/dual_g8_s912223_b0.json,pool_independent,confirmation,full,true_bilayer,8.0,0.0,912223,768,8,1.0,True,0.15341084499959834,True,True,0.2466772854471393,0.4795699541323267,0.9999725062129817,0.953125,0.9934895833333334,0.2325598306790201,1.0,0.4795732618836214,0.24667728544713932,0.4786219028421251,,self-report; not geometry-derived layer count or success,0.4794088532911557,0.01255646844282875,0.2121085879614324,0.2945097006062605,0.9925042023656508,1.9161822582528159,0.98828125,/srv/slam-research/grf/map-denoise/runs/multiscan-pilot-v1/exploration-v4-confirm-1_0s40f5/outputs/dual_g8_s912223_b0__pool_independent.npz,80cda0b6135f109df19fcd51924cd731273dfbe88c4aa2ecd4c867873e321452,7.943556487997538,0.05644351200246156,0.9929445609996923,7.7107867227022036,0.28921327729779644,"GT source-group affine fits evaluated at x=y=0; may extrapolate, not physical layer count"
dual_g8_s912223_b0,dual_g8_s912223_b0,/srv/slam-research/grf/map-denoise/runs/multiscan-pilot-v1/exploration-v4-confirm-1_0s40f5/synthetics/identifiable/dual_g8_s912223_b0.json,pool_global,confirmation,full,true_bilayer,8.0,0.0,912223,768,8,1.0,True,0.15498501399997622,True,True,1.8012162268430867,2.1201215536137754,3.7943366091366824,0.3020833333333333,0.5872395833333334,1.8091440655049755,1.0,2.1562811563502104,1.8205430989130698,1.8049655714443842,,self-report; not geometry-derived layer count or success,2.1562342829967793,0.014217667191434226,5.283353983835744,5.294307353834256,2.367127098865639,4.32712474821753,0.98828125,/srv/slam-research/grf/map-denoise/runs/multiscan-pilot-v1/exploration-v4-confirm-1_0s40f5/outputs/dual_g8_s912223_b0__pool_global.npz,ac53a2ccb6bf636cd40aea0ef16ddae94146e126fd37d46dbd16b5aae4bb5403,5.570054053208187,2.429945946791813,0.6962567566510234,0.15123380921834606,7.848766190781654,"GT source-group affine fits evaluated at x=y=0; may extrapolate, not physical layer count"
dual_g8_s912223_b0,dual_g8_s912223_b0,/srv/slam-research/grf/map-denoise/runs/multiscan-pilot-v1/exploration-v4-confirm-1_0s40f5/synthetics/identifiable/dual_g8_s912223_b0.json,pool_compatible,confirmation,full,true_bilayer,8.0,0.0,912223,768,8,1.0,True,0.16122463300416712,True,True,0.15813231665959607,0.44883137515946653,0.9842564109146532,0.95703125,0.9947916666666666,0.14287653815076493,1.0,0.4488350235205158,0.15813231665959618,0.4481173934699271,,self-report; not geometry-derived layer count or success,0.4487696536077248,0.007660048267776538,0.20645660969716606,0.30866308812459686,1.0083947833018585,1.9595820289649135,0.98828125,/srv/slam-research/grf/map-denoise/runs/multiscan-pilot-v1/exploration-v4-confirm-1_0s40f5/outputs/dual_g8_s912223_b0__pool_compatible.npz,760583d7d3645e78719a0766043c9ff07c4faf94a1bcc036249c34e277b3aae2,7.950314855394613,0.04968514460538742,0.9937893569243266,7.705035605117399,0.2949643948826006,"GT source-group affine fits evaluated at x=y=0; may extrapolate, not physical layer count"
dual_g8_s912223_b0,dual_g8_s912223_b0,/srv/slam-research/grf/map-denoise/runs/multiscan-pilot-v1/exploration-v4-confirm-1_0s40f5/synthetics/identifiable/dual_g8_s912223_b0.json,graph_bias_only,confirmation,full,true_bilayer,8.0,0.0,912223,768,8,1.0,True,0.1689202530105831,True,True,0.3518904496435796,0.6496556857285253,1.5296467821956943,0.8802083333333334,0.984375,0.33803977349889563,1.0,0.649658566021003,0.3518904496435797,0.6424651123846281,,self-report; not geometry-derived layer count or success,0.6494624856463441,0.015960330276603367,0.5377819048443021,0.7771907742209115,1.054382728497192,2.0385613001354965,1.0,/srv/slam-research/grf/map-denoise/runs/multiscan-pilot-v1/exploration-v4-confirm-1_0s40f5/outputs/dual_g8_s912223_b0__graph_bias_only.npz,aa66bc83b88bce86cc9375d5d8ef006b16afd1a432abb40a5eb46108b003cf28,7.8041773083494315,0.19582269165056854,0.9755221635436789,7.187468890726539,0.8125311092734613,"GT source-group affine fits evaluated at x=y=0; may extrapolate, not physical layer count"
dual_g8_s912223_b0,dual_g8_s912223_b0,/srv/slam-research/grf/map-denoise/runs/multiscan-pilot-v1/exploration-v4-confirm-1_0s40f5/synthetics/identifiable/dual_g8_s912223_b0.json,graph_projected_bias_only,confirmation,full,true_bilayer,8.0,0.0,912223,768,8,1.0,True,0.1716352689982159,True,True,0.3517991014332787,0.6495075408700752,1.5309827394381315,0.8802083333333334,0.984375,0.3384635279936769,1.0,0.6495524272832863,0.3517991014332787,0.6423332427995305,,self-report; not geometry-derived layer count or success,0.6493582540482428,0.015881237011857365,0.5373707401454214,0.7768540567221944,1.0543268035580031,2.038521206591451,1.0,/srv/slam-research/grf/map-denoise/runs/multiscan-pilot-v1/exploration-v4-confirm-1_0s40f5/outputs/dual_g8_s912223_b0__graph_projected_bias_only.npz,5baff972e43f9aa138cd328572c6e35745d5519f4919828791fe3ffc56696b55,7.80439977521884,0.19560022478115968,0.975549971902355,7.188044809941678,0.8119551900583222,"GT source-group affine fits evaluated at x=y=0; may extrapolate, not physical layer count"
dual_g8_s912223_b0,dual_g8_s912223_b0,/srv/slam-research/grf/map-denoise/runs/multiscan-pilot-v1/exploration-v4-confirm-1_0s40f5/synthetics/identifiable/dual_g8_s912223_b0.json,zero_balanced_6,confirmation,full,true_bilayer,8.0,0.0,912223,768,8,1.0,True,0.6530945320118917,True,True,0.3542919194484604,0.6550392810766897,1.5509418541100566,0.8802083333333334,0.984375,0.3425006840245563,1.0,0.6551541778493956,0.3542919194484604,0.6479797742315964,,self-report; not geometry-derived layer count or success,0.6549187708877166,0.017561329461065128,0.5583654702138783,0.812900626747887,1.0554632058560565,2.046561909717607,1.0,/srv/slam-research/grf/map-denoise/runs/multiscan-pilot-v1/exploration-v4-confirm-1_0s40f5/outputs/dual_g8_s912223_b0__zero_balanced_6.npz,5107446836f0670ee2446aa83ea26e5fb34f64ac1c4a8dca7286e7359acc2727,7.805766633494296,0.19423336650570366,0.975720829186787,7.167890714054859,0.8321092859451413,"GT source-group affine fits evaluated at x=y=0; may extrapolate, not physical layer count"
dual_g8_s912223_b0,dual_g8_s912223_b0,/srv/slam-research/grf/map-denoise/runs/multiscan-pilot-v1/exploration-v4-confirm-1_0s40f5/synthetics/identifiable/dual_g8_s912223_b0.json,zero_unbalanced_6,confirmation,full,true_bilayer,8.0,0.0,912223,768,8,1.0,True,0.6530661720025819,True,True,0.35399636835227044,0.6531859695439092,1.5362647393154703,0.8776041666666666,0.984375,0.342206668644703,1.0,0.6532946102902345,0.3539963683522705,0.6465921931873788,,self-report; not geometry-derived layer count or success,0.6531258252933487,0.014849382786887707,0.5407866539673353,0.7926390022787819,1.0571866610166116,2.0428422122330874,1.0,/srv/slam-research/grf/map-denoise/runs/multiscan-pilot-v1/exploration-v4-confirm-1_0s40f5/outputs/dual_g8_s912223_b0__zero_unbalanced_6.npz,2487a5b161d4f0f9409b0010e61ec3ac2287122d1238a5f0f46e57fbeaced970,7.8117616714121425,0.1882383285878575,0.9764702089265178,7.190350750663701,0.8096492493362986,"GT source-group affine fits evaluated at x=y=0; may extrapolate, not physical layer count"
dual_g8_s912223_b0,dual_g8_s912223_b0,/srv/slam-research/grf/map-denoise/runs/multiscan-pilot-v1/exploration-v4-confirm-1_0s40f5/synthetics/identifiable/dual_g8_s912223_b0.json,warm_balanced_2,confirmation,full,true_bilayer,8.0,0.0,912223,768,8,1.0,True,0.37180632799572777,True,True,0.354333995793698,0.6551312884845694,1.5514128236559883,0.8802083333333334,0.984375,0.34246965347947694,1.0,0.6552392415018643,0.354333995793698,0.6480488570899713,,self-report; not geometry-derived layer count or success,0.6550023737882682,0.017616865092072515,0.5574167368246238,0.8104936200452878,1.055386083022215,2.0446529028439158,1.0,/srv/slam-research/grf/map-denoise/runs/multiscan-pilot-v1/exploration-v4-confirm-1_0s40f5/outputs/dual_g8_s912223_b0__warm_balanced_2.npz,4cd1c63baea8d0b896c90c446ddd4c4fe6bc9f311fa5b2a195c3809029490539,7.805449460662408,0.19455053933759192,0.975681182582801,7.168763368217076,0.8312366317829243,"GT source-group affine fits evaluated at x=y=0; may extrapolate, not physical layer count"
dual_g8_s912223_b0,dual_g8_s912223_b0,/srv/slam-research/grf/map-denoise/runs/multiscan-pilot-v1/exploration-v4-confirm-1_0s40f5/synthetics/identifiable/dual_g8_s912223_b0.json,warm_unbalanced_2,confirmation,full,true_bilayer,8.0,0.0,912223,768,8,1.0,True,0.37393619799695443,True,True,0.354080514095609,0.6536106935388514,1.5439683029678708,0.8802083333333334,0.984375,0.34201847518016537,1.0,0.6537011510623476,0.354080514095609,0.646843770130771,,self-report; not geometry-derived layer count or success,0.6535152666477073,0.015588173677964591,0.5408697471687961,0.788566739410655,1.0570564931454869,2.041649973191846,1.0,/srv/slam-research/grf/map-denoise/runs/multiscan-pilot-v1/exploration-v4-confirm-1_0s40f5/outputs/dual_g8_s912223_b0__warm_unbalanced_2.npz,67d4b5a80c7094bb3d6dc8d01c798898f1518a80ddef9d60e2f2a29e4209cd74,7.809441101969387,0.19055889803061277,0.9761801377461734,7.188950802625092,0.8110491973749081,"GT source-group affine fits evaluated at x=y=0; may extrapolate, not physical layer count"
dual_g8_s912223_b4,dual_g8_s912223_b4,/srv/slam-research/grf/map-denoise/runs/multiscan-pilot-v1/exploration-v4-confirm-1_0s40f5/synthetics/identifiable/dual_g8_s912223_b4.json,identity,confirmation,full,true_bilayer,8.0,4.0,912223,768,8,1.0,True,1.742799940984696e-05,True,True,3.133605641720001,3.7744353574473757,6.657343156448725,0.22265625,0.47265625,2.159347596632134,1.0,4.079777527868285,3.430923170204258,4.07743493901317,,self-report; not geometry-derived layer count or success,4.07976365371898,0.010639863373729548,0.6870626244584415,0.7754382793342018,0.0,0.0,0.0,/srv/slam-research/grf/map-denoise/runs/multiscan-pilot-v1/exploration-v4-confirm-1_0s40f5/outputs/dual_g8_s912223_b4__identity.npz,b61efdc63b9855b20064f0f6e29e5c642781ce262647bdafe936bc710aad5d69,7.716080658780803,0.28391934121919693,0.9645100823476004,7.117538189088475,0.8824618109115248,"GT source-group affine fits evaluated at x=y=0; may extrapolate, not physical layer count"
dual_g8_s912223_b4,dual_g8_s912223_b4,/srv/slam-research/grf/map-denoise/runs/multiscan-pilot-v1/exploration-v4-confirm-1_0s40f5/synthetics/identifiable/dual_g8_s912223_b4.json,fast,confirmation,full,true_bilayer,8.0,4.0,912223,768,8,1.0,True,0.009364850993733853,True,True,1.1057688025160533,1.3766351084334283,2.724211014001074,0.4856770833333333,0.8763020833333334,1.1424327956732216,1.0,1.4416691770846852,1.1103229220051516,1.3552750599206813,2,self-report; not geometry-derived layer count or success,1.4416299141816604,0.010639863373729274,1.775458439811396,2.688583787982541,4.051688151378595,6.9729412926131,1.0,/srv/slam-research/grf/map-denoise/runs/multiscan-pilot-v1/exploration-v4-confirm-1_0s40f5/outputs/dual_g8_s912223_b4__fast.npz,c087e7a470a46387a0e058a4d1f3526745689e36fa6140b150519e55d3809534,7.364833661201422,0.6351663387985784,0.9206042076501777,5.202531143058247,2.7974688569417534,"GT source-group affine fits evaluated at x=y=0; may extrapolate, not physical layer count"
dual_g8_s912223_b4,dual_g8_s912223_b4,/srv/slam-research/grf/map-denoise/runs/multiscan-pilot-v1/exploration-v4-confirm-1_0s40f5/synthetics/identifiable/dual_g8_s912223_b4.json,open3d_icp_then_xyz,confirmation,full,true_bilayer,8.0,4.0,912223,768,8,1.0,True,0.016728374001104385,True,True,0.9187633485707768,1.1331350128166155,2.0126957554860727,0.3098958333333333,0.7786458333333334,1.4815474607116974,1.0,2.250486067481239,0.911671640536761,1.0834809022480314,2,self-report; not geometry-derived layer count or success,2.2504609136558904,0.010640302357808447,1.8369655051236957,2.596238550138639,4.515326809455519,7.141732830084511,1.0,/srv/slam-research/grf/map-denoise/runs/multiscan-pilot-v1/exploration-v4-confirm-1_0s40f5/outputs/dual_g8_s912223_b4__open3d_icp_then_xyz.npz,6a1afa94e45232cce935338e3084646136a5d489262052ff39832b5c758ca88b,7.43250706380696,0.5674929361930401,0.92906338297587,5.244587486709379,2.7554125132906213,"GT source-group affine fits evaluated at x=y=0; may extrapolate, not physical layer count"
dual_g8_s912223_b4,dual_g8_s912223_b4,/srv/slam-research/grf/map-denoise/runs/multiscan-pilot-v1/exploration-v4-confirm-1_0s40f5/synthetics/identifiable/dual_g8_s912223_b4.json,graph_shared,confirmation,full,true_bilayer,8.0,4.0,912223,768,8,1.0,True,0.1641239150048932,True,True,0.38321396236177074,0.7497041329913149,1.628231597251096,0.87109375,0.9778645833333334,0.3587137507264804,1.0,0.7738057804198862,0.38779697855918166,0.7685204189914575,,self-report; not geometry-derived layer count or success,0.773678831055036,0.014016140286898179,0.5103912178627962,0.7391339598304559,4.040942080730934,6.8558496331559535,0.98828125,/srv/slam-research/grf/map-denoise/runs/multiscan-pilot-v1/exploration-v4-confirm-1_0s40f5/outputs/dual_g8_s912223_b4__graph_shared.npz,f54c7835a23f8c005d127746b32321d9d48bf1d641b4445246515132821a0ed2,7.816899750794843,0.18310024920515744,0.9771124688493553,7.240803208499875,0.7591967915001252,"GT source-group affine fits evaluated at x=y=0; may extrapolate, not physical layer count"
dual_g8_s912223_b4,dual_g8_s912223_b4,/srv/slam-research/grf/map-denoise/runs/multiscan-pilot-v1/exploration-v4-confirm-1_0s40f5/synthetics/identifiable/dual_g8_s912223_b4.json,pool_independent,confirmation,full,true_bilayer,8.0,4.0,912223,768,8,1.0,True,0.18553460399562027,True,True,0.2785743063753454,0.608893455922629,1.1567483335796747,0.9440104166666666,0.9895833333333334,0.2478488177053952,1.0,0.6383322569359657,0.28315732257275633,0.6378522764813884,,self-report; not geometry-derived layer count or success,0.6382388679050186,0.010918687663079029,0.18505047800274202,0.25784232149512915,4.045102299539992,6.828520819882317,0.98828125,/srv/slam-research/grf/map-denoise/runs/multiscan-pilot-v1/exploration-v4-confirm-1_0s40f5/outputs/dual_g8_s912223_b4__pool_independent.npz,7ff9cfe083f1fd39e48235af977b2311e963a37d41206de0b68abf0d71c9c6f4,7.956758442843483,0.043241557156516564,0.9945948053554354,7.767324826851367,0.23267517314863273,"GT source-group affine fits evaluated at x=y=0; may extrapolate, not physical layer count"
dual_g8_s912223_b4,dual_g8_s912223_b4,/srv/slam-research/grf/map-denoise/runs/multiscan-pilot-v1/exploration-v4-confirm-1_0s40f5/synthetics/identifiable/dual_g8_s912223_b4.json,pool_global,confirmation,full,true_bilayer,8.0,4.0,912223,768,8,1.0,True,0.18450406700139865,True,True,1.829677221809705,2.1529081840881044,3.8063187596654,0.2916666666666667,0.5755208333333334,1.836634560892163,1.0,2.1968680428013885,1.8535710420500469,1.8573402667654935,,self-report; not geometry-derived layer count or success,2.196810863699942,0.015850129712949475,5.2465269095726965,5.264475837433469,4.491957028541744,8.341389751356745,0.98828125,/srv/slam-research/grf/map-denoise/runs/multiscan-pilot-v1/exploration-v4-confirm-1_0s40f5/outputs/dual_g8_s912223_b4__pool_global.npz,ddea2f7921e6bde76056d569d1d0dab7fc380291c09ca7f06672cb5800526b1e,5.5833869652411865,2.4166130347588135,0.6979233706551483,0.20791437043089367,7.792085629569106,"GT source-group affine fits evaluated at x=y=0; may extrapolate, not physical layer count"
dual_g8_s912223_b4,dual_g8_s912223_b4,/srv/slam-research/grf/map-denoise/runs/multiscan-pilot-v1/exploration-v4-confirm-1_0s40f5/synthetics/identifiable/dual_g8_s912223_b4.json,pool_compatible,confirmation,full,true_bilayer,8.0,4.0,912223,768,8,1.0,True,0.18685756299237255,True,True,0.1865437100023054,0.5843809457415521,1.0867282669136935,0.94921875,0.9908854166666666,0.15458322074318967,1.0,0.6149944088932368,0.19112672619971638,0.6146668485988851,,self-report; not geometry-derived layer count or success,0.6149649404296487,0.006020383069240088,0.17453696548183087,0.2673622437041392,4.052910353870809,6.828434393835019,0.98828125,/srv/slam-research/grf/map-denoise/runs/multiscan-pilot-v1/exploration-v4-confirm-1_0s40f5/outputs/dual_g8_s912223_b4__pool_compatible.npz,82e7dd0400a369ee80a7b5e13b26c63fe7c884090f02bc21bbf7e450bf503a4d,7.963517736650522,0.036482263349477684,0.9954397170813153,7.761587226494621,0.23841277350537915,"GT source-group affine fits evaluated at x=y=0; may extrapolate, not physical layer count"
dual_g8_s912223_b4,dual_g8_s912223_b4,/srv/slam-research/grf/map-denoise/runs/multiscan-pilot-v1/exploration-v4-confirm-1_0s40f5/synthetics/identifiable/dual_g8_s912223_b4.json,graph_bias_only,confirmation,full,true_bilayer,8.0,4.0,912223,768,8,1.0,True,0.19579681300092489,True,True,0.3518809868669215,0.649597866549811,1.5299135675085491,0.8802083333333334,0.984375,0.3385022367340424,1.0,0.6496406979438694,0.35188098686692143,0.6424046752163637,,self-report; not geometry-derived layer count or success,0.6494454403064205,0.015926596943396595,0.5377398479166039,0.7770741497362456,4.065822768175265,6.857867486019238,1.0,/srv/slam-research/grf/map-denoise/runs/multiscan-pilot-v1/exploration-v4-confirm-1_0s40f5/outputs/dual_g8_s912223_b4__graph_bias_only.npz,3757bc549fe66a5107d581a057c265ff248fd0ac558dcc861a2ea7aa8dc658e5,7.8041382211056085,0.1958617788943915,0.9755172776382011,7.187533579649306,0.8124664203506944,"GT source-group affine fits evaluated at x=y=0; may extrapolate, not physical layer count"
dual_g8_s912223_b4,dual_g8_s912223_b4,/srv/slam-research/grf/map-denoise/runs/multiscan-pilot-v1/exploration-v4-confirm-1_0s40f5/synthetics/identifiable/dual_g8_s912223_b4.json,graph_projected_bias_only,confirmation,full,true_bilayer,8.0,4.0,912223,768,8,1.0,True,0.20016948899137788,True,True,0.36422818446297206,0.6578075684675035,1.5070918517522334,0.8697916666666666,0.9830729166666666,0.4704552067334462,1.0,0.7079633915092266,0.36392112308226404,0.6487180233390163,,self-report; not geometry-derived layer count or success,0.7077893270336691,0.015698160862728017,0.5857175033700547,0.871520661547859,4.061949930521118,6.87577822704007,1.0,/srv/slam-research/grf/map-denoise/runs/multiscan-pilot-v1/exploration-v4-confirm-1_0s40f5/outputs/dual_g8_s912223_b4__graph_projected_bias_only.npz,75c714f3a5f3bf62c25fcacaaf8ab000a4ecb8c1fdcb43596027c226942e931a,7.7814684114696675,0.2185315885303325,0.9726835514337084,7.089169143094854,0.9108308569051458,"GT source-group affine fits evaluated at x=y=0; may extrapolate, not physical layer count"
dual_g8_s912223_b4,dual_g8_s912223_b4,/srv/slam-research/grf/map-denoise/runs/multiscan-pilot-v1/exploration-v4-confirm-1_0s40f5/synthetics/identifiable/dual_g8_s912223_b4.json,zero_balanced_6,confirmation,full,true_bilayer,8.0,4.0,912223,768,8,1.0,True,0.7216589430026943,True,True,0.3596460561508734,0.6509941263817837,1.5409147144858435,0.8763020833333334,0.984375,0.4566959636928101,1.0,0.6958574928440645,0.35925162396471083,0.6405608560545663,,self-report; not geometry-derived layer count or success,0.6956833203012807,0.015568179142503635,0.6493574932924201,0.9646540318078698,4.025271680484787,6.788867330003833,1.0,/srv/slam-research/grf/map-denoise/runs/multiscan-pilot-v1/exploration-v4-confirm-1_0s40f5/outputs/dual_g8_s912223_b4__zero_balanced_6.npz,3b0931ed74583f2464d1b955ca6fec6703a38207e344bd32e1ba67d63871d328,7.765884201085235,0.23411579891476464,0.9707355251356544,7.00807830830847,0.9919216916915303,"GT source-group affine fits evaluated at x=y=0; may extrapolate, not physical layer count"
dual_g8_s912223_b4,dual_g8_s912223_b4,/srv/slam-research/grf/map-denoise/runs/multiscan-pilot-v1/exploration-v4-confirm-1_0s40f5/synthetics/identifiable/dual_g8_s912223_b4.json,zero_unbalanced_6,confirmation,full,true_bilayer,8.0,4.0,912223,768,8,1.0,True,0.7197475879947888,True,True,0.3702464378629781,0.6737396645944693,1.5619099504531626,0.8763020833333334,0.98046875,0.4590334767252842,1.0,0.7141994160387374,0.3699953808713959,0.6639166871153235,,self-report; not geometry-derived layer count or success,0.7141162881475054,0.010896461467027435,0.6509692947957754,0.973110480537244,4.0109200345209945,6.767047017966181,1.0,/srv/slam-research/grf/map-denoise/runs/multiscan-pilot-v1/exploration-v4-confirm-1_0s40f5/outputs/dual_g8_s912223_b4__zero_unbalanced_6.npz,f462a44969e111a0e28641e95a4f1f72b72797811782e3bb713ba9cd2d0e966a,7.767611695969032,0.23238830403096777,0.970951461996129,7.003363435857174,0.9966365641428263,"GT source-group affine fits evaluated at x=y=0; may extrapolate, not physical layer count"
dual_g8_s912223_b4,dual_g8_s912223_b4,/srv/slam-research/grf/map-denoise/runs/multiscan-pilot-v1/exploration-v4-confirm-1_0s40f5/synthetics/identifiable/dual_g8_s912223_b4.json,warm_balanced_2,confirmation,full,true_bilayer,8.0,4.0,912223,768,8,1.0,True,0.4310656469897367,True,True,0.36028850298479864,0.651782831326481,1.5372709521119108,0.8736979166666666,0.984375,0.45985894977364944,1.0,0.6971332440458567,0.359841783556476,0.6424225275448113,,self-report; not geometry-derived layer count or success,0.6969770301336173,0.01475735138914185,0.6250675582412775,0.9294829454310382,4.034086286732806,6.802365288114856,1.0,/srv/slam-research/grf/map-denoise/runs/multiscan-pilot-v1/exploration-v4-confirm-1_0s40f5/outputs/dual_g8_s912223_b4__warm_balanced_2.npz,8bc9d60e6079080006c6a3300766de0b005f383bbb5dc29cd1e6ffd4795cefae,7.778383749428432,0.22161625057156797,0.972297968678554,7.0464349731466545,0.9535650268533455,"GT source-group affine fits evaluated at x=y=0; may extrapolate, not physical layer count"
dual_g8_s912223_b4,dual_g8_s912223_b4,/srv/slam-research/grf/map-denoise/runs/multiscan-pilot-v1/exploration-v4-confirm-1_0s40f5/synthetics/identifiable/dual_g8_s912223_b4.json,warm_unbalanced_2,confirmation,full,true_bilayer,8.0,4.0,912223,768,8,1.0,True,0.42844487699039746,True,True,0.36537312986330656,0.6589207510960223,1.5695210271675355,0.8723958333333334,0.9817708333333334,0.46181080896333143,1.0,0.7035166211650591,0.36491665652519484,0.6496595674072485,,self-report; not geometry-derived layer count or success,0.7034560358529709,0.009232652789155905,0.6170416402168161,0.933697983603866,4.037684000879018,6.829512546535606,1.0,/srv/slam-research/grf/map-denoise/runs/multiscan-pilot-v1/exploration-v4-confirm-1_0s40f5/outputs/dual_g8_s912223_b4__warm_unbalanced_2.npz,1b1e7017d4dda55defc37ef9e1c6b1b6841faea7ebe7965a33a5d588491622ea,7.77709551129725,0.22290448870275004,0.9721369389121562,7.045919710296585,0.9540802897034153,"GT source-group affine fits evaluated at x=y=0; may extrapolate, not physical layer count"
