case,split,patch,mode,sigma_mm,method,n_points,n_scans,original_input,original_input_sha256,evaluation,evaluation_json,output,output_sha256,method_seconds,supported_fraction,support_mask_sha256,moved_fraction,input_edit_xyz_rms_mm,normal_world,basis_call_count,initialization_sha256,grouping_sha256,frozen_state_sha256,recovery_xyz_rms_mm,recovery_normal_rms_mm,recovery_tangent_rms_mm,zero_edit_xyz_rms_mm,zero_edit_normal_rms_mm,zero_edit_tangent_rms_mm,self_response_xyz_rms_mm,self_response_normal_rms_mm,self_response_tangent_rms_mm,input_edit_normal_rms_mm,input_edit_tangent_rms_mm,injected_xyz_rms_mm,injected_normal_rms_mm,injected_tangent_rms_mm,recovery_centroid_error_mm,input_edit_p95_mm,unchanged_exact,independent_real_geometry,candidate_axis_vs_injection_deg,axis_pointwise_lower_bound_xyz_rms_mm,support_axis_lower_bound_xyz_rms_mm,output_off_axis_rms_mm,axis_bound_scope,current_input_pca_axis_world,candidate_axis_vs_current_pca_deg,ok,seed,gap_mm,bias_rms_mm,identifiable,geometry_scored,surface_accuracy_mean_mm,surface_accuracy_rms_mm,surface_accuracy_p95_mm,reference_sample_coverage_1mm,reference_sample_coverage_2mm,reference_sample_distance_mean_mm,output_point_count_ratio,matched_point_rms_mm,matched_normal_mae_mm,within_source_layer_rms_mm,reported_model_k,model_k_note,global_translation_only_aligned_rms_mm,output_edit_from_reference_centroid_mm,source_surface_tilt_mean_deg,source_surface_tilt_max_deg,source_group_gap_mm,source_group_gap_error_mm,source_group_gap_retention,fitted_gap_at_same_xy_mm,fitted_gap_at_same_xy_error_mm,fitted_gap_note
cy_junction__zero,real,cy_junction,zero,2.0,difference,1600,2,/srv/slam-research/grf/map-denoise/runs/multiscan-pilot-v1/real-transfer-v5-zrtui_f5/inputs/cy_junction__zero.npz,579502c31a39b829f6dfaf5920a67860bda9715ac8c2f769aa93dcb79c226866,/srv/slam-research/grf/map-denoise/runs/multiscan-pilot-v1/direction-v6-edpxxdsb/real/evaluation/cy_junction__zero.npz,/srv/slam-research/grf/map-denoise/runs/multiscan-pilot-v1/direction-v6-edpxxdsb/real/evaluation/cy_junction__zero.json,/srv/slam-research/grf/map-denoise/runs/multiscan-pilot-v1/direction-v6-edpxxdsb/outputs/real__cy_junction__zero__difference.npz,a551d8f57195709bb480d52777f7ee6ecc606dcf3da50700ada3171ef5495927,0.27632409500074573,0.300625,f05f64bfbd3490e3e0e8feab9169b6aa27b9726557fcf977e30414dbbb7536ba,0.300625,1.003467253760473,"[0.9940964427920725, 0.10848622524951625, -0.0017324431473787988]",3,e63fc33bb924cec0a3d6469cb5f553fc3d7b42477f75b724676dec3fd6e29e6d,cedfbf1adc62f2027f4304409b744e3ac563fbf48b8f173b0f94db3b2e486a19,2d6bdd01a6fced7f2ea647986dc13b3324bfda6f012ba75013cb17c7272dd153,1.003467253760473,0.9764479794859666,0.23129174807450234,1.003467253760473,0.9764479794859666,0.23129174807450234,0.0,0.0,0.0,0.9764479794859666,0.23129174807450234,0.0,0.0,0.0,0.022062880616645617,2.4512430126368443,False,not_measured,13.3260732356786,0.0,0.0,3.08724608130318e-13,"pointwise XYZ recovery to original measured cloud; evaluator only, not clean truth or a normal-only score","[-0.9424408963414457, -0.33320975907268285, 0.02786419497952631]",13.3260732356786,True,,,,,,,,,,,,,,,,,,,,,,,,,,,
cy_junction__zero,real,cy_junction,zero,2.0,pooled_pca,1600,2,/srv/slam-research/grf/map-denoise/runs/multiscan-pilot-v1/real-transfer-v5-zrtui_f5/inputs/cy_junction__zero.npz,579502c31a39b829f6dfaf5920a67860bda9715ac8c2f769aa93dcb79c226866,/srv/slam-research/grf/map-denoise/runs/multiscan-pilot-v1/direction-v6-edpxxdsb/real/evaluation/cy_junction__zero.npz,/srv/slam-research/grf/map-denoise/runs/multiscan-pilot-v1/direction-v6-edpxxdsb/real/evaluation/cy_junction__zero.json,/srv/slam-research/grf/map-denoise/runs/multiscan-pilot-v1/direction-v6-edpxxdsb/outputs/real__cy_junction__zero__pooled_pca.npz,dfdaf2fe1a668dbb4aadd25ee6d2c84e453aa27e2095f196b7d8afe563f46f4b,0.27917908399831504,0.32125,b4b2f13903e05bab83709c932cf623e6630e035872f35634c5813545c81ccdc8,0.32125,1.0520085113452975,"[0.9424408963414457, 0.3332097590726831, -0.027864194979526316]",3,c49469839044ed7c1285fb5c9e8387524f908156ab21a0ccd4f5a20f24e75ab3,24ab9d12f87d03001852e655a4c817c9ea3c7201b62e827d2fbe2bd822a75af8,c9f5845743ea7fb8974f13d3b5d9698901b3d44e9ba0746eb7509d1682f602b3,1.0520085113452975,1.0520085113452975,3.1282621208956537e-13,1.0520085113452975,1.0520085113452975,3.1282621208956537e-13,0.0,0.0,0.0,1.0520085113452975,3.1282621208956537e-13,0.0,0.0,0.0,0.018585949922989564,2.541324643716019,False,not_measured,0.0,0.0,0.0,3.1283456773525785e-13,"pointwise XYZ recovery to original measured cloud; evaluator only, not clean truth or a normal-only score","[-0.9424408963414457, -0.33320975907268285, 0.02786419497952631]",0.0,True,,,,,,,,,,,,,,,,,,,,,,,,,,,
cy_junction__normal_translation,real,cy_junction,normal_translation,2.0,difference,1600,2,/srv/slam-research/grf/map-denoise/runs/multiscan-pilot-v1/real-transfer-v5-zrtui_f5/inputs/cy_junction__normal_translation.npz,ef3048b21735592e83db5b2e3c05b7b5ee0fe8973c9331b06d3d068f6a4c7f44,/srv/slam-research/grf/map-denoise/runs/multiscan-pilot-v1/direction-v6-edpxxdsb/real/evaluation/cy_junction__normal_translation.npz,/srv/slam-research/grf/map-denoise/runs/multiscan-pilot-v1/direction-v6-edpxxdsb/real/evaluation/cy_junction__normal_translation.json,/srv/slam-research/grf/map-denoise/runs/multiscan-pilot-v1/direction-v6-edpxxdsb/outputs/real__cy_junction__normal_translation__difference.npz,3cd1806e9ee31b044d14e0a5f3e89cac1f3c976ca8b774a89d94813700dd5ec6,0.3154802819917677,0.2975,e16706c5013b18a7ceaf14f11ffb22c80617d12910e160e9fba117e8f65513f6,0.2975,1.3866689455211803,"[0.9940964427920725, 0.1084862252495162, -0.001732443147378796]",3,ef2791962347775f18c32bb394bda9fd9dedee27b3d985532e4f68c8347d1f89,2bf96fedd727381bed6f093760cf3f09398d3a3b8e532f075937da583f4e51f7,6cef2639ce9726259763c35c4757f3036ce6a3183c42cceccc5f49550d9945ff,4.0635327182857335,4.0509434944491876,0.31961689154117484,1.003467253760473,0.9764479794859666,0.23129174807450234,3.9389036626762537,3.9291733165934817,0.27669317305309177,1.3493316149540244,0.31961689154108647,3.4999999999998295,3.4999999999998295,3.734507431421861e-13,0.05316708664398132,3.5500553785024485,False,not_measured,13.3260732356786,0.8067240014327354,2.966351138235195,3.1270598823463296e-13,"pointwise XYZ recovery to original measured cloud; evaluator only, not clean truth or a normal-only score","[-0.9421746584514388, -0.33395428164657576, 0.027954440467199183]",13.371670519797092,True,,,,,,,,,,,,,,,,,,,,,,,,,,,
cy_junction__normal_translation,real,cy_junction,normal_translation,2.0,pooled_pca,1600,2,/srv/slam-research/grf/map-denoise/runs/multiscan-pilot-v1/real-transfer-v5-zrtui_f5/inputs/cy_junction__normal_translation.npz,ef3048b21735592e83db5b2e3c05b7b5ee0fe8973c9331b06d3d068f6a4c7f44,/srv/slam-research/grf/map-denoise/runs/multiscan-pilot-v1/direction-v6-edpxxdsb/real/evaluation/cy_junction__normal_translation.npz,/srv/slam-research/grf/map-denoise/runs/multiscan-pilot-v1/direction-v6-edpxxdsb/real/evaluation/cy_junction__normal_translation.json,/srv/slam-research/grf/map-denoise/runs/multiscan-pilot-v1/direction-v6-edpxxdsb/outputs/real__cy_junction__normal_translation__pooled_pca.npz,0e259fec2d260ab55529185d41f5948d055fb07472a2ff40b1e72262c40fea7d,0.3044514619978145,0.32,ea8701ee8b445f9a0542220c2349e5d104d9db1fda024ad426733103e7f8e5d6,0.32,2.597464446537434,"[0.9421746584514388, 0.33395428164657565, -0.02795444046719917]",3,c954f5455a88909f110d53ffb7750b73e876dce67a95c23518b63488cba1723d,9f2f13eecf390c77ac0f129f5aaa1249225aba6648cf8d2c3a9efe7be76074cd,0a0b9c6e674358be2cb396d19e0932ed9d5cc21d66cda24de4d279d6a46c300a,5.273534239399774,5.273533834260057,0.002067132355786814,1.0520085113452975,1.0520085113452975,3.1282621208956537e-13,5.071140488321192,5.071140067011986,0.0020671323557830026,2.5974636239974256,0.002067132355959651,3.4999999999998295,3.4999999999998295,3.734507431421861e-13,0.08284462813072077,6.11174660666019,False,not_measured,0.04559753353925167,0.00278539452442946,2.8861743680336502,2.97011376858578e-13,"pointwise XYZ recovery to original measured cloud; evaluator only, not clean truth or a normal-only score","[-0.9421746584514388, -0.33395428164657576, 0.027954440467199183]",0.0,True,,,,,,,,,,,,,,,,,,,,,,,,,,,
cy_junction__tangent_translation,real,cy_junction,tangent_translation,2.0,difference,1600,2,/srv/slam-research/grf/map-denoise/runs/multiscan-pilot-v1/real-transfer-v5-zrtui_f5/inputs/cy_junction__tangent_translation.npz,91a4aa31c4b34838c886762ac56323f181da926acd8de2018bfe445e518c60f9,/srv/slam-research/grf/map-denoise/runs/multiscan-pilot-v1/direction-v6-edpxxdsb/real/evaluation/cy_junction__tangent_translation.npz,/srv/slam-research/grf/map-denoise/runs/multiscan-pilot-v1/direction-v6-edpxxdsb/real/evaluation/cy_junction__tangent_translation.json,/srv/slam-research/grf/map-denoise/runs/multiscan-pilot-v1/direction-v6-edpxxdsb/outputs/real__cy_junction__tangent_translation__difference.npz,95d4f90ef57be8bc03f7dec2ad01788beddb61be001657636fb505773137f842,0.285859392999555,0.301875,bf1c20cdd2f415b00b431876c49d7c83b54434c3d0964195bde64a9cfcb2268a,0.301875,1.0114527859022397,"[0.9940964427920725, 0.10848622524951629, -0.0017324431473787951]",3,fa6388570a24e71724c9ce506e8ef17fae39ad1688f2110efb666fea392db70b,999825283d4b49968ca06b0ca82bb94e2079f195cbb32e2ac5a35e584958df93,21fa27b55ded5335e05090af54938aa1743490271484720ea4cbd495bc54b34e,3.6443321911637026,0.9842184938657031,3.5089130903863612,1.003467253760473,0.9764479794859666,0.23129174807450234,3.5162210887020326,0.33115166071986507,3.5005927101328695,0.9842184938657081,0.23313235391536505,3.500000000000041,7.32298139185392e-14,3.500000000000041,0.014980110865268351,2.5201427939085734,False,not_measured,13.3260732356786,3.499360962332235,3.4998071027993727,3.184483605061463e-13,"pointwise XYZ recovery to original measured cloud; evaluator only, not clean truth or a normal-only score","[-0.9424404035656558, -0.3332122158853241, 0.027851479526155846]",13.32613422833749,True,,,,,,,,,,,,,,,,,,,,,,,,,,,
cy_junction__tangent_translation,real,cy_junction,tangent_translation,2.0,pooled_pca,1600,2,/srv/slam-research/grf/map-denoise/runs/multiscan-pilot-v1/real-transfer-v5-zrtui_f5/inputs/cy_junction__tangent_translation.npz,91a4aa31c4b34838c886762ac56323f181da926acd8de2018bfe445e518c60f9,/srv/slam-research/grf/map-denoise/runs/multiscan-pilot-v1/direction-v6-edpxxdsb/real/evaluation/cy_junction__tangent_translation.npz,/srv/slam-research/grf/map-denoise/runs/multiscan-pilot-v1/direction-v6-edpxxdsb/real/evaluation/cy_junction__tangent_translation.json,/srv/slam-research/grf/map-denoise/runs/multiscan-pilot-v1/direction-v6-edpxxdsb/outputs/real__cy_junction__tangent_translation__pooled_pca.npz,c58c0ee30c23a13b7eede5316c8753625a95042b1095c57e49cb7ca2856f1f6d,0.27681666299758945,0.323125,3943216b21b0a0fff63b407c07a01918a93d55652ab9c5233bf7225fef057701,0.323125,1.0421436941530586,"[0.9424404035656558, 0.33321221588532424, -0.02785147952615582]",3,adb450d731c82c890c561e1003e3642054b78fb714705b9f1ea56270e10739cf,24ab9d12f87d03001852e655a4c817c9ea3c7201b62e827d2fbe2bd822a75af8,0b26e9b1430278fc60043428c415d421d0cfd93790de5cceecdf04134a431b96,3.651856668576785,1.0421436940655333,3.499999092678194,1.0520085113452975,1.0520085113452975,3.1282621208956537e-13,3.504220462898619,0.17195174860761953,3.4999990926781956,1.0421436940655384,1.3506178693084983e-05,3.500000000000041,7.32298139185392e-14,3.500000000000041,0.015020578850591878,2.57127178774781,False,not_measured,0.0007425534010661381,3.4999999997061084,3.499999999905064,3.056469634414943e-13,"pointwise XYZ recovery to original measured cloud; evaluator only, not clean truth or a normal-only score","[-0.9424404035656558, -0.3332122158853241, 0.027851479526155846]",0.0,True,,,,,,,,,,,,,,,,,,,,,,,,,,,
cy_junction__small_rotation,real,cy_junction,small_rotation,2.0,difference,1600,2,/srv/slam-research/grf/map-denoise/runs/multiscan-pilot-v1/real-transfer-v5-zrtui_f5/inputs/cy_junction__small_rotation.npz,23007349bd685f07bc873ba68b313c1eebc1c33f73a6281c83c33ed93a6ece4f,/srv/slam-research/grf/map-denoise/runs/multiscan-pilot-v1/direction-v6-edpxxdsb/real/evaluation/cy_junction__small_rotation.npz,/srv/slam-research/grf/map-denoise/runs/multiscan-pilot-v1/direction-v6-edpxxdsb/real/evaluation/cy_junction__small_rotation.json,/srv/slam-research/grf/map-denoise/runs/multiscan-pilot-v1/direction-v6-edpxxdsb/outputs/real__cy_junction__small_rotation__difference.npz,2e9b7ddc219abdcb75a78d0006e13c562d0e977853713d1b652c64a3565d6aed,0.334074115002295,0.2975,ba953471a793475d06c1b9bc1d4381ba3c336892fbc12bacaef6bf715abb8b05,0.2975,1.8183677348570875,"[0.9941157111152221, 0.10832337021433425, -1.947523352548489e-05]",3,1277e71c6597dfabe3eaaffaaba58ea0c34e7dc3610fddc84e01c0a02c4f5c7a,1ba52f30af2005e4993a89144f2d35b4f0630f4fcc024a8a616e7a12708784ca,a281e79051b37dcdc36fbc8d45323af9d35d9c789a16642e1c137ec8df740634,3.802938250958624,3.726953343623951,0.7564113398505377,1.003467253760473,0.9764479794859666,0.23129174807450234,3.7761859361658217,3.702543054205833,0.7421288003094089,1.7692540743908294,0.41976331357176033,3.5000000000000004,3.445372482373228,0.6159614092663126,0.05959933587074656,4.5356229850531795,False,not_measured,13.346897215560517,1.0027416175355668,3.144727996061792,3.039377874155729e-13,"pointwise XYZ recovery to original measured cloud; evaluator only, not clean truth or a normal-only score","[-0.9425821735724909, -0.33282319346681644, 0.027705016764271402]",13.322410510218852,True,,,,,,,,,,,,,,,,,,,,,,,,,,,
cy_junction__small_rotation,real,cy_junction,small_rotation,2.0,pooled_pca,1600,2,/srv/slam-research/grf/map-denoise/runs/multiscan-pilot-v1/real-transfer-v5-zrtui_f5/inputs/cy_junction__small_rotation.npz,23007349bd685f07bc873ba68b313c1eebc1c33f73a6281c83c33ed93a6ece4f,/srv/slam-research/grf/map-denoise/runs/multiscan-pilot-v1/direction-v6-edpxxdsb/real/evaluation/cy_junction__small_rotation.npz,/srv/slam-research/grf/map-denoise/runs/multiscan-pilot-v1/direction-v6-edpxxdsb/real/evaluation/cy_junction__small_rotation.json,/srv/slam-research/grf/map-denoise/runs/multiscan-pilot-v1/direction-v6-edpxxdsb/outputs/real__cy_junction__small_rotation__pooled_pca.npz,b7b277bd392b68dce1480217e594c1210ce8025a22fe5d0b5ac38acf479853ab,0.3178871580021223,0.311875,ff661838411c59854d952c493053d4fa98e7405fb0682e68aed4718f95e1f2ab,0.311875,2.015741765020336,"[0.942582173572491, 0.33282319346681666, -0.0277050167642714]",3,837289126c19607de06ef47f6eddfa602eb0406e8ea40e1fde11d9dccecfa3f9,85a547ccf34fbb670ca9c19c43fceea469ef0c63ff887fe53fc1b1d93b2bdb60,5e7808a00b05903d43199057faff533bd70f50de96eaf7139e0db91b9c77377e,3.8693203382759616,3.8199727329398527,0.6159936686298276,1.0520085113452975,1.0520085113452975,3.1282621208956537e-13,3.7952271098942614,3.7449032852510773,0.6159936686298274,2.0157415687577123,0.0008895108198740548,3.5000000000000004,3.445372482373228,0.6159614092663126,0.0806590974877474,4.847484582697117,False,not_measured,0.02528360444418776,0.6159618365811474,3.084095156739389,2.941327848684466e-13,"pointwise XYZ recovery to original measured cloud; evaluator only, not clean truth or a normal-only score","[-0.9425821735724909, -0.33282319346681644, 0.027705016764271402]",8.537736462515939e-07,True,,,,,,,,,,,,,,,,,,,,,,,,,,,
cy_thin__zero,real,cy_thin,zero,2.0,difference,414,2,/srv/slam-research/grf/map-denoise/runs/multiscan-pilot-v1/real-transfer-v5-zrtui_f5/inputs/cy_thin__zero.npz,e79d0c1b7ea2cf74f5eb16815ad04a64ceba1428c38802f549b0564a3646d5de,/srv/slam-research/grf/map-denoise/runs/multiscan-pilot-v1/direction-v6-edpxxdsb/real/evaluation/cy_thin__zero.npz,/srv/slam-research/grf/map-denoise/runs/multiscan-pilot-v1/direction-v6-edpxxdsb/real/evaluation/cy_thin__zero.json,/srv/slam-research/grf/map-denoise/runs/multiscan-pilot-v1/direction-v6-edpxxdsb/outputs/real__cy_thin__zero__difference.npz,abda0472b9867d70c41184b00397c8b71c3755630aaadbe8e646c778a0a0178e,0.043734735998441465,0.7560386473429952,84d508292b4af244bebf8f71264590a8174b251bf54003f55d8feea57b895122,0.7560386473429952,0.7690980732251299,"[0.010514436368710781, 0.0019027377179734774, 0.9999429114789627]",3,c47cd6d81a4f579b30333593e1a47222e3ce1769665fb7dd4ee98da704f23283,eb874d5a049ad60977996e779324c77a53e42c8c5b581583451b534ad6c1d74b,f3e01db3097b8714264e2bd72eb98ee49fd28a7617a80fa083c416b964c9442f,0.7690980732251299,0.7690973238305397,0.0010736458024662504,0.7690980732251299,0.7690973238305397,0.0010736458024662504,0.0,0.0,0.0,0.7690973238305397,0.0010736458024662504,0.0,0.0,0.0,0.020129341640654577,1.4743880706280692,False,not_measured,0.07998380869068902,0.0,0.0,9.892178257462234e-14,"pointwise XYZ recovery to original measured cloud; evaluator only, not clean truth or a normal-only score","[0.011696765480278091, 0.002644789187803448, 0.9999280927984029]",0.07998380869068902,True,,,,,,,,,,,,,,,,,,,,,,,,,,,
cy_thin__zero,real,cy_thin,zero,2.0,pooled_pca,414,2,/srv/slam-research/grf/map-denoise/runs/multiscan-pilot-v1/real-transfer-v5-zrtui_f5/inputs/cy_thin__zero.npz,e79d0c1b7ea2cf74f5eb16815ad04a64ceba1428c38802f549b0564a3646d5de,/srv/slam-research/grf/map-denoise/runs/multiscan-pilot-v1/direction-v6-edpxxdsb/real/evaluation/cy_thin__zero.npz,/srv/slam-research/grf/map-denoise/runs/multiscan-pilot-v1/direction-v6-edpxxdsb/real/evaluation/cy_thin__zero.json,/srv/slam-research/grf/map-denoise/runs/multiscan-pilot-v1/direction-v6-edpxxdsb/outputs/real__cy_thin__zero__pooled_pca.npz,96ceb680ad0ec8c8e4d5bcdb14da6598242455b62db98d264686d1159a2a0b3b,0.039693252998404205,0.7560386473429952,84d508292b4af244bebf8f71264590a8174b251bf54003f55d8feea57b895122,0.7560386473429952,0.7690980423235297,"[0.011696765480278044, 0.002644789187803365, 0.9999280927984029]",3,3fa912aa0a41aab9684b3a3c111ecbd8d65e228edc2ceb43946b2bf9977ee71c,eb874d5a049ad60977996e779324c77a53e42c8c5b581583451b534ad6c1d74b,e721908cbf30d294c4400d55c1f7a2b45fba60c2c53772d9b8fd7f772928afde,0.7690980423235297,0.7690980423235297,9.254093835190221e-14,0.7690980423235297,0.7690980423235297,9.254093835190221e-14,0.0,0.0,0.0,0.7690980423235297,9.254093835190221e-14,0.0,0.0,0.0,0.020129018367265047,1.4743815105097247,False,not_measured,0.0,0.0,0.0,9.253906180991881e-14,"pointwise XYZ recovery to original measured cloud; evaluator only, not clean truth or a normal-only score","[0.011696765480278091, 0.002644789187803448, 0.9999280927984029]",0.0,True,,,,,,,,,,,,,,,,,,,,,,,,,,,
cy_thin__normal_translation,real,cy_thin,normal_translation,2.0,difference,414,2,/srv/slam-research/grf/map-denoise/runs/multiscan-pilot-v1/real-transfer-v5-zrtui_f5/inputs/cy_thin__normal_translation.npz,a14a6372344873ffb7b24dcc83800e790406ad11ae8457011edb01c3a9827570,/srv/slam-research/grf/map-denoise/runs/multiscan-pilot-v1/direction-v6-edpxxdsb/real/evaluation/cy_thin__normal_translation.npz,/srv/slam-research/grf/map-denoise/runs/multiscan-pilot-v1/direction-v6-edpxxdsb/real/evaluation/cy_thin__normal_translation.json,/srv/slam-research/grf/map-denoise/runs/multiscan-pilot-v1/direction-v6-edpxxdsb/outputs/real__cy_thin__normal_translation__difference.npz,51c489e6ce10683b12422b24b3e8f63c0655b9a054c23d9ad4e6534f8a221867,0.04439707100391388,0.7560386473429952,84d508292b4af244bebf8f71264590a8174b251bf54003f55d8feea57b895122,0.7560386473429952,3.20592520234315,"[0.010514436368710776, 0.001902737717973474, 0.9999429114789627]",3,4164987c6d0c40d2913730bb47ea0837373d3bb04aa52de98ec42696147ceaf1,eb874d5a049ad60977996e779324c77a53e42c8c5b581583451b534ad6c1d74b,0f1b7fa4a1e6826bbf480baa50fa7a64284db364928652246083a86235810f8d,0.9036834211959154,0.9036723391042545,0.004475408606991696,0.7690980732251299,0.7690973238305397,0.0010736458024662504,0.47448206210239824,0.4744573675667732,0.004840828291930238,3.205922078550377,0.004475408606966484,3.5000000000000004,3.5000000000000004,1.1759555200826322e-13,0.21421531102869934,11.275957502670886,False,not_measured,0.07998380869068902,0.004885931247871284,0.4744820620708249,9.674383784611191e-14,"pointwise XYZ recovery to original measured cloud; evaluator only, not clean truth or a normal-only score","[0.012546815342154191, 0.0002169243328909165, 0.9999212620844721]",0.15129778975413977,True,,,,,,,,,,,,,,,,,,,,,,,,,,,
cy_thin__normal_translation,real,cy_thin,normal_translation,2.0,pooled_pca,414,2,/srv/slam-research/grf/map-denoise/runs/multiscan-pilot-v1/real-transfer-v5-zrtui_f5/inputs/cy_thin__normal_translation.npz,a14a6372344873ffb7b24dcc83800e790406ad11ae8457011edb01c3a9827570,/srv/slam-research/grf/map-denoise/runs/multiscan-pilot-v1/direction-v6-edpxxdsb/real/evaluation/cy_thin__normal_translation.npz,/srv/slam-research/grf/map-denoise/runs/multiscan-pilot-v1/direction-v6-edpxxdsb/real/evaluation/cy_thin__normal_translation.json,/srv/slam-research/grf/map-denoise/runs/multiscan-pilot-v1/direction-v6-edpxxdsb/outputs/real__cy_thin__normal_translation__pooled_pca.npz,e7c69298b17d3a4b5175949dfd36fb32070e095164b5e59de91a4e075472dfe4,0.040675317010027356,0.7560386473429952,84d508292b4af244bebf8f71264590a8174b251bf54003f55d8feea57b895122,0.7560386473429952,3.205932081776609,"[0.012546815342154218, 0.000216924332890861, 0.9999212620844722]",3,56401b5e891b9c1ec0ba3e748ccc2e230ebc5a41a262caa0630b1005a9ea335c,eb874d5a049ad60977996e779324c77a53e42c8c5b581583451b534ad6c1d74b,d5b42715ef0ab3c7de3499c3bef12bc5ffd2ad98a13f92999df723c708b8bdf9,0.9037103800803125,0.9036727505087037,0.00824688140673359,0.7690980423235297,0.7690980423235297,9.254093835190221e-14,0.47452903485257725,0.4744573678057723,0.008246881406733329,3.2059214746951565,0.008246881406735075,3.5000000000000004,3.5000000000000004,1.1759555200826322e-13,0.2142138959437499,11.275989104117132,False,not_measured,0.14738678419144222,0.009003336373728554,0.4745412142996963,9.539009735021823e-14,"pointwise XYZ recovery to original measured cloud; evaluator only, not clean truth or a normal-only score","[0.012546815342154191, 0.0002169243328909165, 0.9999212620844721]",8.537736462515939e-07,True,,,,,,,,,,,,,,,,,,,,,,,,,,,
cy_thin__tangent_translation,real,cy_thin,tangent_translation,2.0,difference,414,2,/srv/slam-research/grf/map-denoise/runs/multiscan-pilot-v1/real-transfer-v5-zrtui_f5/inputs/cy_thin__tangent_translation.npz,e10fb515bdfa51480bcd15a64cf84c604054f02c5b3e3f6cf18a3a08c14ce267,/srv/slam-research/grf/map-denoise/runs/multiscan-pilot-v1/direction-v6-edpxxdsb/real/evaluation/cy_thin__tangent_translation.npz,/srv/slam-research/grf/map-denoise/runs/multiscan-pilot-v1/direction-v6-edpxxdsb/real/evaluation/cy_thin__tangent_translation.json,/srv/slam-research/grf/map-denoise/runs/multiscan-pilot-v1/direction-v6-edpxxdsb/outputs/real__cy_thin__tangent_translation__difference.npz,140f5724dd5fd39a065e499738e45997b5ec8560cb0a3b21ff5b0234028b5a56,0.043598478005151264,0.7560386473429952,246ead494d89d45d625619e78cbb998adb92b060b86fbf2dee409550d99cf3c5,0.7560386473429952,0.7710820714527354,"[0.010514436368710803, 0.0019027377179734704, 0.9999429114789627]",3,a6ff4ef8eebd8017b3d1925ec25fc9d6e953fbfd7f2d924a03569eef26007582,eb874d5a049ad60977996e779324c77a53e42c8c5b581583451b534ad6c1d74b,49d97155ed6aad273a0a10cebd269cc911418739396b45fb2094adacf6e11b85,3.583690883771799,0.7710813201249772,3.499753412482574,0.7690980732251299,0.7690973238305397,0.0010736458024662504,3.5007310399652036,0.07158860371772069,3.4999989837132244,0.7710813201249749,0.001076415425016548,3.5000000000000044,9.72048050504803e-15,3.5000000000000044,0.020454296962865916,1.4764305593320275,False,not_measured,0.07998380869068902,3.4999990531358898,3.4999990705357615,9.3730462733548e-14,"pointwise XYZ recovery to original measured cloud; evaluator only, not clean truth or a normal-only score","[0.011696718039165914, 0.002654956415852505, 0.9999280664095501]",0.08029270385102771,True,,,,,,,,,,,,,,,,,,,,,,,,,,,
cy_thin__tangent_translation,real,cy_thin,tangent_translation,2.0,pooled_pca,414,2,/srv/slam-research/grf/map-denoise/runs/multiscan-pilot-v1/real-transfer-v5-zrtui_f5/inputs/cy_thin__tangent_translation.npz,e10fb515bdfa51480bcd15a64cf84c604054f02c5b3e3f6cf18a3a08c14ce267,/srv/slam-research/grf/map-denoise/runs/multiscan-pilot-v1/direction-v6-edpxxdsb/real/evaluation/cy_thin__tangent_translation.npz,/srv/slam-research/grf/map-denoise/runs/multiscan-pilot-v1/direction-v6-edpxxdsb/real/evaluation/cy_thin__tangent_translation.json,/srv/slam-research/grf/map-denoise/runs/multiscan-pilot-v1/direction-v6-edpxxdsb/outputs/real__cy_thin__tangent_translation__pooled_pca.npz,33839f4c44f18551800d4b86b6b775d5e96d9687d90c8e1ca342cc2346ff3fb0,0.038875108992215246,0.7560386473429952,246ead494d89d45d625619e78cbb998adb92b060b86fbf2dee409550d99cf3c5,0.7560386473429952,0.7710819434515096,"[0.011696718039165936, 0.0026549564158524774, 0.9999280664095505]",3,002528af5e4ad8267b9e74a584a813cce813de25f312a42b667dd97070b503e4,eb874d5a049ad60977996e779324c77a53e42c8c5b581583451b534ad6c1d74b,1f8abba8cb7e0eda2711469a71d220acadbd48722c4e8fb5588398da23d605fe,3.583935160923587,0.7710819434116563,3.5000034106053217,0.7690980423235297,0.7690980423235297,9.254093835190221e-14,3.5007354578862855,0.0715882102961932,3.5000034106053217,0.7710819434116541,7.839877712391642e-06,3.5000000000000044,9.72048050504803e-15,3.5000000000000044,0.020453933134503968,1.4764235279464102,False,not_measured,0.0005825470955801868,3.4999999998190976,3.4999999998224225,9.726143003242874e-14,"pointwise XYZ recovery to original measured cloud; evaluator only, not clean truth or a normal-only score","[0.011696718039165914, 0.002654956415852505, 0.9999280664095501]",1.2074182697257333e-06,True,,,,,,,,,,,,,,,,,,,,,,,,,,,
cy_thin__small_rotation,real,cy_thin,small_rotation,2.0,difference,414,2,/srv/slam-research/grf/map-denoise/runs/multiscan-pilot-v1/real-transfer-v5-zrtui_f5/inputs/cy_thin__small_rotation.npz,8ba9b4f99cefd26fb891203be779e27f9a23c5d5a8445799cb46608c3e572f93,/srv/slam-research/grf/map-denoise/runs/multiscan-pilot-v1/direction-v6-edpxxdsb/real/evaluation/cy_thin__small_rotation.npz,/srv/slam-research/grf/map-denoise/runs/multiscan-pilot-v1/direction-v6-edpxxdsb/real/evaluation/cy_thin__small_rotation.json,/srv/slam-research/grf/map-denoise/runs/multiscan-pilot-v1/direction-v6-edpxxdsb/outputs/real__cy_thin__small_rotation__difference.npz,41e3f1e01974bf81081110a9c81a38db25d5340131f85ad400c559634ae9820e,0.055646973007242195,0.7439613526570048,a22cfc3f6ef2dd88ab4254f315409aceaf64bc9ee455c7961f60e0bb51b250d6,0.7439613526570048,0.8182039818970508,"[0.006542541806548444, -0.003631286561023045, 0.9999720040604244]",3,89b7695bc5b4327466d1027512ab2c9c08151ae7f5e968825a682bf8d7fbc433,bb3e928425be877a86a515c19b10e8e7cac3ad8a6b3ea75520d64896df939300,a4e7c2b366e59cd714b4bb75a3be90db87c2c4be6d8c69d29228b1be21e9e221,3.444900135956931,3.4439620157114286,0.08039018007790562,0.7690980732251299,0.7690973238305397,0.0010736458024662504,3.438005482067136,3.437066918648991,0.08032864652420128,0.8181769987256626,0.006644903946360747,3.4999999999999996,3.4990639577263125,0.08094084099310712,0.02570976922013852,1.664292228834792,False,not_measured,0.4653230063959643,0.054518802466426236,3.086304936804976,9.737469209223927e-14,"pointwise XYZ recovery to original measured cloud; evaluator only, not clean truth or a normal-only score","[0.009987044226061406, 0.0028703472908409716, 0.999946008569491]",0.4215690908713284,True,,,,,,,,,,,,,,,,,,,,,,,,,,,
cy_thin__small_rotation,real,cy_thin,small_rotation,2.0,pooled_pca,414,2,/srv/slam-research/grf/map-denoise/runs/multiscan-pilot-v1/real-transfer-v5-zrtui_f5/inputs/cy_thin__small_rotation.npz,8ba9b4f99cefd26fb891203be779e27f9a23c5d5a8445799cb46608c3e572f93,/srv/slam-research/grf/map-denoise/runs/multiscan-pilot-v1/direction-v6-edpxxdsb/real/evaluation/cy_thin__small_rotation.npz,/srv/slam-research/grf/map-denoise/runs/multiscan-pilot-v1/direction-v6-edpxxdsb/real/evaluation/cy_thin__small_rotation.json,/srv/slam-research/grf/map-denoise/runs/multiscan-pilot-v1/direction-v6-edpxxdsb/outputs/real__cy_thin__small_rotation__pooled_pca.npz,dabe6e0802a48388812c497fdc4abe87aca954683a87c6638f6419d26dd0aee8,0.051392998997471295,0.7439613526570048,a22cfc3f6ef2dd88ab4254f315409aceaf64bc9ee455c7961f60e0bb51b250d6,0.7439613526570048,0.8181560175025389,"[0.009987044226061453, 0.0028703472908409716, 0.9999460085694911]",3,d4c95ed7de7e9e30f730f30901c7cde07c65b8326e2b857427d3422f38b30afb,bb3e928425be877a86a515c19b10e8e7cac3ad8a6b3ea75520d64896df939300,a7e48494d1395c93d45e091ff691c1b3b5fedd73ce161f8b3546b73c26811b6d,3.444916250528331,3.443966940682501,0.08086831666475727,0.7690980423235297,0.7690980423235297,9.254093835190221e-14,3.4380243389746794,3.4370731256029585,0.08086831666475584,0.8181548007637361,0.0014110148353873976,3.4999999999999996,3.4990639577263125,0.08094084099310712,0.02570088515480361,1.6642209271352006,False,not_measured,0.0988139587633137,0.07832688210206604,3.0863779854634794,9.877795959868852e-14,"pointwise XYZ recovery to original measured cloud; evaluator only, not clean truth or a normal-only score","[0.009987044226061406, 0.0028703472908409716, 0.999946008569491]",0.0,True,,,,,,,,,,,,,,,,,,,,,,,,,,,
cy_wall__zero,real,cy_wall,zero,2.0,difference,1600,2,/srv/slam-research/grf/map-denoise/runs/multiscan-pilot-v1/real-transfer-v5-zrtui_f5/inputs/cy_wall__zero.npz,9c45e8d7a031b9fec1280b6c4c12503dd54222fae95a7358fc6cf892a8cde020,/srv/slam-research/grf/map-denoise/runs/multiscan-pilot-v1/direction-v6-edpxxdsb/real/evaluation/cy_wall__zero.npz,/srv/slam-research/grf/map-denoise/runs/multiscan-pilot-v1/direction-v6-edpxxdsb/real/evaluation/cy_wall__zero.json,/srv/slam-research/grf/map-denoise/runs/multiscan-pilot-v1/direction-v6-edpxxdsb/outputs/real__cy_wall__zero__difference.npz,15876fe4fd42d5cb13b25f5ea6f2ac0df9086e160deae4019ad959dbf3a31eaa,0.15609282499644905,0.284375,e03dfd851d5e92f79e4975f16b3616a3df513031b8081345725679ecc53aaeae,0.284375,1.5473144238597945,"[0.9939679387219507, 0.10966713428767239, -0.0009254458200768157]",3,00a639ca95d82fc98a2ef284395eef5fe389baa2f425ba1aaa9a2dd6fb101dcd,e74f750cf0af606356ada081a28b5ef609e2314a0ba10cd3d4e3740baf57c59b,e8aed6e624e0a35cf66c5019a5a5c3595c356ad0fbeda5d321434c04f0c9373d,1.5473144238597945,1.5431472845448948,0.11348297002760294,1.5473144238597945,1.5431472845448948,0.11348297002760294,0.0,0.0,0.0,1.5431472845448948,0.11348297002760294,0.0,0.0,0.0,0.06488550032941968,3.8147155584152035,False,not_measured,4.205957398569668,0.0,0.0,1.7257567978569765e-13,"pointwise XYZ recovery to original measured cloud; evaluator only, not clean truth or a normal-only score","[0.9993191592894859, 0.03665235614710074, 0.004221689924811833]",4.205957398569668,True,,,,,,,,,,,,,,,,,,,,,,,,,,,
cy_wall__zero,real,cy_wall,zero,2.0,pooled_pca,1600,2,/srv/slam-research/grf/map-denoise/runs/multiscan-pilot-v1/real-transfer-v5-zrtui_f5/inputs/cy_wall__zero.npz,9c45e8d7a031b9fec1280b6c4c12503dd54222fae95a7358fc6cf892a8cde020,/srv/slam-research/grf/map-denoise/runs/multiscan-pilot-v1/direction-v6-edpxxdsb/real/evaluation/cy_wall__zero.npz,/srv/slam-research/grf/map-denoise/runs/multiscan-pilot-v1/direction-v6-edpxxdsb/real/evaluation/cy_wall__zero.json,/srv/slam-research/grf/map-denoise/runs/multiscan-pilot-v1/direction-v6-edpxxdsb/outputs/real__cy_wall__zero__pooled_pca.npz,8a5ab7af99c49616d8b933c137bf0f5baaddd7d0c2110c86759ded107b834bec,0.1802823750040261,0.270625,9b8fa6afdebefdad5303ea502fc0ddb350867d010d50a4fea3c053775fde1eee,0.270625,1.5003582925662928,"[0.9993191592894859, 0.036652356147100745, 0.00422168992481183]",3,8a8d09a124dee654d2fc65334259ce702022e8834f126bde344ba17fb3afc948,31169d802af1d1f55e0d7c8b5f0da0b05119000ef44596599a5ff832be2f4153,a389184e9b87454a5f8a5481f94b1103412979353aa42f6172a6a1c7460fb388,1.5003582925662928,1.5003582925662928,1.6985235791030305e-13,1.5003582925662928,1.5003582925662928,1.6985235791030305e-13,0.0,0.0,0.0,1.5003582925662928,1.6985235791030305e-13,0.0,0.0,0.0,0.06353410753406431,3.700151643955334,False,not_measured,0.0,0.0,0.0,1.6985238314800387e-13,"pointwise XYZ recovery to original measured cloud; evaluator only, not clean truth or a normal-only score","[0.9993191592894859, 0.03665235614710074, 0.004221689924811833]",0.0,True,,,,,,,,,,,,,,,,,,,,,,,,,,,
cy_wall__normal_translation,real,cy_wall,normal_translation,2.0,difference,1600,2,/srv/slam-research/grf/map-denoise/runs/multiscan-pilot-v1/real-transfer-v5-zrtui_f5/inputs/cy_wall__normal_translation.npz,9b3d23af8726b13ef72f4b9f87a9b599cc9fa6e8dd587b606205494d31d1a46b,/srv/slam-research/grf/map-denoise/runs/multiscan-pilot-v1/direction-v6-edpxxdsb/real/evaluation/cy_wall__normal_translation.npz,/srv/slam-research/grf/map-denoise/runs/multiscan-pilot-v1/direction-v6-edpxxdsb/real/evaluation/cy_wall__normal_translation.json,/srv/slam-research/grf/map-denoise/runs/multiscan-pilot-v1/direction-v6-edpxxdsb/outputs/real__cy_wall__normal_translation__difference.npz,c23e7a79f5b0786e8d0967f503ca217e77ac2233bb5493f4741fb84c98f44563,0.18744347000028938,0.284375,e03dfd851d5e92f79e4975f16b3616a3df513031b8081345725679ecc53aaeae,0.284375,2.5230689177528633,"[0.9939679387219507, 0.10966713428767223, -0.0009254458200768229]",3,c723473836a87d71e6564b7e7c17f8a6cd88b66143b177a7930294003675c3de,e74f750cf0af606356ada081a28b5ef609e2314a0ba10cd3d4e3740baf57c59b,d1475584d95a7f669cad39407f95393b71a29afdc0d2dcd299534c93a296af97,3.343622645700409,3.3384981853028077,0.18504665241625623,1.5473144238597945,1.5431472845448948,0.11348297002760294,2.963975305013299,2.9608268298935867,0.13657998429848103,2.5162739318603764,0.18504665241642884,3.5000000000001408,3.5000000000001408,4.5146477010507003e-13,0.08023527276762021,6.186724894413196,False,not_measured,4.205957398569668,0.25669662802292126,2.9639744629543143,1.7319343808312437e-13,"pointwise XYZ recovery to original measured cloud; evaluator only, not clean truth or a normal-only score","[0.9992934594167352, 0.03732969681218388, 0.004367574022751705]",4.167816040605961,True,,,,,,,,,,,,,,,,,,,,,,,,,,,
cy_wall__normal_translation,real,cy_wall,normal_translation,2.0,pooled_pca,1600,2,/srv/slam-research/grf/map-denoise/runs/multiscan-pilot-v1/real-transfer-v5-zrtui_f5/inputs/cy_wall__normal_translation.npz,9b3d23af8726b13ef72f4b9f87a9b599cc9fa6e8dd587b606205494d31d1a46b,/srv/slam-research/grf/map-denoise/runs/multiscan-pilot-v1/direction-v6-edpxxdsb/real/evaluation/cy_wall__normal_translation.npz,/srv/slam-research/grf/map-denoise/runs/multiscan-pilot-v1/direction-v6-edpxxdsb/real/evaluation/cy_wall__normal_translation.json,/srv/slam-research/grf/map-denoise/runs/multiscan-pilot-v1/direction-v6-edpxxdsb/outputs/real__cy_wall__normal_translation__pooled_pca.npz,a220a83b12d7cae3f1337fc67cb28e8d9251e513dda8ef206fe89c0bb73278ae,0.19346941598632839,0.270625,9b8fa6afdebefdad5303ea502fc0ddb350867d010d50a4fea3c053775fde1eee,0.270625,2.4802128143908106,"[0.9992934594167353, 0.03732969681218385, 0.004367574022751708]",3,6f253a02664754d0d056f3dff52669888ccc411e3cc19b0c3023e9051eb4cb25,31169d802af1d1f55e0d7c8b5f0da0b05119000ef44596599a5ff832be2f4153,d23af48abd7de6f67c62023e32c8089be0d4c47e815c772e6c4c066d2ad9419e,3.3445026614735767,3.3445022193738043,0.0017196533186098063,1.5003582925662928,1.5003582925662928,1.6985235791030305e-13,2.989121396000359,2.989120901338653,0.001719653318613758,2.4802122182307,0.001719653318761359,3.5000000000001408,3.5000000000001408,4.5146477010507003e-13,0.08322513089834045,6.144838781039457,False,not_measured,0.039725980251374846,0.002426721844093698,2.989121165778598,1.774380779835044e-13,"pointwise XYZ recovery to original measured cloud; evaluator only, not clean truth or a normal-only score","[0.9992934594167352, 0.03732969681218388, 0.004367574022751705]",0.0,True,,,,,,,,,,,,,,,,,,,,,,,,,,,
cy_wall__tangent_translation,real,cy_wall,tangent_translation,2.0,difference,1600,2,/srv/slam-research/grf/map-denoise/runs/multiscan-pilot-v1/real-transfer-v5-zrtui_f5/inputs/cy_wall__tangent_translation.npz,962fb2f4efffcc6453d1b4e6406ed0cdb4c8ade522c2e97a24a7669c32b70d70,/srv/slam-research/grf/map-denoise/runs/multiscan-pilot-v1/direction-v6-edpxxdsb/real/evaluation/cy_wall__tangent_translation.npz,/srv/slam-research/grf/map-denoise/runs/multiscan-pilot-v1/direction-v6-edpxxdsb/real/evaluation/cy_wall__tangent_translation.json,/srv/slam-research/grf/map-denoise/runs/multiscan-pilot-v1/direction-v6-edpxxdsb/outputs/real__cy_wall__tangent_translation__difference.npz,e0551da41676d0a4461edba8e75ce96f10257b4a8fd51d54f0696f74cda1bda0,0.14357243399717845,0.2825,0e68c45ce9f07928b17be9fc7bf4b6470dc48a6cf54d1dc87dc511df1ee71387,0.2825,1.5439178868129124,"[0.9939679387219507, 0.10966713428767225, -0.0009254458200768094]",3,590097381cc084ee03b09e9802af9d055bf02c01dc1352a8c7fd7b0784936ffc,e74f750cf0af606356ada081a28b5ef609e2314a0ba10cd3d4e3740baf57c59b,bd5ddddfc1dac36b755b31a741bb868bc324f263d05782b3c9795bff0382223e,3.8244842037270743,1.539759894858655,3.5008311714138367,1.5473144238597945,1.5431472845448948,0.11348297002760294,3.501219798314746,0.09804888710310526,3.499846638332741,1.5397598948586548,0.1132338615684954,3.499999999999936,4.118984278204303e-15,3.499999999999936,0.061308386270698886,3.8395848914723127,False,not_measured,4.205957398569668,3.4997626081253896,3.499932938427235,1.7549880199572565e-13,"pointwise XYZ recovery to original measured cloud; evaluator only, not clean truth or a normal-only score","[0.9993191596370531, 0.036652390759837554, 0.004221307129565592]",4.205953886533333,True,,,,,,,,,,,,,,,,,,,,,,,,,,,
cy_wall__tangent_translation,real,cy_wall,tangent_translation,2.0,pooled_pca,1600,2,/srv/slam-research/grf/map-denoise/runs/multiscan-pilot-v1/real-transfer-v5-zrtui_f5/inputs/cy_wall__tangent_translation.npz,962fb2f4efffcc6453d1b4e6406ed0cdb4c8ade522c2e97a24a7669c32b70d70,/srv/slam-research/grf/map-denoise/runs/multiscan-pilot-v1/direction-v6-edpxxdsb/real/evaluation/cy_wall__tangent_translation.npz,/srv/slam-research/grf/map-denoise/runs/multiscan-pilot-v1/direction-v6-edpxxdsb/real/evaluation/cy_wall__tangent_translation.json,/srv/slam-research/grf/map-denoise/runs/multiscan-pilot-v1/direction-v6-edpxxdsb/outputs/real__cy_wall__tangent_translation__pooled_pca.npz,55cdd6c1ccadf6bff884365d34caee00c27cc58298c13daa457b9ae5b8881397,0.1800711260002572,0.27125,cdbe040035fa601a2e9ba53585b7e3be96961427ca8aab0ef5c5566c5e6903e3,0.27125,1.5043041179043875,"[0.9993191596370531, 0.03665239075983753, 0.004221307129565589]",3,c764e91caa50d1fdcba4268e1c9c19a59c49b9854e8fd3a918061b536e62aed8,31169d802af1d1f55e0d7c8b5f0da0b05119000ef44596599a5ff832be2f4153,01585f16dfff2652fc4a94c3616f763e034f1e5928969ae04b3de0f31e8158b4,3.809584048199915,1.5043041179042766,3.4999999630222125,1.5003582925662928,1.5003582925662928,1.6985235791030305e-13,3.500579411300709,0.06369045192898268,3.4999999630222147,1.5043041179042762,5.781899357245337e-07,3.499999999999936,4.118984278204303e-15,3.499999999999936,0.0643802525762638,3.688870880827784,False,not_measured,2.2033315828455735e-05,3.499999999999677,3.499999999999866,1.6612872294695215e-13,"pointwise XYZ recovery to original measured cloud; evaluator only, not clean truth or a normal-only score","[0.9993191596370531, 0.036652390759837554, 0.004221307129565592]",0.0,True,,,,,,,,,,,,,,,,,,,,,,,,,,,
cy_wall__small_rotation,real,cy_wall,small_rotation,2.0,difference,1600,2,/srv/slam-research/grf/map-denoise/runs/multiscan-pilot-v1/real-transfer-v5-zrtui_f5/inputs/cy_wall__small_rotation.npz,783b96a538b36ed6da1625758dce578bdf4b333a87e938b505a12f30a73de677,/srv/slam-research/grf/map-denoise/runs/multiscan-pilot-v1/direction-v6-edpxxdsb/real/evaluation/cy_wall__small_rotation.npz,/srv/slam-research/grf/map-denoise/runs/multiscan-pilot-v1/direction-v6-edpxxdsb/real/evaluation/cy_wall__small_rotation.json,/srv/slam-research/grf/map-denoise/runs/multiscan-pilot-v1/direction-v6-edpxxdsb/outputs/real__cy_wall__small_rotation__difference.npz,b24cf3977148a01704de9565d5185e1f5d5f4900942870697a9cc7dc8fc5f823,0.20527462799509522,0.279375,b317a62172da2738bc4761042d4992c5ae347639864d67b8566abfb3edf24a68,0.279375,1.982432631178798,"[0.9939799106573826, 0.10955757778086934, -0.0010365135458244167]",3,9a76215032ef2a86f4c0eaf5bf7f37f05d4db48349578cf7632aecfcc5960570,49e6f7abd9bc205d3137ad05601ec732f31eeef7bbf1ee29fc48284de821c3b6,2c0f6d7652aa0cafdbd278bd5b9752297371fa4720e82a685ae43660754fbdd2,3.516720222634395,3.5124338980509084,0.17357775234346598,1.5473144238597945,1.5431472845448948,0.11348297002760294,3.359422425811392,3.3558247542797575,0.1554324728224611,1.977108483604325,0.1451935991092566,3.4999999999999964,3.498829248968029,0.09052008929399258,0.09717346000973866,5.33502239806228,False,not_measured,4.2001103332262675,0.2717359954345875,2.913715181383029,1.7147661187560595e-13,"pointwise XYZ recovery to original measured cloud; evaluator only, not clean truth or a normal-only score","[0.9993290105156253, 0.036387404335668075, 0.004181572380551195]",4.215099092720911,True,,,,,,,,,,,,,,,,,,,,,,,,,,,
cy_wall__small_rotation,real,cy_wall,small_rotation,2.0,pooled_pca,1600,2,/srv/slam-research/grf/map-denoise/runs/multiscan-pilot-v1/real-transfer-v5-zrtui_f5/inputs/cy_wall__small_rotation.npz,783b96a538b36ed6da1625758dce578bdf4b333a87e938b505a12f30a73de677,/srv/slam-research/grf/map-denoise/runs/multiscan-pilot-v1/direction-v6-edpxxdsb/real/evaluation/cy_wall__small_rotation.npz,/srv/slam-research/grf/map-denoise/runs/multiscan-pilot-v1/direction-v6-edpxxdsb/real/evaluation/cy_wall__small_rotation.json,/srv/slam-research/grf/map-denoise/runs/multiscan-pilot-v1/direction-v6-edpxxdsb/outputs/real__cy_wall__small_rotation__pooled_pca.npz,c7f4e254d9d31a8097f6f66fd6702c41a66c2ea111e88b0c8e7f16c050d6d2f1,0.1842382339964388,0.264375,47edb060eb2f45f6f404cdb386b41b56188e0b473a14e4ee49f1e04504831181,0.264375,1.945228413214635,"[0.9993290105156254, 0.03638740433566807, 0.0041815723805512005]",3,e0d0f0d589994eec8b94dcff88d84a249ea812420d6931eb1fed50d84aa54ff8,622569215fabaddd94d50de051d4b375b546010e775a3d4f4debc294ccaaad08,9b3bc1fe5067367ada455b2033f90bd30b424c804c5fc721533f73d994c53814,3.499992956514041,3.498822823450178,0.09049610904357133,1.5003582925662928,1.5003582925662928,1.6985235791030305e-13,3.365129195326557,3.3639121503819234,0.09049610904356886,1.9452283432779094,0.0005216184491156161,3.4999999999999964,3.498829248968029,0.09052008929399258,0.09547453076594434,5.310879503966122,False,not_measured,0.015364023959449524,0.09052524519480974,2.9193925416482718,1.6958068100290197e-13,"pointwise XYZ recovery to original measured cloud; evaluator only, not clean truth or a normal-only score","[0.9993290105156253, 0.036387404335668075, 0.004181572380551195]",8.537736462515939e-07,True,,,,,,,,,,,,,,,,,,,,,,,,,,,
da_junction__zero,real,da_junction,zero,2.0,difference,1591,2,/srv/slam-research/grf/map-denoise/runs/multiscan-pilot-v1/real-transfer-v5-zrtui_f5/inputs/da_junction__zero.npz,2f843c45532178748e05ced68f8b0ff97a650b681b9edff91c52dfd0394e04a3,/srv/slam-research/grf/map-denoise/runs/multiscan-pilot-v1/direction-v6-edpxxdsb/real/evaluation/da_junction__zero.npz,/srv/slam-research/grf/map-denoise/runs/multiscan-pilot-v1/direction-v6-edpxxdsb/real/evaluation/da_junction__zero.json,/srv/slam-research/grf/map-denoise/runs/multiscan-pilot-v1/direction-v6-edpxxdsb/outputs/real__da_junction__zero__difference.npz,deb789f5e9282e18e5394d4dc0e9579f1020bf836c5270a9ca093413a3700c47,0.1969065099983709,1.0,113725e057bb440c4939099871fc1063e6c98527aaf7e197dc839ee84318cf4d,1.0,0.46087789410445,"[0.0004919821886038195, -0.0004821031595213781, 0.9999997627650067]",3,0dbe7c61b29c11b3143c750f265f0d1367d7e7eeac2300aa5618582f13c6f930,802b0e1fba64acce4b5fd5fd3f3806b5a5d53b7a6a1ab46f72c7d157fd993c31,986d03bbdc8152664d049fabbcf1588b5eb62dc5a6543628d982306efb555177,0.46087789410445,0.00067302489976878,0.46087740269147176,0.46087789410445,0.00067302489976878,0.46087740269147176,0.0,0.0,0.0,0.00067302489976878,0.46087740269147176,0.0,0.0,0.0,7.36191090267037e-12,0.8964882309962832,False,not_measured,89.91633033290871,0.0,0.0,3.824758782160778e-14,"pointwise XYZ recovery to original measured cloud; evaluator only, not clean truth or a normal-only score","[-0.9999144376684549, 0.012933741622982463, 0.0019584866115525054]",89.91633033290871,True,,,,,,,,,,,,,,,,,,,,,,,,,,,
da_junction__zero,real,da_junction,zero,2.0,pooled_pca,1591,2,/srv/slam-research/grf/map-denoise/runs/multiscan-pilot-v1/real-transfer-v5-zrtui_f5/inputs/da_junction__zero.npz,2f843c45532178748e05ced68f8b0ff97a650b681b9edff91c52dfd0394e04a3,/srv/slam-research/grf/map-denoise/runs/multiscan-pilot-v1/direction-v6-edpxxdsb/real/evaluation/da_junction__zero.npz,/srv/slam-research/grf/map-denoise/runs/multiscan-pilot-v1/direction-v6-edpxxdsb/real/evaluation/da_junction__zero.json,/srv/slam-research/grf/map-denoise/runs/multiscan-pilot-v1/direction-v6-edpxxdsb/outputs/real__da_junction__zero__pooled_pca.npz,61e1f286eeac4a3428e6fa5f7f20b226910173c23b56de6e30c6b49c3166bc0a,0.08225309899717104,0.0,aff2f8803916615fb28fbe5b3fdc2ac4594d53ed3f2e40482fe253cd31fc9cce,0.0,0.0,"[0.9999144376684549, -0.012933741622982444, -0.001958486611552502]",1,cdb91e8a71fb2eb87a003d38540b91047194abe69b07013662a24711cd196519,a86fe0a9c4c321ca4f63714bc4927fcea4ca65108b8c92c344f9aa8fad495892,60a55de6afb206327a56b647333fcb3ee8de96c9a7512c7016974adf4d090745,0.0,0.0,0.0,0.0,0.0,0.0,0.0,0.0,0.0,0.0,0.0,0.0,0.0,0.0,0.0,0.0,True,not_measured,0.0,0.0,0.0,0.0,"pointwise XYZ recovery to original measured cloud; evaluator only, not clean truth or a normal-only score","[-0.9999144376684549, 0.012933741622982463, 0.0019584866115525054]",0.0,True,,,,,,,,,,,,,,,,,,,,,,,,,,,
da_junction__normal_translation,real,da_junction,normal_translation,2.0,difference,1591,2,/srv/slam-research/grf/map-denoise/runs/multiscan-pilot-v1/real-transfer-v5-zrtui_f5/inputs/da_junction__normal_translation.npz,080f9aeabdcf83007e712948e0d74637bac3fc7c2a26ae3f0e6bc3f4999119e3,/srv/slam-research/grf/map-denoise/runs/multiscan-pilot-v1/direction-v6-edpxxdsb/real/evaluation/da_junction__normal_translation.npz,/srv/slam-research/grf/map-denoise/runs/multiscan-pilot-v1/direction-v6-edpxxdsb/real/evaluation/da_junction__normal_translation.json,/srv/slam-research/grf/map-denoise/runs/multiscan-pilot-v1/direction-v6-edpxxdsb/outputs/real__da_junction__normal_translation__difference.npz,da64dec2fe83175576664f1f7ca2af5b06363a51e85aa99819dee8e89c7f13d1,0.19524349500716198,1.0,113725e057bb440c4939099871fc1063e6c98527aaf7e197dc839ee84318cf4d,1.0,0.45935402714374735,"[0.0004919821886038653, -0.0004821031595213885, 0.9999997627650067]",3,6eda1e38ba95dfd59dad20fea37e5fe0265f63a701efbe3a4e09f1e8cbed046f,802b0e1fba64acce4b5fd5fd3f3806b5a5d53b7a6a1ab46f72c7d157fd993c31,0108c8f9f48b70b7f8799ae73b64405f7f368f6de5c884b87a954756b4b06d46,3.5302486781068643,3.500235714490405,0.4593535373556036,0.46087789410445,0.00067302489976878,0.46087740269147176,3.4999973070327526,3.4999939043798265,0.004880424221015482,0.0006707995806090427,0.4593535373555986,3.500000000000003,3.500000000000003,4.921341199400451e-14,1.1230362172658395e-11,0.8908012252495842,False,not_measured,89.91633033290873,3.4999962681103933,3.4999962681103933,3.934910590855565e-14,"pointwise XYZ recovery to original measured cloud; evaluator only, not clean truth or a normal-only score","[-0.9999283087939472, 0.011718299054184637, 0.0024614507415192813]",89.88747939273526,True,,,,,,,,,,,,,,,,,,,,,,,,,,,
da_junction__normal_translation,real,da_junction,normal_translation,2.0,pooled_pca,1591,2,/srv/slam-research/grf/map-denoise/runs/multiscan-pilot-v1/real-transfer-v5-zrtui_f5/inputs/da_junction__normal_translation.npz,080f9aeabdcf83007e712948e0d74637bac3fc7c2a26ae3f0e6bc3f4999119e3,/srv/slam-research/grf/map-denoise/runs/multiscan-pilot-v1/direction-v6-edpxxdsb/real/evaluation/da_junction__normal_translation.npz,/srv/slam-research/grf/map-denoise/runs/multiscan-pilot-v1/direction-v6-edpxxdsb/real/evaluation/da_junction__normal_translation.json,/srv/slam-research/grf/map-denoise/runs/multiscan-pilot-v1/direction-v6-edpxxdsb/outputs/real__da_junction__normal_translation__pooled_pca.npz,d0f5ff9020636fdc1d281eec9cdb22ee2027a629cd6004d812263da6e596ba8c,0.09244755099643953,0.0,aff2f8803916615fb28fbe5b3fdc2ac4594d53ed3f2e40482fe253cd31fc9cce,0.0,0.0,"[0.9999283087939475, -0.011718299054184648, -0.002461450741519285]",1,ffed9c6976f54076eeb52d8055d5afff887cf32eee290961083d3f04f95d3e74,a86fe0a9c4c321ca4f63714bc4927fcea4ca65108b8c92c344f9aa8fad495892,2137bf3a2cae07107a78c250d186ab16941104d814f0dc87c318a3fa9647d0ad,3.500000000000003,3.500000000000003,4.921341199400451e-14,0.0,0.0,0.0,3.500000000000003,3.500000000000003,4.921341199400451e-14,0.0,0.0,3.500000000000003,3.500000000000003,4.921341199400451e-14,4.665087607071859e-14,0.0,True,not_measured,0.07537098558460924,0.0046041501785005655,3.500000000000003,0.0,"pointwise XYZ recovery to original measured cloud; evaluator only, not clean truth or a normal-only score","[-0.9999283087939472, 0.011718299054184637, 0.0024614507415192813]",8.537736462515939e-07,True,,,,,,,,,,,,,,,,,,,,,,,,,,,
da_junction__tangent_translation,real,da_junction,tangent_translation,2.0,difference,1591,2,/srv/slam-research/grf/map-denoise/runs/multiscan-pilot-v1/real-transfer-v5-zrtui_f5/inputs/da_junction__tangent_translation.npz,395b6fde6e0edd612fe033e6c6266b0f9f3c49e2d6ed0883f94ba45f9121f3b3,/srv/slam-research/grf/map-denoise/runs/multiscan-pilot-v1/direction-v6-edpxxdsb/real/evaluation/da_junction__tangent_translation.npz,/srv/slam-research/grf/map-denoise/runs/multiscan-pilot-v1/direction-v6-edpxxdsb/real/evaluation/da_junction__tangent_translation.json,/srv/slam-research/grf/map-denoise/runs/multiscan-pilot-v1/direction-v6-edpxxdsb/outputs/real__da_junction__tangent_translation__difference.npz,e4d0bad704647dd37aaeaaac9924517058c9e406ba3ec5763043fa8d34e4c983,0.22027471399633214,1.0,113725e057bb440c4939099871fc1063e6c98527aaf7e197dc839ee84318cf4d,1.0,3.5479104507906536,"[0.0004919821886038606, -0.0004821031595214492, 0.9999997627650067]",3,41db04e9d540de7e58877b8ca60141b6f3687b9eb5faaab107a68425da6629c9,802b0e1fba64acce4b5fd5fd3f3806b5a5d53b7a6a1ab46f72c7d157fd993c31,c94dbc8198a9b194eb3d06b2a6663279c820c50e6f757f50c5ae65008d08878a,1.093016685190949,0.0051810514369951925,1.093004405668988,0.46087789410445,0.00067302489976878,0.46087740269147176,0.9911924419701809,0.004901086290132618,0.9911803248511277,0.005181051437005256,3.547906667816326,3.4999999999999827,2.7112437186587787e-14,3.4999999999999827,2.7571391615904887e-12,4.236449128183975,False,not_measured,89.91633033290871,0.9911922642533381,0.9911922642533381,3.787293844458995e-14,"pointwise XYZ recovery to original measured cloud; evaluator only, not clean truth or a normal-only score","[-0.999914382507094, 0.012942438382620023, 0.0019289749011178882]",89.9180214693998,True,,,,,,,,,,,,,,,,,,,,,,,,,,,
da_junction__tangent_translation,real,da_junction,tangent_translation,2.0,pooled_pca,1591,2,/srv/slam-research/grf/map-denoise/runs/multiscan-pilot-v1/real-transfer-v5-zrtui_f5/inputs/da_junction__tangent_translation.npz,395b6fde6e0edd612fe033e6c6266b0f9f3c49e2d6ed0883f94ba45f9121f3b3,/srv/slam-research/grf/map-denoise/runs/multiscan-pilot-v1/direction-v6-edpxxdsb/real/evaluation/da_junction__tangent_translation.npz,/srv/slam-research/grf/map-denoise/runs/multiscan-pilot-v1/direction-v6-edpxxdsb/real/evaluation/da_junction__tangent_translation.json,/srv/slam-research/grf/map-denoise/runs/multiscan-pilot-v1/direction-v6-edpxxdsb/outputs/real__da_junction__tangent_translation__pooled_pca.npz,efeffd33d4bcee7bf6f11938386cc8a10c6e23458c354f0be1e1992468956fa1,0.09597851199214347,0.0,aff2f8803916615fb28fbe5b3fdc2ac4594d53ed3f2e40482fe253cd31fc9cce,0.0,0.0,"[0.999914382507094, -0.012942438382620026, -0.0019289749011178888]",1,89ccb359c1f9f9bc0a9313d7f2aa8642501e3f0583fa9bcb85244380f5028f44,a86fe0a9c4c321ca4f63714bc4927fcea4ca65108b8c92c344f9aa8fad495892,fdb85c1f9700f4918ac3481e1df945ce050329ef544d239dba5ce8eea231ee57,3.4999999999999827,2.7112437186587787e-14,3.4999999999999827,0.0,0.0,0.0,3.4999999999999827,2.7112437186587787e-14,3.4999999999999827,0.0,0.0,3.4999999999999827,2.7112437186587787e-14,3.4999999999999827,2.3708225276279074e-14,0.0,True,not_measured,0.001762790770724658,3.4999999983434726,3.4999999999999827,0.0,"pointwise XYZ recovery to original measured cloud; evaluator only, not clean truth or a normal-only score","[-0.999914382507094, 0.012942438382620023, 0.0019289749011178882]",0.0,True,,,,,,,,,,,,,,,,,,,,,,,,,,,
da_junction__small_rotation,real,da_junction,small_rotation,2.0,difference,1591,2,/srv/slam-research/grf/map-denoise/runs/multiscan-pilot-v1/real-transfer-v5-zrtui_f5/inputs/da_junction__small_rotation.npz,ad925451fb9daa14386dc9044f4ceb50c58d6fecafa05dfffd1d6a7f0af81812,/srv/slam-research/grf/map-denoise/runs/multiscan-pilot-v1/direction-v6-edpxxdsb/real/evaluation/da_junction__small_rotation.npz,/srv/slam-research/grf/map-denoise/runs/multiscan-pilot-v1/direction-v6-edpxxdsb/real/evaluation/da_junction__small_rotation.json,/srv/slam-research/grf/map-denoise/runs/multiscan-pilot-v1/direction-v6-edpxxdsb/outputs/real__da_junction__small_rotation__difference.npz,fd2c7eb48c078603abed5918b5bc9fc23da47700dace83fa1875b82fde8720e9,0.20504450700536836,1.0,113725e057bb440c4939099871fc1063e6c98527aaf7e197dc839ee84318cf4d,1.0,0.5258026369576272,"[0.0002333462727686559, -0.000548469028278006, 0.9999998223656054]",3,3be7641a525ad12e0acf03e98cd1432e5da07dc5d482e34ef4ec13c8aa0c26b2,802b0e1fba64acce4b5fd5fd3f3806b5a5d53b7a6a1ab46f72c7d157fd993c31,6a070cad5fac3faeacdcec308ea196ac62045bcf6be9806cc59e44823e8df57b,3.523339782588173,3.4799165029363137,0.5514565768580227,0.46087789410445,0.00067302489976878,0.46087740269147176,3.4931329665728263,3.4798101623249598,0.30479362909649105,0.0009033637383438143,0.525801860937702,3.4999999999999996,3.479802282672482,0.37546780621963,6.225169154571933e-12,0.9830878876121946,False,not_measured,89.90156200939761,3.492797149254969,3.492797149254969,3.886458719061289e-14,"pointwise XYZ recovery to original measured cloud; evaluator only, not clean truth or a normal-only score","[0.9999012330650968, -0.01402998512773942, 0.0008268205455086589]",89.9388173412817,True,,,,,,,,,,,,,,,,,,,,,,,,,,,
da_junction__small_rotation,real,da_junction,small_rotation,2.0,pooled_pca,1591,2,/srv/slam-research/grf/map-denoise/runs/multiscan-pilot-v1/real-transfer-v5-zrtui_f5/inputs/da_junction__small_rotation.npz,ad925451fb9daa14386dc9044f4ceb50c58d6fecafa05dfffd1d6a7f0af81812,/srv/slam-research/grf/map-denoise/runs/multiscan-pilot-v1/direction-v6-edpxxdsb/real/evaluation/da_junction__small_rotation.npz,/srv/slam-research/grf/map-denoise/runs/multiscan-pilot-v1/direction-v6-edpxxdsb/real/evaluation/da_junction__small_rotation.json,/srv/slam-research/grf/map-denoise/runs/multiscan-pilot-v1/direction-v6-edpxxdsb/outputs/real__da_junction__small_rotation__pooled_pca.npz,bf9a7c40674ed8f7b722a56a25a6350e49d97ad79aeb2efcc19d4fcf099b42c8,0.07966340098937508,0.0,aff2f8803916615fb28fbe5b3fdc2ac4594d53ed3f2e40482fe253cd31fc9cce,0.0,0.0,"[0.9999012330650968, -0.014029985127739418, 0.0008268205455086598]",1,42089f6baf7c6138d897ac892c89e70543f66d983fd285294f70e3852d721388,a86fe0a9c4c321ca4f63714bc4927fcea4ca65108b8c92c344f9aa8fad495892,15b8451e816ec55ec6a927aa52751fe7c8dbe91e492560363ab2aaec30f2696a,3.4999999999999996,3.479802282672482,0.37546780621963,0.0,0.0,0.0,3.4999999999999996,3.479802282672482,0.37546780621963,0.0,0.0,3.4999999999999996,3.479802282672482,0.37546780621963,3.643796199085724e-15,0.0,True,not_measured,0.17150366681794324,0.3756828533708727,3.4999999999999996,0.0,"pointwise XYZ recovery to original measured cloud; evaluator only, not clean truth or a normal-only score","[0.9999012330650968, -0.01402998512773942, 0.0008268205455086589]",0.0,True,,,,,,,,,,,,,,,,,,,,,,,,,,,
da_thin__zero,real,da_thin,zero,2.0,difference,1529,2,/srv/slam-research/grf/map-denoise/runs/multiscan-pilot-v1/real-transfer-v5-zrtui_f5/inputs/da_thin__zero.npz,64da8f34f5b4360ead14a7381f53eb88b31cca28b484d40eeb7fd5048af24362,/srv/slam-research/grf/map-denoise/runs/multiscan-pilot-v1/direction-v6-edpxxdsb/real/evaluation/da_thin__zero.npz,/srv/slam-research/grf/map-denoise/runs/multiscan-pilot-v1/direction-v6-edpxxdsb/real/evaluation/da_thin__zero.json,/srv/slam-research/grf/map-denoise/runs/multiscan-pilot-v1/direction-v6-edpxxdsb/outputs/real__da_thin__zero__difference.npz,7b389783b520f261ea18eac6d6f164eae5d6c263a2f575067851dd3eee763ce2,0.1496066260006046,1.0,79d9725576a7dff91660e2ee06f55a4433eabc5d261751344faa80b4686bd68b,1.0,0.5329524230633623,"[0.00010348809916534, 0.004035426823258508, 0.9999918522770911]",3,ebca558220345ff0cd8bba847016c895b97155697daf3946c86da68cff45b365,4d3dfb397046e93debd837f66c23f3497ff65ad06775adf9316f6ec3df8f6848,e8b7e5fcc4f76bb0d35213afa829c002cc466b457f8a7c4d7c0a2b3c2a8c9f5e,0.5329524230633623,0.0037786575820972996,0.5329390274656065,0.5329524230633623,0.0037786575820972996,0.5329390274656065,0.0,0.0,0.0,0.0037786575820972996,0.5329390274656065,0.0,0.0,0.0,2.547621583395143e-13,1.0668885675291617,False,not_measured,89.59376684254497,0.0,0.0,2.606476453752543e-13,"pointwise XYZ recovery to original measured cloud; evaluator only, not clean truth or a normal-only score","[-0.9999682844256288, -0.003389019595225585, 0.00720726640607616]",89.59376684254497,True,,,,,,,,,,,,,,,,,,,,,,,,,,,
da_thin__zero,real,da_thin,zero,2.0,pooled_pca,1529,2,/srv/slam-research/grf/map-denoise/runs/multiscan-pilot-v1/real-transfer-v5-zrtui_f5/inputs/da_thin__zero.npz,64da8f34f5b4360ead14a7381f53eb88b31cca28b484d40eeb7fd5048af24362,/srv/slam-research/grf/map-denoise/runs/multiscan-pilot-v1/direction-v6-edpxxdsb/real/evaluation/da_thin__zero.npz,/srv/slam-research/grf/map-denoise/runs/multiscan-pilot-v1/direction-v6-edpxxdsb/real/evaluation/da_thin__zero.json,/srv/slam-research/grf/map-denoise/runs/multiscan-pilot-v1/direction-v6-edpxxdsb/outputs/real__da_thin__zero__pooled_pca.npz,9a35bfe32fc9f3190ddd446caafe8cf55dc13f377a2a350d3c08aa7069b7425e,0.14125538400548976,0.0,19f1da6194db6cf2b8168c214fd8456065b44231d3d36873120bbf256ef30a99,0.0,0.0,"[0.9999682844256288, 0.003389019595225685, -0.007207266406076158]",1,02a11e8299e2fb0a2a6ed89387c8e40e66c2eae4d9a715e9f8f89a3fa9d5b86a,a86fe0a9c4c321ca4f63714bc4927fcea4ca65108b8c92c344f9aa8fad495892,1f1c34fbd54d61ee88baba70657de60c8819b9879b5d321171685e3f30065d7a,0.0,0.0,0.0,0.0,0.0,0.0,0.0,0.0,0.0,0.0,0.0,0.0,0.0,0.0,0.0,0.0,True,not_measured,0.0,0.0,0.0,0.0,"pointwise XYZ recovery to original measured cloud; evaluator only, not clean truth or a normal-only score","[-0.9999682844256288, -0.003389019595225585, 0.00720726640607616]",0.0,True,,,,,,,,,,,,,,,,,,,,,,,,,,,
da_thin__normal_translation,real,da_thin,normal_translation,2.0,difference,1529,2,/srv/slam-research/grf/map-denoise/runs/multiscan-pilot-v1/real-transfer-v5-zrtui_f5/inputs/da_thin__normal_translation.npz,92dbb4e9a99396f4b5c36a6eca71dc93a3092b48296720a988dcec5ddd272cae,/srv/slam-research/grf/map-denoise/runs/multiscan-pilot-v1/direction-v6-edpxxdsb/real/evaluation/da_thin__normal_translation.npz,/srv/slam-research/grf/map-denoise/runs/multiscan-pilot-v1/direction-v6-edpxxdsb/real/evaluation/da_thin__normal_translation.json,/srv/slam-research/grf/map-denoise/runs/multiscan-pilot-v1/direction-v6-edpxxdsb/outputs/real__da_thin__normal_translation__difference.npz,e4c561b2642d051b9ee1f54e8607560eb81fba25cf5602268f129d8b64c84896,0.13554218399804085,1.0,79d9725576a7dff91660e2ee06f55a4433eabc5d261751344faa80b4686bd68b,1.0,0.5307994808881714,"[0.0001034880991653121, 0.00403542682325839, 0.9999918522770911]",3,7492ee628d12e6a02b0e24de8b603795a42670a1bc2fe2ec5750feb00e4c7c4a,4d3dfb397046e93debd837f66c23f3497ff65ad06775adf9316f6ec3df8f6848,3e60068a6ee197f3e369b0821fbc57c231ef2b9e3635d68cc334139e96a2943f,3.5401009156927494,3.50008293723239,0.530786139403935,0.5329524230633623,0.0037786575820972996,0.5329390274656065,3.5001824385211484,3.499784235203749,0.05279592741078836,0.0037633931214781716,0.530786139403965,3.4999999999999964,3.499999999999998,1.4243311550394859e-13,2.427619082470034e-13,1.053604306577465,False,not_measured,89.59376684254497,3.499912028559927,3.499912028559927,2.537056717834194e-13,"pointwise XYZ recovery to original measured cloud; evaluator only, not clean truth or a normal-only score","[-0.9999676526741448, -0.0023905933283747544, 0.007679757085956442]",89.56646375508606,True,,,,,,,,,,,,,,,,,,,,,,,,,,,
da_thin__normal_translation,real,da_thin,normal_translation,2.0,pooled_pca,1529,2,/srv/slam-research/grf/map-denoise/runs/multiscan-pilot-v1/real-transfer-v5-zrtui_f5/inputs/da_thin__normal_translation.npz,92dbb4e9a99396f4b5c36a6eca71dc93a3092b48296720a988dcec5ddd272cae,/srv/slam-research/grf/map-denoise/runs/multiscan-pilot-v1/direction-v6-edpxxdsb/real/evaluation/da_thin__normal_translation.npz,/srv/slam-research/grf/map-denoise/runs/multiscan-pilot-v1/direction-v6-edpxxdsb/real/evaluation/da_thin__normal_translation.json,/srv/slam-research/grf/map-denoise/runs/multiscan-pilot-v1/direction-v6-edpxxdsb/outputs/real__da_thin__normal_translation__pooled_pca.npz,40258bbd36f18650cfa382279364ae9af1aef244474ad351d13ad44db903479c,0.13222721200145315,0.0,19f1da6194db6cf2b8168c214fd8456065b44231d3d36873120bbf256ef30a99,0.0,0.0,"[0.9999676526741449, 0.0023905933283748042, -0.007679757085956447]",1,b3e3f00a6509efa420f55a4c17de464d303dacf002fe8539857a76f506b7662d,a86fe0a9c4c321ca4f63714bc4927fcea4ca65108b8c92c344f9aa8fad495892,4d0d4861b1766e12f07b99f2020bb3dd91fca9befe81d40eb7c927822252ea9c,3.4999999999999964,3.499999999999998,1.4243311550394859e-13,0.0,0.0,0.0,3.4999999999999964,3.499999999999998,1.4243311550394859e-13,0.0,0.0,3.4999999999999964,3.499999999999998,1.4243311550394859e-13,5.021168616437167e-14,0.0,True,not_measured,0.06328792772360886,0.003866038719070686,3.4999999999999964,0.0,"pointwise XYZ recovery to original measured cloud; evaluator only, not clean truth or a normal-only score","[-0.9999676526741448, -0.0023905933283747544, 0.007679757085956442]",0.0,True,,,,,,,,,,,,,,,,,,,,,,,,,,,
da_thin__tangent_translation,real,da_thin,tangent_translation,2.0,difference,1529,2,/srv/slam-research/grf/map-denoise/runs/multiscan-pilot-v1/real-transfer-v5-zrtui_f5/inputs/da_thin__tangent_translation.npz,bdd2abc229b071e51acbe0bbe01b4106fc97e103c96d772779d9345754fae1c2,/srv/slam-research/grf/map-denoise/runs/multiscan-pilot-v1/direction-v6-edpxxdsb/real/evaluation/da_thin__tangent_translation.npz,/srv/slam-research/grf/map-denoise/runs/multiscan-pilot-v1/direction-v6-edpxxdsb/real/evaluation/da_thin__tangent_translation.json,/srv/slam-research/grf/map-denoise/runs/multiscan-pilot-v1/direction-v6-edpxxdsb/outputs/real__da_thin__tangent_translation__difference.npz,e5fb8b8a2973cf26bee6e1a89aacac0e208c355d47d9d55f575cffdae563de33,0.15585209599521477,1.0,79d9725576a7dff91660e2ee06f55a4433eabc5d261751344faa80b4686bd68b,1.0,3.4984812862623462,"[0.00010348809916535514, 0.00403542682325838, 0.999991852277091]",3,81e39bfd2a76f2b389e1049914cf13b2065972f0f50d2a2870d25e2c29d76887,4d3dfb397046e93debd837f66c23f3497ff65ad06775adf9316f6ec3df8f6848,ea8fd995d2689408879e864a07d75b380e623f403de94d5d268a89eaec2e6876,0.5336146133595142,0.02480439578859446,0.5330378012302567,0.5329524230633623,0.0037786575820972996,0.5329390274656065,0.026617017012509906,0.024813392679802163,0.009631258399720276,0.02480439578861072,3.498393352994686,3.500000000000015,2.442617926098792e-14,3.500000000000015,5.018116164256354e-13,4.359561159213594,False,not_measured,89.59376684254497,0.02661456427092346,0.02661456427092346,2.5492113492179167e-13,"pointwise XYZ recovery to original measured cloud; evaluator only, not clean truth or a normal-only score","[-0.99996823811241, -0.003388969286418685, 0.007213712881599509]",89.59339746851495,True,,,,,,,,,,,,,,,,,,,,,,,,,,,
da_thin__tangent_translation,real,da_thin,tangent_translation,2.0,pooled_pca,1529,2,/srv/slam-research/grf/map-denoise/runs/multiscan-pilot-v1/real-transfer-v5-zrtui_f5/inputs/da_thin__tangent_translation.npz,bdd2abc229b071e51acbe0bbe01b4106fc97e103c96d772779d9345754fae1c2,/srv/slam-research/grf/map-denoise/runs/multiscan-pilot-v1/direction-v6-edpxxdsb/real/evaluation/da_thin__tangent_translation.npz,/srv/slam-research/grf/map-denoise/runs/multiscan-pilot-v1/direction-v6-edpxxdsb/real/evaluation/da_thin__tangent_translation.json,/srv/slam-research/grf/map-denoise/runs/multiscan-pilot-v1/direction-v6-edpxxdsb/outputs/real__da_thin__tangent_translation__pooled_pca.npz,6b4ede208f8831a0b94f132b95a6299f5514bd7138cf08c0ff299e2a6bba3dde,0.10343843699956778,0.0,19f1da6194db6cf2b8168c214fd8456065b44231d3d36873120bbf256ef30a99,0.0,0.0,"[0.9999682381124101, 0.0033889692864185615, -0.0072137128815995]",1,b15b56e2a1391acbebd8576e42f1d8aa6d8c12e5152fa61d09dea9b307bb439b,a86fe0a9c4c321ca4f63714bc4927fcea4ca65108b8c92c344f9aa8fad495892,32cd302a7edc714cf9c184dcdb7c4c22461f5b4595bdf930fc18b03e0b00b56f,3.500000000000015,2.442617926098792e-14,3.500000000000015,0.0,0.0,0.0,3.500000000000015,2.442617926098792e-14,3.500000000000015,0.0,0.0,3.500000000000015,2.442617926098792e-14,3.500000000000015,2.368895622089937e-13,0.0,True,not_measured,0.00036937429221808757,3.4999999999272817,3.500000000000015,0.0,"pointwise XYZ recovery to original measured cloud; evaluator only, not clean truth or a normal-only score","[-0.99996823811241, -0.003388969286418685, 0.007213712881599509]",0.0,True,,,,,,,,,,,,,,,,,,,,,,,,,,,
da_thin__small_rotation,real,da_thin,small_rotation,2.0,difference,1529,2,/srv/slam-research/grf/map-denoise/runs/multiscan-pilot-v1/real-transfer-v5-zrtui_f5/inputs/da_thin__small_rotation.npz,b40d41623b0f97359c98f290f06e65a3a639cf5be0c3bfcb1e552f37fe60cb01,/srv/slam-research/grf/map-denoise/runs/multiscan-pilot-v1/direction-v6-edpxxdsb/real/evaluation/da_thin__small_rotation.npz,/srv/slam-research/grf/map-denoise/runs/multiscan-pilot-v1/direction-v6-edpxxdsb/real/evaluation/da_thin__small_rotation.json,/srv/slam-research/grf/map-denoise/runs/multiscan-pilot-v1/direction-v6-edpxxdsb/outputs/real__da_thin__small_rotation__difference.npz,9f37562266134cfa0290685446c520ced317b1031e86d716e9e36780396d8225,0.14873094898939598,1.0,79d9725576a7dff91660e2ee06f55a4433eabc5d261751344faa80b4686bd68b,1.0,0.592411602355995,"[0.0006616012514842153, 0.00401401255443351, 0.9999917249592605]",3,176bdd1fd0bf67ed681d47ee7bb544702ce93917e5ee973f95e3cccb4e9aa6de,4d3dfb397046e93debd837f66c23f3497ff65ad06775adf9316f6ec3df8f6848,ca6f69fb1ac145b46d685204c9dea4f13becd47f013953a8223e122f959ef948,3.5380592305412923,3.4930763715497033,0.5623882834302315,0.5329524230633623,0.0037786575820972996,0.5329390274656065,3.497812834822257,3.49478562136279,0.14549257081793635,0.0038696461706052574,0.5923989639124227,3.4999999999999996,3.495030539249136,0.18644444136496635,5.270737485296758e-13,1.174519544622509,False,not_measured,89.62573999294897,3.4967228876431093,3.4967228876431093,2.563071927526132e-13,"pointwise XYZ recovery to original measured cloud; evaluator only, not clean truth or a normal-only score","[-0.9999644207048239, -0.0034597990364717167, 0.007693316261080392]",89.59790711085327,True,,,,,,,,,,,,,,,,,,,,,,,,,,,
da_thin__small_rotation,real,da_thin,small_rotation,2.0,pooled_pca,1529,2,/srv/slam-research/grf/map-denoise/runs/multiscan-pilot-v1/real-transfer-v5-zrtui_f5/inputs/da_thin__small_rotation.npz,b40d41623b0f97359c98f290f06e65a3a639cf5be0c3bfcb1e552f37fe60cb01,/srv/slam-research/grf/map-denoise/runs/multiscan-pilot-v1/direction-v6-edpxxdsb/real/evaluation/da_thin__small_rotation.npz,/srv/slam-research/grf/map-denoise/runs/multiscan-pilot-v1/direction-v6-edpxxdsb/real/evaluation/da_thin__small_rotation.json,/srv/slam-research/grf/map-denoise/runs/multiscan-pilot-v1/direction-v6-edpxxdsb/outputs/real__da_thin__small_rotation__pooled_pca.npz,3cf8561145799216daff92591e0b534562c51a32d7038b2a377bb47156a5cd4f,0.1295403330004774,0.0,19f1da6194db6cf2b8168c214fd8456065b44231d3d36873120bbf256ef30a99,0.0,0.0,"[0.9999644207048239, 0.003459799036471766, -0.007693316261080399]",1,0c3b97082097af97beb3a5fdf124f2b820c6760d8b2f108b4ab10b03cd0cfd4c,a86fe0a9c4c321ca4f63714bc4927fcea4ca65108b8c92c344f9aa8fad495892,2cef8a49228a27100dfa8dc81f39cd6fe95e835362e2d73f78ef5e29a14814a3,3.4999999999999996,3.495030539249136,0.18644444136496635,0.0,0.0,0.0,3.4999999999999996,3.495030539249136,0.18644444136496635,0.0,0.0,3.4999999999999996,3.495030539249136,0.18644444136496635,2.0319941241127746e-14,0.0,True,not_measured,0.028143201883564485,0.18643702867574286,3.4999999999999996,0.0,"pointwise XYZ recovery to original measured cloud; evaluator only, not clean truth or a normal-only score","[-0.9999644207048239, -0.0034597990364717167, 0.007693316261080392]",0.0,True,,,,,,,,,,,,,,,,,,,,,,,,,,,
da_wall__zero,real,da_wall,zero,2.0,difference,1600,2,/srv/slam-research/grf/map-denoise/runs/multiscan-pilot-v1/real-transfer-v5-zrtui_f5/inputs/da_wall__zero.npz,08ebf45060d2e26128e7c3b4bf7bceef4bbbd9710c42ad0565f4c960b1eb1683,/srv/slam-research/grf/map-denoise/runs/multiscan-pilot-v1/direction-v6-edpxxdsb/real/evaluation/da_wall__zero.npz,/srv/slam-research/grf/map-denoise/runs/multiscan-pilot-v1/direction-v6-edpxxdsb/real/evaluation/da_wall__zero.json,/srv/slam-research/grf/map-denoise/runs/multiscan-pilot-v1/direction-v6-edpxxdsb/outputs/real__da_wall__zero__difference.npz,67f1fa8f214f53163ed7719f2f42d01d64416fbc7a129f8b8c11229c4b3e8efb,0.20998931799840648,0.73125,96f0c100045eeac4ddff20f0d1cd25c7b0c1aa351a88dc8a9d022ad37ceba849,0.73125,0.6652868727053673,"[-0.0006785746744525535, 0.0011222329008218068, 0.999999140064494]",3,2278f4f1968031ff2156981afd833e217c8a74dbc041ce20fe9a75781b96eba9,bda52dc3a047d3e2fe1f32130b2b9c3ce7036ff385bb3635a9a557c53677e94d,3396bde1019d93061bbe5a39fc8865ca4a91718c64c7c31c33a35892cafaeb71,0.6652868727053673,0.0025164613579585,0.6652821134047731,0.6652868727053673,0.0025164613579585,0.6652821134047731,0.0,0.0,0.0,0.0025164613579585,0.6652821134047731,0.0,0.0,0.0,0.001014618950299159,1.536270889530711,False,not_measured,89.78327701199143,0.0,0.0,1.6495679088645587e-13,"pointwise XYZ recovery to original measured cloud; evaluator only, not clean truth or a normal-only score","[-0.9999931005114948, 0.0020441719226786358, 0.0031016593233453853]",89.78327701199143,True,,,,,,,,,,,,,,,,,,,,,,,,,,,
da_wall__zero,real,da_wall,zero,2.0,pooled_pca,1600,2,/srv/slam-research/grf/map-denoise/runs/multiscan-pilot-v1/real-transfer-v5-zrtui_f5/inputs/da_wall__zero.npz,08ebf45060d2e26128e7c3b4bf7bceef4bbbd9710c42ad0565f4c960b1eb1683,/srv/slam-research/grf/map-denoise/runs/multiscan-pilot-v1/direction-v6-edpxxdsb/real/evaluation/da_wall__zero.npz,/srv/slam-research/grf/map-denoise/runs/multiscan-pilot-v1/direction-v6-edpxxdsb/real/evaluation/da_wall__zero.json,/srv/slam-research/grf/map-denoise/runs/multiscan-pilot-v1/direction-v6-edpxxdsb/outputs/real__da_wall__zero__pooled_pca.npz,ad7e56ccc32d2575235c9944f112fd6b5db86ad780a13116b9282aca5c0af367,0.12612481699034106,0.0,b97fcbde600e34ec7a48d8dad461963602d4ccf76d40c87143fb941f2047be62,0.0,0.0,"[0.9999931005114948, -0.002044171922678633, -0.0031016593233453844]",1,71f9f4bd8ae756a20be6312feca5feead3594a3c2741d732b53a093e71bbec7d,a86fe0a9c4c321ca4f63714bc4927fcea4ca65108b8c92c344f9aa8fad495892,6a53b23982c2632371ed420036d6ffa24c76332bc5e44edf9d45150b937d6f2f,0.0,0.0,0.0,0.0,0.0,0.0,0.0,0.0,0.0,0.0,0.0,0.0,0.0,0.0,0.0,0.0,True,not_measured,0.0,0.0,0.0,0.0,"pointwise XYZ recovery to original measured cloud; evaluator only, not clean truth or a normal-only score","[-0.9999931005114948, 0.0020441719226786358, 0.0031016593233453853]",0.0,True,,,,,,,,,,,,,,,,,,,,,,,,,,,
da_wall__normal_translation,real,da_wall,normal_translation,2.0,difference,1600,2,/srv/slam-research/grf/map-denoise/runs/multiscan-pilot-v1/real-transfer-v5-zrtui_f5/inputs/da_wall__normal_translation.npz,f90b04a2ee9d75a60d9a82997038d2565c46f669ab79694ea7baaad34f8c940d,/srv/slam-research/grf/map-denoise/runs/multiscan-pilot-v1/direction-v6-edpxxdsb/real/evaluation/da_wall__normal_translation.npz,/srv/slam-research/grf/map-denoise/runs/multiscan-pilot-v1/direction-v6-edpxxdsb/real/evaluation/da_wall__normal_translation.json,/srv/slam-research/grf/map-denoise/runs/multiscan-pilot-v1/direction-v6-edpxxdsb/outputs/real__da_wall__normal_translation__difference.npz,ff88cc2b87100adb8b3fad55f881205f3be8ea1d9f33f637d8dc3c1fc9784a8b,0.26774084600037895,0.730625,3dbd76bcf73283fb5dcfdb5926dd0f7bffdcc549f9aa7a84203a5570fee37cae,0.730625,0.646771646774052,"[-0.0006785746744525176, 0.001122232900821779, 0.999999140064494]",3,657ff71574a486ce7d99bded859ab0f93376a7920e47b60d29d6b6bca7cd8f25,b2d48473198c6d7f8e1545074bdfe829b5c7b8c4e77607016d830209e6352a32,22cbbcdaac3baa749f31afedb6e209f2136dce28b18d3f4f1404b75b0d59afd1,3.558143024276801,3.498867560103487,0.6467670199269081,0.6652868727053673,0.0025164613579585,0.6652821134047731,3.504174146695905,3.500065541475619,0.1696397823240659,0.0024464271328728227,0.646767019926884,3.4999999999999916,3.4999999999999916,2.720833269478182e-13,0.002199673108035379,1.4700061557227901,False,not_measured,89.78327701199143,3.4999749618506417,3.499981706519749,1.6006380180107784e-13,"pointwise XYZ recovery to original measured cloud; evaluator only, not clean truth or a normal-only score","[-0.9999906461268343, 0.003129797395876842, 0.0029853018435152144]",89.78987413510579,True,,,,,,,,,,,,,,,,,,,,,,,,,,,
da_wall__normal_translation,real,da_wall,normal_translation,2.0,pooled_pca,1600,2,/srv/slam-research/grf/map-denoise/runs/multiscan-pilot-v1/real-transfer-v5-zrtui_f5/inputs/da_wall__normal_translation.npz,f90b04a2ee9d75a60d9a82997038d2565c46f669ab79694ea7baaad34f8c940d,/srv/slam-research/grf/map-denoise/runs/multiscan-pilot-v1/direction-v6-edpxxdsb/real/evaluation/da_wall__normal_translation.npz,/srv/slam-research/grf/map-denoise/runs/multiscan-pilot-v1/direction-v6-edpxxdsb/real/evaluation/da_wall__normal_translation.json,/srv/slam-research/grf/map-denoise/runs/multiscan-pilot-v1/direction-v6-edpxxdsb/outputs/real__da_wall__normal_translation__pooled_pca.npz,6777987c4c2a8eb4bfa9832c8c0b46055b90cd9c970f70d51c436e274266d692,0.14028023400169332,0.0,b97fcbde600e34ec7a48d8dad461963602d4ccf76d40c87143fb941f2047be62,0.0,0.0,"[0.9999906461268345, -0.0031297973958768436, -0.0029853018435152174]",1,20b6cfb81b8009ca345bdd1e8b63141efe2498ba8f0a8888ca36eb34d25485e5,a86fe0a9c4c321ca4f63714bc4927fcea4ca65108b8c92c344f9aa8fad495892,77175b4d5f57d5e37e813ce1125c630e17b1fe05c49c60f6d0d0464f02e62f64,3.4999999999999916,3.4999999999999916,2.720833269478182e-13,0.0,0.0,0.0,3.4999999999999916,3.4999999999999916,2.720833269478182e-13,0.0,0.0,3.4999999999999916,3.4999999999999916,2.720833269478182e-13,1.584917858555531e-13,0.0,True,not_measured,0.0625581725498877,0.00382146053849508,3.4999999999999916,0.0,"pointwise XYZ recovery to original measured cloud; evaluator only, not clean truth or a normal-only score","[-0.9999906461268343, 0.003129797395876842, 0.0029853018435152144]",1.2074182697257333e-06,True,,,,,,,,,,,,,,,,,,,,,,,,,,,
da_wall__tangent_translation,real,da_wall,tangent_translation,2.0,difference,1600,2,/srv/slam-research/grf/map-denoise/runs/multiscan-pilot-v1/real-transfer-v5-zrtui_f5/inputs/da_wall__tangent_translation.npz,dd9e030dc0f2ba179d48a4de5469f0a7c6a6711b77a7234f375be7aaa99bdca5,/srv/slam-research/grf/map-denoise/runs/multiscan-pilot-v1/direction-v6-edpxxdsb/real/evaluation/da_wall__tangent_translation.npz,/srv/slam-research/grf/map-denoise/runs/multiscan-pilot-v1/direction-v6-edpxxdsb/real/evaluation/da_wall__tangent_translation.json,/srv/slam-research/grf/map-denoise/runs/multiscan-pilot-v1/direction-v6-edpxxdsb/outputs/real__da_wall__tangent_translation__difference.npz,51dc9050574b9b3fc5b47fce6f43a46e33814f562095b9421c0791e86509e33a,0.20847577399399597,0.73125,e25316fe692ba06390badefd71b89f6b1d721c24177e62f78030e3563fac918a,0.73125,1.003973008490977,"[-0.0006785746744525439, 0.0011222329008217583, 0.999999140064494]",3,d7e4c8909d6e36214dbccc772d50edf858025bb812f855359b4a7e61b1be0bf1,bda52dc3a047d3e2fe1f32130b2b9c3ce7036ff385bb3635a9a557c53677e94d,a3dab2296746e42a15a7640b6ee865745aed5000230bd6e1350a162400b2a341,3.3439983107297278,0.003797548672547769,3.3439961544217347,0.6652868727053673,0.0025164613579585,0.6652821134047731,3.2725751406551464,0.004563211403992264,3.2725719592295808,0.0037975486725412076,1.0039658263120828,3.5000000000000244,2.5173498022944107e-14,3.5000000000000244,0.002111231458541967,1.9777941988074008,False,not_measured,89.78327701199143,3.1847537545700852,3.2724616191771974,1.6168488233849044e-13,"pointwise XYZ recovery to original measured cloud; evaluator only, not clean truth or a normal-only score","[-0.9999931002461988, 0.0020445945510976266, 0.0031014662850979502]",89.78328804517335,True,,,,,,,,,,,,,,,,,,,,,,,,,,,
da_wall__tangent_translation,real,da_wall,tangent_translation,2.0,pooled_pca,1600,2,/srv/slam-research/grf/map-denoise/runs/multiscan-pilot-v1/real-transfer-v5-zrtui_f5/inputs/da_wall__tangent_translation.npz,dd9e030dc0f2ba179d48a4de5469f0a7c6a6711b77a7234f375be7aaa99bdca5,/srv/slam-research/grf/map-denoise/runs/multiscan-pilot-v1/direction-v6-edpxxdsb/real/evaluation/da_wall__tangent_translation.npz,/srv/slam-research/grf/map-denoise/runs/multiscan-pilot-v1/direction-v6-edpxxdsb/real/evaluation/da_wall__tangent_translation.json,/srv/slam-research/grf/map-denoise/runs/multiscan-pilot-v1/direction-v6-edpxxdsb/outputs/real__da_wall__tangent_translation__pooled_pca.npz,9605891709dd469894e88e976dd895d80b5fb6f507f6b41232e8e0319b5bb09d,0.11407408400555141,0.0,b97fcbde600e34ec7a48d8dad461963602d4ccf76d40c87143fb941f2047be62,0.0,0.0,"[0.9999931002461988, -0.0020445945510976266, -0.003101466285097952]",1,add8389be6d531dbb4e9fb6e4b27119cc719aef06b7b23200660cd57dbc79e9e,a86fe0a9c4c321ca4f63714bc4927fcea4ca65108b8c92c344f9aa8fad495892,1df9ca555c43bd3cf7cab9df2e7a5d4343b438aa895f0229a773d8940201dd40,3.5000000000000244,2.5173498022944107e-14,3.5000000000000244,0.0,0.0,0.0,3.5000000000000244,2.5173498022944107e-14,3.5000000000000244,0.0,0.0,3.5000000000000244,2.5173498022944107e-14,3.5000000000000244,4.928101178829391e-14,0.0,True,not_measured,2.659062909866448e-05,3.499999999999647,3.5000000000000244,0.0,"pointwise XYZ recovery to original measured cloud; evaluator only, not clean truth or a normal-only score","[-0.9999931002461988, 0.0020445945510976266, 0.0031014662850979502]",0.0,True,,,,,,,,,,,,,,,,,,,,,,,,,,,
da_wall__small_rotation,real,da_wall,small_rotation,2.0,difference,1600,2,/srv/slam-research/grf/map-denoise/runs/multiscan-pilot-v1/real-transfer-v5-zrtui_f5/inputs/da_wall__small_rotation.npz,1ffd5c77a354cee6df191063beeb63c7aa8b2e149dc9c41cc93d57811a0fc3b4,/srv/slam-research/grf/map-denoise/runs/multiscan-pilot-v1/direction-v6-edpxxdsb/real/evaluation/da_wall__small_rotation.npz,/srv/slam-research/grf/map-denoise/runs/multiscan-pilot-v1/direction-v6-edpxxdsb/real/evaluation/da_wall__small_rotation.json,/srv/slam-research/grf/map-denoise/runs/multiscan-pilot-v1/direction-v6-edpxxdsb/outputs/real__da_wall__small_rotation__difference.npz,d244681722823f47f5dc59345de19d471aa630528956d25f09cd1c6e6a6b5d8e,0.19140656900708564,0.733125,b603f7e67af21f7c0025254c78f2fdb00abb147933b8a1d46435d2706c5d4a98,0.733125,0.5337441372002539,"[-0.0006963789259435507, 0.0011468713268106279, 0.9999990998708705]",3,1ce8bd3c6c4fa0ba0151f8d50116241c9443d8ee12d91bae9051bffc961b1747,bda52dc3a047d3e2fe1f32130b2b9c3ce7036ff385bb3635a9a557c53677e94d,70b2f1e8631ca793e46e6b37720cc4ac68d8bd49ff8b96b9c91df20db6ab8b74,3.540376954769639,3.4925160621935385,0.5801728511263556,0.6652868727053673,0.0025164613579585,0.6652821134047731,3.5213888969375247,3.4926733395223084,0.44879027046602327,0.0020284279047164634,0.5337402827929318,3.5000000000000004,3.4925388848342847,0.22841221053283556,0.000941004235889958,1.2436608173287373,False,not_measured,89.78225402463976,3.499629649541758,3.499765156773419,1.590007988899778e-13,"pointwise XYZ recovery to original measured cloud; evaluator only, not clean truth or a normal-only score","[-0.9999964026265388, 0.0017230769012507182, 0.0020556604713913877]",89.84220658265298,True,,,,,,,,,,,,,,,,,,,,,,,,,,,
da_wall__small_rotation,real,da_wall,small_rotation,2.0,pooled_pca,1600,2,/srv/slam-research/grf/map-denoise/runs/multiscan-pilot-v1/real-transfer-v5-zrtui_f5/inputs/da_wall__small_rotation.npz,1ffd5c77a354cee6df191063beeb63c7aa8b2e149dc9c41cc93d57811a0fc3b4,/srv/slam-research/grf/map-denoise/runs/multiscan-pilot-v1/direction-v6-edpxxdsb/real/evaluation/da_wall__small_rotation.npz,/srv/slam-research/grf/map-denoise/runs/multiscan-pilot-v1/direction-v6-edpxxdsb/real/evaluation/da_wall__small_rotation.json,/srv/slam-research/grf/map-denoise/runs/multiscan-pilot-v1/direction-v6-edpxxdsb/outputs/real__da_wall__small_rotation__pooled_pca.npz,1c8d1cd20b7cab43e39f48e1e7369e89a4ef9bd66deae1cf398bbbd8dc5811f6,0.1550283840042539,0.0,b97fcbde600e34ec7a48d8dad461963602d4ccf76d40c87143fb941f2047be62,0.0,0.0,"[0.9999964026265389, -0.0017230769012507156, -0.0020556604713913885]",1,235b3010783af087d0dac3785648a932eb137f5c51a67d8078c06342450f0520,a86fe0a9c4c321ca4f63714bc4927fcea4ca65108b8c92c344f9aa8fad495892,ec5a315ba9187cfea73204160c01f1e36840f931d60ca3881154dd04f815aed3,3.5000000000000004,3.4925388848342847,0.22841221053283556,0.0,0.0,0.0,3.5000000000000004,3.4925388848342847,0.22841221053283556,0.0,0.0,3.5000000000000004,3.4925388848342847,0.22841221053283556,1.051539936115151e-14,0.0,True,not_measured,0.06269181124641296,0.22847752898583645,3.5000000000000004,0.0,"pointwise XYZ recovery to original measured cloud; evaluator only, not clean truth or a normal-only score","[-0.9999964026265388, 0.0017230769012507182, 0.0020556604713913877]",0.0,True,,,,,,,,,,,,,,,,,,,,,,,,,,,
ghost_s912101_b0,synthetic,ghost_s912101_b0,public_full,1.0,difference,768,8,/srv/slam-research/grf/map-denoise/runs/multiscan-pilot-v1/exploration-v5-development-vdbkdouk/inputs/ghost_s912101_b0.npz,72886c5a7326c4dc78ab3acd9968caecf6eb8595a27496b1cda7fe50e8bc3e29,/srv/slam-research/grf/map-denoise/runs/multiscan-pilot-v1/direction-v6-edpxxdsb/synthetic/evaluation/ghost_s912101_b0.npz,,/srv/slam-research/grf/map-denoise/runs/multiscan-pilot-v1/direction-v6-edpxxdsb/outputs/synthetic__ghost_s912101_b0__difference.npz,2e4b32ef06b2c85cc1e44001aba9ace82dd9dbe964b8efbe9ffe194aa7c7ef31,0.15313836200220976,1.0,7bf89132f5cf5a97ca6e6ad60b0335099920f53674ea2c0f3e11a4e58b883d58,1.0,1.0205549918394852,"[-0.006159835962744584, 0.0031074932635752894, 0.9999761996700365]",3,06284036e270099f8137e40a7cf51e0a067f83a14900177184ba2f1dfbd428f0,4056011563cc1cd51192c6527fcba0775c42a96b2461e21d4c0b74c6140c0215,617c07ac7b472fcf2b007701385cecbe52305183d5547ac4e13b9a86802c3a3e,,,,,,,,,,,,,,,,,,,,,,,,,,True,912101,0,0,True,True,0.042599483883238705,0.05092123794141833,0.08767595216657234,1.0,1.0,0.04375386721030452,1.0,0.05140573428547496,0.042599483883238705,0.028315945448095625,,self-report; not geometry-derived layer count or success,0.029178242074457152,0.042322331066155065,0.06254876399133667,0.06254876399133667,,,,,,
ghost_s912101_b0,synthetic,ghost_s912101_b0,public_full,1.0,pooled_pca,768,8,/srv/slam-research/grf/map-denoise/runs/multiscan-pilot-v1/exploration-v5-development-vdbkdouk/inputs/ghost_s912101_b0.npz,72886c5a7326c4dc78ab3acd9968caecf6eb8595a27496b1cda7fe50e8bc3e29,/srv/slam-research/grf/map-denoise/runs/multiscan-pilot-v1/direction-v6-edpxxdsb/synthetic/evaluation/ghost_s912101_b0.npz,,/srv/slam-research/grf/map-denoise/runs/multiscan-pilot-v1/direction-v6-edpxxdsb/outputs/synthetic__ghost_s912101_b0__pooled_pca.npz,300116788b10b516c0b10aaeef83bb99c363b92cc7df4ab628d92ca36edb59a1,0.13956296599644702,1.0,7bf89132f5cf5a97ca6e6ad60b0335099920f53674ea2c0f3e11a4e58b883d58,1.0,1.0205340666740472,"[-6.52326879607734e-05, 0.0011324005575067686, 0.99999935670663]",3,82b756ea3193ad3846105674a10ddbe9485f8cd573702927c3b298d3802c57bd,4056011563cc1cd51192c6527fcba0775c42a96b2461e21d4c0b74c6140c0215,75207ad369369589f9e3a0af373f3d16738310ee1277323e09e109e85d2c2d6c,,,,,,,,,,,,,,,,,,,,,,,,,,True,912101,0,0,True,True,0.04258426293490806,0.05087511529883714,0.08760406256574875,1.0,1.0,0.04263837985084845,1.0,0.0508882827690365,0.04258426293490806,0.028234818568180383,,self-report; not geometry-derived layer count or success,0.028258537578744244,0.04232106304302997,0.06237838620130975,0.06237838620130975,,,,,,
ghost_s912101_b4,synthetic,ghost_s912101_b4,public_full,1.0,difference,768,8,/srv/slam-research/grf/map-denoise/runs/multiscan-pilot-v1/exploration-v5-development-vdbkdouk/inputs/ghost_s912101_b4.npz,2163495c12c4ff69dfb5927b8a1b792d4e013095d0b07b1b3a54e9a5fc652a30,/srv/slam-research/grf/map-denoise/runs/multiscan-pilot-v1/direction-v6-edpxxdsb/synthetic/evaluation/ghost_s912101_b4.npz,,/srv/slam-research/grf/map-denoise/runs/multiscan-pilot-v1/direction-v6-edpxxdsb/outputs/synthetic__ghost_s912101_b4__difference.npz,efd5005ffc0824bf72ce55aa317b9624b008c52cab4d036e37eb879cd8ee5c34,0.19217117299558595,1.0,7bf89132f5cf5a97ca6e6ad60b0335099920f53674ea2c0f3e11a4e58b883d58,1.0,4.143634098889613,"[-0.00615983596274462, 0.0031074932635755115, 0.9999761996700367]",3,a6e81e7e5a4e3919754cbf8d3db6136729471a14fbb80effbdedae3955a34122,4056011563cc1cd51192c6527fcba0775c42a96b2461e21d4c0b74c6140c0215,8eff0ed6bb037c01b24921ca0b22d5534ede0b6a852f9386d3bac6ec4f25e1c2,,,,,,,,,,,,,,,,,,,,,,,,,,True,912101,0,4,True,True,0.04257531671846106,0.05089520681852703,0.08765162514256844,1.0,1.0,0.05343454331016554,1.0,0.05837466548714789,0.04257531671846106,0.028306959828187657,,self-report; not geometry-derived layer count or success,0.040231374178446105,0.04229702238279032,0.06252571361966511,0.06252571361966511,,,,,,
ghost_s912101_b4,synthetic,ghost_s912101_b4,public_full,1.0,pooled_pca,768,8,/srv/slam-research/grf/map-denoise/runs/multiscan-pilot-v1/exploration-v5-development-vdbkdouk/inputs/ghost_s912101_b4.npz,2163495c12c4ff69dfb5927b8a1b792d4e013095d0b07b1b3a54e9a5fc652a30,/srv/slam-research/grf/map-denoise/runs/multiscan-pilot-v1/direction-v6-edpxxdsb/synthetic/evaluation/ghost_s912101_b4.npz,,/srv/slam-research/grf/map-denoise/runs/multiscan-pilot-v1/direction-v6-edpxxdsb/outputs/synthetic__ghost_s912101_b4__pooled_pca.npz,2732b21823e340f4fb25906091ac3098865b74553610e9fc9af350ad020c7c75,0.18130734699661843,1.0,7bf89132f5cf5a97ca6e6ad60b0335099920f53674ea2c0f3e11a4e58b883d58,1.0,4.14376183611554,"[0.0006833335852457512, 0.011813860734256554, 0.999929980423511]",3,272bae28f71d50d4fd9521cb8a8f6a1ab2e3bcf3b23349b6281f4c50ef75f876,4056011563cc1cd51192c6527fcba0775c42a96b2461e21d4c0b74c6140c0215,7e26eb18d9e0cd2ee8e9eacabd3a8239ea1cd0a8612e22c465db64d6f3ca8182,,,,,,,,,,,,,,,,,,,,,,,,,,True,912101,0,4,True,True,0.04264880294204493,0.051104894898294076,0.08831346520973166,1.0,1.0,0.06658617729920759,1.0,0.07082517269208669,0.04264880294204493,0.028661142226569493,,self-report; not geometry-derived layer count or success,0.05679749887063183,0.042311336647575686,0.06331354993011826,0.06331354993011826,,,,,,
dual_g2_s912101_b0,synthetic,dual_g2_s912101_b0,public_full,1.0,difference,768,8,/srv/slam-research/grf/map-denoise/runs/multiscan-pilot-v1/exploration-v5-development-vdbkdouk/inputs/dual_g2_s912101_b0.npz,903816c337543a84d9a054785af7a7485ce8a1a3d5e40c675cb0fc57ce105e92,/srv/slam-research/grf/map-denoise/runs/multiscan-pilot-v1/direction-v6-edpxxdsb/synthetic/evaluation/dual_g2_s912101_b0.npz,,/srv/slam-research/grf/map-denoise/runs/multiscan-pilot-v1/direction-v6-edpxxdsb/outputs/synthetic__dual_g2_s912101_b0__difference.npz,5d9ad904a056d7d01099475d768e4c4e1f531becb3d97b5e6deb27736ef237ba,0.14702502300497144,1.0,7bf89132f5cf5a97ca6e6ad60b0335099920f53674ea2c0f3e11a4e58b883d58,1.0,1.0688408739956994,"[-0.01241812171578651, 0.006001687217727536, 0.9999048804779347]",3,ae4a17a299ed3f6feb8e938d8c6b71ab33b464501cc25a4fd7c779d73d2fb96a,74cd2c1a5075763a79b9f49b6b62ebfdebcf1218f35a7ca3df4c6d79486c96a5,4d844d584f94122030c4a55e73fb7cb87aa9f7b103d97a50b1359a6b5373a070,,,,,,,,,,,,,,,,,,,,,,,,,,True,912101,2,0,True,True,0.1975508033658279,0.31664473278869576,0.6979708865589913,0.9596354166666666,1.0,0.20236838780407115,1.0,0.3274865616230388,0.20072933727402956,0.29770529713645383,,self-report; not geometry-derived layer count or success,0.3245488682880945,0.04376619856233209,0.420986451690012,0.4587252558909524,1.7354994242610606,0.26450057573893937,0.8677497121305303,1.3372488364816384,0.6627511635183616,"GT source-group affine fits evaluated at x=y=0; may extrapolate, not physical layer count"
dual_g2_s912101_b0,synthetic,dual_g2_s912101_b0,public_full,1.0,pooled_pca,768,8,/srv/slam-research/grf/map-denoise/runs/multiscan-pilot-v1/exploration-v5-development-vdbkdouk/inputs/dual_g2_s912101_b0.npz,903816c337543a84d9a054785af7a7485ce8a1a3d5e40c675cb0fc57ce105e92,/srv/slam-research/grf/map-denoise/runs/multiscan-pilot-v1/direction-v6-edpxxdsb/synthetic/evaluation/dual_g2_s912101_b0.npz,,/srv/slam-research/grf/map-denoise/runs/multiscan-pilot-v1/direction-v6-edpxxdsb/outputs/synthetic__dual_g2_s912101_b0__pooled_pca.npz,0010c661ce166898532dff6f9a92ebb284cf82e540459fa088e86c462040c3e3,0.13549735699780285,1.0,7bf89132f5cf5a97ca6e6ad60b0335099920f53674ea2c0f3e11a4e58b883d58,1.0,1.0688707153592625,"[-0.022891699191034544, 0.00016108742664611153, 0.9997379377411805]",3,b5fa7833eefe4fe43047548c6df38dd3784324b04d72837681037c420de3f014,f8a3eda1662f713f657245a1535b421d6c11ecb208b2b72d381a3d2c401584f7,39833764f0fca67b4cc957f9d92a16f17e2c9a6ec3144a831a3ea21906c05249,,,,,,,,,,,,,,,,,,,,,,,,,,True,912101,2,0,True,True,0.19772872382418924,0.31694964333159725,0.6996317244254004,0.9596354166666666,1.0,0.20456148304201383,1.0,0.3279144157084062,0.200769886926177,0.2976307902835545,,self-report; not geometry-derived layer count or success,0.3249815324271115,0.04375920029789904,0.4218578483336408,0.4596654319323933,1.7359491698862315,0.2640508301137685,0.8679745849431157,1.336832671879427,0.663167328120573,"GT source-group affine fits evaluated at x=y=0; may extrapolate, not physical layer count"
dual_g2_s912101_b4,synthetic,dual_g2_s912101_b4,public_full,1.0,difference,768,8,/srv/slam-research/grf/map-denoise/runs/multiscan-pilot-v1/exploration-v5-development-vdbkdouk/inputs/dual_g2_s912101_b4.npz,b8454ec22ecb1f2175867cc2c9c563f5341b6cc4a5e93b0a3749cdd5a8502728,/srv/slam-research/grf/map-denoise/runs/multiscan-pilot-v1/direction-v6-edpxxdsb/synthetic/evaluation/dual_g2_s912101_b4.npz,,/srv/slam-research/grf/map-denoise/runs/multiscan-pilot-v1/direction-v6-edpxxdsb/outputs/synthetic__dual_g2_s912101_b4__difference.npz,ded0d2e4725ec6714b11bd288fbb972d124a76ce168d0a5c4c07df1775b4a574,0.19062166000367142,1.0,7bf89132f5cf5a97ca6e6ad60b0335099920f53674ea2c0f3e11a4e58b883d58,1.0,4.139185425935175,"[-0.012418121715786438, 0.006001687217727203, 0.9999048804779348]",3,ec5e969029771b8f4a70b72b2010ade2fe442e3600d5554e6c6329955ee604d2,74cd2c1a5075763a79b9f49b6b62ebfdebcf1218f35a7ca3df4c6d79486c96a5,888c018526b585b79a87da3af38e80c7d6a838b438120bbd864b3ef571809524,,,,,,,,,,,,,,,,,,,,,,,,,,True,912101,2,4,True,True,0.19756626132007335,0.3165701446031657,0.6975030129804342,0.9596354166666666,1.0,0.21813486173559893,1.0,0.33220085583107484,0.20077722892031855,0.2978011402769383,,self-report; not geometry-derived layer count or success,0.329305509745045,0.043764024797253644,0.4214856436676979,0.4589615665231921,1.73540947254223,0.26459052745777,0.867704736271115,1.3364638597862435,0.6635361402137565,"GT source-group affine fits evaluated at x=y=0; may extrapolate, not physical layer count"
dual_g2_s912101_b4,synthetic,dual_g2_s912101_b4,public_full,1.0,pooled_pca,768,8,/srv/slam-research/grf/map-denoise/runs/multiscan-pilot-v1/exploration-v5-development-vdbkdouk/inputs/dual_g2_s912101_b4.npz,b8454ec22ecb1f2175867cc2c9c563f5341b6cc4a5e93b0a3749cdd5a8502728,/srv/slam-research/grf/map-denoise/runs/multiscan-pilot-v1/direction-v6-edpxxdsb/synthetic/evaluation/dual_g2_s912101_b4.npz,,/srv/slam-research/grf/map-denoise/runs/multiscan-pilot-v1/direction-v6-edpxxdsb/outputs/synthetic__dual_g2_s912101_b4__pooled_pca.npz,5d1a6f5f88a50eff03ac12f1efcbbfce93ed9df510f53deec8188bb0432e66d8,0.17999992000113707,1.0,7bf89132f5cf5a97ca6e6ad60b0335099920f53674ea2c0f3e11a4e58b883d58,1.0,4.139686343659568,"[-0.027563522757305756, 0.0010662391164206755, 0.9996194852779502]",3,fd9033ff78498ad626c9d3ef2b12517fb437b237b64c52cbf56731e5bb85aa5b,f8a3eda1662f713f657245a1535b421d6c11ecb208b2b72d381a3d2c401584f7,5a8174e27d22fef5ead5b8b575ccb9050f4cc9a81bf9ffef43233fd555a08b88,,,,,,,,,,,,,,,,,,,,,,,,,,True,912101,2,4,True,True,0.19788599763931636,0.3170538094272754,0.6995849260385035,0.9596354166666666,1.0,0.249503110592886,1.0,0.3465290955502918,0.20091086691305685,0.29782001896234034,,self-report; not geometry-derived layer count or success,0.34375579225365177,0.04375350677337159,0.4234294025992145,0.46066920037091796,1.735934581550444,0.2640654184495561,0.867967290775222,1.3348096507299068,0.6651903492700932,"GT source-group affine fits evaluated at x=y=0; may extrapolate, not physical layer count"
dual_g4_s912101_b0,synthetic,dual_g4_s912101_b0,public_full,1.0,difference,768,8,/srv/slam-research/grf/map-denoise/runs/multiscan-pilot-v1/exploration-v5-development-vdbkdouk/inputs/dual_g4_s912101_b0.npz,3ae84de665cbdcb622d4d9b37758aad7d0f6644ef3ef81fd9a65c951d44063a9,/srv/slam-research/grf/map-denoise/runs/multiscan-pilot-v1/direction-v6-edpxxdsb/synthetic/evaluation/dual_g4_s912101_b0.npz,,/srv/slam-research/grf/map-denoise/runs/multiscan-pilot-v1/direction-v6-edpxxdsb/outputs/synthetic__dual_g4_s912101_b0__difference.npz,8bde406116d1bcffcaf0b519e99c7a83ae4db6652c26a439cced7e744e0de9d1,0.19858403300167993,0.921875,39e4605fed27f8abe49e77eb9db4f8bbe3d8f22a120d05f8b1adf05a3864b885,0.921875,0.9836449977495679,"[-0.004514727529099774, 0.0005654358813747817, 0.9999896487052262]",3,6573091e94c56bee3c3a43c220768cca34d0ee5958f827438f831a3d1233caf2,f55614828d83439c02495aa4bf29c29ec791676c197a1746c062d36e854711b2,16333ff4eb58c89598d5eb79a4dceeeb8cac0be7d143f33d9ad4d6a9eb2bcf2f,,,,,,,,,,,,,,,,,,,,,,,,,,True,912101,4,0,True,True,0.2740135733119718,0.4981743276956096,1.126367134861804,0.9466145833333334,0.9869791666666666,0.271217449550393,1.0,0.5243973453573243,0.28053147076559404,0.5144737470380192,,self-report; not geometry-derived layer count or success,0.5225785257772362,0.04363783008238862,0.37621858495159427,0.3933756217217556,3.8112407152437613,0.1887592847562387,0.9528101788109403,3.4163846548627284,0.5836153451372716,"GT source-group affine fits evaluated at x=y=0; may extrapolate, not physical layer count"
dual_g4_s912101_b0,synthetic,dual_g4_s912101_b0,public_full,1.0,pooled_pca,768,8,/srv/slam-research/grf/map-denoise/runs/multiscan-pilot-v1/exploration-v5-development-vdbkdouk/inputs/dual_g4_s912101_b0.npz,3ae84de665cbdcb622d4d9b37758aad7d0f6644ef3ef81fd9a65c951d44063a9,/srv/slam-research/grf/map-denoise/runs/multiscan-pilot-v1/direction-v6-edpxxdsb/synthetic/evaluation/dual_g4_s912101_b0.npz,,/srv/slam-research/grf/map-denoise/runs/multiscan-pilot-v1/direction-v6-edpxxdsb/outputs/synthetic__dual_g4_s912101_b0__pooled_pca.npz,aa6a74a6c336d9c08bca2af4080f8da37063347a89b9343fd8e107b2fea42347,0.20464088099834044,0.9244791666666666,5a859550db76c87653c4596481f43314a6c6191d5bef335dab4d5c0a8611150c,0.9244791666666666,0.9841021339768484,"[-0.04696991168137183, 0.0032983991121273704, 0.9988908588829619]",3,415394e94a9bbfc46eb5534c68442f7b4055a44693e6a765332d9baec9d25ed1,155bccdf2e3ebc020a643d7504a51c35fe275dfa1c35c850d1075752aef0b14a,919491b8152bfb65a83b471b311d774460a14500fa0e7745023c115a377c7ec6,,,,,,,,,,,,,,,,,,,,,,,,,,True,912101,4,0,True,True,0.275492580357344,0.5015318561269829,1.1432139859957526,0.9453125,0.9869791666666666,0.2820263766823296,1.0,0.526277195828215,0.2811212402013589,0.5146692617172098,,self-report; not geometry-derived layer count or success,0.5237945243309846,0.05105862443982328,0.3756260268748824,0.41306177266983446,3.823523488109573,0.176476511890427,0.9558808720273932,3.422884922616833,0.577115077383167,"GT source-group affine fits evaluated at x=y=0; may extrapolate, not physical layer count"
dual_g4_s912101_b4,synthetic,dual_g4_s912101_b4,public_full,1.0,difference,768,8,/srv/slam-research/grf/map-denoise/runs/multiscan-pilot-v1/exploration-v5-development-vdbkdouk/inputs/dual_g4_s912101_b4.npz,6eb4c6f68628aac6251e0b55e04828dbbb2ea808b2435d470acf91d78d5b269b,/srv/slam-research/grf/map-denoise/runs/multiscan-pilot-v1/direction-v6-edpxxdsb/synthetic/evaluation/dual_g4_s912101_b4.npz,,/srv/slam-research/grf/map-denoise/runs/multiscan-pilot-v1/direction-v6-edpxxdsb/outputs/synthetic__dual_g4_s912101_b4__difference.npz,78a6cc751d4bdd55bba0bbd641a0afea4249d598449c79d55b65264343af5575,0.22148324600129854,0.921875,39e4605fed27f8abe49e77eb9db4f8bbe3d8f22a120d05f8b1adf05a3864b885,0.921875,4.013959044772528,"[-0.004514727529099773, 0.000565435881374754, 0.9999896487052262]",3,f5ab3ff267a4adf6ca2d637cc2526ada82c9b41aeaebd6116fba5c213055d947,f55614828d83439c02495aa4bf29c29ec791676c197a1746c062d36e854711b2,92fdc7e7d89be0ab8521a655be040824da5ac9c7bb7fea12414ed481cddf010f,,,,,,,,,,,,,,,,,,,,,,,,,,True,912101,4,4,True,True,0.42466130182372613,0.9713639465425356,1.8675065434859128,0.8919270833333334,0.9466145833333334,0.38455932234824725,1.0,1.139711249362274,0.4953245882752948,1.1359137449609082,,self-report; not geometry-derived layer count or success,1.1371551008531644,0.07628898037427247,0.27147324900944336,0.2862585652205505,3.897176044540467,0.10282395545953316,0.9742940111351167,3.6666214417715874,0.33337855822841256,"GT source-group affine fits evaluated at x=y=0; may extrapolate, not physical layer count"
dual_g4_s912101_b4,synthetic,dual_g4_s912101_b4,public_full,1.0,pooled_pca,768,8,/srv/slam-research/grf/map-denoise/runs/multiscan-pilot-v1/exploration-v5-development-vdbkdouk/inputs/dual_g4_s912101_b4.npz,6eb4c6f68628aac6251e0b55e04828dbbb2ea808b2435d470acf91d78d5b269b,/srv/slam-research/grf/map-denoise/runs/multiscan-pilot-v1/direction-v6-edpxxdsb/synthetic/evaluation/dual_g4_s912101_b4.npz,,/srv/slam-research/grf/map-denoise/runs/multiscan-pilot-v1/direction-v6-edpxxdsb/outputs/synthetic__dual_g4_s912101_b4__pooled_pca.npz,bc88bdd6174c88c7150620ddf73b34cea3d1388b2ce8b5c1201f7b666b4c7911,0.21045358100673184,0.9205729166666666,20da61058e8a351fd3204422635400a0df1b111d31d7e57a6e8891870bd330d5,0.9205729166666666,4.010438345794746,"[-0.048556090035159885, 0.0009858602528453055, 0.9988199708656507]",3,6d656574fc66af16d0c6ecc98f5b6d3e7743b0d26f96e13f644ea948342b1457,155bccdf2e3ebc020a643d7504a51c35fe275dfa1c35c850d1075752aef0b14a,ab2ed73f0417e1024e9a501d934a67c593628934fc55681d286bbce560fe0c17,,,,,,,,,,,,,,,,,,,,,,,,,,True,912101,4,4,True,True,0.4150082677602946,0.9617518244066386,1.8487823886342636,0.8958333333333334,0.953125,0.46500036434674047,1.0,1.1719724641201346,0.4921859270717725,1.1527945033178955,,self-report; not geometry-derived layer count or success,1.1700831337203894,0.06652004839816136,0.2214069671416118,0.24411226972891265,3.9027680773607094,0.09723192263929059,0.9756920193401774,3.7139636796625557,0.2860363203374443,"GT source-group affine fits evaluated at x=y=0; may extrapolate, not physical layer count"
dual_g8_s912101_b0,synthetic,dual_g8_s912101_b0,public_full,1.0,difference,768,8,/srv/slam-research/grf/map-denoise/runs/multiscan-pilot-v1/exploration-v5-development-vdbkdouk/inputs/dual_g8_s912101_b0.npz,d343a2c331f5326c1f29640fbba9c7e776b446270389b08f5aa11ae140feabc2,/srv/slam-research/grf/map-denoise/runs/multiscan-pilot-v1/direction-v6-edpxxdsb/synthetic/evaluation/dual_g8_s912101_b0.npz,,/srv/slam-research/grf/map-denoise/runs/multiscan-pilot-v1/direction-v6-edpxxdsb/outputs/synthetic__dual_g8_s912101_b0__difference.npz,41fd5775615b07daf493dfaa5b59a20ae4aca2095df4476a8b94d9d585cec22d,0.1807083969906671,0.9856770833333334,50662d2c455dfb6a8e73960e4f60cb6baae0b2174b642b25339df87061ca25bf,0.9856770833333334,0.9928337004390154,"[-0.0027813024919520067, 0.0015597660703288718, 0.9999949157302022]",3,8384abb31648f8172d87ae5a71fc281c6ebd356c9b4b6b0f84bf1670ffe05230,e96529a75da3f5f69ff961abbf1edb13b17e94fa03f010b87287e4bcdf239502,2e1cbddb04d8ce665e51296bc6b404f7a80a5085b252c88e71e2211846c9cf26,,,,,,,,,,,,,,,,,,,,,,,,,,True,912101,8,0,True,True,0.29090599262538847,0.5131480205240251,1.0525334867942522,0.9453125,0.9895833333333334,0.28335432844376957,1.0,0.5131577869061842,0.2909059926253885,0.5113753692090514,,self-report; not geometry-derived layer count or success,0.5113857422739833,0.04260911711523549,0.2041148920897945,0.2264983898791604,8.001600434273609,0.0016004342736088972,1.0002000542842011,7.886106196391211,0.11389380360878931,"GT source-group affine fits evaluated at x=y=0; may extrapolate, not physical layer count"
dual_g8_s912101_b0,synthetic,dual_g8_s912101_b0,public_full,1.0,pooled_pca,768,8,/srv/slam-research/grf/map-denoise/runs/multiscan-pilot-v1/exploration-v5-development-vdbkdouk/inputs/dual_g8_s912101_b0.npz,d343a2c331f5326c1f29640fbba9c7e776b446270389b08f5aa11ae140feabc2,/srv/slam-research/grf/map-denoise/runs/multiscan-pilot-v1/direction-v6-edpxxdsb/synthetic/evaluation/dual_g8_s912101_b0.npz,,/srv/slam-research/grf/map-denoise/runs/multiscan-pilot-v1/direction-v6-edpxxdsb/outputs/synthetic__dual_g8_s912101_b0__pooled_pca.npz,59c0020da00d9cb64f1250a6ad94bf63ce46c0c8daee290cfbf3396d7efc4433,0.21458531900134403,0.984375,59cc5380be74ff6f5f934ac87469a46fbc0c5facc898c90fad22bcf1f9bf7e03,0.984375,0.9937154617275992,"[-0.09389737608039438, 0.009214391515116823, 0.9955392396858213]",3,bee1e9822fdad3af50b2f20c7cc5b12c06483e8e09eba4c2aca2f038ee6f9e59,5d142a950ec3e70169a2e0b96561fc146495c2b058e8f78460696f835baeb6a3,63640e86218f949f3e5659ca08471ffdc628db5b0f3baf85c5d8411360d9b8f6,,,,,,,,,,,,,,,,,,,,,,,,,,True,912101,8,0,True,True,0.287205534674524,0.5063184772662496,1.0925065501048583,0.94140625,0.9908854166666666,0.30771914273185813,1.0,0.5149215857077467,0.287194065523471,0.5036507825913186,,self-report; not geometry-derived layer count or success,0.5123272603302058,0.051623809916799906,0.2005426806507935,0.21427895597019672,8.010619723256303,0.010619723256303004,1.0013274654070379,7.8763870697376035,0.1236129302623965,"GT source-group affine fits evaluated at x=y=0; may extrapolate, not physical layer count"
dual_g8_s912101_b4,synthetic,dual_g8_s912101_b4,public_full,1.0,difference,768,8,/srv/slam-research/grf/map-denoise/runs/multiscan-pilot-v1/exploration-v5-development-vdbkdouk/inputs/dual_g8_s912101_b4.npz,2e80f57a92191fe439b0065acf15d4fc1a86efac10d04704fc559240b743bb1a,/srv/slam-research/grf/map-denoise/runs/multiscan-pilot-v1/direction-v6-edpxxdsb/synthetic/evaluation/dual_g8_s912101_b4.npz,,/srv/slam-research/grf/map-denoise/runs/multiscan-pilot-v1/direction-v6-edpxxdsb/outputs/synthetic__dual_g8_s912101_b4__difference.npz,5aa5c6845543e20a9e25b4d98ec9bbb6e89c00f250d8a42e1c8b4139dc173e72,0.21256987800006755,0.9856770833333334,50662d2c455dfb6a8e73960e4f60cb6baae0b2174b642b25339df87061ca25bf,0.9856770833333334,4.137616576678886,"[-0.002781302491952002, 0.0015597660703288718, 0.9999949157302022]",3,f786a594a06ffdc9669515d8f888408a9491b4584ea4aed4f5d80c9f5b51ece7,e96529a75da3f5f69ff961abbf1edb13b17e94fa03f010b87287e4bcdf239502,d69a976f1ddf645e53377848d258f7dd2215443ef6ce2863eebe7711996c7400,,,,,,,,,,,,,,,,,,,,,,,,,,True,912101,8,4,True,True,0.3256604219825829,0.6746210520922853,1.1734483062913743,0.9361979166666666,0.9817708333333334,0.30294243059760756,1.0,0.7691167618436706,0.34269203534456,0.7682051685781492,,self-report; not geometry-derived layer count or success,0.76833525977923,0.034662976341867255,0.23488639758351906,0.27418459951601076,7.98937796824271,0.010622031757289818,0.9986722460303388,7.851611810789621,0.14838818921037866,"GT source-group affine fits evaluated at x=y=0; may extrapolate, not physical layer count"
dual_g8_s912101_b4,synthetic,dual_g8_s912101_b4,public_full,1.0,pooled_pca,768,8,/srv/slam-research/grf/map-denoise/runs/multiscan-pilot-v1/exploration-v5-development-vdbkdouk/inputs/dual_g8_s912101_b4.npz,2e80f57a92191fe439b0065acf15d4fc1a86efac10d04704fc559240b743bb1a,/srv/slam-research/grf/map-denoise/runs/multiscan-pilot-v1/direction-v6-edpxxdsb/synthetic/evaluation/dual_g8_s912101_b4.npz,,/srv/slam-research/grf/map-denoise/runs/multiscan-pilot-v1/direction-v6-edpxxdsb/outputs/synthetic__dual_g8_s912101_b4__pooled_pca.npz,7355e8846aa8c70ba49f484ebb9e27b4725dd1cbb575962d60a440f533e99bdb,0.20619615098985378,0.9817708333333334,b274f6602b633ccb2aa2a8234909a7e9defb6a54c3253658e968a872e48c0ac7,0.9817708333333334,4.134774510052994,"[-0.09517560671166539, 0.008285018141875322, 0.9954260205366621]",3,5f29563a19aad8914d8c01d1414021fb308a1f005811a44007ea50ed2af8cacf,5d142a950ec3e70169a2e0b96561fc146495c2b058e8f78460696f835baeb6a3,389b0fb7d6f3cdd8689770b705220a4ad62d71a3b84abf64beefc671d4dbad15,,,,,,,,,,,,,,,,,,,,,,,,,,True,912101,8,4,True,True,0.3400959349474693,0.700008580037669,1.2300641195535122,0.9166666666666666,0.9791666666666666,0.5356817296498065,1.0,0.8842563098181143,0.3566124936745871,0.7892651652999537,,self-report; not geometry-derived layer count or success,0.8826290692811545,0.05362040202229096,0.20428603141483037,0.22020269512040336,8.0157333968881,0.01573339688810016,1.0019666746110125,7.870541243980481,0.12945875601951862,"GT source-group affine fits evaluated at x=y=0; may extrapolate, not physical layer count"
ghost_s912113_b0,synthetic,ghost_s912113_b0,public_full,1.0,difference,768,8,/srv/slam-research/grf/map-denoise/runs/multiscan-pilot-v1/exploration-v5-development-vdbkdouk/inputs/ghost_s912113_b0.npz,8de0f0735d552a1509e2cef3391d732bcad5d987a798f8da083e14453f25a4b9,/srv/slam-research/grf/map-denoise/runs/multiscan-pilot-v1/direction-v6-edpxxdsb/synthetic/evaluation/ghost_s912113_b0.npz,,/srv/slam-research/grf/map-denoise/runs/multiscan-pilot-v1/direction-v6-edpxxdsb/outputs/synthetic__ghost_s912113_b0__difference.npz,ed4cc233bc01c3f1d7c6024b6974a1656f3dcf64356be9842b342f4e49c650aa,0.15075471300224308,1.0,7bf89132f5cf5a97ca6e6ad60b0335099920f53674ea2c0f3e11a4e58b883d58,1.0,1.0218815719154501,"[0.0023666763260161605, -0.0014363104461096454, 0.9999961679203927]",3,cb10481bb40429261c950dc2a0fffa96c200e9aa1804f4d1546170268adde273,cd400f42ae7e650417a8340aee3523ed722df41002d62c74d05a0e9d481736f5,5cf73fadce4200a53a4f80af07f9acb5960d9086cf00fdefc4f33b42d7e9d445,,,,,,,,,,,,,,,,,,,,,,,,,,True,912113,0,0,True,True,0.09832035359670166,0.12578773713275315,0.25806855023533065,1.0,1.0,0.09843261774071338,1.0,0.12581954551731847,0.09832035359670166,0.12491729619180296,,self-report; not geometry-derived layer count or success,0.12494932616495036,0.014772404174995608,0.08881459947806365,0.08881459947806365,,,,,,
ghost_s912113_b0,synthetic,ghost_s912113_b0,public_full,1.0,pooled_pca,768,8,/srv/slam-research/grf/map-denoise/runs/multiscan-pilot-v1/exploration-v5-development-vdbkdouk/inputs/ghost_s912113_b0.npz,8de0f0735d552a1509e2cef3391d732bcad5d987a798f8da083e14453f25a4b9,/srv/slam-research/grf/map-denoise/runs/multiscan-pilot-v1/direction-v6-edpxxdsb/synthetic/evaluation/ghost_s912113_b0.npz,,/srv/slam-research/grf/map-denoise/runs/multiscan-pilot-v1/direction-v6-edpxxdsb/outputs/synthetic__ghost_s912113_b0__pooled_pca.npz,30406ef7a4590923cdc4a8db591dd224eb8171ad32adee48954930baef80605f,0.14050775799842086,1.0,7bf89132f5cf5a97ca6e6ad60b0335099920f53674ea2c0f3e11a4e58b883d58,1.0,1.021885326656227,"[0.0013290037923285967, -0.0008751623957262214, 0.9999987339190491]",3,bd39832accf32a47ef44e6a2cdcccd05606c44114fbb6640d7d0de52a1012006,dc3643f22231a2dccc57fa499f740321dc744a3615af76290116aeed92f2054b,33e4abbfe511bcb3df7e8e0c2c119ffcce64f9a7e4675e2778ce6b731fe57d61,,,,,,,,,,,,,,,,,,,,,,,,,,True,912113,0,0,True,True,0.09827892628790184,0.1257336059107956,0.25798297930250325,1.0,1.0,0.09831955568476192,1.0,0.12574412058924783,0.09827892628790184,0.12486281751882562,,self-report; not geometry-derived layer count or success,0.12487340552003508,0.014772151386719888,0.08874534030311043,0.08874534030311043,,,,,,
ghost_s912113_b4,synthetic,ghost_s912113_b4,public_full,1.0,difference,768,8,/srv/slam-research/grf/map-denoise/runs/multiscan-pilot-v1/exploration-v5-development-vdbkdouk/inputs/ghost_s912113_b4.npz,d27391b1a9d2b1f64d379a41a894edd67e41e6d5684d99e6cd703da2bbc14e94,/srv/slam-research/grf/map-denoise/runs/multiscan-pilot-v1/direction-v6-edpxxdsb/synthetic/evaluation/ghost_s912113_b4.npz,,/srv/slam-research/grf/map-denoise/runs/multiscan-pilot-v1/direction-v6-edpxxdsb/outputs/synthetic__ghost_s912113_b4__difference.npz,6a0b0cd5526e73458e4c39e541ea33f0aef2e50221c93dfe3c43f7074e8e41b4,0.19686689299123827,1.0,7bf89132f5cf5a97ca6e6ad60b0335099920f53674ea2c0f3e11a4e58b883d58,1.0,4.131314188411214,"[0.0023666763260161575, -0.0014363104461094789, 0.9999961679203926]",3,d68f6fc6d4b6a98474cf985a120219e894e0e833a3ec27070d7ffd1f2cfdf51f,cd400f42ae7e650417a8340aee3523ed722df41002d62c74d05a0e9d481736f5,fd2a5fdf2d7f6ee5cfe9abe0f0b03577113e6ef1a8aae3a30417223949a959f1,,,,,,,,,,,,,,,,,,,,,,,,,,True,912113,0,4,True,True,0.09831050655125743,0.12577524061420978,0.25805941555854583,1.0,1.0,0.09968966100979278,1.0,0.1262941839809788,0.09831050655125743,0.12490470994168007,,self-report; not geometry-derived layer count or success,0.12542725509821515,0.014772426542331752,0.08880870112982268,0.08880870112982268,,,,,,
ghost_s912113_b4,synthetic,ghost_s912113_b4,public_full,1.0,pooled_pca,768,8,/srv/slam-research/grf/map-denoise/runs/multiscan-pilot-v1/exploration-v5-development-vdbkdouk/inputs/ghost_s912113_b4.npz,d27391b1a9d2b1f64d379a41a894edd67e41e6d5684d99e6cd703da2bbc14e94,/srv/slam-research/grf/map-denoise/runs/multiscan-pilot-v1/direction-v6-edpxxdsb/synthetic/evaluation/ghost_s912113_b4.npz,,/srv/slam-research/grf/map-denoise/runs/multiscan-pilot-v1/direction-v6-edpxxdsb/outputs/synthetic__ghost_s912113_b4__pooled_pca.npz,dc311382239961197464876506635fa5bd853cd6dffa04e129604ae540ae741a,0.18417933299497236,1.0,7bf89132f5cf5a97ca6e6ad60b0335099920f53674ea2c0f3e11a4e58b883d58,1.0,4.1313290568592835,"[0.0009887759094853578, 0.000680771175771866, 0.999999279436144]",3,a9d065f338af0015f0c73cb67084ffdd1c4547b422f133c76b21339eba578732,dc3643f22231a2dccc57fa499f740321dc744a3615af76290116aeed92f2054b,3626cf73a7e08972a0a1b33e32ff321ea5c5f89e35861cd0da2bc8d983ba236e,,,,,,,,,,,,,,,,,,,,,,,,,,True,912113,0,4,True,True,0.09826199837337601,0.12571017409166038,0.2579397953389336,1.0,1.0,0.0985858058559413,1.0,0.12580796817303214,0.09826199837337601,0.12483908753436747,,self-report; not geometry-derived layer count or success,0.12493756345504844,0.014773289875393593,0.08865074886400355,0.08865074886400355,,,,,,
dual_g2_s912113_b0,synthetic,dual_g2_s912113_b0,public_full,1.0,difference,768,8,/srv/slam-research/grf/map-denoise/runs/multiscan-pilot-v1/exploration-v5-development-vdbkdouk/inputs/dual_g2_s912113_b0.npz,db752c281e22125b2cb8019c861a6f1c0eaeb1220ada9dbc6d224b042c435474,/srv/slam-research/grf/map-denoise/runs/multiscan-pilot-v1/direction-v6-edpxxdsb/synthetic/evaluation/dual_g2_s912113_b0.npz,,/srv/slam-research/grf/map-denoise/runs/multiscan-pilot-v1/direction-v6-edpxxdsb/outputs/synthetic__dual_g2_s912113_b0__difference.npz,1ac843331eee75e1722640cfbbeb2d15541739b7af1edfe0db676523b89aac6f,0.14690667299146298,1.0,7bf89132f5cf5a97ca6e6ad60b0335099920f53674ea2c0f3e11a4e58b883d58,1.0,1.0757681894179354,"[-0.013030779776765585, -0.003160962990075622, 0.9999100995046428]",3,43870b8d2f193c23a05955cd4760164ce636d0d60783180bdab17310e0e6afcc,63594167a3f0b1aaeab0df5af7a798c75c6eb239ac67ecfa45091908fbeaf62e,557e08fd0be79377ed8494078740f0a5bde55aa7777598482160d1e876e4c56a,,,,,,,,,,,,,,,,,,,,,,,,,,True,912113,2,0,True,True,0.24523086062903263,0.3580292615587725,0.8623715264821799,0.9895833333333334,1.0,0.24760980370617366,1.0,0.3610879691221225,0.2462266101685481,0.3328679682158409,,self-report; not geometry-derived layer count or success,0.3607885919803023,0.014700793910869349,0.7390566903162719,0.9239563744091213,1.7136850816423805,0.28631491835761946,0.8568425408211903,0.8895634496178698,1.11043655038213,"GT source-group affine fits evaluated at x=y=0; may extrapolate, not physical layer count"
dual_g2_s912113_b0,synthetic,dual_g2_s912113_b0,public_full,1.0,pooled_pca,768,8,/srv/slam-research/grf/map-denoise/runs/multiscan-pilot-v1/exploration-v5-development-vdbkdouk/inputs/dual_g2_s912113_b0.npz,db752c281e22125b2cb8019c861a6f1c0eaeb1220ada9dbc6d224b042c435474,/srv/slam-research/grf/map-denoise/runs/multiscan-pilot-v1/direction-v6-edpxxdsb/synthetic/evaluation/dual_g2_s912113_b0.npz,,/srv/slam-research/grf/map-denoise/runs/multiscan-pilot-v1/direction-v6-edpxxdsb/outputs/synthetic__dual_g2_s912113_b0__pooled_pca.npz,dd4dd002cc81061286e6d5e1f9891d33a897b4d4c1c2cdb07cdaf4ac925c82b4,0.13600258500082418,1.0,7bf89132f5cf5a97ca6e6ad60b0335099920f53674ea2c0f3e11a4e58b883d58,1.0,1.0757758173532987,"[-0.023781228967973304, -0.0034512912189704763, 0.9997112291745526]",3,a65e4a1d169b3336abb2512b7e7f92eb1e470f86b97db75d21ee794b51518a00,32940a7085e3c48fa51c932bd8ee7f20544b59df4db04cb518225d3467caf593,46a91831d1b5b3096406d4708e30ec9063ba390e8d9290a306bc819fd5258aed,,,,,,,,,,,,,,,,,,,,,,,,,,True,912113,2,0,True,True,0.24532557849927591,0.3578856175252485,0.8619686841320047,0.98828125,1.0,0.24997656726882825,1.0,0.361645699054016,0.24634418232742217,0.33288732016716843,,self-report; not geometry-derived layer count or success,0.36134673904261655,0.014701898773120333,0.7397993410131044,0.9245491088797451,1.714208931395353,0.285791068604647,0.8571044656976765,0.8893315578423994,1.1106684421576007,"GT source-group affine fits evaluated at x=y=0; may extrapolate, not physical layer count"
dual_g2_s912113_b4,synthetic,dual_g2_s912113_b4,public_full,1.0,difference,768,8,/srv/slam-research/grf/map-denoise/runs/multiscan-pilot-v1/exploration-v5-development-vdbkdouk/inputs/dual_g2_s912113_b4.npz,190e88640c032a82e4f57577be9d602af66cfad75c37ec50bc13d09e19192f14,/srv/slam-research/grf/map-denoise/runs/multiscan-pilot-v1/direction-v6-edpxxdsb/synthetic/evaluation/dual_g2_s912113_b4.npz,,/srv/slam-research/grf/map-denoise/runs/multiscan-pilot-v1/direction-v6-edpxxdsb/outputs/synthetic__dual_g2_s912113_b4__difference.npz,95bbe91f7abfc7399f60a0aae16503f2074cc341079e80005e975c9c5323e173,0.19765894899319392,1.0,7bf89132f5cf5a97ca6e6ad60b0335099920f53674ea2c0f3e11a4e58b883d58,1.0,4.144707068080327,"[-0.013030779776765583, -0.0031609629900754, 0.9999100995046426]",3,e129df757c66f7bb6ef855c9beb20f5e6bd64c668eaf03d141369c03f28a27b5,63594167a3f0b1aaeab0df5af7a798c75c6eb239ac67ecfa45091908fbeaf62e,2ba8a62f95d59cc4513a7df9b3e10b16bbe7050fe6e1a77a4b484f0042bccf88,,,,,,,,,,,,,,,,,,,,,,,,,,True,912113,2,4,True,True,0.24464955408748587,0.3593384230204814,0.8778961309804958,0.9908854166666666,1.0,0.2582486830770773,1.0,0.36463994131299204,0.245024351426904,0.33248531305586476,,self-report; not geometry-derived layer count or success,0.3643442028516533,0.014682937346987137,0.7381801544721162,0.929689245113899,1.7140411836439333,0.2859588163560667,0.8570205918219667,0.8884335845157778,1.1115664154842222,"GT source-group affine fits evaluated at x=y=0; may extrapolate, not physical layer count"
dual_g2_s912113_b4,synthetic,dual_g2_s912113_b4,public_full,1.0,pooled_pca,768,8,/srv/slam-research/grf/map-denoise/runs/multiscan-pilot-v1/exploration-v5-development-vdbkdouk/inputs/dual_g2_s912113_b4.npz,190e88640c032a82e4f57577be9d602af66cfad75c37ec50bc13d09e19192f14,/srv/slam-research/grf/map-denoise/runs/multiscan-pilot-v1/direction-v6-edpxxdsb/synthetic/evaluation/dual_g2_s912113_b4.npz,,/srv/slam-research/grf/map-denoise/runs/multiscan-pilot-v1/direction-v6-edpxxdsb/outputs/synthetic__dual_g2_s912113_b4__pooled_pca.npz,81d54391a30f29ca8000249bb3960eddfca663725fbe7e2f9947aa8d364fc693,0.2005930180021096,1.0,7bf89132f5cf5a97ca6e6ad60b0335099920f53674ea2c0f3e11a4e58b883d58,1.0,4.144865196915689,"[-0.020730392976241664, -0.006336805736938289, 0.9997650202423083]",3,740c966534223f74bd9054a3e5835d1ce068631c0a3588f563750f554c114bf1,32940a7085e3c48fa51c932bd8ee7f20544b59df4db04cb518225d3467caf593,1c44d1e377f176e7ac5730d403bdba0ea3eca87931cbf0e59d247273f66ca257,,,,,,,,,,,,,,,,,,,,,,,,,,True,912113,2,4,True,True,0.24405488857074586,0.3588555293290887,0.8841468282251214,0.9947916666666666,1.0,0.2717619085213932,1.0,0.37054179811430543,0.24428039897742307,0.33182141359359224,,self-report; not geometry-derived layer count or success,0.3702507180639745,0.014684342780455922,0.7358991504640127,0.9284826529583496,1.7155744196138083,0.2844255803861917,0.8577872098069041,0.8921719510946986,1.1078280489053014,"GT source-group affine fits evaluated at x=y=0; may extrapolate, not physical layer count"
dual_g4_s912113_b0,synthetic,dual_g4_s912113_b0,public_full,1.0,difference,768,8,/srv/slam-research/grf/map-denoise/runs/multiscan-pilot-v1/exploration-v5-development-vdbkdouk/inputs/dual_g4_s912113_b0.npz,2ea7b192cb1d989fdae8af4773ce4a91700d27613f14ae1ffdc8184cdc8322d2,/srv/slam-research/grf/map-denoise/runs/multiscan-pilot-v1/direction-v6-edpxxdsb/synthetic/evaluation/dual_g4_s912113_b0.npz,,/srv/slam-research/grf/map-denoise/runs/multiscan-pilot-v1/direction-v6-edpxxdsb/outputs/synthetic__dual_g4_s912113_b0__difference.npz,0a0fecddad50c78cf06cf7ca7080be3eec9d2891cd2904b74f04d88231cbf905,0.24315847500110976,0.9088541666666666,8d6c302ac69d4e7713fc4f2b7fdd36a6774918eb1d3121be4b5c2ff9c25a3276,0.9088541666666666,0.9350028351125517,"[-0.01049072215199618, 0.0016137268544349492, 0.9999436687305783]",3,95ae425af35544105a6de66cd799f8e1df3b05c4fa8591ae8de78179220fc248,8bf6c9139d385c386910e8972a3415e31f6946b7b27bc2dedd420a1728d3240c,0b601035cabc08898a356ba6ad0a5bb998274eeb15bc3196ca7516db194609a8,,,,,,,,,,,,,,,,,,,,,,,,,,True,912113,4,0,True,True,0.24306332323281166,0.4348030247887259,1.0648576477975322,0.9557291666666666,0.9973958333333334,0.2358503037430613,1.0,0.4589262974578163,0.2484286146744398,0.4561632971608327,,self-report; not geometry-derived layer count or success,0.4587187427949464,0.013800779215822494,0.5451403992145626,0.7016872675081528,3.9030630474238386,0.09693695257616142,0.9757657618559596,3.293263494727156,0.7067365052728438,"GT source-group affine fits evaluated at x=y=0; may extrapolate, not physical layer count"
dual_g4_s912113_b0,synthetic,dual_g4_s912113_b0,public_full,1.0,pooled_pca,768,8,/srv/slam-research/grf/map-denoise/runs/multiscan-pilot-v1/exploration-v5-development-vdbkdouk/inputs/dual_g4_s912113_b0.npz,2ea7b192cb1d989fdae8af4773ce4a91700d27613f14ae1ffdc8184cdc8322d2,/srv/slam-research/grf/map-denoise/runs/multiscan-pilot-v1/direction-v6-edpxxdsb/synthetic/evaluation/dual_g4_s912113_b0.npz,,/srv/slam-research/grf/map-denoise/runs/multiscan-pilot-v1/direction-v6-edpxxdsb/outputs/synthetic__dual_g4_s912113_b0__pooled_pca.npz,097ee5346ef7b51f41905d62cbe1cd101af1fafde41ea8a6d026833ab2445241,0.18435348999628332,0.9088541666666666,e66bfdcb9f55338efd396e47c1a224ee57239e60e1f0bb6c74b40f1b7efe57d9,0.9088541666666666,0.9354497873779196,"[-0.048241312508716216, 0.0017744229778419174, 0.9988341339734702]",3,16396668579fca8c6b7d6ac7e30adcef4d9d0323a1c7265f7f70dfcca3f457f0,c1ee84ee04d150415db7e2281dd54a4a774b661bfe9f24217d0356d53c9f3c11,d85cb36b6c82c9891f6b5b442210b3222d5a02c4889f48198d3dab4c2e785e9c,,,,,,,,,,,,,,,,,,,,,,,,,,True,912113,4,0,True,True,0.2501056761982101,0.44492055052018636,1.0875522725492488,0.9505208333333334,0.9973958333333334,0.25260283815447454,1.0,0.4677589827418307,0.25480117329346275,0.46335248802317625,,self-report; not geometry-derived layer count or success,0.4677148071426364,0.006428461339911463,0.5560077405077571,0.7350539701349152,3.9078768929663648,0.09212310703363524,0.9769692232415912,3.280064087146986,0.7199359128530141,"GT source-group affine fits evaluated at x=y=0; may extrapolate, not physical layer count"
dual_g4_s912113_b4,synthetic,dual_g4_s912113_b4,public_full,1.0,difference,768,8,/srv/slam-research/grf/map-denoise/runs/multiscan-pilot-v1/exploration-v5-development-vdbkdouk/inputs/dual_g4_s912113_b4.npz,00edb3f87406cd76c7a0bc8afd5e6a329fb169d374ce4f39bae3a9f6e2c35a49,/srv/slam-research/grf/map-denoise/runs/multiscan-pilot-v1/direction-v6-edpxxdsb/synthetic/evaluation/dual_g4_s912113_b4.npz,,/srv/slam-research/grf/map-denoise/runs/multiscan-pilot-v1/direction-v6-edpxxdsb/outputs/synthetic__dual_g4_s912113_b4__difference.npz,719792ad3bf85b4629063e86b2d2f15c7d02cf8285ecd6b890402920fb967596,0.24408850200416055,0.9114583333333334,a65a071b340438501cc94fe7775f445bcd770a233ca29e2122030e6bfff92fd7,0.9114583333333334,3.8643234263673745,"[-0.010490722151996153, 0.0016137268544346162, 0.9999436687305785]",3,5ed41cd1b31f4ba0ebdafc09f3a8b1d878f47f442624280af6e24256d530c505,8bf6c9139d385c386910e8972a3415e31f6946b7b27bc2dedd420a1728d3240c,189ac93c9e1f4260474f34f40516ec092d2e947307d9c77cebb081b4444b3c54,,,,,,,,,,,,,,,,,,,,,,,,,,True,912113,4,4,True,True,0.42121745670738253,1.0718944794832697,1.7120979102218652,0.9049479166666666,0.9609375,0.346281996769777,1.0,1.425106173845477,0.5321102233680514,1.4232243364879489,,self-report; not geometry-derived layer count or success,1.424899185345325,0.024288234491721176,0.584880407665015,0.7476151716354591,3.8861724816284964,0.11382751837150362,0.9715431204071241,3.2412426025917656,0.7587573974082344,"GT source-group affine fits evaluated at x=y=0; may extrapolate, not physical layer count"
dual_g4_s912113_b4,synthetic,dual_g4_s912113_b4,public_full,1.0,pooled_pca,768,8,/srv/slam-research/grf/map-denoise/runs/multiscan-pilot-v1/exploration-v5-development-vdbkdouk/inputs/dual_g4_s912113_b4.npz,00edb3f87406cd76c7a0bc8afd5e6a329fb169d374ce4f39bae3a9f6e2c35a49,/srv/slam-research/grf/map-denoise/runs/multiscan-pilot-v1/direction-v6-edpxxdsb/synthetic/evaluation/dual_g4_s912113_b4.npz,,/srv/slam-research/grf/map-denoise/runs/multiscan-pilot-v1/direction-v6-edpxxdsb/outputs/synthetic__dual_g4_s912113_b4__pooled_pca.npz,582e7f8d89cd9504bc0cfdb5fc16bae79081071ebcc5b7312e829102b4501799,0.2315459460078273,0.9049479166666666,7d327f64f13556b0de52744aa0a8e74bb4fe02a1a2e88ec2e7530971d30bb213,0.9049479166666666,3.8529290317072507,"[-0.04710497716302368, 0.014593280644132236, 0.9987833385106665]",3,8818a18a1329eec44fee705ed18bd031648f46015322e2ed49ca375577b404b0,c1ee84ee04d150415db7e2281dd54a4a774b661bfe9f24217d0356d53c9f3c11,cd7c3553fe3a6911b7aaee90c8cfc51ea44a3636594bee189099400953aee5c6,,,,,,,,,,,,,,,,,,,,,,,,,,True,912113,4,4,True,True,0.4337853967632456,1.0980214427515116,1.7817949737930947,0.90234375,0.9635416666666666,0.42036520720124565,1.0,1.4747046459373756,0.5509366519486495,1.4611420849837058,,self-report; not geometry-derived layer count or success,1.4742669964736101,0.03592514242088163,0.5109303338731389,0.5799788920697447,3.89908075372647,0.10091924627353022,0.9747701884316174,3.358427100192811,0.6415728998071888,"GT source-group affine fits evaluated at x=y=0; may extrapolate, not physical layer count"
dual_g8_s912113_b0,synthetic,dual_g8_s912113_b0,public_full,1.0,difference,768,8,/srv/slam-research/grf/map-denoise/runs/multiscan-pilot-v1/exploration-v5-development-vdbkdouk/inputs/dual_g8_s912113_b0.npz,8aae7795fce5fbdf9b4c6839842f1e59a8123525b34dae914832e0a9b3de3a95,/srv/slam-research/grf/map-denoise/runs/multiscan-pilot-v1/direction-v6-edpxxdsb/synthetic/evaluation/dual_g8_s912113_b0.npz,,/srv/slam-research/grf/map-denoise/runs/multiscan-pilot-v1/direction-v6-edpxxdsb/outputs/synthetic__dual_g8_s912113_b0__difference.npz,c24d6adf936f1daf89eae9dbcdd36a98821ffa47fb854e4dba021e73ffabc811,0.21202029898995534,0.9778645833333334,1d28aec798dfeccdf9d9cf08e96c7cfa0e12695b3c9e94396c73401f45d80b26,0.9778645833333334,1.016302248324212,"[-0.005182507546908084, 0.0036161927862089494, 0.9999800321832729]",3,7e3d68224b53b60843b50bcd5c2b4f76b9361c9999941dcd757292577fc33497,5d142a950ec3e70169a2e0b96561fc146495c2b058e8f78460696f835baeb6a3,b1257ef7110457b71640d02b43e541da7f66d83ef849ba3983f8b8b8f4ac4338,,,,,,,,,,,,,,,,,,,,,,,,,,True,912113,8,0,True,True,0.2535784937013961,0.48859567447213903,0.9137001262453571,0.9674479166666666,0.9947916666666666,0.23415575244231737,1.0,0.5061574049775301,0.25575703589944804,0.5022427545631164,,self-report; not geometry-derived layer count or success,0.5061255413429347,0.005679349778690889,0.3757189573748441,0.5063193230557567,7.869528232073974,0.13047176792602588,0.9836910290092468,7.442037995509509,0.5579620044904914,"GT source-group affine fits evaluated at x=y=0; may extrapolate, not physical layer count"
dual_g8_s912113_b0,synthetic,dual_g8_s912113_b0,public_full,1.0,pooled_pca,768,8,/srv/slam-research/grf/map-denoise/runs/multiscan-pilot-v1/exploration-v5-development-vdbkdouk/inputs/dual_g8_s912113_b0.npz,8aae7795fce5fbdf9b4c6839842f1e59a8123525b34dae914832e0a9b3de3a95,/srv/slam-research/grf/map-denoise/runs/multiscan-pilot-v1/direction-v6-edpxxdsb/synthetic/evaluation/dual_g8_s912113_b0.npz,,/srv/slam-research/grf/map-denoise/runs/multiscan-pilot-v1/direction-v6-edpxxdsb/outputs/synthetic__dual_g8_s912113_b0__pooled_pca.npz,7294071d940fe75c378fa61d7b8ad1be3b120988c36e41ad44232d42d545c27a,0.20168076299887616,0.9765625,9ec61aa1817136a64b77efbae2052d2d0d2ecc022fc1556568c1fba9f0ca8283,0.9765625,1.010922340341668,"[-0.09131003918085281, -0.00010477610153036829, 0.9958225071601665]",3,cfedabed6a6fe8983198e1ea38ba14409ebcedbca475f4cc80a8401b0664b2bd,e96529a75da3f5f69ff961abbf1edb13b17e94fa03f010b87287e4bcdf239502,91e2c46bc3f3151dfb72d56bc404742f00ad3461fd0450d9896d680f58c28673,,,,,,,,,,,,,,,,,,,,,,,,,,True,912113,8,0,True,True,0.27402933929985446,0.5234920739871368,1.181820656712515,0.9466145833333334,0.9934895833333334,0.286798084430171,1.0,0.5470321663552676,0.2761142867806779,0.5344141212583646,,self-report; not geometry-derived layer count or success,0.5468047995287358,0.01577029611884968,0.4063821865266877,0.5269436101292087,7.853619310425539,0.14638068957446126,0.9817024138031923,7.395179434341585,0.6048205656584154,"GT source-group affine fits evaluated at x=y=0; may extrapolate, not physical layer count"
dual_g8_s912113_b4,synthetic,dual_g8_s912113_b4,public_full,1.0,difference,768,8,/srv/slam-research/grf/map-denoise/runs/multiscan-pilot-v1/exploration-v5-development-vdbkdouk/inputs/dual_g8_s912113_b4.npz,c70f13b392cb68bf51bd7956503de782314e001faa8ffbf7c41c187cd472f8b3,/srv/slam-research/grf/map-denoise/runs/multiscan-pilot-v1/direction-v6-edpxxdsb/synthetic/evaluation/dual_g8_s912113_b4.npz,,/srv/slam-research/grf/map-denoise/runs/multiscan-pilot-v1/direction-v6-edpxxdsb/outputs/synthetic__dual_g8_s912113_b4__difference.npz,49f814c9c903db617ecc47ce62f69a01d9159c287457d55d5fdd4c19e5ab07a5,0.2156916399981128,0.9713541666666666,2088e5f6dcbe5de68d123872e3741a5671b85a7788895ca4ffea7f18e9ea2a5d,0.9713541666666666,4.01533977360614,"[-0.005182507546908084, 0.0036161927862085053, 0.999980032183273]",3,0fc24e8845c81976a8e4a47c2a8289e1716eee63ad7f262f3357dfdc3504a77f,5d142a950ec3e70169a2e0b96561fc146495c2b058e8f78460696f835baeb6a3,1e1387dff9eb7cb5606580ff8f03f97cedc29933d1c7fb834e2cfaa3e072fe59,,,,,,,,,,,,,,,,,,,,,,,,,,True,912113,8,4,True,True,0.299610991795134,0.74145973821609,0.9444124958136697,0.9583333333333334,0.9895833333333334,0.24813442469751587,1.0,0.8756998620060058,0.3266664706687875,0.8741249573761025,,self-report; not geometry-derived layer count or success,0.8750317425670467,0.034200845273405216,0.2467709691360688,0.48928781685106093,7.9356517724672955,0.06434822753270453,0.9919564715584119,7.573732018712581,0.4262679812874186,"GT source-group affine fits evaluated at x=y=0; may extrapolate, not physical layer count"
dual_g8_s912113_b4,synthetic,dual_g8_s912113_b4,public_full,1.0,pooled_pca,768,8,/srv/slam-research/grf/map-denoise/runs/multiscan-pilot-v1/exploration-v5-development-vdbkdouk/inputs/dual_g8_s912113_b4.npz,c70f13b392cb68bf51bd7956503de782314e001faa8ffbf7c41c187cd472f8b3,/srv/slam-research/grf/map-denoise/runs/multiscan-pilot-v1/direction-v6-edpxxdsb/synthetic/evaluation/dual_g8_s912113_b4.npz,,/srv/slam-research/grf/map-denoise/runs/multiscan-pilot-v1/direction-v6-edpxxdsb/outputs/synthetic__dual_g8_s912113_b4__pooled_pca.npz,04956e9a73597db0e2b9dfe4ffa9be99904ee2bcdef3ce1b0779ec72c6bf51ae,0.2192651879886398,0.97265625,cbd7d0585e81351bc9660730a1540c9fb178a0292d8d46e8c8d2b2bf4b557cd4,0.97265625,4.04542505249557,"[-0.08960629733977203, -0.005143295298835947, 0.9959639842838321]",3,7165a53f1004bd557cc04e76472f6fd6e9ed1186b501ac9ac6772676099ef65e,e96529a75da3f5f69ff961abbf1edb13b17e94fa03f010b87287e4bcdf239502,9c5d92943537cf81c260808dca79663fbcebcfe6704616584cf5ef56a5788391,,,,,,,,,,,,,,,,,,,,,,,,,,True,912113,8,4,True,True,0.33912255656087603,0.7904116677536119,1.3447164279050725,0.9296875,0.9856770833333334,0.47722281563100016,1.0,0.939581192125442,0.3538575365742111,0.8646124903456278,,self-report; not geometry-derived layer count or success,0.9395739040468607,0.0037007337120320456,0.4392104897120153,0.5124475373900712,7.877601677043362,0.12239832295663788,0.9847002096304203,7.44378293024478,0.5562170697552196,"GT source-group affine fits evaluated at x=y=0; may extrapolate, not physical layer count"
ghost_s912127_b0,synthetic,ghost_s912127_b0,public_full,1.0,difference,768,8,/srv/slam-research/grf/map-denoise/runs/multiscan-pilot-v1/exploration-v5-development-vdbkdouk/inputs/ghost_s912127_b0.npz,b7c4e1ff2281e333818958b18c3b88a304590846782c6f157d64dc2ad8488920,/srv/slam-research/grf/map-denoise/runs/multiscan-pilot-v1/direction-v6-edpxxdsb/synthetic/evaluation/ghost_s912127_b0.npz,,/srv/slam-research/grf/map-denoise/runs/multiscan-pilot-v1/direction-v6-edpxxdsb/outputs/synthetic__ghost_s912127_b0__difference.npz,8ebee08b63c936d947a74aad04feec6ca4392b3ee4c2dbef869fa5e13da7b856,0.15044057500199415,1.0,7bf89132f5cf5a97ca6e6ad60b0335099920f53674ea2c0f3e11a4e58b883d58,1.0,0.9931081163210606,"[-0.0015785522865378258, 0.002334858022625008, 0.9999960282974593]",3,0a34ff05cf40dd5d34c696938718181c66b4570baa3f9e88f7e369112847eade,51869869ee5325fd2e35550842ac17b71595adbe1dad6cfe3cbc753d50148c6d,d753703b47379dba4a3bef05059ef5e12c298004eff389be51f435b1bccf131d,,,,,,,,,,,,,,,,,,,,,,,,,,True,912127,0,0,True,True,0.044758439920901595,0.12685699824799565,0.324729767643575,1.0,1.0,0.045245567698151475,1.0,0.12688787286917716,0.044758439920901595,0.12547030421021965,,self-report; not geometry-derived layer count or success,0.12550151996756537,0.01870563463492374,0.037020498345781375,0.037020498345781375,,,,,,
ghost_s912127_b0,synthetic,ghost_s912127_b0,public_full,1.0,pooled_pca,768,8,/srv/slam-research/grf/map-denoise/runs/multiscan-pilot-v1/exploration-v5-development-vdbkdouk/inputs/ghost_s912127_b0.npz,b7c4e1ff2281e333818958b18c3b88a304590846782c6f157d64dc2ad8488920,/srv/slam-research/grf/map-denoise/runs/multiscan-pilot-v1/direction-v6-edpxxdsb/synthetic/evaluation/ghost_s912127_b0.npz,,/srv/slam-research/grf/map-denoise/runs/multiscan-pilot-v1/direction-v6-edpxxdsb/outputs/synthetic__ghost_s912127_b0__pooled_pca.npz,f20483977e40af8e0bf41a723c58cfc1938c15640ae6ac2fd475ced5706dcd1a,0.13932255198596977,1.0,7bf89132f5cf5a97ca6e6ad60b0335099920f53674ea2c0f3e11a4e58b883d58,1.0,0.9931120613121847,"[0.0002464379090057884, -0.00069409820174868, 0.9999997287479849]",3,a99fcc845fd428a6209e56e2c3e57c8a20d1c2f6d45c9449af743bc8461e6860,e4bf429b7854f2ca28f903a496f5050c7b217d2f4b9cdcfb2d6513ac0a2bc933,daf005d63064faa16ef0ad26cfb74d14e0735de54cbad4d0856311e1b0be0926,,,,,,,,,,,,,,,,,,,,,,,,,,True,912127,0,0,True,True,0.04484156296507407,0.12679177258290447,0.32485682343440575,1.0,1.0,0.0448904055732866,1.0,0.1267938825454211,0.04484156296507407,0.12540421953620978,,self-report; not geometry-derived layer count or success,0.1254063528439881,0.018706558136418312,0.037316713607599895,0.037316713607599895,,,,,,
ghost_s912127_b4,synthetic,ghost_s912127_b4,public_full,1.0,difference,768,8,/srv/slam-research/grf/map-denoise/runs/multiscan-pilot-v1/exploration-v5-development-vdbkdouk/inputs/ghost_s912127_b4.npz,a2f290568d1af9023f9bee8a005bafd90bf2f136c59b7369244989d71ceca03c,/srv/slam-research/grf/map-denoise/runs/multiscan-pilot-v1/direction-v6-edpxxdsb/synthetic/evaluation/ghost_s912127_b4.npz,,/srv/slam-research/grf/map-denoise/runs/multiscan-pilot-v1/direction-v6-edpxxdsb/outputs/synthetic__ghost_s912127_b4__difference.npz,a23a151a4b119863f628348af0c8d8f8fc2f5f59f92cefee09d8d6db9072dc0e,0.19608716100628953,1.0,7bf89132f5cf5a97ca6e6ad60b0335099920f53674ea2c0f3e11a4e58b883d58,1.0,4.0866173580857525,"[-0.001578552286537823, 0.0023348580226248417, 0.9999960282974593]",3,59ea57145cbeb83660b409dd72fb9c64e0ed1f0b118393ee4908987f78b579ae,51869869ee5325fd2e35550842ac17b71595adbe1dad6cfe3cbc753d50148c6d,e4d508b395111889b3e8ea80a229acab9eb9479947955050060dbf409a2d307a,,,,,,,,,,,,,,,,,,,,,,,,,,True,912127,0,4,True,True,0.04475279271385241,0.12684967778373898,0.32479705378918766,1.0,1.0,0.049347373683557134,1.0,0.12737149940912734,0.04475279271385241,0.1254629543770169,,self-report; not geometry-derived layer count or success,0.12599051959449112,0.018705288932264006,0.03701137673601327,0.03701137673601327,,,,,,
ghost_s912127_b4,synthetic,ghost_s912127_b4,public_full,1.0,pooled_pca,768,8,/srv/slam-research/grf/map-denoise/runs/multiscan-pilot-v1/exploration-v5-development-vdbkdouk/inputs/ghost_s912127_b4.npz,a2f290568d1af9023f9bee8a005bafd90bf2f136c59b7369244989d71ceca03c,/srv/slam-research/grf/map-denoise/runs/multiscan-pilot-v1/direction-v6-edpxxdsb/synthetic/evaluation/ghost_s912127_b4.npz,,/srv/slam-research/grf/map-denoise/runs/multiscan-pilot-v1/direction-v6-edpxxdsb/outputs/synthetic__ghost_s912127_b4__pooled_pca.npz,e83ca7ea3ebf6ee3d0b90f225101df20e7b2ec8af356f02c9b4eb28501d563b6,0.18746838199149352,1.0,7bf89132f5cf5a97ca6e6ad60b0335099920f53674ea2c0f3e11a4e58b883d58,1.0,4.086984876574813,"[-0.0008405951753900335, -0.009284423533447382, 0.9999565454955543]",3,8b8af220db97a36874f81c177b630fac2e2d2160efa54262d805afb0280ec467,e4bf429b7854f2ca28f903a496f5050c7b217d2f4b9cdcfb2d6513ac0a2bc933,5897e7f63cf4e5be8c4a66342dcf3f7a8d4af8144c9f109bfde9ccae16c20000,,,,,,,,,,,,,,,,,,,,,,,,,,True,912127,0,4,True,True,0.04426379615971776,0.13773294933390534,0.33792906589412486,1.0,1.0,0.06878682143991911,1.0,0.1429056110667597,0.04426379615971776,0.136457873896539,,self-report; not geometry-derived layer count or success,0.14167709651445168,0.018697967739803544,0.037809433768137744,0.037809433768137744,,,,,,
dual_g2_s912127_b0,synthetic,dual_g2_s912127_b0,public_full,1.0,difference,768,8,/srv/slam-research/grf/map-denoise/runs/multiscan-pilot-v1/exploration-v5-development-vdbkdouk/inputs/dual_g2_s912127_b0.npz,330f05a89f90f080eca635ed011367679307582ad8046d7eddff46524ed5fbca,/srv/slam-research/grf/map-denoise/runs/multiscan-pilot-v1/direction-v6-edpxxdsb/synthetic/evaluation/dual_g2_s912127_b0.npz,,/srv/slam-research/grf/map-denoise/runs/multiscan-pilot-v1/direction-v6-edpxxdsb/outputs/synthetic__dual_g2_s912127_b0__difference.npz,6d94bb4db922a149e3d9ad2623d0ce10b1ca0141a4ff9c75e9b4c8f6a313ccdc,0.1490928779967362,1.0,7bf89132f5cf5a97ca6e6ad60b0335099920f53674ea2c0f3e11a4e58b883d58,1.0,1.0689914131917437,"[-0.015185612382853151, 0.0015965530766024472, 0.9998834173016529]",3,947b5a261cdab957b5ce9544dc2cda6240b0ac2b5fbc35f11f3d964f789b9972,c33f86b394c421c2527a52fe7fc365f232d8bbac921a20a0558af9f1148970c7,8fbd95361233b928a22cad934789c48f7ebb0a171324a54e30be19d0841c8302,,,,,,,,,,,,,,,,,,,,,,,,,,True,912127,2,0,True,True,0.22139923112874418,0.35113081008699554,0.7821729415186695,0.9830729166666666,1.0,0.22669376900167634,1.0,0.36513236069530836,0.22538167723778701,0.34429945708506,,self-report; not geometry-derived layer count or success,0.3647674290774792,0.01632064677440444,0.4024996332719593,0.6673735800918502,1.7527496170237737,0.24725038297622626,0.8763748085118869,1.2456315608932607,0.7543684391067393,"GT source-group affine fits evaluated at x=y=0; may extrapolate, not physical layer count"
dual_g2_s912127_b0,synthetic,dual_g2_s912127_b0,public_full,1.0,pooled_pca,768,8,/srv/slam-research/grf/map-denoise/runs/multiscan-pilot-v1/exploration-v5-development-vdbkdouk/inputs/dual_g2_s912127_b0.npz,330f05a89f90f080eca635ed011367679307582ad8046d7eddff46524ed5fbca,/srv/slam-research/grf/map-denoise/runs/multiscan-pilot-v1/direction-v6-edpxxdsb/synthetic/evaluation/dual_g2_s912127_b0.npz,,/srv/slam-research/grf/map-denoise/runs/multiscan-pilot-v1/direction-v6-edpxxdsb/outputs/synthetic__dual_g2_s912127_b0__pooled_pca.npz,16f787bb7e942f75da69d0989cf4e54c91c308f3a2bc90153b95ae8fec78eb61,0.13834291700914036,1.0,7bf89132f5cf5a97ca6e6ad60b0335099920f53674ea2c0f3e11a4e58b883d58,1.0,1.0683430763908754,"[-0.02240061144550392, 0.000576556594608646, 0.9997489085712277]",3,5ffc23e4a1d4817663f49744c7693dd2530912933f0604b2b808142dddd34f35,43b0340b087177a9b9537b9419f7f7045cf744ee04e5d6a334b43371624a2eb3,d6650cdbfb15b235f1c3981b1a438547fc9dd68cea2fcfd9454b0a40a68b1068,,,,,,,,,,,,,,,,,,,,,,,,,,True,912127,2,0,True,True,0.2217630004356652,0.3518066737067261,0.7854729371967948,0.9830729166666666,1.0,0.22836440287456986,1.0,0.36502503464376157,0.22534393227136515,0.3441496179369749,,self-report; not geometry-derived layer count or success,0.3646594099788519,0.016333726780957424,0.3997933445797129,0.6677619725634413,1.7552115052350508,0.24478849476494924,0.8776057526175254,1.2497372652547185,0.7502627347452815,"GT source-group affine fits evaluated at x=y=0; may extrapolate, not physical layer count"
dual_g2_s912127_b4,synthetic,dual_g2_s912127_b4,public_full,1.0,difference,768,8,/srv/slam-research/grf/map-denoise/runs/multiscan-pilot-v1/exploration-v5-development-vdbkdouk/inputs/dual_g2_s912127_b4.npz,4ac83083ce226e961855f76f8f40e2b774f642d57e52641b9f51753cbcfdb57e,/srv/slam-research/grf/map-denoise/runs/multiscan-pilot-v1/direction-v6-edpxxdsb/synthetic/evaluation/dual_g2_s912127_b4.npz,,/srv/slam-research/grf/map-denoise/runs/multiscan-pilot-v1/direction-v6-edpxxdsb/outputs/synthetic__dual_g2_s912127_b4__difference.npz,45e6b7bf01ae81bcaf5d797ec92d938e141c63757179da68ef4489492d1feaf5,0.19683378499757964,1.0,7bf89132f5cf5a97ca6e6ad60b0335099920f53674ea2c0f3e11a4e58b883d58,1.0,4.126380978396205,"[-0.01518561238285315, 0.0015965530766025582, 0.9998834173016528]",3,8b5748572087260867f105a0192a38a5d904fb65817b351fe50b475ef1cc3bbe,4160e5980b3391990aaefdb57411540a1b8fc0c3cd4cdde5e5d6da476da3cb17,c694a4819dd589d9babd7bddaba466f028bf567ef2d91278b9ad5b18b74a2c0f,,,,,,,,,,,,,,,,,,,,,,,,,,True,912127,2,4,True,True,0.1999786269913885,0.32722814364805736,0.7799516353973681,0.9830729166666666,0.9986979166666666,0.22201300865129373,1.0,0.3497947991672883,0.20428991949360106,0.32270637619311066,,self-report; not geometry-derived layer count or success,0.349422996277452,0.016123622327854796,0.3946972593913923,0.6560992521291176,1.7550124953096586,0.24498750469034136,0.8775062476548293,1.2558908362851966,0.7441091637148034,"GT source-group affine fits evaluated at x=y=0; may extrapolate, not physical layer count"
dual_g2_s912127_b4,synthetic,dual_g2_s912127_b4,public_full,1.0,pooled_pca,768,8,/srv/slam-research/grf/map-denoise/runs/multiscan-pilot-v1/exploration-v5-development-vdbkdouk/inputs/dual_g2_s912127_b4.npz,4ac83083ce226e961855f76f8f40e2b774f642d57e52641b9f51753cbcfdb57e,/srv/slam-research/grf/map-denoise/runs/multiscan-pilot-v1/direction-v6-edpxxdsb/synthetic/evaluation/dual_g2_s912127_b4.npz,,/srv/slam-research/grf/map-denoise/runs/multiscan-pilot-v1/direction-v6-edpxxdsb/outputs/synthetic__dual_g2_s912127_b4__pooled_pca.npz,f34a2ea430862036def7e8b4d18b7c6db348b4035b23a3806d0588654abdd7b0,0.18493879500601906,1.0,7bf89132f5cf5a97ca6e6ad60b0335099920f53674ea2c0f3e11a4e58b883d58,1.0,4.125737030999383,"[-0.02299715012198936, -0.002125460078105212, 0.99973327118073]",3,9b76e4a0005319ab613f89bd6721280f6a592b7bc597cc961c8e09f4025bdc7f,63fdd207755816e92b60a2af9020fd36d1c7db719ca9ebb0b8d54b74c6253bf5,f81dac64d6fdfeef54b6b48534f632fbfefdd75852e8fcca221e55a068dff63a,,,,,,,,,,,,,,,,,,,,,,,,,,True,912127,2,4,True,True,0.1991301065494752,0.32618950684005316,0.7743152954029172,0.9830729166666666,0.9986979166666666,0.23771017093868982,1.0,0.35713749865896416,0.2038325302254035,0.3224697200709567,,self-report; not geometry-derived layer count or success,0.3567716390188912,0.01616139041529467,0.40030851097673475,0.6615403597962111,1.752980474740212,0.247019525259788,0.876490237370106,1.2484011966260296,0.7515988033739704,"GT source-group affine fits evaluated at x=y=0; may extrapolate, not physical layer count"
dual_g4_s912127_b0,synthetic,dual_g4_s912127_b0,public_full,1.0,difference,768,8,/srv/slam-research/grf/map-denoise/runs/multiscan-pilot-v1/exploration-v5-development-vdbkdouk/inputs/dual_g4_s912127_b0.npz,1056392b526f165d6c3c8b26be42e263b0f7cecdf8c4e45d1705dac71d5f8c8f,/srv/slam-research/grf/map-denoise/runs/multiscan-pilot-v1/direction-v6-edpxxdsb/synthetic/evaluation/dual_g4_s912127_b0.npz,,/srv/slam-research/grf/map-denoise/runs/multiscan-pilot-v1/direction-v6-edpxxdsb/outputs/synthetic__dual_g4_s912127_b0__difference.npz,a752ab2ce7403dc2bf8d5b2ee8425a80d3c35d45dd533c22b094775b1101573c,0.24968005399568938,0.9361979166666666,4db08af096820d17b86cbcb0a00951393f152f69745436586c59a5350a4ab537,0.9361979166666666,0.913867528883391,"[-0.0005124765938009489, -0.005348613795102153, 0.9999855647449176]",3,7d3f687b2a024bc4e2336cab148fdd1e39ede7967b183886496db6374a08378f,99f1f5a5c318e1ed83bff6f548d5bbf79d8656b2b11eadc5a7b2a6d107011a4a,07ec3bf76eb800ffb6d16bd26328648ac6c999e0c020b8c73246ba941cf5cfbe,,,,,,,,,,,,,,,,,,,,,,,,,,True,912127,4,0,True,True,0.2098460727743995,0.34607896605622407,0.7452527884461483,0.97265625,0.9973958333333334,0.20694835184587243,1.0,0.37369586065583515,0.21480953136959266,0.3684583826773357,,self-report; not geometry-derived layer count or success,0.37178373314788604,0.03775515909020694,0.2504568741328069,0.37371944198203716,3.898807875094208,0.1011921249057921,0.974701968773552,4.1526242333330705,0.1526242333330705,"GT source-group affine fits evaluated at x=y=0; may extrapolate, not physical layer count"
dual_g4_s912127_b0,synthetic,dual_g4_s912127_b0,public_full,1.0,pooled_pca,768,8,/srv/slam-research/grf/map-denoise/runs/multiscan-pilot-v1/exploration-v5-development-vdbkdouk/inputs/dual_g4_s912127_b0.npz,1056392b526f165d6c3c8b26be42e263b0f7cecdf8c4e45d1705dac71d5f8c8f,/srv/slam-research/grf/map-denoise/runs/multiscan-pilot-v1/direction-v6-edpxxdsb/synthetic/evaluation/dual_g4_s912127_b0.npz,,/srv/slam-research/grf/map-denoise/runs/multiscan-pilot-v1/direction-v6-edpxxdsb/outputs/synthetic__dual_g4_s912127_b0__pooled_pca.npz,5a4346ab168af3bf77c103d082acfeb53aa534fec315aafdc9c1676148265e43,0.21626092900987715,0.93359375,5bc977ba9597e86b752ca24c62ad629185ecc4a0c92038ceeca1a6fb8abba5d2,0.93359375,0.9140284769925501,"[-0.04613809413274313, -0.00037445312809269993, 0.9989350009158019]",3,85fee915112899dfc97fe28535e35dacd855a01de7e2d2f9df223add00bfe836,b83df5e5be321af0ce2d874772f43ca39f0d8a7391f39b765f0643ff7404ebaa,f511c696e2d7bfc18758ec8e3fb2cb4aeeb87e20064a4988207d9d83ff5965df,,,,,,,,,,,,,,,,,,,,,,,,,,True,912127,4,0,True,True,0.2142107306481766,0.34695513755786284,0.7776264914506406,0.9700520833333334,0.9973958333333334,0.22155728600982375,1.0,0.37434504949904324,0.21870517898827993,0.3693133371753217,,self-report; not geometry-derived layer count or success,0.37369867396046397,0.02198902373076116,0.25796928233719973,0.3309251938588076,3.9211535421284314,0.07884645787156863,0.9802883855321078,4.159404754005682,0.15940475400568221,"GT source-group affine fits evaluated at x=y=0; may extrapolate, not physical layer count"
dual_g4_s912127_b4,synthetic,dual_g4_s912127_b4,public_full,1.0,difference,768,8,/srv/slam-research/grf/map-denoise/runs/multiscan-pilot-v1/exploration-v5-development-vdbkdouk/inputs/dual_g4_s912127_b4.npz,e783194e53c632bf781699c3c7620436a1e3a9cfc331a6a8095050a564227661,/srv/slam-research/grf/map-denoise/runs/multiscan-pilot-v1/direction-v6-edpxxdsb/synthetic/evaluation/dual_g4_s912127_b4.npz,,/srv/slam-research/grf/map-denoise/runs/multiscan-pilot-v1/direction-v6-edpxxdsb/outputs/synthetic__dual_g4_s912127_b4__difference.npz,fde59844e42c4381b2fa2fb5ef2e053a58aab94e77dfa2fc74ef348af70980a2,0.2459177290002117,0.9388020833333334,7f7a5abd5bde11bdfcae7712138d8e2d23f26b33cf2a556c3b9e158e22cae9dd,0.9388020833333334,3.976662792278704,"[-0.0005124765938009463, -0.00534861379510217, 0.9999855647449176]",3,7c4303472fe73b93ee0fc854dac1902d381a1dee3d313ca4de744b146868f696,41e327cdd5c6b4cfd418c768315fa5bbee7cc60e3f8a4f7e89d98b09ccebf37c,e59e6d3f5789ffc29e6ca4819aa2663ae1c674de61e3f57c98f95fa670105595,,,,,,,,,,,,,,,,,,,,,,,,,,True,912127,4,4,True,True,0.2944020127609236,0.7025252334935853,1.2049785464688247,0.9505208333333334,0.9765625,0.25939288787482173,1.0,0.9910280350261972,0.35439080019331914,0.9886007317017947,,self-report; not geometry-derived layer count or success,0.9904179327497676,0.034769019191832465,0.31505942348137767,0.3289122569925359,3.8851518746218305,0.11484812537816946,0.9712879686554576,4.10840024888986,0.10840024888986033,"GT source-group affine fits evaluated at x=y=0; may extrapolate, not physical layer count"
dual_g4_s912127_b4,synthetic,dual_g4_s912127_b4,public_full,1.0,pooled_pca,768,8,/srv/slam-research/grf/map-denoise/runs/multiscan-pilot-v1/exploration-v5-development-vdbkdouk/inputs/dual_g4_s912127_b4.npz,e783194e53c632bf781699c3c7620436a1e3a9cfc331a6a8095050a564227661,/srv/slam-research/grf/map-denoise/runs/multiscan-pilot-v1/direction-v6-edpxxdsb/synthetic/evaluation/dual_g4_s912127_b4.npz,,/srv/slam-research/grf/map-denoise/runs/multiscan-pilot-v1/direction-v6-edpxxdsb/outputs/synthetic__dual_g4_s912127_b4__pooled_pca.npz,ac689deea05d151a2ec47b26bc9a9e1c4bb5370eaf86faa749080118f9b4488b,0.2183373199950438,0.9466145833333334,0a6ada108717335c5100f74e0dfb4941079206d56beb67d3a98527c2b2d1dcd2,0.9466145833333334,3.981300548927539,"[-0.04392258267116526, 0.00013130933894089927, 0.99903492906372]",3,22d9782c3465ed77398268d7ef5ea845fbe4c8e5ab88ae77b026bff1c861fd00,b83df5e5be321af0ce2d874772f43ca39f0d8a7391f39b765f0643ff7404ebaa,def71538c475f9fe1aed6ab032e70027a3757bf4c75d0c395fec20df33255ca6,,,,,,,,,,,,,,,,,,,,,,,,,,True,912127,4,4,True,True,0.301113218231672,0.6885212774095655,1.420100777819651,0.9348958333333334,0.9739583333333334,0.353895259632866,1.0,1.0304334324238404,0.3719155399576189,1.0119746819172488,,self-report; not geometry-derived layer count or success,1.0296807036797246,0.03937901886036273,0.29216181664765495,0.3297296791147109,3.8470173390223055,0.15298266097769453,0.9617543347555764,4.002607529174262,0.002607529174261991,"GT source-group affine fits evaluated at x=y=0; may extrapolate, not physical layer count"
dual_g8_s912127_b0,synthetic,dual_g8_s912127_b0,public_full,1.0,difference,768,8,/srv/slam-research/grf/map-denoise/runs/multiscan-pilot-v1/exploration-v5-development-vdbkdouk/inputs/dual_g8_s912127_b0.npz,134ba991158fdb45261bf3f6f75900ad1ebe7f81648500bf6919bd79a35b9f4d,/srv/slam-research/grf/map-denoise/runs/multiscan-pilot-v1/direction-v6-edpxxdsb/synthetic/evaluation/dual_g8_s912127_b0.npz,,/srv/slam-research/grf/map-denoise/runs/multiscan-pilot-v1/direction-v6-edpxxdsb/outputs/synthetic__dual_g8_s912127_b0__difference.npz,944e93057d01c2ceed8f61bfeae2ceee61b78df53305336a5a812c0bb517f3d1,0.229295130004175,0.9908854166666666,33de88148eef764283c78dc4d99cef95293ab91d112090dc2884f38b9ce79c8f,0.9908854166666666,0.9838210021154439,"[0.0008153157161056926, 0.0033491129247441853, 0.9999940593338044]",3,445e56c204a32bac90648b52897f53cde4ec1a564210fa925e78abeb32b1371e,5d0e056a3329e377e5763dc6989316c43ba9b801bfaeee38a58b51f4974e9e0f,6e2aea0c3e70701d573d5a701f9729c99143bbcbcbeea04d033a1e6296d80d99,,,,,,,,,,,,,,,,,,,,,,,,,,True,912127,8,0,True,True,0.10980370303917004,0.18849012863404796,0.2676836869814047,0.9921875,1.0,0.10801846451780678,1.0,0.18852063161539187,0.10980370303917004,0.18585109059077878,,self-report; not geometry-derived layer count or success,0.18771981080582967,0.017358029141863546,0.24319224623577132,0.4021605929916607,7.94564114533745,0.05435885466255019,0.9932051431671812,8.192976632829076,0.19297663282907607,"GT source-group affine fits evaluated at x=y=0; may extrapolate, not physical layer count"
dual_g8_s912127_b0,synthetic,dual_g8_s912127_b0,public_full,1.0,pooled_pca,768,8,/srv/slam-research/grf/map-denoise/runs/multiscan-pilot-v1/exploration-v5-development-vdbkdouk/inputs/dual_g8_s912127_b0.npz,134ba991158fdb45261bf3f6f75900ad1ebe7f81648500bf6919bd79a35b9f4d,/srv/slam-research/grf/map-denoise/runs/multiscan-pilot-v1/direction-v6-edpxxdsb/synthetic/evaluation/dual_g8_s912127_b0.npz,,/srv/slam-research/grf/map-denoise/runs/multiscan-pilot-v1/direction-v6-edpxxdsb/outputs/synthetic__dual_g8_s912127_b0__pooled_pca.npz,664259a63e67c81430ee43a8a7af3f899291f8498c730bc73860dae4fe60a731,0.23331342400342692,0.9791666666666666,13b119b4265f4db826e96bdec73eb5ca49c48b9d3538794844b4462f2eeec7f2,0.9791666666666666,0.9750247004270497,"[-0.09423088108116853, 0.005707020048538847, 0.9955340129663237]",3,167d7462b7dd9307c8d2e52a81446a694bd51168019690e49d11094fb8b9ccb6,b6afeb3e337e481413ef82bd8d5033970ee173522279404af87849eed82bc3cd,21b22ad4687adf706fc5a4b3383edbff6e3e5387a0e0c89837ac4c8f284a4384,,,,,,,,,,,,,,,,,,,,,,,,,,True,912127,8,0,True,True,0.14234459999024232,0.28161954616854756,0.315041128070674,0.984375,0.9986979166666666,0.1715386195662547,1.0,0.33234124316832414,0.14517818827421738,0.3165709384175309,,self-report; not geometry-derived layer count or success,0.3315246150485067,0.02328371807952024,0.19628361784032144,0.3401957631340824,7.927565466427513,0.07243453357248697,0.9909456833034391,8.107472970484102,0.10747297048410154,"GT source-group affine fits evaluated at x=y=0; may extrapolate, not physical layer count"
dual_g8_s912127_b4,synthetic,dual_g8_s912127_b4,public_full,1.0,difference,768,8,/srv/slam-research/grf/map-denoise/runs/multiscan-pilot-v1/exploration-v5-development-vdbkdouk/inputs/dual_g8_s912127_b4.npz,8ecefedfcc4a220915d163fb63edd9dff148fb64a6224078801103216d9bd074,/srv/slam-research/grf/map-denoise/runs/multiscan-pilot-v1/direction-v6-edpxxdsb/synthetic/evaluation/dual_g8_s912127_b4.npz,,/srv/slam-research/grf/map-denoise/runs/multiscan-pilot-v1/direction-v6-edpxxdsb/outputs/synthetic__dual_g8_s912127_b4__difference.npz,df057206ffcf7374104e8756b19714076f1b75798999cad35832029695e1cfcc,0.24674286300432868,0.9895833333333334,87318d2ca342c1d2a6dbd94fdff4370a61ec46586e51098b935fdf00ca90ca3b,0.9895833333333334,4.053019845409038,"[0.0008153157161056933, 0.0033491129247441576, 0.9999940593338045]",3,2004578fabe8e789713a737886f0e7f2b5742d098e7d3275564066a6a73ff5d7,5d0e056a3329e377e5763dc6989316c43ba9b801bfaeee38a58b51f4974e9e0f,6e4137aa5432066edf3af69bb49e980886f694a0e8a2a686d2f54336aaa757ae,,,,,,,,,,,,,,,,,,,,,,,,,,True,912127,8,4,True,True,0.11782314961200924,0.25967450854452084,0.268519817845194,0.9895833333333334,0.9947916666666666,0.12033151755450038,1.0,0.5259329473617426,0.14394557973992567,0.5217916592051566,,self-report; not geometry-derived layer count or success,0.5240173357092895,0.044847485957935966,0.2476767576297584,0.40672378121924174,7.904201290668989,0.09579870933101109,0.9880251613336236,8.12662149269051,0.1266214926905107,"GT source-group affine fits evaluated at x=y=0; may extrapolate, not physical layer count"
dual_g8_s912127_b4,synthetic,dual_g8_s912127_b4,public_full,1.0,pooled_pca,768,8,/srv/slam-research/grf/map-denoise/runs/multiscan-pilot-v1/exploration-v5-development-vdbkdouk/inputs/dual_g8_s912127_b4.npz,8ecefedfcc4a220915d163fb63edd9dff148fb64a6224078801103216d9bd074,/srv/slam-research/grf/map-denoise/runs/multiscan-pilot-v1/direction-v6-edpxxdsb/synthetic/evaluation/dual_g8_s912127_b4.npz,,/srv/slam-research/grf/map-denoise/runs/multiscan-pilot-v1/direction-v6-edpxxdsb/outputs/synthetic__dual_g8_s912127_b4__pooled_pca.npz,172e72555dc5cc9f99ae396ae283b1da23bb6b4f6e31f4255e1744de4d6e15c3,0.23314756600302644,0.9817708333333334,326dfea3810970c372c31eb09ad38dc4643aef483151fc1e994bed1320f9ad89,0.9817708333333334,4.081114886277695,"[-0.08822487742241707, 0.007221170370666942, 0.9960744077137397]",3,a5afb73948f0f7f725b2a135b1e1307e25c8be7771c7c0b34cccb0dfda95e9de,a487c06dd5821eec2eae79d3e1bb1928d10233382a5a8d73cb7a789c496ce4fa,ada9ab2753d730a81b877ff93d6f0ee28d083b2749de63ebc6a37f1941bdf2fd,,,,,,,,,,,,,,,,,,,,,,,,,,True,912127,8,4,True,True,0.1783172865451115,0.43194830604059886,0.49354542286968384,0.9739583333333334,0.9934895833333334,0.385198536066573,1.0,0.5818185909931188,0.18098534690439325,0.4555928360682131,,self-report; not geometry-derived layer count or success,0.5817163437399671,0.010907256805565126,0.23891953379303574,0.2857857249723749,7.962468865047539,0.03753113495246119,0.9953086081309424,8.137561811225423,0.13756181122542266,"GT source-group affine fits evaluated at x=y=0; may extrapolate, not physical layer count"
