case,seed,gap,sigma,bias,retain,phase,kind,supplied_sigma,sigma_factor,method,status,seconds,surface_mae_mm,balanced_source_mae_mm,vertical_w1_mm,representation,model_k,n,risk_rms_mm,matched_rms_mm,coverage_1mm,single_false_split,posterior_brier,upper_mass,upper_mass_error,source_gap_error_mm,cross_midplane_mass,fitted_gap_error_mm,dual_missed,ratio,dependence,weighted_reference_near_mass
s9182101_g0_n0.5_b0_r0.25,9182101,0,0.5,0,0.25,development,bridge,0.5,1.0,a_crossfit_gate_map,OK,0.0052502079925034195,0.06437423002630352,0.06437423002630352,0.06437423002630366,points,1,192,0.07751220912421866,0.07751220912421866,1.0,0,0.0,,,,,,,,,
s9182101_g0_n0.5_b0_r0.25,9182101,0,0.5,0,0.25,development,bridge,0.5,1.0,a_insample_gate_map,OK,0.005263298997306265,0.06437423002630352,0.06437423002630352,0.06437423002630366,points,1,192,0.07751220912421866,0.07751220912421866,1.0,0,0.0,,,,,,,,,
s9182101_g0_n0.5_b0_r1.0,9182101,0,0.5,0,1.0,development,bridge,0.5,1.0,a_crossfit_gate_map,OK,0.010270981001667678,0.015936045919580453,0.015936045919580453,0.01593604591958061,points,1,768,0.01946197641163355,0.01946197641163355,1.0,0,0.0,,,,,,,,,
s9182101_g0_n0.5_b0_r1.0,9182101,0,0.5,0,1.0,development,bridge,0.5,1.0,a_insample_gate_map,OK,0.010284332005539909,0.015936045919580453,0.015936045919580453,0.01593604591958061,points,1,768,0.01946197641163355,0.01946197641163355,1.0,0,0.0,,,,,,,,,
s9182101_g0_n0.5_b4_r0.25,9182101,0,0.5,4,0.25,development,bridge,0.5,1.0,a_crossfit_gate_map,OK,0.0037695279897889122,0.14153064844334728,0.14153064844334728,0.14153064844334742,points,1,192,0.148852367476353,0.148852367476353,1.0,0,0.0,,,,,,,,,
s9182101_g0_n0.5_b4_r0.25,9182101,0,0.5,4,0.25,development,bridge,0.5,1.0,a_insample_gate_map,OK,0.0037737419916084036,0.14153064844334728,0.14153064844334728,0.14153064844334742,points,1,192,0.148852367476353,0.148852367476353,1.0,0,0.0,,,,,,,,,
s9182101_g0_n0.5_b4_r1.0,9182101,0,0.5,4,1.0,development,bridge,0.5,1.0,a_crossfit_gate_map,OK,0.009457975989789702,0.015935428935127272,0.015935428935127272,0.01593542893512743,points,1,768,0.026024959075577045,0.026024959075577045,1.0,0,0.0,,,,,,,,,
s9182101_g0_n0.5_b4_r1.0,9182101,0,0.5,4,1.0,development,bridge,0.5,1.0,a_insample_gate_map,OK,0.009461483001359738,0.015935428935127272,0.015935428935127272,0.01593542893512743,points,1,768,0.026024959075577045,0.026024959075577045,1.0,0,0.0,,,,,,,,,
s9182101_g0_n1.0_b0_r0.25,9182101,0,1.0,0,0.25,development,bridge,1.0,1.0,a_crossfit_gate_map,OK,0.0035977299994556233,0.1287512062219001,0.1287512062219001,0.12875120622190037,points,1,192,0.155026706254506,0.155026706254506,1.0,0,0.0,,,,,,,,,
s9182101_g0_n1.0_b0_r0.25,9182101,0,1.0,0,0.25,development,bridge,1.0,1.0,a_insample_gate_map,OK,0.0036003599961986765,0.1287512062219001,0.1287512062219001,0.12875120622190037,points,1,192,0.155026706254506,0.155026706254506,1.0,0,0.0,,,,,,,,,
s9182101_g0_n1.0_b0_r1.0,9182101,0,1.0,0,1.0,development,bridge,1.0,1.0,a_crossfit_gate_map,OK,0.0096416440064786,0.03193116741386365,0.03193116741386365,0.03193116741386397,points,1,768,0.039622972025763696,0.039622972025763696,1.0,0,0.0,,,,,,,,,
s9182101_g0_n1.0_b0_r1.0,9182101,0,1.0,0,1.0,development,bridge,1.0,1.0,a_insample_gate_map,OK,0.009645154001191258,0.03193116741386365,0.03193116741386365,0.03193116741386397,points,1,768,0.039622972025763696,0.039622972025763696,1.0,0,0.0,,,,,,,,,
s9182101_g0_n1.0_b4_r0.25,9182101,0,1.0,4,0.25,development,bridge,1.0,1.0,a_crossfit_gate_map,OK,0.0038150429900269955,0.20384086878492794,0.20384086878492794,0.20384086878492824,points,1,192,0.22373228189798208,0.22373228189798208,1.0,0,0.0,,,,,,,,,
s9182101_g0_n1.0_b4_r0.25,9182101,0,1.0,4,0.25,development,bridge,1.0,1.0,a_insample_gate_map,OK,0.0038182930002221838,0.20384086878492794,0.20384086878492794,0.20384086878492824,points,1,192,0.22373228189798208,0.22373228189798208,1.0,0,0.0,,,,,,,,,
s9182101_g0_n1.0_b4_r1.0,9182101,0,1.0,4,1.0,development,bridge,1.0,1.0,a_crossfit_gate_map,OK,0.00866820900409948,0.03192858703329791,0.03192858703329791,0.03192858703329823,points,1,768,0.05197049916818204,0.05197049916818204,1.0,0,0.0,,,,,,,,,
s9182101_g0_n1.0_b4_r1.0,9182101,0,1.0,4,1.0,development,bridge,1.0,1.0,a_insample_gate_map,OK,0.008671644012792967,0.03192858703329791,0.03192858703329791,0.03192858703329823,points,1,768,0.05197049916818204,0.05197049916818204,1.0,0,0.0,,,,,,,,,
s9182101_g0_n2.0_b0_r0.25,9182101,0,2.0,0,0.25,development,bridge,2.0,1.0,a_crossfit_gate_map,OK,0.003623860000516288,0.2575321714372473,0.2575321714372473,0.2575321714372479,points,1,192,0.31008792031252497,0.31008792031252497,1.0,0,0.0,,,,,,,,,
s9182101_g0_n2.0_b0_r0.25,9182101,0,2.0,0,0.25,development,bridge,2.0,1.0,a_insample_gate_map,OK,0.0036275390011724085,0.2575321714372473,0.2575321714372473,0.2575321714372479,points,1,192,0.31008792031252497,0.31008792031252497,1.0,0,0.0,,,,,,,,,
s9182101_g0_n2.0_b0_r1.0,9182101,0,2.0,0,1.0,development,bridge,2.0,1.0,a_crossfit_gate_map,OK,0.008767959006945603,0.0643250500727971,0.0643250500727971,0.06432505007279772,points,1,768,0.08471003157990886,0.08471003157990886,1.0,0,0.0,,,,,,,,,
s9182101_g0_n2.0_b0_r1.0,9182101,0,2.0,0,1.0,development,bridge,2.0,1.0,a_insample_gate_map,OK,0.00877201699768193,0.0643250500727971,0.0643250500727971,0.06432505007279772,points,1,768,0.08471003157990886,0.08471003157990886,1.0,0,0.0,,,,,,,,,
s9182101_g0_n2.0_b4_r0.25,9182101,0,2.0,4,0.25,development,bridge,2.0,1.0,a_crossfit_gate_map,OK,0.0035850209969794378,0.32846130946808844,0.32846130946808844,0.32846130946808905,points,1,192,0.37673606387789343,0.37673606387789343,1.0,0,0.0,,,,,,,,,
s9182101_g0_n2.0_b4_r0.25,9182101,0,2.0,4,0.25,development,bridge,2.0,1.0,a_insample_gate_map,OK,0.0035880959912901744,0.32846130946808844,0.32846130946808844,0.32846130946808905,points,1,192,0.37673606387789343,0.37673606387789343,1.0,0,0.0,,,,,,,,,
s9182101_g0_n2.0_b4_r1.0,9182101,0,2.0,4,1.0,development,bridge,2.0,1.0,a_crossfit_gate_map,OK,0.009594756993465126,0.06438124492821283,0.06438124492821283,0.06438124492821347,points,1,768,0.10819012133875251,0.10819012133875251,1.0,0,0.0,,,,,,,,,
s9182101_g0_n2.0_b4_r1.0,9182101,0,2.0,4,1.0,development,bridge,2.0,1.0,a_insample_gate_map,OK,0.009599418990546837,0.06438124492821283,0.06438124492821283,0.06438124492821347,points,1,768,0.10819012133875251,0.10819012133875251,1.0,0,0.0,,,,,,,,,
s9182101_g2_n0.5_b0_r0.25,9182101,2,0.5,0,0.25,development,bridge,0.5,1.0,a_crossfit_gate_map,OK,2.5705856650019996,0.055196444260395404,0.0665017447972447,0.055196444260399914,points,2,428,0.10752184315762481,0.10752184315762481,0.9953271028037384,,0.00028159268880154526,0.25934579439252337,0.0,0.04697736533758734,0.0,0.06407454208158958,0,,,
s9182101_g2_n0.5_b0_r0.25,9182101,2,0.5,0,0.25,development,bridge,0.5,1.0,a_insample_gate_map,OK,2.5705923950008582,0.055949251009518544,0.06736214555235312,0.05594925100952306,points,2,428,0.1080438452375018,0.1080438452375018,0.9953271028037384,,0.00018287710113098438,0.25934579439252337,0.0,0.04742445499352588,0.0,0.06920317260843367,0,,,
s9182101_g2_n0.5_b0_r1.0,9182101,2,0.5,0,1.0,development,bridge,0.5,1.0,a_crossfit_gate_map,OK,3.1390793999889866,0.036255106000991445,0.039403034926383404,0.038638890298068614,points,2,768,0.10228405985040329,0.10228405985040329,0.9986979166666666,,0.0016294111266120194,0.5859375,0.0013020833333333703,0.04903572371613696,0.0011086474501108647,0.014241055514757628,0,,,
s9182101_g2_n0.5_b0_r1.0,9182101,2,0.5,0,1.0,development,bridge,0.5,1.0,a_insample_gate_map,OK,3.139084233000176,0.0366881802940313,0.03994733014625412,0.03906886013298593,points,2,768,0.10246533281691145,0.10246533281691145,0.9986979166666666,,0.0013818565549539852,0.5859375,0.0013020833333333703,0.049759473848265845,0.0011086474501108647,0.01212804983875837,0,,,
s9182101_g2_n0.5_b4_r0.25,9182101,2,0.5,4,0.25,development,bridge,0.5,1.0,a_crossfit_gate_map,OK,2.348294720010017,0.09756812129433655,0.15237244923168414,0.1060356627781473,points,2,428,0.5051126029563091,0.5051126029563091,0.9906542056074766,,0.00026439905854235024,0.2546728971962617,0.004672897196261683,0.07341410657699932,0.009009009009009009,0.0629776323102691,0,,,
s9182101_g2_n0.5_b4_r0.25,9182101,2,0.5,4,0.25,development,bridge,0.5,1.0,a_insample_gate_map,OK,2.3482992670033127,0.09811682905595472,0.1530362608336832,0.10656143624039813,points,2,428,0.5052177221371632,0.5052177221371632,0.9906542056074766,,0.00018352107595826016,0.2546728971962617,0.004672897196261683,0.07389240214673709,0.009009009009009009,0.06726106824323885,0,,,
s9182101_g2_n0.5_b4_r1.0,9182101,2,0.5,4,1.0,development,bridge,0.5,1.0,a_crossfit_gate_map,OK,2.8620358600019244,0.14351066495407994,0.16097894943744073,0.1786435259243655,points,2,768,0.8779918517001563,0.8779918517001563,0.97265625,,0.0016058594812448205,0.5638020833333334,0.0234375,0.11070987544396815,0.019955654101995565,0.01292542996873336,0,,,
s9182101_g2_n0.5_b4_r1.0,9182101,2,0.5,4,1.0,development,bridge,0.5,1.0,a_insample_gate_map,OK,2.8620404490065994,0.14391692746260398,0.1614670449285198,0.17901407571781253,points,2,768,0.8780110758156717,0.8780110758156717,0.97265625,,0.001428867366582519,0.5638020833333334,0.0234375,0.11136494870244218,0.019955654101995565,0.011006046269433911,0,,,
s9182101_g2_n1.0_b0_r0.25,9182101,2,1.0,0,0.25,development,bridge,1.0,1.0,a_crossfit_gate_map,OK,2.507130514990422,0.3597806683336713,0.3995743988146404,0.36347040454899326,points,2,428,0.4426177359862846,0.4426177359862846,0.9813084112149533,,0.23268847524621197,0.24065420560747663,0.01869158878504673,0.48836403218165425,0.036036036036036036,1.8629523412823639,0,,,
s9182101_g2_n1.0_b0_r0.25,9182101,2,1.0,0,0.25,development,bridge,1.0,1.0,a_insample_gate_map,OK,2.5071351769875037,0.08988427508175208,0.1250888651777364,0.07727443785729052,points,2,428,0.28255832370285744,0.28255832370285744,0.9906542056074766,,0.010279301876165778,0.2616822429906542,0.0023364485981308136,0.024809878764730176,0.01982266177849774,0.1624821533857772,0,,,
s9182101_g2_n1.0_b0_r1.0,9182101,2,1.0,0,1.0,development,bridge,1.0,1.0,a_crossfit_gate_map,OK,3.1364429110108176,0.08288030665658726,0.10076526878276607,0.07294552897322791,points,2,768,0.290074401202932,0.290074401202932,0.9856770833333334,,0.013974364265270753,0.5963541666666666,0.00911458333333326,0.14236706753401562,0.021784747529150085,0.027563664497338713,0,,,
s9182101_g2_n1.0_b0_r1.0,9182101,2,1.0,0,1.0,development,bridge,1.0,1.0,a_insample_gate_map,OK,3.1364471630076878,0.07833249814653238,0.09532045519728988,0.06890073665794293,points,2,768,0.2727129148840124,0.2727129148840124,0.9869791666666666,,0.012441589489999724,0.59375,0.00651041666666663,0.13479105299606275,0.01863017339665797,0.031395040831524224,0,,,
s9182101_g2_n1.0_b4_r0.25,9182101,2,1.0,4,0.25,development,bridge,1.0,1.0,a_crossfit_gate_map,OK,2.4688945840025553,0.2870665666078993,0.35500968537093414,0.30061852108235676,points,2,428,0.39415159803164224,0.39415159803164224,0.9719626168224299,,0.08162821057879054,0.22897196261682243,0.030373831775700938,0.3604061386028399,0.05855855855855856,1.0930340780591905,0,,,
s9182101_g2_n1.0_b4_r0.25,9182101,2,1.0,4,0.25,development,bridge,1.0,1.0,a_insample_gate_map,OK,2.4688999490026617,0.10468965971789657,0.13952325492474965,0.09207240657941776,points,2,428,0.29045760961123634,0.29045760961123634,0.9906542056074766,,0.010258899584866574,0.2616822429906542,0.0023364485981308136,0.02485718064996978,0.01982266177849774,0.16187385957002443,0,,,
s9182101_g2_n1.0_b4_r1.0,9182101,2,1.0,4,1.0,development,bridge,1.0,1.0,a_crossfit_gate_map,OK,3.123720739997225,0.08314025600125168,0.09872108852172197,0.07530321936774462,points,2,768,0.2892543659248425,0.2892543659248425,0.9869791666666666,,0.014116250930755844,0.59765625,0.01041666666666663,0.13791850518033444,0.02067610007903922,0.027383429173061025,0,,,
s9182101_g2_n1.0_b4_r1.0,9182101,2,1.0,4,1.0,development,bridge,1.0,1.0,a_insample_gate_map,OK,3.1237255209998693,0.07835976125710817,0.0952508143108905,0.06878291862048685,points,2,768,0.2817797634780213,0.2817797634780213,0.9869791666666666,,0.012455999230765347,0.59375,0.00651041666666663,0.13489433790991368,0.01863017339665797,0.031108583286899805,0,,,
s9182101_g2_n2.0_b0_r0.25,9182101,2,2.0,0,0.25,development,bridge,2.0,1.0,a_crossfit_gate_map,OK,0.005719284003134817,0.4025497014364577,0.42568687022441853,0.4036795625420202,points,1,428,0.4873868648783359,0.4873868648783359,0.9883177570093458,,0.25934579439252337,0.24766355140186916,0.011682242990654207,0.5069250805323615,0.02252252252252252,2.0,1,,,
s9182101_g2_n2.0_b0_r0.25,9182101,2,2.0,0,0.25,development,bridge,2.0,1.0,a_insample_gate_map,OK,0.005722485002479516,0.4025497014364577,0.42568687022441853,0.4036795625420202,points,1,428,0.4873868648783359,0.4873868648783359,0.9883177570093458,,0.25934579439252337,0.24766355140186916,0.011682242990654207,0.5069250805323615,0.02252252252252252,2.0,1,,,
s9182101_g2_n2.0_b0_r1.0,9182101,2,2.0,0,1.0,development,bridge,2.0,1.0,a_crossfit_gate_map,OK,3.1471886910003377,0.3414294613001874,0.3552979585784966,0.3378821930177922,points,2,768,0.4593565607214244,0.4593565607214244,0.953125,,0.09531090980147246,0.6354166666666666,0.04817708333333326,0.5583989318596592,0.06373149048381795,1.1308914929261111,0,,,
s9182101_g2_n2.0_b0_r1.0,9182101,2,2.0,0,1.0,development,bridge,2.0,1.0,a_insample_gate_map,OK,3.1471939780021785,0.16684096299599752,0.20937387124447393,0.13537419579008417,points,2,768,0.4562288484988513,0.4562288484988513,0.9700520833333334,,0.026867941885540748,0.59765625,0.01041666666666663,0.2242298052490963,0.04484951072625151,0.27185764553643477,0,,,
s9182101_g2_n2.0_b4_r0.25,9182101,2,2.0,4,0.25,development,bridge,2.0,1.0,a_crossfit_gate_map,OK,0.005676068991306238,0.4091290983008391,0.4288504873369081,0.40991759652044907,points,1,428,0.49707339479244134,0.49707339479244134,0.9883177570093458,,0.25934579439252337,0.24766355140186916,0.011682242990654207,0.507025218366461,0.02252252252252252,2.0,1,,,
s9182101_g2_n2.0_b4_r0.25,9182101,2,2.0,4,0.25,development,bridge,2.0,1.0,a_insample_gate_map,OK,0.0056811589893186465,0.4091290983008391,0.4288504873369081,0.40991759652044907,points,1,428,0.49707339479244134,0.49707339479244134,0.9883177570093458,,0.25934579439252337,0.24766355140186916,0.011682242990654207,0.507025218366461,0.02252252252252252,2.0,1,,,
s9182101_g2_n2.0_b4_r1.0,9182101,2,2.0,4,1.0,development,bridge,2.0,1.0,a_crossfit_gate_map,OK,3.0222877049964154,0.3151249641644533,0.33699118015989366,0.3104401095906645,points,2,768,0.4796667239789367,0.4796667239789367,0.9361979166666666,,0.08427105567364428,0.6510416666666666,0.06380208333333326,0.5110729879856013,0.08803080431148447,0.8911987315698573,0,,,
s9182101_g2_n2.0_b4_r1.0,9182101,2,2.0,4,1.0,development,bridge,2.0,1.0,a_insample_gate_map,OK,3.0222919219959294,0.16646116857151783,0.20894261336410186,0.13484726030593366,points,2,768,0.46762352532007495,0.46762352532007495,0.96875,,0.026914939359795897,0.59765625,0.01041666666666663,0.22427379467901565,0.04484951072625151,0.2705914862191454,0,,,
s9182101_g4_n0.5_b0_r0.25,9182101,4,0.5,0,0.25,development,bridge,0.5,1.0,a_crossfit_gate_map,OK,2.4393351690087,0.08917018506147488,0.08592062869276793,0.08917018506148015,points,2,432,0.1421056639675391,0.1421056639675391,0.9953703703703703,,5.331013528098679e-12,0.2569444444444444,0.0,0.00480502894890078,0.0,0.09756976896599667,0,,,
s9182101_g4_n0.5_b0_r0.25,9182101,4,0.5,0,0.25,development,bridge,0.5,1.0,a_insample_gate_map,OK,2.4393395690131,0.08917026082191006,0.0859207152128259,0.08917026082191533,points,2,432,0.14210572465685525,0.14210572465685525,0.9953703703703703,,9.905827916990955e-13,0.2569444444444444,0.0,0.0048045704942811795,0.0,0.09756703569338532,0,,,
s9182101_g4_n0.5_b0_r1.0,9182101,4,0.5,0,1.0,development,bridge,0.5,1.0,a_crossfit_gate_map,OK,2.813246560996049,0.05346625631916865,0.05431405586560881,0.05346625631918281,points,2,768,0.08747638819748746,0.08747638819748746,0.9986979166666666,,1.693664519801444e-11,0.58203125,0.0,0.0568554108413859,0.0,0.12884467971624414,0,,,
s9182101_g4_n0.5_b0_r1.0,9182101,4,0.5,0,1.0,development,bridge,0.5,1.0,a_insample_gate_map,OK,2.813251842002501,0.05346628737779141,0.054314070608715195,0.05346628737780556,points,2,768,0.08747640812837751,0.08747640812837751,0.9986979166666666,,8.242843251495675e-12,0.58203125,0.0,0.05685521504957869,0.0,0.12884407202839077,0,,,
s9182101_g4_n0.5_b4_r0.25,9182101,4,0.5,4,0.25,development,bridge,0.5,1.0,a_crossfit_gate_map,OK,2.453122439997969,0.3034306964429148,0.267192506080701,0.2941698306554012,points,2,432,0.9331549603118079,0.9331549603118079,0.9606481481481481,,5.329032129852459e-12,0.2708333333333333,0.013888888888888895,0.026133684319455952,0.015407931295781763,0.09737034433601366,0,,,
s9182101_g4_n0.5_b4_r0.25,9182101,4,0.5,4,0.25,development,bridge,0.5,1.0,a_insample_gate_map,OK,2.4531272819876904,0.30343094670052245,0.2671928616777692,0.29417008954037593,points,2,432,0.9331549952681787,0.9331549952681787,0.9606481481481481,,9.769817829510058e-13,0.2708333333333333,0.013888888888888895,0.026133217346038684,0.015407931295781763,0.09736758181735317,0,,,
s9182101_g4_n0.5_b4_r1.0,9182101,4,0.5,4,1.0,development,bridge,0.5,1.0,a_crossfit_gate_map,OK,2.7777897079940885,0.079876125624318,0.0872165355824474,0.08924908565367907,points,2,768,0.42834394640367374,0.42834394640367374,0.9934895833333334,,1.841553199982885e-11,0.5794270833333334,0.0026041666666666297,0.031885882839120416,0.0022371364653243847,0.12878100964339412,0,,,
s9182101_g4_n0.5_b4_r1.0,9182101,4,0.5,4,1.0,development,bridge,0.5,1.0,a_insample_gate_map,OK,2.7777951390016824,0.07987612951364194,0.08721652550767586,0.08924908969078926,points,2,768,0.42834394619290506,0.42834394619290506,0.9934895833333334,,8.206056607498166e-12,0.5794270833333334,0.0026041666666666297,0.03188567450557178,0.0022371364653243847,0.12878027997865482,0,,,
s9182101_g4_n1.0_b0_r0.25,9182101,4,1.0,0,0.25,development,bridge,1.0,1.0,a_crossfit_gate_map,OK,2.4975273640011437,0.15320717386741614,0.16324433330878432,0.1573038316198011,points,2,432,0.2864497884332928,0.2864497884332928,0.9930555555555556,,0.0025041941671276207,0.25925925925925924,0.002314814814814825,0.0007286976760325636,0.001557632398753894,0.23042743668416543,0,,,
s9182101_g4_n1.0_b0_r0.25,9182101,4,1.0,0,0.25,development,bridge,1.0,1.0,a_insample_gate_map,OK,2.497531978006009,0.15338039745744628,0.16335093021203922,0.1574865065001253,points,2,432,0.28671022484771036,0.28671022484771036,0.9930555555555556,,0.002413691254023617,0.25925925925925924,0.002314814814814825,0.0005914964125790512,0.001557632398753894,0.22425838497703632,0,,,
s9182101_g4_n1.0_b0_r1.0,9182101,4,1.0,0,1.0,development,bridge,1.0,1.0,a_crossfit_gate_map,OK,2.9531981030013412,0.1403419411562574,0.14541029132124875,0.1387730254821687,points,2,768,0.32302271620966183,0.32302271620966183,0.98046875,,0.0027022715758207357,0.5807291666666666,0.0013020833333333703,0.17529964166110812,0.003794768864078279,0.24821577660972638,0,,,
s9182101_g4_n1.0_b0_r1.0,9182101,4,1.0,0,1.0,development,bridge,1.0,1.0,a_insample_gate_map,OK,2.953203462995589,0.14018803257058934,0.14529168083362987,0.138617183151209,points,2,768,0.3230002725391096,0.3230002725391096,0.98046875,,0.0024688200420402563,0.5807291666666666,0.0013020833333333703,0.1757881462735229,0.003794768864078279,0.24636395153200175,0,,,
s9182101_g4_n1.0_b4_r0.25,9182101,4,1.0,4,0.25,development,bridge,1.0,1.0,a_crossfit_gate_map,OK,2.5325971169950208,0.2046301817153605,0.2100308384989519,0.20146354586583498,points,2,432,0.321671789357162,0.321671789357162,0.9930555555555556,,0.002441988003087021,0.25925925925925924,0.002314814814814825,0.04285713843773564,0.001557632398753894,0.22887075036259397,0,,,
s9182101_g4_n1.0_b4_r0.25,9182101,4,1.0,4,0.25,development,bridge,1.0,1.0,a_insample_gate_map,OK,2.532603133993689,0.20478347202699024,0.2100878203606561,0.20161091453643795,points,2,432,0.3220432336840653,0.3220432336840653,0.9930555555555556,,0.002404252928999782,0.25925925925925924,0.002314814814814825,0.043106095062126926,0.001557632398753894,0.22346179519549736,0,,,
s9182101_g4_n1.0_b4_r1.0,9182101,4,1.0,4,1.0,development,bridge,1.0,1.0,a_crossfit_gate_map,OK,2.9112517540052067,0.2502768192851626,0.3259913277772569,0.31573407964310357,points,2,768,1.152486344668003,1.152486344668003,0.9505208333333334,,0.0026791714935862024,0.5533854166666666,0.02864583333333337,0.3062367606242917,0.03263710301281649,0.24885701817687167,0,,,
s9182101_g4_n1.0_b4_r1.0,9182101,4,1.0,4,1.0,development,bridge,1.0,1.0,a_insample_gate_map,OK,2.9112562780064764,0.2501243422073889,0.3258494165273537,0.3155953580814902,points,2,768,1.1524789624316096,1.1524789624316096,0.9505208333333334,,0.0024910977979380505,0.5533854166666666,0.02864583333333337,0.30641124306206446,0.03263710301281649,0.24690829060530506,0,,,
s9182101_g4_n2.0_b0_r0.25,9182101,4,2.0,0,0.25,development,bridge,2.0,1.0,a_crossfit_gate_map,OK,2.5600505309994332,0.7606647535146384,0.8689941437992923,0.7688910710672787,points,2,432,0.9511781934039486,0.9511781934039486,0.6828703703703703,,0.1599527513787409,0.23148148148148148,0.025462962962962937,0.9680587073056657,0.04954954954954955,3.63441161624327,0,,,
s9182101_g4_n2.0_b0_r0.25,9182101,4,2.0,0,0.25,development,bridge,2.0,1.0,a_insample_gate_map,OK,2.560055656998884,0.30533893629823017,0.3394174214917124,0.2944411076966026,points,2,432,0.5340368564252096,0.5340368564252096,0.9884259259259259,,0.00884567009464912,0.25925925925925924,0.002314814814814825,0.10423948355531909,0.01368190620527069,0.4844660073477063,0,,,
s9182101_g4_n2.0_b0_r1.0,9182101,4,2.0,0,1.0,development,bridge,2.0,1.0,a_crossfit_gate_map,OK,3.173976224992657,0.21464675954680992,0.24974551651367793,0.21941044096407852,points,2,768,0.4935082401216176,0.4935082401216176,0.9869791666666666,,0.010820245046537226,0.5768229166666666,0.00520833333333337,0.2924147819007734,0.01250287482489703,0.5170310719726912,0,,,
s9182101_g4_n2.0_b0_r1.0,9182101,4,2.0,0,1.0,development,bridge,2.0,1.0,a_insample_gate_map,OK,3.173981788000674,0.21106600696265665,0.23846767331928687,0.2082973186418683,points,2,768,0.45270390147223544,0.45270390147223544,0.9895833333333334,,0.009511356322131443,0.5794270833333334,0.0026041666666666297,0.2781565733801985,0.010265738359572644,0.4860736257974634,0,,,
s9182101_g4_n2.0_b4_r0.25,9182101,4,2.0,4,0.25,development,bridge,2.0,1.0,a_crossfit_gate_map,OK,2.6034125269943615,0.7069606133822043,0.7806670752703658,0.7130115583952399,points,2,432,0.8998020502787999,0.8998020502787999,0.7245370370370371,,0.11969440493310078,0.24074074074074073,0.016203703703703692,0.7989147867165567,0.03153153153153153,3.1829281378337657,0,,,
s9182101_g4_n2.0_b4_r0.25,9182101,4,2.0,4,0.25,development,bridge,2.0,1.0,a_insample_gate_map,OK,2.603416865997133,0.34818323423995,0.38162806424754386,0.33662977152735857,points,2,432,0.5875153562688297,0.5875153562688297,0.9884259259259259,,0.008769040961050686,0.25925925925925924,0.002314814814814825,0.10439088019864595,0.01368190620527069,0.48408663325052714,0,,,
s9182101_g4_n2.0_b4_r1.0,9182101,4,2.0,4,1.0,development,bridge,2.0,1.0,a_crossfit_gate_map,OK,3.1190346039948054,0.2153096648064936,0.24223420532618106,0.21257492367696926,points,2,768,0.4765091125980827,0.4765091125980827,0.9895833333333334,,0.010695307814165384,0.5794270833333334,0.0026041666666666297,0.2815531957006989,0.010265738359572644,0.5310062336743693,0,,,
s9182101_g4_n2.0_b4_r1.0,9182101,4,2.0,4,1.0,development,bridge,2.0,1.0,a_insample_gate_map,OK,3.1190394570003264,0.21105740138665255,0.23843206709078296,0.20819432712406727,points,2,768,0.47562334132528106,0.47562334132528106,0.9895833333333334,,0.009470015566606803,0.5794270833333334,0.0026041666666666297,0.2787130230024837,0.010265738359572644,0.48559977927808307,0,,,
s9182101_g8_n0.5_b0_r0.25,9182101,8,0.5,0,0.25,development,bridge,0.5,1.0,a_crossfit_gate_map,OK,2.227829853000003,0.049239104120614385,0.05708202729221222,0.049239104120631344,points,2,396,0.12887090446286098,0.12887090446286098,0.9924242424242424,,9.967466062920891e-82,0.29797979797979796,0.0,0.06982159215428574,0.0,0.1811201778489,0,,,
s9182101_g8_n0.5_b0_r0.25,9182101,8,0.5,0,0.25,development,bridge,0.5,1.0,a_insample_gate_map,OK,2.227834384990274,0.04923910432579731,0.05708202751817494,0.049239104325814256,points,2,396,0.12887090454386085,0.12887090454386085,0.9924242424242424,,3.452689667796983e-82,0.29797979797979796,0.0,0.06982159231275276,0.0,0.18112017788368462,0,,,
s9182101_g8_n0.5_b0_r1.0,9182101,8,0.5,0,1.0,development,bridge,0.5,1.0,a_crossfit_gate_map,OK,3.0089686470018933,0.02589477486756604,0.023812635993574895,0.025894774867606746,points,2,768,0.07089734787202677,0.07089734787202677,0.9986979166666666,,6.924803276131832e-80,0.6380208333333334,0.0,0.047625271987149276,0.0,0.041835129504532276,0,,,
s9182101_g8_n0.5_b0_r1.0,9182101,8,0.5,0,1.0,development,bridge,0.5,1.0,a_insample_gate_map,OK,3.008973665011581,0.02589477486755078,0.0238126359935612,0.025894774867591487,points,2,768,0.07089734787202095,0.07089734787202095,0.9986979166666666,,8.020941577540965e-80,0.6380208333333334,0.0,0.04762527198712263,0.0,0.04183512950452695,0,,,
s9182101_g8_n0.5_b4_r0.25,9182101,8,0.5,4,0.25,development,bridge,0.5,1.0,a_crossfit_gate_map,OK,2.4435140660061734,0.3425853561613387,0.4080688660494803,0.34258535616135355,points,2,396,0.7991890844075201,0.7991890844075201,0.9747474747474747,,1.3016161981328705e-81,0.29797979797979796,0.0,0.28346326911582764,0.0,0.1799661450079384,0,,,
s9182101_g8_n0.5_b4_r0.25,9182101,8,0.5,4,0.25,development,bridge,0.5,1.0,a_insample_gate_map,OK,2.443519313004799,0.342585358921626,0.40806886867545866,0.34258535892164077,points,2,396,0.7991890852090515,0.7991890852090515,0.9747474747474747,,4.446132820916214e-82,0.29797979797979796,0.0,0.28346326845099945,0.0,0.1799661444045153,0,,,
s9182101_g8_n0.5_b4_r1.0,9182101,8,0.5,4,1.0,development,bridge,0.5,1.0,a_crossfit_gate_map,OK,2.9002996120107127,0.04320930453560604,0.04163993798831815,0.04320930453560952,points,2,768,0.28668942582560253,0.28668942582560253,0.9921875,,9.084291466242866e-80,0.6380208333333334,0.0,0.04186527864646905,0.0,0.04181908665771594,0,,,
s9182101_g8_n0.5_b4_r1.0,9182101,8,0.5,4,1.0,development,bridge,0.5,1.0,a_insample_gate_map,OK,2.900304378999863,0.04320930453560604,0.04163993798831815,0.04320930453560952,points,2,768,0.28668942582560253,0.28668942582560253,0.9921875,,7.96765819791819e-80,0.6380208333333334,0.0,0.04186527864646905,0.0,0.04181908665771594,0,,,
s9182101_g8_n1.0_b0_r0.25,9182101,8,1.0,0,0.25,development,bridge,1.0,1.0,a_crossfit_gate_map,OK,2.2657012160052545,0.11914234925920938,0.12474908379822253,0.11914234925922167,points,2,396,0.25036567907353563,0.25036567907353563,0.9873737373737373,,4.883928215848409e-15,0.29797979797979796,0.0,0.1081904134265379,0.0,0.38355085757711826,0,,,
s9182101_g8_n1.0_b0_r0.25,9182101,8,1.0,0,0.25,development,bridge,1.0,1.0,a_insample_gate_map,OK,2.2657061990030343,0.11914235380420513,0.12474908642576733,0.11914235380421742,points,2,396,0.25036568063235776,0.25036568063235776,0.9873737373737373,,1.8031001365219604e-15,0.29797979797979796,0.0,0.1081904094295858,0.0,0.3835509105669086,0,,,
s9182101_g8_n1.0_b0_r1.0,9182101,8,1.0,0,1.0,development,bridge,1.0,1.0,a_crossfit_gate_map,OK,2.8205321109999204,0.05851600389175581,0.05007612802311853,0.05851600389178159,points,2,768,0.15653429305423955,0.15653429305423955,0.9934895833333334,,7.197478190144242e-17,0.6380208333333334,0.0,0.07745408973696932,0.0,0.0775182771869325,0,,,
s9182101_g8_n1.0_b0_r1.0,9182101,8,1.0,0,1.0,development,bridge,1.0,1.0,a_insample_gate_map,OK,2.820537432009587,0.05851600389175581,0.05007612802311853,0.05851600389178159,points,2,768,0.15653429305423955,0.15653429305423955,0.9934895833333334,,2.8104094031954023e-17,0.6380208333333334,0.0,0.07745408973696932,0.0,0.0775182771869325,0,,,
s9182101_g8_n1.0_b4_r0.25,9182101,8,1.0,4,0.25,development,bridge,1.0,1.0,a_crossfit_gate_map,OK,2.2108296590013197,0.44356869864790854,0.41803376905135725,0.4312789701645765,points,2,396,1.0299461602523263,1.0299461602523263,0.952020202020202,,4.2586089410077305e-15,0.3106060606060606,0.012626262626262652,0.09693867363646902,0.008992805755395683,0.38056953496924173,0,,,
s9182101_g8_n1.0_b4_r0.25,9182101,8,1.0,4,0.25,development,bridge,1.0,1.0,a_insample_gate_map,OK,2.2108336450037314,0.443568690156792,0.4180337616030164,0.43127896167346413,points,2,396,1.0299461589351964,1.0299461589351964,0.952020202020202,,1.8608162119735324e-15,0.3106060606060606,0.012626262626262652,0.09693867879822271,0.008992805755395683,0.38056958924740236,0,,,
s9182101_g8_n1.0_b4_r1.0,9182101,8,1.0,4,1.0,development,bridge,1.0,1.0,a_crossfit_gate_map,OK,2.890331458998844,0.12583459285030044,0.11168050651597718,0.137132365430306,points,2,768,0.6993862139303031,0.6993862139303031,0.9791666666666666,,6.71911404214166e-17,0.6328125,0.00520833333333337,0.12354920088731802,0.004081632653061225,0.0774219589946874,0,,,
s9182101_g8_n1.0_b4_r1.0,9182101,8,1.0,4,1.0,development,bridge,1.0,1.0,a_insample_gate_map,OK,2.8903366519953124,0.12583459283808043,0.11168050675974517,0.13713236541808596,points,2,768,0.6993862138963313,0.6993862138963313,0.9791666666666666,,2.796025186584349e-17,0.6328125,0.00520833333333337,0.12354920137485514,0.004081632653061225,0.07742195925613338,0,,,
s9182101_g8_n2.0_b0_r0.25,9182101,8,2.0,0,0.25,development,bridge,2.0,1.0,a_crossfit_gate_map,OK,2.316897547003464,0.3996321849276854,0.4320164395332933,0.40321211958184155,points,2,396,0.8145259754058132,0.8145259754058132,0.9116161616161617,,0.001696964589498154,0.29545454545454547,0.002525252525252486,0.030797973844746807,0.00423728813559322,1.0816373406829047,0,,,
s9182101_g8_n2.0_b0_r0.25,9182101,8,2.0,0,0.25,development,bridge,2.0,1.0,a_insample_gate_map,OK,2.3169025880051777,0.3996112030866509,0.4319272753249659,0.40319113774080717,points,2,396,0.8145459831284328,0.8145459831284328,0.9116161616161617,,0.0015638358202867712,0.29545454545454547,0.002525252525252486,0.03031271379736289,0.00423728813559322,1.0834433565072707,0,,,
s9182101_g8_n2.0_b0_r1.0,9182101,8,2.0,0,1.0,development,bridge,2.0,1.0,a_crossfit_gate_map,OK,2.9481079319957644,0.17502968310755876,0.14997971119603537,0.17502968310756636,points,2,768,0.4418461808122187,0.4418461808122187,0.9596354166666666,,0.00032737646775943507,0.6380208333333334,0.0,0.04937978619718564,0.0,0.1335847279798017,0,,,
s9182101_g8_n2.0_b0_r1.0,9182101,8,2.0,0,1.0,development,bridge,2.0,1.0,a_insample_gate_map,OK,2.9481127750041196,0.17505572531268032,0.1504258243955781,0.17505572531268787,points,2,768,0.4416921279823001,0.4416921279823001,0.9596354166666666,,0.0002684139545047889,0.6380208333333334,0.0,0.05027494358587958,0.0,0.13668147367143746,0,,,
s9182101_g8_n2.0_b4_r0.25,9182101,8,2.0,4,0.25,development,bridge,2.0,1.0,a_crossfit_gate_map,OK,2.31900615800987,0.6568531452901664,0.6791579617389312,0.6385445931227152,points,2,396,1.6120439819428407,1.6120439819428407,0.9267676767676768,,0.0016010014746675662,0.3282828282828283,0.03030303030303033,0.026643305202822987,0.027618583099621997,1.0787991966760657,0,,,
s9182101_g8_n2.0_b4_r0.25,9182101,8,2.0,4,0.25,development,bridge,2.0,1.0,a_insample_gate_map,OK,2.319011182000395,0.6569841053240061,0.6793585947928673,0.6386665470744667,points,2,396,1.6121541936616908,1.6121541936616908,0.9267676767676768,,0.0015673484863931307,0.3282828282828283,0.03030303030303033,0.026342816874916686,0.027618583099621997,1.0823345361181396,0,,,
s9182101_g8_n2.0_b4_r1.0,9182101,8,2.0,4,1.0,development,bridge,2.0,1.0,a_crossfit_gate_map,OK,2.96407565199479,0.296782824877452,0.3010459708520879,0.3643891701742436,points,2,768,1.235505892222529,1.235505892222529,0.94140625,,0.0003196091875207803,0.6158854166666666,0.02213541666666674,0.06969099943168544,0.017346938775510204,0.1321144276292756,0,,,
s9182101_g8_n2.0_b4_r1.0,9182101,8,2.0,4,1.0,development,bridge,2.0,1.0,a_insample_gate_map,OK,2.9640802339999937,0.2968064318894467,0.30155266252498436,0.3644127771862382,points,2,768,1.2354447740015624,1.2354447740015624,0.94140625,,0.0002630245280679327,0.6158854166666666,0.02213541666666674,0.07072328037632047,0.017346938775510204,0.13520539391659447,0,,,
s9190101_g0_n1_p0.5_l0,9190101,0.0,1.0,,,development,statistical,1.0,1.0,a_crossfit_gate_map,OK,0.008565802010707557,0.06883380384859139,0.06883380384859139,0.06883380384859203,points,1,768,0.08427170688651811,0.08427170688651811,1.0,0,0.0,,,,,,,0.5,0.0,
s9190101_g0_n1_p0.5_l0,9190101,0.0,1.0,,,development,statistical,1.0,1.0,a_insample_gate_map,OK,0.008569819008698687,0.06883380384859139,0.06883380384859139,0.06883380384859203,points,1,768,0.08427170688651811,0.08427170688651811,1.0,0,0.0,,,,,,,0.5,0.0,
s9190101_g0_n2_p0.5_l0,9190101,0.0,2.0,,,development,statistical,2.0,1.0,a_crossfit_gate_map,OK,0.008239595001214184,0.13766760769718278,0.13766760769718278,0.13766760769718406,points,1,768,0.16854341377303622,0.16854341377303622,1.0,0,0.0,,,,,,,0.5,0.0,
s9190101_g0_n2_p0.5_l0,9190101,0.0,2.0,,,development,statistical,2.0,1.0,a_insample_gate_map,OK,0.008243674004916102,0.13766760769718278,0.13766760769718278,0.13766760769718406,points,1,768,0.16854341377303622,0.16854341377303622,1.0,0,0.0,,,,,,,0.5,0.0,
s9190101_g2_n1_p0.2_l0,9190101,2.0,1.0,,,development,statistical,1.0,1.0,a_crossfit_gate_map,OK,2.85380489200179,0.10004462178707785,0.5167472539573622,0.11688956977319237,points,2,768,0.698418589393866,0.698418589393866,0.8763020833333334,,0.09689962768372624,0.21484375,0.014322916666666657,0.9969990190214342,0.20388975845001903,0.2987214584840756,0,0.2,0.0,
s9190101_g2_n1_p0.2_l0,9190101,2.0,1.0,,,development,statistical,1.0,1.0,a_insample_gate_map,OK,2.853809945998364,0.09462579299901741,0.5226710460428745,0.11914735770996748,points,2,768,0.7225086962789086,0.7225086962789086,0.87109375,,0.09601286954105703,0.22005208333333334,0.01953125,0.9938349470339418,0.2112081729345573,0.24970820513400338,0,0.2,0.0,
s9190101_g2_n1_p0.2_l1,9190101,2.0,1.0,,,development,statistical,1.0,1.0,a_crossfit_gate_map,OK,3.102208348005661,0.06568301976850628,0.13094173886193783,0.07089135310184709,points,2,768,0.26509454965759965,0.26509454965759965,0.9869791666666666,,0.010975063092826143,0.203125,0.0026041666666666574,0.019523354215124744,0.021934091966665254,0.009901838227366344,0,0.2,1.0,
s9190101_g2_n1_p0.2_l1,9190101,2.0,1.0,,,development,statistical,1.0,1.0,a_insample_gate_map,OK,3.102212926998618,0.06511817229192328,0.11739703071421093,0.07032650562526407,points,2,768,0.22293996641126546,0.22293996641126546,0.9921875,,0.009877993832647572,0.203125,0.0026041666666666574,0.054498536654676855,0.013811920978044756,0.017800300518617806,0,0.2,1.0,
s9190101_g2_n1_p0.5_l0,9190101,2.0,1.0,,,development,statistical,1.0,1.0,a_crossfit_gate_map,OK,2.7096137250046013,0.07768234223970193,0.36803725460614306,0.15127970322660184,points,2,768,0.7814441524481497,0.7814441524481497,0.8645833333333334,,0.11175941534438112,0.5442708333333334,0.04427083333333337,0.5891911470662834,0.15104166666666666,0.01991700023413312,0,0.5,0.0,
s9190101_g2_n1_p0.5_l0,9190101,2.0,1.0,,,development,statistical,1.0,1.0,a_insample_gate_map,OK,2.7096186020062305,0.07652588512623132,0.3772108698023108,0.14581895464639574,points,2,768,0.7945922680630755,0.7945922680630755,0.8606770833333334,,0.11153587432983937,0.5416666666666666,0.04166666666666663,0.6090243278382461,0.15625,0.021765470194970327,0,0.5,0.0,
s9190101_g2_n1_p0.5_l1,9190101,2.0,1.0,,,development,statistical,1.0,1.0,a_crossfit_gate_map,OK,3.165475986999809,0.06788831688519652,0.08842873692801423,0.08333881915335534,points,2,768,0.22170418134626946,0.22170418134626946,0.9934895833333334,,0.009085407400314554,0.5078125,0.0078125,0.07549273615972307,0.010416666666666668,0.008722988907355678,0,0.5,1.0,
s9190101_g2_n1_p0.5_l1,9190101,2.0,1.0,,,development,statistical,1.0,1.0,a_insample_gate_map,OK,3.1654812319902703,0.06614456186314627,0.08423613282302325,0.0791497365765308,points,2,768,0.21010891339630705,0.21010891339630705,0.9934895833333334,,0.008118025882559282,0.5065104166666666,0.00651041666666663,0.0780230963941162,0.009114583333333334,0.003556122331288769,0,0.5,1.0,
s9190101_g2_n1_p0.8_l0,9190101,2.0,1.0,,,development,statistical,1.0,1.0,a_crossfit_gate_map,OK,2.849038233005558,0.05040317214778036,0.5076437055190205,0.14137459891122323,points,2,768,0.6785481874379397,0.6785481874379397,0.89453125,,0.08710961222294261,0.84765625,0.04817708333333337,0.9578545312562654,0.22571809298193665,0.0984006351743536,0,0.8,0.0,
s9190101_g2_n1_p0.8_l0,9190101,2.0,1.0,,,development,statistical,1.0,1.0,a_insample_gate_map,OK,2.8490424460032955,0.04371142158806113,0.48775688162893904,0.14031568186540913,points,2,768,0.6691789414658031,0.6691789414658031,0.8971354166666666,,0.08724753824812019,0.8515625,0.05208333333333337,0.9261225470972154,0.22327509623926564,0.05780312530830467,0,0.8,0.0,
s9190101_g2_n1_p0.8_l1,9190101,2.0,1.0,,,development,statistical,1.0,1.0,a_crossfit_gate_map,OK,3.2955634190002456,0.10737425608236217,0.16370360963606598,0.11518675608235862,points,2,768,0.29888083949768707,0.29888083949768707,0.9830729166666666,,0.013062530411684724,0.7955729166666666,0.00390625,0.13555234152813522,0.022748424214222258,0.23004019420316224,0,0.8,1.0,
s9190101_g2_n1_p0.8_l1,9190101,2.0,1.0,,,development,statistical,1.0,1.0,a_insample_gate_map,OK,3.295570640009828,0.10580235786587928,0.15114302794203927,0.11361485786587573,points,2,768,0.2772594214481508,0.2772594214481508,0.9856770833333334,,0.011912322429638083,0.7955729166666666,0.00390625,0.14414641411979856,0.01868733871991201,0.2293015771616913,0,0.8,1.0,
s9190101_g2_n2_p0.2_l0,9190101,2.0,2.0,,,development,statistical,2.0,1.0,a_crossfit_gate_map,OK,0.008437220007181168,0.5062166655251183,1.0043931993265587,0.6477913124941495,points,1,768,0.8170960283899293,0.8170960283899293,0.7994791666666666,,0.20052083333333334,0.0,0.20052083333333334,2.0087863986531174,0.5,2.0,1,0.2,0.0,
s9190101_g2_n2_p0.2_l0,9190101,2.0,2.0,,,development,statistical,2.0,1.0,a_insample_gate_map,OK,0.008441095997113734,0.5062166655251183,1.0043931993265587,0.6477913124941495,points,1,768,0.8170960283899293,0.8170960283899293,0.7994791666666666,,0.20052083333333334,0.0,0.20052083333333334,2.0087863986531174,0.5,2.0,1,0.2,0.0,
s9190101_g2_n2_p0.2_l1,9190101,2.0,2.0,,,development,statistical,2.0,1.0,a_crossfit_gate_map,OK,3.5355656330066267,0.17449007595023044,0.35170970385638956,0.19104515356691482,points,2,768,0.4201029285821758,0.4201029285821758,0.9674479166666666,,0.0308529908182818,0.18880208333333334,0.01171875,0.06218453296120163,0.06577054866957147,0.07528922172957442,0,0.2,1.0,
s9190101_g2_n2_p0.2_l1,9190101,2.0,2.0,,,development,statistical,2.0,1.0,a_insample_gate_map,OK,3.535570470005041,0.151587362334465,0.3200984914679689,0.1556675585036737,points,2,768,0.3936519420372819,0.3936519420372819,0.9791666666666666,,0.02505815164372018,0.19791666666666666,0.002604166666666685,0.19039723261315222,0.043043275942298745,0.20105643338942514,0,0.2,1.0,
s9190101_g2_n2_p0.5_l0,9190101,2.0,2.0,,,development,statistical,2.0,1.0,a_crossfit_gate_map,OK,3.1260752829984995,0.39377114138668706,0.900093174502119,0.6487612786428748,points,2,768,1.1426889490438692,1.1426889490438692,0.65625,,0.22502426013637702,0.24609375,0.25390625,1.3864926954986982,0.36067708333333337,0.20214496416454164,0,0.5,0.0,
s9190101_g2_n2_p0.5_l0,9190101,2.0,2.0,,,development,statistical,2.0,1.0,a_insample_gate_map,OK,3.1260803440090967,0.39457653440293566,0.9123479337665343,0.6460640204329644,points,2,768,1.1580398796778097,1.1580398796778097,0.65625,,0.2253902567482764,0.24869791666666666,0.25130208333333337,1.4056267708428618,0.3658854166666667,0.21533679738208011,0,0.5,0.0,
s9190101_g2_n2_p0.5_l1,9190101,2.0,2.0,,,development,statistical,2.0,1.0,a_crossfit_gate_map,OK,0.008148234992404468,0.4215374433037515,0.4276932059669335,0.42619059172185225,points,1,768,0.5134600877397438,0.5134600877397438,0.9609375,,0.5,0.5390625,0.0390625,0.273351474425624,0.0390625,2.0,1,0.5,1.0,
s9190101_g2_n2_p0.5_l1,9190101,2.0,2.0,,,development,statistical,2.0,1.0,a_insample_gate_map,OK,0.008152613998390734,0.4215374433037515,0.4276932059669335,0.42619059172185225,points,1,768,0.5134600877397438,0.5134600877397438,0.9609375,,0.5,0.5390625,0.0390625,0.273351474425624,0.0390625,2.0,1,0.5,1.0,
s9190101_g2_n2_p0.8_l0,9190101,2.0,2.0,,,development,statistical,2.0,1.0,a_crossfit_gate_map,OK,0.008143293991452083,0.29586666780821386,1.0029340575283268,0.5152529690173321,points,1,768,0.8177198373121146,0.8177198373121146,0.7994791666666666,,0.7994791666666666,1.0,0.20052083333333337,2.0058681150566535,0.5,2.0,1,0.8,0.0,
s9190101_g2_n2_p0.8_l0,9190101,2.0,2.0,,,development,statistical,2.0,1.0,a_insample_gate_map,OK,0.008147239990648814,0.29586666780821386,1.0029340575283268,0.5152529690173321,points,1,768,0.8177198373121146,0.8177198373121146,0.7994791666666666,,0.7994791666666666,1.0,0.20052083333333337,2.0058681150566535,0.5,2.0,1,0.8,0.0,
s9190101_g2_n2_p0.8_l1,9190101,2.0,2.0,,,development,statistical,2.0,1.0,a_crossfit_gate_map,OK,3.494634867995046,0.2622034485467069,0.5028705514224764,0.29345344854671135,points,2,768,0.5664754351342292,0.5664754351342292,0.95703125,,0.029683471033660785,0.8151041666666666,0.015625,0.2700202205335662,0.08363297939845171,0.7243648290045019,0,0.8,1.0,
s9190101_g2_n2_p0.8_l1,9190101,2.0,2.0,,,development,statistical,2.0,1.0,a_insample_gate_map,OK,3.4946439360064687,0.26432930450867387,0.47438594048834243,0.2877668045086784,points,2,768,0.5405164798340412,0.5405164798340412,0.96484375,,0.027352195308374516,0.8111979166666666,0.01171875,0.3179057068976894,0.06983163416388172,0.7401021218518862,0,0.8,1.0,
s9190101_g8_n1_p0.2_l0,9190101,8.0,1.0,,,development,statistical,1.0,1.0,a_crossfit_gate_map,OK,2.974613769998541,0.07946121638350033,0.07347912660827861,0.07946121638352699,points,2,768,0.09522832490369723,0.09522832490369723,1.0,,3.7458685944524554e-08,0.20052083333333334,0.0,0.11845118763990037,0.0,0.11127225255318152,0,0.2,0.0,
s9190101_g8_n1_p0.2_l0,9190101,8.0,1.0,,,development,statistical,1.0,1.0,a_insample_gate_map,OK,2.9746198960056063,0.07946207449750103,0.07347930771427644,0.0794620744975277,points,2,768,0.09522955769036048,0.09522955769036048,1.0,,3.6342511836157305e-08,0.20052083333333334,0.0,0.11844738779801567,0.0,0.11126822817112014,0,0.2,0.0,
s9190101_g8_n1_p0.2_l1,9190101,8.0,1.0,,,development,statistical,1.0,1.0,a_crossfit_gate_map,OK,3.0667135669937124,0.07040836101817859,0.0864599757378628,0.07040836101820674,points,2,768,0.08476283385773584,0.08476283385773584,1.0,,2.9107341284565087e-10,0.20052083333333334,0.0,0.07589514661699504,0.0,0.030759552575126747,0,0.2,1.0,
s9190101_g8_n1_p0.2_l1,9190101,8.0,1.0,,,development,statistical,1.0,1.0,a_insample_gate_map,OK,3.0667182759934803,0.07041017766966078,0.08646313815224681,0.07041017766968892,points,2,768,0.08476514116060799,0.08476514116060799,1.0,,1.1202193136839744e-10,0.20052083333333334,0.0,0.07589958062159496,0.0,0.030755840078870555,0,0.2,1.0,
s9190101_g8_n1_p0.5_l0,9190101,8.0,1.0,,,development,statistical,1.0,1.0,a_crossfit_gate_map,OK,2.896538562999922,0.06937200735834535,0.06937200735834535,0.06937200735841216,points,2,768,0.08542929900819692,0.08542929900819692,1.0,,1.4229988623530465e-07,0.5,0.0,0.026142634318706115,0.0,0.026829300573607995,0,0.5,0.0,
s9190101_g8_n1_p0.5_l0,9190101,8.0,1.0,,,development,statistical,1.0,1.0,a_insample_gate_map,OK,2.896543095994275,0.0693757804034201,0.0693757804034201,0.06937578040348691,points,2,768,0.08543394891820247,0.08543394891820247,1.0,,1.4974769391841072e-07,0.5,0.0,0.02614161205983656,0.0,0.02682822961375919,0,0.5,0.0,
s9190101_g8_n1_p0.5_l1,9190101,8.0,1.0,,,development,statistical,1.0,1.0,a_crossfit_gate_map,OK,2.950428287993418,1.0260766425848946,1.027972581544157,1.0279725815441718,points,2,768,1.2808660624186692,1.2808660624186692,0.5716145833333334,,0.40837797468233844,0.5013020833333334,0.0013020833333333703,0.5285711024093285,0.0013020833333333333,4.3334031118405765,0,0.5,1.0,
s9190101_g8_n1_p0.5_l1,9190101,8.0,1.0,,,development,statistical,1.0,1.0,a_insample_gate_map,OK,2.950433129997691,1.0181380276958316,1.0200278618670588,1.020027861867074,points,2,768,1.2685553150708697,1.2685553150708697,0.5755208333333334,,0.4089103548871644,0.5013020833333334,0.0013020833333333703,0.5158103308919104,0.0013020833333333333,4.330817522559981,0,0.5,1.0,
s9190101_g8_n1_p0.8_l0,9190101,8.0,1.0,,,development,statistical,1.0,1.0,a_crossfit_gate_map,OK,2.9173564320080914,0.07426946210301914,0.09704092898862815,0.07426946210303441,points,2,768,0.09290965919549021,0.09290965919549021,1.0,,4.928630206362886e-07,0.7994791666666666,0.0,0.10315340513853144,0.0,0.09883890278063845,0,0.8,0.0,
s9190101_g8_n1_p0.8_l0,9190101,8.0,1.0,,,development,statistical,1.0,1.0,a_insample_gate_map,OK,2.9173616909974953,0.07428025606549142,0.09705392069210242,0.07428025606550667,points,2,768,0.09292270789029317,0.09292270789029317,1.0,,4.2899448200933333e-07,0.7994791666666666,0.0,0.1031623371041146,0.0,0.09884712469146528,0,0.8,0.0,
s9190101_g8_n1_p0.8_l1,9190101,8.0,1.0,,,development,statistical,1.0,1.0,a_crossfit_gate_map,OK,2.9813774389913306,0.08270412847579298,0.07984953024639378,0.08270412847580896,points,2,768,0.09129870921398645,0.09129870921398645,1.0,,3.5635731960645995e-11,0.7994791666666666,0.0,0.15969548659007415,0.0,0.12420646709592376,0,0.8,1.0,
s9190101_g8_n1_p0.8_l1,9190101,8.0,1.0,,,development,statistical,1.0,1.0,a_insample_gate_map,OK,2.9813825489982264,0.08270430358084978,0.07985066220178119,0.08270430358086575,points,2,768,0.09129906406201052,0.09129906406201052,1.0,,9.675656434575944e-12,0.7994791666666666,0.0,0.1596977452685664,0.0,0.12420863074905775,0,0.8,1.0,
s9190101_g8_n2_p0.2_l0,9190101,8.0,2.0,,,development,statistical,2.0,1.0,a_crossfit_gate_map,OK,2.8444194449984934,0.14577842403353614,0.37610367921182464,0.19218053739026145,points,2,768,1.1043789668520518,1.1043789668520518,0.984375,,0.014161227787008351,0.20703125,0.006510416666666657,0.7301568501854057,0.024377088709336265,0.34258004470297543,0,0.2,0.0,
s9190101_g8_n2_p0.2_l0,9190101,8.0,2.0,,,development,statistical,2.0,1.0,a_insample_gate_map,OK,2.8444255350041203,0.14464479522063847,0.37020696082166543,0.18175743318581608,points,2,768,1.0693359962710163,1.0693359962710163,0.9856770833333334,,0.01424544533927718,0.20572916666666666,0.005208333333333315,0.7188207736143024,0.02356275646177926,0.3439878601950799,0,0.2,0.0,
s9190101_g8_n2_p0.2_l1,9190101,8.0,2.0,,,development,statistical,2.0,1.0,a_crossfit_gate_map,OK,3.1438585329888156,0.1321849156646103,0.19899806576066587,0.13218491566463902,points,2,768,0.43776883192794325,0.43776883192794325,0.9986979166666666,,0.0019364700364053339,0.20052083333333334,0.0,0.09601663231924285,0.004061085494310251,0.04288831743405197,0,0.2,1.0,
s9190101_g8_n2_p0.2_l1,9190101,8.0,2.0,,,development,statistical,2.0,1.0,a_insample_gate_map,OK,3.143863392993808,0.13278802859676,0.20020597529718898,0.13278802859678873,points,2,768,0.4381413436737529,0.4381413436737529,0.9986979166666666,,0.0018729426293468618,0.20052083333333334,0.0,0.09757293770122111,0.004061085494310251,0.040737664225835246,0,0.2,1.0,
s9190101_g8_n2_p0.5_l0,9190101,8.0,2.0,,,development,statistical,2.0,1.0,a_crossfit_gate_map,OK,2.8211322349961847,0.13741728818551932,0.34267399563596157,0.15718608297936143,points,2,768,1.309900554198489,1.309900554198489,0.9752604166666666,,0.01638374877838138,0.5026041666666666,0.0026041666666666297,0.3581255571464128,0.026041666666666664,0.06273313212724929,0,0.5,0.0,
s9190101_g8_n2_p0.5_l0,9190101,8.0,2.0,,,development,statistical,2.0,1.0,a_insample_gate_map,OK,2.8211377050029114,0.1371017990993093,0.34236666156428547,0.15686932376301166,points,2,768,1.309844868196201,1.309844868196201,0.9752604166666666,,0.016400779041047284,0.5026041666666666,0.0026041666666666297,0.35805072865110965,0.026041666666666664,0.06281532584401361,0,0.5,0.0,
s9190101_g8_n2_p0.5_l1,9190101,8.0,2.0,,,development,statistical,2.0,1.0,a_crossfit_gate_map,OK,3.1724325389950536,0.12522819333102433,0.14606152666435768,0.14595874986725918,points,2,768,0.43965221995572984,0.43965221995572984,0.9986979166666666,,0.0023454775791073683,0.5026041666666666,0.0026041666666666297,0.15714125488499953,0.0026041666666666665,0.049949531075000664,0,0.5,1.0,
s9190101_g8_n2_p0.5_l1,9190101,8.0,2.0,,,development,statistical,2.0,1.0,a_insample_gate_map,OK,3.1724370080046356,0.12524420718829563,0.14607754052162897,0.1459944248315422,points,2,768,0.4399817610594561,0.4399817610594561,0.9986979166666666,,0.002116604863130382,0.5026041666666666,0.0026041666666666297,0.1544178943884127,0.0026041666666666665,0.04619016553158861,0,0.5,1.0,
s9190101_g8_n2_p0.8_l0,9190101,8.0,2.0,,,development,statistical,2.0,1.0,a_crossfit_gate_map,OK,2.816660187992966,0.13485363272179882,0.4024916178711597,0.1448645738319869,points,2,768,1.045437043839495,1.045437043839495,0.9830729166666666,,0.014132791323803956,0.80078125,0.0013020833333333703,0.6325218264582952,0.027613266212614746,0.1992517699795009,0,0.8,0.0,
s9190101_g8_n2_p0.8_l0,9190101,8.0,2.0,,,development,statistical,2.0,1.0,a_insample_gate_map,OK,2.8166646140016383,0.13374039503315102,0.4008487184524227,0.1437527657398987,points,2,768,1.0452935869024993,1.0452935869024993,0.9830729166666666,,0.014193107374392793,0.80078125,0.0013020833333333703,0.6307248926004583,0.027613266212614746,0.1973754629076927,0,0.8,0.0,
s9190101_g8_n2_p0.8_l1,9190101,8.0,2.0,,,development,statistical,2.0,1.0,a_crossfit_gate_map,OK,3.108975657989504,0.17443995066955398,0.19549280491227827,0.1848412546469122,points,2,768,0.540785161726847,0.540785161726847,0.99609375,,0.0029500924005523513,0.7981770833333334,0.0013020833333332593,0.23346459753019033,0.004875417741867253,0.28203523892443094,0,0.8,1.0,
s9190101_g8_n2_p0.8_l1,9190101,8.0,2.0,,,development,statistical,2.0,1.0,a_insample_gate_map,OK,3.1089802919887006,0.17442667519964525,0.16804935201674082,0.19522572258869775,points,2,768,0.4558092077266781,0.4558092077266781,0.9973958333333334,,0.002616877348133871,0.796875,0.0026041666666666297,0.2829290487929814,0.0016286644951140066,0.28406021865370334,0,0.8,1.0,
s9182101_g0_n0.5_b0_r0.25,9182101,0,0.5,0,0.25,development,bridge,0.5,1.0,b_identity,OK,0.0082684819935821,0.3756113404606649,0.3756113404606649,0.3756113404606653,points,0,192,0.48119393635330354,0.48119393635330354,0.953125,,,,,,,,,,,
s9182101_g0_n0.5_b0_r0.25,9182101,0,0.5,0,0.25,development,bridge,0.5,1.0,b_map,OK,0.008248646001447923,0.06437423002630352,0.06437423002630352,0.06437423002630366,points,1,192,0.07751220912421866,0.07751220912421866,1.0,0,0.0,,,,,,,,,
s9182101_g0_n0.5_b0_r0.25,9182101,0,0.5,0,0.25,development,bridge,0.5,1.0,b_mean,OK,0.008264232004876249,0.06437423002630352,0.06437423002630352,0.06437423002630366,points,1,192,0.07751220912421866,0.07751220912421866,1.0,0,0.0,,,,,,,,,
s9182101_g0_n0.5_b0_r0.25,9182101,0,0.5,0,0.25,development,bridge,0.5,1.0,b_posterior_draw,OK,0.008267975994385779,0.06437423002630352,0.06437423002630352,0.06437423002630366,points,1,192,0.07751220912421866,0.07751220912421866,1.0,0,0.0,,,,,,,,,
s9182101_g0_n0.5_b0_r0.25,9182101,0,0.5,0,0.25,development,bridge,0.5,1.0,b_quota_map,OK,0.00826745099038817,0.06437423002630352,0.06437423002630352,0.06437423002630366,points,1,192,0.07751220912421866,0.07751220912421866,1.0,0,0.0,,,,,,,,,
s9182101_g0_n0.5_b0_r0.25,9182101,0,0.5,0,0.25,development,bridge,0.5,1.0,b_weighted_measure,OK,0.0082668319955701,0.06437423002630352,0.06437423002630352,0.06437423002630366,weighted,1,192,0.07751220912421866,,,0,0.0,,,,,,,,,1.0
s9182101_g0_n0.5_b0_r1.0,9182101,0,0.5,0,1.0,development,bridge,0.5,1.0,b_identity,OK,0.02312052799970843,0.39071434026503143,0.39071434026503143,0.3907143402650325,points,0,768,0.4867265638141622,0.4867265638141622,0.9713541666666666,,,,,,,,,,,
s9182101_g0_n0.5_b0_r1.0,9182101,0,0.5,0,1.0,development,bridge,0.5,1.0,b_map,OK,0.02309973600495141,0.015936045919580453,0.015936045919580453,0.01593604591958061,points,1,768,0.01946197641163355,0.01946197641163355,1.0,0,0.0,,,,,,,,,
s9182101_g0_n0.5_b0_r1.0,9182101,0,0.5,0,1.0,development,bridge,0.5,1.0,b_mean,OK,0.023116088996175677,0.015936045919580453,0.015936045919580453,0.01593604591958061,points,1,768,0.01946197641163355,0.01946197641163355,1.0,0,0.0,,,,,,,,,
s9182101_g0_n0.5_b0_r1.0,9182101,0,0.5,0,1.0,development,bridge,0.5,1.0,b_posterior_draw,OK,0.023120024998206645,0.015936045919580453,0.015936045919580453,0.01593604591958061,points,1,768,0.01946197641163355,0.01946197641163355,1.0,0,0.0,,,,,,,,,
s9182101_g0_n0.5_b0_r1.0,9182101,0,0.5,0,1.0,development,bridge,0.5,1.0,b_quota_map,OK,0.0231194840016542,0.015936045919580453,0.015936045919580453,0.01593604591958061,points,1,768,0.01946197641163355,0.01946197641163355,1.0,0,0.0,,,,,,,,,
s9182101_g0_n0.5_b0_r1.0,9182101,0,0.5,0,1.0,development,bridge,0.5,1.0,b_weighted_measure,OK,0.02311872100108303,0.015936045919580453,0.015936045919580453,0.01593604591958061,weighted,1,768,0.01946197641163355,,,0,0.0,,,,,,,,,1.0000000000000007
s9182101_g0_n0.5_b4_r0.25,9182101,0,0.5,4,0.25,development,bridge,0.5,1.0,b_identity,OK,0.006396163997123949,3.4058433227822413,3.4058433227822413,3.405843322782243,points,0,192,4.035311785627927,4.035311785627927,0.15625,,,,,,,,,,,
s9182101_g0_n0.5_b4_r0.25,9182101,0,0.5,4,0.25,development,bridge,0.5,1.0,b_map,OK,0.006390406997525133,0.14153064844334728,0.14153064844334728,0.14153064844334742,points,1,192,0.148852367476353,0.148852367476353,1.0,0,0.0,,,,,,,,,
s9182101_g0_n0.5_b4_r0.25,9182101,0,0.5,4,0.25,development,bridge,0.5,1.0,b_mean,OK,0.006393807008862495,0.14153064844334728,0.14153064844334728,0.14153064844334742,points,1,192,0.148852367476353,0.148852367476353,1.0,0,0.0,,,,,,,,,
s9182101_g0_n0.5_b4_r0.25,9182101,0,0.5,4,0.25,development,bridge,0.5,1.0,b_posterior_draw,OK,0.006395598000381142,0.14153064844334728,0.14153064844334728,0.14153064844334742,points,1,192,0.148852367476353,0.148852367476353,1.0,0,0.0,,,,,,,,,
s9182101_g0_n0.5_b4_r0.25,9182101,0,0.5,4,0.25,development,bridge,0.5,1.0,b_quota_map,OK,0.006395093994797207,0.14153064844334728,0.14153064844334728,0.14153064844334742,points,1,192,0.148852367476353,0.148852367476353,1.0,0,0.0,,,,,,,,,
s9182101_g0_n0.5_b4_r0.25,9182101,0,0.5,4,0.25,development,bridge,0.5,1.0,b_weighted_measure,OK,0.006394502997864038,0.14153064844334728,0.14153064844334728,0.14153064844334742,weighted,1,192,0.148852367476353,,,0,0.0,,,,,,,,,1.0
s9182101_g0_n0.5_b4_r1.0,9182101,0,0.5,4,1.0,development,bridge,0.5,1.0,b_identity,OK,0.02185764501336962,3.412132706586695,3.412132706586695,3.4121327065867035,points,0,768,4.02457112878917,4.02457112878917,0.17708333333333334,,,,,,,,,,,
s9182101_g0_n0.5_b4_r1.0,9182101,0,0.5,4,1.0,development,bridge,0.5,1.0,b_map,OK,0.021851584009709768,0.01593542893512727,0.01593542893512727,0.015935428935127425,points,1,768,0.026024959075577045,0.026024959075577045,1.0,0,0.0,,,,,,,,,
s9182101_g0_n0.5_b4_r1.0,9182101,0,0.5,4,1.0,development,bridge,0.5,1.0,b_mean,OK,0.02185535900935065,0.01593542893512727,0.01593542893512727,0.015935428935127425,points,1,768,0.026024959075577045,0.026024959075577045,1.0,0,0.0,,,,,,,,,
s9182101_g0_n0.5_b4_r1.0,9182101,0,0.5,4,1.0,development,bridge,0.5,1.0,b_posterior_draw,OK,0.021857064013602212,0.01593542893512727,0.01593542893512727,0.015935428935127425,points,1,768,0.026024959075577045,0.026024959075577045,1.0,0,0.0,,,,,,,,,
s9182101_g0_n0.5_b4_r1.0,9182101,0,0.5,4,1.0,development,bridge,0.5,1.0,b_quota_map,OK,0.021856592007679865,0.01593542893512727,0.01593542893512727,0.015935428935127425,points,1,768,0.026024959075577045,0.026024959075577045,1.0,0,0.0,,,,,,,,,
s9182101_g0_n0.5_b4_r1.0,9182101,0,0.5,4,1.0,development,bridge,0.5,1.0,b_weighted_measure,OK,0.021856052000657655,0.01593542893512727,0.01593542893512727,0.015935428935127425,weighted,1,768,0.026024959075577045,,,0,0.0,,,,,,,,,1.0000000000000007
s9182101_g0_n1.0_b0_r0.25,9182101,0,1.0,0,0.25,development,bridge,1.0,1.0,b_identity,OK,0.006324368994683027,0.7512226809213298,0.7512226809213298,0.7512226809213306,points,0,192,0.9623878727066071,0.9623878727066071,0.71875,,,,,,,,,,,
s9182101_g0_n1.0_b0_r0.25,9182101,0,1.0,0,0.25,development,bridge,1.0,1.0,b_map,OK,0.006318543993984349,0.1287512062219001,0.1287512062219001,0.1287512062219004,points,1,192,0.15502670625450604,0.15502670625450604,1.0,0,0.0,,,,,,,,,
s9182101_g0_n1.0_b0_r0.25,9182101,0,1.0,0,0.25,development,bridge,1.0,1.0,b_mean,OK,0.006321933993604034,0.1287512062219001,0.1287512062219001,0.1287512062219004,points,1,192,0.15502670625450604,0.15502670625450604,1.0,0,0.0,,,,,,,,,
s9182101_g0_n1.0_b0_r0.25,9182101,0,1.0,0,0.25,development,bridge,1.0,1.0,b_posterior_draw,OK,0.006323866997263394,0.1287512062219001,0.1287512062219001,0.1287512062219004,points,1,192,0.15502670625450604,0.15502670625450604,1.0,0,0.0,,,,,,,,,
s9182101_g0_n1.0_b0_r0.25,9182101,0,1.0,0,0.25,development,bridge,1.0,1.0,b_quota_map,OK,0.006323331996100023,0.1287512062219001,0.1287512062219001,0.1287512062219004,points,1,192,0.15502670625450604,0.15502670625450604,1.0,0,0.0,,,,,,,,,
s9182101_g0_n1.0_b0_r0.25,9182101,0,1.0,0,0.25,development,bridge,1.0,1.0,b_weighted_measure,OK,0.006322732006083243,0.1287512062219001,0.1287512062219001,0.1287512062219004,weighted,1,192,0.15502670625450604,,,0,0.0,,,,,,,,,1.0
s9182101_g0_n1.0_b0_r1.0,9182101,0,1.0,0,1.0,development,bridge,1.0,1.0,b_identity,OK,0.019996093993540853,0.7814286805300629,0.7814286805300629,0.781428680530065,points,0,768,0.9734531276283244,0.9734531276283244,0.7109375,,,,,,,,,,,
s9182101_g0_n1.0_b0_r1.0,9182101,0,1.0,0,1.0,development,bridge,1.0,1.0,b_map,OK,0.019989556007203646,0.03193116741386365,0.03193116741386365,0.03193116741386396,points,1,768,0.039622972025763696,0.039622972025763696,1.0,0,0.0,,,,,,,,,
s9182101_g0_n1.0_b0_r1.0,9182101,0,1.0,0,1.0,development,bridge,1.0,1.0,b_mean,OK,0.019993463007267565,0.03193116741386365,0.03193116741386365,0.03193116741386396,points,1,768,0.039622972025763696,0.039622972025763696,1.0,0,0.0,,,,,,,,,
s9182101_g0_n1.0_b0_r1.0,9182101,0,1.0,0,1.0,development,bridge,1.0,1.0,b_posterior_draw,OK,0.019995598995592445,0.03193116741386365,0.03193116741386365,0.03193116741386396,points,1,768,0.039622972025763696,0.039622972025763696,1.0,0,0.0,,,,,,,,,
s9182101_g0_n1.0_b0_r1.0,9182101,0,1.0,0,1.0,development,bridge,1.0,1.0,b_quota_map,OK,0.019995045993709937,0.03193116741386365,0.03193116741386365,0.03193116741386396,points,1,768,0.039622972025763696,0.039622972025763696,1.0,0,0.0,,,,,,,,,
s9182101_g0_n1.0_b0_r1.0,9182101,0,1.0,0,1.0,development,bridge,1.0,1.0,b_weighted_measure,OK,0.01999445300316438,0.03193116741386365,0.03193116741386365,0.03193116741386396,weighted,1,768,0.039622972025763696,,,0,0.0,,,,,,,,,1.0000000000000007
s9182101_g0_n1.0_b4_r0.25,9182101,0,1.0,4,0.25,development,bridge,1.0,1.0,b_identity,OK,0.006672321003861725,3.4798907801383976,3.4798907801383976,3.4798907801383994,points,0,192,4.121020584076012,4.121020584076012,0.17708333333333334,,,,,,,,,,,
s9182101_g0_n1.0_b4_r0.25,9182101,0,1.0,4,0.25,development,bridge,1.0,1.0,b_map,OK,0.006666286004474387,0.20384086878492794,0.20384086878492794,0.20384086878492824,points,1,192,0.22373228189798208,0.22373228189798208,1.0,0,0.0,,,,,,,,,
s9182101_g0_n1.0_b4_r0.25,9182101,0,1.0,4,0.25,development,bridge,1.0,1.0,b_mean,OK,0.006670116999885067,0.20384086878492794,0.20384086878492794,0.20384086878492824,points,1,192,0.22373228189798208,0.22373228189798208,1.0,0,0.0,,,,,,,,,
s9182101_g0_n1.0_b4_r0.25,9182101,0,1.0,4,0.25,development,bridge,1.0,1.0,b_posterior_draw,OK,0.006671831011772156,0.20384086878492794,0.20384086878492794,0.20384086878492824,points,1,192,0.22373228189798208,0.22373228189798208,1.0,0,0.0,,,,,,,,,
s9182101_g0_n1.0_b4_r0.25,9182101,0,1.0,4,0.25,development,bridge,1.0,1.0,b_quota_map,OK,0.006671324008493684,0.20384086878492794,0.20384086878492794,0.20384086878492824,points,1,192,0.22373228189798208,0.22373228189798208,1.0,0,0.0,,,,,,,,,
s9182101_g0_n1.0_b4_r0.25,9182101,0,1.0,4,0.25,development,bridge,1.0,1.0,b_weighted_measure,OK,0.006670736998785287,0.20384086878492794,0.20384086878492794,0.20384086878492824,weighted,1,192,0.22373228189798208,,,0,0.0,,,,,,,,,1.0
s9182101_g0_n1.0_b4_r1.0,9182101,0,1.0,4,1.0,development,bridge,1.0,1.0,b_identity,OK,0.021172848995774984,3.4665029042433773,3.4665029042433773,3.4665029042433844,points,0,768,4.107085467483158,4.107085467483158,0.19270833333333334,,,,,,,,,,,
s9182101_g0_n1.0_b4_r1.0,9182101,0,1.0,4,1.0,development,bridge,1.0,1.0,b_map,OK,0.021166574995731935,0.03192858703329791,0.03192858703329791,0.03192858703329823,points,1,768,0.05197049916818204,0.05197049916818204,1.0,0,0.0,,,,,,,,,
s9182101_g0_n1.0_b4_r1.0,9182101,0,1.0,4,1.0,development,bridge,1.0,1.0,b_mean,OK,0.021170198000618257,0.03192858703329791,0.03192858703329791,0.03192858703329823,points,1,768,0.05197049916818204,0.05197049916818204,1.0,0,0.0,,,,,,,,,
s9182101_g0_n1.0_b4_r1.0,9182101,0,1.0,4,1.0,development,bridge,1.0,1.0,b_posterior_draw,OK,0.021172288004891016,0.03192858703329791,0.03192858703329791,0.03192858703329823,points,1,768,0.05197049916818204,0.05197049916818204,1.0,0,0.0,,,,,,,,,
s9182101_g0_n1.0_b4_r1.0,9182101,0,1.0,4,1.0,development,bridge,1.0,1.0,b_quota_map,OK,0.021171721993596293,0.03192858703329791,0.03192858703329791,0.03192858703329823,points,1,768,0.05197049916818204,0.05197049916818204,1.0,0,0.0,,,,,,,,,
s9182101_g0_n1.0_b4_r1.0,9182101,0,1.0,4,1.0,development,bridge,1.0,1.0,b_weighted_measure,OK,0.021170998996240087,0.03192858703329791,0.03192858703329791,0.03192858703329823,weighted,1,768,0.05197049916818204,,,0,0.0,,,,,,,,,1.0000000000000007
s9182101_g0_n2.0_b0_r0.25,9182101,0,2.0,0,0.25,development,bridge,2.0,1.0,b_identity,OK,0.006457609997596592,1.5024453618426596,1.5024453618426596,1.5024453618426612,points,0,192,1.9247757454132142,1.9247757454132142,0.4375,,,,,,,,,,,
s9182101_g0_n2.0_b0_r0.25,9182101,0,2.0,0,0.25,development,bridge,2.0,1.0,b_map,OK,0.006450203989516012,0.2575321714372473,0.2575321714372473,0.2575321714372479,points,1,192,0.31008792031252497,0.31008792031252497,1.0,0,0.0,,,,,,,,,
s9182101_g0_n2.0_b0_r0.25,9182101,0,2.0,0,0.25,development,bridge,2.0,1.0,b_mean,OK,0.006455258000642061,0.2575321714372473,0.2575321714372473,0.2575321714372479,points,1,192,0.31008792031252497,0.31008792031252497,1.0,0,0.0,,,,,,,,,
s9182101_g0_n2.0_b0_r0.25,9182101,0,2.0,0,0.25,development,bridge,2.0,1.0,b_posterior_draw,OK,0.006457108000176959,0.2575321714372473,0.2575321714372473,0.2575321714372479,points,1,192,0.31008792031252497,0.31008792031252497,1.0,0,0.0,,,,,,,,,
s9182101_g0_n2.0_b0_r0.25,9182101,0,2.0,0,0.25,development,bridge,2.0,1.0,b_quota_map,OK,0.0064566059882054105,0.2575321714372473,0.2575321714372473,0.2575321714372479,points,1,192,0.31008792031252497,0.31008792031252497,1.0,0,0.0,,,,,,,,,
s9182101_g0_n2.0_b0_r0.25,9182101,0,2.0,0,0.25,development,bridge,2.0,1.0,b_weighted_measure,OK,0.006456028000684455,0.2575321714372473,0.2575321714372473,0.2575321714372479,weighted,1,192,0.31008792031252497,,,0,0.0,,,,,,,,,1.0
s9182101_g0_n2.0_b0_r1.0,9182101,0,2.0,0,1.0,development,bridge,2.0,1.0,b_identity,OK,0.020437444996787235,1.5628573610601257,1.5628573610601257,1.56285736106013,points,0,768,1.9469062552566487,1.9469062552566487,0.4205729166666667,,,,,,,,,,,
s9182101_g0_n2.0_b0_r1.0,9182101,0,2.0,0,1.0,development,bridge,2.0,1.0,b_map,OK,0.020430998993106186,0.0643250500727971,0.0643250500727971,0.06432505007279773,points,1,768,0.08471003157990886,0.08471003157990886,1.0,0,0.0,,,,,,,,,
s9182101_g0_n2.0_b0_r1.0,9182101,0,2.0,0,1.0,development,bridge,2.0,1.0,b_mean,OK,0.020435009995708242,0.0643250500727971,0.0643250500727971,0.06432505007279773,points,1,768,0.08471003157990886,0.08471003157990886,1.0,0,0.0,,,,,,,,,
s9182101_g0_n2.0_b0_r1.0,9182101,0,2.0,0,1.0,development,bridge,2.0,1.0,b_posterior_draw,OK,0.020436951002920978,0.0643250500727971,0.0643250500727971,0.06432505007279773,points,1,768,0.08471003157990886,0.08471003157990886,1.0,0,0.0,,,,,,,,,
s9182101_g0_n2.0_b0_r1.0,9182101,0,2.0,0,1.0,development,bridge,2.0,1.0,b_quota_map,OK,0.02043635399604682,0.0643250500727971,0.0643250500727971,0.06432505007279773,points,1,768,0.08471003157990886,0.08471003157990886,1.0,0,0.0,,,,,,,,,
s9182101_g0_n2.0_b0_r1.0,9182101,0,2.0,0,1.0,development,bridge,2.0,1.0,b_weighted_measure,OK,0.020435712998732924,0.0643250500727971,0.0643250500727971,0.06432505007279773,weighted,1,768,0.08471003157990886,,,0,0.0,,,,,,,,,1.0000000000000007
s9182101_g0_n2.0_b4_r0.25,9182101,0,2.0,4,0.25,development,bridge,2.0,1.0,b_identity,OK,0.006667302004643716,3.7122271307962778,3.7122271307962778,3.7122271307962795,points,0,192,4.446373260869853,4.446373260869853,0.17708333333333334,,,,,,,,,,,
s9182101_g0_n2.0_b4_r0.25,9182101,0,2.0,4,0.25,development,bridge,2.0,1.0,b_map,OK,0.006660494007519446,0.32846130946808844,0.32846130946808844,0.328461309468089,points,1,192,0.37673606387789343,0.37673606387789343,1.0,0,0.0,,,,,,,,,
s9182101_g0_n2.0_b4_r0.25,9182101,0,2.0,4,0.25,development,bridge,2.0,1.0,b_mean,OK,0.006665019012871198,0.32846130946808844,0.32846130946808844,0.328461309468089,points,1,192,0.37673606387789343,0.37673606387789343,1.0,0,0.0,,,,,,,,,
s9182101_g0_n2.0_b4_r0.25,9182101,0,2.0,4,0.25,development,bridge,2.0,1.0,b_posterior_draw,OK,0.006666845001745969,0.32846130946808844,0.32846130946808844,0.328461309468089,points,1,192,0.37673606387789343,0.37673606387789343,1.0,0,0.0,,,,,,,,,
s9182101_g0_n2.0_b4_r0.25,9182101,0,2.0,4,0.25,development,bridge,2.0,1.0,b_quota_map,OK,0.0066663580073509365,0.32846130946808844,0.32846130946808844,0.328461309468089,points,1,192,0.37673606387789343,0.37673606387789343,1.0,0,0.0,,,,,,,,,
s9182101_g0_n2.0_b4_r0.25,9182101,0,2.0,4,0.25,development,bridge,2.0,1.0,b_weighted_measure,OK,0.006665759006864391,0.32846130946808844,0.32846130946808844,0.328461309468089,weighted,1,192,0.37673606387789343,,,0,0.0,,,,,,,,,1.0
s9182101_g0_n2.0_b4_r1.0,9182101,0,2.0,4,1.0,development,bridge,2.0,1.0,b_identity,OK,0.024117934997775592,3.6883098815492943,3.6883098815492943,3.6883098815493023,points,0,768,4.430747573243304,4.430747573243304,0.18359375,,,,,,,,,,,
s9182101_g0_n2.0_b4_r1.0,9182101,0,2.0,4,1.0,development,bridge,2.0,1.0,b_map,OK,0.02411181699426379,0.06438124492821283,0.06438124492821283,0.06438124492821345,points,1,768,0.10819012133875251,0.10819012133875251,1.0,0,0.0,,,,,,,,,
s9182101_g0_n2.0_b4_r1.0,9182101,0,2.0,4,1.0,development,bridge,2.0,1.0,b_mean,OK,0.024115620995871723,0.06438124492821283,0.06438124492821283,0.06438124492821345,points,1,768,0.10819012133875251,0.10819012133875251,1.0,0,0.0,,,,,,,,,
s9182101_g0_n2.0_b4_r1.0,9182101,0,2.0,4,1.0,development,bridge,2.0,1.0,b_posterior_draw,OK,0.02411747099540662,0.06438124492821283,0.06438124492821283,0.06438124492821345,points,1,768,0.10819012133875251,0.10819012133875251,1.0,0,0.0,,,,,,,,,
s9182101_g0_n2.0_b4_r1.0,9182101,0,2.0,4,1.0,development,bridge,2.0,1.0,b_quota_map,OK,0.024116978005622514,0.06438124492821283,0.06438124492821283,0.06438124492821345,points,1,768,0.10819012133875251,0.10819012133875251,1.0,0,0.0,,,,,,,,,
s9182101_g0_n2.0_b4_r1.0,9182101,0,2.0,4,1.0,development,bridge,2.0,1.0,b_weighted_measure,OK,0.024116419997881167,0.06438124492821283,0.06438124492821283,0.06438124492821345,weighted,1,768,0.10819012133875251,,,0,0.0,,,,,,,,,1.0000000000000007
s9182101_g2_n0.5_b0_r0.25,9182101,2,0.5,0,0.25,development,bridge,0.5,1.0,b_identity,OK,0.01820437599963043,0.3837319219487313,0.3833123005414624,0.37639561596723903,points,0,428,0.48274410224045666,0.48274410224045666,0.9719626168224299,,,0.27102803738317754,0.01168224299065418,0.024268327096833797,0.020050018472731405,,,,,
s9182101_g2_n0.5_b0_r0.25,9182101,2,0.5,0,0.25,development,bridge,0.5,1.0,b_map,OK,0.01819800998782739,0.05594925634820986,0.06736214817128813,0.05594925634821437,points,2,428,0.10804384667525638,0.10804384667525638,0.9953271028037384,,0.00018287710264245136,0.25934579439252337,0.0,0.04742444369201504,0.0,0.0692031513587037,0,,,
s9182101_g2_n0.5_b0_r0.25,9182101,2,0.5,0,0.25,development,bridge,0.5,1.0,b_mean,OK,0.018202236999059096,0.05852528980422777,0.06889854984761547,0.05852528980423131,points,2,428,0.1115139170298509,0.1115139170298509,0.9953271028037384,,0.00018287710264245136,0.25934579439252337,0.0,0.03904981115666306,0.0,0.0692031513587037,0,,,
s9182101_g2_n0.5_b0_r0.25,9182101,2,0.5,0,0.25,development,bridge,0.5,1.0,b_posterior_draw,OK,0.018203858999186195,0.06078384814201739,0.07062587890906356,0.060783848142021965,points,2,428,0.14892255938104523,0.14892255938104523,0.9953271028037384,,0.00018287710264245136,0.2616822429906542,0.0023364485981308136,0.040896982216464206,0.0015772870662460567,0.0692031513587037,0,,,
s9182101_g2_n0.5_b0_r0.25,9182101,2,0.5,0,0.25,development,bridge,0.5,1.0,b_quota_map,OK,0.018203379993792623,0.05594925634820986,0.06736214817128813,0.05594925634821437,points,2,428,0.10804384667525638,0.10804384667525638,0.9953271028037384,,0.00018287710264245136,0.25934579439252337,0.0,0.04742444369201504,0.0,0.0692031513587037,0,,,
s9182101_g2_n0.5_b0_r0.25,9182101,2,0.5,0,0.25,development,bridge,0.5,1.0,b_weighted_measure,OK,0.01820288998715114,0.05856670017603729,0.07132456106583784,0.057474192095429866,weighted,2,428,0.14081152158505716,,,,0.00018287710264245136,0.2600825446881567,0.0007367502956333594,0.03904981115666306,0.002023635012179019,0.0692031513587037,0,,,0.9937983134429099
s9182101_g2_n0.5_b0_r1.0,9182101,2,0.5,0,1.0,development,bridge,0.5,1.0,b_identity,OK,0.03049624100094661,0.3892136740185989,0.3897442211253649,0.38302204118715594,points,0,768,0.4867265638141622,0.4867265638141622,0.9674479166666666,,,0.58203125,0.00520833333333337,0.05080644223888253,0.02323613141494191,,,,,
s9182101_g2_n0.5_b0_r1.0,9182101,2,0.5,0,1.0,development,bridge,0.5,1.0,b_map,OK,0.030489683005725965,0.03668817684048304,0.03994732677757912,0.03906885671085529,points,2,768,0.10246533116691255,0.10246533116691255,0.9986979166666666,,0.0013818565577199155,0.5859375,0.0013020833333333703,0.04975946983441992,0.0011086474501108647,0.01212804965023806,0,,,
s9182101_g2_n0.5_b0_r1.0,9182101,2,0.5,0,1.0,development,bridge,0.5,1.0,b_mean,OK,0.030494083010125905,0.04074270290809206,0.04409147259817271,0.041582899333443606,points,2,768,0.10455683524141454,0.10455683524141454,0.9986979166666666,,0.0013818565577199155,0.5859375,0.0013020833333333703,0.05900236756354715,0.0011086474501108647,0.01212804965023806,0,,,
s9182101_g2_n0.5_b0_r1.0,9182101,2,0.5,0,1.0,development,bridge,0.5,1.0,b_posterior_draw,OK,0.030495753002469428,0.04131833073500215,0.0483618843755091,0.03667239594153954,points,2,768,0.16119465348699713,0.16119465348699713,0.99609375,,0.0013818565577199155,0.5872395833333334,0.0,0.06670901797245299,0.005371869032713843,0.01212804965023806,0,,,
s9182101_g2_n0.5_b0_r1.0,9182101,2,0.5,0,1.0,development,bridge,0.5,1.0,b_quota_map,OK,0.030495289000100456,0.03927656260819968,0.04308278461607499,0.03667239594153954,points,2,768,0.12538533662297496,0.12538533662297496,0.9973958333333334,,0.0013818565577199155,0.5872395833333334,0.0,0.05603038551141171,0.0026859345163569217,0.01212804965023806,0,,,
s9182101_g2_n0.5_b0_r1.0,9182101,2,0.5,0,1.0,development,bridge,0.5,1.0,b_weighted_measure,OK,0.030494756007101387,0.03984725987802017,0.044550330896282284,0.03669871193996928,weighted,2,768,0.13642272070198191,,,,0.0013818565577199155,0.5872629368123982,2.335347906479157e-05,0.05900236756354715,0.0034334599326446046,0.01212804965023806,0,,,0.9967255819034236
s9182101_g2_n0.5_b4_r0.25,9182101,2,0.5,4,0.25,development,bridge,0.5,1.0,b_identity,OK,0.020870250998996198,3.2403059819241906,3.2628336330462133,2.877824505883345,points,0,428,3.9584333794164217,3.9584333794164217,0.15654205607476634,,,0.4322429906542056,0.17289719626168226,0.2279900017362937,0.4268906130104868,,,,,
s9182101_g2_n0.5_b4_r0.25,9182101,2,0.5,4,0.25,development,bridge,0.5,1.0,b_map,OK,0.020863830010057427,0.09811683184649049,0.1530362652431953,0.10656143916129185,points,2,428,0.5052177222426504,0.5052177222426504,0.9906542056074766,,0.0001835210213392073,0.2546728971962617,0.004672897196261683,0.0738924088741344,0.009009009009009009,0.06726106447219893,0,,,
s9182101_g2_n0.5_b4_r0.25,9182101,2,0.5,4,0.25,development,bridge,0.5,1.0,b_mean,OK,0.02086809500178788,0.10062619647705282,0.1544049082915416,0.10676875395577352,points,2,428,0.5060316198439527,0.5060316198439527,0.9906542056074766,,0.0001835210213392073,0.2546728971962617,0.004672897196261683,0.06558326900168687,0.009009009009009009,0.06726106447219893,0,,,
s9182101_g2_n0.5_b4_r0.25,9182101,2,0.5,4,0.25,development,bridge,0.5,1.0,b_posterior_draw,OK,0.02086977500584908,0.10294688580415079,0.15629693258369787,0.10249371269161564,points,2,428,0.5156305869481792,0.5156305869481792,0.9906542056074766,,0.0001835210213392073,0.2570093457943925,0.002336448598130869,0.06737107419312949,0.010586296075255066,0.06726106447219893,0,,,
s9182101_g2_n0.5_b4_r0.25,9182101,2,0.5,4,0.25,development,bridge,0.5,1.0,b_quota_map,OK,0.02086924600007478,0.09811683184649049,0.1530362652431953,0.10656143916129185,points,2,428,0.5052177222426504,0.5052177222426504,0.9906542056074766,,0.0001835210213392073,0.2546728971962617,0.004672897196261683,0.0738924088741344,0.009009009009009009,0.06726106447219893,0,,,
s9182101_g2_n0.5_b4_r0.25,9182101,2,0.5,4,0.25,development,bridge,0.5,1.0,b_weighted_measure,OK,0.020868703999440186,0.10076514122232565,0.15694203450932315,0.10522765871352732,weighted,2,428,0.5132821083715831,,,,0.0001835210213392073,0.25543900455389357,0.003906789838629798,0.06558326900168732,0.011018704798831588,0.06726106447219893,0,,,0.9891070631771313
s9182101_g2_n0.5_b4_r1.0,9182101,2,0.5,4,1.0,development,bridge,0.5,1.0,b_identity,OK,0.03150171799643431,3.1996791691570983,3.413069915326849,2.7628542222295027,points,0,768,4.02457112878917,4.02457112878917,0.1640625,,,0.4713541666666667,0.11588541666666669,0.18728083127954842,0.43441143760448214,,,,,
s9182101_g2_n0.5_b4_r1.0,9182101,2,0.5,4,1.0,development,bridge,0.5,1.0,b_map,OK,0.03149576899886597,0.14391693149759374,0.1614670626595752,0.17901408167596478,points,2,768,0.8780110750785006,0.8780110750785006,0.97265625,,0.0014288672271871676,0.5638020833333334,0.0234375,0.11136504698748495,0.019955654101995565,0.011006312712319666,0,,,
s9182101_g2_n0.5_b4_r1.0,9182101,2,0.5,4,1.0,development,bridge,0.5,1.0,b_mean,OK,0.0314995020016795,0.14799925046128637,0.16574289811807857,0.17817951819959205,points,2,768,0.8783667387836875,0.8783667387836875,0.97265625,,0.0014288672271871676,0.5638020833333334,0.0234375,0.12079796204597004,0.019955654101995565,0.011006312712319666,0,,,
s9182101_g2_n0.5_b4_r1.0,9182101,2,0.5,4,1.0,development,bridge,0.5,1.0,b_posterior_draw,OK,0.03150124200328719,0.1485440964150304,0.16774151870792128,0.1741872174851642,points,2,768,0.883968927880879,0.883968927880879,0.9713541666666666,,0.0014288672271871676,0.56640625,0.02083333333333337,0.12391395908417713,0.02311022823448768,0.011006312712319666,0,,,
s9182101_g2_n0.5_b4_r1.0,9182101,2,0.5,4,1.0,development,bridge,0.5,1.0,b_quota_map,OK,0.031500754004810005,0.14650677859046576,0.16460429068374824,0.17660026021137695,points,2,768,0.8810336357363321,0.8810336357363321,0.97265625,,0.0014288672271871676,0.5651041666666666,0.02213541666666674,0.11763950303583104,0.021532941168241622,0.011006312712319666,0,,,
s9182101_g2_n0.5_b4_r1.0,9182101,2,0.5,4,1.0,development,bridge,0.5,1.0,b_weighted_measure,OK,0.03150023899797816,0.14710381643492373,0.16616411835708816,0.17656743985035162,weighted,2,768,0.8827303783842996,,,,0.0014288672271871676,0.5651223629999866,0.022117220333346732,0.12079796204597026,0.02232692179502028,0.011006312712319666,0,,,0.9628242181912265
s9182101_g2_n1.0_b0_r0.25,9182101,2,1.0,0,0.25,development,bridge,1.0,1.0,b_identity,OK,0.01735653300420381,0.7618274858388617,0.7666246010829249,0.6592241804065477,points,0,428,0.9654882044809133,0.9654882044809133,0.7219626168224299,,,0.35514018691588783,0.09579439252336447,0.04853665419366848,0.1437320601358456,,,,,
s9182101_g2_n1.0_b0_r0.25,9182101,2,1.0,0,0.25,development,bridge,1.0,1.0,b_map,OK,0.017349714995361865,0.08988428453938165,0.12508888240468233,0.07727444789228018,points,2,428,0.28255836828796094,0.28255836828796094,0.9906542056074766,,0.010279302308221577,0.2616822429906542,0.0023364485981308136,0.024809863337459603,0.01982266177849774,0.16248254614644075,0,,,
s9182101_g2_n1.0_b0_r0.25,9182101,2,1.0,0,0.25,development,bridge,1.0,1.0,b_mean,OK,0.017354160008835606,0.11902168947376388,0.12859930767395872,0.11362896009996594,points,2,428,0.2285142612049102,0.2285142612049102,0.9906542056074766,,0.010279302308221577,0.2616822429906542,0.0023364485981308136,0.06765381249902203,0.01982266177849774,0.16248254614644075,0,,,
s9182101_g2_n1.0_b0_r0.25,9182101,2,1.0,0,0.25,development,bridge,1.0,1.0,b_posterior_draw,OK,0.017356017997371964,0.11083829449125972,0.1553817750995959,0.08747380850995615,points,2,428,0.37898578300732577,0.37898578300732577,0.9813084112149533,,0.010279302308221577,0.26635514018691586,0.007009345794392496,0.09106154835951741,0.035140819052490974,0.16248254614644075,0,,,
s9182101_g2_n1.0_b0_r0.25,9182101,2,1.0,0,0.25,development,bridge,1.0,1.0,b_quota_map,OK,0.017355427000438794,0.1019438913814491,0.1269466811303668,0.09743408509031724,points,2,428,0.3231884507294281,0.3231884507294281,0.985981308411215,,0.010279302308221577,0.27102803738317754,0.01168224299065418,0.025793190758937268,0.020050018472731405,0.16248254614644075,0,,,
s9182101_g2_n1.0_b0_r0.25,9182101,2,1.0,0,0.25,development,bridge,1.0,1.0,b_weighted_measure,OK,0.017354819996398874,0.11220024620814724,0.1457895977567871,0.0990175139861468,weighted,2,428,0.3726120921994189,,,,0.010279302308221577,0.27172385805417737,0.012378063661654004,0.06765381249902158,0.029728679282464192,0.16248254614644075,0,,,0.9730863680694557
s9182101_g2_n1.0_b0_r1.0,9182101,2,1.0,0,1.0,development,bridge,1.0,1.0,b_identity,OK,0.02959042100701481,0.7444385149843183,0.7794884422507299,0.6260803654723341,points,0,768,0.9734531276283244,0.9734531276283244,0.71484375,,,0.5638020833333334,0.0234375,0.10161288447776506,0.1649961179852693,,,,,
s9182101_g2_n1.0_b0_r1.0,9182101,2,1.0,0,1.0,development,bridge,1.0,1.0,b_map,OK,0.029584071002318524,0.0783325397573522,0.09532050083178273,0.0689007755056035,points,2,768,0.27271294225152537,0.27271294225152537,0.9869791666666666,,0.012441589016668045,0.59375,0.00651041666666663,0.13479117836160293,0.01863017339665797,0.03139514579918812,0,,,
s9182101_g2_n1.0_b0_r1.0,9182101,2,1.0,0,1.0,development,bridge,1.0,1.0,b_mean,OK,0.02958831599971745,0.10581948520935369,0.11600157422564712,0.10099683365354438,points,2,768,0.23344491091082825,0.23344491091082825,0.9869791666666666,,0.012441589016668045,0.59375,0.00651041666666663,0.19708334679872852,0.01863017339665797,0.03139514579918812,0,,,
s9182101_g2_n1.0_b0_r1.0,9182101,2,1.0,0,1.0,development,bridge,1.0,1.0,b_posterior_draw,OK,0.02958992800267879,0.0854043827489208,0.11252183135696192,0.06633263924971258,points,2,768,0.3301998588328922,0.3301998588328922,0.9817708333333334,,0.012441589016668045,0.5924479166666666,0.005208333333333259,0.17203349263965229,0.0277966243958396,0.03139514579918812,0,,,
s9182101_g2_n1.0_b0_r1.0,9182101,2,1.0,0,1.0,development,bridge,1.0,1.0,b_quota_map,OK,0.029589458004920743,0.0783325397573522,0.09532050083178273,0.0689007755056035,points,2,768,0.27271294225152537,0.27271294225152537,0.9869791666666666,,0.012441589016668045,0.59375,0.00651041666666663,0.13479117836160293,0.01863017339665797,0.03139514579918812,0,,,
s9182101_g2_n1.0_b0_r1.0,9182101,2,1.0,0,1.0,development,bridge,1.0,1.0,b_weighted_measure,OK,0.029588920006062835,0.09272751147885967,0.12524241749732085,0.06950677497140972,weighted,2,768,0.36619556138678355,,,,0.012441589016668045,0.5941370095131652,0.0068974261798318,0.19708334679872852,0.0339621451250699,0.03139514579918812,0,,,0.9690642327785357
s9182101_g2_n1.0_b4_r0.25,9182101,2,1.0,4,0.25,development,bridge,1.0,1.0,b_identity,OK,0.017338063989882357,3.2985877327871678,3.335047919448061,2.9344773527139356,points,0,428,4.027551493673021,4.027551493673021,0.1822429906542056,,,0.4392523364485981,0.17990654205607476,0.20372167463946012,0.42554068263847444,,,,,
s9182101_g2_n1.0_b4_r0.25,9182101,2,1.0,4,0.25,development,bridge,1.0,1.0,b_map,OK,0.017330906994175166,0.1046896345715818,0.13952320373901883,0.09207238126947323,points,2,428,0.29045759406047894,0.29045759406047894,0.9906542056074766,,0.01025889947415624,0.2616822429906542,0.0023364485981308136,0.024857289676279093,0.01982266177849774,0.1618737866785005,0,,,
s9182101_g2_n1.0_b4_r0.25,9182101,2,1.0,4,0.25,development,bridge,1.0,1.0,b_mean,OK,0.017335522003122605,0.13343278447099186,0.14231041274527884,0.12786942437104643,points,2,428,0.23933623048774036,0.23933623048774036,0.9906542056074766,,0.01025889947415624,0.2616822429906542,0.0023364485981308136,0.06775318111193895,0.01982266177849774,0.1618737866785005,0,,,
s9182101_g2_n1.0_b4_r0.25,9182101,2,1.0,4,0.25,development,bridge,1.0,1.0,b_posterior_draw,OK,0.017337534998659976,0.1255506007562366,0.16954356155892822,0.10218286365046483,points,2,428,0.38528899468735267,0.38528899468735267,0.9789719626168224,,0.01025889947415624,0.26635514018691586,0.007009345794392496,0.09109031595166872,0.035140819052490974,0.1618737866785005,0,,,
s9182101_g2_n1.0_b4_r0.25,9182101,2,1.0,4,0.25,development,bridge,1.0,1.0,b_quota_map,OK,0.017336837991024368,0.11204063591120791,0.12995984692556387,0.11227716943336417,points,2,428,0.2980105242955235,0.2980105242955235,0.9906542056074766,,0.01025889947415624,0.27102803738317754,0.01168224299065418,0.00045626025457456976,0.013968226901980844,0.1618737866785005,0,,,
s9182101_g2_n1.0_b4_r0.25,9182101,2,1.0,4,0.25,development,bridge,1.0,1.0,b_weighted_measure,OK,0.01733618599246256,0.12686810430584558,0.16016571477816496,0.11367086657214559,weighted,2,428,0.3793098702952381,,,,0.01025889947415624,0.2716675814663018,0.012321787073778456,0.06775318111193918,0.029743482981615995,0.1618737866785005,0,,,0.9731026180540788
s9182101_g2_n1.0_b4_r1.0,9182101,2,1.0,4,1.0,development,bridge,1.0,1.0,b_identity,OK,0.029816854003001936,3.253600239683392,3.4642982910244324,2.807508031197732,points,0,768,4.107085467483158,4.107085467483158,0.18229166666666666,,,0.4791666666666667,0.10807291666666669,0.23808727351843118,0.4331314219365308,,,,,
s9182101_g2_n1.0_b4_r1.0,9182101,2,1.0,4,1.0,development,bridge,1.0,1.0,b_map,OK,0.029809372004820034,0.07835978839353058,0.09525083762302514,0.06878294239599445,points,2,768,0.2817797927089809,0.2817797927089809,0.9869791666666666,,0.012456000584361639,0.59375,0.00651041666666663,0.13489427319722025,0.01863017339665797,0.031108913703829177,0,,,
s9182101_g2_n1.0_b4_r1.0,9182101,2,1.0,4,1.0,development,bridge,1.0,1.0,b_mean,OK,0.02981435200490523,0.10578761857813719,0.1160765232865206,0.10101726391050689,points,2,768,0.24412304642018914,0.24412304642018914,0.9869791666666666,,0.012456000584361639,0.59375,0.00651041666666663,0.1973784152512259,0.01863017339665797,0.031108913703829177,0,,,
s9182101_g2_n1.0_b4_r1.0,9182101,2,1.0,4,1.0,development,bridge,1.0,1.0,b_posterior_draw,OK,0.029816308000590652,0.0854446078565093,0.1124548693596921,0.06621539169031132,points,2,768,0.33773486175074513,0.33773486175074513,0.98046875,,0.012456000584361639,0.5924479166666666,0.005208333333333259,0.1721313381830205,0.0277966243958396,0.031108913703829177,0,,,
s9182101_g2_n1.0_b4_r1.0,9182101,2,1.0,4,1.0,development,bridge,1.0,1.0,b_quota_map,OK,0.029815745991072617,0.07835978839353058,0.09525083762302514,0.06878294239599445,points,2,768,0.2817797927089809,0.2817797927089809,0.9869791666666666,,0.012456000584361639,0.59375,0.00651041666666663,0.13489427319722025,0.01863017339665797,0.031108913703829177,0,,,
s9182101_g2_n1.0_b4_r1.0,9182101,2,1.0,4,1.0,development,bridge,1.0,1.0,b_weighted_measure,OK,0.02981515300052706,0.09268814449221802,0.12527308096841389,0.06929979466752892,weighted,2,768,0.3732995772702979,,,,0.012456000584361639,0.5940841999218691,0.006844616588535746,0.1973784152512259,0.03401156359436443,0.031108913703829177,0,,,0.9690092196269642
s9182101_g2_n2.0_b0_r0.25,9182101,2,2.0,0,0.25,development,bridge,2.0,1.0,b_identity,OK,0.011937502000364475,1.4993646936800316,1.5332492021658497,1.2836077608469991,points,0,428,1.9309764089618267,1.9309764089618267,0.441588785046729,,,0.4485981308411215,0.18925233644859812,0.09707330838733519,0.2980504163469463,,,,,
s9182101_g2_n2.0_b0_r0.25,9182101,2,2.0,0,0.25,development,bridge,2.0,1.0,b_map,OK,0.011931162007385865,0.4025497014364577,0.42568687022441853,0.40367956254202025,points,1,428,0.4873868648783359,0.4873868648783359,0.9883177570093458,,0.25934579439252337,0.24766355140186916,0.011682242990654207,0.5069250805323615,0.02252252252252252,2.0,1,,,
s9182101_g2_n2.0_b0_r0.25,9182101,2,2.0,0,0.25,development,bridge,2.0,1.0,b_mean,OK,0.011935039001400582,0.4025497014364577,0.42568687022441853,0.40367956254202025,points,1,428,0.4873868648783359,0.4873868648783359,0.9883177570093458,,0.25934579439252337,0.24766355140186916,0.011682242990654207,0.5069250805323615,0.02252252252252252,2.0,1,,,
s9182101_g2_n2.0_b0_r0.25,9182101,2,2.0,0,0.25,development,bridge,2.0,1.0,b_posterior_draw,OK,0.011936980008613318,0.4025497014364577,0.42568687022441853,0.40367956254202025,points,1,428,0.4873868648783359,0.4873868648783359,0.9883177570093458,,0.25934579439252337,0.24766355140186916,0.011682242990654207,0.5069250805323615,0.02252252252252252,2.0,1,,,
s9182101_g2_n2.0_b0_r0.25,9182101,2,2.0,0,0.25,development,bridge,2.0,1.0,b_quota_map,OK,0.011936234004679136,0.4025497014364577,0.42568687022441853,0.40367956254202025,points,1,428,0.4873868648783359,0.4873868648783359,0.9883177570093458,,0.25934579439252337,0.24766355140186916,0.011682242990654207,0.5069250805323615,0.02252252252252252,2.0,1,,,
s9182101_g2_n2.0_b0_r0.25,9182101,2,2.0,0,0.25,development,bridge,2.0,1.0,b_weighted_measure,OK,0.011935683010960929,0.4025497014364577,0.42568687022441853,0.40367956254202025,weighted,1,428,0.4873868648783359,,,,0.25934579439252337,0.24766355140186916,0.011682242990654207,0.5069250805323615,0.02252252252252252,2.0,1,,,0.9883177570093462
s9182101_g2_n2.0_b0_r1.0,9182101,2,2.0,0,1.0,development,bridge,2.0,1.0,b_identity,OK,0.047076454997295514,1.4534124279107958,1.5589768845014598,1.0987230589744466,points,0,768,1.9469062552566487,1.9469062552566487,0.4231770833333333,,,0.55078125,0.03645833333333337,0.20322576895553057,0.3238089908860087,,,,,
s9182101_g2_n2.0_b0_r1.0,9182101,2,2.0,0,1.0,development,bridge,2.0,1.0,b_map,OK,0.047069656997337006,0.16684097159083758,0.20937387945449004,0.13537420327859906,points,2,768,0.4562288503046676,0.4562288503046676,0.9700520833333334,,0.026867941835770213,0.59765625,0.01041666666666663,0.22422984179646233,0.04484951072625151,0.2718576352358726,0,,,
s9182101_g2_n2.0_b0_r1.0,9182101,2,2.0,0,1.0,development,bridge,2.0,1.0,b_mean,OK,0.04707378399325535,0.20855862949874057,0.2262015262225462,0.19615565400875523,points,2,768,0.355307632857164,0.355307632857164,0.9739583333333334,,0.026867941835770213,0.6080729166666666,0.02083333333333326,0.3756874245185191,0.04135220015807844,0.2718576352358726,0,,,
s9182101_g2_n2.0_b0_r1.0,9182101,2,2.0,0,1.0,development,bridge,2.0,1.0,b_posterior_draw,OK,0.04707584599964321,0.2227655172977184,0.29310879527758915,0.15692699463367016,points,2,768,0.6227283605945518,0.6227283605945518,0.94140625,,0.026867941835770213,0.6106770833333334,0.0234375,0.4057571841879066,0.08479579203592437,0.2718576352358726,0,,,
s9182101_g2_n2.0_b0_r1.0,9182101,2,2.0,0,1.0,development,bridge,2.0,1.0,b_quota_map,OK,0.0470752779947361,0.1729870574457212,0.2100441725306928,0.1455525162491965,points,2,768,0.45286779703598046,0.45286779703598046,0.96875,,0.026867941835770213,0.6041666666666666,0.01692708333333326,0.22345109553686004,0.04467814250841103,0.2718576352358726,0,,,
s9182101_g2_n2.0_b0_r1.0,9182101,2,2.0,0,1.0,development,bridge,2.0,1.0,b_weighted_measure,OK,0.04707461099314969,0.20687707226911659,0.2802246141543856,0.14743209032501198,weighted,2,768,0.6035100935995453,,,,0.026867941835770213,0.603662835107006,0.016423251773672654,0.3756874245185189,0.07817874436231592,0.2718576352358726,0,,,0.9283361868916874
s9182101_g2_n2.0_b4_r0.25,9182101,2,2.0,4,0.25,development,bridge,2.0,1.0,b_identity,OK,0.02977513500081841,3.50766059603208,3.5878710668599685,3.149946790352326,points,0,428,4.3270514988262825,4.3270514988262825,0.18457943925233644,,,0.45560747663551404,0.19626168224299068,0.1551850204457912,0.43049990053144627,,,,,
s9182101_g2_n2.0_b4_r0.25,9182101,2,2.0,4,0.25,development,bridge,2.0,1.0,b_map,OK,0.02976851598941721,0.4091290983008391,0.4288504873369081,0.40991759652044907,points,1,428,0.49707339479244134,0.49707339479244134,0.9883177570093458,,0.25934579439252337,0.24766355140186916,0.011682242990654207,0.507025218366461,0.02252252252252252,2.0,1,,,
s9182101_g2_n2.0_b4_r0.25,9182101,2,2.0,4,0.25,development,bridge,2.0,1.0,b_mean,OK,0.029772910987958312,0.4091290983008391,0.4288504873369081,0.40991759652044907,points,1,428,0.49707339479244134,0.49707339479244134,0.9883177570093458,,0.25934579439252337,0.24766355140186916,0.011682242990654207,0.507025218366461,0.02252252252252252,2.0,1,,,
s9182101_g2_n2.0_b4_r0.25,9182101,2,2.0,4,0.25,development,bridge,2.0,1.0,b_posterior_draw,OK,0.029774657989037223,0.4091290983008391,0.4288504873369081,0.40991759652044907,points,1,428,0.49707339479244134,0.49707339479244134,0.9883177570093458,,0.25934579439252337,0.24766355140186916,0.011682242990654207,0.507025218366461,0.02252252252252252,2.0,1,,,
s9182101_g2_n2.0_b4_r0.25,9182101,2,2.0,4,0.25,development,bridge,2.0,1.0,b_quota_map,OK,0.029774178998195566,0.4091290983008391,0.4288504873369081,0.40991759652044907,points,1,428,0.49707339479244134,0.49707339479244134,0.9883177570093458,,0.25934579439252337,0.24766355140186916,0.011682242990654207,0.507025218366461,0.02252252252252252,2.0,1,,,
s9182101_g2_n2.0_b4_r0.25,9182101,2,2.0,4,0.25,development,bridge,2.0,1.0,b_weighted_measure,OK,0.029773572998237796,0.4091290983008391,0.4288504873369081,0.40991759652044907,weighted,1,428,0.49707339479244134,,,,0.25934579439252337,0.24766355140186916,0.011682242990654207,0.507025218366461,0.02252252252252252,2.0,1,,,0.9883177570093462
s9182101_g2_n2.0_b4_r1.0,9182101,2,2.0,4,1.0,development,bridge,2.0,1.0,b_identity,OK,0.03074125999410171,3.4773289321126284,3.6773767480609183,2.99802277676381,points,0,768,4.430747573243304,4.430747573243304,0.18229166666666666,,,0.4947916666666667,0.09244791666666669,0.33970015799619624,0.43594325963334196,,,,,
s9182101_g2_n2.0_b4_r1.0,9182101,2,2.0,4,1.0,development,bridge,2.0,1.0,b_map,OK,0.030734864994883537,0.1664611934873074,0.20894263859500467,0.13484728430446663,points,2,768,0.4676235453998467,0.4676235453998467,0.96875,,0.02691493998583355,0.59765625,0.01041666666666663,0.22427377175008045,0.04484951072625151,0.27059160618033307,0,,,
s9182101_g2_n2.0_b4_r1.0,9182101,2,2.0,4,1.0,development,bridge,2.0,1.0,b_mean,OK,0.030739030000404455,0.20865004667411835,0.22634478345379244,0.19614527486045755,points,2,768,0.37033217171940974,0.37033217171940974,0.9739583333333334,,0.02691493998583355,0.6080729166666666,0.02083333333333326,0.37641531372207293,0.04135220015807844,0.27059160618033307,0,,,
s9182101_g2_n2.0_b4_r1.0,9182101,2,2.0,4,1.0,development,bridge,2.0,1.0,b_posterior_draw,OK,0.030740800997591577,0.21973069543479373,0.28736535810020636,0.15645905096101614,points,2,768,0.6216674800354708,0.6216674800354708,0.9401041666666666,,0.02691493998583355,0.6106770833333334,0.0234375,0.39350102200090964,0.08210985751956745,0.27059160618033307,0,,,
s9182101_g2_n2.0_b4_r1.0,9182101,2,2.0,4,1.0,development,bridge,2.0,1.0,b_quota_map,OK,0.030740269998204894,0.1700037400090629,0.2042927015434702,0.14504790196501016,points,2,768,0.4516571179048194,0.4516571179048194,0.9713541666666666,,0.02691493998583355,0.6041666666666666,0.01692708333333326,0.21129661167358993,0.04199220799205411,0.27059160618033307,0,,,
s9182101_g2_n2.0_b4_r1.0,9182101,2,2.0,4,1.0,development,bridge,2.0,1.0,b_weighted_measure,OK,0.030739761001314037,0.20642227401394775,0.2801665710917966,0.1467636444263224,weighted,2,768,0.6128476295653397,,,,0.02691493998583355,0.6035331435296417,0.016293560196308343,0.37641531372207293,0.07834793729256331,0.27059160618033307,0,,,0.928152400649534
s9182101_g4_n0.5_b0_r0.25,9182101,4,0.5,0,0.25,development,bridge,0.5,1.0,b_identity,OK,0.01731783700233791,0.3863000361239142,0.37137808807276795,0.38630003612391556,points,0,432,0.4864019775625223,0.4864019775625223,0.9629629629629629,,,0.2569444444444444,0.0,0.007738358767403142,0.0,,,,,
s9182101_g4_n0.5_b0_r0.25,9182101,4,0.5,0,0.25,development,bridge,0.5,1.0,b_map,OK,0.017309329006820917,0.08917026031552627,0.08592071442475596,0.08917026031553153,points,2,432,0.1421057242604665,0.1421057242604665,0.9953703703703703,,9.905830511842368e-13,0.2569444444444444,0.0,0.004804574316074728,0.0,0.09756704828148033,0,,,
s9182101_g4_n0.5_b0_r0.25,9182101,4,0.5,0,0.25,development,bridge,0.5,1.0,b_mean,OK,0.017314741999143735,0.08917050937651326,0.08592088197792244,0.08917050937651853,points,2,432,0.14210584022484582,0.14210584022484582,0.9953703703703703,,9.905830511842368e-13,0.2569444444444444,0.0,0.004804910719812483,0.0,0.09756704828148033,0,,,
s9182101_g4_n0.5_b0_r0.25,9182101,4,0.5,0,0.25,development,bridge,0.5,1.0,b_posterior_draw,OK,0.01731717299844604,0.08917026031552627,0.08592071442475596,0.08917026031553153,points,2,432,0.1421057242604665,0.1421057242604665,0.9953703703703703,,9.905830511842368e-13,0.2569444444444444,0.0,0.004804574316074728,0.0,0.09756704828148033,0,,,
s9182101_g4_n0.5_b0_r0.25,9182101,4,0.5,0,0.25,development,bridge,0.5,1.0,b_quota_map,OK,0.017316514000413008,0.08917026031552627,0.08592071442475596,0.08917026031553153,points,2,432,0.1421057242604665,0.1421057242604665,0.9953703703703703,,9.905830511842368e-13,0.2569444444444444,0.0,0.004804574316074728,0.0,0.09756704828148033,0,,,
s9182101_g4_n0.5_b0_r0.25,9182101,4,0.5,0,0.25,development,bridge,0.5,1.0,b_weighted_measure,OK,0.01731560799817089,0.08917047254162618,0.08592088261435368,0.08917050159033021,weighted,2,432,0.14210926731584783,,,,9.905830511842368e-13,0.2569445083050774,6.386063300389822e-08,0.004804910719812483,4.310226784419308e-08,0.09756704828148033,0,,,0.9953703064099778
s9182101_g4_n0.5_b0_r1.0,9182101,4,0.5,0,1.0,development,bridge,0.5,1.0,b_identity,OK,0.029344300011871383,0.39071434026503143,0.3923154601292729,0.3907143402650365,points,0,768,0.4867265638141622,0.4867265638141622,0.9661458333333334,,,0.58203125,0.0,0.06268119731686861,0.0,,,,,
s9182101_g4_n0.5_b0_r1.0,9182101,4,0.5,0,1.0,development,bridge,0.5,1.0,b_map,OK,0.02933719800785184,0.05346638345938326,0.05431416870908588,0.05346638345939741,points,2,768,0.0874764855051399,0.0874764855051399,0.9986979166666666,,8.2429148401693e-12,0.58203125,0.0,0.056855347012788826,0.0,0.1288448469834802,0,,,
s9182101_g4_n0.5_b0_r1.0,9182101,4,0.5,0,1.0,development,bridge,0.5,1.0,b_mean,OK,0.02934156901028473,0.053466951686631424,0.05431476948010687,0.053466951686645586,points,2,768,0.08747683519044994,0.08747683519044994,0.9986979166666666,,8.2429148401693e-12,0.58203125,0.0,0.056856549093657005,0.0,0.1288448469834802,0,,,
s9182101_g4_n0.5_b0_r1.0,9182101,4,0.5,0,1.0,development,bridge,0.5,1.0,b_posterior_draw,OK,0.029343714006245136,0.05346638345938326,0.05431416870908588,0.05346638345939741,points,2,768,0.0874764855051399,0.0874764855051399,0.9986979166666666,,8.2429148401693e-12,0.58203125,0.0,0.056855347012788826,0.0,0.1288448469834802,0,,,
s9182101_g4_n0.5_b0_r1.0,9182101,4,0.5,0,1.0,development,bridge,0.5,1.0,b_quota_map,OK,0.029343135000090115,0.05346638345938326,0.05431416870908588,0.05346638345939741,points,2,768,0.0874764855051399,0.0874764855051399,0.9986979166666666,,8.2429148401693e-12,0.58203125,0.0,0.056855347012788826,0.0,0.1288448469834802,0,,,
s9182101_g4_n0.5_b0_r1.0,9182101,4,0.5,0,1.0,development,bridge,0.5,1.0,b_weighted_measure,OK,0.02934242700575851,0.05346655128476504,0.05431476974947061,0.053466445182368816,weighted,2,768,0.08748941187153174,,,,8.2429148401693e-12,0.5820312758226318,2.5822631810612506e-08,0.056856549093657005,1.552623316786353e-07,0.1288448469834802,0,,,0.9986977698199798
s9182101_g4_n0.5_b4_r0.25,9182101,4,0.5,4,0.25,development,bridge,0.5,1.0,b_identity,OK,0.017836068000178784,3.2355217909275957,3.4502583568533742,2.7288307375229173,points,0,432,4.030318747083493,4.030318747083493,0.1712962962962963,,,0.4398148148148148,0.1828703703703704,0.20551963446722343,0.3170413404058264,,,,,
s9182101_g4_n0.5_b4_r0.25,9182101,4,0.5,4,0.25,development,bridge,0.5,1.0,b_map,OK,0.01782925300358329,0.3034309486560487,0.26719286800312947,0.29417009170714004,points,2,432,0.9331549950562521,0.9331549950562521,0.9606481481481481,,9.769809277418174e-13,0.2708333333333333,0.013888888888888895,0.026133198545176928,0.015407931295781763,0.09736752641524316,0,,,
s9182101_g4_n0.5_b4_r0.25,9182101,4,0.5,4,0.25,development,bridge,0.5,1.0,b_mean,OK,0.01783396999235265,0.3034311968155163,0.26719303476646133,0.29417033984789187,points,2,432,0.9331550373209346,0.9331550373209346,0.9606481481481481,,9.769809277418174e-13,0.2708333333333333,0.013888888888888895,0.026133533504975937,0.015407931295781763,0.09736752641524316,0,,,
s9182101_g4_n0.5_b4_r0.25,9182101,4,0.5,4,0.25,development,bridge,0.5,1.0,b_posterior_draw,OK,0.01783559400064405,0.3034309486560487,0.26719286800312947,0.29417009170714004,points,2,432,0.9331549950562521,0.9331549950562521,0.9606481481481481,,9.769809277418174e-13,0.2708333333333333,0.013888888888888895,0.026133198545176928,0.015407931295781763,0.09736752641524316,0,,,
s9182101_g4_n0.5_b4_r0.25,9182101,4,0.5,4,0.25,development,bridge,0.5,1.0,b_quota_map,OK,0.017835135004133917,0.3034309486560487,0.26719286800312947,0.29417009170714004,points,2,432,0.9331549950562521,0.9331549950562521,0.9606481481481481,,9.769809277418174e-13,0.2708333333333333,0.013888888888888895,0.026133198545176928,0.015407931295781763,0.09736752641524316,0,,,
s9182101_g4_n0.5_b4_r0.25,9182101,4,0.5,4,0.25,development,bridge,0.5,1.0,b_weighted_measure,OK,0.01783463900210336,0.3034311575877143,0.26719303546067796,0.29417033984789287,weighted,2,432,0.933155557010664,,,,9.769809277418174e-13,0.27083339691694525,0.013888952472500826,0.026133533504975937,0.01540797421084847,0.09736752641524316,0,,,0.9583332696505685
s9182101_g4_n0.5_b4_r1.0,9182101,4,0.5,4,1.0,development,bridge,0.5,1.0,b_identity,OK,0.03078319899213966,3.121934522212012,3.403140200946368,2.391660343364195,points,0,768,4.02457112878917,4.02457112878917,0.16927083333333334,,,0.5403645833333334,0.04166666666666663,0.13540837525707072,0.33285245353237575,,,,,
s9182101_g4_n0.5_b4_r1.0,9182101,4,0.5,4,1.0,development,bridge,0.5,1.0,b_map,OK,0.03077559899247717,0.07987613246087699,0.08721652636921874,0.08924909264904488,points,2,768,0.4283439465725775,0.4283439465725775,0.9934895833333334,,8.206056518625763e-12,0.5794270833333334,0.0026041666666666297,0.03188565992308012,0.0022371364653243847,0.1287802005757892,0,,,
s9182101_g4_n0.5_b4_r1.0,9182101,4,0.5,4,1.0,development,bridge,0.5,1.0,b_mean,OK,0.030780820990912616,0.07987669989829034,0.08721712587603225,0.08924966008645771,points,2,768,0.42834401808768396,0.42834401808768396,0.9934895833333334,,8.206056518625763e-12,0.5794270833333334,0.0026041666666666297,0.031886859481126795,0.0022371364653243847,0.1287802005757892,0,,,
s9182101_g4_n0.5_b4_r1.0,9182101,4,0.5,4,1.0,development,bridge,0.5,1.0,b_posterior_draw,OK,0.030782709989580326,0.07987613246087699,0.08721652636921874,0.08924909264904488,points,2,768,0.4283439465725775,0.4283439465725775,0.9934895833333334,,8.206056518625763e-12,0.5794270833333334,0.0026041666666666297,0.03188565992308012,0.0022371364653243847,0.1287802005757892,0,,,
s9182101_g4_n0.5_b4_r1.0,9182101,4,0.5,4,1.0,development,bridge,0.5,1.0,b_quota_map,OK,0.030782223999267444,0.07987613246087699,0.08721652636921874,0.08924909264904488,points,2,768,0.4283439465725775,0.4283439465725775,0.9934895833333334,,8.206056518625763e-12,0.5794270833333334,0.0026041666666666297,0.03188565992308012,0.0022371364653243847,0.1287802005757892,0,,,
s9182101_g4_n0.5_b4_r1.0,9182101,4,0.5,4,1.0,development,bridge,0.5,1.0,b_weighted_measure,OK,0.030781656998442486,0.07987629894386734,0.08721712614818829,0.08924900249392775,weighted,2,768,0.4283465831711356,,,,8.206056518625763e-12,0.5794271084630186,0.002604141536981408,0.031886859481126795,0.0022372913992178235,0.1287802005757892,0,,,0.9895831866925578
s9182101_g4_n1.0_b0_r0.25,9182101,4,1.0,0,0.25,development,bridge,1.0,1.0,b_identity,OK,0.01808844500919804,0.7720699835961725,0.7427561761455361,0.7614621891185817,points,0,432,0.9728039551250446,0.9728039551250446,0.7175925925925926,,,0.2708333333333333,0.013888888888888895,0.015476717534808948,0.015407931295781763,,,,,
s9182101_g4_n1.0_b0_r0.25,9182101,4,1.0,0,0.25,development,bridge,1.0,1.0,b_map,OK,0.01808172999881208,0.15338039725853958,0.16335092915735486,0.15748650628337302,points,2,432,0.28671022417343667,0.28671022417343667,0.9930555555555556,,0.002413691237066149,0.25925925925925924,0.002314814814814825,0.0005915108174483485,0.001557632398753894,0.22425844166027886,0,,,
s9182101_g4_n1.0_b0_r0.25,9182101,4,1.0,0,0.25,development,bridge,1.0,1.0,b_mean,OK,0.018086245996528305,0.16181964285625647,0.16988529573317568,0.16491529901558294,points,2,432,0.2916302913970001,0.2916302913970001,0.9907407407407407,,0.002413691237066149,0.25925925925925924,0.002314814814814825,0.015574401291659434,0.001557632398753894,0.22425844166027886,0,,,
s9182101_g4_n1.0_b0_r0.25,9182101,4,1.0,0,0.25,development,bridge,1.0,1.0,b_posterior_draw,OK,0.018087949996697716,0.15338039725853958,0.16335092915735486,0.15748650628337302,points,2,432,0.28671022417343667,0.28671022417343667,0.9930555555555556,,0.002413691237066149,0.25925925925925924,0.002314814814814825,0.0005915108174483485,0.001557632398753894,0.22425844166027886,0,,,
s9182101_g4_n1.0_b0_r0.25,9182101,4,1.0,0,0.25,development,bridge,1.0,1.0,b_quota_map,OK,0.018087392003508285,0.16146348796195809,0.16923171224395916,0.16585364970273123,points,2,432,0.34133058098327224,0.34133058098327224,0.9907407407407407,,0.002413691237066149,0.26157407407407407,0.00462962962962965,0.01235307699065702,0.003115264797507788,0.22425844166027886,0,,,
s9182101_g4_n1.0_b0_r0.25,9182101,4,1.0,0,0.25,development,bridge,1.0,1.0,b_weighted_measure,OK,0.018086880998453125,0.1600226084827686,0.17081531579669348,0.16233794299093413,weighted,2,432,0.33852395141822245,,,,0.002413691237066149,0.26060910808843585,0.003664663643991428,0.015574401291659434,0.003541877973358948,0.22425844166027886,0,,,0.9908840186575257
s9182101_g4_n1.0_b0_r1.0,9182101,4,1.0,0,1.0,development,bridge,1.0,1.0,b_identity,OK,0.030782506000832655,0.7780994523976151,0.7846309202585459,0.7688854824146166,points,0,768,0.9734531276283244,0.9734531276283244,0.7057291666666666,,,0.58203125,0.0,0.12536239463373677,0.018733404419912607,,,,,
s9182101_g4_n1.0_b0_r1.0,9182101,4,1.0,0,1.0,development,bridge,1.0,1.0,b_map,OK,0.03077604300051462,0.14018805980809199,0.14529170545883593,0.1386172106064858,points,2,768,0.3230002812185297,0.3230002812185297,0.98046875,,0.0024688200661583883,0.5807291666666666,0.0013020833333333703,0.17578820042946175,0.003794768864078279,0.2463641366295759,0,,,
s9182101_g4_n1.0_b0_r1.0,9182101,4,1.0,0,1.0,development,bridge,1.0,1.0,b_mean,OK,0.030779809996602125,0.1466187831164678,0.15053821161027636,0.14530497004659398,points,2,768,0.32014070932996347,0.32014070932996347,0.9778645833333334,,0.0024688200661583883,0.5807291666666666,0.0013020833333333703,0.18672548119390697,0.003794768864078279,0.2463641366295759,0,,,
s9182101_g4_n1.0_b0_r1.0,9182101,4,1.0,0,1.0,development,bridge,1.0,1.0,b_posterior_draw,OK,0.030781697991187684,0.1376318173718444,0.1394451505873996,0.14039154043188884,points,2,768,0.2928314217251336,0.2928314217251336,0.9817708333333334,,0.0024688200661583883,0.5794270833333334,0.0026041666666666297,0.164095090686589,0.0022371364653243847,0.2463641366295759,0,,,
s9182101_g4_n1.0_b0_r1.0,9182101,4,1.0,0,1.0,development,bridge,1.0,1.0,b_quota_map,OK,0.030781237001065165,0.14473134853692338,0.1511382603302723,0.13801349212164665,points,2,768,0.3513046814432644,0.3513046814432644,0.9791666666666666,,0.0024688200661583883,0.58203125,0.0,0.1874813101723345,0.005352401262832172,0.2463641366295759,0,,,
s9182101_g4_n1.0_b0_r1.0,9182101,4,1.0,0,1.0,development,bridge,1.0,1.0,b_weighted_measure,OK,0.03078060499683488,0.14452671943021278,0.15075741905064538,0.13817636764999025,weighted,2,768,0.34958592894336016,,,,0.0024688200661583883,0.581836645337129,0.00019460466287102296,0.18672548119390653,0.0052517177209339995,0.2463641366295759,0,,,0.9766285461654471
s9182101_g4_n1.0_b4_r0.25,9182101,4,1.0,4,0.25,development,bridge,1.0,1.0,b_identity,OK,0.01818764299969189,3.3011905909091883,3.505071492554031,2.7981789789728224,points,0,432,4.11863115252157,4.11863115252157,0.20601851851851852,,,0.4305555555555556,0.17361111111111116,0.21325799323462746,0.3108108108108108,,,,,
s9182101_g4_n1.0_b4_r0.25,9182101,4,1.0,4,0.25,development,bridge,1.0,1.0,b_map,OK,0.018180088998633437,0.20478348923195114,0.21008784260918478,0.20161093157448803,points,2,432,0.3220432506625826,0.3220432506625826,0.9930555555555556,,0.0024042528575488943,0.25925925925925924,0.002314814814814825,0.04310605939355172,0.001557632398753894,0.22346170467461635,0,,,
s9182101_g4_n1.0_b4_r0.25,9182101,4,1.0,4,0.25,development,bridge,1.0,1.0,b_mean,OK,0.018184802000178024,0.21341552895157512,0.21666889398130385,0.21096221800986703,points,2,432,0.3276486631822939,0.3276486631822939,0.9907407407407407,,0.0024042528575488943,0.25925925925925924,0.002314814814814825,0.05804538709962115,0.001557632398753894,0.22346170467461635,0,,,
s9182101_g4_n1.0_b4_r0.25,9182101,4,1.0,4,0.25,development,bridge,1.0,1.0,b_posterior_draw,OK,0.018186971996328793,0.20478348923195114,0.21008784260918478,0.20161093157448803,points,2,432,0.3220432506625826,0.3220432506625826,0.9930555555555556,,0.0024042528575488943,0.25925925925925924,0.002314814814814825,0.04310605939355172,0.001557632398753894,0.22346170467461635,0,,,
s9182101_g4_n1.0_b4_r0.25,9182101,4,1.0,4,0.25,development,bridge,1.0,1.0,b_quota_map,OK,0.018186435991083272,0.21282398296699387,0.21596986776380933,0.20998179006702677,points,2,432,0.3737278929842911,0.3737278929842911,0.9907407407407407,,0.0024042528575488943,0.26157407407407407,0.00462962962962965,0.05487010970280082,0.003115264797507788,0.22346170467461635,0,,,
s9182101_g4_n1.0_b4_r0.25,9182101,4,1.0,4,0.25,development,bridge,1.0,1.0,b_weighted_measure,OK,0.01818580599501729,0.21142420415170607,0.21752007740491225,0.20638624303078962,weighted,2,432,0.3698367148570702,,,,0.0024042528575488943,0.2605796277411577,0.003635183296713307,0.05804538709962115,0.0035356909958241417,0.22346170467461635,0,,,0.9909030743518161
s9182101_g4_n1.0_b4_r1.0,9182101,4,1.0,4,1.0,development,bridge,1.0,1.0,b_identity,OK,0.031002929012174718,3.1685290480980175,3.45850342101284,2.441263441035898,points,0,768,4.107085467483158,4.107085467483158,0.19401041666666666,,,0.5208333333333334,0.06119791666666663,0.19808957257393933,0.3389261744966443,,,,,
s9182101_g4_n1.0_b4_r1.0,9182101,4,1.0,4,1.0,development,bridge,1.0,1.0,b_map,OK,0.03099563501018565,0.2501247107317624,0.3258497887345678,0.3155956908505657,points,2,768,1.1524790071878797,1.1524790071878797,0.9505208333333334,,0.002491097883321958,0.5533854166666666,0.02864583333333337,0.3064121094936101,0.03263710301281649,0.24690894008757214,0,,,
s9182101_g4_n1.0_b4_r1.0,9182101,4,1.0,4,1.0,development,bridge,1.0,1.0,b_mean,OK,0.0310005430073943,0.25656749487624503,0.331143289853117,0.3145060988613261,points,2,768,1.1518188333104955,1.1518188333104955,0.9479166666666666,,0.002491097883321958,0.5533854166666666,0.02864583333333337,0.3174520636014688,0.03263710301281649,0.24690894008757214,0,,,
s9182101_g4_n1.0_b4_r1.0,9182101,4,1.0,4,1.0,development,bridge,1.0,1.0,b_posterior_draw,OK,0.03100244099914562,0.2476003301422343,0.3200040841824978,0.3199076102760894,points,2,768,1.1443950848190751,1.1443950848190751,0.9518229166666666,,0.002491097883321958,0.5520833333333334,0.02994791666666663,0.29472070038946985,0.031079470614062597,0.24690894008757214,0,,,
s9182101_g4_n1.0_b4_r1.0,9182101,4,1.0,4,1.0,development,bridge,1.0,1.0,b_quota_map,OK,0.031001918003312312,0.254755742286563,0.3316954932866378,0.31115273952179,points,2,768,1.1607289674963177,1.1607289674963177,0.94921875,,0.002491097883321958,0.5546875,0.02734375,0.3181035185977499,0.034194735411570386,0.24690894008757214,0,,,
s9182101_g4_n1.0_b4_r1.0,9182101,4,1.0,4,1.0,development,bridge,1.0,1.0,b_weighted_measure,OK,0.031001367009594105,0.25454861269207457,0.33136667856260005,0.3118346556887943,weighted,2,768,1.1602743611942978,,,,0.002491097883321958,0.5545089731304187,0.027522276869581308,0.3174520636014688,0.034107942844524106,0.24690894008757214,0,,,0.934951000183369
s9182101_g4_n2.0_b0_r0.25,9182101,4,2.0,0,0.25,development,bridge,2.0,1.0,b_identity,OK,0.017239250999409705,1.5110500003459506,1.4855123522910723,1.3433769671194509,points,0,432,1.9456079102500892,1.9456079102500892,0.4305555555555556,,,0.36342592592592593,0.10648148148148151,0.030953435069618784,0.1504588700850383,,,,,
s9182101_g4_n2.0_b0_r0.25,9182101,4,2.0,0,0.25,development,bridge,2.0,1.0,b_map,OK,0.01723282999591902,0.3053389979512198,0.3394174822596978,0.2944411709033511,points,2,432,0.5340368871480875,0.5340368871480875,0.9884259259259259,,0.00884566993875558,0.25925925925925924,0.002314814814814825,0.10423951167671319,0.01368190620527069,0.48446640134043495,0,,,
s9182101_g4_n2.0_b0_r0.25,9182101,4,2.0,0,0.25,development,bridge,2.0,1.0,b_mean,OK,0.017237131993169896,0.3623212744391975,0.37459324845052,0.355965588763359,points,2,432,0.5163034070736245,0.5163034070736245,0.9699074074074074,,0.00884566993875558,0.25925925925925924,0.002314814814814825,0.23594221684923866,0.01368190620527069,0.48446640134043495,0,,,
s9182101_g4_n2.0_b0_r0.25,9182101,4,2.0,0,0.25,development,bridge,2.0,1.0,b_posterior_draw,OK,0.017238788001122884,0.3453180891934583,0.42976206725502336,0.3132565122679941,points,2,432,0.765159786198013,0.765159786198013,0.9652777777777778,,0.00884566993875558,0.2638888888888889,0.006944444444444475,0.2965639569658989,0.04104571861581208,0.48446640134043495,0,,,
s9182101_g4_n2.0_b0_r0.25,9182101,4,2.0,0,0.25,development,bridge,2.0,1.0,b_quota_map,OK,0.01723825599765405,0.31955806241730006,0.31832478985154267,0.3250824297076832,points,2,432,0.5212847091376375,0.5212847091376375,0.9884259259259259,,0.00884566993875558,0.26851851851851855,0.011574074074074125,0.06281578499904228,0.00778816199376947,0.48446640134043495,0,,,
s9182101_g4_n2.0_b0_r0.25,9182101,4,2.0,0,0.25,development,bridge,2.0,1.0,b_weighted_measure,OK,0.017237723994185217,0.34751532763634796,0.4015013120425972,0.32205007494306326,weighted,2,432,0.7261725300943422,,,,0.00884566993875558,0.26759417313988393,0.010649728695439509,0.23594221684923866,0.03242049199909888,0.48446640134043495,0,,,0.9700636488933372
s9182101_g4_n2.0_b0_r1.0,9182101,4,2.0,0,1.0,development,bridge,2.0,1.0,b_identity,OK,0.029912320998846553,1.4736942773747828,1.5692618405170917,1.2549150498319992,points,0,768,1.9469062552566487,1.9469062552566487,0.4231770833333333,,,0.5651041666666666,0.01692708333333337,0.250724789267474,0.1724372242781576,,,,,
s9182101_g4_n2.0_b0_r1.0,9182101,4,2.0,0,1.0,development,bridge,2.0,1.0,b_map,OK,0.029906354000559077,0.2110660083284479,0.23846767382419296,0.20829732023697273,points,2,768,0.4527039017433741,0.4527039017433741,0.9895833333333334,,0.009511356277131415,0.5794270833333334,0.0026041666666666297,0.27815659446993646,0.010265738359572644,0.4860736444307583,0,,,
s9182101_g4_n2.0_b0_r1.0,9182101,4,2.0,0,1.0,development,bridge,2.0,1.0,b_mean,OK,0.02991018998727668,0.28205843012391424,0.29615960277773423,0.27708355729385004,points,2,768,0.4670657737408444,0.4670657737408444,0.9713541666666666,,0.009511356277131415,0.578125,0.00390625,0.4061082843371384,0.011384306592234836,0.4860736444307583,0,,,
s9182101_g4_n2.0_b0_r1.0,9182101,4,2.0,0,1.0,development,bridge,2.0,1.0,b_posterior_draw,OK,0.02991184098937083,0.2585325522618216,0.3273219395824864,0.21797407581044767,points,2,768,0.7274330672619559,0.7274330672619559,0.9713541666666666,,0.009511356277131415,0.5872395833333334,0.00520833333333337,0.4566442106162616,0.03566873654059253,0.4860736444307583,0,,,
s9182101_g4_n2.0_b0_r1.0,9182101,4,2.0,0,1.0,development,bridge,2.0,1.0,b_quota_map,OK,0.02991137799108401,0.21427061414256668,0.24001015939582787,0.20154368646327908,points,2,768,0.45013989156260037,0.45013989156260037,0.9895833333333334,,0.009511356277131415,0.58203125,0.0,0.2812415656132061,0.010704802525664345,0.4860736444307583,0,,,
s9182101_g4_n2.0_b0_r1.0,9182101,4,2.0,0,1.0,development,bridge,2.0,1.0,b_weighted_measure,OK,0.029910863988334313,0.24023022787555096,0.30197666862403005,0.20251975495569946,weighted,2,768,0.6659751987708578,,,,0.009511356277131415,0.5818012874794601,0.00022996252053986144,0.4061082843371384,0.02847628212239757,0.4860736444307583,0,,,0.9722524716105594
s9182101_g4_n2.0_b4_r0.25,9182101,4,2.0,4,0.25,development,bridge,2.0,1.0,b_identity,OK,0.01777062998735346,3.5296618463854497,3.7231197057034295,3.0286037505628887,points,0,432,4.452184925184326,4.452184925184326,0.20833333333333334,,,0.42824074074074076,0.17129629629629634,0.2287347107694364,0.3213774522185737,,,,,
s9182101_g4_n2.0_b4_r0.25,9182101,4,2.0,4,0.25,development,bridge,2.0,1.0,b_map,OK,0.017764248987077735,0.348183259436144,0.38162808676436305,0.3366297977474099,points,2,432,0.5875153652837957,0.5875153652837957,0.9884259259259259,,0.00876904081962916,0.25925925925925924,0.002314814814814825,0.10439090577406374,0.01368190620527069,0.48408689265461247,0,,,
s9182101_g4_n2.0_b4_r0.25,9182101,4,2.0,4,0.25,development,bridge,2.0,1.0,b_mean,OK,0.017768571997294202,0.40338138071706253,0.4087723237872388,0.39672497504367976,points,2,432,0.5754164205968857,0.5754164205968857,0.9629629629629629,,0.00876904081962916,0.25925925925925924,0.002314814814814825,0.2355261791192711,0.01368190620527069,0.48408689265461247,0,,,
s9182101_g4_n2.0_b4_r0.25,9182101,4,2.0,4,0.25,development,bridge,2.0,1.0,b_posterior_draw,OK,0.017770174992620014,0.3879718728352223,0.4696385301086308,0.3548834541489365,points,2,432,0.8053889527554587,0.8053889527554587,0.9652777777777778,,0.00876904081962916,0.2638888888888889,0.006944444444444475,0.29673624767644746,0.04104571861581208,0.48408689265461247,0,,,
s9182101_g4_n2.0_b4_r0.25,9182101,4,2.0,4,0.25,development,bridge,2.0,1.0,b_quota_map,OK,0.01776968498597853,0.3538210395577441,0.355439528674577,0.3597894074398156,points,2,432,0.5566339627118402,0.5566339627118402,0.9907407407407407,,0.00876904081962916,0.2662037037037037,0.0092592592592593,0.0520137895944921,0.006230529595015576,0.48408689265461247,0,,,
s9182101_g4_n2.0_b4_r0.25,9182101,4,2.0,4,0.25,development,bridge,2.0,1.0,b_weighted_measure,OK,0.017769184996723197,0.3897845330786802,0.4419785275372398,0.36365146705184725,weighted,2,432,0.7685399653963506,,,,0.00876904081962916,0.26735622561563654,0.010411781171192125,0.2355261791192711,0.03233773111235099,0.48408689265461247,0,,,0.9702425219858792
s9182101_g4_n2.0_b4_r1.0,9182101,4,2.0,4,1.0,development,bridge,2.0,1.0,b_identity,OK,0.030609498993726447,3.3756570397663803,3.6798761646509615,2.6194776514155373,points,0,768,4.430747573243304,4.430747573243304,0.1953125,,,0.51171875,0.0703125,0.32345196720767566,0.3494323527566957,,,,,
s9182101_g4_n2.0_b4_r1.0,9182101,4,2.0,4,1.0,development,bridge,2.0,1.0,b_map,OK,0.030602025988628156,0.21105741421588453,0.23843207897398433,0.208194340052101,points,2,768,0.47562334844088583,0.47562334844088583,0.9895833333333334,,0.009470015572178811,0.5794270833333334,0.0026041666666666297,0.2787130163280902,0.010265738359572644,0.48559977942422083,0,,,
s9182101_g4_n2.0_b4_r1.0,9182101,4,2.0,4,1.0,development,bridge,2.0,1.0,b_mean,OK,0.030607084001530893,0.2817579342512891,0.29591742630065765,0.27707011524623404,points,2,768,0.48874013096694274,0.48874013096694274,0.9700520833333334,,0.009470015572178811,0.578125,0.00390625,0.40631180183682414,0.011384306592234836,0.48559977942422083,0,,,
s9182101_g4_n2.0_b4_r1.0,9182101,4,2.0,4,1.0,development,bridge,2.0,1.0,b_posterior_draw,OK,0.030609005989390425,0.25897557713461367,0.3272965097567904,0.21788686692158052,points,2,768,0.7422156679015599,0.7422156679015599,0.9713541666666666,,0.009470015572178811,0.5872395833333334,0.00520833333333337,0.45722481923924896,0.03566873654059253,0.48559977942422083,0,,,
s9182101_g4_n2.0_b4_r1.0,9182101,4,2.0,4,1.0,development,bridge,2.0,1.0,b_quota_map,OK,0.030608514993218705,0.2142733182092387,0.23997477356704378,0.20143841590359066,points,2,768,0.4731796091013213,0.4731796091013213,0.9895833333333334,,0.009470015572178811,0.58203125,0.0,0.28179840551421,0.010704802525664345,0.48559977942422083,0,,,
s9182101_g4_n2.0_b4_r1.0,9182101,4,2.0,4,1.0,development,bridge,2.0,1.0,b_weighted_measure,OK,0.030607729000621475,0.2400159508766908,0.3018080261398951,0.20281381735376286,weighted,2,768,0.6815157914616005,,,,0.009470015572178811,0.5816602810269176,0.0003709689730824195,0.40631180183682414,0.028423594945626424,0.48559977942422083,0,,,0.9722806067616109
s9182101_g8_n0.5_b0_r0.25,9182101,8,0.5,0,0.25,development,bridge,0.5,1.0,b_identity,OK,0.016336346001480706,0.3780255936307357,0.37228961668835436,0.37802559363074906,points,0,396,0.4775259133496625,0.4775259133496625,0.9671717171717171,,,0.29797979797979796,0.0,0.07386966664560468,0.0,,,,,
s9182101_g8_n0.5_b0_r0.25,9182101,8,0.5,0,0.25,development,bridge,0.5,1.0,b_map,OK,0.01632955799868796,0.049239090490012336,0.0570820144863617,0.049239090490029294,points,2,396,0.12887089998757856,0.12887089998757856,0.9924242424242424,,3.4527041533529796e-82,0.29797979797979796,0.0,0.06982161750315896,0.0,0.18112012923519138,0,,,
s9182101_g8_n0.5_b0_r0.25,9182101,8,0.5,0,0.25,development,bridge,0.5,1.0,b_mean,OK,0.016334126994479448,0.049239090490012336,0.0570820144863617,0.049239090490029294,points,2,396,0.12887089998757856,0.12887089998757856,0.9924242424242424,,3.4527041533529796e-82,0.29797979797979796,0.0,0.06982161750315896,0.0,0.18112012923519138,0,,,
s9182101_g8_n0.5_b0_r0.25,9182101,8,0.5,0,0.25,development,bridge,0.5,1.0,b_posterior_draw,OK,0.016335881999111734,0.049239090490012336,0.0570820144863617,0.049239090490029294,points,2,396,0.12887089998757856,0.12887089998757856,0.9924242424242424,,3.4527041533529796e-82,0.29797979797979796,0.0,0.06982161750315896,0.0,0.18112012923519138,0,,,
s9182101_g8_n0.5_b0_r0.25,9182101,8,0.5,0,0.25,development,bridge,0.5,1.0,b_quota_map,OK,0.01633539800241124,0.049239090490012336,0.0570820144863617,0.049239090490029294,points,2,396,0.12887089998757856,0.12887089998757856,0.9924242424242424,,3.4527041533529796e-82,0.29797979797979796,0.0,0.06982161750315896,0.0,0.18112012923519138,0,,,
s9182101_g8_n0.5_b0_r0.25,9182101,8,0.5,0,0.25,development,bridge,0.5,1.0,b_weighted_measure,OK,0.016334808999090455,0.04923909049001233,0.0570820144863617,0.04923909049002929,weighted,2,396,0.12887089998757856,,,,3.4527041533529796e-82,0.29797979797979796,0.0,0.06982161750315896,1.5868288236680357e-39,0.18112012923519138,0,,,0.9924242424242427
s9182101_g8_n0.5_b0_r1.0,9182101,8,0.5,0,1.0,development,bridge,0.5,1.0,b_identity,OK,0.02904894799576141,0.39071434026503127,0.3897996726154517,0.39071434026505747,points,0,768,0.4867265638141622,0.4867265638141622,0.9661458333333334,,,0.6380208333333334,0.0,0.03771691190109294,0.0,,,,,
s9182101_g8_n0.5_b0_r1.0,9182101,8,0.5,0,1.0,development,bridge,0.5,1.0,b_map,OK,0.029042709997156635,0.025894763752980277,0.0238126260145509,0.025894763753020984,points,2,768,0.07089734364023954,0.07089734364023954,0.9986979166666666,,9.809500908917403e-86,0.6380208333333334,0.0,0.04762525202910339,0.0,0.04183512532605249,0,,,
s9182101_g8_n0.5_b0_r1.0,9182101,8,0.5,0,1.0,development,bridge,0.5,1.0,b_mean,OK,0.02904665299865883,0.025894763752980277,0.0238126260145509,0.025894763753020984,points,2,768,0.07089734364023954,0.07089734364023954,0.9986979166666666,,9.809500908917403e-86,0.6380208333333334,0.0,0.04762525202910339,0.0,0.04183512532605249,0,,,
s9182101_g8_n0.5_b0_r1.0,9182101,8,0.5,0,1.0,development,bridge,0.5,1.0,b_posterior_draw,OK,0.029048475000308827,0.025894763752980277,0.0238126260145509,0.025894763753020984,points,2,768,0.07089734364023954,0.07089734364023954,0.9986979166666666,,9.809500908917403e-86,0.6380208333333334,0.0,0.04762525202910339,0.0,0.04183512532605249,0,,,
s9182101_g8_n0.5_b0_r1.0,9182101,8,0.5,0,1.0,development,bridge,0.5,1.0,b_quota_map,OK,0.029047973002889194,0.025894763752980277,0.0238126260145509,0.025894763753020984,points,2,768,0.07089734364023954,0.07089734364023954,0.9986979166666666,,9.809500908917403e-86,0.6380208333333334,0.0,0.04762525202910339,0.0,0.04183512532605249,0,,,
s9182101_g8_n0.5_b0_r1.0,9182101,8,0.5,0,1.0,development,bridge,0.5,1.0,b_weighted_measure,OK,0.029047431002254598,0.025894763752980277,0.0238126260145509,0.025894763753020984,weighted,2,768,0.07089734364023954,,,,9.809500908917403e-86,0.6380208333333334,0.0,0.04762525202910339,4.558398539665899e-43,0.04183512532605249,0,,,0.9986979166666666
s9182101_g8_n0.5_b4_r0.25,9182101,8,0.5,4,0.25,development,bridge,0.5,1.0,b_identity,OK,0.016304952005157247,3.3201634259565527,3.4184975438066605,2.9712042170075224,points,0,396,4.035803088439467,4.035803088439467,0.16161616161616163,,,0.4292929292929293,0.13131313131313133,0.28619252686973695,0.2202780148762346,,,,,
s9182101_g8_n0.5_b4_r0.25,9182101,8,0.5,4,0.25,development,bridge,0.5,1.0,b_map,OK,0.016298210000968538,0.34258535616133884,0.4080688660494801,0.34258535616135355,points,2,396,0.7991890844075201,0.7991890844075201,0.9747474747474747,,4.446190292614779e-82,0.29797979797979796,0.0,0.28346326911582587,0.0,0.17996614500793662,0,,,
s9182101_g8_n0.5_b4_r0.25,9182101,8,0.5,4,0.25,development,bridge,0.5,1.0,b_mean,OK,0.016302736999932677,0.34258535616133884,0.4080688660494801,0.34258535616135355,points,2,396,0.7991890844075201,0.7991890844075201,0.9747474747474747,,4.446190292614779e-82,0.29797979797979796,0.0,0.28346326911582587,0.0,0.17996614500793662,0,,,
s9182101_g8_n0.5_b4_r0.25,9182101,8,0.5,4,0.25,development,bridge,0.5,1.0,b_posterior_draw,OK,0.01630445600312669,0.34258535616133884,0.4080688660494801,0.34258535616135355,points,2,396,0.7991890844075201,0.7991890844075201,0.9747474747474747,,4.446190292614779e-82,0.29797979797979796,0.0,0.28346326911582587,0.0,0.17996614500793662,0,,,
s9182101_g8_n0.5_b4_r0.25,9182101,8,0.5,4,0.25,development,bridge,0.5,1.0,b_quota_map,OK,0.016303964992403053,0.34258535616133884,0.4080688660494801,0.34258535616135355,points,2,396,0.7991890844075201,0.7991890844075201,0.9747474747474747,,4.446190292614779e-82,0.29797979797979796,0.0,0.28346326911582587,0.0,0.17996614500793662,0,,,
s9182101_g8_n0.5_b4_r0.25,9182101,8,0.5,4,0.25,development,bridge,0.5,1.0,b_weighted_measure,OK,0.01630346500314772,0.34258535616133884,0.4080688660494801,0.3425853561613536,weighted,2,396,0.79918908440752,,,,4.446190292614779e-82,0.29797979797979796,0.0,0.28346326911582587,1.6403846397254844e-39,0.17996614500793662,0,,,0.9722222222222225
s9182101_g8_n0.5_b4_r1.0,9182101,8,0.5,4,1.0,development,bridge,0.5,1.0,b_identity,OK,0.02987887199560646,3.219268991104068,3.411748390788821,2.7505886631919925,points,0,768,4.02457112878917,4.02457112878917,0.1640625,,,0.6041666666666666,0.03385416666666674,0.21417959845875423,0.2323153721920423,,,,,
s9182101_g8_n0.5_b4_r1.0,9182101,8,0.5,4,1.0,development,bridge,0.5,1.0,b_map,OK,0.029871127000660636,0.04320930453560575,0.04163993798831792,0.04320930453560923,points,2,768,0.28668942582560253,0.28668942582560253,0.9921875,,9.721924494632363e-86,0.6380208333333334,0.0,0.04186527864646905,0.0,0.04181908665771594,0,,,
s9182101_g8_n0.5_b4_r1.0,9182101,8,0.5,4,1.0,development,bridge,0.5,1.0,b_mean,OK,0.029876435990445316,0.04320930453560575,0.04163993798831792,0.04320930453560923,points,2,768,0.28668942582560253,0.28668942582560253,0.9921875,,9.721924494632363e-86,0.6380208333333334,0.0,0.04186527864646905,0.0,0.04181908665771594,0,,,
s9182101_g8_n0.5_b4_r1.0,9182101,8,0.5,4,1.0,development,bridge,0.5,1.0,b_posterior_draw,OK,0.029878357992856763,0.04320930453560575,0.04163993798831792,0.04320930453560923,points,2,768,0.28668942582560253,0.28668942582560253,0.9921875,,9.721924494632363e-86,0.6380208333333334,0.0,0.04186527864646905,0.0,0.04181908665771594,0,,,
s9182101_g8_n0.5_b4_r1.0,9182101,8,0.5,4,1.0,development,bridge,0.5,1.0,b_quota_map,OK,0.029877722001401708,0.04320930453560575,0.04163993798831792,0.04320930453560923,points,2,768,0.28668942582560253,0.28668942582560253,0.9921875,,9.721924494632363e-86,0.6380208333333334,0.0,0.04186527864646905,0.0,0.04181908665771594,0,,,
s9182101_g8_n0.5_b4_r1.0,9182101,8,0.5,4,1.0,development,bridge,0.5,1.0,b_weighted_measure,OK,0.02987722099351231,0.04320930453560575,0.04163993798831792,0.04320930453560923,weighted,2,768,0.28668942582560253,,,,9.721924494632363e-86,0.6380208333333334,0.0,0.04186527864646905,4.542835416355052e-43,0.04181908665771594,0,,,0.9921875
s9182101_g8_n1.0_b0_r0.25,9182101,8,1.0,0,0.25,development,bridge,1.0,1.0,b_identity,OK,0.015862956002820283,0.7560511872614715,0.7445792333767088,0.7560511872614769,points,0,396,0.955051826699325,0.955051826699325,0.7146464646464646,,,0.29797979797979796,0.0,0.14773933329120936,0.0,,,,,
s9182101_g8_n1.0_b0_r0.25,9182101,8,1.0,0,0.25,development,bridge,1.0,1.0,b_map,OK,0.015854718003538437,0.11914230542008857,0.12474902557212098,0.11914230542010085,points,2,396,0.2503656557795795,0.2503656557795795,0.9873737373737373,,1.803100260051133e-15,0.29797979797979796,0.0,0.10819033800355271,0.0,0.3835506376576081,0,,,
s9182101_g8_n1.0_b0_r0.25,9182101,8,1.0,0,0.25,development,bridge,1.0,1.0,b_mean,OK,0.01586008300364483,0.11914228642574054,0.12474899479723991,0.11914228642575284,points,2,396,0.2503656377349351,0.2503656377349351,0.9873737373737373,,1.803100260051133e-15,0.29797979797979796,0.0,0.10819027629772826,0.0,0.3835506376576081,0,,,
s9182101_g8_n1.0_b0_r0.25,9182101,8,1.0,0,0.25,development,bridge,1.0,1.0,b_posterior_draw,OK,0.0158623799943598,0.11914230542008857,0.12474902557212098,0.11914230542010085,points,2,396,0.2503656557795795,0.2503656557795795,0.9873737373737373,,1.803100260051133e-15,0.29797979797979796,0.0,0.10819033800355271,0.0,0.3835506376576081,0,,,
s9182101_g8_n1.0_b0_r0.25,9182101,8,1.0,0,0.25,development,bridge,1.0,1.0,b_quota_map,OK,0.015861754000070505,0.11914230542008857,0.12474902557212098,0.11914230542010085,points,2,396,0.2503656557795795,0.2503656557795795,0.9873737373737373,,1.803100260051133e-15,0.29797979797979796,0.0,0.10819033800355271,0.0,0.3835506376576081,0,,,
s9182101_g8_n1.0_b0_r0.25,9182101,8,1.0,0,0.25,development,bridge,1.0,1.0,b_weighted_measure,OK,0.01586104099988006,0.11914230629330202,0.12474905463263763,0.11914231484328772,weighted,2,396,0.25036595760279107,,,,1.803100260051133e-15,0.2979797959980951,1.981702857367651e-09,0.10819027629772826,3.6803360388451747e-09,0.3835506376576081,0,,,0.9873737350948995
s9182101_g8_n1.0_b0_r1.0,9182101,8,1.0,0,1.0,development,bridge,1.0,1.0,b_identity,OK,0.029169350003940053,0.7814286805300629,0.7795993452309035,0.781428680530075,points,0,768,0.9734531276283244,0.9734531276283244,0.7018229166666666,,,0.6380208333333334,0.0,0.07543382380218411,0.0,,,,,
s9182101_g8_n1.0_b0_r1.0,9182101,8,1.0,0,1.0,development,bridge,1.0,1.0,b_map,OK,0.029162591003114358,0.05851600389175581,0.05007612802311853,0.05851600389178159,points,2,768,0.15653429305423955,0.15653429305423955,0.9934895833333334,,2.810405263209721e-17,0.6380208333333334,0.0,0.07745408973696932,0.0,0.0775182771869325,0,,,
s9182101_g8_n1.0_b0_r1.0,9182101,8,1.0,0,1.0,development,bridge,1.0,1.0,b_mean,OK,0.02916695699968841,0.058516001372407846,0.05007612558528188,0.05851600137243363,points,2,768,0.15653429226968704,0.15653429226968704,0.9934895833333334,,2.810405263209721e-17,0.6380208333333334,0.0,0.07745408486129612,0.0,0.0775182771869325,0,,,
s9182101_g8_n1.0_b0_r1.0,9182101,8,1.0,0,1.0,development,bridge,1.0,1.0,b_posterior_draw,OK,0.02916889201151207,0.05851600389175581,0.05007612802311853,0.05851600389178159,points,2,768,0.15653429305423955,0.15653429305423955,0.9934895833333334,,2.810405263209721e-17,0.6380208333333334,0.0,0.07745408973696932,0.0,0.0775182771869325,0,,,
s9182101_g8_n1.0_b0_r1.0,9182101,8,1.0,0,1.0,development,bridge,1.0,1.0,b_quota_map,OK,0.029168371998821385,0.05851600389175581,0.05007612802311853,0.05851600389178159,points,2,768,0.15653429305423955,0.15653429305423955,0.9934895833333334,,2.810405263209721e-17,0.6380208333333334,0.0,0.07745408973696932,0.0,0.0775182771869325,0,,,
s9182101_g8_n1.0_b0_r1.0,9182101,8,1.0,0,1.0,development,bridge,1.0,1.0,b_weighted_measure,OK,0.029167819011490792,0.05851600398866479,0.05007613043522471,0.05851600484445237,weighted,2,768,0.15653435727257958,,,,2.810405263209721e-17,0.6380208332134661,1.1986722725509935e-10,0.07745408486129612,3.018048033226909e-10,0.0775182771869325,0,,,0.9921874996881042
s9182101_g8_n1.0_b4_r0.25,9182101,8,1.0,4,0.25,development,bridge,1.0,1.0,b_identity,OK,0.01623757199558895,3.3772627412537504,3.4967228555049905,2.9502967960215427,points,0,396,4.126660934947069,4.126660934947069,0.18181818181818182,,,0.4292929292929293,0.13131313131313133,0.36006219351534163,0.21424216558956224,,,,,
s9182101_g8_n1.0_b4_r0.25,9182101,8,1.0,4,0.25,development,bridge,1.0,1.0,b_map,OK,0.016230512992478907,0.4435687444634256,0.41803386082942723,0.43127901598014895,points,2,396,1.0299461841397426,1.0299461841397426,0.952020202020202,,1.8608218406916257e-15,0.3106060606060606,0.012626262626262652,0.09693890115129022,0.008992805755395683,0.3805700355503365,0,,,
s9182101_g8_n1.0_b4_r0.25,9182101,8,1.0,4,0.25,development,bridge,1.0,1.0,b_mean,OK,0.016235249990131706,0.4435687276373324,0.4180338313332481,0.43127899915405576,points,2,396,1.0299461760612054,1.0299461760612054,0.952020202020202,,1.8608218406916257e-15,0.3106060606060606,0.012626262626262652,0.09693883843436701,0.008992805755395683,0.3805700355503365,0,,,
s9182101_g8_n1.0_b4_r0.25,9182101,8,1.0,4,0.25,development,bridge,1.0,1.0,b_posterior_draw,OK,0.016237069998169318,0.4435687444634256,0.41803386082942723,0.43127901598014895,points,2,396,1.0299461841397426,1.0299461841397426,0.952020202020202,,1.8608218406916257e-15,0.3106060606060606,0.012626262626262652,0.09693890115129022,0.008992805755395683,0.3805700355503365,0,,,
s9182101_g8_n1.0_b4_r0.25,9182101,8,1.0,4,0.25,development,bridge,1.0,1.0,b_quota_map,OK,0.016236563998972997,0.4435687444634256,0.41803386082942723,0.43127901598014895,points,2,396,1.0299461841397426,1.0299461841397426,0.952020202020202,,1.8608218406916257e-15,0.3106060606060606,0.012626262626262652,0.09693890115129022,0.008992805755395683,0.3805700355503365,0,,,
s9182101_g8_n1.0_b4_r0.25,9182101,8,1.0,4,0.25,development,bridge,1.0,1.0,b_weighted_measure,OK,0.016235974995652214,0.44356874482901093,0.4180338887644917,0.4312790050868145,weighted,2,396,1.0299462551598697,,,,1.8608218406916257e-15,0.3106060585982219,0.012626260618423923,0.09693883843436701,0.008992809497365667,0.3805700355503365,0,,,0.9444444421245941
s9182101_g8_n1.0_b4_r1.0,9182101,8,1.0,4,1.0,development,bridge,1.0,1.0,b_identity,OK,0.04039246399770491,3.2507566537168167,3.4659953476416714,2.767993774119009,points,0,768,4.107085467483158,4.107085467483158,0.18098958333333334,,,0.61328125,0.02473958333333337,0.17646268655766217,0.2223535457348407,,,,,
s9182101_g8_n1.0_b4_r1.0,9182101,8,1.0,4,1.0,development,bridge,1.0,1.0,b_map,OK,0.0403859820071375,0.12583457080309388,0.11168047825146638,0.13713234338309943,points,2,768,0.6993862132526776,0.6993862132526776,0.9791666666666666,,2.796025905054332e-17,0.6328125,0.00520833333333337,0.12354914435829656,0.004081632653061225,0.07742195048854583,0,,,
s9182101_g8_n1.0_b4_r1.0,9182101,8,1.0,4,1.0,development,bridge,1.0,1.0,b_mean,OK,0.040390138994553126,0.12583456828919684,0.11168047581923884,0.1371323408692024,points,2,768,0.6993862130775855,0.6993862130775855,0.9791666666666666,,2.796025905054332e-17,0.6328125,0.00520833333333337,0.12354913949384283,0.004081632653061225,0.07742195048854583,0,,,
s9182101_g8_n1.0_b4_r1.0,9182101,8,1.0,4,1.0,development,bridge,1.0,1.0,b_posterior_draw,OK,0.040392003997112624,0.12583457080309388,0.11168047825146638,0.13713234338309943,points,2,768,0.6993862132526776,0.6993862132526776,0.9791666666666666,,2.796025905054332e-17,0.6328125,0.00520833333333337,0.12354914435829656,0.004081632653061225,0.07742195048854583,0,,,
s9182101_g8_n1.0_b4_r1.0,9182101,8,1.0,4,1.0,development,bridge,1.0,1.0,b_quota_map,OK,0.04039145899878349,0.12583457080309388,0.11168047825146638,0.13713234338309943,points,2,768,0.6993862132526776,0.6993862132526776,0.9791666666666666,,2.796025905054332e-17,0.6328125,0.00520833333333337,0.12354914435829656,0.004081632653061225,0.07742195048854583,0,,,
s9182101_g8_n1.0_b4_r1.0,9182101,8,1.0,4,1.0,development,bridge,1.0,1.0,b_weighted_measure,OK,0.04039092299353797,0.12583457089994185,0.11168048065803243,0.1371323443348494,weighted,2,768,0.6993862275946684,,,,2.796025905054332e-17,0.6328124998802521,0.005208333453081249,0.12354913949384283,0.004081632954175207,0.07742195048854583,0,,,0.9791666663554419
s9182101_g8_n2.0_b0_r0.25,9182101,8,2.0,0,0.25,development,bridge,2.0,1.0,b_identity,OK,0.02591963300073985,1.507847890826408,1.489158466753418,1.4973931300442906,points,0,396,1.91010365339865,1.91010365339865,0.43434343434343436,,,0.30303030303030304,0.005050505050505083,0.2954786665824152,0.00963297158883063,,,,,
s9182101_g8_n2.0_b0_r0.25,9182101,8,2.0,0,0.25,development,bridge,2.0,1.0,b_map,OK,0.02591261400084477,0.3996109348496016,0.4319269456389117,0.40319086950375793,points,2,396,0.8145458448497944,0.8145458448497944,0.9116161616161617,,0.0015638353060920605,0.29545454545454547,0.002525252525252486,0.030312211420088886,0.00423728813559322,1.0834415560378794,0,,,
s9182101_g8_n2.0_b0_r0.25,9182101,8,2.0,0,0.25,development,bridge,2.0,1.0,b_mean,OK,0.025917377992300317,0.402869581710187,0.4231331875255735,0.40644951636434334,points,2,396,0.7680534842965226,0.7680534842965226,0.9116161616161617,,0.0015638353060920605,0.29545454545454547,0.002525252525252486,0.04229695940988343,0.00423728813559322,1.0834415560378794,0,,,
s9182101_g8_n2.0_b0_r0.25,9182101,8,2.0,0,0.25,development,bridge,2.0,1.0,b_posterior_draw,OK,0.025919153995346278,0.3996109348496016,0.4319269456389117,0.40319086950375793,points,2,396,0.8145458448497944,0.8145458448497944,0.9116161616161617,,0.0015638353060920605,0.29545454545454547,0.002525252525252486,0.030312211420088886,0.00423728813559322,1.0834415560378794,0,,,
s9182101_g8_n2.0_b0_r0.25,9182101,8,2.0,0,0.25,development,bridge,2.0,1.0,b_quota_map,OK,0.025918676998117007,0.3996109348496016,0.4319269456389117,0.40319086950375793,points,2,396,0.8145458448497944,0.8145458448497944,0.9116161616161617,,0.0015638353060920605,0.29545454545454547,0.002525252525252486,0.030312211420088886,0.00423728813559322,1.0834415560378794,0,,,
s9182101_g8_n2.0_b0_r0.25,9182101,8,2.0,0,0.25,development,bridge,2.0,1.0,b_weighted_measure,OK,0.025918072002241388,0.4003948197893449,0.427118869007299,0.40246610702576924,weighted,2,396,0.8059607693472062,,,,0.0015638353060920605,0.2962306936772106,0.0017491043025873454,0.04229695940988343,0.0035774742454788783,1.0834415560378794,0,,,0.9042789089634807
s9182101_g8_n2.0_b0_r1.0,9182101,8,2.0,0,1.0,development,bridge,2.0,1.0,b_identity,OK,0.030114673005300574,1.5580435138534288,1.559198690461807,1.5509944838901566,points,0,768,1.9469062552566487,1.9469062552566487,0.4140625,,,0.6341145833333334,0.00390625,0.15086764760436466,0.011518132432829247,,,,,
s9182101_g8_n2.0_b0_r1.0,9182101,8,2.0,0,1.0,development,bridge,2.0,1.0,b_map,OK,0.03010778099996969,0.1750556999471623,0.15042578239159501,0.17505569994716985,points,2,768,0.44169212571035366,0.44169212571035366,0.9596354166666666,,0.0002684139903788862,0.6380208333333334,0.0,0.05027485957791278,0.0,0.13668089605038247,0,,,
s9182101_g8_n2.0_b0_r1.0,9182101,8,2.0,0,1.0,development,bridge,2.0,1.0,b_mean,OK,0.030112385997199453,0.17671654988280613,0.15173907672167683,0.1767165498828136,points,2,768,0.443739570338138,0.443739570338138,0.9596354166666666,,0.0002684139903788862,0.6380208333333334,0.0,0.041638189784602986,0.0,0.13668089605038247,0,,,
s9182101_g8_n2.0_b0_r1.0,9182101,8,2.0,0,1.0,development,bridge,2.0,1.0,b_posterior_draw,OK,0.030114177003270015,0.1823036611150869,0.1648724935854176,0.17726856781101485,points,2,768,0.5293431058604564,0.5293431058604564,0.9596354166666666,,0.0002684139903788862,0.6393229166666666,0.0013020833333332593,0.021006153272287165,0.0017985611510791368,0.13668089605038247,0,,,
s9182101_g8_n2.0_b0_r1.0,9182101,8,2.0,0,1.0,development,bridge,2.0,1.0,b_quota_map,OK,0.030113650995190255,0.1750556999471623,0.15042578239159501,0.17505569994716985,points,2,768,0.44169212571035366,0.44169212571035366,0.9596354166666666,,0.0002684139903788862,0.6380208333333334,0.0,0.05027485957791278,0.0,0.13668089605038247,0,,,
s9182101_g8_n2.0_b0_r1.0,9182101,8,2.0,0,1.0,development,bridge,2.0,1.0,b_weighted_measure,OK,0.030113112996332347,0.17553196736491813,0.15465472134315889,0.17512235955313432,weighted,2,768,0.48146051170350684,,,,0.0002684139903788862,0.6377416866401459,0.0002791466931875153,0.041638189784602986,0.0005307231075654694,0.13668089605038247,0,,,0.955161828011664
s9182101_g8_n2.0_b4_r0.25,9182101,8,2.0,4,0.25,development,bridge,2.0,1.0,b_identity,OK,0.016734822987928055,3.5904451804787074,3.7507841775748174,3.0152290189800186,points,0,396,4.458785066165689,4.458785066165689,0.1717171717171717,,,0.39141414141414144,0.09343434343434348,0.5078015268065492,0.20537129618339228,,,,,
s9182101_g8_n2.0_b4_r0.25,9182101,8,2.0,4,0.25,development,bridge,2.0,1.0,b_map,OK,0.016728391987271607,0.6569840537926518,0.679358534926755,0.638666493781324,points,2,396,1.6121541854964259,1.6121541854964259,0.9267676767676768,,0.0015673482875580556,0.3282828282828283,0.03030303030303033,0.02634285854015328,0.027618583099621997,1.0823347274098012,0,,,
s9182101_g8_n2.0_b4_r0.25,9182101,8,2.0,4,0.25,development,bridge,2.0,1.0,b_mean,OK,0.016732503994717263,0.6631943660324882,0.6719046686723503,0.6448768056054346,points,2,396,1.5902463195025893,1.5902463195025893,0.9292929292929293,,0.0015673482875580556,0.3282828282828283,0.03030303030303033,0.014453002740105525,0.027618583099621997,1.0823347274098012,0,,,
s9182101_g8_n2.0_b4_r0.25,9182101,8,2.0,4,0.25,development,bridge,2.0,1.0,b_posterior_draw,OK,0.016734357996028848,0.6569840537926518,0.679358534926755,0.638666493781324,points,2,396,1.6121541854964259,1.6121541854964259,0.9267676767676768,,0.0015673482875580556,0.3282828282828283,0.03030303030303033,0.02634285854015328,0.027618583099621997,1.0823347274098012,0,,,
s9182101_g8_n2.0_b4_r0.25,9182101,8,2.0,4,0.25,development,bridge,2.0,1.0,b_quota_map,OK,0.01673385698813945,0.6569840537926518,0.679358534926755,0.638666493781324,points,2,396,1.6121541854964259,1.6121541854964259,0.9267676767676768,,0.0015673482875580556,0.3282828282828283,0.03030303030303033,0.02634285854015328,0.027618583099621997,1.0823347274098012,0,,,
s9182101_g8_n2.0_b4_r0.25,9182101,8,2.0,4,0.25,development,bridge,2.0,1.0,b_weighted_measure,OK,0.016733287993702106,0.6581020938389058,0.6750538396507186,0.645504030129429,weighted,2,396,1.6089143689081213,,,,0.0015673482875580556,0.32905909070275136,0.0310792927229534,0.014453002740105525,0.026963913839542147,1.0823347274098012,0,,,0.9169229298524383
s9182101_g8_n2.0_b4_r1.0,9182101,8,2.0,4,1.0,development,bridge,2.0,1.0,b_identity,OK,0.03026353000313975,3.4171370117262754,3.6859255179569876,2.874256790775405,points,0,768,4.430747573243304,4.430747573243304,0.17447916666666666,,,0.5885416666666666,0.04947916666666674,0.10102886275547895,0.2079136690647482,,,,,
s9182101_g8_n2.0_b4_r1.0,9182101,8,2.0,4,1.0,development,bridge,2.0,1.0,b_map,OK,0.030256489000748843,0.29680640601212693,0.30155259409698226,0.3644127513089184,points,2,768,1.2354447758678868,1.2354447758678868,0.94140625,,0.00026302444704846665,0.6158854166666666,0.02213541666666674,0.07072314352031484,0.017346938775510204,0.13520554247572214,0,,,
s9182101_g8_n2.0_b4_r1.0,9182101,8,2.0,4,1.0,development,bridge,2.0,1.0,b_mean,OK,0.03026115900138393,0.29839622267945604,0.30279736736533275,0.36600256797624753,points,2,768,1.2361548210748547,1.2361548210748547,0.94140625,,0.00026302444704846665,0.6158854166666666,0.02213541666666674,0.06209699808360192,0.017346938775510204,0.13520554247572214,0,,,
s9182101_g8_n2.0_b4_r1.0,9182101,8,2.0,4,1.0,development,bridge,2.0,1.0,b_posterior_draw,OK,0.030263052001828328,0.3039163878551069,0.31599786906071026,0.3563062494376241,points,2,768,1.2693970428089028,1.2693970428089028,0.94140625,,0.00026302444704846665,0.6171875,0.02083333333333337,0.04145975443451988,0.01914549992658934,0.13520554247572214,0,,,
s9182101_g8_n2.0_b4_r1.0,9182101,8,2.0,4,1.0,development,bridge,2.0,1.0,b_quota_map,OK,0.03026251900882926,0.29680640601212693,0.30155259409698226,0.3644127513089184,points,2,768,1.2354447758678868,1.2354447758678868,0.94140625,,0.00026302444704846665,0.6158854166666666,0.02213541666666674,0.07072314352031484,0.017346938775510204,0.13520554247572214,0,,,
s9182101_g8_n2.0_b4_r1.0,9182101,8,2.0,4,1.0,development,bridge,2.0,1.0,b_weighted_measure,OK,0.03026187799696345,0.29728407650010985,0.3057762819897165,0.3661888098116799,weighted,2,768,1.2502230899391304,,,,0.00026302444704846665,0.6156026768118693,0.02241815652146406,0.06209699808360192,0.017877111477672146,0.13520554247572214,0,,,0.9330259279477392
s9190101_g0_n1_p0.5_l0,9190101,0.0,1.0,,,development,statistical,1.0,1.0,b_identity,OK,0.020296589005738497,0.806454943955636,0.806454943955636,0.8064549439556385,points,0,768,1.0189726073613115,1.0189726073613115,0.7213541666666666,,,,,,,,,0.5,0.0,
s9190101_g0_n1_p0.5_l0,9190101,0.0,1.0,,,development,statistical,1.0,1.0,b_map,OK,0.020290063999709673,0.06883380384859139,0.06883380384859139,0.06883380384859203,points,1,768,0.08427170688651811,0.08427170688651811,1.0,0,0.0,,,,,,,0.5,0.0,
s9190101_g0_n1_p0.5_l0,9190101,0.0,1.0,,,development,statistical,1.0,1.0,b_mean,OK,0.020294403002480976,0.06883380384859139,0.06883380384859139,0.06883380384859203,points,1,768,0.08427170688651811,0.08427170688651811,1.0,0,0.0,,,,,,,0.5,0.0,
s9190101_g0_n1_p0.5_l0,9190101,0.0,1.0,,,development,statistical,1.0,1.0,b_posterior_draw,OK,0.020296112008509226,0.06883380384859139,0.06883380384859139,0.06883380384859203,points,1,768,0.08427170688651811,0.08427170688651811,1.0,0,0.0,,,,,,,0.5,0.0,
s9190101_g0_n1_p0.5_l0,9190101,0.0,1.0,,,development,statistical,1.0,1.0,b_quota_map,OK,0.020295616996008903,0.06883380384859139,0.06883380384859139,0.06883380384859203,points,1,768,0.08427170688651811,0.08427170688651811,1.0,0,0.0,,,,,,,0.5,0.0,
s9190101_g0_n1_p0.5_l0,9190101,0.0,1.0,,,development,statistical,1.0,1.0,b_weighted_measure,OK,0.020295080001233146,0.06883380384859139,0.06883380384859139,0.06883380384859203,weighted,1,768,0.08427170688651811,,,0,0.0,,,,,,,0.5,0.0,1.0000000000000007
s9190101_g0_n2_p0.5_l0,9190101,0.0,2.0,,,development,statistical,2.0,1.0,b_identity,OK,0.020132521996856667,1.612909887911272,1.612909887911272,1.612909887911277,points,0,768,2.037945214722623,2.037945214722623,0.40625,,,,,,,,,0.5,0.0,
s9190101_g0_n2_p0.5_l0,9190101,0.0,2.0,,,development,statistical,2.0,1.0,b_map,OK,0.020125811992329545,0.13766760769718278,0.13766760769718278,0.13766760769718406,points,1,768,0.16854341377303622,0.16854341377303622,1.0,0,0.0,,,,,,,0.5,0.0,
s9190101_g0_n2_p0.5_l0,9190101,0.0,2.0,,,development,statistical,2.0,1.0,b_mean,OK,0.020130087999859825,0.13766760769718278,0.13766760769718278,0.13766760769718406,points,1,768,0.16854341377303622,0.16854341377303622,1.0,0,0.0,,,,,,,0.5,0.0,
s9190101_g0_n2_p0.5_l0,9190101,0.0,2.0,,,development,statistical,2.0,1.0,b_posterior_draw,OK,0.020132024001213722,0.13766760769718278,0.13766760769718278,0.13766760769718406,points,1,768,0.16854341377303622,0.16854341377303622,1.0,0,0.0,,,,,,,0.5,0.0,
s9190101_g0_n2_p0.5_l0,9190101,0.0,2.0,,,development,statistical,2.0,1.0,b_quota_map,OK,0.0201314729929436,0.13766760769718278,0.13766760769718278,0.13766760769718406,points,1,768,0.16854341377303622,0.16854341377303622,1.0,0,0.0,,,,,,,0.5,0.0,
s9190101_g0_n2_p0.5_l0,9190101,0.0,2.0,,,development,statistical,2.0,1.0,b_weighted_measure,OK,0.020130849996348843,0.13766760769718278,0.13766760769718278,0.13766760769718406,weighted,1,768,0.16854341377303622,,,0,0.0,,,,,,,0.5,0.0,1.0000000000000007
s9190101_g2_n1_p0.2_l0,9190101,2.0,1.0,,,development,statistical,1.0,1.0,b_identity,OK,0.029094219993567094,0.6325203965361866,0.7774830532505093,0.6960618979345145,points,0,768,1.0189726073613115,1.0189726073613115,0.71484375,,,0.31640625,0.11588541666666666,0.11827743648972344,0.16588053640170902,,,0.2,0.0,
s9190101_g2_n1_p0.2_l0,9190101,2.0,1.0,,,development,statistical,1.0,1.0,b_map,OK,0.029087718998198397,0.09462579299901741,0.5226710460428745,0.11914735770996748,points,2,768,0.7225086962789086,0.7225086962789086,0.87109375,,0.09601286954105703,0.22005208333333334,0.01953125,0.9938349470339418,0.2112081729345573,0.24970820513400338,0,0.2,0.0,
s9190101_g2_n1_p0.2_l0,9190101,2.0,1.0,,,development,statistical,1.0,1.0,b_mean,OK,0.02909214299870655,0.3282105751612257,0.5911148147017812,0.32993066372415897,points,2,768,0.6091523395074839,0.6091523395074839,0.88671875,,0.09601286954105703,0.17838541666666666,0.022135416666666685,1.1709802484092444,0.2176382249672152,0.24970820513400338,0,0.2,0.0,
s9190101_g2_n1_p0.2_l0,9190101,2.0,1.0,,,development,statistical,1.0,1.0,b_posterior_draw,OK,0.02909376499883365,0.10708882914365155,0.6125426220159532,0.21016712848371055,points,2,768,0.8573610979506732,0.8573610979506732,0.8151041666666666,,0.09601286954105703,0.2786458333333333,0.07812499999999997,1.1789783385929087,0.26409746605186346,0.24970820513400338,0,0.2,0.0,
s9190101_g2_n1_p0.2_l0,9190101,2.0,1.0,,,development,statistical,1.0,1.0,b_quota_map,OK,0.029093303994159214,0.10433825805945994,0.4647192448091769,0.19001160513274437,points,2,768,0.7232944664378251,0.7232944664378251,0.8697916666666666,,0.09601286954105703,0.265625,0.06510416666666666,0.8803647420492917,0.17879351918439867,0.24970820513400338,0,0.2,0.0,
s9190101_g2_n1_p0.2_l0,9190101,2.0,1.0,,,development,statistical,1.0,1.0,b_weighted_measure,OK,0.029092817989294417,0.10448534129743803,0.6093780756787024,0.1907720490722481,weighted,2,768,0.8433490904353562,,,,0.09601286954105703,0.2659093948338388,0.06538856150050545,1.1709802484092444,0.2618126783932786,0.24970820513400338,0,0.2,0.0,0.8104044933650572
s9190101_g2_n1_p0.2_l1,9190101,2.0,1.0,,,development,statistical,1.0,1.0,b_identity,OK,0.030214598999009468,0.6481852517171575,0.8032281650158677,0.7069168753498709,points,0,768,1.0189726073613115,1.0189726073613115,0.7213541666666666,,,0.3098958333333333,0.10937499999999997,0.07590681488614992,0.13744236219806252,,,0.2,1.0,
s9190101_g2_n1_p0.2_l1,9190101,2.0,1.0,,,development,statistical,1.0,1.0,b_map,OK,0.0302073479979299,0.06511817229192327,0.11739703071421091,0.07032650562526406,points,2,768,0.22293996641126546,0.22293996641126546,0.9921875,,0.009877993832647475,0.203125,0.0026041666666666574,0.054498536654676855,0.013811920978044756,0.017800300518617806,0,0.2,1.0,
s9190101_g2_n1_p0.2_l1,9190101,2.0,1.0,,,development,statistical,1.0,1.0,b_mean,OK,0.030211769000743516,0.08921486678935686,0.12493153203489762,0.09067822016378951,points,2,768,0.2152037977260262,0.2152037977260262,0.9856770833333334,,0.009877993832647475,0.20833333333333334,0.0078125,0.048159403130966005,0.01706924996827277,0.017800300518617806,0,0.2,1.0,
s9190101_g2_n1_p0.2_l1,9190101,2.0,1.0,,,development,statistical,1.0,1.0,b_posterior_draw,OK,0.030213999998522922,0.06504863986802241,0.15650552736278833,0.06726110613441094,points,2,768,0.30775826280100427,0.30775826280100427,0.9830729166666666,,0.009877993832647475,0.19921875,0.0013020833333333426,0.033976018592480894,0.035735437201235246,0.017800300518617806,0,0.2,1.0,
s9190101_g2_n1_p0.2_l1,9190101,2.0,1.0,,,development,statistical,1.0,1.0,b_quota_map,OK,0.030213424004614353,0.06511817229192327,0.11739703071421091,0.07032650562526406,points,2,768,0.22293996641126546,0.22293996641126546,0.9921875,,0.009877993832647475,0.203125,0.0026041666666666574,0.054498536654676855,0.013811920978044756,0.017800300518617806,0,0.2,1.0,
s9190101_g2_n1_p0.2_l1,9190101,2.0,1.0,,,development,statistical,1.0,1.0,b_weighted_measure,OK,0.03021276299841702,0.065107371014932,0.1635763132942017,0.06910247990230665,weighted,2,768,0.3368111444733238,,,,0.009877993832647475,0.2025183877991936,0.0019975544658602518,0.048159403130966005,0.03925000317063254,0.017800300518617806,0,0.2,1.0,0.9736345261621968
s9190101_g2_n1_p0.5_l0,9190101,2.0,1.0,,,development,statistical,1.0,1.0,b_identity,OK,0.030036572003155015,0.6665256676909886,0.8064549439556361,0.6690500216647748,points,0,768,1.0189726073613115,1.0189726073613115,0.7122395833333334,,,0.51953125,0.01953125,0.02618842120828946,0.14973958333333334,,,0.5,0.0,
s9190101_g2_n1_p0.5_l0,9190101,2.0,1.0,,,development,statistical,1.0,1.0,b_map,OK,0.030029087007278576,0.07652588512623132,0.3772108698023108,0.14581895464639574,points,2,768,0.7945922680630755,0.7945922680630755,0.8606770833333334,,0.11153587435612267,0.5416666666666666,0.04166666666666663,0.6090243278382461,0.15625,0.021765470194970327,0,0.5,0.0,
s9190101_g2_n1_p0.5_l0,9190101,2.0,1.0,,,development,statistical,1.0,1.0,b_mean,OK,0.030034247000003234,0.3304333059206,0.45936335632469744,0.3369277887200214,points,2,768,0.6693736100736812,0.6693736100736812,0.8567708333333334,,0.11153587435612267,0.5416666666666666,0.04166666666666663,0.8812561704624611,0.15625,0.021765470194970327,0,0.5,0.0,
s9190101_g2_n1_p0.5_l0,9190101,2.0,1.0,,,development,statistical,1.0,1.0,b_posterior_draw,OK,0.030036088995984755,0.07628799478300059,0.5317716434911127,0.15887878040447123,points,2,768,0.9767328263572022,0.9767328263572022,0.7838541666666666,,0.11153587435612267,0.5494791666666666,0.04947916666666663,0.9354552110468091,0.23697916666666666,0.021765470194970327,0,0.5,0.0,
s9190101_g2_n1_p0.5_l0,9190101,2.0,1.0,,,development,statistical,1.0,1.0,b_quota_map,OK,0.030035599003895186,0.07661090649418041,0.3750677725560462,0.125852422847452,points,2,768,0.7926577209128137,0.7926577209128137,0.8619791666666666,,0.11153587435612267,0.5299479166666666,0.02994791666666663,0.6037593135929471,0.15494791666666669,0.021765470194970327,0,0.5,0.0,
s9190101_g2_n1_p0.5_l0,9190101,2.0,1.0,,,development,statistical,1.0,1.0,b_weighted_measure,OK,0.03003499899932649,0.07661445899315471,0.5075843728097698,0.12521921954143056,weighted,2,768,0.9518540227600294,,,,0.11153587435612267,0.5295257936432153,0.02952579364321528,0.8812561704624611,0.22357527749570333,0.021765470194970327,0,0.5,0.0,0.7951796320881477
s9190101_g2_n1_p0.5_l1,9190101,2.0,1.0,,,development,statistical,1.0,1.0,b_identity,OK,0.030288692010799423,0.6695534421682452,0.8064549439556361,0.6725462775518923,points,0,768,1.0189726073613115,1.0189726073613115,0.7213541666666666,,,0.5260416666666666,0.02604166666666663,0.08855384293629065,0.14322916666666669,,,0.5,1.0,
s9190101_g2_n1_p0.5_l1,9190101,2.0,1.0,,,development,statistical,1.0,1.0,b_map,OK,0.03028090699808672,0.06614455419907599,0.08423612523230872,0.07914972887651656,points,2,768,0.21010891060899273,0.21010891060899273,0.9934895833333334,,0.00811802598233536,0.5065104166666666,0.00651041666666663,0.07802308980384032,0.009114583333333334,0.003556151196378199,0,0.5,1.0,
s9190101_g2_n1_p0.5_l1,9190101,2.0,1.0,,,development,statistical,1.0,1.0,b_mean,OK,0.030286175999208353,0.09155950630751526,0.1006079955452653,0.09595502208247594,points,2,768,0.19797722692700662,0.19797722692700662,0.9947916666666666,,0.00811802598233536,0.5078125,0.0078125,0.02390169777754636,0.0078125,0.003556151196378199,0,0.5,1.0,
s9190101_g2_n1_p0.5_l1,9190101,2.0,1.0,,,development,statistical,1.0,1.0,b_posterior_draw,OK,0.0302881410025293,0.06611457217531684,0.1093203013842183,0.06862550615162025,points,2,768,0.3076445893478074,0.3076445893478074,0.98046875,,0.00811802598233536,0.5013020833333334,0.0013020833333333703,0.025847148366434425,0.022135416666666664,0.003556151196378199,0,0.5,1.0,
s9190101_g2_n1_p0.5_l1,9190101,2.0,1.0,,,development,statistical,1.0,1.0,b_quota_map,OK,0.030287572997622192,0.06614918460427961,0.08684492230417902,0.08175852594838669,points,2,768,0.22229194341048733,0.22229194341048733,0.9921875,,0.00811802598233536,0.5078125,0.0078125,0.07280549566009942,0.010416666666666668,0.003556151196378199,0,0.5,1.0,
s9190101_g2_n1_p0.5_l1,9190101,2.0,1.0,,,development,statistical,1.0,1.0,b_weighted_measure,OK,0.030286982000689022,0.0661367768133322,0.11059381095694251,0.08223563840533926,weighted,2,768,0.3121105957439342,,,,0.00811802598233536,0.5081010872785815,0.008101087278581498,0.02390169777754636,0.022620916059265642,0.003556151196378199,0,0.5,1.0,0.9773790839407344
s9190101_g2_n1_p0.8_l0,9190101,2.0,1.0,,,development,statistical,1.0,1.0,b_identity,OK,0.02842783200321719,0.6644221083120164,0.803512946958612,0.6867782273846827,points,0,768,1.0189726073613115,1.0189726073613115,0.71484375,,,0.7252604166666666,0.07421875,0.10329651994017075,0.1763716739286772,,,0.8,0.0,
s9190101_g2_n1_p0.8_l0,9190101,2.0,1.0,,,development,statistical,1.0,1.0,b_map,OK,0.028420367001672275,0.04371142158806113,0.48775688162893904,0.14031568186540913,points,2,768,0.6691789414658031,0.6691789414658031,0.8971354166666666,,0.08724753824812019,0.8515625,0.05208333333333337,0.9261225470972154,0.22327509623926564,0.05780312530830467,0,0.8,0.0,
s9190101_g2_n1_p0.8_l0,9190101,2.0,1.0,,,development,statistical,1.0,1.0,b_mean,OK,0.028425616008462384,0.2270467714741259,0.5756877342745325,0.25207137242082295,points,2,768,0.5954890693277228,0.5954890693277228,0.8958333333333334,,0.08724753824812019,0.8541666666666666,0.0546875,1.1350251121586303,0.22570751723846189,0.05780312530830467,0,0.8,0.0,
s9190101_g2_n1_p0.8_l0,9190101,2.0,1.0,,,development,statistical,1.0,1.0,b_posterior_draw,OK,0.028427324010408483,0.044647087631260934,0.6346446305591827,0.07090054465495169,points,2,768,0.8486897632718473,0.8486897632718473,0.828125,,0.08724753824812019,0.8138020833333334,0.01432291666666674,1.22292808920237,0.29968484284445196,0.05780312530830467,0,0.8,0.0,
s9190101_g2_n1_p0.8_l0,9190101,2.0,1.0,,,development,statistical,1.0,1.0,b_quota_map,OK,0.028426860008039512,0.04475619875837503,0.44650425487781553,0.07099814444171676,points,2,768,0.6916494751300414,0.6916494751300414,0.8932291666666666,,0.08724753824812019,0.8138020833333334,0.01432291666666674,0.8443315665669231,0.20221879098100598,0.05780312530830467,0,0.8,0.0,
s9190101_g2_n1_p0.8_l0,9190101,2.0,1.0,,,development,statistical,1.0,1.0,b_weighted_measure,OK,0.028426346005289815,0.045049643532328563,0.5908963967205947,0.07244034190134946,weighted,2,768,0.8135697889620638,,,,0.08724753824812019,0.814423132572029,0.0149439659053624,1.1350251121586303,0.27705506257109697,0.05780312530830467,0,0.8,0.0,0.8482916849121046
s9190101_g2_n1_p0.8_l1,9190101,2.0,1.0,,,development,statistical,1.0,1.0,b_identity,OK,0.029106344998581335,0.6833949682940719,0.8296968552464449,0.7055329347770494,points,0,768,1.0189726073613115,1.0189726073613115,0.7213541666666666,,,0.7369791666666666,0.0625,0.1597007713907086,0.1487372562291129,,,0.8,1.0,
s9190101_g2_n1_p0.8_l1,9190101,2.0,1.0,,,development,statistical,1.0,1.0,b_map,OK,0.029099109990056604,0.10580235315822173,0.15114302811457497,0.11361485315821818,points,2,768,0.27725942049028707,0.27725942049028707,0.9856770833333334,,0.011912322434467909,0.7955729166666666,0.00390625,0.14414641476278467,0.01868733871991201,0.22930157568360165,0,0.8,1.0,
s9190101_g2_n1_p0.8_l1,9190101,2.0,1.0,,,development,statistical,1.0,1.0,b_mean,OK,0.029104114990332164,0.11788050701136266,0.15316186685270558,0.11822483491804504,points,2,768,0.24091254257912542,0.24091254257912542,0.9830729166666666,,0.011912322434467909,0.7955729166666666,0.00390625,0.04368527910647391,0.022748424214222258,0.22930157568360165,0,0.8,1.0,
s9190101_g2_n1_p0.8_l1,9190101,2.0,1.0,,,development,statistical,1.0,1.0,b_posterior_draw,OK,0.02910588899976574,0.10617848031531756,0.17796548905468268,0.11659514698198062,points,2,768,0.3440197626415958,0.3440197626415958,0.9791666666666666,,0.011912322434467909,0.7942708333333334,0.005208333333333259,0.08619532468885716,0.03168492745039976,0.22930157568360165,0,0.8,1.0,
s9190101_g2_n1_p0.8_l1,9190101,2.0,1.0,,,development,statistical,1.0,1.0,b_quota_map,OK,0.029105413996148854,0.10590410101618224,0.15619664294864155,0.10850826768284536,points,2,768,0.27766817050336107,0.27766817050336107,0.9856770833333334,,0.011912322434467909,0.7981770833333334,0.0013020833333332593,0.13330121483031654,0.02111975971910825,0.22930157568360165,0,0.8,1.0,
s9190101_g2_n1_p0.8_l1,9190101,2.0,1.0,,,development,statistical,1.0,1.0,b_weighted_measure,OK,0.029104875997290947,0.10561512414385778,0.19565247952979314,0.10722555648555904,weighted,2,768,0.36413544924720037,,,,0.011912322434467909,0.7986739504958159,0.00080521617085072,0.04368527910647391,0.04121931392508478,0.22930157568360165,0,0.8,1.0,0.9730858687356918
s9190101_g2_n2_p0.2_l0,9190101,2.0,2.0,,,development,statistical,2.0,1.0,b_identity,OK,0.01967079599853605,1.1019466524863095,1.5549661065010185,1.350471865368556,points,0,768,2.037945214722623,2.037945214722623,0.4010416666666667,,,0.4036458333333333,0.20312499999999997,0.23655487297944777,0.33415119082871525,,,0.2,0.0,
s9190101_g2_n2_p0.2_l0,9190101,2.0,2.0,,,development,statistical,2.0,1.0,b_map,OK,0.01966493099462241,0.5062166655251182,1.0043931993265587,0.6477913124941497,points,1,768,0.8170960283899293,0.8170960283899293,0.7994791666666666,,0.20052083333333334,0.0,0.20052083333333334,2.0087863986531174,0.5,2.0,1,0.2,0.0,
s9190101_g2_n2_p0.2_l0,9190101,2.0,2.0,,,development,statistical,2.0,1.0,b_mean,OK,0.019668519002152607,0.5062166655251182,1.0043931993265587,0.6477913124941497,points,1,768,0.8170960283899293,0.8170960283899293,0.7994791666666666,,0.20052083333333334,0.0,0.20052083333333334,2.0087863986531174,0.5,2.0,1,0.2,0.0,
s9190101_g2_n2_p0.2_l0,9190101,2.0,2.0,,,development,statistical,2.0,1.0,b_posterior_draw,OK,0.019670352994580753,0.5062166655251182,1.0043931993265587,0.6477913124941497,points,1,768,0.8170960283899293,0.8170960283899293,0.7994791666666666,,0.20052083333333334,0.0,0.20052083333333334,2.0087863986531174,0.5,2.0,1,0.2,0.0,
s9190101_g2_n2_p0.2_l0,9190101,2.0,2.0,,,development,statistical,2.0,1.0,b_quota_map,OK,0.01966986700426787,0.5062166655251182,1.0043931993265587,0.6477913124941497,points,1,768,0.8170960283899293,0.8170960283899293,0.7994791666666666,,0.20052083333333334,0.0,0.20052083333333334,2.0087863986531174,0.5,2.0,1,0.2,0.0,
s9190101_g2_n2_p0.2_l0,9190101,2.0,2.0,,,development,statistical,2.0,1.0,b_weighted_measure,OK,0.019669279994559474,0.5062166655251182,1.0043931993265587,0.6477913124941497,weighted,1,768,0.8170960283899293,,,,0.20052083333333334,0.0,0.20052083333333334,2.0087863986531174,0.5,2.0,1,0.2,0.0,0.8268229166666671
s9190101_g2_n2_p0.2_l1,9190101,2.0,2.0,,,development,statistical,2.0,1.0,b_identity,OK,0.028888476997963153,1.143126170841192,1.6064563300317354,1.3799889892000552,points,0,768,2.037945214722623,2.037945214722623,0.40625,,,0.3958333333333333,0.19531249999999997,0.15181362977229984,0.3130208553661322,,,0.2,1.0,
s9190101_g2_n2_p0.2_l1,9190101,2.0,2.0,,,development,statistical,2.0,1.0,b_map,OK,0.028881066988105886,0.151587362334465,0.320098491467969,0.15566755850367367,points,2,768,0.3936519420372819,0.3936519420372819,0.9791666666666666,,0.02505815164372018,0.19791666666666666,0.002604166666666685,0.19039723261315222,0.043043275942298745,0.20105643338942514,0,0.2,1.0,
s9190101_g2_n2_p0.2_l1,9190101,2.0,2.0,,,development,statistical,2.0,1.0,b_mean,OK,0.028885765990708023,0.18628886639188677,0.25907472571329176,0.18851863006585337,points,2,768,0.3469511650308952,0.3469511650308952,0.9765625,,0.02505815164372018,0.21484375,0.014322916666666657,0.12990326756708837,0.029263082194678283,0.20105643338942514,0,0.2,1.0,
s9190101_g2_n2_p0.2_l1,9190101,2.0,2.0,,,development,statistical,2.0,1.0,b_posterior_draw,OK,0.028887995998957194,0.15106377787251335,0.41610036627587677,0.1588749264291449,points,2,768,0.5637208855604368,0.5637208855604368,0.9479166666666666,,0.02505815164372018,0.1953125,0.005208333333333343,0.08847090977871375,0.10639197935614875,0.20105643338942514,0,0.2,1.0,
s9190101_g2_n2_p0.2_l1,9190101,2.0,2.0,,,development,statistical,2.0,1.0,b_quota_map,OK,0.028887485997984186,0.15080198564153754,0.3338397992100851,0.1610510358718239,points,2,768,0.4087682896359036,0.4087682896359036,0.9765625,,0.02505815164372018,0.19401041666666666,0.006510416666666685,0.14751950988478635,0.05278353568255849,0.20105643338942514,0,0.2,1.0,
s9190101_g2_n2_p0.2_l1,9190101,2.0,2.0,,,development,statistical,2.0,1.0,b_weighted_measure,OK,0.028886838990729302,0.15082762253964807,0.4304831021622345,0.16047168710074142,weighted,2,768,0.5832813185088622,,,,0.02505815164372018,0.19413863600779732,0.006382197325536021,0.12990326756708837,0.1158039047297685,0.20105643338942514,0,0.2,1.0,0.929563542020422
s9190101_g2_n2_p0.5_l0,9190101,2.0,2.0,,,development,statistical,2.0,1.0,b_identity,OK,0.02800963699701242,1.1544102307753732,1.6129098879112722,1.1577334572401026,points,0,768,2.037945214722623,2.037945214722623,0.3932291666666667,,,0.5234375,0.0234375,0.05237684241657847,0.3151041666666667,,,0.5,0.0,
s9190101_g2_n2_p0.5_l0,9190101,2.0,2.0,,,development,statistical,2.0,1.0,b_map,OK,0.02800281799864024,0.3945765090869036,0.9123479220953401,0.6460640059559453,points,2,768,1.1580398790781499,1.1580398790781499,0.65625,,0.2253902528907874,0.24869791666666666,0.25130208333333337,1.405626774192973,0.3658854166666667,0.21533678482212038,0,0.5,0.0,
s9190101_g2_n2_p0.5_l0,9190101,2.0,2.0,,,development,statistical,2.0,1.0,b_mean,OK,0.02800725999986753,0.6132058763957499,0.807643358729601,0.6140568183434874,points,2,768,0.9144685956774926,0.9144685956774926,0.70703125,,0.2253902528907874,0.5221354166666666,0.02213541666666663,1.5582310927298217,0.31119791666666663,0.21533678482212038,0,0.5,0.0,
s9190101_g2_n2_p0.5_l0,9190101,2.0,2.0,,,development,statistical,2.0,1.0,b_posterior_draw,OK,0.028009166999254376,0.41755401621139027,1.0582567925010788,0.5534786299996803,points,2,768,1.3364711692556537,1.3364711692556537,0.6041666666666666,,0.2253902528907874,0.35546875,0.14453125,1.636391022611944,0.41796875,0.21533678482212038,0,0.5,0.0,
s9190101_g2_n2_p0.5_l0,9190101,2.0,2.0,,,development,statistical,2.0,1.0,b_quota_map,OK,0.028008570006932132,0.41531092470282654,0.9253007998665628,0.5600788404659919,points,2,768,1.1912257570014122,1.1912257570014122,0.6783854166666666,,0.2253902528907874,0.3450520833333333,0.15494791666666669,1.3017828624044365,0.34244791666666663,0.21533678482212038,0,0.5,0.0,
s9190101_g2_n2_p0.5_l0,9190101,2.0,2.0,,,development,statistical,2.0,1.0,b_weighted_measure,OK,0.028008080000290647,0.4152948770270833,1.0258790341101665,0.561733218539176,weighted,2,768,1.301844194291515,,,,0.2253902528907874,0.344943705899283,0.15505629410071697,1.5582310927298217,0.4003281071827053,0.21533678482212038,0,0.5,0.0,0.6267522925686757
s9190101_g2_n2_p0.5_l1,9190101,2.0,2.0,,,development,statistical,2.0,1.0,b_identity,OK,0.019839316999423318,1.1734112240566121,1.6129098879112722,1.1735332605905073,points,0,768,2.037945214722623,2.037945214722623,0.40625,,,0.50390625,0.00390625,0.17710768587258174,0.3033854166666667,,,0.5,1.0,
s9190101_g2_n2_p0.5_l1,9190101,2.0,2.0,,,development,statistical,2.0,1.0,b_map,OK,0.019831580997561105,0.42153744330375154,0.4276932059669335,0.42619059172185225,points,1,768,0.5134600877397438,0.5134600877397438,0.9609375,,0.5,0.5390625,0.0390625,0.273351474425624,0.0390625,2.0,1,0.5,1.0,
s9190101_g2_n2_p0.5_l1,9190101,2.0,2.0,,,development,statistical,2.0,1.0,b_mean,OK,0.01983711399952881,0.42153744330375154,0.4276932059669335,0.42619059172185225,points,1,768,0.5134600877397438,0.5134600877397438,0.9609375,,0.5,0.5390625,0.0390625,0.273351474425624,0.0390625,2.0,1,0.5,1.0,
s9190101_g2_n2_p0.5_l1,9190101,2.0,2.0,,,development,statistical,2.0,1.0,b_posterior_draw,OK,0.019838787004118785,0.42153744330375154,0.4276932059669335,0.42619059172185225,points,1,768,0.5134600877397438,0.5134600877397438,0.9609375,,0.5,0.5390625,0.0390625,0.273351474425624,0.0390625,2.0,1,0.5,1.0,
s9190101_g2_n2_p0.5_l1,9190101,2.0,2.0,,,development,statistical,2.0,1.0,b_quota_map,OK,0.019838250998873264,0.42153744330375154,0.4276932059669335,0.42619059172185225,points,1,768,0.5134600877397438,0.5134600877397438,0.9609375,,0.5,0.5390625,0.0390625,0.273351474425624,0.0390625,2.0,1,0.5,1.0,
s9190101_g2_n2_p0.5_l1,9190101,2.0,2.0,,,development,statistical,2.0,1.0,b_weighted_measure,OK,0.019837775005726144,0.42153744330375154,0.4276932059669335,0.42619059172185225,weighted,1,768,0.5134600877397438,,,,0.5,0.5390625,0.0390625,0.273351474425624,0.0390625,2.0,1,0.5,1.0,0.9609375000000007
s9190101_g2_n2_p0.8_l0,9190101,2.0,2.0,,,development,statistical,2.0,1.0,b_identity,OK,0.02059838800050784,1.1463054281880152,1.607025893917224,1.3225015687161932,points,0,768,2.037945214722623,2.037945214722623,0.3997395833333333,,,0.6197916666666666,0.1796875,0.20659303988034172,0.3357375523499302,,,0.8,0.0,
s9190101_g2_n2_p0.8_l0,9190101,2.0,2.0,,,development,statistical,2.0,1.0,b_map,OK,0.020589570005540736,0.29586666780821386,1.0029340575283268,0.515252969017332,points,1,768,0.8177198373121146,0.8177198373121146,0.7994791666666666,,0.7994791666666666,1.0,0.20052083333333337,2.0058681150566535,0.5,2.0,1,0.8,0.0,
s9190101_g2_n2_p0.8_l0,9190101,2.0,2.0,,,development,statistical,2.0,1.0,b_mean,OK,0.020595388996298425,0.29586666780821386,1.0029340575283268,0.515252969017332,points,1,768,0.8177198373121146,0.8177198373121146,0.7994791666666666,,0.7994791666666666,1.0,0.20052083333333337,2.0058681150566535,0.5,2.0,1,0.8,0.0,
s9190101_g2_n2_p0.8_l0,9190101,2.0,2.0,,,development,statistical,2.0,1.0,b_posterior_draw,OK,0.020597694005118683,0.29586666780821386,1.0029340575283268,0.515252969017332,points,1,768,0.8177198373121146,0.8177198373121146,0.7994791666666666,,0.7994791666666666,1.0,0.20052083333333337,2.0058681150566535,0.5,2.0,1,0.8,0.0,
s9190101_g2_n2_p0.8_l0,9190101,2.0,2.0,,,development,statistical,2.0,1.0,b_quota_map,OK,0.020597046008333564,0.29586666780821386,1.0029340575283268,0.515252969017332,points,1,768,0.8177198373121146,0.8177198373121146,0.7994791666666666,,0.7994791666666666,1.0,0.20052083333333337,2.0058681150566535,0.5,2.0,1,0.8,0.0,
s9190101_g2_n2_p0.8_l0,9190101,2.0,2.0,,,development,statistical,2.0,1.0,b_weighted_measure,OK,0.02059630400617607,0.29586666780821386,1.0029340575283268,0.515252969017332,weighted,1,768,0.8177198373121146,,,,0.7994791666666666,1.0,0.20052083333333337,2.0058681150566535,0.5,2.0,1,0.8,0.0,0.8255208333333337
s9190101_g2_n2_p0.8_l1,9190101,2.0,2.0,,,development,statistical,2.0,1.0,b_identity,OK,0.030028969995328225,1.2029315176094968,1.6593937104928898,1.3732976958422105,points,0,768,2.037945214722623,2.037945214722623,0.40625,,,0.6184895833333334,0.18098958333333326,0.3194015427814172,0.2878188586657642,,,0.8,1.0,
s9190101_g2_n2_p0.8_l1,9190101,2.0,2.0,,,development,statistical,2.0,1.0,b_map,OK,0.03001980199769605,0.2643292685602079,0.4743858419161807,0.28776676856021244,points,2,768,0.5405164107879216,0.5405164107879216,0.96484375,,0.027352193007286512,0.8111979166666666,0.01171875,0.3179055130287489,0.06983163416388172,0.7401018782415232,0,0.8,1.0,
s9190101_g2_n2_p0.8_l1,9190101,2.0,2.0,,,development,statistical,2.0,1.0,b_mean,OK,0.0300258889910765,0.24014134940503343,0.3318225176401144,0.2404948215320902,points,2,768,0.3905867773709291,0.3905867773709291,0.9661458333333334,,0.027352193007286512,0.8059895833333334,0.006510416666666741,0.07290334418485811,0.06090570667117899,0.7401018782415232,0,0.8,1.0,
s9190101_g2_n2_p0.8_l1,9190101,2.0,2.0,,,development,statistical,2.0,1.0,b_posterior_draw,OK,0.030028401990421116,0.26207606337339334,0.5923906615243215,0.29593023004006447,points,2,768,0.7071452734793764,0.7071452734793764,0.9309895833333334,,0.027352193007286512,0.81640625,0.01692708333333337,0.04258845208530593,0.13561275857692795,0.7401018782415232,0,0.8,1.0,
s9190101_g2_n2_p0.8_l1,9190101,2.0,2.0,,,development,statistical,2.0,1.0,b_quota_map,OK,0.030027653992874548,0.2643292685602079,0.4743858419161807,0.28776676856021244,points,2,768,0.5405164107879216,0.5405164107879216,0.96484375,,0.027352193007286512,0.8111979166666666,0.01171875,0.3179055130287489,0.06983163416388172,0.7401018782415232,0,0.8,1.0,
s9190101_g2_n2_p0.8_l1,9190101,2.0,2.0,,,development,statistical,2.0,1.0,b_weighted_measure,OK,0.030026859996723942,0.2630878639801646,0.5551219399256175,0.2866668650611221,weighted,2,768,0.6675564078731203,,,,0.027352193007286512,0.8112686672071451,0.011789500540478448,0.07290334418485811,0.11453839685569855,0.7401018782415232,0,0.8,1.0,0.9336137968929554
s9190101_g8_n1_p0.2_l0,9190101,8.0,1.0,,,development,statistical,1.0,1.0,b_identity,OK,0.04275797899754252,0.806454943955636,0.7774830532505093,0.8064549439556516,points,0,768,1.0189726073613115,1.0189726073613115,0.7135416666666666,,,0.20052083333333334,0.0,0.11827743648972255,0.0,,,0.2,0.0,
s9190101_g8_n1_p0.2_l0,9190101,8.0,1.0,,,development,statistical,1.0,1.0,b_map,OK,0.042748260995722376,0.07946207449750103,0.07347930771427644,0.0794620744975277,points,2,768,0.09522955769036048,0.09522955769036048,1.0,,3.6342511836157305e-08,0.20052083333333334,0.0,0.11844738779801567,0.0,0.11126822817112014,0,0.2,0.0,
s9190101_g8_n1_p0.2_l0,9190101,8.0,1.0,,,development,statistical,1.0,1.0,b_mean,OK,0.0427541129902238,0.07953606731393754,0.0735259283784852,0.0795360673139642,points,2,768,0.0953197840497278,0.0953197840497278,1.0,,3.6342511836157305e-08,0.20052083333333334,0.0,0.11854072200926602,0.0,0.11126822817112014,0,0.2,0.0,
s9190101_g8_n1_p0.2_l0,9190101,8.0,1.0,,,development,statistical,1.0,1.0,b_posterior_draw,OK,0.042757374001666903,0.07946207449750103,0.07347930771427644,0.0794620744975277,points,2,768,0.09522955769036048,0.09522955769036048,1.0,,3.6342511836157305e-08,0.20052083333333334,0.0,0.11844738779801567,0.0,0.11126822817112014,0,0.2,0.0,
s9190101_g8_n1_p0.2_l0,9190101,8.0,1.0,,,development,statistical,1.0,1.0,b_quota_map,OK,0.04275683900050353,0.07946207449750103,0.07347930771427644,0.0794620744975277,points,2,768,0.09522955769036048,0.09522955769036048,1.0,,3.6342511836157305e-08,0.20052083333333334,0.0,0.11844738779801567,0.0,0.11126822817112014,0,0.2,0.0,
s9190101_g8_n1_p0.2_l0,9190101,8.0,1.0,,,development,statistical,1.0,1.0,b_weighted_measure,OK,0.042756137001561,0.07946132389090028,0.0735259747258126,0.07953249260356472,weighted,2,768,0.09832541915096459,,,,3.6342511836157305e-08,0.20053017529743578,9.34196410243282e-06,0.11854072200926602,5.915666418349137e-06,0.11126822817112014,0,0.2,0.0,0.9999970355262879
s9190101_g8_n1_p0.2_l1,9190101,8.0,1.0,,,development,statistical,1.0,1.0,b_identity,OK,0.04006734500580933,0.806454943955636,0.8032281650158678,0.8064549439556515,points,0,768,1.0189726073613115,1.0189726073613115,0.7213541666666666,,,0.20052083333333334,0.0,0.07590681488615125,0.0,,,0.2,1.0,
s9190101_g8_n1_p0.2_l1,9190101,8.0,1.0,,,development,statistical,1.0,1.0,b_map,OK,0.04006018200016115,0.07041016619397135,0.08646311571931899,0.07041016619399951,points,2,768,0.08476512435160956,0.08476512435160956,1.0,,1.120219683871853e-10,0.20052083333333334,0.0,0.0758995057517513,0.0,0.030755874927398175,0,0.2,1.0,
s9190101_g8_n1_p0.2_l1,9190101,8.0,1.0,,,development,statistical,1.0,1.0,b_mean,OK,0.04006482999830041,0.07041319645242755,0.08646498112391364,0.07041319645245571,points,2,768,0.08476956581939808,0.08476956581939808,1.0,,1.120219683871853e-10,0.20052083333333334,0.0,0.07589561615275464,0.0,0.030755874927398175,0,0.2,1.0,
s9190101_g8_n1_p0.2_l1,9190101,8.0,1.0,,,development,statistical,1.0,1.0,b_posterior_draw,OK,0.04006688900699373,0.07041016619397135,0.08646311571931899,0.07041016619399951,points,2,768,0.08476512435160956,0.08476512435160956,1.0,,1.120219683871853e-10,0.20052083333333334,0.0,0.0758995057517513,0.0,0.030755874927398175,0,0.2,1.0,
s9190101_g8_n1_p0.2_l1,9190101,8.0,1.0,,,development,statistical,1.0,1.0,b_quota_map,OK,0.04006637999555096,0.07041016619397135,0.08646311571931899,0.07041016619399951,points,2,768,0.08476512435160956,0.08476512435160956,1.0,,1.120219683871853e-10,0.20052083333333334,0.0,0.0758995057517513,0.0,0.030755874927398175,0,0.2,1.0,
s9190101_g8_n1_p0.2_l1,9190101,8.0,1.0,,,development,statistical,1.0,1.0,b_weighted_measure,OK,0.04006581699650269,0.07041015449923001,0.08646505978810322,0.07041319645245286,weighted,2,768,0.08491333694023534,,,,1.120219683871853e-10,0.20052121357748462,3.8024415127679845e-07,0.07589561615275464,2.440381381097683e-07,0.030755874927398175,0,0.2,1.0,0.999999615760405
s9190101_g8_n1_p0.5_l0,9190101,8.0,1.0,,,development,statistical,1.0,1.0,b_identity,OK,0.030177059001289308,0.806454943955636,0.8064549439556361,0.8064549439556478,points,0,768,1.0189726073613115,1.0189726073613115,0.7109375,,,0.5,0.0,0.026188421208289014,0.0,,,0.5,0.0,
s9190101_g8_n1_p0.5_l0,9190101,8.0,1.0,,,development,statistical,1.0,1.0,b_map,OK,0.030168028999469243,0.0693757804034201,0.0693757804034201,0.06937578040348691,points,2,768,0.08543394891820247,0.08543394891820247,1.0,,1.4974769391841066e-07,0.5,0.0,0.02614161205983656,0.0,0.02682822961375919,0,0.5,0.0,
s9190101_g8_n1_p0.5_l0,9190101,8.0,1.0,,,development,statistical,1.0,1.0,b_mean,OK,0.030173186009051278,0.06933127874343527,0.06933127874343528,0.06933127874350208,points,2,768,0.08536436559936103,0.08536436559936103,1.0,,1.4974769391841066e-07,0.5,0.0,0.025834529535709194,0.0,0.02682822961375919,0,0.5,0.0,
s9190101_g8_n1_p0.5_l0,9190101,8.0,1.0,,,development,statistical,1.0,1.0,b_posterior_draw,OK,0.030175951003911905,0.0693757804034201,0.0693757804034201,0.06937578040348691,points,2,768,0.08543394891820247,0.08543394891820247,1.0,,1.4974769391841066e-07,0.5,0.0,0.02614161205983656,0.0,0.02682822961375919,0,0.5,0.0,
s9190101_g8_n1_p0.5_l0,9190101,8.0,1.0,,,development,statistical,1.0,1.0,b_quota_map,OK,0.030174939005519263,0.0693757804034201,0.0693757804034201,0.06937578040348691,points,2,768,0.08543394891820247,0.08543394891820247,1.0,,1.4974769391841066e-07,0.5,0.0,0.02614161205983656,0.0,0.02682822961375919,0,0.5,0.0,
s9190101_g8_n1_p0.5_l0,9190101,8.0,1.0,,,development,statistical,1.0,1.0,b_weighted_measure,OK,0.030174063998856582,0.06937563167399957,0.06952531934039287,0.06941785247556487,weighted,2,768,0.09224898921551299,,,,1.4974769391841066e-07,0.4999944746037365,5.525396263472704e-06,0.025834529535709194,1.912850975148284e-05,0.02682822961375919,0,0.5,0.0,0.999980884878732
s9190101_g8_n1_p0.5_l1,9190101,8.0,1.0,,,development,statistical,1.0,1.0,b_identity,OK,0.029426492008497007,0.8064549439556362,0.8064549439556361,0.8064549439556478,points,0,768,1.0189726073613115,1.0189726073613115,0.7213541666666666,,,0.5,0.0,0.08855384293629065,0.0,,,0.5,1.0,
s9190101_g8_n1_p0.5_l1,9190101,8.0,1.0,,,development,statistical,1.0,1.0,b_map,OK,0.02941846901376266,0.069496718053225,0.069496718053225,0.06949671805329347,points,2,768,0.08489389496453646,0.08489389496453646,1.0,,1.0469234567157272e-09,0.5,0.0,0.08855137297141802,0.0,0.042557663165021964,0,0.5,1.0,
s9190101_g8_n1_p0.5_l1,9190101,8.0,1.0,,,development,statistical,1.0,1.0,b_mean,OK,0.02942395900026895,0.06950601890740925,0.06950601890740925,0.0695060189074777,points,2,768,0.08490354938449793,0.08490354938449793,1.0,,1.0469234567157272e-09,0.5,0.0,0.08853273363332193,0.0,0.042557663165021964,0,0.5,1.0,
s9190101_g8_n1_p0.5_l1,9190101,8.0,1.0,,,development,statistical,1.0,1.0,b_posterior_draw,OK,0.029425958011415787,0.069496718053225,0.069496718053225,0.06949671805329347,points,2,768,0.08489389496453646,0.08489389496453646,1.0,,1.0469234567157272e-09,0.5,0.0,0.08855137297141802,0.0,0.042557663165021964,0,0.5,1.0,
s9190101_g8_n1_p0.5_l1,9190101,8.0,1.0,,,development,statistical,1.0,1.0,b_quota_map,OK,0.02942543401150033,0.069496718053225,0.069496718053225,0.06949671805329347,points,2,768,0.08489389496453646,0.08489389496453646,1.0,,1.0469234567157272e-09,0.5,0.0,0.08855137297141802,0.0,0.042557663165021964,0,0.5,1.0,
s9190101_g8_n1_p0.5_l1,9190101,8.0,1.0,,,development,statistical,1.0,1.0,b_weighted_measure,OK,0.029424835011013784,0.06949666831971286,0.0695060374009803,0.06950597392073446,weighted,2,768,0.0853387786121536,,,,1.0469234567157272e-09,0.5000011690137547,1.1690137546871426e-06,0.08853273363332193,1.1711890145098684e-06,0.042557663165021964,0,0.5,1.0,0.9999988288109858
s9190101_g8_n1_p0.8_l0,9190101,8.0,1.0,,,development,statistical,1.0,1.0,b_identity,OK,0.030116736990748905,0.806454943955636,0.803512946958612,0.8064549439556381,points,0,768,1.0189726073613115,1.0189726073613115,0.7135416666666666,,,0.7994791666666666,0.0,0.10329651994016942,0.0,,,0.8,0.0,
s9190101_g8_n1_p0.8_l0,9190101,8.0,1.0,,,development,statistical,1.0,1.0,b_map,OK,0.03010897799686063,0.07428025606549142,0.09705392069210242,0.07428025606550667,points,2,768,0.09292270789029317,0.09292270789029317,1.0,,4.2899448200933333e-07,0.7994791666666666,0.0,0.1031623371041146,0.0,0.09884712469146528,0,0.8,0.0,
s9190101_g8_n1_p0.8_l0,9190101,8.0,1.0,,,development,statistical,1.0,1.0,b_mean,OK,0.0301142370008165,0.0744446508712105,0.09749969295040642,0.07444465087122576,points,2,768,0.09339686149107543,0.09339686149107543,1.0,,4.2899448200933333e-07,0.7994791666666666,0.0,0.1041366002084887,0.0,0.09884712469146528,0,0.8,0.0,
s9190101_g8_n1_p0.8_l0,9190101,8.0,1.0,,,development,statistical,1.0,1.0,b_posterior_draw,OK,0.03011619699827861,0.07428025606549142,0.09705392069210242,0.07428025606550667,points,2,768,0.09292270789029317,0.09292270789029317,1.0,,4.2899448200933333e-07,0.7994791666666666,0.0,0.1031623371041146,0.0,0.09884712469146528,0,0.8,0.0,
s9190101_g8_n1_p0.8_l0,9190101,8.0,1.0,,,development,statistical,1.0,1.0,b_quota_map,OK,0.03011560399318114,0.07428025606549142,0.09705392069210242,0.07428025606550667,points,2,768,0.09292270789029317,0.09292270789029317,1.0,,4.2899448200933333e-07,0.7994791666666666,0.0,0.1031623371041146,0.0,0.09884712469146528,0,0.8,0.0,
s9190101_g8_n1_p0.8_l0,9190101,8.0,1.0,,,development,statistical,1.0,1.0,b_weighted_measure,OK,0.030115011002635583,0.07427842419168888,0.09754038432819506,0.0744124988809142,weighted,2,768,0.10255543979539322,,,,4.2899448200933333e-07,0.7994964612581592,1.729459149257817e-05,0.1041366002084887,6.165322451982323e-05,0.09884712469146528,0,0.8,0.0,0.9999708523223165
s9190101_g8_n1_p0.8_l1,9190101,8.0,1.0,,,development,statistical,1.0,1.0,b_identity,OK,0.02846965599746909,0.806454943955636,0.8296968552464449,0.8064549439556384,points,0,768,1.0189726073613115,1.0189726073613115,0.7213541666666666,,,0.7994791666666666,0.0,0.15970077139070682,0.0,,,0.8,1.0,
s9190101_g8_n1_p0.8_l1,9190101,8.0,1.0,,,development,statistical,1.0,1.0,b_map,OK,0.028462433998356573,0.0827042814527691,0.07985063865362428,0.08270428145278509,points,2,768,0.09129905066715878,0.09129905066715878,1.0,,9.67565715001025e-12,0.7994791666666666,0.0,0.15969769781395193,0.0,0.12420845030478844,0,0.8,1.0,
s9190101_g8_n1_p0.8_l1,9190101,8.0,1.0,,,development,statistical,1.0,1.0,b_mean,OK,0.028467080992413685,0.08270307632243097,0.07984987910154495,0.08270307632244696,points,2,768,0.0912983576074738,0.0912983576074738,1.0,,9.67565715001025e-12,0.7994791666666666,0.0,0.1596961786584803,0.0,0.12420845030478844,0,0.8,1.0,
s9190101_g8_n1_p0.8_l1,9190101,8.0,1.0,,,development,statistical,1.0,1.0,b_posterior_draw,OK,0.028469119992223568,0.0827042814527691,0.07985063865362428,0.08270428145278509,points,2,768,0.09129905066715878,0.09129905066715878,1.0,,9.67565715001025e-12,0.7994791666666666,0.0,0.15969769781395193,0.0,0.12420845030478844,0,0.8,1.0,
s9190101_g8_n1_p0.8_l1,9190101,8.0,1.0,,,development,statistical,1.0,1.0,b_quota_map,OK,0.028468553005950525,0.0827042814527691,0.07985063865362428,0.08270428145278509,points,2,768,0.09129905066715878,0.09129905066715878,1.0,,9.67565715001025e-12,0.7994791666666666,0.0,0.15969769781395193,0.0,0.12420845030478844,0,0.8,1.0,
s9190101_g8_n1_p0.8_l1,9190101,8.0,1.0,,,development,statistical,1.0,1.0,b_weighted_measure,OK,0.02846798200334888,0.08270428422263357,0.07985138827511162,0.08270546479600542,weighted,2,768,0.09135195962087485,,,,9.67565715001025e-12,0.7994790190949935,1.475716731036414e-07,0.1596961786584803,9.349559914105178e-08,0.12420845030478844,0,0.8,1.0,0.9999998516567645
s9190101_g8_n2_p0.2_l0,9190101,8.0,2.0,,,development,statistical,2.0,1.0,b_identity,OK,0.030255442994530313,1.5635453934770176,1.5549661065010185,1.5819731384474673,points,0,768,2.037945214722623,2.037945214722623,0.3971354166666667,,,0.22526041666666666,0.024739583333333315,0.23655487297944866,0.027655569186513813,,,0.2,0.0,
s9190101_g8_n2_p0.2_l0,9190101,8.0,2.0,,,development,statistical,2.0,1.0,b_map,OK,0.030248661001678556,0.14464479522063867,0.3702069608216655,0.18175743318581628,points,2,768,1.0693359962710163,1.0693359962710163,0.9856770833333334,,0.014245445304973584,0.20572916666666666,0.005208333333333315,0.7188207736143024,0.02356275646177926,0.3439878601950799,0,0.2,0.0,
s9190101_g8_n2_p0.2_l0,9190101,8.0,2.0,,,development,statistical,2.0,1.0,b_mean,OK,0.03025322299799882,0.29655420247178466,0.46582932622861956,0.30039814663501635,points,2,768,0.9655521691326505,0.9655521691326505,0.9466145833333334,,0.014245445304973584,0.20572916666666666,0.005208333333333315,0.9163005065583398,0.02356275646177926,0.3439878601950799,0,0.2,0.0,
s9190101_g8_n2_p0.2_l0,9190101,8.0,2.0,,,development,statistical,2.0,1.0,b_posterior_draw,OK,0.03025495700421743,0.1447855432602079,0.5566480910794696,0.1818981812253855,points,2,768,1.4492685431506187,1.4492685431506187,0.9700520833333334,,0.014245445304973584,0.20572916666666666,0.005208333333333315,1.0919214117570002,0.04792926942764076,0.3439878601950799,0,0.2,0.0,
s9190101_g8_n2_p0.2_l0,9190101,8.0,2.0,,,development,statistical,2.0,1.0,b_quota_map,OK,0.03025440900819376,0.14624978930090038,0.37014776858260956,0.23002473950671895,points,2,768,1.1699257267321894,1.1699257267321894,0.9830729166666666,,0.014245445304973584,0.21223958333333334,0.01171875,0.7189827096551618,0.02357333220525403,0.3439878601950799,0,0.2,0.0,
s9190101_g8_n2_p0.2_l0,9190101,8.0,2.0,,,development,statistical,2.0,1.0,b_weighted_measure,OK,0.030253917997470126,0.14548510327413888,0.46874610630904445,0.22535248627997118,weighted,2,768,1.3638645233286133,,,,0.014245445304973584,0.21169872172544532,0.011177888392111979,0.9163005065583398,0.03645979276069705,0.3439878601950799,0,0.2,0.0,0.9731021538048858
s9190101_g8_n2_p0.2_l1,9190101,8.0,2.0,,,development,statistical,2.0,1.0,b_identity,OK,0.02990797199890949,1.5656904946298,1.6064563300317354,1.5859838347225366,points,0,768,2.037945214722623,2.037945214722623,0.40625,,,0.22395833333333334,0.0234375,0.15181362977230073,0.02278015144464656,,,0.2,1.0,
s9190101_g8_n2_p0.2_l1,9190101,8.0,2.0,,,development,statistical,2.0,1.0,b_map,OK,0.029900505993282422,0.13278802909615975,0.2002060103556765,0.13278802909618853,points,2,768,0.43814134429374085,0.43814134429374085,0.9986979166666666,,0.0018729427396545198,0.20052083333333334,0.0,0.09757294184692356,0.004061085494310251,0.04073756546032392,0,0.2,1.0,
s9190101_g8_n2_p0.2_l1,9190101,8.0,2.0,,,development,statistical,2.0,1.0,b_mean,OK,0.029905402989243157,0.14259636692126595,0.19427313001712304,0.14259636692128952,points,2,768,0.38472399695808074,0.38472399695808074,0.99609375,,0.0018729427396545198,0.20052083333333334,0.0,0.08653392248062985,0.004061085494310251,0.04073756546032392,0,0.2,1.0,
s9190101_g8_n2_p0.2_l1,9190101,8.0,2.0,,,development,statistical,2.0,1.0,b_posterior_draw,OK,0.029907397998613305,0.1328410728011862,0.22424162671869247,0.14242731274172044,points,2,768,0.5183526075903351,0.5183526075903351,0.9973958333333334,,0.0018729427396545198,0.19921875,0.0013020833333333426,0.045889419544717924,0.0073078387410634976,0.04073756546032392,0,0.2,1.0,
s9190101_g8_n2_p0.2_l1,9190101,8.0,2.0,,,development,statistical,2.0,1.0,b_quota_map,OK,0.029906847994425334,0.1327349853911333,0.1754004827031615,0.14315165205782815,points,2,768,0.33584028302948266,0.33584028302948266,0.9986979166666666,,0.0018729427396545198,0.20182291666666666,0.0013020833333333148,0.1492564641491292,0.0008143322475570033,0.04073756546032392,0,0.2,1.0,
s9190101_g8_n2_p0.2_l1,9190101,8.0,2.0,,,development,statistical,2.0,1.0,b_weighted_measure,OK,0.02990622200013604,0.13275924352817625,0.20550009068782588,0.13841216357046418,weighted,2,768,0.499317620295064,,,,0.0018729427396545198,0.2012274483782479,0.0007066150449145658,0.08653392248062985,0.0047545554896196674,0.04073756546032392,0,0.2,1.0,0.996527913481694
s9190101_g8_n2_p0.5_l0,9190101,8.0,2.0,,,development,statistical,2.0,1.0,b_identity,OK,0.029589935002150014,1.5757248757248703,1.6129098879112722,1.5758962437717476,points,0,768,2.037945214722623,2.037945214722623,0.390625,,,0.5026041666666666,0.0026041666666666297,0.052376842416579805,0.026041666666666664,,,0.5,0.0,
s9190101_g8_n2_p0.5_l0,9190101,8.0,2.0,,,development,statistical,2.0,1.0,b_map,OK,0.029582235001726076,0.13710179818193183,0.34236666090057555,0.15686932291285188,points,2,768,1.3098448693505742,1.3098448693505742,0.9752604166666666,,0.016400779046390212,0.5026041666666666,0.0026041666666666297,0.3580507129993489,0.026041666666666664,0.06281534231848163,0,0.5,0.0,
s9190101_g8_n2_p0.5_l0,9190101,8.0,2.0,,,development,statistical,2.0,1.0,b_mean,OK,0.029587172000901774,0.2675345032729393,0.35919906575409594,0.26801952029736154,points,2,768,1.0387439865556904,1.0387439865556904,0.9505208333333334,,0.016400779046390212,0.5026041666666666,0.0026041666666666297,0.4526077847840311,0.026041666666666664,0.06281534231848163,0,0.5,0.0,
s9190101_g8_n2_p0.5_l0,9190101,8.0,2.0,,,development,statistical,2.0,1.0,b_posterior_draw,OK,0.02958940099051688,0.13723104339731348,0.37450208028084686,0.18684029819932058,points,2,768,1.405773981277547,1.405773981277547,0.9700520833333334,,0.016400779046390212,0.5065104166666666,0.00651041666666663,0.4210414578612127,0.029947916666666668,0.06281534231848163,0,0.5,0.0,
s9190101_g8_n2_p0.5_l0,9190101,8.0,2.0,,,development,statistical,2.0,1.0,b_quota_map,OK,0.02958880999358371,0.13710179818193183,0.34236666090057555,0.15686932291285188,points,2,768,1.3098448693505742,1.3098448693505742,0.9752604166666666,,0.016400779046390212,0.5026041666666666,0.0026041666666666297,0.3580507129993489,0.026041666666666664,0.06281534231848163,0,0.5,0.0,
s9190101_g8_n2_p0.5_l0,9190101,8.0,2.0,,,development,statistical,2.0,1.0,b_weighted_measure,OK,0.029588092991616577,0.13691063414041252,0.38847443186950914,0.15236632722510923,weighted,2,768,1.4446215951088437,,,,0.016400779046390212,0.5020394259581539,0.002039425958153873,0.4526077847840311,0.03190544177313542,0.06281534231848163,0,0.5,0.0,0.9721638939117225
s9190101_g8_n2_p0.5_l1,9190101,8.0,2.0,,,development,statistical,2.0,1.0,b_identity,OK,0.030539115992723964,1.5754793541537586,1.6129098879112722,1.5796807867922464,points,0,768,2.037945214722623,2.037945214722623,0.40625,,,0.5104166666666666,0.01041666666666663,0.17710768587258308,0.0234375,,,0.5,1.0,
s9190101_g8_n2_p0.5_l1,9190101,8.0,2.0,,,development,statistical,2.0,1.0,b_map,OK,0.030531602998962626,0.12524420718829563,0.14607754052162897,0.1459944248315422,points,2,768,0.4399817610594561,0.4399817610594561,0.9986979166666666,,0.0021166048631303825,0.5026041666666666,0.0026041666666666297,0.1544178943884127,0.0026041666666666665,0.04619016553158861,0,0.5,1.0,
s9190101_g8_n2_p0.5_l1,9190101,8.0,2.0,,,development,statistical,2.0,1.0,b_mean,OK,0.03053682499739807,0.1394212083025513,0.1522117704588647,0.15210342230078527,points,2,768,0.40337581366451475,0.40337581366451475,0.9947916666666666,,0.0021166048631303825,0.5026041666666666,0.0026041666666666297,0.13695277452595,0.0026041666666666665,0.04619016553158861,0,0.5,1.0,
s9190101_g8_n2_p0.5_l1,9190101,8.0,2.0,,,development,statistical,2.0,1.0,b_posterior_draw,OK,0.030538651990354992,0.12522675128640395,0.15643406374359303,0.15635094805350613,points,2,768,0.5259039615412954,0.5259039615412954,0.9973958333333334,,0.0021166048631303825,0.50390625,0.00390625,0.13370484794448423,0.00390625,0.04619016553158861,0,0.5,1.0,
s9190101_g8_n2_p0.5_l1,9190101,8.0,2.0,,,development,statistical,2.0,1.0,b_quota_map,OK,0.03053811300196685,0.12522675128640395,0.15643406374359303,0.15635094805350613,points,2,768,0.5259039615412954,0.5259039615412954,0.9973958333333334,,0.0021166048631303825,0.50390625,0.00390625,0.13370484794448423,0.00390625,0.04619016553158861,0,0.5,1.0,
s9190101_g8_n2_p0.5_l1,9190101,8.0,2.0,,,development,statistical,2.0,1.0,b_weighted_measure,OK,0.030537504993844777,0.12524432226025475,0.15475281826281478,0.15182090744871904,weighted,2,768,0.5128487445619477,,,,0.0021166048631303825,0.5033382428752112,0.003338242875211228,0.13695277452595,0.003702075733261227,0.04619016553158861,0,0.5,1.0,0.9962979242667387
s9190101_g8_n2_p0.8_l0,9190101,8.0,2.0,,,development,statistical,2.0,1.0,b_identity,OK,0.02988151200406719,1.5701465154247012,1.607025893917224,1.5771850141423944,points,0,768,2.037945214722623,2.037945214722623,0.3958333333333333,,,0.7864583333333334,0.01302083333333326,0.2065930398803424,0.024387664452811035,,,0.8,0.0,
s9190101_g8_n2_p0.8_l0,9190101,8.0,2.0,,,development,statistical,2.0,1.0,b_map,OK,0.02987332500924822,0.13374039503315102,0.4008487184524227,0.1437527657398987,points,2,768,1.0452935869024993,1.0452935869024993,0.9830729166666666,,0.014193107374392791,0.80078125,0.0013020833333333703,0.6307248926004583,0.027613266212614746,0.1973754629076927,0,0.8,0.0,
s9190101_g8_n2_p0.8_l0,9190101,8.0,2.0,,,development,statistical,2.0,1.0,b_mean,OK,0.0298788920044899,0.26321304585558947,0.5135796762506515,0.2636942429549664,points,2,768,0.9681307112388593,0.9681307112388593,0.9440104166666666,,0.014193107374392791,0.8020833333333334,0.0026041666666667407,0.8795539873116418,0.026798933965057746,0.1973754629076927,0,0.8,0.0,
s9190101_g8_n2_p0.8_l0,9190101,8.0,2.0,,,development,statistical,2.0,1.0,b_posterior_draw,OK,0.029880960006266832,0.13485367347333452,0.5333766876326378,0.1808893420839785,points,2,768,1.4331354581693028,1.4331354581693028,0.96875,,0.014193107374392791,0.79296875,0.00651041666666663,0.8970947898648722,0.04468251618088751,0.1973754629076927,0,0.8,0.0,
s9190101_g8_n2_p0.8_l0,9190101,8.0,2.0,,,development,statistical,2.0,1.0,b_quota_map,OK,0.029880383008276112,0.13413606537796854,0.3814695240781626,0.14332081726557966,points,2,768,1.0414230181796973,1.0414230181796973,0.9830729166666666,,0.014193107374392791,0.7981770833333334,0.0013020833333332593,0.5927663570547228,0.025180845213418502,0.1973754629076927,0,0.8,0.0,
s9190101_g8_n2_p0.8_l0,9190101,8.0,2.0,,,development,statistical,2.0,1.0,b_weighted_measure,OK,0.029879727007937618,0.13392089621013725,0.5245282950006396,0.1414121954647662,weighted,2,768,1.3462653087353376,,,,0.014193107374392791,0.7984171474799983,0.0010620191866683726,0.8795539873116418,0.04355848397417027,0.1973754629076927,0,0.8,0.0,0.9756471726682673
s9190101_g8_n2_p0.8_l1,9190101,8.0,2.0,,,development,statistical,2.0,1.0,b_identity,OK,0.030214275990147144,1.5875845096141294,1.6593937104928898,1.5906890316017583,points,0,768,2.037945214722623,2.037945214722623,0.40625,,,0.79296875,0.00651041666666663,0.3194015427814172,0.016254917720715766,,,0.8,1.0,
s9190101_g8_n2_p0.8_l1,9190101,8.0,2.0,,,development,statistical,2.0,1.0,b_map,OK,0.0302075759973377,0.17442673380233187,0.16804937210732995,0.19522578134894153,points,2,768,0.4558092255971459,0.4558092255971459,0.9973958333333334,,0.0026168774213100525,0.796875,0.0026041666666666297,0.28292909141245204,0.0016286644951140066,0.28406033955280385,0,0.8,1.0,
s9190101_g8_n2_p0.8_l1,9190101,8.0,2.0,,,development,statistical,2.0,1.0,b_mean,OK,0.030211790988687426,0.18612408330902053,0.18241079558424234,0.1968241678031445,points,2,768,0.4518002145626271,0.4518002145626271,0.9934895833333334,,0.0026168774213100525,0.796875,0.0026041666666666297,0.23108098772102537,0.0016286644951140066,0.28406033955280385,0,0.8,1.0,
s9190101_g8_n2_p0.8_l1,9190101,8.0,2.0,,,development,statistical,2.0,1.0,b_posterior_draw,OK,0.03021374599484261,0.17464818610751265,0.19457559084232617,0.1850447351485957,points,2,768,0.5439566798942682,0.5439566798942682,0.99609375,,0.0026168774213100525,0.7981770833333334,0.0013020833333332593,0.2291364918049652,0.004875417741867253,0.28406033955280385,0,0.8,1.0,
s9190101_g8_n2_p0.8_l1,9190101,8.0,2.0,,,development,statistical,2.0,1.0,b_quota_map,OK,0.030213144986191764,0.17442673380233187,0.16804937210732995,0.19522578134894153,points,2,768,0.4558092255971459,0.4558092255971459,0.9973958333333334,,0.0026168774213100525,0.796875,0.0026041666666666297,0.28292909141245204,0.0016286644951140066,0.28406033955280385,0,0.8,1.0,
s9190101_g8_n2_p0.8_l1,9190101,8.0,2.0,,,development,statistical,2.0,1.0,b_weighted_measure,OK,0.030212543992092833,0.17442579563021696,0.1930237120358409,0.19403599509577887,weighted,2,768,0.5786595712499747,,,,0.0026168774213100525,0.797023807390049,0.0024553592766176635,0.23108098772102537,0.004758054043610807,0.28406033955280385,0,0.8,1.0,0.9954782451072961
