case,patch,scene,mode,method,n_points,n_scans,sigma_mm,source,target_injected_rms_mm,max_abs_injected_rotation_deg,max_scan_mean_injected_translation_mm,recovery_xyz_rms_mm,recovery_normal_rms_mm,recovery_tangent_rms_mm,zero_edit_xyz_rms_mm,zero_edit_normal_rms_mm,zero_edit_tangent_rms_mm,self_response_xyz_rms_mm,self_response_normal_rms_mm,self_response_tangent_rms_mm,input_edit_xyz_rms_mm,input_edit_normal_rms_mm,input_edit_tangent_rms_mm,injected_xyz_rms_mm,injected_normal_rms_mm,injected_tangent_rms_mm,recovery_centroid_error_mm,input_edit_p95_mm,moved_fraction,unchanged_exact,independent_real_geometry,method_status,method_reason,supported_point_fraction,supported_scan_fraction,support_role,scan_bias_mm,method_scan_ids,transport_mass,usable_transport_mass,candidate_axis_available,within_scan_nonconstant_edit_rms_mm,ok,method_seconds,exact_fallback,point_order_contract,output,output_sha256,candidate_axis_abs_cos,injection_along_candidate_axis_rms_mm,best_scan_constant_axis_removable_rms_mm,best_scan_constant_axis_remaining_rms_mm,oracle_projection_scan_coefficients_mm,projection_role,edit_orthogonal_to_candidate_axis_rms_mm,candidate_axis_vs_zero_abs_cos
cy_junction__zero,cy_junction,courtyard,zero,identity,1600,2,2.0,/srv/slam-research/grf/map-denoise/runs/multiscan-pilot-v1/patches/courtyard/cy_junction.json,0.0,0.0,0.0,0.0,0.0,0.0,0.0,0.0,0.0,0.0,0.0,0.0,0.0,0.0,0.0,0.0,0.0,0.0,0.0,0.0,0.0,True,not_measured,IDENTITY,,,,"reported applicability, not independently validated accuracy",,"[1, 2]",,,False,0.0,True,6.039001164026558e-06,True,same input row and source ID; estimators preserve row order,/srv/slam-research/grf/map-denoise/runs/multiscan-pilot-v1/real-components-v4-h3dnauhf/outputs/cy_junction__zero__identity.npz,579502c31a39b829f6dfaf5920a67860bda9715ac8c2f769aa93dcb79c226866,,,,,,,,
cy_junction__zero,cy_junction,courtyard,zero,fast,1600,2,2.0,/srv/slam-research/grf/map-denoise/runs/multiscan-pilot-v1/patches/courtyard/cy_junction.json,0.0,0.0,0.0,63.671376201857214,63.671376201857214,5.986944355358165e-13,63.671376201857214,63.671376201857214,5.986944355358165e-13,0.0,0.0,0.0,63.671376201857214,63.671376201857214,5.986944355358165e-13,0.0,0.0,0.0,4.832345552416028e-14,121.02240966561075,1.0,False,not_measured,APPLY,,,,"reported applicability, not independently validated accuracy","[1.1717318692294327, -1.1717318692294185]","[1, 2]",,,True,63.66059371279112,True,0.020963571994798258,False,same input row and source ID; estimators preserve row order,/srv/slam-research/grf/map-denoise/runs/multiscan-pilot-v1/real-components-v4-h3dnauhf/outputs/cy_junction__zero__fast.npz,203f8d03a211bbd51fc4506ea5bdd5f914da27a7fb0eb91305a00007f2107b49,1.0,0.0,0.0,0.0,"[0.0, 0.0]",evaluation-only injection-space diagnostic; not a candidate or real geometry bound,5.986944355358165e-13,1.0
cy_junction__zero,cy_junction,courtyard,zero,graph_local,1600,2,2.0,/srv/slam-research/grf/map-denoise/runs/multiscan-pilot-v1/patches/courtyard/cy_junction.json,0.0,0.0,0.0,0.8914757980588432,0.8674558756566928,0.2055465940202656,0.8914757980588432,0.8674558756566928,0.2055465940202656,0.0,0.0,0.0,0.8914757980588432,0.8674558756566928,0.2055465940202656,0.0,0.0,0.0,0.0028780575703222164,2.0975224912016004,0.28875,False,not_measured,APPLY,,0.28875,,"reported applicability, not independently validated accuracy","[0.0, 0.0]","[1, 2]",,,True,0.8914191133634781,True,0.045463029993698,False,same input row and source ID; estimators preserve row order,/srv/slam-research/grf/map-denoise/runs/multiscan-pilot-v1/real-components-v4-h3dnauhf/outputs/cy_junction__zero__graph_local.npz,a824fb22ff5a42edaac038d535b8e537d93675f9e037a6b9685eedf5822e8271,0.9730560016834461,0.0,0.0,0.0,"[0.0, 0.0]",evaluation-only injection-space diagnostic; not a candidate or real geometry bound,2.943160630747235e-13,1.0000000000000002
cy_junction__zero,cy_junction,courtyard,zero,graph_shared,1600,2,2.0,/srv/slam-research/grf/map-denoise/runs/multiscan-pilot-v1/patches/courtyard/cy_junction.json,0.0,0.0,0.0,0.9631437222017651,0.9371927793721598,0.22207098844594086,0.9631437222017651,0.9371927793721598,0.22207098844594086,0.0,0.0,0.0,0.9631437222017651,0.9371927793721598,0.22207098844594086,0.0,0.0,0.0,0.004205617746339123,2.2599033605960446,0.300625,False,not_measured,APPLY,,0.300625,,"reported applicability, not independently validated accuracy","[0.968882501567266, -0.968882501567266]","[1, 2]",,,True,0.9599014931003649,True,0.1948499589925632,False,same input row and source ID; estimators preserve row order,/srv/slam-research/grf/map-denoise/runs/multiscan-pilot-v1/real-components-v4-h3dnauhf/outputs/cy_junction__zero__graph_shared.npz,48f8e2bce327720445dcb840affda6d186e2a94bd5cb806cd464e29dbd1be471,0.9730560016834461,0.0,0.0,0.0,"[0.0, 0.0]",evaluation-only injection-space diagnostic; not a candidate or real geometry bound,3.160349838198689e-13,1.0000000000000002
cy_junction__zero,cy_junction,courtyard,zero,measure_balanced,1600,2,2.0,/srv/slam-research/grf/map-denoise/runs/multiscan-pilot-v1/patches/courtyard/cy_junction.json,0.0,0.0,0.0,1.0646931889796858,1.0594289252620395,0.10574468770511819,1.0646931889796858,1.0594289252620395,0.10574468770511819,0.0,0.0,0.0,1.0646931889796858,1.0594289252620395,0.10574468770511819,0.0,0.0,0.0,5.551115123125783e-16,1.0646931889796918,1.0,False,not_measured,APPLY,,1.0,1.0,"reported applicability, not independently validated accuracy","[1.0646931889798175, -1.0646931889798175]","[1, 2]",0.9999999999999998,0.9687819469338406,True,2.2184328574037918e-13,True,0.03667678700003307,False,same input row and source ID; estimators preserve row order,/srv/slam-research/grf/map-denoise/runs/multiscan-pilot-v1/real-components-v4-h3dnauhf/outputs/cy_junction__zero__measure_balanced.npz,9f69aa9153e1107bd827392514f11063a11400d09821c52dfe580877b5b6d760,0.9950556049648276,0.0,0.0,0.0,"[0.0, 0.0]",evaluation-only injection-space diagnostic; not a candidate or real geometry bound,7.719134329780754e-13,1.0000000000000002
cy_junction__zero,cy_junction,courtyard,zero,measure_unbalanced,1600,2,2.0,/srv/slam-research/grf/map-denoise/runs/multiscan-pilot-v1/patches/courtyard/cy_junction.json,0.0,0.0,0.0,0.8198394211058214,0.8157858111425048,0.08142595862311855,0.8198394211058214,0.8157858111425048,0.08142595862311855,0.0,0.0,0.0,0.8198394211058214,0.8157858111425048,0.08142595862311855,0.0,0.0,0.0,5.551115123125783e-16,0.8198394211058273,1.0,False,not_measured,APPLY,,1.0,1.0,"reported applicability, not independently validated accuracy","[0.8198394211057609, -0.819839421105761]","[1, 2]",0.3342404642096122,0.33423663206096815,True,2.2184328574037918e-13,True,0.03631229499296751,False,same input row and source ID; estimators preserve row order,/srv/slam-research/grf/map-denoise/runs/multiscan-pilot-v1/real-components-v4-h3dnauhf/outputs/cy_junction__zero__measure_unbalanced.npz,d1840c48ebbb6e94b60d1ba181c0aeb3a6aa326d5fae2fff38e69ce7373229e8,0.9950556049648276,0.0,0.0,0.0,"[0.0, 0.0]",evaluation-only injection-space diagnostic; not a candidate or real geometry bound,4.690557256444353e-13,1.0000000000000002
cy_junction__normal_translation,cy_junction,courtyard,normal_translation,identity,1600,2,2.0,/srv/slam-research/grf/map-denoise/runs/multiscan-pilot-v1/patches/courtyard/cy_junction.json,3.5,0.0,3.4999999999997797,3.4999999999998295,3.4999999999998295,3.734507431421861e-13,0.0,0.0,0.0,3.4999999999998295,3.4999999999998295,3.734507431421861e-13,0.0,0.0,0.0,3.4999999999998295,3.4999999999998295,3.734507431421861e-13,1.3877787807814457e-16,0.0,0.0,True,not_measured,IDENTITY,,,,"reported applicability, not independently validated accuracy",,"[1, 2]",,,False,0.0,True,7.873997674323618e-06,True,same input row and source ID; estimators preserve row order,/srv/slam-research/grf/map-denoise/runs/multiscan-pilot-v1/real-components-v4-h3dnauhf/outputs/cy_junction__normal_translation__identity.npz,ef3048b21735592e83db5b2e3c05b7b5ee0fe8973c9331b06d3d068f6a4c7f44,,,,,,,,
cy_junction__normal_translation,cy_junction,courtyard,normal_translation,fast,1600,2,2.0,/srv/slam-research/grf/map-denoise/runs/multiscan-pilot-v1/patches/courtyard/cy_junction.json,3.5,0.0,3.4999999999997797,63.62458871870301,63.62456847453052,0.05075484102559751,63.671376201857214,63.671376201857214,5.986944355358165e-13,4.71748915825847,4.7172161180508425,0.050754841025586944,63.776223459316164,63.77620326327634,0.05075484102557236,3.4999999999998295,3.4999999999998295,3.734507431421861e-13,1.7899791070655587e-14,118.22188101185485,1.0,False,not_measured,APPLY,,,,"reported applicability, not independently validated accuracy","[4.509771300756384, -4.50977130075637]","[1, 2]",,,True,63.616575210769575,True,0.02123548398958519,False,same input row and source ID; estimators preserve row order,/srv/slam-research/grf/map-denoise/runs/multiscan-pilot-v1/real-components-v4-h3dnauhf/outputs/cy_junction__normal_translation__fast.npz,1635532117ed64fa733dc946f3e11b9dfccad4e04bc646427efc3beadd292054,0.9999996833296374,3.499998891653561,3.499998891653561,0.0027853945244300767,"[3.4999988916535605, -3.4999988916535605]",evaluation-only injection-space diagnostic; not a candidate or real geometry bound,7.785294556290509e-13,0.9999996833296374
cy_junction__normal_translation,cy_junction,courtyard,normal_translation,graph_local,1600,2,2.0,/srv/slam-research/grf/map-denoise/runs/multiscan-pilot-v1/patches/courtyard/cy_junction.json,3.5,0.0,3.4999999999997797,3.598958877310899,3.588518009584457,0.2739406787297874,0.8914757980588432,0.8674558756566928,0.2055465940202656,3.554171031725571,3.5455087110269132,0.24799133611779026,1.1881076714285066,1.1560953003296548,0.2739406787298187,3.4999999999998295,3.4999999999998295,3.734507431421861e-13,0.04318267742055329,2.6630796551585947,0.28375,False,not_measured,APPLY,,0.28375,,"reported applicability, not independently validated accuracy","[0.0, 0.0]","[1, 2]",,,True,1.1827499317166994,True,0.04625335900345817,False,same input row and source ID; estimators preserve row order,/srv/slam-research/grf/map-denoise/runs/multiscan-pilot-v1/real-components-v4-h3dnauhf/outputs/cy_junction__normal_translation__graph_local.npz,b0379d9449d8c99f1e4453c2eb1b38da2836d0b8bbb7faf84c129ba8fd0459c3,0.9730560016834461,3.405696005891978,3.405696005891979,0.8069911495488908,"[-3.4056960058919787, 3.4056960058919787]",evaluation-only injection-space diagnostic; not a candidate or real geometry bound,2.9196432839231457e-13,1.0000000000000002
cy_junction__normal_translation,cy_junction,courtyard,normal_translation,graph_shared,1600,2,2.0,/srv/slam-research/grf/map-denoise/runs/multiscan-pilot-v1/patches/courtyard/cy_junction.json,3.5,0.0,3.4999999999997797,4.086767856417643,4.073798436369616,0.32532723845525935,0.9631437222017651,0.9371927793721598,0.22207098844594086,3.939883401340299,3.930772045399518,0.267791604167286,1.4109762358969167,1.3729588945722173,0.325327238455168,3.4999999999998295,3.4999999999998295,3.734507431421861e-13,0.061893833396339394,3.720781319087867,0.2975,False,not_measured,APPLY,,0.2975,,"reported applicability, not independently validated accuracy","[1.1697757202840688, -1.169775720284069]","[1, 2]",,,True,1.3625344323802295,True,0.24004767699807417,False,same input row and source ID; estimators preserve row order,/srv/slam-research/grf/map-denoise/runs/multiscan-pilot-v1/real-components-v4-h3dnauhf/outputs/cy_junction__normal_translation__graph_shared.npz,0e507983451956f2087ab21d8a6c3f673335c36e7b62531ae49c3952dcfce387,0.9730560016834461,3.405696005891978,3.405696005891979,0.8069911495488908,"[-3.4056960058919787, 3.4056960058919787]",evaluation-only injection-space diagnostic; not a candidate or real geometry bound,3.002544587163267e-13,1.0000000000000002
cy_junction__normal_translation,cy_junction,courtyard,normal_translation,measure_balanced,1600,2,2.0,/srv/slam-research/grf/map-denoise/runs/multiscan-pilot-v1/patches/courtyard/cy_junction.json,3.5,0.0,3.4999999999997797,1.798491741864947,1.7903780987079707,0.17064234299622763,1.0646931889796858,1.0594289252620395,0.10574468770511819,0.7814579226683909,0.7309491734459314,0.2763870307013458,1.7181169502103633,1.7096219012918592,0.170642342996593,3.4999999999998295,3.4999999999998295,3.734507431421861e-13,1.3036998028387271e-15,1.718116950210453,1.0,False,not_measured,APPLY,,1.0,1.0,"reported applicability, not independently validated accuracy","[-1.7181169502105471, 1.7181169502105471]","[1, 2]",0.9999999999999998,0.9707469315800201,True,2.2464971627054653e-13,True,0.036561241999152116,False,same input row and source ID; estimators preserve row order,/srv/slam-research/grf/map-denoise/runs/multiscan-pilot-v1/real-components-v4-h3dnauhf/outputs/cy_junction__normal_translation__measure_balanced.npz,4f7a101de98c547309f2026878139fa9c5a653ac120d5dfbb628c4a5bc0fb1f6,0.9950556049648277,3.4826946173767643,3.4826946173767643,0.34761789668215665,"[-3.4826946173767634, 3.4826946173767634]",evaluation-only injection-space diagnostic; not a candidate or real geometry bound,4.924011058617897e-13,1.0000000000000002
cy_junction__normal_translation,cy_junction,courtyard,normal_translation,measure_unbalanced,1600,2,2.0,/srv/slam-research/grf/map-denoise/runs/multiscan-pilot-v1/patches/courtyard/cy_junction.json,3.5,0.0,3.4999999999997797,1.3929135239620312,1.3766962010748935,0.21193313847126455,0.8198394211058214,0.8157858111425048,0.08142595862311855,0.6329929110046463,0.5609103899323886,0.29335909709438307,2.133854418115609,2.123303798924937,0.21193313847163006,3.4999999999998295,3.4999999999998295,3.734507431421861e-13,0.0,2.133854418115609,1.0,False,not_measured,APPLY,,1.0,1.0,"reported applicability, not independently validated accuracy","[-2.133854418115465, 2.1338544181154653]","[1, 2]",0.3246632631787794,0.32466173673591997,True,0.0,True,0.03667959599988535,False,same input row and source ID; estimators preserve row order,/srv/slam-research/grf/map-denoise/runs/multiscan-pilot-v1/real-components-v4-h3dnauhf/outputs/cy_junction__normal_translation__measure_unbalanced.npz,203458653d714f75a15592a8a479db5dfbbb77790be84441548981b274d18e9f,0.9950556049648277,3.4826946173767643,3.4826946173767643,0.34761789668215665,"[-3.4826946173767634, 3.4826946173767634]",evaluation-only injection-space diagnostic; not a candidate or real geometry bound,4.1793199529324953e-13,1.0000000000000002
cy_junction__tangent_translation,cy_junction,courtyard,tangent_translation,identity,1600,2,2.0,/srv/slam-research/grf/map-denoise/runs/multiscan-pilot-v1/patches/courtyard/cy_junction.json,3.5,0.0,3.5000000000000413,3.500000000000041,7.32298139185392e-14,3.500000000000041,0.0,0.0,0.0,3.500000000000041,7.32298139185392e-14,3.500000000000041,0.0,0.0,0.0,3.500000000000041,7.32298139185392e-14,3.500000000000041,0.0,0.0,0.0,True,not_measured,IDENTITY,,,,"reported applicability, not independently validated accuracy",,"[1, 2]",,,False,0.0,True,7.683003786951303e-06,True,same input row and source ID; estimators preserve row order,/srv/slam-research/grf/map-denoise/runs/multiscan-pilot-v1/real-components-v4-h3dnauhf/outputs/cy_junction__tangent_translation__identity.npz,91a4aa31c4b34838c886762ac56323f181da926acd8de2018bfe445e518c60f9,,,,,,,,
cy_junction__tangent_translation,cy_junction,courtyard,tangent_translation,fast,1600,2,2.0,/srv/slam-research/grf/map-denoise/runs/multiscan-pilot-v1/patches/courtyard/cy_junction.json,3.5,0.0,3.5000000000000413,63.766561448837884,63.670434677663366,3.500015280797919,63.671376201857214,63.671376201857214,5.986944355358165e-13,3.5000269376376756,0.00903318163118298,3.500015280797926,63.67043468301046,63.67043467766338,0.0008251686142214489,3.500000000000041,7.32298139185392e-14,3.500000000000041,2.039810579466337e-14,121.01126391554362,1.0,False,not_measured,APPLY,,,,"reported applicability, not independently validated accuracy","[1.1715716173835489, -1.1715716173835204]","[1, 2]",,,True,63.65965498389732,True,0.0217139589949511,False,same input row and source ID; estimators preserve row order,/srv/slam-research/grf/map-denoise/runs/multiscan-pilot-v1/real-components-v4-h3dnauhf/outputs/cy_junction__tangent_translation__fast.npz,70f517aca7a01c074a1f26e51f24843fd9e76d20f6a00db7b5764455815bfbbf,0.9999999999160192,4.5359973750187624e-05,4.5359973750187624e-05,3.4999999997061084,"[-4.5359973750187624e-05, 4.5359973750187624e-05]",evaluation-only injection-space diagnostic; not a candidate or real geometry bound,5.825271665996213e-13,0.9999999999160192
cy_junction__tangent_translation,cy_junction,courtyard,tangent_translation,graph_local,1600,2,2.0,/srv/slam-research/grf/map-denoise/runs/multiscan-pilot-v1/patches/courtyard/cy_junction.json,3.5,0.0,3.5000000000000413,3.617499882109511,0.8900297274673884,3.506301824042912,0.8914757980588432,0.8674558756566928,0.2055465940202656,3.5084241247909147,0.2396445363856669,3.5002300403824025,0.9146747216271038,0.8900297274673884,0.2108955443055784,3.500000000000041,7.32298139185392e-14,3.500000000000041,0.007408661599517502,2.167324179523925,0.291875,False,not_measured,APPLY,,0.291875,,"reported applicability, not independently validated accuracy","[0.0, 0.0]","[1, 2]",,,True,0.9146415070292632,True,0.04682522600342054,False,same input row and source ID; estimators preserve row order,/srv/slam-research/grf/map-denoise/runs/multiscan-pilot-v1/real-components-v4-h3dnauhf/outputs/cy_junction__tangent_translation__graph_local.npz,ac41a42613f8c2b15cab40ba476a0b3b7ea21a239f9d1fc18be8e53ee95e9a49,0.9730560016834461,0.06694738350553499,0.066947383505535,3.4993596625442844,"[-0.06694738350553499, 0.06694738350553499]",evaluation-only injection-space diagnostic; not a candidate or real geometry bound,3.001646339260324e-13,1.0000000000000002
cy_junction__tangent_translation,cy_junction,courtyard,tangent_translation,graph_shared,1600,2,2.0,/srv/slam-research/grf/map-denoise/runs/multiscan-pilot-v1/patches/courtyard/cy_junction.json,3.5,0.0,3.5000000000000413,3.6335109417851426,0.9455659588115242,3.508319652142489,0.9631437222017651,0.9371927793721598,0.22207098844594086,3.507724282068895,0.23145865588368483,3.500079503330212,0.9717487556478143,0.9455659588115293,0.22405504154093245,3.500000000000041,7.32298139185392e-14,3.500000000000041,0.0024393210942365096,2.316812512288278,0.301875,False,not_measured,APPLY,,0.301875,,"reported applicability, not independently validated accuracy","[1.0255230746947699, -1.02552307469477]","[1, 2]",,,True,0.9698579710229264,True,0.2000835119979456,False,same input row and source ID; estimators preserve row order,/srv/slam-research/grf/map-denoise/runs/multiscan-pilot-v1/real-components-v4-h3dnauhf/outputs/cy_junction__tangent_translation__graph_shared.npz,e08ab73146d891da8e1aaebc91261ba0a0f0436f3a22f31e47906f2f88e8c328,0.9730560016834461,0.06694738350553499,0.066947383505535,3.4993596625442844,"[-0.06694738350553499, 0.06694738350553499]",evaluation-only injection-space diagnostic; not a candidate or real geometry bound,3.016158565620314e-13,1.0000000000000002
cy_junction__tangent_translation,cy_junction,courtyard,tangent_translation,measure_balanced,1600,2,2.0,/srv/slam-research/grf/map-denoise/runs/multiscan-pilot-v1/patches/courtyard/cy_junction.json,3.5,0.0,3.5000000000000413,3.657935970673336,0.9995965649589919,3.5187074719089773,1.0646931889796858,1.0594289252620395,0.10574468770511819,3.49947883655025,0.05983236030304748,3.4989673070955756,1.0045635238589397,0.9995965649590649,0.09977264549929855,3.500000000000041,7.32298139185392e-14,3.500000000000041,0.0,1.0045635238589397,1.0,False,not_measured,APPLY,,1.0,1.0,"reported applicability, not independently validated accuracy","[1.004563523858908, -1.004563523858908]","[1, 2]",1.0,0.9687785920245824,True,0.0,True,0.03690960300446022,False,same input row and source ID; estimators preserve row order,/srv/slam-research/grf/map-denoise/runs/multiscan-pilot-v1/real-components-v4-h3dnauhf/outputs/cy_junction__tangent_translation__measure_balanced.npz,ca4a607bf05ae782ad84f1f3a91e831ddfbee35a3eeb09afdea590900df211a3,0.9950556049648277,0.06039821733272066,0.06039821733272065,3.4994788262458907,"[-0.060398217332720654, 0.060398217332720654]",evaluation-only injection-space diagnostic; not a candidate or real geometry bound,1.3235033117505052e-13,1.0000000000000002
cy_junction__tangent_translation,cy_junction,courtyard,tangent_translation,measure_unbalanced,1600,2,2.0,/srv/slam-research/grf/map-denoise/runs/multiscan-pilot-v1/patches/courtyard/cy_junction.json,3.5,0.0,3.5000000000000413,3.5934026047848806,0.7520695453796439,3.5138203822886593,0.8198394211058214,0.8157858111425048,0.08142595862311855,3.4994807137687056,0.06371626576286099,3.4989006135522582,0.7558065515407539,0.7520695453797167,0.07506625249919356,3.500000000000041,7.32298139185392e-14,3.500000000000041,1.6653345369377348e-15,0.7558065515407663,1.0,False,not_measured,APPLY,,1.0,1.0,"reported applicability, not independently validated accuracy","[0.7558065515407884, -0.7558065515407884]","[1, 2]",0.33409946700089443,0.3340956848389941,True,3.504136389590643e-14,True,0.03661631001159549,False,same input row and source ID; estimators preserve row order,/srv/slam-research/grf/map-denoise/runs/multiscan-pilot-v1/real-components-v4-h3dnauhf/outputs/cy_junction__tangent_translation__measure_unbalanced.npz,30bd3cc18f97693a2a209da0166839ae6044d41e7a56e52a7287d2d5aa10afdb,0.9950556049648277,0.06039821733272066,0.06039821733272065,3.4994788262458907,"[-0.060398217332720654, 0.060398217332720654]",evaluation-only injection-space diagnostic; not a candidate or real geometry bound,5.0671869631294e-13,1.0000000000000002
cy_junction__small_rotation,cy_junction,courtyard,small_rotation,identity,1600,2,2.0,/srv/slam-research/grf/map-denoise/runs/multiscan-pilot-v1/patches/courtyard/cy_junction.json,3.5,0.3107626560922149,6.007415273052149e-14,3.5000000000000004,3.445372482373228,0.6159614092663126,0.0,0.0,0.0,3.5000000000000004,3.445372482373228,0.6159614092663126,0.0,0.0,0.0,3.5000000000000004,3.445372482373228,0.6159614092663126,3.487855572371364e-14,0.0,0.0,True,not_measured,IDENTITY,,,,"reported applicability, not independently validated accuracy",,"[1, 2]",,,False,0.0,True,9.584997314959764e-06,True,same input row and source ID; estimators preserve row order,/srv/slam-research/grf/map-denoise/runs/multiscan-pilot-v1/real-components-v4-h3dnauhf/outputs/cy_junction__small_rotation__identity.npz,23007349bd685f07bc873ba68b313c1eebc1c33f73a6281c83c33ed93a6ece4f,,,,,,,,
cy_junction__small_rotation,cy_junction,courtyard,small_rotation,fast,1600,2,2.0,/srv/slam-research/grf/map-denoise/runs/multiscan-pilot-v1/patches/courtyard/cy_junction.json,3.5,0.3107626560922149,6.007415273052149e-14,63.74882624095715,63.74585470997079,0.6155114905831834,63.671376201857214,63.671376201857214,5.986944355358165e-13,16.284091745217314,16.272454933771204,0.6155114905831822,63.70455516217137,63.704548959579654,0.028111681801727212,3.5000000000000004,3.445372482373228,0.6159614092663126,5.764082824254149e-14,120.55938982532717,1.0,False,not_measured,APPLY,,,,"reported applicability, not independently validated accuracy","[0.7258812294632264, -0.7258812294632122]","[1, 2]",,,True,63.70041950294243,True,0.021758731003501453,False,same input row and source ID; estimators preserve row order,/srv/slam-research/grf/map-denoise/runs/multiscan-pilot-v1/real-components-v4-h3dnauhf/outputs/cy_junction__small_rotation__fast.npz,db955f5ba71b839fa41c5e60463d3b80c3ad7e0e78af33761f56e38f575b32e4,0.999999902635036,3.4453724059781377,2.0261570199409104e-14,3.5,"[2.0261570199409107e-14, -2.0261570199409107e-14]",evaluation-only injection-space diagnostic; not a candidate or real geometry bound,7.120902295026151e-13,0.999999902635036
cy_junction__small_rotation,cy_junction,courtyard,small_rotation,graph_local,1600,2,2.0,/srv/slam-research/grf/map-denoise/runs/multiscan-pilot-v1/patches/courtyard/cy_junction.json,3.5,0.3107626560922149,6.007415273052149e-14,3.578701319986942,3.516345766478921,0.6651432839937979,0.8914757980588432,0.8674558756566928,0.2055465940202656,3.517350775123059,3.4586578007192332,0.6398770919346803,1.1060530465745058,1.076165333405934,0.25538503678179947,3.5000000000000004,3.445372482373228,0.6159614092663126,0.006627274969365906,2.791311939771239,0.285625,False,not_measured,APPLY,,0.285625,,"reported applicability, not independently validated accuracy","[0.0, 0.0]","[1, 2]",,,True,1.1056731660873733,True,0.04584170499583706,False,same input row and source ID; estimators preserve row order,/srv/slam-research/grf/map-denoise/runs/multiscan-pilot-v1/real-components-v4-h3dnauhf/outputs/cy_junction__small_rotation__graph_local.npz,d160a77e0ccdc5e9a99fcb74bb34c3a9921a9096b47f7668017bdadb761c1ca5,0.9729780472454425,3.3532425145433216,2.248201624865942e-14,3.5,"[-2.248201624865942e-14, 2.2482016248659417e-14]",evaluation-only injection-space diagnostic; not a candidate or real geometry bound,2.96381677902649e-13,0.9999983980618066
cy_junction__small_rotation,cy_junction,courtyard,small_rotation,graph_shared,1600,2,2.0,/srv/slam-research/grf/map-denoise/runs/multiscan-pilot-v1/patches/courtyard/cy_junction.json,3.5,0.3107626560922149,6.007415273052149e-14,3.7748707626544924,3.699369465546887,0.7512089137670357,0.9631437222017651,0.9371927793721598,0.22207098844594086,3.7262848377830466,3.6543060026723033,0.7288664700238331,1.7940871449487652,1.7456074068804004,0.4142504854730969,3.5000000000000004,3.445372482373228,0.6159614092663126,0.06549892726331627,4.54509285370976,0.2975,False,not_measured,APPLY,,0.2975,,"reported applicability, not independently validated accuracy","[2.9134270094717554, -2.913427009471756]","[1, 2]",,,True,1.6213360693323593,True,0.2507972089952091,False,same input row and source ID; estimators preserve row order,/srv/slam-research/grf/map-denoise/runs/multiscan-pilot-v1/real-components-v4-h3dnauhf/outputs/cy_junction__small_rotation__graph_shared.npz,b5ddc89c20832ba0cef7fab9f5c5346d30aec203f34851d04952914c5b4392fa,0.9729780472454425,3.3532425145433216,2.248201624865942e-14,3.5,"[-2.248201624865942e-14, 2.2482016248659417e-14]",evaluation-only injection-space diagnostic; not a candidate or real geometry bound,3.019750249125896e-13,0.9999983980618066
cy_junction__small_rotation,cy_junction,courtyard,small_rotation,measure_balanced,1600,2,2.0,/srv/slam-research/grf/map-denoise/runs/multiscan-pilot-v1/patches/courtyard/cy_junction.json,3.5,0.3107626560922149,6.007415273052149e-14,3.716355846653927,3.6616510928666752,0.635304693093877,1.0646931889796858,1.0594289252620395,0.10574468770511819,3.505003820597847,3.4500904726407344,0.6180028422257747,1.2495202195077795,1.2397972348723036,0.15557504736222805,3.5000000000000004,3.445372482373228,0.6159614092663126,3.4553183516494324e-14,1.2495202195077795,1.0,False,not_measured,APPLY,,1.0,1.0,"reported applicability, not independently validated accuracy","[1.249520219507572, -1.2495202195075719]","[1, 2]",0.9999999999999998,0.9589248413189599,True,0.0,True,0.035742475010920316,False,same input row and source ID; estimators preserve row order,/srv/slam-research/grf/map-denoise/runs/multiscan-pilot-v1/real-components-v4-h3dnauhf/outputs/cy_junction__small_rotation__measure_balanced.npz,0334ea3fe19bc56f72479ab260336a32f9f7a6cf75b5b742f0c95afa59451f79,0.9922186256102313,3.41882014200254,2.1649348980190546e-14,3.5,"[-2.1649348980190553e-14, 2.164934898019055e-14]",evaluation-only injection-space diagnostic; not a candidate or real geometry bound,8.157830328572337e-13,0.9996652206572741
cy_junction__small_rotation,cy_junction,courtyard,small_rotation,measure_unbalanced,1600,2,2.0,/srv/slam-research/grf/map-denoise/runs/multiscan-pilot-v1/patches/courtyard/cy_junction.json,3.5,0.3107626560922149,6.007415273052149e-14,3.5375406975880015,3.4829140297350363,0.6192770370086828,0.8198394211058214,0.8157858111425048,0.08142595862311855,3.5133774319853774,3.4589156315622906,0.6162171965453471,0.5139982364671861,0.5099986237535032,0.06399680352103546,3.5000000000000004,3.445372482373228,0.6159614092663126,3.47156266949715e-14,0.5139982364671861,1.0,False,not_measured,APPLY,,1.0,1.0,"reported applicability, not independently validated accuracy","[0.51399823646733, -0.51399823646733]","[1, 2]",0.30916900388041657,0.30916656071953,True,0.0,True,0.035458708996884525,False,same input row and source ID; estimators preserve row order,/srv/slam-research/grf/map-denoise/runs/multiscan-pilot-v1/real-components-v4-h3dnauhf/outputs/cy_junction__small_rotation__measure_unbalanced.npz,fb79b0c6d183da1f339001036a6b2b8a50a6b3f93918b4d3d8c4142a9de4f364,0.9922186256102313,3.41882014200254,2.1649348980190546e-14,3.5,"[-2.1649348980190553e-14, 2.164934898019055e-14]",evaluation-only injection-space diagnostic; not a candidate or real geometry bound,4.1566985076606007e-13,0.9996652206572741
cy_thin__zero,cy_thin,courtyard,zero,identity,414,2,2.0,/srv/slam-research/grf/map-denoise/runs/multiscan-pilot-v1/patches/courtyard/cy_thin.json,0.0,0.0,0.0,0.0,0.0,0.0,0.0,0.0,0.0,0.0,0.0,0.0,0.0,0.0,0.0,0.0,0.0,0.0,0.0,0.0,0.0,True,not_measured,IDENTITY,,,,"reported applicability, not independently validated accuracy",,"[1, 2]",,,False,0.0,True,6.342990673147142e-06,True,same input row and source ID; estimators preserve row order,/srv/slam-research/grf/map-denoise/runs/multiscan-pilot-v1/real-components-v4-h3dnauhf/outputs/cy_thin__zero__identity.npz,e79d0c1b7ea2cf74f5eb16815ad04a64ceba1428c38802f549b0564a3646d5de,,,,,,,,
cy_thin__zero,cy_thin,courtyard,zero,fast,414,2,2.0,/srv/slam-research/grf/map-denoise/runs/multiscan-pilot-v1/patches/courtyard/cy_thin.json,0.0,0.0,0.0,0.9308853008350019,0.9308853008350019,1.267027576874387e-13,0.9308853008350019,0.9308853008350019,1.267027576874387e-13,0.0,0.0,0.0,0.9308853008350019,0.9308853008350019,1.267027576874387e-13,0.0,0.0,0.0,5.446620726493223e-15,1.6505324769284828,1.0,False,not_measured,APPLY,,,,"reported applicability, not independently validated accuracy","[1.320355666832491, -0.09945536191725257]","[1, 2]",,,True,0.8574561170149466,True,0.002780969996820204,False,same input row and source ID; estimators preserve row order,/srv/slam-research/grf/map-denoise/runs/multiscan-pilot-v1/real-components-v4-h3dnauhf/outputs/cy_thin__zero__fast.npz,305729cdf6af3e2b4f1bedd8c4ad12bcb0d00b99290bb0a4c6c8189d4aa2aadc,1.0,0.0,0.0,0.0,"[0.0, 0.0]",evaluation-only injection-space diagnostic; not a candidate or real geometry bound,1.267027576874387e-13,1.0
cy_thin__zero,cy_thin,courtyard,zero,graph_local,414,2,2.0,/srv/slam-research/grf/map-denoise/runs/multiscan-pilot-v1/patches/courtyard/cy_thin.json,0.0,0.0,0.0,0.7167715258190298,0.716770827410436,0.0010005989701608708,0.7167715258190298,0.716770827410436,0.0010005989701608708,0.0,0.0,0.0,0.7167715258190298,0.716770827410436,0.0010005989701608708,0.0,0.0,0.0,1.8034579410343943e-13,1.2663798914681477,0.7560386473429952,False,not_measured,APPLY,,0.7560386473429952,,"reported applicability, not independently validated accuracy","[0.0, 0.0]","[1, 2]",,,True,0.6655297055496854,True,0.008653961005620658,False,same input row and source ID; estimators preserve row order,/srv/slam-research/grf/map-denoise/runs/multiscan-pilot-v1/real-components-v4-h3dnauhf/outputs/cy_thin__zero__graph_local.npz,e5c76c0f9099fb393b92c89a9b78d02ed0f15b619227f8cd377ceed41238720a,0.9999990256189474,0.0,0.0,0.0,"[0.0, 0.0]",evaluation-only injection-space diagnostic; not a candidate or real geometry bound,9.490340314443236e-14,1.0
cy_thin__zero,cy_thin,courtyard,zero,graph_shared,414,2,2.0,/srv/slam-research/grf/map-denoise/runs/multiscan-pilot-v1/patches/courtyard/cy_thin.json,0.0,0.0,0.0,0.7228533680564851,0.7228526637218594,0.0010090891024555897,0.7228533680564851,0.7228526637218594,0.0010090891024555897,0.0,0.0,0.0,0.7228533680564851,0.7228526637218594,0.0010090891024555897,0.0,0.0,0.0,0.020129341640819472,1.3347471006836276,0.7560386473429952,False,not_measured,APPLY,,0.7560386473429952,,"reported applicability, not independently validated accuracy","[1.0953963004793221, -0.08251037068545544]","[1, 2]",,,True,0.6595599183421773,True,0.025787952006794512,False,same input row and source ID; estimators preserve row order,/srv/slam-research/grf/map-denoise/runs/multiscan-pilot-v1/real-components-v4-h3dnauhf/outputs/cy_thin__zero__graph_shared.npz,76c8e5833f3804bb1bc7492e5eb3a085a156fa887d81b33e43d57f99e4d0b461,0.9999990256189474,0.0,0.0,0.0,"[0.0, 0.0]",evaluation-only injection-space diagnostic; not a candidate or real geometry bound,9.45996941014508e-14,1.0
cy_thin__zero,cy_thin,courtyard,zero,measure_balanced,414,2,2.0,/srv/slam-research/grf/map-denoise/runs/multiscan-pilot-v1/patches/courtyard/cy_thin.json,0.0,0.0,0.0,0.3063553071211797,0.30635522243053764,0.00022779562808614723,0.3063553071211797,0.30635522243053764,0.00022779562808614723,0.0,0.0,0.0,0.3063553071211797,0.30635522243053764,0.00022779562808614723,0.0,0.0,0.0,9.007022185551885e-14,1.1162379252543309,1.0,False,not_measured,APPLY,,1.0,1.0,"reported applicability, not independently validated accuracy","[1.116237925254308, -0.08408025930486995]","[1, 2]",1.0,0.9999999998962266,True,1.0497438842601417e-13,True,0.0122107000061078,False,same input row and source ID; estimators preserve row order,/srv/slam-research/grf/map-denoise/runs/multiscan-pilot-v1/real-components-v4-h3dnauhf/outputs/cy_thin__zero__measure_balanced.npz,8ca00cea6913eeb2b4f15c18820095d339f4da96c6b29dc21eae1fada1cba600,0.9999997235541864,0.0,0.0,0.0,"[0.0, 0.0]",evaluation-only injection-space diagnostic; not a candidate or real geometry bound,1.366973818263472e-13,1.0
cy_thin__zero,cy_thin,courtyard,zero,measure_unbalanced,414,2,2.0,/srv/slam-research/grf/map-denoise/runs/multiscan-pilot-v1/patches/courtyard/cy_thin.json,0.0,0.0,0.0,0.3008792618412671,0.3008791786644548,0.0002237238227062741,0.3008792618412671,0.3008791786644548,0.0002237238227062741,0.0,0.0,0.0,0.3008792618412671,0.3008791786644548,0.0002237238227062741,0.0,0.0,0.0,4.053997748235279e-14,1.0962853757806599,1.0,False,not_measured,APPLY,,1.0,1.0,"reported applicability, not independently validated accuracy","[1.0962853757806745, -0.082577339993869]","[1, 2]",0.583049247895624,0.5830492478956237,True,1.0898304812250112e-14,True,0.012139320009737276,False,same input row and source ID; estimators preserve row order,/srv/slam-research/grf/map-denoise/runs/multiscan-pilot-v1/real-components-v4-h3dnauhf/outputs/cy_thin__zero__measure_unbalanced.npz,ca7ac47a82c5d36c0e1d7f0e8e47c012c82c573f2a00cf58ea1e08947395586c,0.9999997235541864,0.0,0.0,0.0,"[0.0, 0.0]",evaluation-only injection-space diagnostic; not a candidate or real geometry bound,5.75962912345378e-14,1.0
cy_thin__normal_translation,cy_thin,courtyard,normal_translation,identity,414,2,2.0,/srv/slam-research/grf/map-denoise/runs/multiscan-pilot-v1/patches/courtyard/cy_thin.json,3.5,0.0,12.752619744383042,3.5000000000000004,3.5000000000000004,1.1759555200826322e-13,0.0,0.0,0.0,3.5000000000000004,3.5000000000000004,1.1759555200826322e-13,0.0,0.0,0.0,3.5000000000000004,3.5000000000000004,1.1759555200826322e-13,4.0698272713026073e-14,0.0,0.0,True,not_measured,IDENTITY,,,,"reported applicability, not independently validated accuracy",,"[1, 2]",,,False,0.0,True,5.900001269765198e-06,True,same input row and source ID; estimators preserve row order,/srv/slam-research/grf/map-denoise/runs/multiscan-pilot-v1/real-components-v4-h3dnauhf/outputs/cy_thin__normal_translation__identity.npz,a14a6372344873ffb7b24dcc83800e790406ad11ae8457011edb01c3a9827570,,,,,,,,
cy_thin__normal_translation,cy_thin,courtyard,normal_translation,fast,414,2,2.0,/srv/slam-research/grf/map-denoise/runs/multiscan-pilot-v1/patches/courtyard/cy_thin.json,3.5,0.0,12.752619744383042,1.2673027418864518,1.2672770507162037,0.008069468443408327,0.9308853008350019,0.9308853008350019,1.267027576874387e-13,0.8599438813972788,0.8599060197670778,0.008069468443403668,3.1369637187348043,3.13695333984067,0.008069468443409049,3.5000000000000004,3.5000000000000004,1.1759555200826322e-13,3.543519591329794e-14,10.190710088413667,1.0,False,not_measured,APPLY,,,,"reported applicability, not independently validated accuracy","[-10.662518933362009, 0.8031507767986967]","[1, 2]",,,True,1.1300137205795266,True,0.002848648000508547,False,same input row and source ID; estimators preserve row order,/srv/slam-research/grf/map-denoise/runs/multiscan-pilot-v1/real-components-v4-h3dnauhf/outputs/cy_thin__normal_translation__fast.npz,b424cb8bbefa4f499386e0ab55c72e21b4a40a8324e1a7b23c1bd42fa8ad3ae6,0.9999966914204099,3.4999884199714355,3.499988419971435,0.00900333637372834,"[-12.752577551325615, 0.960583763606345]",evaluation-only injection-space diagnostic; not a candidate or real geometry bound,1.3291709248394009e-13,0.9999966914204099
cy_thin__normal_translation,cy_thin,courtyard,normal_translation,graph_local,414,2,2.0,/srv/slam-research/grf/map-denoise/runs/multiscan-pilot-v1/patches/courtyard/cy_thin.json,3.5,0.0,12.752619744383042,3.541537680745801,3.5415375431637295,0.0009871697719819065,0.7167715258190298,0.716770827410436,0.0010005989701608708,3.2195160138351215,3.2195159575877486,0.0006018127844399033,0.7071516209858673,0.7071509319507264,0.0009871697719854875,3.5000000000000004,3.5000000000000004,1.1759555200826322e-13,0.10051550494554999,1.3737956924016639,0.7391304347826086,False,not_measured,APPLY,,0.7391304347826086,,"reported applicability, not independently validated accuracy","[0.0, 0.0]","[1, 2]",,,True,0.6993430620900509,True,0.011126544995931908,False,same input row and source ID; estimators preserve row order,/srv/slam-research/grf/map-denoise/runs/multiscan-pilot-v1/real-components-v4-h3dnauhf/outputs/cy_thin__normal_translation__graph_local.npz,03c4b90069ae96d211a44858f20ad49546a3815c0507c4fa20df505f56d9ddc4,0.9999990256189474,3.499996589666316,3.499996589666318,0.0048859312478712665,"[-12.752607318471973, 0.9605860058069797]",evaluation-only injection-space diagnostic; not a candidate or real geometry bound,9.290979608422731e-14,1.0
cy_thin__normal_translation,cy_thin,courtyard,normal_translation,graph_shared,414,2,2.0,/srv/slam-research/grf/map-denoise/runs/multiscan-pilot-v1/patches/courtyard/cy_thin.json,3.5,0.0,12.752619744383042,0.8646690896671941,0.8646572780923096,0.004519520759164902,0.7228533680564851,0.7228526637218594,0.0010090891024555897,0.47448206215850086,0.47445736769412317,0.004840821309150969,3.237524609855571,3.237521455272933,0.004519520759140023,3.5000000000000004,3.5000000000000004,1.1759555200826322e-13,0.21421531102853467,11.398838186779377,0.7560386473429952,False,not_measured,APPLY,,0.7560386473429952,,"reported applicability, not independently validated accuracy","[-11.657145245772519, 0.8780706808503975]","[1, 2]",,,True,0.7566686052464925,True,0.027209583000512794,False,same input row and source ID; estimators preserve row order,/srv/slam-research/grf/map-denoise/runs/multiscan-pilot-v1/real-components-v4-h3dnauhf/outputs/cy_thin__normal_translation__graph_shared.npz,e0903ff79f3a80f579c4fc256a5950f7cad207c734b07a69a2adb1c2cb93d86a,0.9999990256189474,3.499996589666316,3.499996589666318,0.0048859312478712665,"[-12.752607318471973, 0.9605860058069797]",evaluation-only injection-space diagnostic; not a candidate or real geometry bound,9.924861141594925e-14,1.0
cy_thin__normal_translation,cy_thin,courtyard,normal_translation,measure_balanced,414,2,2.0,/srv/slam-research/grf/map-denoise/runs/multiscan-pilot-v1/patches/courtyard/cy_thin.json,3.5,0.0,12.752619744383042,0.8652501916905431,0.8652479737569223,0.001959114611719415,0.3063553071211797,0.30635522243053764,0.00022779562808614723,0.5588970299273139,0.5588927513263845,0.002186910239805562,2.6347527546094467,2.634752026243079,0.0019591146117413517,3.5000000000000004,3.5000000000000004,1.1759555200826322e-13,9.282494242701976e-14,9.600000000000007,1.0,False,not_measured,APPLY,,1.0,1.0,"reported applicability, not independently validated accuracy","[-9.600000000000001, 0.7231168831168833]","[1, 2]",1.0,0.9999999994972338,True,1.0562915264335847e-13,True,0.012261174997547641,False,same input row and source ID; estimators preserve row order,/srv/slam-research/grf/map-denoise/runs/multiscan-pilot-v1/real-components-v4-h3dnauhf/outputs/cy_thin__normal_translation__measure_balanced.npz,5ae32e2234b6ecbdf5077db525af078e36af9503534849b844ee2582d1d7713c,0.9999997235541865,3.499999032439654,3.499999032439655,0.0026024837165781987,"[-12.752616218974685, 0.9605866762344568]",evaluation-only injection-space diagnostic; not a candidate or real geometry bound,1.2088351459804103e-13,1.0
cy_thin__normal_translation,cy_thin,courtyard,normal_translation,measure_unbalanced,414,2,2.0,/srv/slam-research/grf/map-denoise/runs/multiscan-pilot-v1/patches/courtyard/cy_thin.json,3.5,0.0,12.752619744383042,0.8652501916905431,0.8652479737569223,0.001959114611719415,0.3008792618412671,0.3008791786644548,0.0002237238227062741,0.564373016415344,0.5643687950924672,0.0021828384344256884,2.6347527546094467,2.634752026243079,0.0019591146117413517,3.5000000000000004,3.5000000000000004,1.1759555200826322e-13,9.282494242701976e-14,9.600000000000007,1.0,False,not_measured,APPLY,,1.0,1.0,"reported applicability, not independently validated accuracy","[-9.600000000000001, 0.7231168831168833]","[1, 2]",0.39492595511596956,0.3949259551159676,True,1.0562915264335847e-13,True,0.01214059600897599,False,same input row and source ID; estimators preserve row order,/srv/slam-research/grf/map-denoise/runs/multiscan-pilot-v1/real-components-v4-h3dnauhf/outputs/cy_thin__normal_translation__measure_unbalanced.npz,5ae32e2234b6ecbdf5077db525af078e36af9503534849b844ee2582d1d7713c,0.9999997235541865,3.499999032439654,3.499999032439655,0.0026024837165781987,"[-12.752616218974685, 0.9605866762344568]",evaluation-only injection-space diagnostic; not a candidate or real geometry bound,1.2088351459804103e-13,1.0
cy_thin__tangent_translation,cy_thin,courtyard,tangent_translation,identity,414,2,2.0,/srv/slam-research/grf/map-denoise/runs/multiscan-pilot-v1/patches/courtyard/cy_thin.json,3.5,0.0,12.752619744383034,3.5000000000000044,9.72048050504803e-15,3.5000000000000044,0.0,0.0,0.0,3.5000000000000044,9.72048050504803e-15,3.5000000000000044,0.0,0.0,0.0,3.5000000000000044,9.72048050504803e-15,3.5000000000000044,3.2001379168487456e-14,0.0,0.0,True,not_measured,IDENTITY,,,,"reported applicability, not independently validated accuracy",,"[1, 2]",,,False,0.0,True,5.7349971029907465e-06,True,same input row and source ID; estimators preserve row order,/srv/slam-research/grf/map-denoise/runs/multiscan-pilot-v1/real-components-v4-h3dnauhf/outputs/cy_thin__tangent_translation__identity.npz,e10fb515bdfa51480bcd15a64cf84c604054f02c5b3e3f6cf18a3a08c14ce267,,,,,,,,
cy_thin__tangent_translation,cy_thin,courtyard,tangent_translation,fast,414,2,2.0,/srv/slam-research/grf/map-denoise/runs/multiscan-pilot-v1/patches/courtyard/cy_thin.json,3.5,0.0,12.752619744383034,3.6216792063625585,0.9308783743215792,3.500003675143691,0.9308853008350019,0.9308853008350019,1.267027576874387e-13,3.500005517360005,0.003591034821441142,3.5000036751436974,0.9308783743696921,0.930878374321577,9.464587632649125e-06,3.5000000000000044,9.72048050504803e-15,3.5000000000000044,3.3112456982617024e-14,1.6475715829171826,1.0,False,not_measured,APPLY,,,,"reported applicability, not independently validated accuracy","[1.3170304036246885, -0.09920488754575575]","[1, 2]",,,True,0.8578337221065827,True,0.0028051639965269715,False,same input row and source ID; estimators preserve row order,/srv/slam-research/grf/map-denoise/runs/multiscan-pilot-v1/real-components-v4-h3dnauhf/outputs/cy_thin__tangent_translation__fast.npz,b2706a209983b884edeefb2bb856c4b89f9e9c30e04fcc7837277c571054b0c0,0.9999999999483123,3.558579299401039e-05,3.558579299401039e-05,3.4999999998190976,"[-0.00012966059610141248, 9.766642303742758e-06]",evaluation-only injection-space diagnostic; not a candidate or real geometry bound,1.261935287120933e-13,0.9999999999483123
cy_thin__tangent_translation,cy_thin,courtyard,tangent_translation,graph_local,414,2,2.0,/srv/slam-research/grf/map-denoise/runs/multiscan-pilot-v1/patches/courtyard/cy_thin.json,3.5,0.0,12.752619744383034,3.5717680954612723,0.7133756910987712,3.499803201767836,0.7167715258190298,0.716770827410436,0.0010005989701608708,3.5015902477554537,0.10555764552623095,3.499998835235101,0.7133763861992032,0.7133756910987691,0.000995859421950603,3.5000000000000044,9.72048050504803e-15,3.5000000000000044,1.8517081875991574e-13,1.3222515080980164,0.7560386473429952,False,not_measured,APPLY,,0.7560386473429952,,"reported applicability, not independently validated accuracy","[0.0, 0.0]","[1, 2]",,,True,0.661231130938586,True,0.008300918998429552,False,same input row and source ID; estimators preserve row order,/srv/slam-research/grf/map-denoise/runs/multiscan-pilot-v1/real-components-v4-h3dnauhf/outputs/cy_thin__tangent_translation__graph_local.npz,63602da0aa7e4bcd74b0591c9c7581e3ade4b59b48612b70ad67291189207012,0.9999990256189474,0.0025744995447814787,0.0025744995447814782,3.49999905313589,"[0.00938046106476725, -0.0007065801840993513]",evaluation-only injection-space diagnostic; not a candidate or real geometry bound,9.161179666741542e-14,1.0
cy_thin__tangent_translation,cy_thin,courtyard,tangent_translation,graph_shared,414,2,2.0,/srv/slam-research/grf/map-denoise/runs/multiscan-pilot-v1/patches/courtyard/cy_thin.json,3.5,0.0,12.752619744383034,3.573127207409312,0.7202646048143131,3.4997795558263882,0.7228533680564851,0.7228526637218594,0.0010090891024555897,3.5015910475201157,0.10566158282979357,3.4999964991392383,0.7202653066271787,0.720264604814311,0.0010054762195392114,3.5000000000000044,9.72048050504803e-15,3.5000000000000044,0.020454296963037275,1.3855324753942861,0.7560386473429952,False,not_measured,APPLY,,0.7560386473429952,,"reported applicability, not independently validated accuracy","[1.1130796834798322, -0.08384236576861073]","[1, 2]",,,True,0.6545509243704642,True,0.025751602006494068,False,same input row and source ID; estimators preserve row order,/srv/slam-research/grf/map-denoise/runs/multiscan-pilot-v1/real-components-v4-h3dnauhf/outputs/cy_thin__tangent_translation__graph_shared.npz,395e26338fb77d4a5d6c6c183d664f1276fa75bd999bc2cf7f351ae090405677,0.9999990256189474,0.0025744995447814787,0.0025744995447814782,3.49999905313589,"[0.00938046106476725, -0.0007065801840993513]",evaluation-only injection-space diagnostic; not a candidate or real geometry bound,9.196772451635453e-14,1.0
cy_thin__tangent_translation,cy_thin,courtyard,tangent_translation,measure_balanced,414,2,2.0,/srv/slam-research/grf/map-denoise/runs/multiscan-pilot-v1/patches/courtyard/cy_thin.json,3.5,0.0,12.752619744383034,3.5132372692963747,0.30525796325279164,3.499950526256593,0.3063553071211797,0.30635522243053764,0.00022779562808614723,3.500000349856989,0.0010972591777459353,3.5000001778601875,0.3052580476400953,0.305257963252786,0.00022697974242871295,3.5000000000000044,9.72048050504803e-15,3.5000000000000044,9.508747203973014e-14,1.1122399444191153,1.0,False,not_measured,APPLY,,1.0,1.0,"reported applicability, not independently validated accuracy","[1.11223994441911, -0.0837791126965044]","[1, 2]",1.0,0.9999999997962291,True,1.0952225860116596e-13,True,0.012207192005007528,False,same input row and source ID; estimators preserve row order,/srv/slam-research/grf/map-denoise/runs/multiscan-pilot-v1/real-components-v4-h3dnauhf/outputs/cy_thin__tangent_translation__measure_balanced.npz,181452223ccc4468b2ff9b95c7b26afbf0bd5e58fc2b0f5b5c203b2395261865,0.9999997235541864,0.000567331932189889,0.000567331932189889,3.499999954019216,"[0.002067133828589641, -0.00015570618449116776]",evaluation-only injection-space diagnostic; not a candidate or real geometry bound,1.34513742015636e-13,1.0
cy_thin__tangent_translation,cy_thin,courtyard,tangent_translation,measure_unbalanced,414,2,2.0,/srv/slam-research/grf/map-denoise/runs/multiscan-pilot-v1/patches/courtyard/cy_thin.json,3.5,0.0,12.752619744383034,3.5130251201932987,0.3028019533365969,3.499950924250894,0.3008792618412671,0.3008791786644548,0.0002237238227062741,3.500000216480142,0.001922774672142059,3.4999996883283573,0.3028020370449466,0.3028019533365912,0.0002251535344644387,3.5000000000000044,9.72048050504803e-15,3.5000000000000044,7.470791774565766e-14,1.1032912103596475,1.0,False,not_measured,APPLY,,1.0,1.0,"reported applicability, not independently validated accuracy","[1.1032912103596473, -0.08310505220890849]","[1, 2]",0.5825784409201724,0.5825784409201721,True,1.0949081861477882e-13,True,0.01261271900148131,False,same input row and source ID; estimators preserve row order,/srv/slam-research/grf/map-denoise/runs/multiscan-pilot-v1/real-components-v4-h3dnauhf/outputs/cy_thin__tangent_translation__measure_unbalanced.npz,bd683d4ab6867605080cf606ec03603dc57058822271737f75c5134189efb065,0.9999997235541864,0.000567331932189889,0.000567331932189889,3.499999954019216,"[0.002067133828589641, -0.00015570618449116776]",evaluation-only injection-space diagnostic; not a candidate or real geometry bound,1.5651341763133325e-13,1.0
cy_thin__small_rotation,cy_thin,courtyard,small_rotation,identity,414,2,2.0,/srv/slam-research/grf/map-denoise/runs/multiscan-pilot-v1/patches/courtyard/cy_thin.json,3.5,2.6993430102910834,2.81325508036659e-14,3.4999999999999996,3.4990639577263125,0.08094084099310712,0.0,0.0,0.0,3.4999999999999996,3.4990639577263125,0.08094084099310712,0.0,0.0,0.0,3.4999999999999996,3.4990639577263125,0.08094084099310712,5.280459414266373e-15,0.0,0.0,True,not_measured,IDENTITY,,,,"reported applicability, not independently validated accuracy",,"[1, 2]",,,False,0.0,True,5.964990123175085e-06,True,same input row and source ID; estimators preserve row order,/srv/slam-research/grf/map-denoise/runs/multiscan-pilot-v1/real-components-v4-h3dnauhf/outputs/cy_thin__small_rotation__identity.npz,8ba9b4f99cefd26fb891203be779e27f9a23c5d5a8445799cb46608c3e572f93,,,,,,,,
cy_thin__small_rotation,cy_thin,courtyard,small_rotation,fast,414,2,2.0,/srv/slam-research/grf/map-denoise/runs/multiscan-pilot-v1/patches/courtyard/cy_thin.json,3.5,2.6993430102910834,2.81325508036659e-14,3.4258402306088906,3.4248868406551947,0.08081716627830768,0.9308853008350019,0.9308853008350019,1.267027576874387e-13,3.448280140408177,3.4473329564125637,0.08081716627830139,1.6869594430567383,1.686956934257721,0.00290937761250371,3.4999999999999996,3.4990639577263125,0.08094084099310712,1.1833800868539817e-14,2.8909895920200173,1.0,False,not_measured,APPLY,,,,"reported applicability, not independently validated accuracy","[-2.6676336046716567, 0.20093863515708585]","[1, 2]",,,True,1.519803114517274,True,0.0025943079963326454,False,same input row and source ID; estimators preserve row order,/srv/slam-research/grf/map-denoise/runs/multiscan-pilot-v1/real-components-v4-h3dnauhf/outputs/cy_thin__small_rotation__fast.npz,46b2858f179c736b2422affe0abdc4f528dcf7ab257796df80537fadda827ecb,0.9999985128279001,3.499123447313651,4.154917123515571e-15,3.5,"[1.513887947017707e-14, -1.140331180870481e-15]",evaluation-only injection-space diagnostic; not a candidate or real geometry bound,1.6424435783154743e-13,0.9999985128279001
cy_thin__small_rotation,cy_thin,courtyard,small_rotation,graph_local,414,2,2.0,/srv/slam-research/grf/map-denoise/runs/multiscan-pilot-v1/patches/courtyard/cy_thin.json,3.5,2.6993430102910834,2.81325508036659e-14,3.450794574774864,3.4498558690490877,0.08048403620091527,0.7167715258190298,0.716770827410436,0.0010005989701608708,3.388402363596306,3.387448376703095,0.08039945768848007,0.7945524380672085,0.7945262331549351,0.006453035500815563,3.4999999999999996,3.4990639577263125,0.08094084099310712,0.04166529215720554,1.584046838138549,0.7415458937198067,False,not_measured,APPLY,,0.7415458937198067,,"reported applicability, not independently validated accuracy","[0.0, 0.0]","[1, 2]",,,True,0.774447581666231,True,0.010701482009608299,False,same input row and source ID; estimators preserve row order,/srv/slam-research/grf/map-denoise/runs/multiscan-pilot-v1/real-components-v4-h3dnauhf/outputs/cy_thin__small_rotation__graph_local.npz,e8c56b0ee4f6cc085f436ef328a02ec45ca6e0e8287c6f5da23afeeabaf028f9,0.9999670192790081,3.4995753730769206,4.177818022947025e-15,3.5,"[1.5222321316535278e-14, -1.1466164108559046e-15]",evaluation-only injection-space diagnostic; not a candidate or real geometry bound,9.548160170608441e-14,0.9999767970651978
cy_thin__small_rotation,cy_thin,courtyard,small_rotation,graph_shared,414,2,2.0,/srv/slam-research/grf/map-denoise/runs/multiscan-pilot-v1/patches/courtyard/cy_thin.json,3.5,2.6993430102910834,2.81325508036659e-14,3.3949074824244723,3.3939663197249113,0.0799339401919481,0.7228533680564851,0.7228526637218594,0.0010090891024555897,3.3564927825811144,3.355543031458625,0.07984211638334282,0.8410033449482541,0.8409756080515811,0.006830291093762384,3.4999999999999996,3.4990639577263125,0.08094084099310712,0.06943083987425847,1.6448177058763944,0.7439613526570048,False,not_measured,APPLY,,0.7439613526570048,,"reported applicability, not independently validated accuracy","[-0.5098407069556186, 0.03840358571873491]","[1, 2]",,,True,0.7846782213825783,True,0.03465059699374251,False,same input row and source ID; estimators preserve row order,/srv/slam-research/grf/map-denoise/runs/multiscan-pilot-v1/real-components-v4-h3dnauhf/outputs/cy_thin__small_rotation__graph_shared.npz,f3d3b0c3d8097ebea6eaed18affc088e49f9a37951368e46116e25d8b065917a,0.9999670192790081,3.4995753730769206,4.177818022947025e-15,3.5,"[1.5222321316535278e-14, -1.1466164108559046e-15]",evaluation-only injection-space diagnostic; not a candidate or real geometry bound,9.385658096975287e-14,0.9999767970651978
cy_thin__small_rotation,cy_thin,courtyard,small_rotation,measure_balanced,414,2,2.0,/srv/slam-research/grf/map-denoise/runs/multiscan-pilot-v1/patches/courtyard/cy_thin.json,3.5,2.6993430102910834,2.81325508036659e-14,3.503868843110179,3.502932048835348,0.0810180903283918,0.3063553071211797,0.30635522243053764,0.00022779562808614723,3.5315415308944793,3.5306121590336286,0.08101460927771872,0.16461126850330454,0.1645732617969207,0.0035371202678484434,3.4999999999999996,3.4990639577263125,0.08094084099310712,8.167135726977331e-14,0.599778546532338,1.0,False,not_measured,APPLY,,1.0,1.0,"reported applicability, not independently validated accuracy","[-0.5997785465323151, 0.0451781242842523]","[1, 2]",0.9999999999999999,0.6200148279970876,True,3.450389210403586e-14,True,0.012192643000162207,False,same input row and source ID; estimators preserve row order,/srv/slam-research/grf/map-denoise/runs/multiscan-pilot-v1/real-components-v4-h3dnauhf/outputs/cy_thin__small_rotation__measure_balanced.npz,466796132914ffe5532909c6ad22a014108871bfbde54db04883d29ba995fb6a,0.999769112365581,3.4999157040987683,4.078580792077384e-15,3.5,"[1.486073998231639e-14, -1.1193804142524034e-15]",evaluation-only injection-space diagnostic; not a candidate or real geometry bound,1.0178653799359966e-13,0.9997627290972482
cy_thin__small_rotation,cy_thin,courtyard,small_rotation,measure_unbalanced,414,2,2.0,/srv/slam-research/grf/map-denoise/runs/multiscan-pilot-v1/patches/courtyard/cy_thin.json,3.5,2.6993430102910834,2.81325508036659e-14,3.558430512480566,3.557483080139739,0.0821087490598723,0.3008792618412671,0.3008791786644548,0.0002237238227062741,3.6248195668206202,3.6238898100387744,0.08209468133054869,0.642205350454741,0.6420570731805633,0.013799526495698163,3.4999999999999996,3.4990639577263125,0.08094084099310712,2.0905285540440872e-14,2.3399430377592854,1.0,False,not_measured,APPLY,,1.0,1.0,"reported applicability, not independently validated accuracy","[-2.3399430377593, 0.17625544959745382]","[1, 2]",0.32265919169125173,0.32265810581130416,True,1.882213080943521e-14,True,0.011985620993073098,False,same input row and source ID; estimators preserve row order,/srv/slam-research/grf/map-denoise/runs/multiscan-pilot-v1/real-components-v4-h3dnauhf/outputs/cy_thin__small_rotation__measure_unbalanced.npz,5d76534f0d14f4bbf23d089861161168a6a3f4676aa743e459854326f5fcad82,0.999769112365581,3.4999157040987683,4.078580792077384e-15,3.5,"[1.486073998231639e-14, -1.1193804142524034e-15]",evaluation-only injection-space diagnostic; not a candidate or real geometry bound,2.4959097583043533e-14,0.9997627290972482
cy_wall__zero,cy_wall,courtyard,zero,identity,1600,2,2.0,/srv/slam-research/grf/map-denoise/runs/multiscan-pilot-v1/patches/courtyard/cy_wall.json,0.0,0.0,0.0,0.0,0.0,0.0,0.0,0.0,0.0,0.0,0.0,0.0,0.0,0.0,0.0,0.0,0.0,0.0,0.0,0.0,0.0,True,not_measured,IDENTITY,,,,"reported applicability, not independently validated accuracy",,"[1, 2]",,,False,0.0,True,8.731003617867827e-06,True,same input row and source ID; estimators preserve row order,/srv/slam-research/grf/map-denoise/runs/multiscan-pilot-v1/real-components-v4-h3dnauhf/outputs/cy_wall__zero__identity.npz,9c45e8d7a031b9fec1280b6c4c12503dd54222fae95a7358fc6cf892a8cde020,,,,,,,,
cy_wall__zero,cy_wall,courtyard,zero,fast,1600,2,2.0,/srv/slam-research/grf/map-denoise/runs/multiscan-pilot-v1/patches/courtyard/cy_wall.json,0.0,0.0,0.0,36.56060760690023,36.560607606900234,1.0864673245082306e-12,36.56060760690023,36.560607606900234,1.0864673245082306e-12,0.0,0.0,0.0,36.56060760690023,36.560607606900234,1.0864673245082306e-12,0.0,0.0,0.0,2.0431596371081587e-14,53.26393982548326,1.0,False,not_measured,APPLY,,,,"reported applicability, not independently validated accuracy","[-6.69784502286673, 6.697845022866723]","[1, 2]",,,True,35.941854440685034,True,0.02093783400778193,False,same input row and source ID; estimators preserve row order,/srv/slam-research/grf/map-denoise/runs/multiscan-pilot-v1/real-components-v4-h3dnauhf/outputs/cy_wall__zero__fast.npz,072f111a59000d418f0c61362b77f6f705a9375d03b0bdeb31790f02c572b172,1.0,0.0,0.0,0.0,"[0.0, 0.0]",evaluation-only injection-space diagnostic; not a candidate or real geometry bound,1.0864673245082306e-12,1.0
cy_wall__zero,cy_wall,courtyard,zero,graph_local,1600,2,2.0,/srv/slam-research/grf/map-denoise/runs/multiscan-pilot-v1/patches/courtyard/cy_wall.json,0.0,0.0,0.0,1.5454104136155498,1.5412503152146426,0.11331730830790529,1.5454104136155498,1.5412503152146426,0.11331730830790529,0.0,0.0,0.0,1.5454104136155498,1.5412503152146426,0.11331730830790529,0.0,0.0,0.0,0.1487002577724353,3.810487275218274,0.284375,False,not_measured,APPLY,,0.284375,,"reported applicability, not independently validated accuracy","[0.0, 0.0]","[1, 2]",,,True,1.5366281148266454,True,0.032959646996459924,False,same input row and source ID; estimators preserve row order,/srv/slam-research/grf/map-denoise/runs/multiscan-pilot-v1/real-components-v4-h3dnauhf/outputs/cy_wall__zero__graph_local.npz,237fa0c9e38bfa8184a86bf0de6d9d93dbf5b0776a071362687387075408c5b1,0.9973080947531772,0.0,0.0,0.0,"[0.0, 0.0]",evaluation-only injection-space diagnostic; not a candidate or real geometry bound,1.821020765173597e-13,1.0
cy_wall__zero,cy_wall,courtyard,zero,graph_shared,1600,2,2.0,/srv/slam-research/grf/map-denoise/runs/multiscan-pilot-v1/patches/courtyard/cy_wall.json,0.0,0.0,0.0,1.5518919424517268,1.5477143963893392,0.11379256678613471,1.5518919424517268,1.5477143963893392,0.11379256678613471,0.0,0.0,0.0,1.5518919424517268,1.5477143963893392,0.11379256678613471,0.0,0.0,0.0,0.15410654859639286,3.7876029906046838,0.284375,False,not_measured,APPLY,,0.284375,,"reported applicability, not independently validated accuracy","[0.47236154531406455, -0.47236154531406455]","[1, 2]",,,True,1.5418713133506148,True,0.10728050699981395,False,same input row and source ID; estimators preserve row order,/srv/slam-research/grf/map-denoise/runs/multiscan-pilot-v1/real-components-v4-h3dnauhf/outputs/cy_wall__zero__graph_shared.npz,aa519c8c1b340c2de5fcdbbbb664b98afb9a0d78229dfb34a2918f5a446900dc,0.9973080947531772,0.0,0.0,0.0,"[0.0, 0.0]",evaluation-only injection-space diagnostic; not a candidate or real geometry bound,1.7492473089064847e-13,1.0
cy_wall__zero,cy_wall,courtyard,zero,measure_balanced,1600,2,2.0,/srv/slam-research/grf/map-denoise/runs/multiscan-pilot-v1/patches/courtyard/cy_wall.json,0.0,0.0,0.0,0.6665808575174528,0.66478496350955,0.04889776989095495,0.6665808575174528,0.66478496350955,0.04889776989095495,0.0,0.0,0.0,0.6665808575174528,0.66478496350955,0.04889776989095495,0.0,0.0,0.0,1.2876755494927377e-14,0.6665808575176098,1.0,False,not_measured,APPLY,,1.0,1.0,"reported applicability, not independently validated accuracy","[0.666580857517646, -0.6665808575176461]","[1, 2]",1.0000000000000466,0.7821717234915637,True,1.418392099887736e-13,True,0.03360138500283938,False,same input row and source ID; estimators preserve row order,/srv/slam-research/grf/map-denoise/runs/multiscan-pilot-v1/real-components-v4-h3dnauhf/outputs/cy_wall__zero__measure_balanced.npz,b885347433676a539b2bc5dbdb24144836f6341c5defea09c59ec25d10c57cc8,0.9973058122091624,0.0,0.0,0.0,"[0.0, 0.0]",evaluation-only injection-space diagnostic; not a candidate or real geometry bound,3.980125360148792e-13,1.0000000000000002
cy_wall__zero,cy_wall,courtyard,zero,measure_unbalanced,1600,2,2.0,/srv/slam-research/grf/map-denoise/runs/multiscan-pilot-v1/patches/courtyard/cy_wall.json,0.0,0.0,0.0,0.7838276718176889,0.7817158928741432,0.05749853854768412,0.7838276718176889,0.7817158928741432,0.05749853854768412,0.0,0.0,0.0,0.7838276718176889,0.7817158928741432,0.05749853854768412,0.0,0.0,0.0,1.822359005775706e-14,0.7838276718177547,1.0,False,not_measured,APPLY,,1.0,1.0,"reported applicability, not independently validated accuracy","[0.7838276718175456, -0.7838276718175456]","[1, 2]",0.47702267555782185,0.4770212929607192,True,3.482261525657721e-13,True,0.033804407008574344,False,same input row and source ID; estimators preserve row order,/srv/slam-research/grf/map-denoise/runs/multiscan-pilot-v1/real-components-v4-h3dnauhf/outputs/cy_wall__zero__measure_unbalanced.npz,651054330190ccdad8875ddb02c4bdbed6c1186cb51ba73a008a971201842917,0.9973058122091624,0.0,0.0,0.0,"[0.0, 0.0]",evaluation-only injection-space diagnostic; not a candidate or real geometry bound,3.8791275405343545e-13,1.0000000000000002
cy_wall__normal_translation,cy_wall,courtyard,normal_translation,identity,1600,2,2.0,/srv/slam-research/grf/map-denoise/runs/multiscan-pilot-v1/patches/courtyard/cy_wall.json,3.5,0.0,3.500000000000147,3.5000000000001408,3.5000000000001408,4.5146477010507003e-13,0.0,0.0,0.0,3.5000000000001408,3.5000000000001408,4.5146477010507003e-13,0.0,0.0,0.0,3.5000000000001408,3.5000000000001408,4.5146477010507003e-13,2.0129079711680086e-14,0.0,0.0,True,not_measured,IDENTITY,,,,"reported applicability, not independently validated accuracy",,"[1, 2]",,,False,0.0,True,7.86400050856173e-06,True,same input row and source ID; estimators preserve row order,/srv/slam-research/grf/map-denoise/runs/multiscan-pilot-v1/real-components-v4-h3dnauhf/outputs/cy_wall__normal_translation__identity.npz,9b3d23af8726b13ef72f4b9f87a9b599cc9fa6e8dd587b606205494d31d1a46b,,,,,,,,
cy_wall__normal_translation,cy_wall,courtyard,normal_translation,fast,1600,2,2.0,/srv/slam-research/grf/map-denoise/runs/multiscan-pilot-v1/patches/courtyard/cy_wall.json,3.5,0.0,3.500000000000147,36.757588342197245,36.757579734948855,0.025154787059966974,36.56060760690023,36.560607606900234,1.0864673245082306e-12,3.039830640459094,3.0397265599658647,0.025154787059964313,36.28011793316533,36.28010921263982,0.025154787059963706,3.5000000000001408,3.5000000000001408,4.5146477010507003e-13,2.6353275940021163e-14,53.058152336136494,1.0,False,not_measured,APPLY,,,,"reported applicability, not independently validated accuracy","[-3.231906989706225, 3.231906989706225]","[1, 2]",,,True,36.13587876964213,True,0.021725286991568282,False,same input row and source ID; estimators preserve row order,/srv/slam-research/grf/map-denoise/runs/multiscan-pilot-v1/real-components-v4-h3dnauhf/outputs/cy_wall__normal_translation__fast.npz,122320291896322d938a9dec1e3905109fad9a1cfbad808cc37c274a1b424a4f,0.999999759633485,3.499999158717339,3.499999158717339,0.002426721844093788,"[3.499999158717339, -3.499999158717339]",evaluation-only injection-space diagnostic; not a candidate or real geometry bound,9.261044445165842e-13,0.999999759633485
cy_wall__normal_translation,cy_wall,courtyard,normal_translation,graph_local,1600,2,2.0,/srv/slam-research/grf/map-denoise/runs/multiscan-pilot-v1/patches/courtyard/cy_wall.json,3.5,0.0,3.500000000000147,3.6780283031219168,3.671239760082814,0.22336253614464396,1.5454104136155498,1.5412503152146426,0.11331730830790529,3.8314198372843853,3.824439338360255,0.23117464553640582,3.046196512467604,3.037996440092839,0.2233625361447923,3.5000000000001408,3.5000000000001408,4.5146477010507003e-13,0.21671107255742358,6.767315474162546,0.51625,False,not_measured,APPLY,,0.51625,,"reported applicability, not independently validated accuracy","[0.0, 0.0]","[1, 2]",,,True,2.8140184958646115,True,0.03236812399700284,False,same input row and source ID; estimators preserve row order,/srv/slam-research/grf/map-denoise/runs/multiscan-pilot-v1/real-components-v4-h3dnauhf/outputs/cy_wall__normal_translation__graph_local.npz,109b3655fe8126db0450e7019fd9c236fc4935552ab33cb347afff3d12f96996,0.9973080947531772,3.490578331636288,3.490578331636288,0.2566377032164467,"[3.4905783316362875, -3.4905783316362875]",evaluation-only injection-space diagnostic; not a candidate or real geometry bound,2.456201626933455e-13,1.0
cy_wall__normal_translation,cy_wall,courtyard,normal_translation,graph_shared,1600,2,2.0,/srv/slam-research/grf/map-denoise/runs/multiscan-pilot-v1/patches/courtyard/cy_wall.json,3.5,0.0,3.500000000000147,3.3458197154372646,3.3406155487528624,0.1865404075242433,1.5518919424517268,1.5477143963893392,0.11379256678613471,2.963973810967286,2.9608265893630548,0.13655277302449692,2.5440199088122624,2.537171648271708,0.1865404075244166,3.5000000000001408,3.5000000000001408,4.5146477010507003e-13,0.16959049100763726,6.474330972264451,0.284375,False,not_measured,APPLY,,0.284375,,"reported applicability, not independently validated accuracy","[3.981820244438458, -3.981820244438458]","[1, 2]",,,True,2.297960787645816,True,0.13927439699182287,False,same input row and source ID; estimators preserve row order,/srv/slam-research/grf/map-denoise/runs/multiscan-pilot-v1/real-components-v4-h3dnauhf/outputs/cy_wall__normal_translation__graph_shared.npz,9109e47bdf3fbdb7042bc0b44292d60de49f0b343f1d3bb25f2726a6858a28ad,0.9973080947531772,3.490578331636288,3.490578331636288,0.2566377032164467,"[3.4905783316362875, -3.4905783316362875]",evaluation-only injection-space diagnostic; not a candidate or real geometry bound,1.7662800829099002e-13,1.0
cy_wall__normal_translation,cy_wall,courtyard,normal_translation,measure_balanced,1600,2,2.0,/srv/slam-research/grf/map-denoise/runs/multiscan-pilot-v1/patches/courtyard/cy_wall.json,3.5,0.0,3.500000000000147,0.4125469368910533,0.303214487365533,0.2797426492150378,0.6665808575174528,0.66478496350955,0.04889776989095495,0.4289785163958232,0.361570476144017,0.23084487932408282,3.813488742175359,3.803214487365674,0.2797426492154065,3.5000000000001408,3.5000000000001408,4.5146477010507003e-13,5.555125222725383e-15,3.8134887421754273,1.0,False,not_measured,APPLY,,1.0,1.0,"reported applicability, not independently validated accuracy","[3.8134887421751937, -3.8134887421751937]","[1, 2]",1.0000000000000564,0.7817976118080336,True,2.430494436390759e-13,True,0.03390461500384845,False,same input row and source ID; estimators preserve row order,/srv/slam-research/grf/map-denoise/runs/multiscan-pilot-v1/real-components-v4-h3dnauhf/outputs/cy_wall__normal_translation__measure_balanced.npz,24f14ddaef1a3785afe3f94b25d7a7afdb1101dfdc40e9e17710047f2d27e6a7,0.9973058122091624,3.4905703427322354,3.490570342732236,0.2567463387064217,"[3.490570342732236, -3.4905703427322354]",evaluation-only injection-space diagnostic; not a candidate or real geometry bound,4.269379579107893e-13,1.0000000000000002
cy_wall__normal_translation,cy_wall,courtyard,normal_translation,measure_unbalanced,1600,2,2.0,/srv/slam-research/grf/map-denoise/runs/multiscan-pilot-v1/patches/courtyard/cy_wall.json,3.5,0.0,3.500000000000147,0.2815580863399964,0.09642407038929643,0.26453233192371944,0.7838276718176889,0.7817158928741432,0.05749853854768412,0.7158825836436264,0.6852918224848468,0.20703379337603534,3.606139687908626,3.5964240703894372,0.2645323319240881,3.5000000000001408,3.5000000000001408,4.5146477010507003e-13,3.104784796370161e-14,3.606139687908781,1.0,False,not_measured,APPLY,,1.0,1.0,"reported applicability, not independently validated accuracy","[3.606139687908766, -3.6061396879087666]","[1, 2]",0.4677272304996283,0.46772684599152736,True,3.585079855170124e-13,True,0.03377008299867157,False,same input row and source ID; estimators preserve row order,/srv/slam-research/grf/map-denoise/runs/multiscan-pilot-v1/real-components-v4-h3dnauhf/outputs/cy_wall__normal_translation__measure_unbalanced.npz,95c7da86739867e66a62312e29cab6c1f7b623c8f39d59bdd8f366266da60f2b,0.9973058122091624,3.4905703427322354,3.490570342732236,0.2567463387064217,"[3.490570342732236, -3.4905703427322354]",evaluation-only injection-space diagnostic; not a candidate or real geometry bound,5.382845458134343e-13,1.0000000000000002
cy_wall__tangent_translation,cy_wall,courtyard,tangent_translation,identity,1600,2,2.0,/srv/slam-research/grf/map-denoise/runs/multiscan-pilot-v1/patches/courtyard/cy_wall.json,3.5,0.0,3.4999999999999103,3.499999999999936,4.118984278204303e-15,3.499999999999936,0.0,0.0,0.0,3.499999999999936,4.118984278204303e-15,3.499999999999936,0.0,0.0,0.0,3.499999999999936,4.118984278204303e-15,3.499999999999936,1.6774946434508645e-14,0.0,0.0,True,not_measured,IDENTITY,,,,"reported applicability, not independently validated accuracy",,"[1, 2]",,,False,0.0,True,7.927999831736088e-06,True,same input row and source ID; estimators preserve row order,/srv/slam-research/grf/map-denoise/runs/multiscan-pilot-v1/real-components-v4-h3dnauhf/outputs/cy_wall__tangent_translation__identity.npz,962fb2f4efffcc6453d1b4e6406ed0cdb4c8ade522c2e97a24a7669c32b70d70,,,,,,,,
cy_wall__tangent_translation,cy_wall,courtyard,tangent_translation,fast,1600,2,2.0,/srv/slam-research/grf/map-denoise/runs/multiscan-pilot-v1/patches/courtyard/cy_wall.json,3.5,0.0,3.4999999999999103,36.727816852434316,36.56066893159112,3.5000025743628713,36.56060760690023,36.560607606900234,1.0864673245082306e-12,3.50000271466339,0.000991012013097046,3.5000025743628087,36.56066893159382,36.56066893159112,1.4052351955091016e-05,3.499999999999936,4.118984278204303e-15,3.499999999999936,1.634768650017591e-14,53.263613686648284,1.0,False,not_measured,APPLY,,,,"reported applicability, not independently validated accuracy","[-6.6977727015691, 6.697772701569114]","[1, 2]",,,True,35.94193029824253,True,0.021232426995993592,False,same input row and source ID; estimators preserve row order,/srv/slam-research/grf/map-denoise/runs/multiscan-pilot-v1/real-components-v4-h3dnauhf/outputs/cy_wall__tangent_translation__fast.npz,43caae98aad3b54c45257cd0aa709990d7edf561766236f6fd2f18dc0c86317b,0.9999999999999261,1.3452494484461137e-06,1.345249448446113e-06,3.499999999999677,"[1.345249448446113e-06, -1.345249448446113e-06]",evaluation-only injection-space diagnostic; not a candidate or real geometry bound,1.6787463517406419e-12,0.9999999999999261
cy_wall__tangent_translation,cy_wall,courtyard,tangent_translation,graph_local,1600,2,2.0,/srv/slam-research/grf/map-denoise/runs/multiscan-pilot-v1/patches/courtyard/cy_wall.json,3.5,0.0,3.4999999999999103,3.823882854623051,1.5382247025602616,3.5008491613197976,1.5454104136155498,1.5412503152146426,0.11331730830790529,3.5014271741295784,0.10510667388573398,3.499849260016454,1.5423766343147514,1.5382247025602613,0.11309485626453046,3.499999999999936,4.118984278204303e-15,3.499999999999936,0.14380654168771057,3.777550482816601,0.2825,False,not_measured,APPLY,,0.2825,,"reported applicability, not independently validated accuracy","[0.0, 0.0]","[1, 2]",,,True,1.5333538470290378,True,0.03439223799796309,False,same input row and source ID; estimators preserve row order,/srv/slam-research/grf/map-denoise/runs/multiscan-pilot-v1/real-components-v4-h3dnauhf/outputs/cy_wall__tangent_translation__graph_local.npz,6ad2eed0d80e892232dafcd83b44fbb7b06cb1bcc0ea2e919a51ce27c53381ba,0.9973080947531772,0.040703373847315184,0.04070337384731517,3.499763311333639,"[0.04070337384731518, -0.04070337384731518]",evaluation-only injection-space diagnostic; not a candidate or real geometry bound,1.7349502500462951e-13,1.0
cy_wall__tangent_translation,cy_wall,courtyard,tangent_translation,graph_shared,1600,2,2.0,/srv/slam-research/grf/map-denoise/runs/multiscan-pilot-v1/patches/courtyard/cy_wall.json,3.5,0.0,3.4999999999999103,3.8268956666031055,1.5460641120092138,3.5006879616188,1.5518919424517268,1.5477143963893392,0.11379256678613471,3.501549578145374,0.10934792162828942,3.499841779315976,1.5502372036715972,1.5460641120092138,0.11367123296901235,3.499999999999936,4.118984278204303e-15,3.499999999999936,0.15000652432032063,3.8084654448937503,0.2825,False,not_measured,APPLY,,0.2825,,"reported applicability, not independently validated accuracy","[0.5435690073406204, -0.5435690073406205]","[1, 2]",,,True,1.5397470634978863,True,0.10872724100772757,False,same input row and source ID; estimators preserve row order,/srv/slam-research/grf/map-denoise/runs/multiscan-pilot-v1/real-components-v4-h3dnauhf/outputs/cy_wall__tangent_translation__graph_shared.npz,7ff0d68599dbb061e2876fbd7901af3842f746250e6d7d4453f67a180dd77592,0.9973080947531772,0.040703373847315184,0.04070337384731517,3.499763311333639,"[0.04070337384731518, -0.04070337384731518]",evaluation-only injection-space diagnostic; not a candidate or real geometry bound,1.701621552596509e-13,1.0
cy_wall__tangent_translation,cy_wall,courtyard,tangent_translation,measure_balanced,1600,2,2.0,/srv/slam-research/grf/map-denoise/runs/multiscan-pilot-v1/patches/courtyard/cy_wall.json,3.5,0.0,3.4999999999999103,3.5577132443724535,0.7036387972900606,3.487436877153673,0.6665808575174528,0.66478496350955,0.04889776989095495,3.499503190518769,0.03885383378051063,3.4992874931979516,0.7055396536107529,0.703638797290057,0.05175563510752644,3.499999999999936,4.118984278204303e-15,3.499999999999936,1.802630619516587e-14,0.7055396536107534,1.0,False,not_measured,APPLY,,1.0,1.0,"reported applicability, not independently validated accuracy","[0.7055396536106884, -0.7055396536106883]","[1, 2]",1.0000000000000353,0.7821505885764503,True,1.929739314774862e-13,True,0.03369333299633581,False,same input row and source ID; estimators preserve row order,/srv/slam-research/grf/map-denoise/runs/multiscan-pilot-v1/real-components-v4-h3dnauhf/outputs/cy_wall__tangent_translation__measure_balanced.npz,141a5ab157987b9b38e523e8810b9841aaf26c89c1b41a3d35c8f5fb5573bf38,0.9973058122091624,0.06410885140904425,0.06410885140904425,3.49941281576932,"[0.06410885140904424, -0.06410885140904425]",evaluation-only injection-space diagnostic; not a candidate or real geometry bound,2.999023774808881e-13,1.0000000000000002
cy_wall__tangent_translation,cy_wall,courtyard,tangent_translation,measure_unbalanced,1600,2,2.0,/srv/slam-research/grf/map-denoise/runs/multiscan-pilot-v1/patches/courtyard/cy_wall.json,3.5,0.0,3.4999999999999103,3.580792710015874,0.8209604696686813,3.4854125063389847,0.7838276718176889,0.7817158928741432,0.05749853854768412,3.499500396691796,0.039244576794537966,3.4992803388180054,0.8231782665039937,0.8209604696686774,0.06038514457964356,3.499999999999936,4.118984278204303e-15,3.499999999999936,9.237072661899738e-15,0.8231782665041537,1.0,False,not_measured,APPLY,,1.0,1.0,"reported applicability, not independently validated accuracy","[0.8231782665040746, -0.8231782665040746]","[1, 2]",0.4770733465093968,0.4770720265280322,True,3.4399503127960433e-13,True,0.03305919400008861,False,same input row and source ID; estimators preserve row order,/srv/slam-research/grf/map-denoise/runs/multiscan-pilot-v1/real-components-v4-h3dnauhf/outputs/cy_wall__tangent_translation__measure_unbalanced.npz,826f4c2c5ef6391b75c6abae9ad6b5124b87edc8c706ac0df38c98a2925a1f6b,0.9973058122091624,0.06410885140904425,0.06410885140904425,3.49941281576932,"[0.06410885140904424, -0.06410885140904425]",evaluation-only injection-space diagnostic; not a candidate or real geometry bound,4.112881711944469e-13,1.0000000000000002
cy_wall__small_rotation,cy_wall,courtyard,small_rotation,identity,1600,2,2.0,/srv/slam-research/grf/map-denoise/runs/multiscan-pilot-v1/patches/courtyard/cy_wall.json,3.5,0.09343451089955966,1.779173531894756e-14,3.4999999999999964,3.498829248968029,0.09052008929399258,0.0,0.0,0.0,3.4999999999999964,3.498829248968029,0.09052008929399258,0.0,0.0,0.0,3.4999999999999964,3.498829248968029,0.09052008929399258,1.1909252534459794e-14,0.0,0.0,True,not_measured,IDENTITY,,,,"reported applicability, not independently validated accuracy",,"[1, 2]",,,False,0.0,True,7.376002031378448e-06,True,same input row and source ID; estimators preserve row order,/srv/slam-research/grf/map-denoise/runs/multiscan-pilot-v1/real-components-v4-h3dnauhf/outputs/cy_wall__small_rotation__identity.npz,783b96a538b36ed6da1625758dce578bdf4b333a87e938b505a12f30a73de677,,,,,,,,
cy_wall__small_rotation,cy_wall,courtyard,small_rotation,fast,1600,2,2.0,/srv/slam-research/grf/map-denoise/runs/multiscan-pilot-v1/patches/courtyard/cy_wall.json,3.5,0.09343451089955966,1.779173531894756e-14,36.4189505171575,36.418831518874676,0.09309979047541787,36.56060760690023,36.560607606900234,1.0864673245082306e-12,10.032738157359153,10.032306183681982,0.09309979047553514,36.502818544366065,36.502817231981574,0.009788333065696882,3.4999999999999964,3.498829248968029,0.09052008929399258,1.9574200314732088e-14,53.32197656614874,1.0,False,not_measured,APPLY,,,,"reported applicability, not independently validated accuracy","[-5.912487893674431, 5.912487893674417]","[1, 2]",,,True,36.02080299757444,True,0.021952815994154662,False,same input row and source ID; estimators preserve row order,/srv/slam-research/grf/map-denoise/runs/multiscan-pilot-v1/real-components-v4-h3dnauhf/outputs/cy_wall__small_rotation__fast.npz,26b01136d5e38532f5f132877d7f351639db8d7b522771561998fbd97615578a,0.999999964047037,3.498829115573151,2.081668171172168e-15,3.4999999999999964,"[-2.081668171172169e-15, 2.0816681711721673e-15]",evaluation-only injection-space diagnostic; not a candidate or real geometry bound,1.5577420738332664e-12,0.999999964047037
cy_wall__small_rotation,cy_wall,courtyard,small_rotation,graph_local,1600,2,2.0,/srv/slam-research/grf/map-denoise/runs/multiscan-pilot-v1/patches/courtyard/cy_wall.json,3.5,0.09343451089955966,1.779173531894756e-14,3.4547158300618555,3.450721441748014,0.1660812991895324,1.5454104136155498,1.5412503152146426,0.11331730830790529,3.3709070187015673,3.3673594696032056,0.15461025582123478,1.8668427986388962,1.861828799651941,0.13673169207071253,3.4999999999999964,3.498829248968029,0.09052008929399258,0.23593721573395707,5.301460994738869,0.27125,False,not_measured,APPLY,,0.27125,,"reported applicability, not independently validated accuracy","[0.0, 0.0]","[1, 2]",,,True,1.7797193033608836,True,0.0321153900003992,False,same input row and source ID; estimators preserve row order,/srv/slam-research/grf/map-denoise/runs/multiscan-pilot-v1/real-components-v4-h3dnauhf/outputs/cy_wall__small_rotation__graph_local.npz,823eca7a030fadbf844c27827caa4cf06276f4a186f4d8454c9cc30ee44ddbc1,0.9973141825382348,3.489434883411263,2.081668171172169e-15,3.4999999999999964,"[-2.081668171172169e-15, 2.081668171172169e-15]",evaluation-only injection-space diagnostic; not a candidate or real geometry bound,1.7294180996930145e-13,0.9999999889612236
cy_wall__small_rotation,cy_wall,courtyard,small_rotation,graph_shared,1600,2,2.0,/srv/slam-research/grf/map-denoise/runs/multiscan-pilot-v1/patches/courtyard/cy_wall.json,3.5,0.09343451089955966,1.779173531894756e-14,3.517596706376133,3.5132312499125224,0.17519353112005684,1.5518919424517268,1.5477143963893392,0.11379256678613471,3.3475290492712135,3.3439320568107105,0.15514230612029103,2.0080331783288803,2.002639967754721,0.14707278749297809,3.4999999999999964,3.498829248968029,0.09052008929399258,0.21048700721165586,5.4533388742444595,0.279375,False,not_measured,APPLY,,0.279375,,"reported applicability, not independently validated accuracy","[-0.9647371284105133, 0.9647371284105133]","[1, 2]",,,True,1.9027675862938984,True,0.15400077099911869,False,same input row and source ID; estimators preserve row order,/srv/slam-research/grf/map-denoise/runs/multiscan-pilot-v1/real-components-v4-h3dnauhf/outputs/cy_wall__small_rotation__graph_shared.npz,ad779875899533e4d0b9d06f19e15b86a1b363fd5ca4fc8b8daf970a9fa9f7e3,0.9973141825382348,3.489434883411263,2.081668171172169e-15,3.4999999999999964,"[-2.081668171172169e-15, 2.081668171172169e-15]",evaluation-only injection-space diagnostic; not a candidate or real geometry bound,1.7588959817396436e-13,0.9999999889612236
cy_wall__small_rotation,cy_wall,courtyard,small_rotation,measure_balanced,1600,2,2.0,/srv/slam-research/grf/map-denoise/runs/multiscan-pilot-v1/patches/courtyard/cy_wall.json,3.5,0.09343451089955966,1.779173531894756e-14,3.723043854091694,3.720699279394937,0.1321075766181703,0.6665808575174528,0.66478496350955,0.04889776989095495,3.5515129342439864,3.550043702954957,0.10214611697068708,1.2692736267211826,1.2656211969842377,0.09622123068288749,3.4999999999999964,3.498829248968029,0.09052008929399258,9.610618555231817e-15,1.2692736267211817,1.0,False,not_measured,APPLY,,1.0,1.0,"reported applicability, not independently validated accuracy","[1.2692736267213016, -1.2692736267213016]","[1, 2]",0.9999999999999796,0.8904804086374585,True,8.80156475475752e-14,True,0.033578269998542964,False,same input row and source ID; estimators preserve row order,/srv/slam-research/grf/map-denoise/runs/multiscan-pilot-v1/real-components-v4-h3dnauhf/outputs/cy_wall__small_rotation__measure_balanced.npz,e871eb8135c48d8c3ca4b7ca717c400f2489d18d44181ee4492e20c6132226ce,0.9971224252516762,3.488763283543767,2.0816681711721693e-15,3.4999999999999964,"[-2.081668171172169e-15, 2.081668171172169e-15]",evaluation-only injection-space diagnostic; not a candidate or real geometry bound,3.490116720389763e-13,0.99999672129433
cy_wall__small_rotation,cy_wall,courtyard,small_rotation,measure_unbalanced,1600,2,2.0,/srv/slam-research/grf/map-denoise/runs/multiscan-pilot-v1/patches/courtyard/cy_wall.json,3.5,0.09343451089955966,1.779173531894756e-14,3.6065801517680223,3.6048403166783913,0.11201197425762224,0.7838276718176889,0.7817158928741432,0.05749853854768412,3.5010686608486377,3.499887951049925,0.0909180844058733,0.8702990239722576,0.867794673477412,0.06597572137761176,3.4999999999999964,3.498829248968029,0.09052008929399258,1.896290019018072e-14,0.8702990239722577,1.0,False,not_measured,APPLY,,1.0,1.0,"reported applicability, not independently validated accuracy","[0.8702990239724073, -0.8702990239724073]","[1, 2]",0.39248379319976134,0.39247967165288794,True,2.260413970007403e-13,True,0.03274109700578265,False,same input row and source ID; estimators preserve row order,/srv/slam-research/grf/map-denoise/runs/multiscan-pilot-v1/real-components-v4-h3dnauhf/outputs/cy_wall__small_rotation__measure_unbalanced.npz,025d4e2df0127d1c2f6fdcd4d10791ab0915c7267085ca0ccbe838ce04d7cd49,0.9971224252516762,3.488763283543767,2.0816681711721693e-15,3.4999999999999964,"[-2.081668171172169e-15, 2.081668171172169e-15]",evaluation-only injection-space diagnostic; not a candidate or real geometry bound,5.227007732360432e-13,0.99999672129433
da_junction__zero,da_junction,delivery_area,zero,identity,1591,2,2.0,/srv/slam-research/grf/map-denoise/runs/multiscan-pilot-v1/patches/delivery_area/da_junction.json,0.0,0.0,0.0,0.0,0.0,0.0,0.0,0.0,0.0,0.0,0.0,0.0,0.0,0.0,0.0,0.0,0.0,0.0,0.0,0.0,0.0,True,not_measured,IDENTITY,,,,"reported applicability, not independently validated accuracy",,"[1, 2]",,,False,0.0,True,8.895003702491522e-06,True,same input row and source ID; estimators preserve row order,/srv/slam-research/grf/map-denoise/runs/multiscan-pilot-v1/real-components-v4-h3dnauhf/outputs/da_junction__zero__identity.npz,2f843c45532178748e05ced68f8b0ff97a650b681b9edff91c52dfd0394e04a3,,,,,,,,
da_junction__zero,da_junction,delivery_area,zero,fast,1591,2,2.0,/srv/slam-research/grf/map-denoise/runs/multiscan-pilot-v1/patches/delivery_area/da_junction.json,0.0,0.0,0.0,42.34039232268768,42.34039232268768,3.656690125006272e-13,42.34039232268768,42.34039232268768,3.656690125006272e-13,0.0,0.0,0.0,42.34039232268768,42.34039232268768,3.656690125006272e-13,0.0,0.0,0.0,1.7159662585003796e-14,71.42034994892413,1.0,False,not_measured,APPLY,,,,"reported applicability, not independently validated accuracy","[-1.4346317296657816, 1.4509549731132978]","[1, 2]",,,True,42.31580361988136,True,0.01891202700790018,False,same input row and source ID; estimators preserve row order,/srv/slam-research/grf/map-denoise/runs/multiscan-pilot-v1/real-components-v4-h3dnauhf/outputs/da_junction__zero__fast.npz,e9ec1adcd1b34111f3d72b06e31c6f1a6805a67a75b3e29f630bb7c303c313bb,1.0,0.0,0.0,0.0,"[0.0, 0.0]",evaluation-only injection-space diagnostic; not a candidate or real geometry bound,3.656690125006272e-13,1.0
da_junction__zero,da_junction,delivery_area,zero,graph_local,1591,2,2.0,/srv/slam-research/grf/map-denoise/runs/multiscan-pilot-v1/patches/delivery_area/da_junction.json,0.0,0.0,0.0,0.30704631884165295,0.0004483830112213534,0.3070459914522338,0.30704631884165295,0.0004483830112213534,0.3070459914522338,0.0,0.0,0.0,0.30704631884165295,0.0004483830112213534,0.3070459914522338,0.0,0.0,0.0,6.243088059313019e-10,0.609626688732128,1.0,False,not_measured,APPLY,,1.0,,"reported applicability, not independently validated accuracy","[0.0, 0.0]","[1, 2]",,,True,0.29494331040421407,True,0.035055631000432186,False,same input row and source ID; estimators preserve row order,/srv/slam-research/grf/map-denoise/runs/multiscan-pilot-v1/real-components-v4-h3dnauhf/outputs/da_junction__zero__graph_local.npz,a83dda12b54f096780889b4a494e088175b392921986ffae709295afe6926486,0.0014603106557759728,0.0,0.0,0.0,"[0.0, 0.0]",evaluation-only injection-space diagnostic; not a candidate or real geometry bound,3.941026858216583e-14,1.0
da_junction__zero,da_junction,delivery_area,zero,graph_shared,1591,2,2.0,/srv/slam-research/grf/map-denoise/runs/multiscan-pilot-v1/patches/delivery_area/da_junction.json,0.0,0.0,0.0,0.31301436211955513,0.00045709820841497226,0.31301402836668496,0.31301436211955513,0.00045709820841497226,0.31301402836668496,0.0,0.0,0.0,0.31301436211955513,0.00045709820841497226,0.31301402836668496,0.0,0.0,0.0,6.242759730540817e-10,0.6083072754978368,1.0,False,not_measured,APPLY,,1.0,,"reported applicability, not independently validated accuracy","[0.11624711854668418, -0.11756977855543278]","[1, 2]",,,True,0.29031677421121127,True,0.09384884800238069,False,same input row and source ID; estimators preserve row order,/srv/slam-research/grf/map-denoise/runs/multiscan-pilot-v1/real-components-v4-h3dnauhf/outputs/da_junction__zero__graph_shared.npz,d23f6ef28968a198370445bc946f4e815f9da3479807d93ffec521233bf71076,0.0014603106557759728,0.0,0.0,0.0,"[0.0, 0.0]",evaluation-only injection-space diagnostic; not a candidate or real geometry bound,3.900614192200871e-14,1.0
da_junction__zero,da_junction,delivery_area,zero,measure_balanced,1591,2,2.0,/srv/slam-research/grf/map-denoise/runs/multiscan-pilot-v1/patches/delivery_area/da_junction.json,0.0,0.0,0.0,0.1401629696431716,1.3336985411439903e-05,0.14016296900864175,0.1401629696431716,1.3336985411439903e-05,0.14016296900864175,0.0,0.0,0.0,0.1401629696431716,1.3336985411439903e-05,0.14016296900864175,0.0,0.0,0.0,2.586139834202934e-14,0.14095810159855063,1.0,False,not_measured,APPLY,,1.0,1.0,"reported applicability, not independently validated accuracy","[0.1393723229555637, -0.14095810159854735]","[1, 2]",1.0,0.9999999999338289,True,7.073207108559888e-14,True,0.03169547799916472,False,same input row and source ID; estimators preserve row order,/srv/slam-research/grf/map-denoise/runs/multiscan-pilot-v1/real-components-v4-h3dnauhf/outputs/da_junction__zero__measure_balanced.npz,7883925012eae4d642e001d4024ad66eedae69b60a1eb446d280f356e7e7f4ef,9.515341632671415e-05,0.0,0.0,0.0,"[0.0, 0.0]",evaluation-only injection-space diagnostic; not a candidate or real geometry bound,4.12820401668015e-14,1.0000000000000002
da_junction__zero,da_junction,delivery_area,zero,measure_unbalanced,1591,2,2.0,/srv/slam-research/grf/map-denoise/runs/multiscan-pilot-v1/patches/delivery_area/da_junction.json,0.0,0.0,0.0,0.10811533769110965,1.028754375120864e-05,0.10811533720166216,0.10811533769110965,1.028754375120864e-05,0.10811533720166216,0.0,0.0,0.0,0.10811533769110965,1.028754375120864e-05,0.10811533720166216,0.0,0.0,0.0,1.3995156769895763e-14,0.10872866630480606,1.0,False,not_measured,APPLY,,1.0,1.0,"reported applicability, not independently validated accuracy","[0.10750546880889335, -0.10872866630482261]","[1, 2]",0.611950504323403,0.611950504323403,True,5.000952152344706e-14,True,0.030875475000357255,False,same input row and source ID; estimators preserve row order,/srv/slam-research/grf/map-denoise/runs/multiscan-pilot-v1/real-components-v4-h3dnauhf/outputs/da_junction__zero__measure_unbalanced.npz,69b3d81c40fa43fb0d83a7965798c0a94b0157c1323390d1ca7249b59f25f000,9.515341632671415e-05,0.0,0.0,0.0,"[0.0, 0.0]",evaluation-only injection-space diagnostic; not a candidate or real geometry bound,4.2101820249691395e-14,1.0000000000000002
da_junction__normal_translation,da_junction,delivery_area,normal_translation,identity,1591,2,2.0,/srv/slam-research/grf/map-denoise/runs/multiscan-pilot-v1/patches/delivery_area/da_junction.json,3.5,0.0,3.5198551860798046,3.500000000000003,3.500000000000003,4.921341199400451e-14,0.0,0.0,0.0,3.500000000000003,3.500000000000003,4.921341199400451e-14,0.0,0.0,0.0,3.500000000000003,3.500000000000003,4.921341199400451e-14,4.665087607071859e-14,0.0,0.0,True,not_measured,IDENTITY,,,,"reported applicability, not independently validated accuracy",,"[1, 2]",,,False,0.0,True,7.643000571988523e-06,True,same input row and source ID; estimators preserve row order,/srv/slam-research/grf/map-denoise/runs/multiscan-pilot-v1/real-components-v4-h3dnauhf/outputs/da_junction__normal_translation__identity.npz,080f9aeabdcf83007e712948e0d74637bac3fc7c2a26ae3f0e6bc3f4999119e3,,,,,,,,
da_junction__normal_translation,da_junction,delivery_area,normal_translation,fast,1591,2,2.0,/srv/slam-research/grf/map-denoise/runs/multiscan-pilot-v1/patches/delivery_area/da_junction.json,3.5,0.0,3.5198551860798046,42.300401761625835,42.300364697857695,0.05599663554857739,42.34039232268768,42.34039232268768,3.656690125006272e-13,8.31771586014984,8.317527367372795,0.05599663554857786,42.56773059550698,42.56769376450254,0.05599663554857806,3.500000000000003,3.500000000000003,4.921341199400451e-14,1.829671639893906e-14,72.37371227110324,1.0,False,not_measured,APPLY,,,,"reported applicability, not independently validated accuracy","[-4.962949786137315, 5.0194182413525255]","[1, 2]",,,True,42.27411225991868,True,0.01911809400189668,False,same input row and source ID; estimators preserve row order,/srv/slam-research/grf/map-denoise/runs/multiscan-pilot-v1/real-components-v4-h3dnauhf/outputs/da_junction__normal_translation__fast.npz,0b776a849908a7a065816022762f57360618781d4d8d9f281f597fc09e0a9ada,0.999999134767019,3.4999969716845696,3.499996971684569,0.004604150178500589,"[-3.480253804003509, 3.5198521405850904]",evaluation-only injection-space diagnostic; not a candidate or real geometry bound,5.338980300051501e-13,0.999999134767019
da_junction__normal_translation,da_junction,delivery_area,normal_translation,graph_local,1591,2,2.0,/srv/slam-research/grf/map-denoise/runs/multiscan-pilot-v1/patches/delivery_area/da_junction.json,3.5,0.0,3.5198551860798046,3.5135922439670786,3.500124298278559,0.30734403112088643,0.30704631884165295,0.0004483830112213534,0.3070459914522338,3.5001007813101075,3.4999996236052917,0.02661041319562895,0.3073443588280895,0.0004488182421890262,0.30734403112088404,3.500000000000003,3.500000000000003,4.921341199400451e-14,6.242870046509882e-10,0.616508920914566,1.0,False,not_measured,APPLY,,1.0,,"reported applicability, not independently validated accuracy","[0.0, 0.0]","[1, 2]",,,True,0.29532800365669987,True,0.0346625789970858,False,same input row and source ID; estimators preserve row order,/srv/slam-research/grf/map-denoise/runs/multiscan-pilot-v1/real-components-v4-h3dnauhf/outputs/da_junction__normal_translation__graph_local.npz,525b06c875695ffaa6e27a4c46876668ee856065b00d293ee3311a577c3d0834,0.001460310655775945,0.005111087295232003,0.005111087295232003,3.4999962681103933,"[-0.005082256112142799, 0.005140082035036964]",evaluation-only injection-space diagnostic; not a candidate or real geometry bound,3.940016644232733e-14,1.0
da_junction__normal_translation,da_junction,delivery_area,normal_translation,graph_shared,1591,2,2.0,/srv/slam-research/grf/map-denoise/runs/multiscan-pilot-v1/patches/delivery_area/da_junction.json,3.5,0.0,3.5198551860798046,3.514150660717723,3.5001699445477246,0.31315367714204795,0.31301436211955513,0.00045709820841497226,0.31301402836668496,3.500096632901313,3.499999030451772,0.026138601411774053,0.313154011043813,0.0004573021392263754,0.3131536771420416,3.500000000000003,3.500000000000003,4.921341199400451e-14,6.242376329550487e-10,0.61214801794994,1.0,False,not_measured,APPLY,,1.0,,"reported applicability, not independently validated accuracy","[0.11558682386396267, -0.11690197103814176]","[1, 2]",,,True,0.2907339936189686,True,0.09338696900522336,False,same input row and source ID; estimators preserve row order,/srv/slam-research/grf/map-denoise/runs/multiscan-pilot-v1/real-components-v4-h3dnauhf/outputs/da_junction__normal_translation__graph_shared.npz,1a2ad0113d29ab64aec92ad3bdaef5f20b92640cdb53d8d10abdc093f2026a44,0.001460310655775945,0.005111087295232003,0.005111087295232003,3.4999962681103933,"[-0.005082256112142799, 0.005140082035036964]",evaluation-only injection-space diagnostic; not a candidate or real geometry bound,3.891564918911952e-14,1.0
da_junction__normal_translation,da_junction,delivery_area,normal_translation,measure_balanced,1591,2,2.0,/srv/slam-research/grf/map-denoise/runs/multiscan-pilot-v1/patches/delivery_area/da_junction.json,3.5,0.0,3.5198551860798046,3.502779306469598,3.5000132431432665,0.13917674968684185,0.1401629696431716,1.3336985411439903e-05,0.14016296900864175,3.500000045104792,3.4999999061578557,0.0009862193217998925,0.13917675031689083,1.3243143263331452e-05,0.13917674968682567,3.500000000000003,3.500000000000003,4.921341199400451e-14,1.8475353705857224e-14,0.1399662875384556,1.0,False,not_measured,APPLY,,1.0,1.0,"reported applicability, not independently validated accuracy","[0.13839166680365744, -0.13996628753846518]","[1, 2]",1.0,0.9999999999335337,True,4.9426277829658316e-14,True,0.03133223899931181,False,same input row and source ID; estimators preserve row order,/srv/slam-research/grf/map-denoise/runs/multiscan-pilot-v1/real-components-v4-h3dnauhf/outputs/da_junction__normal_translation__measure_balanced.npz,8a00530f6de6879b9f6de6cb710bb6030f767faedf41cba270ec46700827e784,9.515341632664975e-05,0.00033303695715946187,0.000333036957159462,3.4999999841552007,"[-0.00033115832567995394, 0.000334926245946856]",evaluation-only injection-space diagnostic; not a candidate or real geometry bound,4.461927360786301e-14,1.0000000000000002
da_junction__normal_translation,da_junction,delivery_area,normal_translation,measure_unbalanced,1591,2,2.0,/srv/slam-research/grf/map-denoise/runs/multiscan-pilot-v1/patches/delivery_area/da_junction.json,3.5,0.0,3.5198551860798046,3.501626167528775,3.500010121642758,0.10637182672355243,0.10811533769110965,1.028754375120864e-05,0.10811533720166216,3.500000268360255,3.499999834099006,0.001743510478109726,0.1063718272050907,1.0121642754358977e-05,0.10637182672353625,3.500000000000003,3.500000000000003,4.921341199400451e-14,4.677196040142387e-14,0.1069752650401543,1.0,False,not_measured,APPLY,,1.0,1.0,"reported applicability, not independently validated accuracy","[0.1057717933084606, -0.10697526504016241]","[1, 2]",0.6125826664879908,0.6125826664879908,True,5.826416135497502e-14,True,0.03125258100044448,False,same input row and source ID; estimators preserve row order,/srv/slam-research/grf/map-denoise/runs/multiscan-pilot-v1/real-components-v4-h3dnauhf/outputs/da_junction__normal_translation__measure_unbalanced.npz,66d3b42b2ed32c9a7ffe7ab0cdb3b9a6e79849d3238b00f3481a99962b56e0e8,9.515341632664975e-05,0.00033303695715946187,0.000333036957159462,3.4999999841552007,"[-0.00033115832567995394, 0.000334926245946856]",evaluation-only injection-space diagnostic; not a candidate or real geometry bound,4.391559503599309e-14,1.0000000000000002
da_junction__tangent_translation,da_junction,delivery_area,tangent_translation,identity,1591,2,2.0,/srv/slam-research/grf/map-denoise/runs/multiscan-pilot-v1/patches/delivery_area/da_junction.json,3.5,0.0,3.5198551860798517,3.4999999999999827,2.7112437186587787e-14,3.4999999999999827,0.0,0.0,0.0,3.4999999999999827,2.7112437186587787e-14,3.4999999999999827,0.0,0.0,0.0,3.4999999999999827,2.7112437186587787e-14,3.4999999999999827,2.3708225276279074e-14,0.0,0.0,True,not_measured,IDENTITY,,,,"reported applicability, not independently validated accuracy",,"[1, 2]",,,False,0.0,True,7.3369883466511965e-06,True,same input row and source ID; estimators preserve row order,/srv/slam-research/grf/map-denoise/runs/multiscan-pilot-v1/real-components-v4-h3dnauhf/outputs/da_junction__tangent_translation__identity.npz,395b6fde6e0edd612fe033e6c6266b0f9f3c49e2d6ed0883f94ba45f9121f3b3,,,,,,,,
da_junction__tangent_translation,da_junction,delivery_area,tangent_translation,fast,1591,2,2.0,/srv/slam-research/grf/map-denoise/runs/multiscan-pilot-v1/patches/delivery_area/da_junction.json,3.5,0.0,3.5198551860798517,42.4858246110604,42.3414171147511,3.4999556563546124,42.34039232268768,42.34039232268768,3.656690125006272e-13,3.5000734395078785,0.028713855546455204,3.4999556563545444,42.34141713479082,42.341417114751096,0.0013026973487892477,3.4999999999999827,2.7112437186587787e-14,3.4999999999999827,1.829182909844443e-14,71.42428112980906,1.0,False,not_measured,APPLY,,,,"reported applicability, not independently validated accuracy","[-1.4409929604053957, 1.4573885819523724]","[1, 2]",,,True,42.31661043012765,True,0.01901354599976912,False,same input row and source ID; estimators preserve row order,/srv/slam-research/grf/map-denoise/runs/multiscan-pilot-v1/real-components-v4-h3dnauhf/outputs/da_junction__tangent_translation__fast.npz,4b9e9eee80b58d02822e4c3beb15f58df253e05f52212dd40582e40a90c21413,0.9999999995267111,0.00010768270508036168,0.0001076827050803617,3.4999999983434726,"[-0.00010707527663972262, 0.00010829357940806333]",evaluation-only injection-space diagnostic; not a candidate or real geometry bound,3.0639176095437983e-13,0.9999999995267111
da_junction__tangent_translation,da_junction,delivery_area,tangent_translation,graph_local,1591,2,2.0,/srv/slam-research/grf/map-denoise/runs/multiscan-pilot-v1/patches/delivery_area/da_junction.json,3.5,0.0,3.5198551860798517,3.3199692875960913,0.001638012233769198,3.3199688835134014,0.30704631884165295,0.0004483830112213534,0.3070459914522338,3.3989844500144835,0.0016103466922167647,3.398984068545157,1.1216875171688394,0.001638012233773006,1.1216863211648418,3.4999999999999827,2.7112437186587787e-14,3.4999999999999827,0.0037656694325485193,1.9291812612057382,1.0,False,not_measured,APPLY,,1.0,,"reported applicability, not independently validated accuracy","[0.0, 0.0]","[1, 2]",,,True,1.0587947096840145,True,0.04406229199958034,False,same input row and source ID; estimators preserve row order,/srv/slam-research/grf/map-denoise/runs/multiscan-pilot-v1/real-components-v4-h3dnauhf/outputs/da_junction__tangent_translation__graph_local.npz,4a99be7fc91f5ee7e0172d20d4aecc924a47f263304ae72001ee9371a70d2407,0.001460310655775943,3.3567153432014742,3.356715343201474,0.9911922642533498,"[3.3377804142816587, -3.3757576882747498]",evaluation-only injection-space diagnostic; not a candidate or real geometry bound,3.857864422337508e-14,1.0
da_junction__tangent_translation,da_junction,delivery_area,tangent_translation,graph_shared,1591,2,2.0,/srv/slam-research/grf/map-denoise/runs/multiscan-pilot-v1/patches/delivery_area/da_junction.json,3.5,0.0,3.5198551860798517,1.0395360734519354,0.005090358693146796,1.0395236102447327,0.31301436211955513,0.00045709820841497226,0.31301402836668496,0.9911943077467662,0.004901741136099811,0.9911821874122968,3.485805347665097,0.0050903586931568025,3.485801630910595,3.4999999999999827,2.7112437186587787e-14,3.4999999999999827,6.242711888633679e-10,3.943260037863152,1.0,False,not_measured,APPLY,,1.0,,"reported applicability, not independently validated accuracy","[3.4542012576751877, -3.4935031683187736]","[1, 2]",,,True,0.2906821525065047,True,0.1155562220083084,False,same input row and source ID; estimators preserve row order,/srv/slam-research/grf/map-denoise/runs/multiscan-pilot-v1/real-components-v4-h3dnauhf/outputs/da_junction__tangent_translation__graph_shared.npz,00601deac0870cb6ce3e4d7272b23ce997aa512ad198a5804949dc1c5188e6e3,0.001460310655775943,3.3567153432014742,3.356715343201474,0.9911922642533498,"[3.3377804142816587, -3.3757576882747498]",evaluation-only injection-space diagnostic; not a candidate or real geometry bound,3.882749199274776e-14,1.0
da_junction__tangent_translation,da_junction,delivery_area,tangent_translation,measure_balanced,1591,2,2.0,/srv/slam-research/grf/map-denoise/runs/multiscan-pilot-v1/patches/delivery_area/da_junction.json,3.5,0.0,3.5198551860798517,0.996732499528472,0.00032540223748140295,0.9967324464116032,0.1401629696431716,1.3336985411439903e-05,0.14016296900864175,0.9975763894308469,0.00031206525206996303,0.9975763406201871,3.4197641036161897,0.00032540223749143946,3.419764088134622,3.4999999999999827,2.7112437186587787e-14,3.4999999999999827,3.051870023756011e-14,3.4391641186523736,1.0,False,not_measured,APPLY,,1.0,1.0,"reported applicability, not independently validated accuracy","[3.4004735223175224, -3.4391641186523616]","[1, 2]",1.0000000000000004,0.9999999999302234,True,7.277144455535988e-14,True,0.03125104600621853,False,same input row and source ID; estimators preserve row order,/srv/slam-research/grf/map-denoise/runs/multiscan-pilot-v1/real-components-v4-h3dnauhf/outputs/da_junction__tangent_translation__measure_balanced.npz,ccf39da35103254223e8112f32746a0bdcae626a16de479675818127faba839d,9.515341632665235e-05,3.355686262759446,3.355686262759447,0.9946706519885932,"[3.336757138789718, -3.3747227699516746]",evaluation-only injection-space diagnostic; not a candidate or real geometry bound,4.3948771776679446e-14,1.0000000000000002
da_junction__tangent_translation,da_junction,delivery_area,tangent_translation,measure_unbalanced,1591,2,2.0,/srv/slam-research/grf/map-denoise/runs/multiscan-pilot-v1/patches/delivery_area/da_junction.json,3.5,0.0,3.5198551860798517,0.9951159455656926,0.00032213738766252953,0.995115893424784,0.10811533769110965,1.028754375120864e-05,0.10811533720166216,0.9977516025172376,0.00031184984391132066,0.9977515537824987,3.3854526732192807,0.00032213738767256577,3.3854526578930444,3.4999999999999827,2.7112437186587787e-14,3.4999999999999827,1.6633659177874504e-14,3.404658042588249,1.0,False,not_measured,APPLY,,1.0,1.0,"reported applicability, not independently validated accuracy","[3.366355639609152, -3.40465804258827]","[1, 2]",0.6108377413193558,0.6108377413193558,True,4.2816756101994664e-14,True,0.03080693699303083,False,same input row and source ID; estimators preserve row order,/srv/slam-research/grf/map-denoise/runs/multiscan-pilot-v1/real-components-v4-h3dnauhf/outputs/da_junction__tangent_translation__measure_unbalanced.npz,689e873583938337de43ea084f002a9f075d52403853796094e3b491cbf45623,9.515341632665235e-05,3.355686262759446,3.355686262759447,0.9946706519885932,"[3.336757138789718, -3.3747227699516746]",evaluation-only injection-space diagnostic; not a candidate or real geometry bound,3.57636777576828e-14,1.0000000000000002
da_junction__small_rotation,da_junction,delivery_area,small_rotation,identity,1591,2,2.0,/srv/slam-research/grf/map-denoise/runs/multiscan-pilot-v1/patches/delivery_area/da_junction.json,3.5,0.25665875775997116,7.320876828678662e-15,3.4999999999999996,3.479802282672482,0.37546780621963,0.0,0.0,0.0,3.4999999999999996,3.479802282672482,0.37546780621963,0.0,0.0,0.0,3.4999999999999996,3.479802282672482,0.37546780621963,3.643796199085724e-15,0.0,0.0,True,not_measured,IDENTITY,,,,"reported applicability, not independently validated accuracy",,"[1, 2]",,,False,0.0,True,7.312002708204091e-06,True,same input row and source ID; estimators preserve row order,/srv/slam-research/grf/map-denoise/runs/multiscan-pilot-v1/real-components-v4-h3dnauhf/outputs/da_junction__small_rotation__identity.npz,ad925451fb9daa14386dc9044f4ceb50c58d6fecafa05dfffd1d6a7f0af81812,,,,,,,,
da_junction__small_rotation,da_junction,delivery_area,small_rotation,fast,1591,2,2.0,/srv/slam-research/grf/map-denoise/runs/multiscan-pilot-v1/patches/delivery_area/da_junction.json,3.5,0.25665875775997116,7.320876828678662e-15,42.55079582479803,42.54899135786502,0.3918670080229764,42.34039232268768,42.34039232268768,3.656690125006272e-13,11.461645271822402,11.4549444601496,0.39186700802298885,42.358460359876794,42.358270596936464,0.12679154531002393,3.4999999999999996,3.479802282672482,0.37546780621963,1.149770323734411e-14,70.69863859405378,1.0,False,not_measured,APPLY,,,,"reported applicability, not independently validated accuracy","[1.9482335971646734, -1.970400603959206]","[1, 2]",,,True,42.31312282735401,True,0.018952236001496203,False,same input row and source ID; estimators preserve row order,/srv/slam-research/grf/map-denoise/runs/multiscan-pilot-v1/real-components-v4-h3dnauhf/outputs/da_junction__small_rotation__fast.npz,1b4119acd4d5a014c9adee6228122b86f4518bd974c2dce3066e37e20a598f8d,0.9999955200699289,3.479779072539393,1.4354771565397714e-15,3.4999999999999996,"[1.4273797591896653e-15, -1.4436204896987765e-15]",evaluation-only injection-space diagnostic; not a candidate or real geometry bound,4.087715442037478e-13,0.9999955200699289
da_junction__small_rotation,da_junction,delivery_area,small_rotation,graph_local,1591,2,2.0,/srv/slam-research/grf/map-denoise/runs/multiscan-pilot-v1/patches/delivery_area/da_junction.json,3.5,0.25665875775997116,7.320876828678662e-15,3.5080501493808147,3.4798849113929995,0.4436404558086302,0.30704631884165295,0.0004483830112213534,0.3070459914522338,3.494719053409881,3.479803652804844,0.32253340942004477,0.3655960065518654,0.0006281181416481066,0.3655954669771929,3.4999999999999996,3.479802282672482,0.37546780621963,6.243150467544475e-10,0.7398049280945334,1.0,False,not_measured,APPLY,,1.0,,"reported applicability, not independently validated accuracy","[0.0, 0.0]","[1, 2]",,,True,0.3553712802347681,True,0.03645847400184721,False,same input row and source ID; estimators preserve row order,/srv/slam-research/grf/map-denoise/runs/multiscan-pilot-v1/real-components-v4-h3dnauhf/outputs/da_junction__small_rotation__graph_local.npz,f80f8e49f5ad2deac24e9c15c0f444aae0870ab52edd80f606f96cb26abd8566,0.001718066199826207,0.22442832743740065,1.4680684925404844e-15,3.4999999999999996,"[1.4597872503994207e-15, -1.4763967134254572e-15]",evaluation-only injection-space diagnostic; not a candidate or real geometry bound,3.899788488168303e-14,0.9999999643515156
da_junction__small_rotation,da_junction,delivery_area,small_rotation,graph_shared,1591,2,2.0,/srv/slam-research/grf/map-denoise/runs/multiscan-pilot-v1/patches/delivery_area/da_junction.json,3.5,0.25665875775997116,7.320876828678662e-15,3.50854446865275,3.4798647686510593,0.44768904433201917,0.31301436211955513,0.00045709820841497226,0.31301402836668496,3.4947374894548267,3.479800252332016,0.3227697694503957,0.37067134195862256,0.0006368379038633187,0.3706707948933802,3.4999999999999996,3.479802282672482,0.37546780621963,6.242454399460858e-10,0.7434080196217995,1.0,False,not_measured,APPLY,,1.0,,"reported applicability, not independently validated accuracy","[0.11692600852650736, -0.11825639294716296]","[1, 2]",,,True,0.3514881168726671,True,0.09802664900780655,False,same input row and source ID; estimators preserve row order,/srv/slam-research/grf/map-denoise/runs/multiscan-pilot-v1/real-components-v4-h3dnauhf/outputs/da_junction__small_rotation__graph_shared.npz,fadd5e30ac4d47097e26470ff7b630c91fa647e6e635b451cac08c7aaed06a41,0.001718066199826207,0.22442832743740065,1.4680684925404844e-15,3.4999999999999996,"[1.4597872503994207e-15, -1.4763967134254572e-15]",evaluation-only injection-space diagnostic; not a candidate or real geometry bound,3.899431899903506e-14,0.9999999643515156
da_junction__small_rotation,da_junction,delivery_area,small_rotation,measure_balanced,1591,2,2.0,/srv/slam-research/grf/map-denoise/runs/multiscan-pilot-v1/patches/delivery_area/da_junction.json,3.5,0.25665875775997116,7.320876828678662e-15,3.502906539365125,3.4798022848354853,0.40165941042217906,0.1401629696431716,1.3336985411439903e-05,0.14016296900864175,3.5000008983801463,3.4798022843907988,0.37547616463686334,0.14266822886316916,0.00012269328072975205,0.14266817610564902,3.4999999999999996,3.479802282672482,0.37546780621963,1.4212945457550653e-14,0.1434775729294024,1.0,False,not_measured,APPLY,,1.0,1.0,"reported applicability, not independently validated accuracy","[0.14186345023393565, -0.14347757292939128]","[1, 2]",0.9999999999958223,0.9510996828637026,True,4.034453983076122e-14,True,0.03097266900294926,False,same input row and source ID; estimators preserve row order,/srv/slam-research/grf/map-denoise/runs/multiscan-pilot-v1/real-components-v4-h3dnauhf/outputs/da_junction__small_rotation__measure_balanced.npz,73203d1087aea0080e7096c60be650781e483397c1662dd5285b471344d6c4a4,0.0008599902144396472,0.2240643194137402,1.4707604508172695e-15,3.4999999999999996,"[1.4624640235820247e-15, -1.479103942940101e-15]",evaluation-only injection-space diagnostic; not a candidate or real geometry bound,4.08221522443169e-14,0.9999996914989865
da_junction__small_rotation,da_junction,delivery_area,small_rotation,measure_unbalanced,1591,2,2.0,/srv/slam-research/grf/map-denoise/runs/multiscan-pilot-v1/patches/delivery_area/da_junction.json,3.5,0.25665875775997116,7.320876828678662e-15,3.502446244164751,3.47980228449282,0.39762514269387417,0.10811533769110965,1.028754375120864e-05,0.10811533720166216,3.5000740362534497,3.479802284175271,0.3761573105817257,0.13088045409371124,0.00011255590976954074,0.13088040569521184,3.4999999999999996,3.479802282672482,0.37546780621963,2.2814503345439035e-14,0.13162292717093427,1.0,False,not_measured,APPLY,,1.0,1.0,"reported applicability, not independently validated accuracy","[0.13014216924024077, -0.13162292717091356]","[1, 2]",0.6225778029032649,0.6225778029032649,True,5.109766428384784e-14,True,0.031124034998356365,False,same input row and source ID; estimators preserve row order,/srv/slam-research/grf/map-denoise/runs/multiscan-pilot-v1/real-components-v4-h3dnauhf/outputs/da_junction__small_rotation__measure_unbalanced.npz,bf56b50abccb77b59613f114929c22afc79b8dbe6a862965f17332624fc483da,0.0008599902144396472,0.2240643194137402,1.4707604508172695e-15,3.4999999999999996,"[1.4624640235820247e-15, -1.479103942940101e-15]",evaluation-only injection-space diagnostic; not a candidate or real geometry bound,4.320162136682815e-14,0.9999996914989865
da_thin__zero,da_thin,delivery_area,zero,identity,1529,2,2.0,/srv/slam-research/grf/map-denoise/runs/multiscan-pilot-v1/patches/delivery_area/da_thin.json,0.0,0.0,0.0,0.0,0.0,0.0,0.0,0.0,0.0,0.0,0.0,0.0,0.0,0.0,0.0,0.0,0.0,0.0,0.0,0.0,0.0,True,not_measured,IDENTITY,,,,"reported applicability, not independently validated accuracy",,"[1, 2]",,,False,0.0,True,1.1501004337333143e-05,True,same input row and source ID; estimators preserve row order,/srv/slam-research/grf/map-denoise/runs/multiscan-pilot-v1/real-components-v4-h3dnauhf/outputs/da_thin__zero__identity.npz,64da8f34f5b4360ead14a7381f53eb88b31cca28b484d40eeb7fd5048af24362,,,,,,,,
da_thin__zero,da_thin,delivery_area,zero,fast,1529,2,2.0,/srv/slam-research/grf/map-denoise/runs/multiscan-pilot-v1/patches/delivery_area/da_thin.json,0.0,0.0,0.0,43.64014000294458,43.640140002944584,9.50319435514174e-13,43.64014000294458,43.640140002944584,9.50319435514174e-13,0.0,0.0,0.0,43.64014000294458,43.640140002944584,9.50319435514174e-13,0.0,0.0,0.0,3.3147880885110846e-14,75.9243214843856,1.0,False,not_measured,APPLY,,,,"reported applicability, not independently validated accuracy","[-5.425754964794024, 4.944219211668553]","[1, 2]",,,True,43.331693914984015,True,0.010969228998874314,False,same input row and source ID; estimators preserve row order,/srv/slam-research/grf/map-denoise/runs/multiscan-pilot-v1/real-components-v4-h3dnauhf/outputs/da_thin__zero__fast.npz,c4d7783892b981b1e0c5e8d27e9aad0f93557d7ffb27e915814e22ab8ad01b92,1.0000000000000002,0.0,0.0,0.0,"[0.0, 0.0]",evaluation-only injection-space diagnostic; not a candidate or real geometry bound,9.50319435514174e-13,1.0000000000000002
da_thin__zero,da_thin,delivery_area,zero,graph_local,1529,2,2.0,/srv/slam-research/grf/map-denoise/runs/multiscan-pilot-v1/patches/delivery_area/da_thin.json,0.0,0.0,0.0,0.5514836664455315,0.003910044963547147,0.5514698050705852,0.5514836664455315,0.003910044963547147,0.5514698050705852,0.0,0.0,0.0,0.5514836664455315,0.003910044963547147,0.5514698050705852,0.0,0.0,0.0,1.503325298271016e-09,1.1144944264081442,1.0,False,not_measured,APPLY,,1.0,,"reported applicability, not independently validated accuracy","[0.0, 0.0]","[1, 2]",,,True,0.5500720250520347,True,0.02125400400836952,False,same input row and source ID; estimators preserve row order,/srv/slam-research/grf/map-denoise/runs/multiscan-pilot-v1/real-components-v4-h3dnauhf/outputs/da_thin__zero__graph_local.npz,d6aa4ad8cf89a6904e6d647c12646ba3bedf0efe02c7fe14fc5c55450a1ea9b7,0.0070900467256767115,0.0,0.0,0.0,"[0.0, 0.0]",evaluation-only injection-space diagnostic; not a candidate or real geometry bound,2.5490197086115266e-13,1.0
da_thin__zero,da_thin,delivery_area,zero,graph_shared,1529,2,2.0,/srv/slam-research/grf/map-denoise/runs/multiscan-pilot-v1/patches/delivery_area/da_thin.json,0.0,0.0,0.0,0.551857996588845,0.0039126989817535335,0.551844125805224,0.551857996588845,0.0039126989817535335,0.551844125805224,0.0,0.0,0.0,0.551857996588845,0.0039126989817535335,0.551844125805224,0.0,0.0,0.0,1.5032077712146796e-09,1.1202604715690658,1.0,False,not_measured,APPLY,,1.0,,"reported applicability, not independently validated accuracy","[-0.05046659699326941, 0.045987686510116754]","[1, 2]",,,True,0.5497518781875416,True,0.07753966200107243,False,same input row and source ID; estimators preserve row order,/srv/slam-research/grf/map-denoise/runs/multiscan-pilot-v1/real-components-v4-h3dnauhf/outputs/da_thin__zero__graph_shared.npz,851a3f5fced83dde2116f79cfb39e1c3a8a2dbe14470c8f582b690aee6e67c30,0.0070900467256767115,0.0,0.0,0.0,"[0.0, 0.0]",evaluation-only injection-space diagnostic; not a candidate or real geometry bound,2.5487242451004497e-13,1.0
da_thin__zero,da_thin,delivery_area,zero,measure_balanced,1529,2,2.0,/srv/slam-research/grf/map-denoise/runs/multiscan-pilot-v1/patches/delivery_area/da_thin.json,0.0,0.0,0.0,0.06640354408320671,0.00042188576201641095,0.06640220387317117,0.06640354408320671,0.00042188576201641095,0.06640220387317117,0.0,0.0,0.0,0.06640354408320671,0.00042188576201641095,0.06640220387317117,0.0,0.0,0.0,3.0453699557988317e-13,0.06956206861640367,1.0,False,not_measured,APPLY,,1.0,1.0,"reported applicability, not independently validated accuracy","[-0.06956206861640894, 0.06338843502670265]","[1, 2]",1.0,0.999999994978424,True,5.0942196729811944e-14,True,0.03238614700967446,False,same input row and source ID; estimators preserve row order,/srv/slam-research/grf/map-denoise/runs/multiscan-pilot-v1/real-components-v4-h3dnauhf/outputs/da_thin__zero__measure_balanced.npz,f310768d14cdc7b7f4ce35bb5d29ce064f345503c6590955c9ae2a668b97a39b,0.006353362126219432,0.0,0.0,0.0,"[0.0, 0.0]",evaluation-only injection-space diagnostic; not a candidate or real geometry bound,3.0751179123543995e-13,1.0
da_thin__zero,da_thin,delivery_area,zero,measure_unbalanced,1529,2,2.0,/srv/slam-research/grf/map-denoise/runs/multiscan-pilot-v1/patches/delivery_area/da_thin.json,0.0,0.0,0.0,0.023253111884020867,0.0001477354403649386,0.023252642570909067,0.023253111884020867,0.0001477354403649386,0.023252642570909067,0.0,0.0,0.0,0.023253111884020867,0.0001477354403649386,0.023252642570909067,0.0,0.0,0.0,2.1317809882583802e-13,0.024359160143839077,1.0,False,not_measured,APPLY,,1.0,1.0,"reported applicability, not independently validated accuracy","[-0.024359160143450645, 0.022197284680719402]","[1, 2]",0.5677152061733941,0.5677152061733939,True,1.371729914235656e-13,True,0.031544141995254904,False,same input row and source ID; estimators preserve row order,/srv/slam-research/grf/map-denoise/runs/multiscan-pilot-v1/real-components-v4-h3dnauhf/outputs/da_thin__zero__measure_unbalanced.npz,8f137b871dbff9f878e23cefcdedaa3ea1060cbb8f6e868d3a6046aa6314c243,0.006353362126219432,0.0,0.0,0.0,"[0.0, 0.0]",evaluation-only injection-space diagnostic; not a candidate or real geometry bound,3.187842968837432e-13,1.0
da_thin__normal_translation,da_thin,delivery_area,normal_translation,identity,1529,2,2.0,/srv/slam-research/grf/map-denoise/runs/multiscan-pilot-v1/patches/delivery_area/da_thin.json,3.5,0.0,3.666479606152402,3.4999999999999964,3.499999999999998,1.4243311550394859e-13,0.0,0.0,0.0,3.4999999999999964,3.499999999999998,1.4243311550394859e-13,0.0,0.0,0.0,3.4999999999999964,3.499999999999998,1.4243311550394859e-13,5.021168616437167e-14,0.0,0.0,True,not_measured,IDENTITY,,,,"reported applicability, not independently validated accuracy",,"[1, 2]",,,False,0.0,True,7.184993592090905e-06,True,same input row and source ID; estimators preserve row order,/srv/slam-research/grf/map-denoise/runs/multiscan-pilot-v1/real-components-v4-h3dnauhf/outputs/da_thin__normal_translation__identity.npz,92dbb4e9a99396f4b5c36a6eca71dc93a3092b48296720a988dcec5ddd272cae,,,,,,,,
da_thin__normal_translation,da_thin,delivery_area,normal_translation,fast,1529,2,2.0,/srv/slam-research/grf/map-denoise/runs/multiscan-pilot-v1/patches/delivery_area/da_thin.json,3.5,0.0,3.666479606152402,43.854297393292,43.854271053229695,0.04806505131719104,43.64014000294458,43.640140002944584,9.50319435514174e-13,8.567046509775077,8.56691167524746,0.04806505131713122,43.51422523911264,43.514198693197486,0.04806505131718008,3.4999999999999964,3.499999999999998,1.4243311550394859e-13,4.893253796689778e-14,74.73700121178707,1.0,False,not_measured,APPLY,,,,"reported applicability, not independently validated accuracy","[-2.613169207245207, 2.3812504401021926]","[1, 2]",,,True,43.44266552406071,True,0.011623717000475153,False,same input row and source ID; estimators preserve row order,/srv/slam-research/grf/map-denoise/runs/multiscan-pilot-v1/real-components-v4-h3dnauhf/outputs/da_thin__normal_translation__fast.npz,d87a8c2d8225921383c250697890898daac247293d561f3dacb4675c7c30d44c,0.9999993899485743,3.4999978648200067,3.499997864820006,0.0038660387190708368,"[3.6664773694113526, -3.3410775028760953]",evaluation-only injection-space diagnostic; not a candidate or real geometry bound,7.292819162195633e-13,0.9999993899485743
da_thin__normal_translation,da_thin,delivery_area,normal_translation,graph_local,1529,2,2.0,/srv/slam-research/grf/map-denoise/runs/multiscan-pilot-v1/patches/delivery_area/da_thin.json,3.5,0.0,3.666479606152402,3.5432151955139695,3.5001095226518033,0.5510056725327441,0.5514836664455315,0.003910044963547147,0.5514698050705852,3.50088592539249,3.499827807518799,0.08606730116247097,0.5510195222415931,0.003906754159453096,0.5510056725327709,3.4999999999999964,3.499999999999998,1.4243311550394859e-13,1.5032616800775185e-09,1.1137863168814888,1.0,False,not_measured,APPLY,,1.0,,"reported applicability, not independently validated accuracy","[0.0, 0.0]","[1, 2]",,,True,0.5508114844820943,True,0.022681757996906526,False,same input row and source ID; estimators preserve row order,/srv/slam-research/grf/map-denoise/runs/multiscan-pilot-v1/real-components-v4-h3dnauhf/outputs/da_thin__normal_translation__graph_local.npz,29ddd24c215ebf2bc4a7b40f7b238e58db3c73b93d346d6c6ffe3db18206a306,0.007090046725676836,0.024815163539934845,0.024815163539934845,3.499912028559928,"[0.02599551172643126, -0.023688410060710485]",evaluation-only injection-space diagnostic; not a candidate or real geometry bound,2.560845821339055e-13,1.0
da_thin__normal_translation,da_thin,delivery_area,normal_translation,graph_shared,1529,2,2.0,/srv/slam-research/grf/map-denoise/runs/multiscan-pilot-v1/patches/delivery_area/da_thin.json,3.5,0.0,3.666479606152402,3.5432471444401257,3.5001334460646687,0.5510591495679722,0.551857996588845,0.0039126989817535335,0.551844125805224,3.500899528025865,3.4997898065110307,0.08814088479933294,0.5510730006209831,0.003907133323661486,0.551059149567998,3.4999999999999964,3.499999999999998,1.4243311550394859e-13,1.503365725955946e-09,1.1117763345570861,1.0,False,not_measured,APPLY,,1.0,,"reported applicability, not independently validated accuracy","[-0.01957699352691528, 0.01783953535140155]","[1, 2]",,,True,0.5507618994356689,True,0.06245311499515083,False,same input row and source ID; estimators preserve row order,/srv/slam-research/grf/map-denoise/runs/multiscan-pilot-v1/real-components-v4-h3dnauhf/outputs/da_thin__normal_translation__graph_shared.npz,256cf6b3013eea24b90dc6bc49318f74776ad096fe6f79feb6d45b5c10bef12e,0.007090046725676836,0.024815163539934845,0.024815163539934845,3.499912028559928,"[0.02599551172643126, -0.023688410060710485]",evaluation-only injection-space diagnostic; not a candidate or real geometry bound,2.5976535536647206e-13,1.0
da_thin__normal_translation,da_thin,delivery_area,normal_translation,measure_balanced,1529,2,2.0,/srv/slam-research/grf/map-denoise/runs/multiscan-pilot-v1/patches/delivery_area/da_thin.json,3.5,0.0,3.666479606152402,3.5005979228088497,3.5002933721182456,0.0461749529367831,0.06640354408320671,0.00042188576201641095,0.06640220387317117,3.49992993682585,3.4998714863562297,0.020227250936388053,0.0461758848957743,0.00029337211824801074,0.04617495293671702,3.4999999999999964,3.499999999999998,1.4243311550394859e-13,6.26042579284777e-14,0.048372268647591414,1.0,False,not_measured,APPLY,,1.0,1.0,"reported applicability, not independently validated accuracy","[-0.04837226864760293, 0.04407922980512817]","[1, 2]",1.0,0.9999999951151256,True,1.0813548714267227e-13,True,0.0321205420041224,False,same input row and source ID; estimators preserve row order,/srv/slam-research/grf/map-denoise/runs/multiscan-pilot-v1/real-components-v4-h3dnauhf/outputs/da_thin__normal_translation__measure_balanced.npz,df5128005488ace35ddae2e8ca47a402ea09048aa5357a6896a46c362246246a,0.0063533621262193045,0.022236767441833637,0.022236767441833647,3.499929360169105,"[0.023294472666353785, -0.021227088217214883]",evaluation-only injection-space diagnostic; not a candidate or real geometry bound,2.0462192714487202e-13,1.0000000000000002
da_thin__normal_translation,da_thin,delivery_area,normal_translation,measure_unbalanced,1529,2,2.0,/srv/slam-research/grf/map-denoise/runs/multiscan-pilot-v1/patches/delivery_area/da_thin.json,3.5,0.0,3.666479606152402,3.5000022438259983,3.500002226285631,0.00035040355692166753,0.023253111884020867,0.0001477354403649386,0.023252642570909067,3.4999294235229415,3.4998544908452667,0.022902239013987403,0.0003504106291263973,2.226285633343874e-06,0.00035040355685557234,3.4999999999999964,3.499999999999998,1.4243311550394859e-13,4.1789475574316176e-14,0.0003670781215409627,1.0,False,not_measured,APPLY,,1.0,1.0,"reported applicability, not independently validated accuracy","[-0.0003670781215328404, 0.00033449993824680077]","[1, 2]",0.5677955837784161,0.5677955837784159,True,8.866525811611708e-14,True,0.032043119994341396,False,same input row and source ID; estimators preserve row order,/srv/slam-research/grf/map-denoise/runs/multiscan-pilot-v1/real-components-v4-h3dnauhf/outputs/da_thin__normal_translation__measure_unbalanced.npz,3af4d3e5b5accd5ea08036130316aaeafe7d74b6d5c249e4c46f6b860ee42fac,0.0063533621262193045,0.022236767441833637,0.022236767441833647,3.499929360169105,"[0.023294472666353785, -0.021227088217214883]",evaluation-only injection-space diagnostic; not a candidate or real geometry bound,2.6429201376328476e-13,1.0000000000000002
da_thin__tangent_translation,da_thin,delivery_area,tangent_translation,identity,1529,2,2.0,/srv/slam-research/grf/map-denoise/runs/multiscan-pilot-v1/patches/delivery_area/da_thin.json,3.5,0.0,3.666479606152409,3.500000000000015,2.442617926098792e-14,3.500000000000015,0.0,0.0,0.0,3.500000000000015,2.442617926098792e-14,3.500000000000015,0.0,0.0,0.0,3.500000000000015,2.442617926098792e-14,3.500000000000015,2.368895622089937e-13,0.0,0.0,True,not_measured,IDENTITY,,,,"reported applicability, not independently validated accuracy",,"[1, 2]",,,False,0.0,True,7.128997822292149e-06,True,same input row and source ID; estimators preserve row order,/srv/slam-research/grf/map-denoise/runs/multiscan-pilot-v1/real-components-v4-h3dnauhf/outputs/da_thin__tangent_translation__identity.npz,bdd2abc229b071e51acbe0bbe01b4106fc97e103c96d772779d9345754fae1c2,,,,,,,,
da_thin__tangent_translation,da_thin,delivery_area,tangent_translation,fast,1529,2,2.0,/srv/slam-research/grf/map-denoise/runs/multiscan-pilot-v1/patches/delivery_area/da_thin.json,3.5,0.0,3.666479606152409,43.782204364940874,43.6420804393166,3.5000334257928842,43.64014000294458,43.640140002944584,9.50319435514174e-13,3.500058112458243,0.013145680517888055,3.500033425793028,43.64208044022351,43.642080439316594,0.0002813534307527207,3.500000000000015,2.442617926098792e-14,3.500000000000015,2.637086781981115e-13,75.94023483466214,1.0,False,not_measured,APPLY,,,,"reported applicability, not independently validated accuracy","[-5.429645918059208, 4.947764842831447]","[1, 2]",,,True,43.33320405841856,True,0.011552522992133163,False,same input row and source ID; estimators preserve row order,/srv/slam-research/grf/map-denoise/runs/multiscan-pilot-v1/real-components-v4-h3dnauhf/outputs/da_thin__tangent_translation__fast.npz,e9ce27ed7dcf898071c96f166224fa35c7a44c0ef14fab0fb9780d764ffb79fe,0.9999999999792194,2.2563922477039648e-05,2.2563922477039655e-05,3.4999999999272817,"[2.3637189027677484e-05, -2.1539388501471108e-05]",evaluation-only injection-space diagnostic; not a candidate or real geometry bound,1.2650898630431074e-12,0.9999999999792194
da_thin__tangent_translation,da_thin,delivery_area,tangent_translation,graph_local,1529,2,2.0,/srv/slam-research/grf/map-denoise/runs/multiscan-pilot-v1/patches/delivery_area/da_thin.json,3.5,0.0,3.666479606152409,1.5927301468494934,0.0224623945175419,1.59257174454269,0.5514836664455315,0.003910044963547147,0.5514698050705852,1.4945665726256983,0.022432124885013206,1.494398219947839,3.1681588833833043,0.02246239451755562,3.1680792526692074,3.500000000000015,2.442617926098792e-14,3.500000000000015,1.501973872698628e-09,4.854239486653351,1.0,False,not_measured,APPLY,,1.0,,"reported applicability, not independently validated accuracy","[0.0, 0.0]","[1, 2]",,,True,1.440817601789493,True,0.020916998997563496,False,same input row and source ID; estimators preserve row order,/srv/slam-research/grf/map-denoise/runs/multiscan-pilot-v1/real-components-v4-h3dnauhf/outputs/da_thin__tangent_translation__graph_local.npz,3543ff1d29feed7dc035975fbfebec000efa2715c287c6f3b81c0be9c45fbd4f,0.007090046725676701,3.4998988078184174,3.4998988078184183,0.026614564270764383,"[3.666373600703877, -3.340982943641407]",evaluation-only injection-space diagnostic; not a candidate or real geometry bound,2.61232081899352e-13,1.0
da_thin__tangent_translation,da_thin,delivery_area,tangent_translation,graph_shared,1529,2,2.0,/srv/slam-research/grf/map-denoise/runs/multiscan-pilot-v1/patches/delivery_area/da_thin.json,3.5,0.0,3.666479606152409,0.5531014849319658,0.02477630257845482,0.5525462763103978,0.551857996588845,0.0039126989817535335,0.551844125805224,0.042167150439920656,0.02480977768771173,0.03409609225863314,3.4945189414257127,0.024776302578471104,3.494431107750391,3.500000000000015,2.442617926098792e-14,3.500000000000015,1.5033851031741375e-09,4.401811552196258,1.0,False,not_measured,APPLY,,1.0,,"reported applicability, not independently validated accuracy","[3.6150568351982533, -3.2942205410744085]","[1, 2]",,,True,0.5502853723940396,True,0.08582133500021882,False,same input row and source ID; estimators preserve row order,/srv/slam-research/grf/map-denoise/runs/multiscan-pilot-v1/real-components-v4-h3dnauhf/outputs/da_thin__tangent_translation__graph_shared.npz,6855781555a2227901fb307d51b69b659fb5deb38c0abac2468ce27a42c97565,0.007090046725676701,3.4998988078184174,3.4998988078184183,0.026614564270764383,"[3.666373600703877, -3.340982943641407]",evaluation-only injection-space diagnostic; not a candidate or real geometry bound,2.613813172673169e-13,1.0
da_thin__tangent_translation,da_thin,delivery_area,tangent_translation,measure_balanced,1529,2,2.0,/srv/slam-research/grf/map-denoise/runs/multiscan-pilot-v1/patches/delivery_area/da_thin.json,3.5,0.0,3.666479606152409,0.14893325985026445,0.02130106858394226,0.14740210435000098,0.06640354408320671,0.00042188576201641095,0.06640220387317117,0.08391035991415273,0.021722954345958667,0.08104974864492824,3.3527238272846547,0.021301068583959012,3.3526561599006013,3.500000000000015,2.442617926098792e-14,3.500000000000015,3.718283286218356e-13,3.51219815365741,1.0,False,not_measured,APPLY,,1.0,1.0,"reported applicability, not independently validated accuracy","[3.512198153657405, -3.20049056752031]","[1, 2]",1.0,0.9999999953797098,True,1.369256842616381e-13,True,0.03252618901024107,False,same input row and source ID; estimators preserve row order,/srv/slam-research/grf/map-denoise/runs/multiscan-pilot-v1/real-components-v4-h3dnauhf/outputs/da_thin__tangent_translation__measure_balanced.npz,347aacb4be867e9b35537dc9f506c92630021e4e2c49c59476dfa37b49fa4d78,0.006353362126219298,3.4999267990945393,3.4999267990945406,0.022636275752912136,"[3.6664029234018916, -3.341009663949973]",evaluation-only injection-space diagnostic; not a candidate or real geometry bound,2.996479825104087e-13,1.0000000000000002
da_thin__tangent_translation,da_thin,delivery_area,tangent_translation,measure_unbalanced,1529,2,2.0,/srv/slam-research/grf/map-denoise/runs/multiscan-pilot-v1/patches/delivery_area/da_thin.json,3.5,0.0,3.666479606152409,0.12004154523135079,0.021487317456514363,0.11810278476841014,0.023253111884020867,0.0001477354403649386,0.023252642570909067,0.0973044492822861,0.021635052896879302,0.09486875321346973,3.382038837022201,0.021487317456531117,3.3819705779789104,3.500000000000015,2.442617926098792e-14,3.500000000000015,2.6000061360062177e-13,3.5429075494739504,1.0,False,not_measured,APPLY,,1.0,1.0,"reported applicability, not independently validated accuracy","[3.5429075494735307, -3.228474504457755]","[1, 2]",0.5662010676648966,0.5662010676648964,True,1.686050286548687e-13,True,0.031766554006026126,False,same input row and source ID; estimators preserve row order,/srv/slam-research/grf/map-denoise/runs/multiscan-pilot-v1/real-components-v4-h3dnauhf/outputs/da_thin__tangent_translation__measure_unbalanced.npz,69bdc97c7cc54a93543e420a72aaecc6cfe226f9a33ca3491be5ca642524cfc5,0.006353362126219298,3.4999267990945393,3.4999267990945406,0.022636275752912136,"[3.6664029234018916, -3.341009663949973]",evaluation-only injection-space diagnostic; not a candidate or real geometry bound,3.598978190942987e-14,1.0000000000000002
da_thin__small_rotation,da_thin,delivery_area,small_rotation,identity,1529,2,2.0,/srv/slam-research/grf/map-denoise/runs/multiscan-pilot-v1/patches/delivery_area/da_thin.json,3.5,0.12990855894814532,4.2352953044662467e-14,3.4999999999999996,3.495030539249136,0.18644444136496635,0.0,0.0,0.0,3.4999999999999996,3.495030539249136,0.18644444136496635,0.0,0.0,0.0,3.4999999999999996,3.495030539249136,0.18644444136496635,2.0319941241127746e-14,0.0,0.0,True,not_measured,IDENTITY,,,,"reported applicability, not independently validated accuracy",,"[1, 2]",,,False,0.0,True,7.334005204029381e-06,True,same input row and source ID; estimators preserve row order,/srv/slam-research/grf/map-denoise/runs/multiscan-pilot-v1/real-components-v4-h3dnauhf/outputs/da_thin__small_rotation__identity.npz,b40d41623b0f97359c98f290f06e65a3a639cf5be0c3bfcb1e552f37fe60cb01,,,,,,,,
da_thin__small_rotation,da_thin,delivery_area,small_rotation,fast,1529,2,2.0,/srv/slam-research/grf/map-denoise/runs/multiscan-pilot-v1/patches/delivery_area/da_thin.json,3.5,0.12990855894814532,4.2352953044662467e-14,43.81500691369296,43.81460915726507,0.18669558930560815,43.64014000294458,43.640140002944584,9.50319435514174e-13,14.768447399631372,14.767267294682947,0.18669558930543137,43.32903669954201,43.329031472562754,0.021282855190082103,3.4999999999999996,3.495030539249136,0.18644444136496635,3.3914123856782555e-14,74.18954821918882,1.0,False,not_measured,APPLY,,,,"reported applicability, not independently validated accuracy","[-5.4481085231542465, 4.964588891724318]","[1, 2]",,,True,43.01578550085188,True,0.011638611991656944,False,same input row and source ID; estimators preserve row order,/srv/slam-research/grf/map-denoise/runs/multiscan-pilot-v1/real-components-v4-h3dnauhf/outputs/da_thin__small_rotation__fast.npz,7332f0efde4be88aa80f82cf3a86fd776c89ef968f45c2cbe34fbbed884929b7,0.9999998793654404,3.49503093467548,1.7890926500510653e-15,3.4999999999999996,"[1.8741919185512876e-15, -1.707857385779861e-15]",evaluation-only injection-space diagnostic; not a candidate or real geometry bound,4.430108928746921e-13,0.9999998793654404
da_thin__small_rotation,da_thin,delivery_area,small_rotation,graph_local,1529,2,2.0,/srv/slam-research/grf/map-denoise/runs/multiscan-pilot-v1/patches/delivery_area/da_thin.json,3.5,0.12990855894814532,4.2352953044662467e-14,3.5404835733039484,3.493277104871356,0.5762282546150396,0.5514836664455315,0.003910044963547147,0.5514698050705852,3.4980358533321643,3.494934341493052,0.14727111003117083,0.6011071273854922,0.0039264455394936865,0.601094303432551,3.4999999999999996,3.495030539249136,0.18644444136496635,1.503424197515551e-09,1.2076508244387207,1.0,False,not_measured,APPLY,,1.0,,"reported applicability, not independently validated accuracy","[0.0, 0.0]","[1, 2]",,,True,0.6003312956638448,True,0.020979583001462743,False,same input row and source ID; estimators preserve row order,/srv/slam-research/grf/map-denoise/runs/multiscan-pilot-v1/real-components-v4-h3dnauhf/outputs/da_thin__small_rotation__graph_local.npz,fc0f82542a842a6005ed2a7c0215bf0b0f8a5276723ca14544f24593c8350ca5,0.006532022930041778,0.15142340318734243,2.3263476249408222e-14,3.4999999999999996,"[-2.4370017496190737e-14, 2.220717844340381e-14]",evaluation-only injection-space diagnostic; not a candidate or real geometry bound,2.5853782659975744e-13,0.9999998440255611
da_thin__small_rotation,da_thin,delivery_area,small_rotation,graph_shared,1529,2,2.0,/srv/slam-research/grf/map-denoise/runs/multiscan-pilot-v1/patches/delivery_area/da_thin.json,3.5,0.12990855894814532,4.2352953044662467e-14,3.5404410536258184,3.493329790076305,0.575647315606122,0.551857996588845,0.0039126989817535335,0.551844125805224,3.4980749877620463,3.494910574999857,0.14875716036753747,0.6013082812250125,0.003927759480984416,0.6012954529806775,3.4999999999999996,3.495030539249136,0.18644444136496635,1.5035062941883593e-09,1.2099824093219544,1.0,False,not_measured,APPLY,,1.0,,"reported applicability, not independently validated accuracy","[-0.03892101205588482, 0.035466772235925044]","[1, 2]",,,True,0.6001596747595446,True,0.07708245801040903,False,same input row and source ID; estimators preserve row order,/srv/slam-research/grf/map-denoise/runs/multiscan-pilot-v1/real-components-v4-h3dnauhf/outputs/da_thin__small_rotation__graph_shared.npz,c9bf5677aa74c46ac4b6e834f82e613107c0eaabddceefcc7387d5dec6333145,0.006532022930041778,0.15142340318734243,2.3263476249408222e-14,3.4999999999999996,"[-2.4370017496190737e-14, 2.220717844340381e-14]",evaluation-only injection-space diagnostic; not a candidate or real geometry bound,2.57310943823172e-13,0.9999998440255611
da_thin__small_rotation,da_thin,delivery_area,small_rotation,measure_balanced,1529,2,2.0,/srv/slam-research/grf/map-denoise/runs/multiscan-pilot-v1/patches/delivery_area/da_thin.json,3.5,0.12990855894814532,4.2352953044662467e-14,3.500182155459686,3.4950305473413708,0.1898330702198593,0.06640354408320671,0.00042188576201641095,0.06640220387317117,3.500134592798583,3.495030544095284,0.18895413079985574,0.035708842020500335,0.00023783448112812112,0.035708049977626014,3.4999999999999996,3.495030539249136,0.18644444136496635,5.603801358400028e-14,0.03740735457939284,1.0,False,not_measured,APPLY,,1.0,1.0,"reported applicability, not independently validated accuracy","[-0.037407354579406825, 0.034087451860484466]","[1, 2]",0.9999999999999999,0.999999168892125,True,1.5135716548177462e-13,True,0.032879070000490174,False,same input row and source ID; estimators preserve row order,/srv/slam-research/grf/map-denoise/runs/multiscan-pilot-v1/real-components-v4-h3dnauhf/outputs/da_thin__small_rotation__measure_balanced.npz,fe668d0dc2ac18fca4857282b2846505a2bfe9fe4d76dd86bacd94b45c235f60,0.006660380669814737,0.1514425194929558,2.3262232024679913e-14,3.4999999999999996,"[-2.4368714089164502e-14, 2.220599071375115e-14]",evaluation-only injection-space diagnostic; not a candidate or real geometry bound,1.1384023719447037e-13,0.9999993736091707
da_thin__small_rotation,da_thin,delivery_area,small_rotation,measure_unbalanced,1529,2,2.0,/srv/slam-research/grf/map-denoise/runs/multiscan-pilot-v1/patches/delivery_area/da_thin.json,3.5,0.12990855894814532,4.2352953044662467e-14,3.5001132214373536,3.495030544278934,0.18855783579016824,0.023253111884020867,0.0001477354403649386,0.023252642570909067,3.500377484704632,3.4950305553272543,0.19340101539545135,0.028152493328323615,0.00018750632237428259,0.028151868889655887,3.4999999999999996,3.495030539249136,0.18644444136496635,8.47570166256169e-14,0.029491583614614635,1.0,False,not_measured,APPLY,,1.0,1.0,"reported applicability, not independently validated accuracy","[0.02949158361438476, -0.02687420556860811]","[1, 2]",0.5604556339611073,0.5604556339611044,True,1.3936578857393899e-13,True,0.03290622099302709,False,same input row and source ID; estimators preserve row order,/srv/slam-research/grf/map-denoise/runs/multiscan-pilot-v1/real-components-v4-h3dnauhf/outputs/da_thin__small_rotation__measure_unbalanced.npz,951441788a5f67f918021a4b59819431c83bca0689bc021e036499cbdb58bede,0.006660380669814737,0.1514425194929558,2.3262232024679913e-14,3.4999999999999996,"[-2.4368714089164502e-14, 2.220599071375115e-14]",evaluation-only injection-space diagnostic; not a candidate or real geometry bound,8.774262194740825e-14,0.9999993736091707
da_wall__zero,da_wall,delivery_area,zero,identity,1600,2,2.0,/srv/slam-research/grf/map-denoise/runs/multiscan-pilot-v1/patches/delivery_area/da_wall.json,0.0,0.0,0.0,0.0,0.0,0.0,0.0,0.0,0.0,0.0,0.0,0.0,0.0,0.0,0.0,0.0,0.0,0.0,0.0,0.0,0.0,True,not_measured,IDENTITY,,,,"reported applicability, not independently validated accuracy",,"[1, 2]",,,False,0.0,True,9.076000424101949e-06,True,same input row and source ID; estimators preserve row order,/srv/slam-research/grf/map-denoise/runs/multiscan-pilot-v1/real-components-v4-h3dnauhf/outputs/da_wall__zero__identity.npz,08ebf45060d2e26128e7c3b4bf7bceef4bbbd9710c42ad0565f4c960b1eb1683,,,,,,,,
da_wall__zero,da_wall,delivery_area,zero,fast,1600,2,2.0,/srv/slam-research/grf/map-denoise/runs/multiscan-pilot-v1/patches/delivery_area/da_wall.json,0.0,0.0,0.0,42.54602743094465,42.546027430944655,1.2192730953987084e-12,42.54602743094465,42.546027430944655,1.2192730953987084e-12,0.0,0.0,0.0,42.54602743094465,42.546027430944655,1.2192730953987084e-12,0.0,0.0,0.0,3.767243725341078e-14,73.044389805043,1.0,False,not_measured,APPLY,,,,"reported applicability, not independently validated accuracy","[-6.010446867949383, 6.010446867949412]","[1, 2]",,,True,42.11934209602819,True,0.020549306005705148,False,same input row and source ID; estimators preserve row order,/srv/slam-research/grf/map-denoise/runs/multiscan-pilot-v1/real-components-v4-h3dnauhf/outputs/da_wall__zero__fast.npz,3bc81bdff835ae97e1f52d95a81617a2b78dff570c3501258d920d83e31ff1f8,1.0000000000000002,0.0,0.0,0.0,"[0.0, 0.0]",evaluation-only injection-space diagnostic; not a candidate or real geometry bound,1.2192730953987084e-12,1.0000000000000002
da_wall__zero,da_wall,delivery_area,zero,graph_local,1600,2,2.0,/srv/slam-research/grf/map-denoise/runs/multiscan-pilot-v1/patches/delivery_area/da_wall.json,0.0,0.0,0.0,1.0058261428306374,0.0038045591019976416,1.0058189473914265,1.0058261428306374,0.0038045591019976416,1.0058189473914265,0.0,0.0,0.0,1.0058261428306374,0.0038045591019976416,1.0058189473914265,0.0,0.0,0.0,0.03280177562632924,1.6161064828876075,0.731875,False,not_measured,APPLY,,0.731875,,"reported applicability, not independently validated accuracy","[0.0, 0.0]","[1, 2]",,,True,1.0050812346092726,True,0.032244634014205076,False,same input row and source ID; estimators preserve row order,/srv/slam-research/grf/map-denoise/runs/multiscan-pilot-v1/real-components-v4-h3dnauhf/outputs/da_wall__zero__graph_local.npz,ad40d222c3a1adc96b4df067af15d3bb31ecb5e717cceb476a8ec4335dc7877a,0.0037825215909486946,0.0,0.0,0.0,"[0.0, 0.0]",evaluation-only injection-space diagnostic; not a candidate or real geometry bound,1.5938233150516016e-13,1.0000000000000002
da_wall__zero,da_wall,delivery_area,zero,graph_shared,1600,2,2.0,/srv/slam-research/grf/map-denoise/runs/multiscan-pilot-v1/patches/delivery_area/da_wall.json,0.0,0.0,0.0,1.0524853898007065,0.003981048711078982,1.052477860572423,1.0524853898007065,0.003981048711078982,1.052477860572423,0.0,0.0,0.0,1.0524853898007065,0.003981048711078982,1.052477860572423,0.0,0.0,0.0,0.027103502030853335,1.905132324781768,0.73125,False,not_measured,APPLY,,0.73125,,"reported applicability, not independently validated accuracy","[0.4863558663235688, -0.48635586632356875]","[1, 2]",,,True,1.0091212591984624,True,0.10325255100906361,False,same input row and source ID; estimators preserve row order,/srv/slam-research/grf/map-denoise/runs/multiscan-pilot-v1/real-components-v4-h3dnauhf/outputs/da_wall__zero__graph_shared.npz,f45c169b680c145bdcb5eaee7c3400c2e6b6f3a8b3e4f14e973e61794d858ff1,0.0037825215909486946,0.0,0.0,0.0,"[0.0, 0.0]",evaluation-only injection-space diagnostic; not a candidate or real geometry bound,1.6077565822678798e-13,1.0000000000000002
da_wall__zero,da_wall,delivery_area,zero,measure_balanced,1600,2,2.0,/srv/slam-research/grf/map-denoise/runs/multiscan-pilot-v1/patches/delivery_area/da_wall.json,0.0,0.0,0.0,0.07820486201590589,0.00020865537942286,0.07820458366272094,0.07820486201590589,0.00020865537942286,0.07820458366272094,0.0,0.0,0.0,0.07820486201590589,0.00020865537942286,0.07820458366272094,0.0,0.0,0.0,3.7117000689342386e-14,0.07820486201590603,1.0,False,not_measured,APPLY,,1.0,1.0,"reported applicability, not independently validated accuracy","[-0.07820486201590986, 0.07820486201590986]","[1, 2]",0.9999999999999997,0.8647291147990881,True,2.974470824336824e-14,True,0.03716854899539612,False,same input row and source ID; estimators preserve row order,/srv/slam-research/grf/map-denoise/runs/multiscan-pilot-v1/real-components-v4-h3dnauhf/outputs/da_wall__zero__measure_balanced.npz,d9c5f3f282e5fd492d5def85020198dd680a761d45797bbce9585d63cdc11ef1,0.002668061474131039,0.0,0.0,0.0,"[0.0, 0.0]",evaluation-only injection-space diagnostic; not a candidate or real geometry bound,7.03281170867381e-14,1.0000000000000002
da_wall__zero,da_wall,delivery_area,zero,measure_unbalanced,1600,2,2.0,/srv/slam-research/grf/map-denoise/runs/multiscan-pilot-v1/patches/delivery_area/da_wall.json,0.0,0.0,0.0,0.0053280195681297765,1.4215483756900866e-05,0.005328000604203736,0.0053280195681297765,1.4215483756900866e-05,0.005328000604203736,0.0,0.0,0.0,0.0053280195681297765,1.4215483756900866e-05,0.005328000604203736,0.0,0.0,0.0,9.799802154963868e-14,0.00532801956825258,1.0,False,not_measured,APPLY,,1.0,1.0,"reported applicability, not independently validated accuracy","[-0.005328019568244428, 0.005328019568244428]","[1, 2]",0.2502709379713388,0.25027040218134744,True,1.9134373142856825e-13,True,0.03649491300166119,False,same input row and source ID; estimators preserve row order,/srv/slam-research/grf/map-denoise/runs/multiscan-pilot-v1/real-components-v4-h3dnauhf/outputs/da_wall__zero__measure_unbalanced.npz,fbce4fd23e65b9b044512374cb74e5438f2fcb7f26d033017e7aa36091c8aa34,0.002668061474131039,0.0,0.0,0.0,"[0.0, 0.0]",evaluation-only injection-space diagnostic; not a candidate or real geometry bound,1.1714518120850022e-13,1.0000000000000002
da_wall__normal_translation,da_wall,delivery_area,normal_translation,identity,1600,2,2.0,/srv/slam-research/grf/map-denoise/runs/multiscan-pilot-v1/patches/delivery_area/da_wall.json,3.5,0.0,3.4999999999999605,3.4999999999999916,3.4999999999999916,2.720833269478182e-13,0.0,0.0,0.0,3.4999999999999916,3.4999999999999916,2.720833269478182e-13,0.0,0.0,0.0,3.4999999999999916,3.4999999999999916,2.720833269478182e-13,1.584917858555531e-13,0.0,0.0,True,not_measured,IDENTITY,,,,"reported applicability, not independently validated accuracy",,"[1, 2]",,,False,0.0,True,8.570001227781177e-06,True,same input row and source ID; estimators preserve row order,/srv/slam-research/grf/map-denoise/runs/multiscan-pilot-v1/real-components-v4-h3dnauhf/outputs/da_wall__normal_translation__identity.npz,f90b04a2ee9d75a60d9a82997038d2565c46f669ab79694ea7baaad34f8c940d,,,,,,,,
da_wall__normal_translation,da_wall,delivery_area,normal_translation,fast,1600,2,2.0,/srv/slam-research/grf/map-denoise/runs/multiscan-pilot-v1/patches/delivery_area/da_wall.json,3.5,0.0,3.4999999999999605,43.07219190028394,43.072166897195025,0.04640985953521559,42.54602743094465,42.546027430944655,1.2192730953987084e-12,8.783042042048603,8.782919425642662,0.046409859535309544,42.50587091761237,42.505845581398134,0.046409859535193033,3.4999999999999916,3.4999999999999916,2.720833269478182e-13,8.69917774198643e-14,72.62462510586049,1.0,False,not_measured,APPLY,,,,"reported applicability, not independently validated accuracy","[-5.17352488805993, 5.173524888059944]","[1, 2]",,,True,42.189853077456306,True,0.023120220997952856,False,same input row and source ID; estimators preserve row order,/srv/slam-research/grf/map-denoise/runs/multiscan-pilot-v1/real-components-v4-h3dnauhf/outputs/da_wall__normal_translation__fast.npz,6347fd613768f5b5d6c7803c32757df41986171ca4058e30440366ac5d78afad,0.9999994039361225,3.4999979137764203,3.49999791377642,0.0038214605384950784,"[3.4999979137764203, -3.49999791377642]",evaluation-only injection-space diagnostic; not a candidate or real geometry bound,1.0051178222930872e-12,0.9999994039361225
da_wall__normal_translation,da_wall,delivery_area,normal_translation,graph_local,1600,2,2.0,/srv/slam-research/grf/map-denoise/runs/multiscan-pilot-v1/patches/delivery_area/da_wall.json,3.5,0.0,3.4999999999999605,3.6379270213975796,3.5000811101395852,0.99194013703384,1.0058261428306374,0.0038045591019976416,1.0058189473914265,3.512179770917364,3.5000015728969744,0.29222548307745416,0.9919472331866522,0.003752061826609123,0.9919401370338352,3.4999999999999916,3.4999999999999916,2.720833269478182e-13,0.03685789451810997,1.6054289484084656,0.73125,False,not_measured,APPLY,,0.73125,,"reported applicability, not independently validated accuracy","[0.0, 0.0]","[1, 2]",,,True,0.9910416232211852,True,0.03220618300838396,False,same input row and source ID; estimators preserve row order,/srv/slam-research/grf/map-denoise/runs/multiscan-pilot-v1/real-components-v4-h3dnauhf/outputs/da_wall__normal_translation__graph_local.npz,a0ba08fdd7a2f62bdc431619b325a2dac9bae02609f9a5db1dae7020afc86493,0.003782521590948552,0.013238825568265482,0.013238825568265486,3.499974961838657,"[0.013238825568265482, -0.013238825568265482]",evaluation-only injection-space diagnostic; not a candidate or real geometry bound,1.5809672303816004e-13,1.0000000000000002
da_wall__normal_translation,da_wall,delivery_area,normal_translation,graph_shared,1600,2,2.0,/srv/slam-research/grf/map-denoise/runs/multiscan-pilot-v1/patches/delivery_area/da_wall.json,3.5,0.0,3.4999999999999605,3.6480044134098595,3.4989283563002167,1.0321998632707112,1.0524853898007065,0.003981048711078982,1.052477860572423,3.5122713941282875,3.500052827453495,0.2927124033017087,1.0322072474340052,0.003904346199752879,1.0321998632706932,3.4999999999999916,3.4999999999999916,2.720833269478182e-13,0.03138718348298629,1.8739116500706452,0.730625,False,not_measured,APPLY,,0.730625,,"reported applicability, not independently validated accuracy","[0.46566402400853296, -0.46566402400853296]","[1, 2]",,,True,0.9919160934749375,True,0.17647664599644486,False,same input row and source ID; estimators preserve row order,/srv/slam-research/grf/map-denoise/runs/multiscan-pilot-v1/real-components-v4-h3dnauhf/outputs/da_wall__normal_translation__graph_shared.npz,c8f29531bae7e1ea648ab8b7d8f639ab0b8dbba32427ab1811aa50efec86ac39,0.003782521590948552,0.013238825568265482,0.013238825568265486,3.499974961838657,"[0.013238825568265482, -0.013238825568265482]",evaluation-only injection-space diagnostic; not a candidate or real geometry bound,1.5901661091127508e-13,1.0000000000000002
da_wall__normal_translation,da_wall,delivery_area,normal_translation,measure_balanced,1600,2,2.0,/srv/slam-research/grf/map-denoise/runs/multiscan-pilot-v1/patches/delivery_area/da_wall.json,3.5,0.0,3.4999999999999605,3.500787853375349,3.5001747943544204,0.0655133826510041,0.07820486201590589,0.00020865537942286,0.07820458366272094,3.4999891486338455,3.4999661389749974,0.01269120101171683,0.06551361583251489,0.00017479435442897627,0.06551338265105842,3.4999999999999916,3.4999999999999916,2.720833269478182e-13,9.38572886693668e-14,0.06551361583259514,1.0,False,not_measured,APPLY,,1.0,1.0,"reported applicability, not independently validated accuracy","[-0.06551361583250528, 0.0655136158325053]","[1, 2]",1.0,0.8647350258761816,True,6.8426170096891e-14,True,0.037044483004137874,False,same input row and source ID; estimators preserve row order,/srv/slam-research/grf/map-denoise/runs/multiscan-pilot-v1/real-components-v4-h3dnauhf/outputs/da_wall__normal_translation__measure_balanced.npz,beb07676a5fda1d7e6e51b1d4bb21aa58a79cf28fef858a359dca5650f8db3a5,0.002668061474130991,0.009338215159404124,0.009338215159404124,3.4999875425117692,"[0.009338215159404124, -0.009338215159404124]",evaluation-only injection-space diagnostic; not a candidate or real geometry bound,1.094859606222852e-13,1.0000000000000002
da_wall__normal_translation,da_wall,delivery_area,normal_translation,measure_unbalanced,1600,2,2.0,/srv/slam-research/grf/map-denoise/runs/multiscan-pilot-v1/patches/delivery_area/da_wall.json,3.5,0.0,3.4999999999999605,3.499988584804133,3.4999822918084846,0.006637076635912303,0.0053280195681297765,1.4215483756900866e-05,0.005328000604203736,3.499988528319139,3.499968076324727,0.01196507724011604,0.006637100259171801,1.770819150731655e-05,0.006637076635857983,3.4999999999999916,3.4999999999999916,2.720833269478182e-13,2.2887272572166664e-13,0.006637100259252029,1.0,False,not_measured,APPLY,,1.0,1.0,"reported applicability, not independently validated accuracy","[0.006637100259130551, -0.006637100259130552]","[1, 2]",0.24984337965304923,0.2498428577057378,True,6.541389954949268e-14,True,0.03625404699414503,False,same input row and source ID; estimators preserve row order,/srv/slam-research/grf/map-denoise/runs/multiscan-pilot-v1/real-components-v4-h3dnauhf/outputs/da_wall__normal_translation__measure_unbalanced.npz,39a7d41b7a2fdc20f721ed927eef80517f297729165d460a9aeebc16010a5399,0.002668061474130991,0.009338215159404124,0.009338215159404124,3.4999875425117692,"[0.009338215159404124, -0.009338215159404124]",evaluation-only injection-space diagnostic; not a candidate or real geometry bound,1.2044913572861366e-13,1.0000000000000002
da_wall__tangent_translation,da_wall,delivery_area,tangent_translation,identity,1600,2,2.0,/srv/slam-research/grf/map-denoise/runs/multiscan-pilot-v1/patches/delivery_area/da_wall.json,3.5,0.0,3.5000000000000435,3.5000000000000244,2.5173498022944107e-14,3.5000000000000244,0.0,0.0,0.0,3.5000000000000244,2.5173498022944107e-14,3.5000000000000244,0.0,0.0,0.0,3.5000000000000244,2.5173498022944107e-14,3.5000000000000244,4.928101178829391e-14,0.0,0.0,True,not_measured,IDENTITY,,,,"reported applicability, not independently validated accuracy",,"[1, 2]",,,False,0.0,True,7.745999027974904e-06,True,same input row and source ID; estimators preserve row order,/srv/slam-research/grf/map-denoise/runs/multiscan-pilot-v1/real-components-v4-h3dnauhf/outputs/da_wall__tangent_translation__identity.npz,dd9e030dc0f2ba179d48a4de5469f0a7c6a6711b77a7234f375be7aaa99bdca5,,,,,,,,
da_wall__tangent_translation,da_wall,delivery_area,tangent_translation,fast,1600,2,2.0,/srv/slam-research/grf/map-denoise/runs/multiscan-pilot-v1/patches/delivery_area/da_wall.json,3.5,0.0,3.5000000000000435,42.689932723920435,42.546214125586765,3.5000027932238966,42.54602743094465,42.546027430944655,1.2192730953987084e-12,3.5000030585809254,0.0013629004472398964,3.5000027932243434,42.54621412559135,42.546214125586765,1.9768136737101037e-05,3.5000000000000244,2.5173498022944107e-14,3.5000000000000244,1.3432473214414524e-13,73.0439705759807,1.0,False,not_measured,APPLY,,,,"reported applicability, not independently validated accuracy","[-6.011631325635648, 6.011631325635648]","[1, 2]",,,True,42.119361643136344,True,0.021555314990109764,False,same input row and source ID; estimators preserve row order,/srv/slam-research/grf/map-denoise/runs/multiscan-pilot-v1/real-components-v4-h3dnauhf/outputs/da_wall__tangent_translation__fast.npz,a0095cda99abecbce1a9006ca876656b31ec371f2b34b0b2ad36a6817a01da53,0.9999999999998923,1.6261957888153073e-06,1.6261957888153073e-06,3.499999999999647,"[1.6261957888153073e-06, -1.6261957888153073e-06]",evaluation-only injection-space diagnostic; not a candidate or real geometry bound,1.317611685210699e-12,0.9999999999998923
da_wall__tangent_translation,da_wall,delivery_area,tangent_translation,graph_local,1600,2,2.0,/srv/slam-research/grf/map-denoise/runs/multiscan-pilot-v1/patches/delivery_area/da_wall.json,3.5,0.0,3.5000000000000435,3.603003500882049,0.00404928615445489,3.6030012254577346,1.0058261428306374,0.0038045591019976416,1.0058189473914265,3.4813837743891787,0.0017933406147109948,3.4813833124937115,1.070525589105665,0.004049286154454629,1.070517930822119,3.5000000000000244,2.5173498022944107e-14,3.5000000000000244,0.02782801724142681,2.108873743413561,0.730625,False,not_measured,APPLY,,0.730625,,"reported applicability, not independently validated accuracy","[0.0, 0.0]","[1, 2]",,,True,1.0606031539532665,True,0.03402818999893498,False,same input row and source ID; estimators preserve row order,/srv/slam-research/grf/map-denoise/runs/multiscan-pilot-v1/real-components-v4-h3dnauhf/outputs/da_wall__tangent_translation__graph_local.npz,12947e1b22925c269077335b20c25188fa7f2e4e7a051a3b50a870d5e495c022,0.0037825215909485467,1.4516692414157997,1.4516692414158001,3.1847537445660454,"[-1.4516692414157997, 1.4516692414158]",evaluation-only injection-space diagnostic; not a candidate or real geometry bound,1.6376024982313324e-13,1.0000000000000002
da_wall__tangent_translation,da_wall,delivery_area,tangent_translation,graph_shared,1600,2,2.0,/srv/slam-research/grf/map-denoise/runs/multiscan-pilot-v1/patches/delivery_area/da_wall.json,3.5,0.0,3.5000000000000435,3.4459172905946183,0.005032972751072405,3.445913615110548,1.0524853898007065,0.003981048711078982,1.052477860572423,3.2778658766514184,0.004640397022532083,3.2778625919997384,1.3305866549741576,0.005032972751068177,1.3305771362760617,3.5000000000000244,2.5173498022944107e-14,3.5000000000000244,0.035296426648325385,2.328219239589038,0.73125,False,not_measured,APPLY,,0.73125,,"reported applicability, not independently validated accuracy","[-0.9182474748088724, 0.9182474748088724]","[1, 2]",,,True,1.1058097208003252,True,0.12227684000390582,False,same input row and source ID; estimators preserve row order,/srv/slam-research/grf/map-denoise/runs/multiscan-pilot-v1/real-components-v4-h3dnauhf/outputs/da_wall__tangent_translation__graph_shared.npz,fb660f4a00e6c39c70020d26c1b90287c859cf03d86450632e146046a0136cdd,0.0037825215909485467,1.4516692414157997,1.4516692414158001,3.1847537445660454,"[-1.4516692414157997, 1.4516692414158]",evaluation-only injection-space diagnostic; not a candidate or real geometry bound,1.5802593583532591e-13,1.0000000000000002
da_wall__tangent_translation,da_wall,delivery_area,tangent_translation,measure_balanced,1600,2,2.0,/srv/slam-research/grf/map-denoise/runs/multiscan-pilot-v1/patches/delivery_area/da_wall.json,3.5,0.0,3.5000000000000435,3.185960555581345,0.003994619117345915,3.1859580513149104,0.07820486201590589,0.00020865537942286,0.07820458366272094,3.185756746398723,0.0037859637379230545,3.185754496772083,1.4971990548504397,0.003994619117341404,1.4971937258962704,3.5000000000000244,2.5173498022944107e-14,3.5000000000000244,1.8582378603237222e-14,1.4971990548506002,1.0,False,not_measured,APPLY,,1.0,1.0,"reported applicability, not independently validated accuracy","[-1.4971990548503957, 1.497199054850396]","[1, 2]",0.9999999999999997,0.8590788817379935,True,9.549959633809939e-14,True,0.03775490200496279,False,same input row and source ID; estimators preserve row order,/srv/slam-research/grf/map-denoise/runs/multiscan-pilot-v1/real-components-v4-h3dnauhf/outputs/da_wall__tangent_translation__measure_balanced.npz,0d9f929bb1cad798676dfad598478a52ab459a166f5a9e5a8ba59702c0d93964,0.0026680614741310554,1.449793978315972,1.4497939783159723,3.1856078572917474,"[-1.4497939783159723, 1.4497939783159723]",evaluation-only injection-space diagnostic; not a candidate or real geometry bound,2.776569429927986e-14,1.0000000000000002
da_wall__tangent_translation,da_wall,delivery_area,tangent_translation,measure_unbalanced,1600,2,2.0,/srv/slam-research/grf/map-denoise/runs/multiscan-pilot-v1/patches/delivery_area/da_wall.json,3.5,0.0,3.5000000000000435,3.1857492019716727,0.0037880728312108102,3.185746949832547,0.0053280195681297765,1.4215483756900866e-05,0.005328000604203736,3.1858038460980214,0.0037738573474539105,3.1858016108687095,1.4197846893382724,0.0037880728312063017,1.4197796359236883,3.5000000000000244,2.5173498022944107e-14,3.5000000000000244,9.605447572398586e-14,1.4197846893383126,1.0,False,not_measured,APPLY,,1.0,1.0,"reported applicability, not independently validated accuracy","[-1.4197846893382526, 1.4197846893382526]","[1, 2]",0.25082719673116743,0.25082662190514393,True,6.33712533248238e-14,True,0.03641565699945204,False,same input row and source ID; estimators preserve row order,/srv/slam-research/grf/map-denoise/runs/multiscan-pilot-v1/real-components-v4-h3dnauhf/outputs/da_wall__tangent_translation__measure_unbalanced.npz,c5520e509e9917b62b4818dc90013eab3eb00fa437b60e18477153219ebca2de,0.0026680614741310554,1.449793978315972,1.4497939783159723,3.1856078572917474,"[-1.4497939783159723, 1.4497939783159723]",evaluation-only injection-space diagnostic; not a candidate or real geometry bound,1.5668442921179726e-13,1.0000000000000002
da_wall__small_rotation,da_wall,delivery_area,small_rotation,identity,1600,2,2.0,/srv/slam-research/grf/map-denoise/runs/multiscan-pilot-v1/patches/delivery_area/da_wall.json,3.5,0.1533314280425289,1.6946961029396556e-14,3.5000000000000004,3.4925388848342847,0.22841221053283556,0.0,0.0,0.0,3.5000000000000004,3.4925388848342847,0.22841221053283556,0.0,0.0,0.0,3.5000000000000004,3.4925388848342847,0.22841221053283556,1.051539936115151e-14,0.0,0.0,True,not_measured,IDENTITY,,,,"reported applicability, not independently validated accuracy",,"[1, 2]",,,False,0.0,True,7.5499992817640305e-06,True,same input row and source ID; estimators preserve row order,/srv/slam-research/grf/map-denoise/runs/multiscan-pilot-v1/real-components-v4-h3dnauhf/outputs/da_wall__small_rotation__identity.npz,1ffd5c77a354cee6df191063beeb63c7aa8b2e149dc9c41cc93d57811a0fc3b4,,,,,,,,
da_wall__small_rotation,da_wall,delivery_area,small_rotation,fast,1600,2,2.0,/srv/slam-research/grf/map-denoise/runs/multiscan-pilot-v1/patches/delivery_area/da_wall.json,3.5,0.1533314280425289,1.6946961029396556e-14,42.72418288859119,42.72354961452729,0.2326195022191247,42.54602743094465,42.546027430944655,1.2192730953987084e-12,12.60910790912246,12.606961982614287,0.23261950221911135,42.71420268970448,42.71417712041647,0.04673695377297728,3.5000000000000004,3.4925388848342847,0.22841221053283556,8.167383252563094e-14,73.57872430719922,1.0,False,not_measured,APPLY,,,,"reported applicability, not independently validated accuracy","[-6.888461698825566, 6.888461698825566]","[1, 2]",,,True,42.155097044615744,True,0.022003783989930525,False,same input row and source ID; estimators preserve row order,/srv/slam-research/grf/map-denoise/runs/multiscan-pilot-v1/real-components-v4-h3dnauhf/outputs/da_wall__small_rotation__fast.npz,5f56c85993e246d5366ed4679191bb5000830450e2c56ce0f3b8f66aa3f836af,0.9999994013867426,3.4925346123909113,1.2490009027033013e-15,3.5000000000000004,"[-1.2490009027033015e-15, 1.2490009027033007e-15]",evaluation-only injection-space diagnostic; not a candidate or real geometry bound,2.798196147595719e-12,0.9999994013867426
da_wall__small_rotation,da_wall,delivery_area,small_rotation,graph_local,1600,2,2.0,/srv/slam-research/grf/map-denoise/runs/multiscan-pilot-v1/patches/delivery_area/da_wall.json,3.5,0.1533314280425289,1.6946961029396556e-14,3.6338593711608604,3.4925808859798235,1.003400560226072,1.0058261428306374,0.0038045591019976416,1.0058189473914265,3.5131837894948577,3.492516881509275,0.38050778065918317,0.9780676849660609,0.00371702836443572,0.978060621881388,3.5000000000000004,3.4925388848342847,0.22841221053283556,0.035431042360205695,1.5803456106239309,0.733125,False,not_measured,APPLY,,0.733125,,"reported applicability, not independently validated accuracy","[0.0, 0.0]","[1, 2]",,,True,0.9771157623181678,True,0.032122432996402495,False,same input row and source ID; estimators preserve row order,/srv/slam-research/grf/map-denoise/runs/multiscan-pilot-v1/real-components-v4-h3dnauhf/outputs/da_wall__small_rotation__graph_local.npz,92cfeed868709e864efc7e3d99871bbe36ad1d218e744b1ae2ddc6ac08db3b52,0.0038003794845389402,0.05091479186180142,1.8317595704142597e-15,3.5000000000000004,"[-1.8317595704142593e-15, 1.83175957041426e-15]",evaluation-only injection-space diagnostic; not a candidate or real geometry bound,1.589693026394831e-13,0.9999999995382559
da_wall__small_rotation,da_wall,delivery_area,small_rotation,graph_shared,1600,2,2.0,/srv/slam-research/grf/map-denoise/runs/multiscan-pilot-v1/patches/delivery_area/da_wall.json,3.5,0.1533314280425289,1.6946961029396556e-14,3.6337008466381198,3.492574707542664,1.00284782249944,1.0524853898007065,0.003981048711078982,1.052477860572423,3.538332535019726,3.4926723767412313,0.5666010917108057,0.9776322539434641,0.0037153735613100025,0.9776251940032427,3.5000000000000004,3.4925388848342847,0.22841221053283556,0.03529943928055513,1.5939273574342665,0.733125,False,not_measured,APPLY,,0.733125,,"reported applicability, not independently validated accuracy","[0.023230804750041127, -0.023230804750041127]","[1, 2]",,,True,0.9769483113773842,True,0.1039474959979998,False,same input row and source ID; estimators preserve row order,/srv/slam-research/grf/map-denoise/runs/multiscan-pilot-v1/real-components-v4-h3dnauhf/outputs/da_wall__small_rotation__graph_shared.npz,33b41fca0b994628c67a7b1947a44cf08f400aeba635902bdd4f3076275b4be5,0.0038003794845389402,0.05091479186180142,1.8317595704142597e-15,3.5000000000000004,"[-1.8317595704142593e-15, 1.83175957041426e-15]",evaluation-only injection-space diagnostic; not a candidate or real geometry bound,1.5536272942675483e-13,0.9999999995382559
da_wall__small_rotation,da_wall,delivery_area,small_rotation,measure_balanced,1600,2,2.0,/srv/slam-research/grf/map-denoise/runs/multiscan-pilot-v1/patches/delivery_area/da_wall.json,3.5,0.1533314280425289,1.6946961029396556e-14,3.501243817862071,3.49253889137707,0.24673946651478285,0.07820486201590589,0.00020865537942286,0.07820458366272094,3.504200355613162,3.4925389103818327,0.2856432945971059,0.09331812319895569,0.00021377996687557276,0.09331787832725964,3.5000000000000004,3.4925388848342847,0.22841221053283556,6.05664839589806e-14,0.09331812319901713,1.0,False,not_measured,APPLY,,1.0,1.0,"reported applicability, not independently validated accuracy","[0.09331812319900044, -0.09331812319900044]","[1, 2]",0.9999999999999962,0.8285357263968799,True,1.0395972871814359e-13,True,0.037226286993245594,False,same input row and source ID; estimators preserve row order,/srv/slam-research/grf/map-denoise/runs/multiscan-pilot-v1/real-components-v4-h3dnauhf/outputs/da_wall__small_rotation__measure_balanced.npz,de06ce755f61d5fa499a7ec26ac85569ad7230458dad35e9994e254bc18709b0,0.0022908729788383565,0.04974664592921873,1.8287780144399254e-15,3.5000000000000004,"[-1.8287780144399246e-15, 1.828778014439925e-15]",evaluation-only injection-space diagnostic; not a candidate or real geometry bound,9.543995264014663e-14,0.9999998508066449
da_wall__small_rotation,da_wall,delivery_area,small_rotation,measure_unbalanced,1600,2,2.0,/srv/slam-research/grf/map-denoise/runs/multiscan-pilot-v1/patches/delivery_area/da_wall.json,3.5,0.1533314280425289,1.6946961029396556e-14,3.5000059064478357,3.49253888486535,0.22850269773732299,0.0053280195681297765,1.4215483756900866e-05,0.005328000604203736,3.500019750159589,3.4925388849542385,0.2287146444585408,0.006430020973756979,1.4730361305636688e-05,0.006430004101041496,3.5000000000000004,3.4925388848342847,0.22841221053283556,9.792006508009526e-14,0.006430020973957832,1.0,False,not_measured,APPLY,,1.0,1.0,"reported applicability, not independently validated accuracy","[0.006430020973680151, -0.006430020973680152]","[1, 2]",0.31377274562998747,0.31377176515182864,True,1.2867193186367017e-13,True,0.03652368299663067,False,same input row and source ID; estimators preserve row order,/srv/slam-research/grf/map-denoise/runs/multiscan-pilot-v1/real-components-v4-h3dnauhf/outputs/da_wall__small_rotation__measure_unbalanced.npz,3053741b43d67cb966169075ba5dd257cf8b47dfb33e596b4ea8e43e331f0fd9,0.0022908729788383565,0.04974664592921873,1.8287780144399254e-15,3.5000000000000004,"[-1.8287780144399246e-15, 1.828778014439925e-15]",evaluation-only injection-space diagnostic; not a candidate or real geometry bound,1.3358480591349705e-13,0.9999998508066449
