case,base_case,source,method,stage,sampling,family,gap_mm,bias_rms_mm,seed,n_points,n_frames,sigma_mm,ok,method_seconds,identifiable,geometry_scored,geometry_note,reported_model_k,model_k_note,input_edit_rms_mm,input_edit_p95_mm,moved_fraction,output,output_sha256,surface_accuracy_mean_mm,surface_accuracy_rms_mm,surface_accuracy_p95_mm,reference_sample_coverage_1mm,reference_sample_coverage_2mm,reference_sample_distance_mean_mm,output_point_count_ratio,matched_point_rms_mm,matched_normal_mae_mm,within_source_layer_rms_mm,source_group_gap_mm,source_group_gap_error_mm,source_group_gap_retention,global_translation_only_aligned_rms_mm,output_edit_from_reference_centroid_mm,source_surface_tilt_mean_deg,source_surface_tilt_max_deg,fitted_gap_at_same_xy_mm,fitted_gap_at_same_xy_error_mm,fitted_gap_note,rigid_equivariance_rms_mm
ambig_g8_s912101,ambig_g8_s912101,/srv/slam-research/grf/map-denoise/runs/multiscan-pilot-v1/repair-v2-oyuie4pl/synthetics/ambiguous/ambig_g8_s912101.json,identity,development,full,ambiguous_two_explanations,8.0,0.0,912101,768,8,1.0,True,7.32101034373045e-06,False,False,scalar ambiguity control; not scored as a unique physical world,,self-report; not geometry-derived layer count or success,0.0,0.0,0.0,/srv/slam-research/grf/map-denoise/runs/multiscan-pilot-v1/exploration-v5-development-vdbkdouk/outputs/ambig_g8_s912101__identity.npz,56e115beec8504c6499a2763c20066f79617bf508bbd833e00d22594bba8b4c9,,,,,,,,,,,,,,,,,,,,,
ambig_g8_s912101,ambig_g8_s912101,/srv/slam-research/grf/map-denoise/runs/multiscan-pilot-v1/repair-v2-oyuie4pl/synthetics/ambiguous/ambig_g8_s912101.json,fast,development,full,ambiguous_two_explanations,8.0,0.0,912101,768,8,1.0,True,0.009463242997298948,False,False,scalar ambiguity control; not scored as a unique physical world,1,self-report; not geometry-derived layer count or success,4.092313713574647,5.9149523331983165,1.0,/srv/slam-research/grf/map-denoise/runs/multiscan-pilot-v1/exploration-v5-development-vdbkdouk/outputs/ambig_g8_s912101__fast.npz,9e34bc9d76905c74f1bbdc2474ff81b12f68d7d30e0227c5162ccdb3e52887dc,,,,,,,,,,,,,,,,,,,,,
ambig_g8_s912101,ambig_g8_s912101,/srv/slam-research/grf/map-denoise/runs/multiscan-pilot-v1/repair-v2-oyuie4pl/synthetics/ambiguous/ambig_g8_s912101.json,open3d_icp_then_xyz,development,full,ambiguous_two_explanations,8.0,0.0,912101,768,8,1.0,True,0.02557407099811826,False,False,scalar ambiguity control; not scored as a unique physical world,2,self-report; not geometry-derived layer count or success,5.225120163477053,8.256691900985226,1.0,/srv/slam-research/grf/map-denoise/runs/multiscan-pilot-v1/exploration-v5-development-vdbkdouk/outputs/ambig_g8_s912101__open3d_icp_then_xyz.npz,5022d39954ebe33f9962af9debb4d2f0c23be02b2e3841f8dcd721a7e924b659,,,,,,,,,,,,,,,,,,,,,
ambig_g8_s912101,ambig_g8_s912101,/srv/slam-research/grf/map-denoise/runs/multiscan-pilot-v1/repair-v2-oyuie4pl/synthetics/ambiguous/ambig_g8_s912101.json,graph_shared,development,full,ambiguous_two_explanations,8.0,0.0,912101,768,8,1.0,True,0.07530412900086958,False,False,scalar ambiguity control; not scored as a unique physical world,,self-report; not geometry-derived layer count or success,4.117101214344508,5.726762402152343,1.0,/srv/slam-research/grf/map-denoise/runs/multiscan-pilot-v1/exploration-v5-development-vdbkdouk/outputs/ambig_g8_s912101__graph_shared.npz,101d2c46b93d0750192fb5dcc04372e694d25974d2a55ceb1b558b2da8bd20ee,,,,,,,,,,,,,,,,,,,,,
ambig_g8_s912101,ambig_g8_s912101,/srv/slam-research/grf/map-denoise/runs/multiscan-pilot-v1/repair-v2-oyuie4pl/synthetics/ambiguous/ambig_g8_s912101.json,pool_independent,development,full,ambiguous_two_explanations,8.0,0.0,912101,768,8,1.0,True,0.09767941699828953,False,False,scalar ambiguity control; not scored as a unique physical world,,self-report; not geometry-derived layer count or success,4.116981921693184,5.7229463891687455,1.0,/srv/slam-research/grf/map-denoise/runs/multiscan-pilot-v1/exploration-v5-development-vdbkdouk/outputs/ambig_g8_s912101__pool_independent.npz,ed5136eae295d5dc2510e668ba550fc15f3c80482820787a08e39af775e835c7,,,,,,,,,,,,,,,,,,,,,
ambig_g8_s912101,ambig_g8_s912101,/srv/slam-research/grf/map-denoise/runs/multiscan-pilot-v1/repair-v2-oyuie4pl/synthetics/ambiguous/ambig_g8_s912101.json,pool_compatible,development,full,ambiguous_two_explanations,8.0,0.0,912101,768,8,1.0,True,0.12472610900294967,False,False,scalar ambiguity control; not scored as a unique physical world,,self-report; not geometry-derived layer count or success,4.126351403873351,5.779254926909013,1.0,/srv/slam-research/grf/map-denoise/runs/multiscan-pilot-v1/exploration-v5-development-vdbkdouk/outputs/ambig_g8_s912101__pool_compatible.npz,356a893f7470ad9300cf951e44e3e53c2dc989906caeee803671d62baa0d9377,,,,,,,,,,,,,,,,,,,,,
ambig_g8_s912101,ambig_g8_s912101,/srv/slam-research/grf/map-denoise/runs/multiscan-pilot-v1/repair-v2-oyuie4pl/synthetics/ambiguous/ambig_g8_s912101.json,shared_group_slope,development,full,ambiguous_two_explanations,8.0,0.0,912101,768,8,1.0,True,0.12318444199627265,False,False,scalar ambiguity control; not scored as a unique physical world,,self-report; not geometry-derived layer count or success,4.126351403873351,5.779254926909013,1.0,/srv/slam-research/grf/map-denoise/runs/multiscan-pilot-v1/exploration-v5-development-vdbkdouk/outputs/ambig_g8_s912101__shared_group_slope.npz,818db80fe06e2388c0871558aa1f4348b07cd447241d9690c068f9d2ef1603f0,,,,,,,,,,,,,,,,,,,,,
ambig_g8_s912101,ambig_g8_s912101,/srv/slam-research/grf/map-denoise/runs/multiscan-pilot-v1/repair-v2-oyuie4pl/synthetics/ambiguous/ambig_g8_s912101.json,node_intercepts,development,full,ambiguous_two_explanations,8.0,0.0,912101,768,8,1.0,True,0.12311228200269397,False,False,scalar ambiguity control; not scored as a unique physical world,,self-report; not geometry-derived layer count or success,4.126562598312851,5.820600380000404,1.0,/srv/slam-research/grf/map-denoise/runs/multiscan-pilot-v1/exploration-v5-development-vdbkdouk/outputs/ambig_g8_s912101__node_intercepts.npz,46dbd519e23980a5dbb7f0088d1a75fa2ab66fea59cdcc487bf0ef98a35e5c6c,,,,,,,,,,,,,,,,,,,,,
ambig_g8_s912101,ambig_g8_s912101,/srv/slam-research/grf/map-denoise/runs/multiscan-pilot-v1/repair-v2-oyuie4pl/synthetics/ambiguous/ambig_g8_s912101.json,official_gicp,development,full,ambiguous_two_explanations,8.0,0.0,912101,768,8,1.0,True,0.023462525990908034,False,False,scalar ambiguity control; not scored as a unique physical world,,self-report; not geometry-derived layer count or success,20.38276725284989,36.318062362858214,1.0,/srv/slam-research/grf/map-denoise/runs/multiscan-pilot-v1/exploration-v5-development-vdbkdouk/outputs/ambig_g8_s912101__official_gicp.npz,408c27465ac603cbb1b5078949b1c4ed45465c85138d46165966ba122a80fadd,,,,,,,,,,,,,,,,,,,,,
ambig_g8_s912113,ambig_g8_s912113,/srv/slam-research/grf/map-denoise/runs/multiscan-pilot-v1/repair-v2-oyuie4pl/synthetics/ambiguous/ambig_g8_s912113.json,identity,development,full,ambiguous_two_explanations,8.0,0.0,912113,768,8,1.0,True,1.5416007954627275e-05,False,False,scalar ambiguity control; not scored as a unique physical world,,self-report; not geometry-derived layer count or success,0.0,0.0,0.0,/srv/slam-research/grf/map-denoise/runs/multiscan-pilot-v1/exploration-v5-development-vdbkdouk/outputs/ambig_g8_s912113__identity.npz,2110a1c2b057a56b096902b54e934f0adcaabc5f73a94d661bb0008afb93ed65,,,,,,,,,,,,,,,,,,,,,
ambig_g8_s912113,ambig_g8_s912113,/srv/slam-research/grf/map-denoise/runs/multiscan-pilot-v1/repair-v2-oyuie4pl/synthetics/ambiguous/ambig_g8_s912113.json,fast,development,full,ambiguous_two_explanations,8.0,0.0,912113,768,8,1.0,True,0.009057101997314021,False,False,scalar ambiguity control; not scored as a unique physical world,1,self-report; not geometry-derived layer count or success,4.158271320823912,5.799918742016498,1.0,/srv/slam-research/grf/map-denoise/runs/multiscan-pilot-v1/exploration-v5-development-vdbkdouk/outputs/ambig_g8_s912113__fast.npz,ccfecc0702a8e7178c7e77da875899a1374e99d6004045886219b9d52d77dff0,,,,,,,,,,,,,,,,,,,,,
ambig_g8_s912113,ambig_g8_s912113,/srv/slam-research/grf/map-denoise/runs/multiscan-pilot-v1/repair-v2-oyuie4pl/synthetics/ambiguous/ambig_g8_s912113.json,open3d_icp_then_xyz,development,full,ambiguous_two_explanations,8.0,0.0,912113,768,8,1.0,True,0.025628169998526573,False,False,scalar ambiguity control; not scored as a unique physical world,1,self-report; not geometry-derived layer count or success,5.154022506379003,7.708094709394113,1.0,/srv/slam-research/grf/map-denoise/runs/multiscan-pilot-v1/exploration-v5-development-vdbkdouk/outputs/ambig_g8_s912113__open3d_icp_then_xyz.npz,64874a12ee1062f4af6140102d00cf26275100e794ee067990f357e483f25e4c,,,,,,,,,,,,,,,,,,,,,
ambig_g8_s912113,ambig_g8_s912113,/srv/slam-research/grf/map-denoise/runs/multiscan-pilot-v1/repair-v2-oyuie4pl/synthetics/ambiguous/ambig_g8_s912113.json,graph_shared,development,full,ambiguous_two_explanations,8.0,0.0,912113,768,8,1.0,True,0.07477491500321776,False,False,scalar ambiguity control; not scored as a unique physical world,,self-report; not geometry-derived layer count or success,4.169363794680418,5.846343469306422,1.0,/srv/slam-research/grf/map-denoise/runs/multiscan-pilot-v1/exploration-v5-development-vdbkdouk/outputs/ambig_g8_s912113__graph_shared.npz,e841bf8351df94493601c178b4576ca97202aa7b129dad62ab2276fdf281a923,,,,,,,,,,,,,,,,,,,,,
ambig_g8_s912113,ambig_g8_s912113,/srv/slam-research/grf/map-denoise/runs/multiscan-pilot-v1/repair-v2-oyuie4pl/synthetics/ambiguous/ambig_g8_s912113.json,pool_independent,development,full,ambiguous_two_explanations,8.0,0.0,912113,768,8,1.0,True,0.09545588800392579,False,False,scalar ambiguity control; not scored as a unique physical world,,self-report; not geometry-derived layer count or success,4.169264583124572,5.841514699848229,1.0,/srv/slam-research/grf/map-denoise/runs/multiscan-pilot-v1/exploration-v5-development-vdbkdouk/outputs/ambig_g8_s912113__pool_independent.npz,3a6455746a58ab489197b97c25232a8df4e085edfd5168650b0fa95bae58cbc8,,,,,,,,,,,,,,,,,,,,,
ambig_g8_s912113,ambig_g8_s912113,/srv/slam-research/grf/map-denoise/runs/multiscan-pilot-v1/repair-v2-oyuie4pl/synthetics/ambiguous/ambig_g8_s912113.json,pool_compatible,development,full,ambiguous_two_explanations,8.0,0.0,912113,768,8,1.0,True,0.12108856199483853,False,False,scalar ambiguity control; not scored as a unique physical world,,self-report; not geometry-derived layer count or success,4.175680412792277,5.8304975912573935,1.0,/srv/slam-research/grf/map-denoise/runs/multiscan-pilot-v1/exploration-v5-development-vdbkdouk/outputs/ambig_g8_s912113__pool_compatible.npz,1db29ac4c992b551f2ef9c4d5b01c4921361259f421e6457e62af6dfd91f6d04,,,,,,,,,,,,,,,,,,,,,
ambig_g8_s912113,ambig_g8_s912113,/srv/slam-research/grf/map-denoise/runs/multiscan-pilot-v1/repair-v2-oyuie4pl/synthetics/ambiguous/ambig_g8_s912113.json,shared_group_slope,development,full,ambiguous_two_explanations,8.0,0.0,912113,768,8,1.0,True,0.12256702900049277,False,False,scalar ambiguity control; not scored as a unique physical world,,self-report; not geometry-derived layer count or success,4.175680412792277,5.8304975912573935,1.0,/srv/slam-research/grf/map-denoise/runs/multiscan-pilot-v1/exploration-v5-development-vdbkdouk/outputs/ambig_g8_s912113__shared_group_slope.npz,1d9e06a3707e4d8fbfab38aee7e8aa6672d790ff054f519c794444f661a1a642,,,,,,,,,,,,,,,,,,,,,
ambig_g8_s912113,ambig_g8_s912113,/srv/slam-research/grf/map-denoise/runs/multiscan-pilot-v1/repair-v2-oyuie4pl/synthetics/ambiguous/ambig_g8_s912113.json,node_intercepts,development,full,ambiguous_two_explanations,8.0,0.0,912113,768,8,1.0,True,0.12171977999969386,False,False,scalar ambiguity control; not scored as a unique physical world,,self-report; not geometry-derived layer count or success,4.172743063828255,5.847798784333117,1.0,/srv/slam-research/grf/map-denoise/runs/multiscan-pilot-v1/exploration-v5-development-vdbkdouk/outputs/ambig_g8_s912113__node_intercepts.npz,83ecef2dda4ebfd99e1df28a4414d287e1ea59d69ecba125744b8b64431e1187,,,,,,,,,,,,,,,,,,,,,
ambig_g8_s912113,ambig_g8_s912113,/srv/slam-research/grf/map-denoise/runs/multiscan-pilot-v1/repair-v2-oyuie4pl/synthetics/ambiguous/ambig_g8_s912113.json,official_gicp,development,full,ambiguous_two_explanations,8.0,0.0,912113,768,8,1.0,True,0.02191298700927291,False,False,scalar ambiguity control; not scored as a unique physical world,,self-report; not geometry-derived layer count or success,18.946198593750584,40.60975567813894,1.0,/srv/slam-research/grf/map-denoise/runs/multiscan-pilot-v1/exploration-v5-development-vdbkdouk/outputs/ambig_g8_s912113__official_gicp.npz,227ab9298b235f1299a484ade84e1dfe28a542351e57b501f978c5bb6f7a65c4,,,,,,,,,,,,,,,,,,,,,
ambig_g8_s912127,ambig_g8_s912127,/srv/slam-research/grf/map-denoise/runs/multiscan-pilot-v1/repair-v2-oyuie4pl/synthetics/ambiguous/ambig_g8_s912127.json,identity,development,full,ambiguous_two_explanations,8.0,0.0,912127,768,8,1.0,True,1.5043988241814077e-05,False,False,scalar ambiguity control; not scored as a unique physical world,,self-report; not geometry-derived layer count or success,0.0,0.0,0.0,/srv/slam-research/grf/map-denoise/runs/multiscan-pilot-v1/exploration-v5-development-vdbkdouk/outputs/ambig_g8_s912127__identity.npz,02976b46480420458352858c05ed922b0a02639b38bc4d25c2838a272f086f21,,,,,,,,,,,,,,,,,,,,,
ambig_g8_s912127,ambig_g8_s912127,/srv/slam-research/grf/map-denoise/runs/multiscan-pilot-v1/repair-v2-oyuie4pl/synthetics/ambiguous/ambig_g8_s912127.json,fast,development,full,ambiguous_two_explanations,8.0,0.0,912127,768,8,1.0,True,0.008975697011919692,False,False,scalar ambiguity control; not scored as a unique physical world,1,self-report; not geometry-derived layer count or success,4.108076170807221,5.641346299700017,1.0,/srv/slam-research/grf/map-denoise/runs/multiscan-pilot-v1/exploration-v5-development-vdbkdouk/outputs/ambig_g8_s912127__fast.npz,89450b585925692a618377b522f99dae4cd75ba1f6b610ce8236e3d327c9b7e9,,,,,,,,,,,,,,,,,,,,,
ambig_g8_s912127,ambig_g8_s912127,/srv/slam-research/grf/map-denoise/runs/multiscan-pilot-v1/repair-v2-oyuie4pl/synthetics/ambiguous/ambig_g8_s912127.json,open3d_icp_then_xyz,development,full,ambiguous_two_explanations,8.0,0.0,912127,768,8,1.0,True,0.025796856003580615,False,False,scalar ambiguity control; not scored as a unique physical world,1,self-report; not geometry-derived layer count or success,5.4369569827958335,8.083178687604574,1.0,/srv/slam-research/grf/map-denoise/runs/multiscan-pilot-v1/exploration-v5-development-vdbkdouk/outputs/ambig_g8_s912127__open3d_icp_then_xyz.npz,c5022bc9a05c3f5bb9f995c1478b684ec390c637f54a2248e615e21f3ae25351,,,,,,,,,,,,,,,,,,,,,
ambig_g8_s912127,ambig_g8_s912127,/srv/slam-research/grf/map-denoise/runs/multiscan-pilot-v1/repair-v2-oyuie4pl/synthetics/ambiguous/ambig_g8_s912127.json,graph_shared,development,full,ambiguous_two_explanations,8.0,0.0,912127,768,8,1.0,True,0.0745682080014376,False,False,scalar ambiguity control; not scored as a unique physical world,,self-report; not geometry-derived layer count or success,4.110081590612143,5.622894773216536,1.0,/srv/slam-research/grf/map-denoise/runs/multiscan-pilot-v1/exploration-v5-development-vdbkdouk/outputs/ambig_g8_s912127__graph_shared.npz,c14789460d4affc60bfc2c9e079b6acf662cc66637ce76bb6ecc2abef595cfad,,,,,,,,,,,,,,,,,,,,,
ambig_g8_s912127,ambig_g8_s912127,/srv/slam-research/grf/map-denoise/runs/multiscan-pilot-v1/repair-v2-oyuie4pl/synthetics/ambiguous/ambig_g8_s912127.json,pool_independent,development,full,ambiguous_two_explanations,8.0,0.0,912127,768,8,1.0,True,0.09625666700594593,False,False,scalar ambiguity control; not scored as a unique physical world,,self-report; not geometry-derived layer count or success,4.110417375293866,5.622918525504228,1.0,/srv/slam-research/grf/map-denoise/runs/multiscan-pilot-v1/exploration-v5-development-vdbkdouk/outputs/ambig_g8_s912127__pool_independent.npz,2c910442de1432c9ee30b5659acdb64ba4fd16e4aa3c56a4685d7e4a0dae4822,,,,,,,,,,,,,,,,,,,,,
ambig_g8_s912127,ambig_g8_s912127,/srv/slam-research/grf/map-denoise/runs/multiscan-pilot-v1/repair-v2-oyuie4pl/synthetics/ambiguous/ambig_g8_s912127.json,pool_compatible,development,full,ambiguous_two_explanations,8.0,0.0,912127,768,8,1.0,True,0.12111211799492594,False,False,scalar ambiguity control; not scored as a unique physical world,,self-report; not geometry-derived layer count or success,4.109906594832063,5.6689796695748855,1.0,/srv/slam-research/grf/map-denoise/runs/multiscan-pilot-v1/exploration-v5-development-vdbkdouk/outputs/ambig_g8_s912127__pool_compatible.npz,8325692af53e0b0c198a49bd02ce3eac688eed77103bc945d5f11707b88547e8,,,,,,,,,,,,,,,,,,,,,
ambig_g8_s912127,ambig_g8_s912127,/srv/slam-research/grf/map-denoise/runs/multiscan-pilot-v1/repair-v2-oyuie4pl/synthetics/ambiguous/ambig_g8_s912127.json,shared_group_slope,development,full,ambiguous_two_explanations,8.0,0.0,912127,768,8,1.0,True,0.12231544200039934,False,False,scalar ambiguity control; not scored as a unique physical world,,self-report; not geometry-derived layer count or success,4.109906594832063,5.6689796695748855,1.0,/srv/slam-research/grf/map-denoise/runs/multiscan-pilot-v1/exploration-v5-development-vdbkdouk/outputs/ambig_g8_s912127__shared_group_slope.npz,2336b4e0b2ff2d037a64f7eca797e965e9ebf2f1fbac2c2d6c085fe85d4bde82,,,,,,,,,,,,,,,,,,,,,
ambig_g8_s912127,ambig_g8_s912127,/srv/slam-research/grf/map-denoise/runs/multiscan-pilot-v1/repair-v2-oyuie4pl/synthetics/ambiguous/ambig_g8_s912127.json,node_intercepts,development,full,ambiguous_two_explanations,8.0,0.0,912127,768,8,1.0,True,0.12587145900761243,False,False,scalar ambiguity control; not scored as a unique physical world,,self-report; not geometry-derived layer count or success,4.10533656889164,5.6741292937093615,1.0,/srv/slam-research/grf/map-denoise/runs/multiscan-pilot-v1/exploration-v5-development-vdbkdouk/outputs/ambig_g8_s912127__node_intercepts.npz,f5a31a2d58ec7672ceb7afa1b2ef0d11415e41979b133c29baed7b5f48603d6f,,,,,,,,,,,,,,,,,,,,,
ambig_g8_s912127,ambig_g8_s912127,/srv/slam-research/grf/map-denoise/runs/multiscan-pilot-v1/repair-v2-oyuie4pl/synthetics/ambiguous/ambig_g8_s912127.json,official_gicp,development,full,ambiguous_two_explanations,8.0,0.0,912127,768,8,1.0,True,0.02444435299548786,False,False,scalar ambiguity control; not scored as a unique physical world,,self-report; not geometry-derived layer count or success,28.23107833705155,49.24057860792863,1.0,/srv/slam-research/grf/map-denoise/runs/multiscan-pilot-v1/exploration-v5-development-vdbkdouk/outputs/ambig_g8_s912127__official_gicp.npz,fddc7b67a27dc7e82856c6ce2d4814341def378a9d89696260bdb7dc486563b8,,,,,,,,,,,,,,,,,,,,,
dual_g2_s912101_b0,dual_g2_s912101_b0,/srv/slam-research/grf/map-denoise/runs/multiscan-pilot-v1/repair-v2-oyuie4pl/synthetics/identifiable/dual_g2_s912101_b0.json,identity,development,full,true_bilayer,2.0,0.0,912101,768,8,1.0,True,1.5707992133684456e-05,True,True,,,self-report; not geometry-derived layer count or success,0.0,0.0,0.0,/srv/slam-research/grf/map-denoise/runs/multiscan-pilot-v1/exploration-v5-development-vdbkdouk/outputs/dual_g2_s912101_b0__identity.npz,668df5b6024834c4f6ce76e29b4aa140243543e9e88f3ad92dc8940a4ca540c9,0.7612819978776818,0.9654815674687618,1.9346393248342313,0.71484375,0.9713541666666666,0.7608322316121123,1.0,1.0218341833090723,0.8114042921165225,1.020647445477868,1.9482230498709818,0.05177695012901817,0.9741115249354909,1.0209568799665358,0.042333762269790055,0.2852085890655199,0.5609395080834041,2.2677032705229294,0.2677032705229294,"GT source-group affine fits evaluated at x=y=0; may extrapolate, not physical layer count",
dual_g2_s912101_b0,dual_g2_s912101_b0,/srv/slam-research/grf/map-denoise/runs/multiscan-pilot-v1/repair-v2-oyuie4pl/synthetics/identifiable/dual_g2_s912101_b0.json,fast,development,full,true_bilayer,2.0,0.0,912101,768,8,1.0,True,0.009099073009565473,True,True,,1,self-report; not geometry-derived layer count or success,1.1542430781766972,2.3085136509918573,1.0,/srv/slam-research/grf/map-denoise/runs/multiscan-pilot-v1/exploration-v5-development-vdbkdouk/outputs/dual_g2_s912101_b0__fast.npz,f8be6dc92953620772ffc98e65c531cefc48ca6c56e2540b655e09444f86f39e,0.46855438206774985,0.5487410296841477,0.9469584453675423,0.98046875,1.0,0.4708277149546786,1.0,0.550714549455801,0.46929018693576124,0.4388146542409194,1.322271178643022,0.6777288213569781,0.661135589321511,0.5490850276181192,0.04233376226979003,1.3117448115563806,1.3117448115563817,0.0,2.0,"GT source-group affine fits evaluated at x=y=0; may extrapolate, not physical layer count",
dual_g2_s912101_b0,dual_g2_s912101_b0,/srv/slam-research/grf/map-denoise/runs/multiscan-pilot-v1/repair-v2-oyuie4pl/synthetics/identifiable/dual_g2_s912101_b0.json,open3d_icp_then_xyz,development,full,true_bilayer,2.0,0.0,912101,768,8,1.0,True,0.02635446100612171,True,True,,2,self-report; not geometry-derived layer count or success,3.2138385542304357,5.738681902826309,1.0,/srv/slam-research/grf/map-denoise/runs/multiscan-pilot-v1/exploration-v5-development-vdbkdouk/outputs/dual_g2_s912101_b0__open3d_icp_then_xyz.npz,5b0d22a6836dc6f2f823ec4d91bc8de94504ae1a3c6d8a77fd0c722c22800130,0.4241460698742617,0.5343601473249554,0.9308267810042157,0.2630208333333333,0.7239583333333334,1.590780961575667,1.0,3.1372850152527714,0.4147033287834441,0.41599443401454783,1.4112646625565284,0.5887353374434716,0.7056323312782642,3.1370190258227297,0.040852154848844545,0.8459994602966624,0.9236137839960884,0.6205238384110419,1.3794761615889581,"GT source-group affine fits evaluated at x=y=0; may extrapolate, not physical layer count",
dual_g2_s912101_b0,dual_g2_s912101_b0,/srv/slam-research/grf/map-denoise/runs/multiscan-pilot-v1/repair-v2-oyuie4pl/synthetics/identifiable/dual_g2_s912101_b0.json,graph_shared,development,full,true_bilayer,2.0,0.0,912101,768,8,1.0,True,0.10260635700251441,True,True,,,self-report; not geometry-derived layer count or success,1.055479207728157,2.029951653068957,1.0,/srv/slam-research/grf/map-denoise/runs/multiscan-pilot-v1/exploration-v5-development-vdbkdouk/outputs/dual_g2_s912101_b0__graph_shared.npz,cfe54261300bef1a25f37981807f8095eefefd61ea4f2622a746c4465a1c0cff,0.25190050824660043,0.3536701645138268,0.7594909331735142,0.96484375,1.0,0.25665636351206694,1.0,0.36497644323072254,0.25563456794503875,0.3386430647724198,1.736200876105921,0.2637991238940789,0.8681004380529606,0.3623387294596181,0.04380010555853155,0.4283745524870424,0.4545277081684893,1.322526657712801,0.677473342287199,"GT source-group affine fits evaluated at x=y=0; may extrapolate, not physical layer count",
dual_g2_s912101_b0,dual_g2_s912101_b0,/srv/slam-research/grf/map-denoise/runs/multiscan-pilot-v1/repair-v2-oyuie4pl/synthetics/identifiable/dual_g2_s912101_b0.json,pool_independent,development,full,true_bilayer,2.0,0.0,912101,768,8,1.0,True,0.12961933598853648,True,True,,,self-report; not geometry-derived layer count or success,1.0554494022406786,2.028959945326366,1.0,/srv/slam-research/grf/map-denoise/runs/multiscan-pilot-v1/exploration-v5-development-vdbkdouk/outputs/dual_g2_s912101_b0__pool_independent.npz,25b2e5f286f1308b9e5debb9729e36eb57972004d5ce9f15ef94150d702d1b3d,0.25693350302049095,0.35783060513204196,0.7733306602583457,0.96484375,1.0,0.2615316432980941,1.0,0.3685417818256684,0.2605115559286385,0.3428940029480876,1.7384812356885506,0.2615187643114494,0.8692406178442753,0.3659300410559977,0.04379783104212349,0.4133541867440771,0.4535814411281519,1.3494427589323503,0.6505572410676497,"GT source-group affine fits evaluated at x=y=0; may extrapolate, not physical layer count",
dual_g2_s912101_b0,dual_g2_s912101_b0,/srv/slam-research/grf/map-denoise/runs/multiscan-pilot-v1/repair-v2-oyuie4pl/synthetics/identifiable/dual_g2_s912101_b0.json,pool_compatible,development,full,true_bilayer,2.0,0.0,912101,768,8,1.0,True,0.14527448700391687,True,True,,,self-report; not geometry-derived layer count or success,1.0688408739956994,2.0900416418376335,1.0,/srv/slam-research/grf/map-denoise/runs/multiscan-pilot-v1/exploration-v5-development-vdbkdouk/outputs/dual_g2_s912101_b0__pool_compatible.npz,e6f3e984f67d9babeee3f265ee3e1804484c5463f98c97678520bc0b6c47668b,0.1975508033658279,0.31664473278869576,0.6979708865589913,0.9596354166666666,1.0,0.20236838780407115,1.0,0.3274865616230388,0.20072933727402956,0.29770529713645383,1.7354994242610606,0.26450057573893937,0.8677497121305303,0.3245488682880945,0.04376619856233209,0.420986451690012,0.4587252558909524,1.3372488364816384,0.6627511635183616,"GT source-group affine fits evaluated at x=y=0; may extrapolate, not physical layer count",
dual_g2_s912101_b0,dual_g2_s912101_b0,/srv/slam-research/grf/map-denoise/runs/multiscan-pilot-v1/repair-v2-oyuie4pl/synthetics/identifiable/dual_g2_s912101_b0.json,shared_group_slope,development,full,true_bilayer,2.0,0.0,912101,768,8,1.0,True,0.14523633298813365,True,True,,,self-report; not geometry-derived layer count or success,1.0902025918032043,2.144094274063455,1.0,/srv/slam-research/grf/map-denoise/runs/multiscan-pilot-v1/exploration-v5-development-vdbkdouk/outputs/dual_g2_s912101_b0__shared_group_slope.npz,6ba8e15fdf57ba09e4d782b6839dfc58bae18dfcbf47f9ade01fd61f75a5d047,0.19099910346047197,0.32994444490349045,0.3554334072053911,0.9596354166666666,1.0,0.20282258035336861,1.0,0.36510335894590557,0.20146927480952617,0.3226373128722227,1.661174326811179,0.33882567318882106,0.8305871634055895,0.362455811087054,0.043889038754666834,0.804690910832727,1.4156378747848122,0.5966957462326388,1.4033042537673612,"GT source-group affine fits evaluated at x=y=0; may extrapolate, not physical layer count",
dual_g2_s912101_b0,dual_g2_s912101_b0,/srv/slam-research/grf/map-denoise/runs/multiscan-pilot-v1/repair-v2-oyuie4pl/synthetics/identifiable/dual_g2_s912101_b0.json,node_intercepts,development,full,true_bilayer,2.0,0.0,912101,768,8,1.0,True,0.149616493989015,True,True,,,self-report; not geometry-derived layer count or success,1.06701766598956,2.0849809989702934,1.0,/srv/slam-research/grf/map-denoise/runs/multiscan-pilot-v1/exploration-v5-development-vdbkdouk/outputs/dual_g2_s912101_b0__node_intercepts.npz,5425e5d7f4ccac947a1476eeec645105cb1fa5d1bbb56e72159bb3b5b22bb54e,0.21552950790898515,0.3245783401885972,0.7055131041024919,0.9596354166666666,1.0,0.22024513857029537,1.0,0.33623738930728403,0.2190298676002934,0.3071688505312621,1.7348366658449157,0.2651633341550843,0.8674183329224578,0.333373976619317,0.043787825719041856,0.4229219913512328,0.45976431684664004,1.3340060991005287,0.6659939008994713,"GT source-group affine fits evaluated at x=y=0; may extrapolate, not physical layer count",
dual_g2_s912101_b0,dual_g2_s912101_b0,/srv/slam-research/grf/map-denoise/runs/multiscan-pilot-v1/repair-v2-oyuie4pl/synthetics/identifiable/dual_g2_s912101_b0.json,official_gicp,development,full,true_bilayer,2.0,0.0,912101,768,8,1.0,True,0.021987515006912872,True,True,,,self-report; not geometry-derived layer count or success,13.636849244000528,27.276484534539442,1.0,/srv/slam-research/grf/map-denoise/runs/multiscan-pilot-v1/exploration-v5-development-vdbkdouk/outputs/dual_g2_s912101_b0__official_gicp.npz,8648c5fac600a1336e5713fc0f71a6289da9ccb83bd6e02cd2617195a08a94f8,1.2961362618462602,2.8296555255075133,3.677931834474975,0.10286458333333333,0.4479166666666667,2.21975419136326,1.0,13.671827612557847,0.8326003944710075,1.027254145310481,1.7106800292477033,0.28931997075229665,0.8553400146238517,13.671762070781927,0.0423337622697901,0.3563567135433457,0.6258008348397481,2.115422318251993,0.1154223182519929,"GT source-group affine fits evaluated at x=y=0; may extrapolate, not physical layer count",
dual_g2_s912101_b4,dual_g2_s912101_b4,/srv/slam-research/grf/map-denoise/runs/multiscan-pilot-v1/repair-v2-oyuie4pl/synthetics/identifiable/dual_g2_s912101_b4.json,identity,development,full,true_bilayer,2.0,4.0,912101,768,8,1.0,True,1.5316996723413467e-05,True,True,,,self-report; not geometry-derived layer count or success,0.0,0.0,0.0,/srv/slam-research/grf/map-denoise/runs/multiscan-pilot-v1/exploration-v5-development-vdbkdouk/outputs/dual_g2_s912101_b4__identity.npz,c9f165dd4283014c39ee222ec9c6ed0a6894395e0757eca66d354c78d1668f8b,3.511500004627115,3.9455722496963177,6.629014079834832,0.045572916666666664,0.18489583333333334,2.8723898267538943,1.0,4.145698391964449,3.7892775109664165,4.145344167506219,2.069697988781475,0.06969798878147504,1.0348489943907375,4.145482240911026,0.042333762269789715,0.791624518817113,1.04207795318707,1.3725385026184242,0.6274614973815758,"GT source-group affine fits evaluated at x=y=0; may extrapolate, not physical layer count",
dual_g2_s912101_b4,dual_g2_s912101_b4,/srv/slam-research/grf/map-denoise/runs/multiscan-pilot-v1/repair-v2-oyuie4pl/synthetics/identifiable/dual_g2_s912101_b4.json,fast,development,full,true_bilayer,2.0,4.0,912101,768,8,1.0,True,0.009238889993866906,True,True,,1,self-report; not geometry-derived layer count or success,4.162839150234674,6.801377823666813,1.0,/srv/slam-research/grf/map-denoise/runs/multiscan-pilot-v1/exploration-v5-development-vdbkdouk/outputs/dual_g2_s912101_b4__fast.npz,a80394a87b4d2bfb73d6c95b12ea22abca522b22536d1cd867087d89cbdc5627,0.4772513813647345,0.5591136638281314,0.9349073690450318,0.95703125,1.0,0.503494778693355,1.0,0.5780132310712088,0.4814042119767965,0.5290765019725698,1.5921434356176625,0.4078565643823375,0.7960717178088312,0.5764608814702552,0.04233376226979039,1.5806551643173066,1.580655164317307,-2.220446049250313e-16,2.0,"GT source-group affine fits evaluated at x=y=0; may extrapolate, not physical layer count",
dual_g2_s912101_b4,dual_g2_s912101_b4,/srv/slam-research/grf/map-denoise/runs/multiscan-pilot-v1/repair-v2-oyuie4pl/synthetics/identifiable/dual_g2_s912101_b4.json,open3d_icp_then_xyz,development,full,true_bilayer,2.0,4.0,912101,768,8,1.0,True,0.025934970006346703,True,True,,2,self-report; not geometry-derived layer count or success,5.1295622524020885,7.169744854560215,1.0,/srv/slam-research/grf/map-denoise/runs/multiscan-pilot-v1/exploration-v5-development-vdbkdouk/outputs/dual_g2_s912101_b4__open3d_icp_then_xyz.npz,03ae5e3f47cc46d6aaeee71cf055392373da1086fa3c6dce8f682f8aed1a743a,0.41601482670604156,0.5331456485244452,0.9411094740320528,0.2682291666666667,0.7200520833333334,1.5958021794842312,1.0,3.145438547421155,0.4102538230012609,0.47259089692430556,1.6098435778106057,0.3901564221893943,0.8049217889053029,3.145165792014742,0.04142217212064066,0.9583413834492585,1.061066430189029,0.7205048977682862,1.2794951022317138,"GT source-group affine fits evaluated at x=y=0; may extrapolate, not physical layer count",
dual_g2_s912101_b4,dual_g2_s912101_b4,/srv/slam-research/grf/map-denoise/runs/multiscan-pilot-v1/repair-v2-oyuie4pl/synthetics/identifiable/dual_g2_s912101_b4.json,graph_shared,development,full,true_bilayer,2.0,4.0,912101,768,8,1.0,True,0.14245456000207923,True,True,,,self-report; not geometry-derived layer count or success,4.1420639336300065,6.675357783325823,1.0,/srv/slam-research/grf/map-denoise/runs/multiscan-pilot-v1/exploration-v5-development-vdbkdouk/outputs/dual_g2_s912101_b4__graph_shared.npz,036b7b74845a0870b7c7c92571ca22031c0b608a002ce67a8f2ecebff3d063d3,0.25198599756781065,0.3538749654121314,0.7608527214025789,0.96484375,1.0,0.26902797271440776,1.0,0.36920020719249197,0.2556763341330148,0.338720173194585,1.7361580473064762,0.26384195269352384,0.8680790236532381,0.36659312556404544,0.043798096764163005,0.4287516391404442,0.45469919232140127,1.321947180825216,0.6780528191747841,"GT source-group affine fits evaluated at x=y=0; may extrapolate, not physical layer count",
dual_g2_s912101_b4,dual_g2_s912101_b4,/srv/slam-research/grf/map-denoise/runs/multiscan-pilot-v1/repair-v2-oyuie4pl/synthetics/identifiable/dual_g2_s912101_b4.json,pool_independent,development,full,true_bilayer,2.0,4.0,912101,768,8,1.0,True,0.16439164300390985,True,True,,,self-report; not geometry-derived layer count or success,4.142359672351217,6.670170272810457,1.0,/srv/slam-research/grf/map-denoise/runs/multiscan-pilot-v1/exploration-v5-development-vdbkdouk/outputs/dual_g2_s912101_b4__pool_independent.npz,73d65f29dd0449eec1e509eb463ef1be75fb3fc2e3b511dded825d43c65b345d,0.2570207375671037,0.3580229919626865,0.7746652787644586,0.96484375,1.0,0.2736987653886586,1.0,0.3727287671758476,0.2605561546712141,0.34296014345036974,1.738430721888484,0.261569278111516,0.869215360944242,0.3701468046275223,0.04379585487762474,0.41374850597417273,0.45375556749132134,1.3488295446124026,0.6511704553875974,"GT source-group affine fits evaluated at x=y=0; may extrapolate, not physical layer count",
dual_g2_s912101_b4,dual_g2_s912101_b4,/srv/slam-research/grf/map-denoise/runs/multiscan-pilot-v1/repair-v2-oyuie4pl/synthetics/identifiable/dual_g2_s912101_b4.json,pool_compatible,development,full,true_bilayer,2.0,4.0,912101,768,8,1.0,True,0.19052098400425166,True,True,,,self-report; not geometry-derived layer count or success,4.139185425935175,6.77952060068779,1.0,/srv/slam-research/grf/map-denoise/runs/multiscan-pilot-v1/exploration-v5-development-vdbkdouk/outputs/dual_g2_s912101_b4__pool_compatible.npz,a148e4875a77088834271e385f13c06b4e740f04fa07bf158d558dfc323784bd,0.19756626132007335,0.3165701446031657,0.6975030129804342,0.9596354166666666,1.0,0.21813486173559893,1.0,0.33220085583107484,0.20077722892031855,0.2978011402769383,1.73540947254223,0.26459052745777,0.867704736271115,0.329305509745045,0.043764024797253644,0.4214856436676979,0.4589615665231921,1.3364638597862435,0.6635361402137565,"GT source-group affine fits evaluated at x=y=0; may extrapolate, not physical layer count",
dual_g2_s912101_b4,dual_g2_s912101_b4,/srv/slam-research/grf/map-denoise/runs/multiscan-pilot-v1/repair-v2-oyuie4pl/synthetics/identifiable/dual_g2_s912101_b4.json,shared_group_slope,development,full,true_bilayer,2.0,4.0,912101,768,8,1.0,True,0.1987841640075203,True,True,,,self-report; not geometry-derived layer count or success,4.146119567771296,6.73609973107061,1.0,/srv/slam-research/grf/map-denoise/runs/multiscan-pilot-v1/exploration-v5-development-vdbkdouk/outputs/dual_g2_s912101_b4__shared_group_slope.npz,32d01751acafd87163a148c08999ec89fd1b05428e585d7e08922579d3101e65,0.19100173107617371,0.32989199398641544,0.3557147523960848,0.9596354166666666,1.0,0.21657537507437966,1.0,0.36926744264447964,0.20147508949336776,0.32266661467082225,1.6612039388488233,0.33879606115117666,0.8306019694244117,0.3666502569330378,0.04388659576831392,0.8047015864231679,1.4156634864303963,0.5966869968783588,1.4033130031216412,"GT source-group affine fits evaluated at x=y=0; may extrapolate, not physical layer count",
dual_g2_s912101_b4,dual_g2_s912101_b4,/srv/slam-research/grf/map-denoise/runs/multiscan-pilot-v1/repair-v2-oyuie4pl/synthetics/identifiable/dual_g2_s912101_b4.json,node_intercepts,development,full,true_bilayer,2.0,4.0,912101,768,8,1.0,True,0.19799756500287913,True,True,,,self-report; not geometry-derived layer count or success,4.13536626808787,6.752419386803294,1.0,/srv/slam-research/grf/map-denoise/runs/multiscan-pilot-v1/exploration-v5-development-vdbkdouk/outputs/dual_g2_s912101_b4__node_intercepts.npz,8bb8b12949fab0545be65a19de1edca6db3f8e186b90dd64ee7b278908b5761e,0.21554896716486072,0.32451212622706666,0.7059551865791447,0.9596354166666666,1.0,0.23407925125229165,1.0,0.3408345455122714,0.21908540345560487,0.3072751364148729,1.734749562544335,0.265250437455665,0.8673747812721675,0.3380103427618462,0.043785792222773255,0.4234145328008471,0.4599935151532666,1.3332306207086937,0.6667693792913063,"GT source-group affine fits evaluated at x=y=0; may extrapolate, not physical layer count",
dual_g2_s912101_b4,dual_g2_s912101_b4,/srv/slam-research/grf/map-denoise/runs/multiscan-pilot-v1/repair-v2-oyuie4pl/synthetics/identifiable/dual_g2_s912101_b4.json,official_gicp,development,full,true_bilayer,2.0,4.0,912101,768,8,1.0,True,0.02441902700229548,True,True,,,self-report; not geometry-derived layer count or success,12.430964802497785,22.59867404395981,1.0,/srv/slam-research/grf/map-denoise/runs/multiscan-pilot-v1/exploration-v5-development-vdbkdouk/outputs/dual_g2_s912101_b4__official_gicp.npz,87ca212663aefc57322c84f6ea6dbdde72cdb7fd1d5f89d26ce399221056c3ce,1.0496747279635212,1.7884274250165357,2.6210665758702727,0.15234375,0.51171875,2.090876886798744,1.0,11.793668084622876,0.8437848413524538,1.0420504215659316,1.6384669395243645,0.3615330604756355,0.8192334697621823,11.793592105157117,0.04233376226979197,0.3826392324304337,0.5704012965030044,1.984314190288535,0.015685809711464938,"GT source-group affine fits evaluated at x=y=0; may extrapolate, not physical layer count",
dual_g2_s912113_b0,dual_g2_s912113_b0,/srv/slam-research/grf/map-denoise/runs/multiscan-pilot-v1/repair-v2-oyuie4pl/synthetics/identifiable/dual_g2_s912113_b0.json,identity,development,full,true_bilayer,2.0,0.0,912113,768,8,1.0,True,1.4973003999330103e-05,True,True,,,self-report; not geometry-derived layer count or success,0.0,0.0,0.0,/srv/slam-research/grf/map-denoise/runs/multiscan-pilot-v1/exploration-v5-development-vdbkdouk/outputs/dual_g2_s912113_b0__identity.npz,8521653f71ba12b818b61f3867db0cdb83fb3b8a3a1648c52c0bfd63ed8c952b,0.7832369473745778,0.9810985691878137,1.9761479960654211,0.703125,0.9791666666666666,0.7579725618584732,1.0,1.0293765348015231,0.8241908132341758,1.029110624537842,1.9624492362077242,0.03755076379227584,0.9812246181038621,1.0292707285968918,0.014758646740638768,0.20254758183180502,0.25259695480673977,1.9345641305983559,0.06543586940164414,"GT source-group affine fits evaluated at x=y=0; may extrapolate, not physical layer count",
dual_g2_s912113_b0,dual_g2_s912113_b0,/srv/slam-research/grf/map-denoise/runs/multiscan-pilot-v1/repair-v2-oyuie4pl/synthetics/identifiable/dual_g2_s912113_b0.json,fast,development,full,true_bilayer,2.0,0.0,912113,768,8,1.0,True,0.0091700680059148,True,True,,1,self-report; not geometry-derived layer count or success,1.1349682944762596,2.208250993740284,1.0,/srv/slam-research/grf/map-denoise/runs/multiscan-pilot-v1/exploration-v5-development-vdbkdouk/outputs/dual_g2_s912113_b0__fast.npz,bc7669ff6c56b5a380ffb3b9f8d97ce537f92238f0f8cc0f33519bbd1e3160d3,0.4338913305703757,0.5221353586547239,0.9289104354690982,0.96875,1.0,0.4408942695776492,1.0,0.532180445048347,0.43881474993256603,0.450240789863184,1.4166343080393133,0.5833656919606867,0.7083171540196567,0.5319757592581092,0.01475864674063874,1.3769708259480609,1.3769708259480624,-1.3322676295501878e-15,2.0000000000000013,"GT source-group affine fits evaluated at x=y=0; may extrapolate, not physical layer count",
dual_g2_s912113_b0,dual_g2_s912113_b0,/srv/slam-research/grf/map-denoise/runs/multiscan-pilot-v1/repair-v2-oyuie4pl/synthetics/identifiable/dual_g2_s912113_b0.json,open3d_icp_then_xyz,development,full,true_bilayer,2.0,0.0,912113,768,8,1.0,True,0.026603178004734218,True,True,,2,self-report; not geometry-derived layer count or success,2.099588010199087,3.7145197134481682,1.0,/srv/slam-research/grf/map-denoise/runs/multiscan-pilot-v1/exploration-v5-development-vdbkdouk/outputs/dual_g2_s912113_b0__open3d_icp_then_xyz.npz,5c23c959d2308ace879c6d1abd1c4d46b2d81f4974e9fa86111a7fb507a3d1ec,0.39776515420770964,0.484477214501188,0.8892202859014116,0.3177083333333333,0.8203125,1.35287628780255,1.0,1.9673726796277466,0.40077397190063135,0.4485902617081559,1.600817097065467,0.39918290293453307,0.8004085485327335,1.9673128791325614,0.015339365854325757,1.1429034157282338,1.1484569395059885,0.43563838045395287,1.5643616195460472,"GT source-group affine fits evaluated at x=y=0; may extrapolate, not physical layer count",
dual_g2_s912113_b0,dual_g2_s912113_b0,/srv/slam-research/grf/map-denoise/runs/multiscan-pilot-v1/repair-v2-oyuie4pl/synthetics/identifiable/dual_g2_s912113_b0.json,graph_shared,development,full,true_bilayer,2.0,0.0,912113,768,8,1.0,True,0.10575029099709354,True,True,,,self-report; not geometry-derived layer count or success,1.0627308889916307,2.134712668574164,1.0,/srv/slam-research/grf/map-denoise/runs/multiscan-pilot-v1/exploration-v5-development-vdbkdouk/outputs/dual_g2_s912113_b0__graph_shared.npz,4a1b8592ac6506007725e9bedf5d6ddb1410b50ce6369f0571c3a28e45f29cb1,0.2826592993703902,0.38460391431106344,0.8830014693962179,0.9635416666666666,1.0,0.28814239569959677,1.0,0.3969221696949398,0.2873693092654272,0.3706196397496279,1.7091720275886821,0.29082797241131786,0.8545860137943411,0.3966504530612972,0.014684239224632672,0.750007469220718,0.9502930392561056,0.8676479977960189,1.132352002203981,"GT source-group affine fits evaluated at x=y=0; may extrapolate, not physical layer count",
dual_g2_s912113_b0,dual_g2_s912113_b0,/srv/slam-research/grf/map-denoise/runs/multiscan-pilot-v1/repair-v2-oyuie4pl/synthetics/identifiable/dual_g2_s912113_b0.json,pool_independent,development,full,true_bilayer,2.0,0.0,912113,768,8,1.0,True,0.13640485898940824,True,True,,,self-report; not geometry-derived layer count or success,1.062671022071594,2.1411719482335267,1.0,/srv/slam-research/grf/map-denoise/runs/multiscan-pilot-v1/exploration-v5-development-vdbkdouk/outputs/dual_g2_s912113_b0__pool_independent.npz,b3a6e348cfb53e00d6b9a649fcad168bf7c27e4f63b46466fcfb20e939a04cfe,0.2842967696540048,0.3856014941527338,0.879527011879321,0.9635416666666666,1.0,0.2902174449370701,1.0,0.39896945737105094,0.28943931012297935,0.3734789187436396,1.71284803856021,0.28715196143978994,0.856424019280105,0.39869910851774826,0.01468498492010107,0.7404535859979635,0.9308186700731693,0.8853933303364367,1.1146066696635633,"GT source-group affine fits evaluated at x=y=0; may extrapolate, not physical layer count",
dual_g2_s912113_b0,dual_g2_s912113_b0,/srv/slam-research/grf/map-denoise/runs/multiscan-pilot-v1/repair-v2-oyuie4pl/synthetics/identifiable/dual_g2_s912113_b0.json,pool_compatible,development,full,true_bilayer,2.0,0.0,912113,768,8,1.0,True,0.15321503099403344,True,True,,,self-report; not geometry-derived layer count or success,1.0757681894179354,2.1272162065229185,1.0,/srv/slam-research/grf/map-denoise/runs/multiscan-pilot-v1/exploration-v5-development-vdbkdouk/outputs/dual_g2_s912113_b0__pool_compatible.npz,e8b5e1bde771852ed890b37ea5f095e3193c3661aa037d3493468b9f0683bf06,0.24523086062903263,0.3580292615587725,0.8623715264821799,0.9895833333333334,1.0,0.24760980370617366,1.0,0.3610879691221225,0.2462266101685481,0.3328679682158409,1.7136850816423805,0.28631491835761946,0.8568425408211903,0.3607885919803023,0.014700793910869349,0.7390566903162719,0.9239563744091213,0.8895634496178698,1.11043655038213,"GT source-group affine fits evaluated at x=y=0; may extrapolate, not physical layer count",
dual_g2_s912113_b0,dual_g2_s912113_b0,/srv/slam-research/grf/map-denoise/runs/multiscan-pilot-v1/repair-v2-oyuie4pl/synthetics/identifiable/dual_g2_s912113_b0.json,shared_group_slope,development,full,true_bilayer,2.0,0.0,912113,768,8,1.0,True,0.1458926109917229,True,True,,,self-report; not geometry-derived layer count or success,1.1056976708759578,2.089631736099593,1.0,/srv/slam-research/grf/map-denoise/runs/multiscan-pilot-v1/exploration-v5-development-vdbkdouk/outputs/dual_g2_s912113_b0__shared_group_slope.npz,2fb570011f84a6cfc3db977413dc527553691497903c7fa8ef5bd0d617cca910,0.2984625339691667,0.40875027689856136,1.0790612945708262,0.9440104166666666,1.0,0.30211583493698585,1.0,0.41775677280205786,0.30168668987710207,0.3694164774152693,1.5988118537454206,0.40118814625457944,0.7994059268727103,0.417499189308495,0.01466792925874735,1.1054649160988552,1.7088022514201615,0.21950985844985516,1.7804901415501448,"GT source-group affine fits evaluated at x=y=0; may extrapolate, not physical layer count",
dual_g2_s912113_b0,dual_g2_s912113_b0,/srv/slam-research/grf/map-denoise/runs/multiscan-pilot-v1/repair-v2-oyuie4pl/synthetics/identifiable/dual_g2_s912113_b0.json,node_intercepts,development,full,true_bilayer,2.0,0.0,912113,768,8,1.0,True,0.14445782800612506,True,True,,,self-report; not geometry-derived layer count or success,1.0721496370947359,2.10777878498886,1.0,/srv/slam-research/grf/map-denoise/runs/multiscan-pilot-v1/exploration-v5-development-vdbkdouk/outputs/dual_g2_s912113_b0__node_intercepts.npz,d6bf192ff6347da0b5341cd88028b403d3da04e46eb821fa700d83c217c157c0,0.25062756963264204,0.3640002524272936,0.8780303549962191,0.9765625,1.0,0.2551229582122883,1.0,0.37284850471582404,0.2537841450737743,0.3454001149803069,1.7126943523379379,0.2873056476620621,0.8563471761689689,0.3725587040412817,0.014697602250248085,0.7415941790750619,0.9275595747247442,0.8854352918942223,1.1145647081057777,"GT source-group affine fits evaluated at x=y=0; may extrapolate, not physical layer count",
dual_g2_s912113_b0,dual_g2_s912113_b0,/srv/slam-research/grf/map-denoise/runs/multiscan-pilot-v1/repair-v2-oyuie4pl/synthetics/identifiable/dual_g2_s912113_b0.json,official_gicp,development,full,true_bilayer,2.0,0.0,912113,768,8,1.0,True,0.025565609001205303,True,True,,,self-report; not geometry-derived layer count or success,16.563124883654698,26.926458897444768,1.0,/srv/slam-research/grf/map-denoise/runs/multiscan-pilot-v1/exploration-v5-development-vdbkdouk/outputs/dual_g2_s912113_b0__official_gicp.npz,981a0cb56b67d4d6a705225a13485888dbdc9f9096f393a2e005193d6fe8a81a,1.30219811579962,2.595944907445022,5.103409670217589,0.07942708333333333,0.4322916666666667,2.430052582592113,1.0,16.592478290062363,0.838914565700087,1.0435092273241748,2.1056868117481526,0.10568681174815264,1.0528434058740763,16.592471726314233,0.014758646740638768,0.43401727393939815,0.4551055217767382,1.7803673684026158,0.21963263159738422,"GT source-group affine fits evaluated at x=y=0; may extrapolate, not physical layer count",
dual_g2_s912113_b4,dual_g2_s912113_b4,/srv/slam-research/grf/map-denoise/runs/multiscan-pilot-v1/repair-v2-oyuie4pl/synthetics/identifiable/dual_g2_s912113_b4.json,identity,development,full,true_bilayer,2.0,4.0,912113,768,8,1.0,True,1.4739009202457964e-05,True,True,,,self-report; not geometry-derived layer count or success,0.0,0.0,0.0,/srv/slam-research/grf/map-denoise/runs/multiscan-pilot-v1/exploration-v5-development-vdbkdouk/outputs/dual_g2_s912113_b4__identity.npz,8e691db40db95fa705583822ae8d22e41d23877cf93aafc6cb30571d61c11aca,3.0925442771876366,3.939809249637975,7.2367349088530695,0.29296875,0.5520833333333334,1.9816639441118735,1.0,4.126421615655251,3.2909193885609462,4.124016463088475,1.710220434747579,0.2897795652524211,0.8551102173737894,4.126395222526955,0.01475864674063948,0.4615351912310237,0.5613256733789997,1.5350878846149307,0.46491211538506927,"GT source-group affine fits evaluated at x=y=0; may extrapolate, not physical layer count",
dual_g2_s912113_b4,dual_g2_s912113_b4,/srv/slam-research/grf/map-denoise/runs/multiscan-pilot-v1/repair-v2-oyuie4pl/synthetics/identifiable/dual_g2_s912113_b4.json,fast,development,full,true_bilayer,2.0,4.0,912113,768,8,1.0,True,0.009184690003166907,True,True,,1,self-report; not geometry-derived layer count or success,4.143449775489999,7.440791488294591,1.0,/srv/slam-research/grf/map-denoise/runs/multiscan-pilot-v1/exploration-v5-development-vdbkdouk/outputs/dual_g2_s912113_b4__fast.npz,40e186b8177f422bacef4d71ce5ae10c0730e22888db57596102246743e6e13a,0.4547929493251986,0.5423483606550894,0.94452349603335,0.9479166666666666,1.0,0.477653611862558,1.0,0.5629313079963677,0.4621316216807571,0.4157604341988713,1.2378786537247168,0.7621213462752832,0.6189393268623584,0.5627378073924716,0.014758646740638814,1.2421137249541194,1.2421137249541205,0.0,2.0,"GT source-group affine fits evaluated at x=y=0; may extrapolate, not physical layer count",
dual_g2_s912113_b4,dual_g2_s912113_b4,/srv/slam-research/grf/map-denoise/runs/multiscan-pilot-v1/repair-v2-oyuie4pl/synthetics/identifiable/dual_g2_s912113_b4.json,open3d_icp_then_xyz,development,full,true_bilayer,2.0,4.0,912113,768,8,1.0,True,0.026001489997725002,True,True,,2,self-report; not geometry-derived layer count or success,4.389226375782396,7.427733504426425,1.0,/srv/slam-research/grf/map-denoise/runs/multiscan-pilot-v1/exploration-v5-development-vdbkdouk/outputs/dual_g2_s912113_b4__open3d_icp_then_xyz.npz,2a17e484c178deca948aca2dadd2dfa0003ce2b5fd2f7eb0dc8b1102e71562c3,0.4052207111710789,0.48503943452639653,0.898814065928025,0.3971354166666667,0.8841145833333334,1.2061110829479855,1.0,1.704949900163366,0.4126548195444122,0.43957290608758515,1.5036595359030716,0.49634046409692845,0.7518297679515358,1.7048811669814832,0.01530909987320877,1.0165831831870769,1.0206192612946434,0.4959059986083183,1.5040940013916817,"GT source-group affine fits evaluated at x=y=0; may extrapolate, not physical layer count",
dual_g2_s912113_b4,dual_g2_s912113_b4,/srv/slam-research/grf/map-denoise/runs/multiscan-pilot-v1/repair-v2-oyuie4pl/synthetics/identifiable/dual_g2_s912113_b4.json,graph_shared,development,full,true_bilayer,2.0,4.0,912113,768,8,1.0,True,0.15971882198937237,True,True,,,self-report; not geometry-derived layer count or success,4.142413335561097,7.401754615016473,1.0,/srv/slam-research/grf/map-denoise/runs/multiscan-pilot-v1/exploration-v5-development-vdbkdouk/outputs/dual_g2_s912113_b4__graph_shared.npz,a9a177ed0f6502122f22751019cbc00ed0542ad73773ac4f857ec04c981668ed,0.2800868985201675,0.38380359442596196,0.885217143153585,0.9635416666666666,1.0,0.29400048653756133,1.0,0.3980846717364061,0.28409478144048717,0.36797432899802807,1.7093639534689031,0.29063604653109687,0.8546819767344516,0.3978145939040407,0.014661335152209316,0.7506121885007916,0.9557189571886779,0.8654584701999977,1.1345415298000023,"GT source-group affine fits evaluated at x=y=0; may extrapolate, not physical layer count",
dual_g2_s912113_b4,dual_g2_s912113_b4,/srv/slam-research/grf/map-denoise/runs/multiscan-pilot-v1/repair-v2-oyuie4pl/synthetics/identifiable/dual_g2_s912113_b4.json,pool_independent,development,full,true_bilayer,2.0,4.0,912113,768,8,1.0,True,0.1677558119990863,True,True,,,self-report; not geometry-derived layer count or success,4.143048348637441,7.4070606926678115,1.0,/srv/slam-research/grf/map-denoise/runs/multiscan-pilot-v1/exploration-v5-development-vdbkdouk/outputs/dual_g2_s912113_b4__pool_independent.npz,519a69673a3497baabc5b4a9c5a9d750622523eb464bda598f942b4351be27d2,0.28180896690039886,0.38481327125651676,0.8725178328782803,0.9635416666666666,1.0,0.29605370868117337,1.0,0.3999889658211952,0.28620777397464486,0.3706785106791682,1.7127282649450475,0.2872717350549525,0.8563641324725237,0.3997201497919676,0.014662013129043026,0.7409213743973346,0.9363399856205833,0.8829476080593546,1.1170523919406454,"GT source-group affine fits evaluated at x=y=0; may extrapolate, not physical layer count",
dual_g2_s912113_b4,dual_g2_s912113_b4,/srv/slam-research/grf/map-denoise/runs/multiscan-pilot-v1/repair-v2-oyuie4pl/synthetics/identifiable/dual_g2_s912113_b4.json,pool_compatible,development,full,true_bilayer,2.0,4.0,912113,768,8,1.0,True,0.19225727699813433,True,True,,,self-report; not geometry-derived layer count or success,4.144707068080327,7.413325678188118,1.0,/srv/slam-research/grf/map-denoise/runs/multiscan-pilot-v1/exploration-v5-development-vdbkdouk/outputs/dual_g2_s912113_b4__pool_compatible.npz,99b097b1190c2d1f36a473a513dc8fc5392f5718027486671f2e29d50e03444b,0.24464955408748587,0.3593384230204814,0.8778961309804958,0.9908854166666666,1.0,0.2582486830770773,1.0,0.36463994131299204,0.245024351426904,0.33248531305586476,1.7140411836439333,0.2859588163560667,0.8570205918219667,0.3643442028516533,0.014682937346987137,0.7381801544721162,0.929689245113899,0.8884335845157778,1.1115664154842222,"GT source-group affine fits evaluated at x=y=0; may extrapolate, not physical layer count",
dual_g2_s912113_b4,dual_g2_s912113_b4,/srv/slam-research/grf/map-denoise/runs/multiscan-pilot-v1/repair-v2-oyuie4pl/synthetics/identifiable/dual_g2_s912113_b4.json,shared_group_slope,development,full,true_bilayer,2.0,4.0,912113,768,8,1.0,True,0.19245673999830615,True,True,,,self-report; not geometry-derived layer count or success,4.135490596521054,7.390508643433407,1.0,/srv/slam-research/grf/map-denoise/runs/multiscan-pilot-v1/exploration-v5-development-vdbkdouk/outputs/dual_g2_s912113_b4__shared_group_slope.npz,ced8efa43804ac84fdc86efc76b47541f2b0c7d95e5dc950d27a8c3b7642db65,0.2901002500858582,0.4035982182145969,0.9877712657235589,0.9453125,1.0,0.30355412368938944,1.0,0.4179851532963104,0.29395447466016084,0.3673136524878203,1.6047985831629594,0.3952014168370406,0.8023992915814797,0.417728511468549,0.014645104383732989,1.0855841085480844,1.6685134211865946,0.2547435898269377,1.7452564101730623,"GT source-group affine fits evaluated at x=y=0; may extrapolate, not physical layer count",
dual_g2_s912113_b4,dual_g2_s912113_b4,/srv/slam-research/grf/map-denoise/runs/multiscan-pilot-v1/repair-v2-oyuie4pl/synthetics/identifiable/dual_g2_s912113_b4.json,node_intercepts,development,full,true_bilayer,2.0,4.0,912113,768,8,1.0,True,0.19238047799444757,True,True,,,self-report; not geometry-derived layer count or success,4.139950738042974,7.431346724484779,1.0,/srv/slam-research/grf/map-denoise/runs/multiscan-pilot-v1/exploration-v5-development-vdbkdouk/outputs/dual_g2_s912113_b4__node_intercepts.npz,8428035470ed0e1e6c65cef97f7928cb4590ab3d6759dfbed40f652520588f55,0.24973991740078674,0.3645518724117283,0.8774389216543751,0.9765625,1.0,0.26493805610803683,1.0,0.37425547386932806,0.2517837108212225,0.3427789127481008,1.7128382550488555,0.28716174495114455,0.8564191275244277,0.3739674359351964,0.014680483003296276,0.7412172665488104,0.9336831136206384,0.8835827247328116,1.1164172752671884,"GT source-group affine fits evaluated at x=y=0; may extrapolate, not physical layer count",
dual_g2_s912113_b4,dual_g2_s912113_b4,/srv/slam-research/grf/map-denoise/runs/multiscan-pilot-v1/repair-v2-oyuie4pl/synthetics/identifiable/dual_g2_s912113_b4.json,official_gicp,development,full,true_bilayer,2.0,4.0,912113,768,8,1.0,True,0.02787995699327439,True,True,,,self-report; not geometry-derived layer count or success,18.759784198353913,31.352073702308473,1.0,/srv/slam-research/grf/map-denoise/runs/multiscan-pilot-v1/exploration-v5-development-vdbkdouk/outputs/dual_g2_s912113_b4__official_gicp.npz,c23fc2d0671a9a820e822b0daff0ae39f8f936c8db9015eef3abd7513d15470e,1.5627206209924205,3.522710899362606,6.225829754414148,0.09244791666666667,0.4466145833333333,2.3171082904503275,1.0,18.349408605875983,0.8495148954777667,1.0558464490096016,2.1191224573179213,0.11912245731792126,1.0595612286589606,18.349402670597808,0.014758646740639038,0.4371719845507876,0.4580289947401135,1.6907531097402793,0.30924689025972074,"GT source-group affine fits evaluated at x=y=0; may extrapolate, not physical layer count",
dual_g2_s912127_b0,dual_g2_s912127_b0,/srv/slam-research/grf/map-denoise/runs/multiscan-pilot-v1/repair-v2-oyuie4pl/synthetics/identifiable/dual_g2_s912127_b0.json,identity,development,full,true_bilayer,2.0,0.0,912127,768,8,1.0,True,1.4798992197029293e-05,True,True,,,self-report; not geometry-derived layer count or success,0.0,0.0,0.0,/srv/slam-research/grf/map-denoise/runs/multiscan-pilot-v1/exploration-v5-development-vdbkdouk/outputs/dual_g2_s912127_b0__identity.npz,e76c56223a58f6e6f9b5feb57f7a14c99dd4a7c0af691630d6301cec6e961168,0.7905393652621212,0.974222798193955,1.889730870410953,0.6966145833333334,0.9830729166666666,0.7620419292936088,1.0,1.0013422368483909,0.816710983340584,1.000981664995415,2.039157830851022,0.03915783085102209,1.019578915425511,1.0011601425797874,0.019095659353858523,0.39265253150353147,0.46552974586923695,2.4411213232269535,0.4411213232269535,"GT source-group affine fits evaluated at x=y=0; may extrapolate, not physical layer count",
dual_g2_s912127_b0,dual_g2_s912127_b0,/srv/slam-research/grf/map-denoise/runs/multiscan-pilot-v1/repair-v2-oyuie4pl/synthetics/identifiable/dual_g2_s912127_b0.json,fast,development,full,true_bilayer,2.0,0.0,912127,768,8,1.0,True,0.009048760999576189,True,True,,1,self-report; not geometry-derived layer count or success,1.1780587173387043,2.229472190041932,1.0,/srv/slam-research/grf/map-denoise/runs/multiscan-pilot-v1/exploration-v5-development-vdbkdouk/outputs/dual_g2_s912127_b0__fast.npz,0b8fa8dff65231b0aae60dfa7a3d1ec0f64830867514bd913423750c4c5e0f65,0.4275258153732688,0.515096096468483,0.9280154619618811,0.9440104166666666,1.0,0.43624651917263774,1.0,0.5293750097362778,0.4346343449957197,0.4166332351755545,1.3268726387974692,0.6731273612025308,0.6634363193987346,0.5290304875213958,0.019095659353858537,1.283993017308001,1.283993017308002,-6.661338147750939e-16,2.000000000000001,"GT source-group affine fits evaluated at x=y=0; may extrapolate, not physical layer count",
dual_g2_s912127_b0,dual_g2_s912127_b0,/srv/slam-research/grf/map-denoise/runs/multiscan-pilot-v1/repair-v2-oyuie4pl/synthetics/identifiable/dual_g2_s912127_b0.json,open3d_icp_then_xyz,development,full,true_bilayer,2.0,0.0,912127,768,8,1.0,True,0.02591726499667857,True,True,,2,self-report; not geometry-derived layer count or success,2.672577510769161,5.250959014739328,1.0,/srv/slam-research/grf/map-denoise/runs/multiscan-pilot-v1/exploration-v5-development-vdbkdouk/outputs/dual_g2_s912127_b0__open3d_icp_then_xyz.npz,a7c85f9633021b2805078e98565bc10722d56e47c46a7a7414289fe9f4269061,0.39221245666835686,0.530992213392287,0.9183238474285897,0.2994791666666667,0.81640625,1.4557599107852865,1.0,2.5754179943605315,0.37142037166081293,0.415822408955002,1.6019010224902988,0.39809897750970125,0.8009505112451494,2.575348451415743,0.018926158261958467,0.8687244437920251,0.8708710889728811,0.6993930246479747,1.3006069753520253,"GT source-group affine fits evaluated at x=y=0; may extrapolate, not physical layer count",
dual_g2_s912127_b0,dual_g2_s912127_b0,/srv/slam-research/grf/map-denoise/runs/multiscan-pilot-v1/repair-v2-oyuie4pl/synthetics/identifiable/dual_g2_s912127_b0.json,graph_shared,development,full,true_bilayer,2.0,0.0,912127,768,8,1.0,True,0.09927155099285301,True,True,,,self-report; not geometry-derived layer count or success,1.0573635665754457,2.016648661558792,1.0,/srv/slam-research/grf/map-denoise/runs/multiscan-pilot-v1/exploration-v5-development-vdbkdouk/outputs/dual_g2_s912127_b0__graph_shared.npz,1ce5730f87584e30489b55c8bc1cf49b01c71f49c60b6119fade4521e50f5a76,0.24977465386954936,0.35595709960860933,0.8090480644838505,0.9791666666666666,1.0,0.25487505552164874,1.0,0.3665150006966747,0.25331061042097375,0.3481514601373857,1.767585811846546,0.23241418815345405,0.883792905923273,0.36614260941476245,0.01651772704194341,0.3746041398594285,0.6465028566424538,1.2886663630663935,0.7113336369336065,"GT source-group affine fits evaluated at x=y=0; may extrapolate, not physical layer count",
dual_g2_s912127_b0,dual_g2_s912127_b0,/srv/slam-research/grf/map-denoise/runs/multiscan-pilot-v1/repair-v2-oyuie4pl/synthetics/identifiable/dual_g2_s912127_b0.json,pool_independent,development,full,true_bilayer,2.0,0.0,912127,768,8,1.0,True,0.11978555400855839,True,True,,,self-report; not geometry-derived layer count or success,1.0572524037361386,2.010497874877514,1.0,/srv/slam-research/grf/map-denoise/runs/multiscan-pilot-v1/exploration-v5-development-vdbkdouk/outputs/dual_g2_s912127_b0__pool_independent.npz,0b28650fd4f2f7c2827a33fc6224186001ee56d7b836794a51455a7919143582,0.2528953825529839,0.3584386965803692,0.8092067196709346,0.9778645833333334,1.0,0.258240181698478,1.0,0.3697237698650936,0.25672955795480074,0.3523175980112739,1.7727554882210619,0.22724451177893812,0.8863777441105309,0.36935457467234767,0.016518600784140403,0.35337824594756057,0.6019188246697287,1.3255299622780876,0.6744700377219124,"GT source-group affine fits evaluated at x=y=0; may extrapolate, not physical layer count",
dual_g2_s912127_b0,dual_g2_s912127_b0,/srv/slam-research/grf/map-denoise/runs/multiscan-pilot-v1/repair-v2-oyuie4pl/synthetics/identifiable/dual_g2_s912127_b0.json,pool_compatible,development,full,true_bilayer,2.0,0.0,912127,768,8,1.0,True,0.14231533800193574,True,True,,,self-report; not geometry-derived layer count or success,1.0689914131917437,2.0146753349032305,1.0,/srv/slam-research/grf/map-denoise/runs/multiscan-pilot-v1/exploration-v5-development-vdbkdouk/outputs/dual_g2_s912127_b0__pool_compatible.npz,cd64693c4d7c194d0f4ef7995093bff2f7d51dcc23b37652a1a7174f551ceb80,0.22139923112874418,0.35113081008699554,0.7821729415186695,0.9830729166666666,1.0,0.22669376900167634,1.0,0.36513236069530836,0.22538167723778701,0.34429945708506,1.7527496170237737,0.24725038297622626,0.8763748085118869,0.3647674290774792,0.01632064677440444,0.4024996332719593,0.6673735800918502,1.2456315608932607,0.7543684391067393,"GT source-group affine fits evaluated at x=y=0; may extrapolate, not physical layer count",
dual_g2_s912127_b0,dual_g2_s912127_b0,/srv/slam-research/grf/map-denoise/runs/multiscan-pilot-v1/repair-v2-oyuie4pl/synthetics/identifiable/dual_g2_s912127_b0.json,shared_group_slope,development,full,true_bilayer,2.0,0.0,912127,768,8,1.0,True,0.14258818999223877,True,True,,,self-report; not geometry-derived layer count or success,1.119130610016904,2.1497042453429716,1.0,/srv/slam-research/grf/map-denoise/runs/multiscan-pilot-v1/exploration-v5-development-vdbkdouk/outputs/dual_g2_s912127_b0__shared_group_slope.npz,50d95412e36458a837eeeed9fde45456dc0f91fd6306c1c57823f7d807bf663c,0.2518045685965524,0.4103627361386835,1.3400156410853346,0.9361979166666666,1.0,0.25723342685629097,1.0,0.42172592244181667,0.2556532431311524,0.37131841812048977,1.5887555202317791,0.41124447976822087,0.7943777601158896,0.421405449638716,0.01643778191219189,0.9581774281946048,1.7317518302365225,0.32486765540498963,1.6751323445950104,"GT source-group affine fits evaluated at x=y=0; may extrapolate, not physical layer count",
dual_g2_s912127_b0,dual_g2_s912127_b0,/srv/slam-research/grf/map-denoise/runs/multiscan-pilot-v1/repair-v2-oyuie4pl/synthetics/identifiable/dual_g2_s912127_b0.json,node_intercepts,development,full,true_bilayer,2.0,0.0,912127,768,8,1.0,True,0.14247510000132024,True,True,,,self-report; not geometry-derived layer count or success,1.0660470151169574,2.0211874359091073,1.0,/srv/slam-research/grf/map-denoise/runs/multiscan-pilot-v1/exploration-v5-development-vdbkdouk/outputs/dual_g2_s912127_b0__node_intercepts.npz,3f8fcd25952f1313b3c3c33acaf0d666e779d80a6de2d3ecf17ad14ed92a91b7,0.23859682377021826,0.35744098486866666,0.7831153916081505,0.9830729166666666,1.0,0.2434258318681107,1.0,0.3707077252625055,0.24243228335473144,0.3503427175021319,1.7535704859725927,0.24642951402740731,0.8767852429862963,0.3703475046762548,0.01633840106536348,0.4002804755056033,0.6639519922224862,1.2491068155813476,0.7508931844186524,"GT source-group affine fits evaluated at x=y=0; may extrapolate, not physical layer count",
dual_g2_s912127_b0,dual_g2_s912127_b0,/srv/slam-research/grf/map-denoise/runs/multiscan-pilot-v1/repair-v2-oyuie4pl/synthetics/identifiable/dual_g2_s912127_b0.json,official_gicp,development,full,true_bilayer,2.0,0.0,912127,768,8,1.0,True,0.02783156700024847,True,True,,,self-report; not geometry-derived layer count or success,11.239207837234323,24.233997106364143,1.0,/srv/slam-research/grf/map-denoise/runs/multiscan-pilot-v1/exploration-v5-development-vdbkdouk/outputs/dual_g2_s912127_b0__official_gicp.npz,2851d1dc6a3ab33ffba523b31066dbcd01db5dbebf2d75f06f0054970a2a0947,1.0486518280863695,1.863053122500907,2.323252321787435,0.09244791666666667,0.4635416666666667,2.2637231289128334,1.0,11.281079184884641,0.8249206044821312,1.016927701625093,2.102012615558407,0.10201261555840713,1.0510063077792036,11.281063023112287,0.01909565935385835,0.26487022634559915,0.2763108428925961,2.107049210908246,0.10704921090824593,"GT source-group affine fits evaluated at x=y=0; may extrapolate, not physical layer count",
dual_g2_s912127_b4,dual_g2_s912127_b4,/srv/slam-research/grf/map-denoise/runs/multiscan-pilot-v1/repair-v2-oyuie4pl/synthetics/identifiable/dual_g2_s912127_b4.json,identity,development,full,true_bilayer,2.0,4.0,912127,768,8,1.0,True,1.4814999303780496e-05,True,True,,,self-report; not geometry-derived layer count or success,0.0,0.0,0.0,/srv/slam-research/grf/map-denoise/runs/multiscan-pilot-v1/exploration-v5-development-vdbkdouk/outputs/dual_g2_s912127_b4__identity.npz,4be004221ad8230411980c8448dfc081a585b7db7c672b8f711c152bfd88e75d,3.3397686335846433,3.9407132104511224,6.557528208311359,0.19010416666666666,0.4453125,2.270569156002462,1.0,4.090981746927632,3.491369402780888,4.089086478341668,2.2548735914343347,0.25487359143433475,1.1274367957171674,4.090937179851202,0.019095659353859255,0.9883022401758592,1.6786096433154403,3.506438472370686,1.5064384723706858,"GT source-group affine fits evaluated at x=y=0; may extrapolate, not physical layer count",
dual_g2_s912127_b4,dual_g2_s912127_b4,/srv/slam-research/grf/map-denoise/runs/multiscan-pilot-v1/repair-v2-oyuie4pl/synthetics/identifiable/dual_g2_s912127_b4.json,fast,development,full,true_bilayer,2.0,4.0,912127,768,8,1.0,True,0.009178035004879348,True,True,,1,self-report; not geometry-derived layer count or success,4.158280116971606,6.791880457259227,1.0,/srv/slam-research/grf/map-denoise/runs/multiscan-pilot-v1/exploration-v5-development-vdbkdouk/outputs/dual_g2_s912127_b4__fast.npz,9e45d9099c2377e46f84a8f95248cd852333d76405989837cdb84ff4e3ce177c,0.4249353451417189,0.513752917703776,0.9120037580369873,0.953125,1.0,0.45160815086328737,1.0,0.5387834650569948,0.433482404907039,0.4330462301581231,1.3677050063513887,0.6322949936486113,0.6838525031756943,0.5384449628445448,0.019095659353859352,1.3233729556497813,1.3233729556497815,4.440892098500626e-16,1.9999999999999996,"GT source-group affine fits evaluated at x=y=0; may extrapolate, not physical layer count",
dual_g2_s912127_b4,dual_g2_s912127_b4,/srv/slam-research/grf/map-denoise/runs/multiscan-pilot-v1/repair-v2-oyuie4pl/synthetics/identifiable/dual_g2_s912127_b4.json,open3d_icp_then_xyz,development,full,true_bilayer,2.0,4.0,912127,768,8,1.0,True,0.025604574009776115,True,True,,2,self-report; not geometry-derived layer count or success,4.806139855731315,7.168308587241895,1.0,/srv/slam-research/grf/map-denoise/runs/multiscan-pilot-v1/exploration-v5-development-vdbkdouk/outputs/dual_g2_s912127_b4__open3d_icp_then_xyz.npz,c557507da410fa3c38fb0f5041c77cc3bb64f15fe87e57e0d2503588b5e487f0,0.39491016814279073,0.5335611736140902,0.9044366411963682,0.30078125,0.81640625,1.4571025903427532,1.0,2.5798625642683137,0.37479247671211385,0.42587823842097833,1.6301625270474465,0.36983747295255354,0.8150812635237232,2.579793570132943,0.01886759162695093,0.9081102603178239,0.9115481236133429,0.6932281604028924,1.3067718395971077,"GT source-group affine fits evaluated at x=y=0; may extrapolate, not physical layer count",
dual_g2_s912127_b4,dual_g2_s912127_b4,/srv/slam-research/grf/map-denoise/runs/multiscan-pilot-v1/repair-v2-oyuie4pl/synthetics/identifiable/dual_g2_s912127_b4.json,graph_shared,development,full,true_bilayer,2.0,4.0,912127,768,8,1.0,True,0.14798110100673512,True,True,,,self-report; not geometry-derived layer count or success,4.131651633948317,6.720730381663159,1.0,/srv/slam-research/grf/map-denoise/runs/multiscan-pilot-v1/exploration-v5-development-vdbkdouk/outputs/dual_g2_s912127_b4__graph_shared.npz,1989d1448601ad3ae5a6e135ce9c24091c0d9f07099b553ae3014135b87c6180,0.24850271919523967,0.3525927210566701,0.8032696005447937,0.98046875,1.0,0.2682508970890544,1.0,0.3685503722476647,0.2520807732849659,0.344996288948007,1.7681414555924444,0.2318585444075556,0.8840707277962222,0.3681867555515623,0.016367343104680798,0.37096112587020325,0.6379578045239941,1.2924037867868128,0.7075962132131872,"GT source-group affine fits evaluated at x=y=0; may extrapolate, not physical layer count",
dual_g2_s912127_b4,dual_g2_s912127_b4,/srv/slam-research/grf/map-denoise/runs/multiscan-pilot-v1/repair-v2-oyuie4pl/synthetics/identifiable/dual_g2_s912127_b4.json,pool_independent,development,full,true_bilayer,2.0,4.0,912127,768,8,1.0,True,0.16890042899467517,True,True,,,self-report; not geometry-derived layer count or success,4.131827264274024,6.726401686392557,1.0,/srv/slam-research/grf/map-denoise/runs/multiscan-pilot-v1/exploration-v5-development-vdbkdouk/outputs/dual_g2_s912127_b4__pool_independent.npz,952211d0f8248d72f3c8fe6543febb6abcaa19e4d2bb8e36258e30241402108f,0.25170278035289334,0.3548935515466558,0.809615242275313,0.98046875,1.0,0.2714529500875726,1.0,0.37149495284679107,0.25557289740063444,0.3488991963134551,1.7728017830915146,0.2271982169084854,0.8864008915457573,0.3711342234704742,0.016367289317650087,0.3500240466643965,0.5945209838898959,1.3277104578095391,0.6722895421904609,"GT source-group affine fits evaluated at x=y=0; may extrapolate, not physical layer count",
dual_g2_s912127_b4,dual_g2_s912127_b4,/srv/slam-research/grf/map-denoise/runs/multiscan-pilot-v1/repair-v2-oyuie4pl/synthetics/identifiable/dual_g2_s912127_b4.json,pool_compatible,development,full,true_bilayer,2.0,4.0,912127,768,8,1.0,True,0.1927372159989318,True,True,,,self-report; not geometry-derived layer count or success,4.126380978396205,6.764279110634193,1.0,/srv/slam-research/grf/map-denoise/runs/multiscan-pilot-v1/exploration-v5-development-vdbkdouk/outputs/dual_g2_s912127_b4__pool_compatible.npz,6c1b58a4af2bfd82082deaccee9ada1750e6a867d2585f9686c852fe1370ae63,0.1999786269913885,0.32722814364805736,0.7799516353973681,0.9830729166666666,0.9986979166666666,0.22201300865129373,1.0,0.3497947991672883,0.20428991949360106,0.32270637619311066,1.7550124953096586,0.24498750469034136,0.8775062476548293,0.349422996277452,0.016123622327854796,0.3946972593913923,0.6560992521291176,1.2558908362851966,0.7441091637148034,"GT source-group affine fits evaluated at x=y=0; may extrapolate, not physical layer count",
dual_g2_s912127_b4,dual_g2_s912127_b4,/srv/slam-research/grf/map-denoise/runs/multiscan-pilot-v1/repair-v2-oyuie4pl/synthetics/identifiable/dual_g2_s912127_b4.json,shared_group_slope,development,full,true_bilayer,2.0,4.0,912127,768,8,1.0,True,0.19088754800031893,True,True,,,self-report; not geometry-derived layer count or success,4.140103077794162,6.806598739078087,1.0,/srv/slam-research/grf/map-denoise/runs/multiscan-pilot-v1/exploration-v5-development-vdbkdouk/outputs/dual_g2_s912127_b4__shared_group_slope.npz,226a44fd4a845dee2113d53a095dce66269098651149af2646926365ca664953,0.2346873066741546,0.40550288148159813,1.3550700875918982,0.9375,1.0,0.25659148501117934,1.0,0.42149014931136985,0.23859053331652427,0.3667741027761466,1.5916077836720102,0.40839221632798983,0.7958038918360051,0.4211744585296418,0.01631016397170191,0.937900028203651,1.6652024258021734,0.36678383032879025,1.6332161696712097,"GT source-group affine fits evaluated at x=y=0; may extrapolate, not physical layer count",
dual_g2_s912127_b4,dual_g2_s912127_b4,/srv/slam-research/grf/map-denoise/runs/multiscan-pilot-v1/repair-v2-oyuie4pl/synthetics/identifiable/dual_g2_s912127_b4.json,node_intercepts,development,full,true_bilayer,2.0,4.0,912127,768,8,1.0,True,0.19181221100734547,True,True,,,self-report; not geometry-derived layer count or success,4.126209755491608,6.799725354457062,1.0,/srv/slam-research/grf/map-denoise/runs/multiscan-pilot-v1/exploration-v5-development-vdbkdouk/outputs/dual_g2_s912127_b4__node_intercepts.npz,0600578a7f5e3b0fd7fe65f2ac1d9edc5399b19f35318fafeaaff5ee0c263d7c,0.22666890923429098,0.3411049517706748,0.7786536744043099,0.984375,0.9986979166666666,0.24576948633378395,1.0,0.361194316554375,0.23057058766741703,0.3351013102780812,1.7554305928851774,0.24456940711482256,0.8777152964425887,0.36083498078760273,0.016107481218129507,0.3934790476249717,0.654102289100988,1.2577829853244622,0.7422170146755378,"GT source-group affine fits evaluated at x=y=0; may extrapolate, not physical layer count",
dual_g2_s912127_b4,dual_g2_s912127_b4,/srv/slam-research/grf/map-denoise/runs/multiscan-pilot-v1/repair-v2-oyuie4pl/synthetics/identifiable/dual_g2_s912127_b4.json,official_gicp,development,full,true_bilayer,2.0,4.0,912127,768,8,1.0,True,0.027325135000864975,True,True,,,self-report; not geometry-derived layer count or success,11.70956112605155,24.374327614733524,1.0,/srv/slam-research/grf/map-denoise/runs/multiscan-pilot-v1/exploration-v5-development-vdbkdouk/outputs/dual_g2_s912127_b4__official_gicp.npz,b57b0252a348428d93e6d075b77ebbfb45140a9639b8b8e0ad17ab3cf2d17bc7,1.0723296187328577,1.9108200507826087,2.448036814446456,0.08854166666666667,0.46484375,2.220128788736998,1.0,11.109804942708719,0.8366010411903252,1.0311930781448713,2.0220872867725155,0.02208728677251548,1.0110436433862577,11.109788531778133,0.019095659353853645,0.2997075510776945,0.33571601497699,2.080130830231182,0.08013083023118206,"GT source-group affine fits evaluated at x=y=0; may extrapolate, not physical layer count",
dual_g4_s912101_b0,dual_g4_s912101_b0,/srv/slam-research/grf/map-denoise/runs/multiscan-pilot-v1/repair-v2-oyuie4pl/synthetics/identifiable/dual_g4_s912101_b0.json,identity,development,full,true_bilayer,4.0,0.0,912101,768,8,1.0,True,1.4212011592462659e-05,True,True,,,self-report; not geometry-derived layer count or success,0.0,0.0,0.0,/srv/slam-research/grf/map-denoise/runs/multiscan-pilot-v1/exploration-v5-development-vdbkdouk/outputs/dual_g4_s912101_b0__identity.npz,121c2aa6aaaddcb9b437787ab34f04d515be7919e375637791eb92b2ebd2a099,0.8064323524355116,1.0120559962051876,1.9589509932716467,0.7135416666666666,0.97265625,0.7546138982885912,1.0,1.0218341833090723,0.8114042921165225,1.02095627707569,4.00228714403052,0.002287144030519883,1.00057178600763,1.0209568799665358,0.04233376226979002,0.17861212065423093,0.44378565932449954,4.284237661241769,0.28423766124176897,"GT source-group affine fits evaluated at x=y=0; may extrapolate, not physical layer count",
dual_g4_s912101_b0,dual_g4_s912101_b0,/srv/slam-research/grf/map-denoise/runs/multiscan-pilot-v1/repair-v2-oyuie4pl/synthetics/identifiable/dual_g4_s912101_b0.json,fast,development,full,true_bilayer,4.0,0.0,912101,768,8,1.0,True,0.009229033996234648,True,True,,2,self-report; not geometry-derived layer count or success,1.4214421801581523,2.594112435126759,1.0,/srv/slam-research/grf/map-denoise/runs/multiscan-pilot-v1/exploration-v5-development-vdbkdouk/outputs/dual_g4_s912101_b0__fast.npz,bd9abc9ccd9ae36721ad0886050c01a9b8a7b10ea7b8bf0c9b20d6218c1f3bbe,0.9457747806516923,1.2227808178641495,2.5532678541312674,0.6575520833333334,0.92578125,0.8801292204184774,1.0,1.3443772865714432,1.0203285922693943,1.3001947682968351,3.314545824262304,0.685454175737696,0.828636456065576,1.3437105868531662,0.04233376226979008,1.487750346873084,1.936283176379635,1.584510017170849,2.415489982829151,"GT source-group affine fits evaluated at x=y=0; may extrapolate, not physical layer count",
dual_g4_s912101_b0,dual_g4_s912101_b0,/srv/slam-research/grf/map-denoise/runs/multiscan-pilot-v1/repair-v2-oyuie4pl/synthetics/identifiable/dual_g4_s912101_b0.json,open3d_icp_then_xyz,development,full,true_bilayer,4.0,0.0,912101,768,8,1.0,True,0.025743314996361732,True,True,,2,self-report; not geometry-derived layer count or success,3.0991539498559555,5.604844687751778,1.0,/srv/slam-research/grf/map-denoise/runs/multiscan-pilot-v1/exploration-v5-development-vdbkdouk/outputs/dual_g4_s912101_b0__open3d_icp_then_xyz.npz,a59b6dee9e84147cf7a5551e88969d71383c2a6366e286332718484873382a66,0.6221479775705868,0.7791008998337564,1.5130213470298062,0.23958333333333334,0.7018229166666666,1.6645986896088587,1.0,3.085540031037069,0.6095602956649097,0.6758224555503187,3.3298854373321207,0.6701145626678793,0.8324713593330302,3.0852500378907575,0.04230232650001871,1.137106800839079,1.195154500833951,2.1951657060967507,1.8048342939032493,"GT source-group affine fits evaluated at x=y=0; may extrapolate, not physical layer count",
dual_g4_s912101_b0,dual_g4_s912101_b0,/srv/slam-research/grf/map-denoise/runs/multiscan-pilot-v1/repair-v2-oyuie4pl/synthetics/identifiable/dual_g4_s912101_b0.json,graph_shared,development,full,true_bilayer,4.0,0.0,912101,768,8,1.0,True,0.14816524198977277,True,True,,,self-report; not geometry-derived layer count or success,0.9990317589953533,2.0309278534288,0.921875,/srv/slam-research/grf/map-denoise/runs/multiscan-pilot-v1/exploration-v5-development-vdbkdouk/outputs/dual_g4_s912101_b0__graph_shared.npz,af5016930d2e4271cc82b28ce6429b61534e0967795f9430ccbf6eba6877e4b9,0.3589542993439168,0.5436732765100963,1.159930568820854,0.93359375,0.9869791666666666,0.35522917502070267,1.0,0.5627761698573646,0.36409139632767323,0.5445201648116014,3.7189067924023433,0.28109320759765666,0.9297266981005858,0.5613528424808535,0.04000004497486713,0.5906958455857364,0.7457657454105654,3.0429280385502606,0.9570719614497394,"GT source-group affine fits evaluated at x=y=0; may extrapolate, not physical layer count",
dual_g4_s912101_b0,dual_g4_s912101_b0,/srv/slam-research/grf/map-denoise/runs/multiscan-pilot-v1/repair-v2-oyuie4pl/synthetics/identifiable/dual_g4_s912101_b0.json,pool_independent,development,full,true_bilayer,4.0,0.0,912101,768,8,1.0,True,0.169686184002785,True,True,,,self-report; not geometry-derived layer count or success,0.9705577095327497,1.9857368663369428,0.921875,/srv/slam-research/grf/map-denoise/runs/multiscan-pilot-v1/exploration-v5-development-vdbkdouk/outputs/dual_g4_s912101_b0__pool_independent.npz,fbd59d04764187e53d26f3492fc0cadcf493dc32b306046a3a43e66e27cb7e03,0.3441978207294995,0.524280841385884,1.1201862925780401,0.9401041666666666,0.9869791666666666,0.3416642404788661,1.0,0.5436735332316204,0.3492526377670873,0.5347175321686413,3.8201066292582424,0.1798933707417576,0.9550266573145606,0.5418101195129562,0.0449744942151658,0.35566306078966736,0.36663761411358536,3.4493931768168484,0.5506068231831516,"GT source-group affine fits evaluated at x=y=0; may extrapolate, not physical layer count",
dual_g4_s912101_b0,dual_g4_s912101_b0,/srv/slam-research/grf/map-denoise/runs/multiscan-pilot-v1/repair-v2-oyuie4pl/synthetics/identifiable/dual_g4_s912101_b0.json,pool_compatible,development,full,true_bilayer,4.0,0.0,912101,768,8,1.0,True,0.20104875399556477,True,True,,,self-report; not geometry-derived layer count or success,0.9836449977495679,1.9925401672344223,0.921875,/srv/slam-research/grf/map-denoise/runs/multiscan-pilot-v1/exploration-v5-development-vdbkdouk/outputs/dual_g4_s912101_b0__pool_compatible.npz,11d39fc7602136aa536468f30002e1d967cf0adbe2be1a8c2992dfdd9ce99abb,0.2740135733119718,0.4981743276956096,1.126367134861804,0.9466145833333334,0.9869791666666666,0.271217449550393,1.0,0.5243973453573243,0.28053147076559404,0.5144737470380192,3.8112407152437613,0.1887592847562387,0.9528101788109403,0.5225785257772362,0.04363783008238862,0.37621858495159427,0.3933756217217556,3.4163846548627284,0.5836153451372716,"GT source-group affine fits evaluated at x=y=0; may extrapolate, not physical layer count",
dual_g4_s912101_b0,dual_g4_s912101_b0,/srv/slam-research/grf/map-denoise/runs/multiscan-pilot-v1/repair-v2-oyuie4pl/synthetics/identifiable/dual_g4_s912101_b0.json,shared_group_slope,development,full,true_bilayer,4.0,0.0,912101,768,8,1.0,True,0.1948839549877448,True,True,,,self-report; not geometry-derived layer count or success,1.1253217453346374,2.285305478419952,0.921875,/srv/slam-research/grf/map-denoise/runs/multiscan-pilot-v1/exploration-v5-development-vdbkdouk/outputs/dual_g4_s912101_b0__shared_group_slope.npz,f00eefad041536b8c7345948d0f869517d12b434dcd380fc1e8cd9ac1fc57660,0.46589043272443753,0.6626657717680843,1.5689398967480923,0.8932291666666666,0.9869791666666666,0.468480710936155,1.0,0.7046911292652603,0.47894975283353974,0.6715318774735468,3.577575566204633,0.4224244337953671,0.8943938915511582,0.7021219608142746,0.060119379633077306,1.4425433331081583,2.79792726698307,1.511839629480606,2.488160370519394,"GT source-group affine fits evaluated at x=y=0; may extrapolate, not physical layer count",
dual_g4_s912101_b0,dual_g4_s912101_b0,/srv/slam-research/grf/map-denoise/runs/multiscan-pilot-v1/repair-v2-oyuie4pl/synthetics/identifiable/dual_g4_s912101_b0.json,node_intercepts,development,full,true_bilayer,4.0,0.0,912101,768,8,1.0,True,0.19421007599157747,True,True,,,self-report; not geometry-derived layer count or success,0.9807361005034045,1.9278207902703106,0.921875,/srv/slam-research/grf/map-denoise/runs/multiscan-pilot-v1/exploration-v5-development-vdbkdouk/outputs/dual_g4_s912101_b0__node_intercepts.npz,5fdcd858534d791e3c9b137fb195dc564dd04ea743af3c4b283474d1b5479406,0.290705340184147,0.5039619138839467,1.114898454905913,0.9466145833333334,0.9869791666666666,0.2883443562933367,1.0,0.5280257654143765,0.2967327040056818,0.518115521326412,3.8101796787653393,0.18982032123466075,0.9525449196913348,0.5262539176603093,0.043220632672540574,0.37539809959032255,0.39396803461793994,3.415516191822153,0.584483808177847,"GT source-group affine fits evaluated at x=y=0; may extrapolate, not physical layer count",
dual_g4_s912101_b0,dual_g4_s912101_b0,/srv/slam-research/grf/map-denoise/runs/multiscan-pilot-v1/repair-v2-oyuie4pl/synthetics/identifiable/dual_g4_s912101_b0.json,official_gicp,development,full,true_bilayer,4.0,0.0,912101,768,8,1.0,True,0.025698425990412943,True,True,,,self-report; not geometry-derived layer count or success,14.732566923523827,31.02102066467934,1.0,/srv/slam-research/grf/map-denoise/runs/multiscan-pilot-v1/exploration-v5-development-vdbkdouk/outputs/dual_g4_s912101_b0__official_gicp.npz,a82b25e9062260269e6e56fdce47ef3d317a5d67707ba1262b2f35682c3504c0,1.541917983930914,3.347941562001019,4.534226579914274,0.09895833333333333,0.4596354166666667,2.2463562379054203,1.0,14.765908744845987,0.8805328412172576,1.0790852530784016,3.5980355178958714,0.4019644821041286,0.8995088794739678,14.765848059413699,0.04233376226978993,0.3283765012148525,0.40924377722447136,3.97319795305592,0.02680204694408017,"GT source-group affine fits evaluated at x=y=0; may extrapolate, not physical layer count",
dual_g4_s912101_b4,dual_g4_s912101_b4,/srv/slam-research/grf/map-denoise/runs/multiscan-pilot-v1/repair-v2-oyuie4pl/synthetics/identifiable/dual_g4_s912101_b4.json,identity,development,full,true_bilayer,4.0,4.0,912101,768,8,1.0,True,1.4737990568391979e-05,True,True,,,self-report; not geometry-derived layer count or success,0.0,0.0,0.0,/srv/slam-research/grf/map-denoise/runs/multiscan-pilot-v1/exploration-v5-development-vdbkdouk/outputs/dual_g4_s912101_b4__identity.npz,8c9a1eb68399ff5937104f67b5d3bf0a2868a32950a5493fd871ece6de7114bd,3.434741242386911,3.879170583223748,6.622687217118435,0.04296875,0.203125,2.892752343875074,1.0,4.145698391964449,3.7892775109664165,4.1445390594418425,4.182276629333906,0.18227662933390576,1.0455691573334764,4.145482240911026,0.042333762269789736,0.680382636143409,1.5975229960717805,5.238673921271086,1.2386739212710864,"GT source-group affine fits evaluated at x=y=0; may extrapolate, not physical layer count",
dual_g4_s912101_b4,dual_g4_s912101_b4,/srv/slam-research/grf/map-denoise/runs/multiscan-pilot-v1/repair-v2-oyuie4pl/synthetics/identifiable/dual_g4_s912101_b4.json,fast,development,full,true_bilayer,4.0,4.0,912101,768,8,1.0,True,0.009331673005362973,True,True,,2,self-report; not geometry-derived layer count or success,4.023708361684193,6.788856264170593,1.0,/srv/slam-research/grf/map-denoise/runs/multiscan-pilot-v1/exploration-v5-development-vdbkdouk/outputs/dual_g4_s912101_b4__fast.npz,3a132dfdf40cc0b2ea0fb1d480fbfbbe1071e071c08ec6fa5af137004220d6b3,0.8465600820128643,1.0591049522585965,1.9605176942863063,0.6901041666666666,0.9557291666666666,0.8463905596799833,1.0,1.1397312094757477,0.8812509209759831,1.0830197362405778,3.3952211996411497,0.6047788003588503,0.8488052999102874,1.1389447231648844,0.04233376226979003,1.5379495024771537,2.109625954907969,1.567514688364849,2.4324853116351512,"GT source-group affine fits evaluated at x=y=0; may extrapolate, not physical layer count",
dual_g4_s912101_b4,dual_g4_s912101_b4,/srv/slam-research/grf/map-denoise/runs/multiscan-pilot-v1/repair-v2-oyuie4pl/synthetics/identifiable/dual_g4_s912101_b4.json,open3d_icp_then_xyz,development,full,true_bilayer,4.0,4.0,912101,768,8,1.0,True,0.025762896999367513,True,True,,2,self-report; not geometry-derived layer count or success,5.076128764010233,7.007502678709499,1.0,/srv/slam-research/grf/map-denoise/runs/multiscan-pilot-v1/exploration-v5-development-vdbkdouk/outputs/dual_g4_s912101_b4__open3d_icp_then_xyz.npz,76be0b334e0c572f50fc31980a4b2e6204a4a5aeb92dfd78e8ac6b858b483096,0.626483614758941,0.7827243732132638,1.5418279142001627,0.33203125,0.7395833333333334,1.554579219454861,1.0,3.036411217928376,0.615043807974809,0.6895678721142708,3.364948833713227,0.635051166286773,0.8412372084283067,3.036116373041121,0.042313753235949284,1.1546058426557282,1.234342289583463,2.233318469082411,1.7666815309175892,"GT source-group affine fits evaluated at x=y=0; may extrapolate, not physical layer count",
dual_g4_s912101_b4,dual_g4_s912101_b4,/srv/slam-research/grf/map-denoise/runs/multiscan-pilot-v1/repair-v2-oyuie4pl/synthetics/identifiable/dual_g4_s912101_b4.json,graph_shared,development,full,true_bilayer,4.0,4.0,912101,768,8,1.0,True,0.17300300799252,True,True,,,self-report; not geometry-derived layer count or success,4.030331843229417,6.717256112552037,0.921875,/srv/slam-research/grf/map-denoise/runs/multiscan-pilot-v1/exploration-v5-development-vdbkdouk/outputs/dual_g4_s912101_b4__graph_shared.npz,f7f0bc7fc5b2fde7ad8dc4d5bec0e878acced166bc3164b7efffd78d0d8e6553,0.5095909359308567,0.9954266694096263,1.9705910873294932,0.8776041666666666,0.94921875,0.4681350307978362,1.0,1.1578495726648894,0.5788814587935084,1.1515437860789408,3.804980037449929,0.19501996255007104,0.9512450093624822,1.1555649895167188,0.07269929795735575,0.4512654125680144,0.5866777114168825,3.293564826131476,0.706435173868524,"GT source-group affine fits evaluated at x=y=0; may extrapolate, not physical layer count",
dual_g4_s912101_b4,dual_g4_s912101_b4,/srv/slam-research/grf/map-denoise/runs/multiscan-pilot-v1/repair-v2-oyuie4pl/synthetics/identifiable/dual_g4_s912101_b4.json,pool_independent,development,full,true_bilayer,4.0,4.0,912101,768,8,1.0,True,0.19523435999872163,True,True,,,self-report; not geometry-derived layer count or success,4.007237017277907,6.706196514062771,0.921875,/srv/slam-research/grf/map-denoise/runs/multiscan-pilot-v1/exploration-v5-development-vdbkdouk/outputs/dual_g4_s912101_b4__pool_independent.npz,72c0fc63420c92c42226dad570248bb0be0f20a49c54ccfbf9630e0c3dee139e,0.494836606483154,0.9849912587837787,1.908546919026555,0.8854166666666666,0.94921875,0.45327810429876997,1.0,1.1487041778977207,0.5640430861426524,1.1450262727268201,3.9060434552074828,0.09395654479251725,0.9765108638018707,1.1460781335784478,0.07762860331746085,0.2521213197932149,0.2733812812116409,3.6996130386915587,0.30038696130844134,"GT source-group affine fits evaluated at x=y=0; may extrapolate, not physical layer count",
dual_g4_s912101_b4,dual_g4_s912101_b4,/srv/slam-research/grf/map-denoise/runs/multiscan-pilot-v1/repair-v2-oyuie4pl/synthetics/identifiable/dual_g4_s912101_b4.json,pool_compatible,development,full,true_bilayer,4.0,4.0,912101,768,8,1.0,True,0.22045273099502083,True,True,,,self-report; not geometry-derived layer count or success,4.013959044772528,6.717579876437359,0.921875,/srv/slam-research/grf/map-denoise/runs/multiscan-pilot-v1/exploration-v5-development-vdbkdouk/outputs/dual_g4_s912101_b4__pool_compatible.npz,dee768143fb6364aa2667ea580c0963de3e30d78ee306ac8b395c15051230d83,0.42466130182372613,0.9713639465425356,1.8675065434859128,0.8919270833333334,0.9466145833333334,0.38455932234824725,1.0,1.139711249362274,0.4953245882752948,1.1359137449609082,3.897176044540467,0.10282395545953316,0.9742940111351167,1.1371551008531644,0.07628898037427247,0.27147324900944336,0.2862585652205505,3.6666214417715874,0.33337855822841256,"GT source-group affine fits evaluated at x=y=0; may extrapolate, not physical layer count",
dual_g4_s912101_b4,dual_g4_s912101_b4,/srv/slam-research/grf/map-denoise/runs/multiscan-pilot-v1/repair-v2-oyuie4pl/synthetics/identifiable/dual_g4_s912101_b4.json,shared_group_slope,development,full,true_bilayer,4.0,4.0,912101,768,8,1.0,True,0.224351236000075,True,True,,,self-report; not geometry-derived layer count or success,4.058302569212302,6.827430857382969,0.921875,/srv/slam-research/grf/map-denoise/runs/multiscan-pilot-v1/exploration-v5-development-vdbkdouk/outputs/dual_g4_s912101_b4__shared_group_slope.npz,a5f6c3b1454fae17294ec4f9550afea614296d0a942a6efdff965a19f22e905a,0.6165817818918046,1.0651542021565426,1.9034156813956244,0.8333333333333334,0.9427083333333334,0.5926345616686562,1.0,1.2331040665494604,0.6937760121095211,1.2185867055070359,3.663517520869449,0.33648247913055096,0.9158793802173623,1.2296094325424731,0.09277005089679417,1.2825898835862237,2.638486643705409,1.7619168936337997,2.2380831063662003,"GT source-group affine fits evaluated at x=y=0; may extrapolate, not physical layer count",
dual_g4_s912101_b4,dual_g4_s912101_b4,/srv/slam-research/grf/map-denoise/runs/multiscan-pilot-v1/repair-v2-oyuie4pl/synthetics/identifiable/dual_g4_s912101_b4.json,node_intercepts,development,full,true_bilayer,4.0,4.0,912101,768,8,1.0,True,0.21911496100074146,True,True,,,self-report; not geometry-derived layer count or success,4.013635831309113,6.730789685560015,0.921875,/srv/slam-research/grf/map-denoise/runs/multiscan-pilot-v1/exploration-v5-development-vdbkdouk/outputs/dual_g4_s912101_b4__node_intercepts.npz,1d9eda427e70c6ab6416623fad9210da62ebb81fe9fdb8ace2f8ca7294949f4a,0.441342208728513,0.9743301267544502,1.8875235052766572,0.8919270833333334,0.94921875,0.400815231508104,1.0,1.1413842581314153,0.5115217923608503,1.1375975765706903,3.896114738167034,0.10388526183296598,0.9740286845417585,1.1388597407041885,0.07587170561803969,0.27025623373661634,0.28423476743909104,3.6657490714901924,0.33425092850980764,"GT source-group affine fits evaluated at x=y=0; may extrapolate, not physical layer count",
dual_g4_s912101_b4,dual_g4_s912101_b4,/srv/slam-research/grf/map-denoise/runs/multiscan-pilot-v1/repair-v2-oyuie4pl/synthetics/identifiable/dual_g4_s912101_b4.json,official_gicp,development,full,true_bilayer,4.0,4.0,912101,768,8,1.0,True,0.022279853001236916,True,True,,,self-report; not geometry-derived layer count or success,10.472761426023624,18.071940445725314,1.0,/srv/slam-research/grf/map-denoise/runs/multiscan-pilot-v1/exploration-v5-development-vdbkdouk/outputs/dual_g4_s912101_b4__official_gicp.npz,cadd2c068ac9108ebee42c7d38ddd8d6465e312eaaa10f338ee04b5f43cf2c30,1.0624689140391432,1.6454200210499828,2.590166564548925,0.09375,0.44921875,2.2508949902531614,1.0,9.728763526103826,0.8687186941255147,1.0733984396288603,3.723527206435968,0.27647279356403187,0.930881801608992,9.7286714200563,0.04233376226978999,0.36040862355643516,0.43772181676953936,4.09567606208589,0.0956760620858903,"GT source-group affine fits evaluated at x=y=0; may extrapolate, not physical layer count",
dual_g4_s912113_b0,dual_g4_s912113_b0,/srv/slam-research/grf/map-denoise/runs/multiscan-pilot-v1/repair-v2-oyuie4pl/synthetics/identifiable/dual_g4_s912113_b0.json,identity,development,full,true_bilayer,4.0,0.0,912113,768,8,1.0,True,1.4635996194556355e-05,True,True,,,self-report; not geometry-derived layer count or success,0.0,0.0,0.0,/srv/slam-research/grf/map-denoise/runs/multiscan-pilot-v1/exploration-v5-development-vdbkdouk/outputs/dual_g4_s912113_b0__identity.npz,90e41555476e175c1e925fa223a4ba0512fbdb59187d571a0a8fd7d21244e8ec,0.8196547020984771,1.020525161795238,1.9775188610804235,0.7083333333333334,0.96484375,0.7675900321212691,1.0,1.0293765348015231,0.8241908132341758,1.029261511604108,4.008922632220306,0.008922632220306426,1.0022306580550766,1.0292707285968918,0.014758646740638709,0.28737245664606975,0.3133937830305861,3.758359613822574,0.2416403861774259,"GT source-group affine fits evaluated at x=y=0; may extrapolate, not physical layer count",
dual_g4_s912113_b0,dual_g4_s912113_b0,/srv/slam-research/grf/map-denoise/runs/multiscan-pilot-v1/repair-v2-oyuie4pl/synthetics/identifiable/dual_g4_s912113_b0.json,fast,development,full,true_bilayer,4.0,0.0,912113,768,8,1.0,True,0.009237487000063993,True,True,,2,self-report; not geometry-derived layer count or success,1.5546928241160876,2.968559459552013,1.0,/srv/slam-research/grf/map-denoise/runs/multiscan-pilot-v1/exploration-v5-development-vdbkdouk/outputs/dual_g4_s912113_b0__fast.npz,3154e881d71aed44e3da6d0f816ddcf8f2622b619da9fd9316f6d70fcb1acec1,1.0701747184506005,1.323793009995395,2.542055453872217,0.4973958333333333,0.8802083333333334,1.0292622533327072,1.0,1.5031104543398948,1.1924138878636505,1.4518670704771472,3.2184454673847283,0.7815545326152717,0.8046113668461821,1.5030379969555894,0.014758646740638337,1.8690712122508557,2.2414331594148935,1.1010607092316207,2.8989392907683795,"GT source-group affine fits evaluated at x=y=0; may extrapolate, not physical layer count",
dual_g4_s912113_b0,dual_g4_s912113_b0,/srv/slam-research/grf/map-denoise/runs/multiscan-pilot-v1/repair-v2-oyuie4pl/synthetics/identifiable/dual_g4_s912113_b0.json,open3d_icp_then_xyz,development,full,true_bilayer,4.0,0.0,912113,768,8,1.0,True,0.025727938002091832,True,True,,2,self-report; not geometry-derived layer count or success,4.494498300204584,8.33146723024395,1.0,/srv/slam-research/grf/map-denoise/runs/multiscan-pilot-v1/exploration-v5-development-vdbkdouk/outputs/dual_g4_s912113_b0__open3d_icp_then_xyz.npz,4de03fe1d9113b3e4946c03f97c1263ddbd594c9bd2208fcef09d1115a121f5a,0.6559423144042935,0.830905766486298,1.5558319565378855,0.13151041666666666,0.609375,1.9115865893513337,1.0,4.488736333951183,0.6358713060132047,0.7545872915219486,3.551846783024301,0.4481532169756992,0.8879616957560752,4.488711484247753,0.014936094397354846,1.7040462130226774,1.8509391023226387,1.695835943031477,2.304164056968523,"GT source-group affine fits evaluated at x=y=0; may extrapolate, not physical layer count",
dual_g4_s912113_b0,dual_g4_s912113_b0,/srv/slam-research/grf/map-denoise/runs/multiscan-pilot-v1/repair-v2-oyuie4pl/synthetics/identifiable/dual_g4_s912113_b0.json,graph_shared,development,full,true_bilayer,4.0,0.0,912113,768,8,1.0,True,0.1954013130016392,True,True,,,self-report; not geometry-derived layer count or success,0.9444935666508416,1.9443633822502577,0.9088541666666666,/srv/slam-research/grf/map-denoise/runs/multiscan-pilot-v1/exploration-v5-development-vdbkdouk/outputs/dual_g4_s912113_b0__graph_shared.npz,b37cb238b0c532825d1726ca55be7a8096ecff87008a2ae6fd63bfd639b5920a,0.3203163658945414,0.49902480517787345,1.2014496175087708,0.9309895833333334,0.99609375,0.31011442276160656,1.0,0.5090714895484311,0.3228233535829308,0.5002489350906477,3.809767888732245,0.19023211126775497,0.9524419721830613,0.5088943558907835,0.013428179830603914,0.7628338852758637,1.060662123945545,2.9012109383892577,1.0987890616107423,"GT source-group affine fits evaluated at x=y=0; may extrapolate, not physical layer count",
dual_g4_s912113_b0,dual_g4_s912113_b0,/srv/slam-research/grf/map-denoise/runs/multiscan-pilot-v1/repair-v2-oyuie4pl/synthetics/identifiable/dual_g4_s912113_b0.json,pool_independent,development,full,true_bilayer,4.0,0.0,912113,768,8,1.0,True,0.21854418799921405,True,True,,,self-report; not geometry-derived layer count or success,0.9169803180146875,1.903923134806898,0.9088541666666666,/srv/slam-research/grf/map-denoise/runs/multiscan-pilot-v1/exploration-v5-development-vdbkdouk/outputs/dual_g4_s912113_b0__pool_independent.npz,bde610947ef75ae61cfbb304830eafdd18c3f8e8b4d5c94d3a060aa8905d142b,0.2900129853569249,0.45840513208889616,1.048823250391392,0.9518229166666666,0.9973958333333334,0.2823536983741468,1.0,0.4848963206338883,0.29623659702795807,0.48246476029441737,3.911792341814448,0.08820765818555198,0.977948085453612,0.4844803856014035,0.020079784157157023,0.5060942664963228,0.6209352605045513,3.3598244088226896,0.6401755911773104,"GT source-group affine fits evaluated at x=y=0; may extrapolate, not physical layer count",
dual_g4_s912113_b0,dual_g4_s912113_b0,/srv/slam-research/grf/map-denoise/runs/multiscan-pilot-v1/repair-v2-oyuie4pl/synthetics/identifiable/dual_g4_s912113_b0.json,pool_compatible,development,full,true_bilayer,4.0,0.0,912113,768,8,1.0,True,0.24610418498923536,True,True,,,self-report; not geometry-derived layer count or success,0.9350028351125517,1.8929076164925802,0.9088541666666666,/srv/slam-research/grf/map-denoise/runs/multiscan-pilot-v1/exploration-v5-development-vdbkdouk/outputs/dual_g4_s912113_b0__pool_compatible.npz,f71674190b2ad52af85cb6226bc4c8655e2a9d132ec092e3372139ff411e5178,0.24306332323281166,0.4348030247887259,1.0648576477975322,0.9557291666666666,0.9973958333333334,0.2358503037430613,1.0,0.4589262974578163,0.2484286146744398,0.4561632971608327,3.9030630474238386,0.09693695257616142,0.9757657618559596,0.4587187427949464,0.013800779215822494,0.5451403992145626,0.7016872675081528,3.293263494727156,0.7067365052728438,"GT source-group affine fits evaluated at x=y=0; may extrapolate, not physical layer count",
dual_g4_s912113_b0,dual_g4_s912113_b0,/srv/slam-research/grf/map-denoise/runs/multiscan-pilot-v1/repair-v2-oyuie4pl/synthetics/identifiable/dual_g4_s912113_b0.json,shared_group_slope,development,full,true_bilayer,4.0,0.0,912113,768,8,1.0,True,0.2557890449970728,True,True,,,self-report; not geometry-derived layer count or success,1.052161317183029,2.2263110190609465,0.9088541666666666,/srv/slam-research/grf/map-denoise/runs/multiscan-pilot-v1/exploration-v5-development-vdbkdouk/outputs/dual_g4_s912113_b0__shared_group_slope.npz,44e144893521b57482d8230cd7f335b9e477da3ba205cae371b67161dcaaeba7,0.45793725114495354,0.7017188439914122,1.7879510556550322,0.8802083333333334,0.9973958333333334,0.4398616879799702,1.0,0.7031457325361852,0.4584071682108927,0.6808565590012301,3.6409732602801337,0.3590267397198663,0.9102433150700334,0.7031428505262872,0.002013190903966544,1.4165689419708027,2.2507859102307,1.8109120367539635,2.1890879632460365,"GT source-group affine fits evaluated at x=y=0; may extrapolate, not physical layer count",
dual_g4_s912113_b0,dual_g4_s912113_b0,/srv/slam-research/grf/map-denoise/runs/multiscan-pilot-v1/repair-v2-oyuie4pl/synthetics/identifiable/dual_g4_s912113_b0.json,node_intercepts,development,full,true_bilayer,4.0,0.0,912113,768,8,1.0,True,0.24690978099533822,True,True,,,self-report; not geometry-derived layer count or success,0.9262857501235551,1.8802549964204036,0.9088541666666666,/srv/slam-research/grf/map-denoise/runs/multiscan-pilot-v1/exploration-v5-development-vdbkdouk/outputs/dual_g4_s912113_b0__node_intercepts.npz,e28a470470b51a24d618033d70a1b76841fbdd459f0c10dd90ee07f4e6d95f7e,0.2676446842289479,0.4490494928545652,1.061865696440635,0.9518229166666666,0.9973958333333334,0.25978085391517275,1.0,0.47153994464781473,0.2727966298699288,0.46887079312097557,3.908027700176601,0.09197229982339916,0.9770069250441502,0.4711182526787853,0.019937687713282786,0.519998577811423,0.6384208953466007,3.339625252833008,0.6603747471669918,"GT source-group affine fits evaluated at x=y=0; may extrapolate, not physical layer count",
dual_g4_s912113_b0,dual_g4_s912113_b0,/srv/slam-research/grf/map-denoise/runs/multiscan-pilot-v1/repair-v2-oyuie4pl/synthetics/identifiable/dual_g4_s912113_b0.json,official_gicp,development,full,true_bilayer,4.0,0.0,912113,768,8,1.0,True,0.02786324500630144,True,True,,,self-report; not geometry-derived layer count or success,13.275584857930811,27.033884164255,1.0,/srv/slam-research/grf/map-denoise/runs/multiscan-pilot-v1/exploration-v5-development-vdbkdouk/outputs/dual_g4_s912113_b0__official_gicp.npz,18b177eb1ccb7a177aa696a855be1715c2832a29d32300e2c70fcca9078e190a,1.124306910762419,1.8524431263788033,2.9958141088374557,0.09635416666666667,0.4583333333333333,2.285324633138127,1.0,13.314389584844639,0.8427141671619922,1.0454705493511043,4.064191952943782,0.06419195294378177,1.0160479882359454,13.314381405058432,0.014758646740638745,0.5217301322702129,0.7632833740009721,3.5105794301260573,0.48942056987394267,"GT source-group affine fits evaluated at x=y=0; may extrapolate, not physical layer count",
dual_g4_s912113_b4,dual_g4_s912113_b4,/srv/slam-research/grf/map-denoise/runs/multiscan-pilot-v1/repair-v2-oyuie4pl/synthetics/identifiable/dual_g4_s912113_b4.json,identity,development,full,true_bilayer,4.0,4.0,912113,768,8,1.0,True,1.5844008885324e-05,True,True,,,self-report; not geometry-derived layer count or success,0.0,0.0,0.0,/srv/slam-research/grf/map-denoise/runs/multiscan-pilot-v1/exploration-v5-development-vdbkdouk/outputs/dual_g4_s912113_b4__identity.npz,0eca4511cf33d918ecaaf03d69bae72160e18bf88c869dca3f86824319367641,2.958609050908308,3.784398754983862,7.191779552568143,0.28515625,0.546875,1.955238731266743,1.0,4.126421615655251,3.2909193885609462,4.125865446177046,3.8645583349127675,0.13544166508723254,0.9661395837281919,4.126395222526955,0.014758646740639472,0.8213146930750197,0.9782536938586096,3.9258261584347385,0.07417384156526152,"GT source-group affine fits evaluated at x=y=0; may extrapolate, not physical layer count",
dual_g4_s912113_b4,dual_g4_s912113_b4,/srv/slam-research/grf/map-denoise/runs/multiscan-pilot-v1/repair-v2-oyuie4pl/synthetics/identifiable/dual_g4_s912113_b4.json,fast,development,full,true_bilayer,4.0,4.0,912113,768,8,1.0,True,0.009313235990703106,True,True,,2,self-report; not geometry-derived layer count or success,4.280013470217212,7.7097382752970605,1.0,/srv/slam-research/grf/map-denoise/runs/multiscan-pilot-v1/exploration-v5-development-vdbkdouk/outputs/dual_g4_s912113_b4__fast.npz,563749b5ce22b1b10c1046c2fa3ba764300b8e1d4afa405107daf0faefe28b6b,0.976648191543889,1.249458747884413,2.530167283628331,0.59765625,0.90234375,0.9653926540697282,1.0,1.394871101689759,1.0560433733474317,1.3238690664067658,3.2112362612754968,0.7887637387245032,0.8028090653188742,1.3947930214464035,0.014758646740638905,1.8630238497922618,2.3490391029952824,1.0703543715524573,2.9296456284475427,"GT source-group affine fits evaluated at x=y=0; may extrapolate, not physical layer count",
dual_g4_s912113_b4,dual_g4_s912113_b4,/srv/slam-research/grf/map-denoise/runs/multiscan-pilot-v1/repair-v2-oyuie4pl/synthetics/identifiable/dual_g4_s912113_b4.json,open3d_icp_then_xyz,development,full,true_bilayer,4.0,4.0,912113,768,8,1.0,True,0.025797270995099097,True,True,,2,self-report; not geometry-derived layer count or success,5.953639944580137,9.686202895701692,1.0,/srv/slam-research/grf/map-denoise/runs/multiscan-pilot-v1/exploration-v5-development-vdbkdouk/outputs/dual_g4_s912113_b4__open3d_icp_then_xyz.npz,35284532177f91487fe91c40ee5550aeacff758de80d1c07d0ca6534e0513b9f,0.6557989186621089,0.8365093033533765,1.5761691594810285,0.12369791666666667,0.60546875,1.9161238105935787,1.0,4.492619420437875,0.6346441106203621,0.7634030547434241,3.5658302830896402,0.43416971691035977,0.8914575707724101,4.4925945305384,0.014954633796895433,1.7091670017721705,1.9173580073906171,1.7169728883648998,2.2830271116351,"GT source-group affine fits evaluated at x=y=0; may extrapolate, not physical layer count",
dual_g4_s912113_b4,dual_g4_s912113_b4,/srv/slam-research/grf/map-denoise/runs/multiscan-pilot-v1/repair-v2-oyuie4pl/synthetics/identifiable/dual_g4_s912113_b4.json,graph_shared,development,full,true_bilayer,4.0,4.0,912113,768,8,1.0,True,0.19607001999975182,True,True,,,self-report; not geometry-derived layer count or success,3.871575646209494,7.271119410025596,0.9127604166666666,/srv/slam-research/grf/map-denoise/runs/multiscan-pilot-v1/exploration-v5-development-vdbkdouk/outputs/dual_g4_s912113_b4__graph_shared.npz,e8d5ac5824a89e3664344c64e0c24889d91b5ab7bdda5ee8576f2001d2bcc592,0.49450532976213096,1.0935745027213677,1.8285574612054531,0.8815104166666666,0.9622395833333334,0.4136518977772427,1.0,1.4201247813887499,0.5973791823775642,1.4163124416015567,3.8165457863935344,0.18345421360646563,0.9541364465983836,1.4197334906579686,0.03333481991228864,0.7286984447911543,0.908406520992633,2.988385175048359,1.011614824951641,"GT source-group affine fits evaluated at x=y=0; may extrapolate, not physical layer count",
dual_g4_s912113_b4,dual_g4_s912113_b4,/srv/slam-research/grf/map-denoise/runs/multiscan-pilot-v1/repair-v2-oyuie4pl/synthetics/identifiable/dual_g4_s912113_b4.json,pool_independent,development,full,true_bilayer,4.0,4.0,912113,768,8,1.0,True,0.21536605400615372,True,True,,,self-report; not geometry-derived layer count or success,3.845778035103889,7.162730988436881,0.9114583333333334,/srv/slam-research/grf/map-denoise/runs/multiscan-pilot-v1/exploration-v5-development-vdbkdouk/outputs/dual_g4_s912113_b4__pool_independent.npz,52df9d6b8e3c03236d892f9a4c73166edfd98a4a9ebfe684ec0ba22ebc820478,0.46816850459649606,1.0813666339680066,1.8372798692505181,0.9010416666666666,0.9622395833333334,0.3921359051702791,1.0,1.4333080040480648,0.5798294203738651,1.4315390796436955,3.8976217018642325,0.10237829813576749,0.9744054254660581,1.4329927609530906,0.030059632803565422,0.5421734931071108,0.6587140890721381,3.316203143720253,0.6837968562797472,"GT source-group affine fits evaluated at x=y=0; may extrapolate, not physical layer count",
dual_g4_s912113_b4,dual_g4_s912113_b4,/srv/slam-research/grf/map-denoise/runs/multiscan-pilot-v1/repair-v2-oyuie4pl/synthetics/identifiable/dual_g4_s912113_b4.json,pool_compatible,development,full,true_bilayer,4.0,4.0,912113,768,8,1.0,True,0.24208510101016145,True,True,,,self-report; not geometry-derived layer count or success,3.8643234263673745,7.180890638549785,0.9114583333333334,/srv/slam-research/grf/map-denoise/runs/multiscan-pilot-v1/exploration-v5-development-vdbkdouk/outputs/dual_g4_s912113_b4__pool_compatible.npz,ad3c91d1a0c1955452656a90e10d7f799804474381e26749e44cb956b9faf771,0.42121745670738253,1.0718944794832697,1.7120979102218652,0.9049479166666666,0.9609375,0.346281996769777,1.0,1.425106173845477,0.5321102233680514,1.4232243364879489,3.8861724816284964,0.11382751837150362,0.9715431204071241,1.424899185345325,0.024288234491721176,0.584880407665015,0.7476151716354591,3.2412426025917656,0.7587573974082344,"GT source-group affine fits evaluated at x=y=0; may extrapolate, not physical layer count",
dual_g4_s912113_b4,dual_g4_s912113_b4,/srv/slam-research/grf/map-denoise/runs/multiscan-pilot-v1/repair-v2-oyuie4pl/synthetics/identifiable/dual_g4_s912113_b4.json,shared_group_slope,development,full,true_bilayer,4.0,4.0,912113,768,8,1.0,True,0.24223951999738347,True,True,,,self-report; not geometry-derived layer count or success,3.8922642665432776,7.163513424484399,0.9114583333333334,/srv/slam-research/grf/map-denoise/runs/multiscan-pilot-v1/exploration-v5-development-vdbkdouk/outputs/dual_g4_s912113_b4__shared_group_slope.npz,0d632a2d28b89b206c21dbc46cba3233bb806b70eca9ea793c4a33330e1c1cfe,0.6304433845974664,1.2027183799000878,1.9245422675070096,0.83203125,0.9557291666666666,0.5539651561935219,1.0,1.5198057354619656,0.7366586420083783,1.508592358827346,3.6330788839612,0.36692111603879995,0.9082697209903,1.5197509600836037,0.01290321154019988,1.4125339974033533,2.191233609851578,1.830225023891217,2.169774976108783,"GT source-group affine fits evaluated at x=y=0; may extrapolate, not physical layer count",
dual_g4_s912113_b4,dual_g4_s912113_b4,/srv/slam-research/grf/map-denoise/runs/multiscan-pilot-v1/repair-v2-oyuie4pl/synthetics/identifiable/dual_g4_s912113_b4.json,node_intercepts,development,full,true_bilayer,4.0,4.0,912113,768,8,1.0,True,0.24165013400488533,True,True,,,self-report; not geometry-derived layer count or success,3.8520915952858963,7.216320978827686,0.9114583333333334,/srv/slam-research/grf/map-denoise/runs/multiscan-pilot-v1/exploration-v5-development-vdbkdouk/outputs/dual_g4_s912113_b4__node_intercepts.npz,9e1d6831b1f748618ed770dd6b9388a09946b18f88468fd52c5ef1486936e50f,0.44598457613949366,1.077402774716838,1.7974445192392328,0.90234375,0.9622395833333334,0.37141155177602436,1.0,1.4289172721140173,0.5566389307355788,1.427052994156546,3.8915310308122475,0.1084689691877525,0.9728827577030619,1.4286202764073344,0.02913205079627558,0.5629999285199463,0.6952886633028263,3.283064986422796,0.7169350135772041,"GT source-group affine fits evaluated at x=y=0; may extrapolate, not physical layer count",
dual_g4_s912113_b4,dual_g4_s912113_b4,/srv/slam-research/grf/map-denoise/runs/multiscan-pilot-v1/repair-v2-oyuie4pl/synthetics/identifiable/dual_g4_s912113_b4.json,official_gicp,development,full,true_bilayer,4.0,4.0,912113,768,8,1.0,True,0.024652998996316455,True,True,,,self-report; not geometry-derived layer count or success,13.066806454310626,26.847644446070444,1.0,/srv/slam-research/grf/map-denoise/runs/multiscan-pilot-v1/exploration-v5-development-vdbkdouk/outputs/dual_g4_s912113_b4__official_gicp.npz,3d1889ec6c85ba2f1153ccc3fc5c2931740df2631cc23fb40fa7af72a9e8c485,1.0940757673598807,1.7752706085002674,2.556349805640265,0.09895833333333333,0.45703125,2.2888627240607637,1.0,12.47139805983276,0.8496866300040411,1.055115458424185,4.094005937045148,0.09400593704514826,1.023501484261287,12.471389327141813,0.014758646740638601,0.5734392281702888,0.8350325041505009,3.501094997342548,0.4989050026574522,"GT source-group affine fits evaluated at x=y=0; may extrapolate, not physical layer count",
dual_g4_s912127_b0,dual_g4_s912127_b0,/srv/slam-research/grf/map-denoise/runs/multiscan-pilot-v1/repair-v2-oyuie4pl/synthetics/identifiable/dual_g4_s912127_b0.json,identity,development,full,true_bilayer,4.0,0.0,912127,768,8,1.0,True,1.49609986692667e-05,True,True,,,self-report; not geometry-derived layer count or success,0.0,0.0,0.0,/srv/slam-research/grf/map-denoise/runs/multiscan-pilot-v1/exploration-v5-development-vdbkdouk/outputs/dual_g4_s912127_b0__identity.npz,8e74a7e066322a7833fb325a475285d5223ffe180643180119533b50d52c9523,0.8127762083879918,0.9934521505770522,1.8865495219813002,0.71484375,0.9752604166666666,0.7553341788323834,1.0,1.0013422368483909,0.8167109833405841,1.0009405881130482,3.9570273865585652,0.04297261344143477,0.9892568466396413,1.0011601425797874,0.01909565935385851,0.3670122853165784,0.5220735206454638,4.365455299295477,0.36545529929547715,"GT source-group affine fits evaluated at x=y=0; may extrapolate, not physical layer count",
dual_g4_s912127_b0,dual_g4_s912127_b0,/srv/slam-research/grf/map-denoise/runs/multiscan-pilot-v1/repair-v2-oyuie4pl/synthetics/identifiable/dual_g4_s912127_b0.json,fast,development,full,true_bilayer,4.0,0.0,912127,768,8,1.0,True,0.009243512991815805,True,True,,2,self-report; not geometry-derived layer count or success,1.233947804448702,2.457564317956944,1.0,/srv/slam-research/grf/map-denoise/runs/multiscan-pilot-v1/exploration-v5-development-vdbkdouk/outputs/dual_g4_s912127_b0__fast.npz,5972f58feab83266cc801ded4e12d47c7cb754b9971cf4a698e6085405f81eed,0.9384176639254017,1.161797416892061,2.208339936633421,0.609375,0.9361979166666666,0.9034150188283308,1.0,1.2635381364864424,0.9979166796019229,1.2262533016457091,3.387759857097319,0.6122401429026811,0.8469399642743297,1.263393833351055,0.01909565935385852,1.00056665519243,1.1570073360425372,2.311600225728836,1.688399774271164,"GT source-group affine fits evaluated at x=y=0; may extrapolate, not physical layer count",
dual_g4_s912127_b0,dual_g4_s912127_b0,/srv/slam-research/grf/map-denoise/runs/multiscan-pilot-v1/repair-v2-oyuie4pl/synthetics/identifiable/dual_g4_s912127_b0.json,open3d_icp_then_xyz,development,full,true_bilayer,4.0,0.0,912127,768,8,1.0,True,0.025672547999420203,True,True,,2,self-report; not geometry-derived layer count or success,2.927604870371356,5.385920563117749,1.0,/srv/slam-research/grf/map-denoise/runs/multiscan-pilot-v1/exploration-v5-development-vdbkdouk/outputs/dual_g4_s912127_b0__open3d_icp_then_xyz.npz,a17a965f61844fff168421abf6974f95d8c12a8b13b4f2c649c077507e7c7758,0.58507225587856,0.735284215387458,1.5028270061389686,0.19921875,0.7265625,1.6301398833076455,1.0,2.909858759705462,0.5790260741897532,0.6768567208575084,3.450877286130903,0.5491227138690968,0.8627193215327258,2.909796028650192,0.019106885831441864,1.1681648422991675,1.3212750519194953,2.208356479070737,1.791643520929263,"GT source-group affine fits evaluated at x=y=0; may extrapolate, not physical layer count",
dual_g4_s912127_b0,dual_g4_s912127_b0,/srv/slam-research/grf/map-denoise/runs/multiscan-pilot-v1/repair-v2-oyuie4pl/synthetics/identifiable/dual_g4_s912127_b0.json,graph_shared,development,full,true_bilayer,4.0,0.0,912127,768,8,1.0,True,0.19442179999896325,True,True,,,self-report; not geometry-derived layer count or success,0.9293972713691925,1.8407024752333825,0.9361979166666666,/srv/slam-research/grf/map-denoise/runs/multiscan-pilot-v1/exploration-v5-development-vdbkdouk/outputs/dual_g4_s912127_b0__graph_shared.npz,e4949f12be4b6348b9b36185b84ad5c03efd99332cd15752372d4deaaac83784,0.30717511753506976,0.4558847141512853,1.0120703763923675,0.9505208333333334,0.9973958333333334,0.30169647881782613,1.0,0.4746084448463122,0.3115242196831482,0.46305003179454723,3.7919886810926116,0.20801131890738844,0.9479971702731529,0.47406833333085696,0.022636060883873675,0.1867311276178838,0.1937107724992761,3.6600541469449497,0.3399458530550503,"GT source-group affine fits evaluated at x=y=0; may extrapolate, not physical layer count",
dual_g4_s912127_b0,dual_g4_s912127_b0,/srv/slam-research/grf/map-denoise/runs/multiscan-pilot-v1/repair-v2-oyuie4pl/synthetics/identifiable/dual_g4_s912127_b0.json,pool_independent,development,full,true_bilayer,4.0,0.0,912127,768,8,1.0,True,0.21708587599277962,True,True,,,self-report; not geometry-derived layer count or success,0.8994045213235314,1.7958731033083897,0.9361979166666666,/srv/slam-research/grf/map-denoise/runs/multiscan-pilot-v1/exploration-v5-development-vdbkdouk/outputs/dual_g4_s912127_b0__pool_independent.npz,40b781823bf3795d18b144429a5aecc089cd4ffe0497dd839f7af5dbe6b9f8b9,0.2649350357778035,0.3871669078719954,0.8056303218469977,0.96875,0.9973958333333334,0.2600564211892451,1.0,0.4173324414034423,0.270996235299523,0.4130709951926394,3.9035915949180535,0.09640840508194648,0.9758978987295134,0.41576850268755355,0.036095966820510104,0.2578906672035402,0.3752661667762692,4.165342329003841,0.16534232900384094,"GT source-group affine fits evaluated at x=y=0; may extrapolate, not physical layer count",
dual_g4_s912127_b0,dual_g4_s912127_b0,/srv/slam-research/grf/map-denoise/runs/multiscan-pilot-v1/repair-v2-oyuie4pl/synthetics/identifiable/dual_g4_s912127_b0.json,pool_compatible,development,full,true_bilayer,4.0,0.0,912127,768,8,1.0,True,0.24647796900535468,True,True,,,self-report; not geometry-derived layer count or success,0.913867528883391,1.816022416586342,0.9361979166666666,/srv/slam-research/grf/map-denoise/runs/multiscan-pilot-v1/exploration-v5-development-vdbkdouk/outputs/dual_g4_s912127_b0__pool_compatible.npz,bfcff136f793830047078e66f76b6d2bae17828e22a85aab2a5d5a37804fd73c,0.2098460727743995,0.34607896605622407,0.7452527884461483,0.97265625,0.9973958333333334,0.20694835184587243,1.0,0.37369586065583515,0.21480953136959266,0.3684583826773357,3.898807875094208,0.1011921249057921,0.974701968773552,0.37178373314788604,0.03775515909020694,0.2504568741328069,0.37371944198203716,4.1526242333330705,0.1526242333330705,"GT source-group affine fits evaluated at x=y=0; may extrapolate, not physical layer count",
dual_g4_s912127_b0,dual_g4_s912127_b0,/srv/slam-research/grf/map-denoise/runs/multiscan-pilot-v1/repair-v2-oyuie4pl/synthetics/identifiable/dual_g4_s912127_b0.json,shared_group_slope,development,full,true_bilayer,4.0,0.0,912127,768,8,1.0,True,0.24579993198858574,True,True,,,self-report; not geometry-derived layer count or success,1.0192376128724503,2.0186974875073003,0.9361979166666666,/srv/slam-research/grf/map-denoise/runs/multiscan-pilot-v1/exploration-v5-development-vdbkdouk/outputs/dual_g4_s912127_b0__shared_group_slope.npz,b05d465790e48019ccc9f3d8c8b1bf036a7c2b0af30e7bf0abc4f09610c8f665,0.2416067199440084,0.49182102991788307,1.2758856789903918,0.91796875,0.9830729166666666,0.23358470464445547,1.0,0.568630129060083,0.2617065398436204,0.5460429218395436,3.6750856654924533,0.3249143345075467,0.9187714163731133,0.5686143462841391,0.004236611233986877,0.6604503138914204,1.1577886638033037,2.8284752421374897,1.1715247578625103,"GT source-group affine fits evaluated at x=y=0; may extrapolate, not physical layer count",
dual_g4_s912127_b0,dual_g4_s912127_b0,/srv/slam-research/grf/map-denoise/runs/multiscan-pilot-v1/repair-v2-oyuie4pl/synthetics/identifiable/dual_g4_s912127_b0.json,node_intercepts,development,full,true_bilayer,4.0,0.0,912127,768,8,1.0,True,0.24293267300527077,True,True,,,self-report; not geometry-derived layer count or success,0.9046745491506633,1.7923383049763952,0.9361979166666666,/srv/slam-research/grf/map-denoise/runs/multiscan-pilot-v1/exploration-v5-development-vdbkdouk/outputs/dual_g4_s912127_b0__node_intercepts.npz,38fc1ab0cc046abe5275903f29311239be63cf2ce71fa7a00316d617082af2d6,0.2522165964732911,0.36897635204784884,0.7810412268449596,0.97265625,0.9973958333333334,0.24957968260810248,1.0,0.3948846062555897,0.2571582653211981,0.3899695327054726,3.8991230417009017,0.10087695829909826,0.9747807604252254,0.39309306653640713,0.03757250721785649,0.2526526927022284,0.3733056284086674,4.154262565874483,0.1542625658744834,"GT source-group affine fits evaluated at x=y=0; may extrapolate, not physical layer count",
dual_g4_s912127_b0,dual_g4_s912127_b0,/srv/slam-research/grf/map-denoise/runs/multiscan-pilot-v1/repair-v2-oyuie4pl/synthetics/identifiable/dual_g4_s912127_b0.json,official_gicp,development,full,true_bilayer,4.0,0.0,912127,768,8,1.0,True,0.02886847499758005,True,True,,,self-report; not geometry-derived layer count or success,15.56731648827747,32.77941949382088,1.0,/srv/slam-research/grf/map-denoise/runs/multiscan-pilot-v1/exploration-v5-development-vdbkdouk/outputs/dual_g4_s912127_b0__official_gicp.npz,a885c655d441f7fc34f9be23fd8a6890dafc2d62d9cdba2e03be44c60f7cc4f7,1.501535843334861,3.2411773990716672,6.05333664073001,0.0859375,0.4153645833333333,2.375406576710597,1.0,15.597101687284754,0.817271316488415,1.006195548962262,4.1309112846371825,0.1309112846371825,1.0327278211592956,15.59708999779429,0.019095659353858725,0.32330991302098655,0.5473622222384145,4.473219477798158,0.47321947779815776,"GT source-group affine fits evaluated at x=y=0; may extrapolate, not physical layer count",
dual_g4_s912127_b4,dual_g4_s912127_b4,/srv/slam-research/grf/map-denoise/runs/multiscan-pilot-v1/repair-v2-oyuie4pl/synthetics/identifiable/dual_g4_s912127_b4.json,identity,development,full,true_bilayer,4.0,4.0,912127,768,8,1.0,True,1.536999479867518e-05,True,True,,,self-report; not geometry-derived layer count or success,0.0,0.0,0.0,/srv/slam-research/grf/map-denoise/runs/multiscan-pilot-v1/exploration-v5-development-vdbkdouk/outputs/dual_g4_s912127_b4__identity.npz,35d493293df1000dddfb33dab7771789cf0fa987fb6068a1c5e467a350904071,3.2048851137356267,3.818969621271921,6.529451993897276,0.18489583333333334,0.4309895833333333,2.327718784222705,1.0,4.090981746927633,3.491369402780888,4.09007799603034,3.828159981635924,0.17184001836407603,0.957039995408981,4.090937179851202,0.019095659353859106,0.8145084864816473,1.3508849267229255,4.772006342866446,0.7720063428664456,"GT source-group affine fits evaluated at x=y=0; may extrapolate, not physical layer count",
dual_g4_s912127_b4,dual_g4_s912127_b4,/srv/slam-research/grf/map-denoise/runs/multiscan-pilot-v1/repair-v2-oyuie4pl/synthetics/identifiable/dual_g4_s912127_b4.json,fast,development,full,true_bilayer,4.0,4.0,912127,768,8,1.0,True,0.009406434997799806,True,True,,2,self-report; not geometry-derived layer count or success,3.8674172899027273,6.699259067508182,1.0,/srv/slam-research/grf/map-denoise/runs/multiscan-pilot-v1/exploration-v5-development-vdbkdouk/outputs/dual_g4_s912127_b4__fast.npz,a3704d24ab130fc01e108a915c9fa021b3ed34929972d654d10ebf5dc12cb1cf,0.8350224360102737,1.0765718101975796,2.1981716420498465,0.67578125,0.94140625,0.8394017981663268,1.0,1.1840982889773375,0.8884109630956605,1.135912436118064,3.4110287492110305,0.5889712507889695,0.8527571873027576,1.1839443034842896,0.019095659353858572,0.8914748328824015,1.0745206990497476,2.462022674949694,1.537977325050306,"GT source-group affine fits evaluated at x=y=0; may extrapolate, not physical layer count",
dual_g4_s912127_b4,dual_g4_s912127_b4,/srv/slam-research/grf/map-denoise/runs/multiscan-pilot-v1/repair-v2-oyuie4pl/synthetics/identifiable/dual_g4_s912127_b4.json,open3d_icp_then_xyz,development,full,true_bilayer,4.0,4.0,912127,768,8,1.0,True,0.02600453799823299,True,True,,2,self-report; not geometry-derived layer count or success,5.038248344263153,7.194504992683679,1.0,/srv/slam-research/grf/map-denoise/runs/multiscan-pilot-v1/exploration-v5-development-vdbkdouk/outputs/dual_g4_s912127_b4__open3d_icp_then_xyz.npz,b64083054850e62ea41edc4b7c2ca6346ea221da4e018a3213f26d6eb9ca6b49,0.5987816404054053,0.7576230421011234,1.536141758776653,0.19401041666666666,0.69921875,1.692447654072886,1.0,3.14220419079015,0.5855310366696659,0.6713857397772929,3.386001158730594,0.6139988412694062,0.8465002896826485,3.142146118778928,0.01910353008479762,1.1007156177276884,1.2593399590054377,2.2105897113057167,1.7894102886942833,"GT source-group affine fits evaluated at x=y=0; may extrapolate, not physical layer count",
dual_g4_s912127_b4,dual_g4_s912127_b4,/srv/slam-research/grf/map-denoise/runs/multiscan-pilot-v1/repair-v2-oyuie4pl/synthetics/identifiable/dual_g4_s912127_b4.json,graph_shared,development,full,true_bilayer,4.0,4.0,912127,768,8,1.0,True,0.19429715399746783,True,True,,,self-report; not geometry-derived layer count or success,3.986881745691526,6.763291772162611,0.9388020833333334,/srv/slam-research/grf/map-denoise/runs/multiscan-pilot-v1/exploration-v5-development-vdbkdouk/outputs/dual_g4_s912127_b4__graph_shared.npz,535c6ca9985b3ac02f5b5ab38e816caaee2401ffffc6e65384c1b739acabe44b,0.39249234991958293,0.7629654594786487,1.4113456292213349,0.9296875,0.9765625,0.3555447326869838,1.0,1.033534969336265,0.4518469910742065,1.0273733839247445,3.7768709937932674,0.2231290062067326,0.9442177484483169,1.0333555200762092,0.019258815356645434,0.2920340963802318,0.335152098574444,3.6093158249498667,0.3906841750501333,"GT source-group affine fits evaluated at x=y=0; may extrapolate, not physical layer count",
dual_g4_s912127_b4,dual_g4_s912127_b4,/srv/slam-research/grf/map-denoise/runs/multiscan-pilot-v1/repair-v2-oyuie4pl/synthetics/identifiable/dual_g4_s912127_b4.json,pool_independent,development,full,true_bilayer,4.0,4.0,912127,768,8,1.0,True,0.21592115800012834,True,True,,,self-report; not geometry-derived layer count or success,3.973089834867399,6.716993472213417,0.9388020833333334,/srv/slam-research/grf/map-denoise/runs/multiscan-pilot-v1/exploration-v5-development-vdbkdouk/outputs/dual_g4_s912127_b4__pool_independent.npz,167833215abb5cf6b8d89f15cdff6fe35f2cc37be85bd902601cba9565047d3d,0.3489324424031455,0.7235636461665971,1.2995875872540195,0.9466145833333334,0.9752604166666666,0.31058791579004524,1.0,1.008080989859222,0.4099434522317198,1.005820612154464,3.8886089106982724,0.11139108930172759,0.9721522276745681,1.007513963443713,0.03380673869940544,0.31934319257132626,0.33370489554984223,4.118214848926364,0.11821484892636391,"GT source-group affine fits evaluated at x=y=0; may extrapolate, not physical layer count",
dual_g4_s912127_b4,dual_g4_s912127_b4,/srv/slam-research/grf/map-denoise/runs/multiscan-pilot-v1/repair-v2-oyuie4pl/synthetics/identifiable/dual_g4_s912127_b4.json,pool_compatible,development,full,true_bilayer,4.0,4.0,912127,768,8,1.0,True,0.2409580020030262,True,True,,,self-report; not geometry-derived layer count or success,3.976662792278704,6.643526912003747,0.9388020833333334,/srv/slam-research/grf/map-denoise/runs/multiscan-pilot-v1/exploration-v5-development-vdbkdouk/outputs/dual_g4_s912127_b4__pool_compatible.npz,e533b512fafc4ed7c1b25068b233bf35d8e3a6a28b5d85a6c90378ffdb69af42,0.2944020127609236,0.7025252334935853,1.2049785464688247,0.9505208333333334,0.9765625,0.25939288787482173,1.0,0.9910280350261972,0.35439080019331914,0.9886007317017947,3.8851518746218305,0.11484812537816946,0.9712879686554576,0.9904179327497676,0.034769019191832465,0.31505942348137767,0.3289122569925359,4.10840024888986,0.10840024888986033,"GT source-group affine fits evaluated at x=y=0; may extrapolate, not physical layer count",
dual_g4_s912127_b4,dual_g4_s912127_b4,/srv/slam-research/grf/map-denoise/runs/multiscan-pilot-v1/repair-v2-oyuie4pl/synthetics/identifiable/dual_g4_s912127_b4.json,shared_group_slope,development,full,true_bilayer,4.0,4.0,912127,768,8,1.0,True,0.24162652299855836,True,True,,,self-report; not geometry-derived layer count or success,4.0021775255448215,6.730530665523613,0.9388020833333334,/srv/slam-research/grf/map-denoise/runs/multiscan-pilot-v1/exploration-v5-development-vdbkdouk/outputs/dual_g4_s912127_b4__shared_group_slope.npz,938d4bc577e2105a706626f5d8d3896ef3a4991cdf08624b587bd395cde3a227,0.32225864624172845,0.7822453205211783,1.4902531080062924,0.8919270833333334,0.9596354166666666,0.2977607707562731,1.0,1.07946161715118,0.3981387611325711,1.066556390993036,3.661781690606799,0.3382183093932012,0.9154454226516997,1.0794602382916187,0.0017253550479932613,0.6976791801261607,1.230872926916133,2.786064406358756,1.213935593641244,"GT source-group affine fits evaluated at x=y=0; may extrapolate, not physical layer count",
dual_g4_s912127_b4,dual_g4_s912127_b4,/srv/slam-research/grf/map-denoise/runs/multiscan-pilot-v1/repair-v2-oyuie4pl/synthetics/identifiable/dual_g4_s912127_b4.json,node_intercepts,development,full,true_bilayer,4.0,4.0,912127,768,8,1.0,True,0.23979608299850952,True,True,,,self-report; not geometry-derived layer count or success,3.972926058774415,6.6306234358482286,0.9388020833333334,/srv/slam-research/grf/map-denoise/runs/multiscan-pilot-v1/exploration-v5-development-vdbkdouk/outputs/dual_g4_s912127_b4__node_intercepts.npz,229a664acc7b916c13d9acc7c73cbb9d8250de9af9d07f27656a83455fce6ea3,0.3368589908308662,0.7142502806868718,1.2062073812706315,0.9505208333333334,0.9752604166666666,0.30123634356838336,1.0,0.9993247420598623,0.3968233961946797,0.9969248553251607,3.885299272160373,0.11470072783962681,0.9713248180400933,0.9987224491570696,0.034690195195681506,0.31560995787404716,0.32995311203076866,4.109558397407309,0.10955839740730866,"GT source-group affine fits evaluated at x=y=0; may extrapolate, not physical layer count",
dual_g4_s912127_b4,dual_g4_s912127_b4,/srv/slam-research/grf/map-denoise/runs/multiscan-pilot-v1/repair-v2-oyuie4pl/synthetics/identifiable/dual_g4_s912127_b4.json,official_gicp,development,full,true_bilayer,4.0,4.0,912127,768,8,1.0,True,0.027904863003641367,True,True,,,self-report; not geometry-derived layer count or success,15.57687580815333,33.675298675741786,1.0,/srv/slam-research/grf/map-denoise/runs/multiscan-pilot-v1/exploration-v5-development-vdbkdouk/outputs/dual_g4_s912127_b4__official_gicp.npz,cc8034dddcb29db5bf96463d2153149ee84606860e06b859d91b8f546e25e71b,1.4641075098326812,3.2351482671280376,5.742376390627312,0.11197916666666667,0.4453125,2.2690023659926655,1.0,15.116297021604812,0.8117282863775687,1.0042775836913473,4.098109844081044,0.09810984408104417,1.024527461020261,15.116284960305965,0.019095659353858457,0.3600631613174447,0.6175086114644451,4.482607592306286,0.4826075923062856,"GT source-group affine fits evaluated at x=y=0; may extrapolate, not physical layer count",
dual_g8_s912101_b0,dual_g8_s912101_b0,/srv/slam-research/grf/map-denoise/runs/multiscan-pilot-v1/repair-v2-oyuie4pl/synthetics/identifiable/dual_g8_s912101_b0.json,identity,development,full,true_bilayer,8.0,0.0,912101,768,8,1.0,True,1.5407000319100916e-05,True,True,,,self-report; not geometry-derived layer count or success,0.0,0.0,0.0,/srv/slam-research/grf/map-denoise/runs/multiscan-pilot-v1/exploration-v5-development-vdbkdouk/outputs/dual_g8_s912101_b0__identity.npz,1c7a9055dd64e212258d2b095d7ef631f5e380c7707010abfa48fab6bbda0f49,0.8114042921165225,1.0218341833090723,1.985439715662857,0.7213541666666666,0.9739583333333334,0.7518133245379879,1.0,1.0218341833090723,0.8114042921165225,1.0205046932687085,8.063528035503328,0.06352803550332808,1.007941004437916,1.020956879966536,0.04233376226979015,0.1781903703328117,0.3640261518550374,8.233929635317686,0.2339296353176863,"GT source-group affine fits evaluated at x=y=0; may extrapolate, not physical layer count",
dual_g8_s912101_b0,dual_g8_s912101_b0,/srv/slam-research/grf/map-denoise/runs/multiscan-pilot-v1/repair-v2-oyuie4pl/synthetics/identifiable/dual_g8_s912101_b0.json,fast,development,full,true_bilayer,8.0,0.0,912101,768,8,1.0,True,0.00951104900741484,True,True,,2,self-report; not geometry-derived layer count or success,1.3372696968156934,2.402347794209464,1.0,/srv/slam-research/grf/map-denoise/runs/multiscan-pilot-v1/exploration-v5-development-vdbkdouk/outputs/dual_g8_s912101_b0__fast.npz,ed31858774e0fcf93a200e448cc8982df710b891b753cf3ab23e00f0e0370cf2,1.1101365240081538,1.341244163015087,2.4782301167159484,0.4908854166666667,0.91015625,1.0719550565463303,1.0,1.3471640567836687,1.1101355667036275,1.3158552420523144,7.464199163105322,0.5358008368946781,0.9330248953881652,1.3464987368957748,0.04233376226979024,1.9284846677323628,3.2440273743636356,4.8775867164734805,3.1224132835265195,"GT source-group affine fits evaluated at x=y=0; may extrapolate, not physical layer count",
dual_g8_s912101_b0,dual_g8_s912101_b0,/srv/slam-research/grf/map-denoise/runs/multiscan-pilot-v1/repair-v2-oyuie4pl/synthetics/identifiable/dual_g8_s912101_b0.json,open3d_icp_then_xyz,development,full,true_bilayer,8.0,0.0,912101,768,8,1.0,True,0.016072040001745336,True,True,,2,self-report; not geometry-derived layer count or success,3.3030777454835953,6.4181630675421335,1.0,/srv/slam-research/grf/map-denoise/runs/multiscan-pilot-v1/exploration-v5-development-vdbkdouk/outputs/dual_g8_s912101_b0__open3d_icp_then_xyz.npz,1051ceb3a53aad6c993c3535c53f06893a25c8c9eac10ca1c92ecac95d4d0429,1.0147546347498404,1.2402930028734058,2.2600132141759435,0.11848958333333333,0.6315104166666666,1.8411230997292298,1.0,3.302530680395978,0.9985136975747394,1.1624929749167445,7.374521584825353,0.6254784151746469,0.9218151981031691,3.302259344185102,0.04233342295280779,2.034797783453894,3.1542685810536817,4.756184813769574,3.2438151862304263,"GT source-group affine fits evaluated at x=y=0; may extrapolate, not physical layer count",
dual_g8_s912101_b0,dual_g8_s912101_b0,/srv/slam-research/grf/map-denoise/runs/multiscan-pilot-v1/repair-v2-oyuie4pl/synthetics/identifiable/dual_g8_s912101_b0.json,graph_shared,development,full,true_bilayer,8.0,0.0,912101,768,8,1.0,True,0.1317650419950951,True,True,,,self-report; not geometry-derived layer count or success,1.051396616641423,2.030668242894604,0.9856770833333334,/srv/slam-research/grf/map-denoise/runs/multiscan-pilot-v1/exploration-v5-development-vdbkdouk/outputs/dual_g8_s912101_b0__graph_shared.npz,6560c898b0707a0a90375e33dfa0e74ded965aae84603af221beab9e92837125,0.4451376595296528,0.7497978258810627,1.7202079982181187,0.8541666666666666,0.96875,0.43108766389750236,1.0,0.7498053652223224,0.4451376595296528,0.7440801104658866,7.824331703193423,0.17566829680657658,0.9780414628991779,0.7488157699571606,0.03851010749978513,0.581548988442751,0.7697838253575562,7.1434682589676255,0.8565317410323745,"GT source-group affine fits evaluated at x=y=0; may extrapolate, not physical layer count",
dual_g8_s912101_b0,dual_g8_s912101_b0,/srv/slam-research/grf/map-denoise/runs/multiscan-pilot-v1/repair-v2-oyuie4pl/synthetics/identifiable/dual_g8_s912101_b0.json,pool_independent,development,full,true_bilayer,8.0,0.0,912101,768,8,1.0,True,0.15225929499138147,True,True,,,self-report; not geometry-derived layer count or success,0.974870752895476,1.8894227458602004,0.9856770833333334,/srv/slam-research/grf/map-denoise/runs/multiscan-pilot-v1/exploration-v5-development-vdbkdouk/outputs/dual_g8_s912101_b0__pool_independent.npz,d9ad9c803aa6e43d60319e1e9cd964838ae812a063d3516366d6d82f208cbc97,0.322765732420318,0.5349677076211807,1.1060505766303659,0.9348958333333334,0.9908854166666666,0.3152643880179539,1.0,0.534976739754376,0.322765732420318,0.5333542051095032,8.004962476949284,0.004962476949284422,1.0006203096186606,0.5333685449962043,0.04145005774245929,0.20534395673463615,0.22363561968053286,7.907006308443341,0.09299369155665893,"GT source-group affine fits evaluated at x=y=0; may extrapolate, not physical layer count",
dual_g8_s912101_b0,dual_g8_s912101_b0,/srv/slam-research/grf/map-denoise/runs/multiscan-pilot-v1/repair-v2-oyuie4pl/synthetics/identifiable/dual_g8_s912101_b0.json,pool_compatible,development,full,true_bilayer,8.0,0.0,912101,768,8,1.0,True,0.17794043800677173,True,True,,,self-report; not geometry-derived layer count or success,0.9928337004390154,1.897314655433256,0.9856770833333334,/srv/slam-research/grf/map-denoise/runs/multiscan-pilot-v1/exploration-v5-development-vdbkdouk/outputs/dual_g8_s912101_b0__pool_compatible.npz,80180c26600e0d4f421c04b3a27de8ec1b0a7fb12aec877e2692a7f05059b379,0.29090599262538847,0.5131480205240251,1.0525334867942522,0.9453125,0.9895833333333334,0.28335432844376957,1.0,0.5131577869061842,0.2909059926253885,0.5113753692090514,8.001600434273609,0.0016004342736088972,1.0002000542842011,0.5113857422739833,0.04260911711523549,0.2041148920897945,0.2264983898791604,7.886106196391211,0.11389380360878931,"GT source-group affine fits evaluated at x=y=0; may extrapolate, not physical layer count",
dual_g8_s912101_b0,dual_g8_s912101_b0,/srv/slam-research/grf/map-denoise/runs/multiscan-pilot-v1/repair-v2-oyuie4pl/synthetics/identifiable/dual_g8_s912101_b0.json,shared_group_slope,development,full,true_bilayer,8.0,0.0,912101,768,8,1.0,True,0.17827737699553836,True,True,,,self-report; not geometry-derived layer count or success,1.548870870922829,3.0827686942554915,0.9856770833333334,/srv/slam-research/grf/map-denoise/runs/multiscan-pilot-v1/exploration-v5-development-vdbkdouk/outputs/dual_g8_s912101_b0__shared_group_slope.npz,747df8479abdc57716d831d7d3e8597ab3ff4f93855b5656b9b86c369c9c05b8,0.9420377360189699,1.2955539719221618,2.8267041736258633,0.6497395833333334,0.9309895833333334,0.9136444441234036,1.0,1.3001355340923655,0.9435057774054959,1.2459962981284174,7.229332939660401,0.7706670603395986,0.9036666174575502,1.2993774753334246,0.04439125596078244,2.8535512303346575,6.200702796671079,2.781259252175845,5.218740747824155,"GT source-group affine fits evaluated at x=y=0; may extrapolate, not physical layer count",
dual_g8_s912101_b0,dual_g8_s912101_b0,/srv/slam-research/grf/map-denoise/runs/multiscan-pilot-v1/repair-v2-oyuie4pl/synthetics/identifiable/dual_g8_s912101_b0.json,node_intercepts,development,full,true_bilayer,8.0,0.0,912101,768,8,1.0,True,0.1770681789930677,True,True,,,self-report; not geometry-derived layer count or success,0.9842564121565324,1.925571153324102,0.9856770833333334,/srv/slam-research/grf/map-denoise/runs/multiscan-pilot-v1/exploration-v5-development-vdbkdouk/outputs/dual_g8_s912101_b0__node_intercepts.npz,cc787c4e362fea3127747e95652f58186b712c8381a8548447e6f50ef6f203a9,0.2972730755502638,0.5138113313381544,1.1252617257737223,0.9322916666666666,0.9895833333333334,0.29139316537755516,1.0,0.5138209173124693,0.2972730755502638,0.5121293233976689,8.003842262203769,0.0038422622037685983,1.000480282775471,0.512142237574814,0.041500163369438965,0.2038672585659773,0.22519028271095687,7.901052439771596,0.09894756022840401,"GT source-group affine fits evaluated at x=y=0; may extrapolate, not physical layer count",
dual_g8_s912101_b0,dual_g8_s912101_b0,/srv/slam-research/grf/map-denoise/runs/multiscan-pilot-v1/repair-v2-oyuie4pl/synthetics/identifiable/dual_g8_s912101_b0.json,official_gicp,development,full,true_bilayer,8.0,0.0,912101,768,8,1.0,True,0.027819390001241118,True,True,,,self-report; not geometry-derived layer count or success,18.32469057623548,32.53282491853491,1.0,/srv/slam-research/grf/map-denoise/runs/multiscan-pilot-v1/exploration-v5-development-vdbkdouk/outputs/dual_g8_s912101_b0__official_gicp.npz,f70ce1e6a2863404b4ee6ea4d6db7d0b5af06422a2af67e47b090b8dd2b8faad,1.4882337482391594,2.6355346049735293,6.418099399667594,0.0703125,0.4231770833333333,2.4096054903378494,1.0,18.352983228460413,0.8668157358854515,1.081377168028148,8.176026863073025,0.17602686307302484,1.022003357884128,18.352934403978054,0.04233376226979008,0.23532715784398484,0.2866177334977634,8.127453716488905,0.1274537164889047,"GT source-group affine fits evaluated at x=y=0; may extrapolate, not physical layer count",
dual_g8_s912101_b4,dual_g8_s912101_b4,/srv/slam-research/grf/map-denoise/runs/multiscan-pilot-v1/repair-v2-oyuie4pl/synthetics/identifiable/dual_g8_s912101_b4.json,identity,development,full,true_bilayer,8.0,4.0,912101,768,8,1.0,True,1.4588003978133202e-05,True,True,,,self-report; not geometry-derived layer count or success,0.0,0.0,0.0,/srv/slam-research/grf/map-denoise/runs/multiscan-pilot-v1/exploration-v5-development-vdbkdouk/outputs/dual_g8_s912101_b4__identity.npz,1dadde084147ac0891f60838f4f35cd15a04d8d7301d87449ac293705a787d5c,3.637555211204082,3.9921950101392407,6.5808112826179,0.046875,0.18098958333333334,2.895978998712334,1.0,4.145698391964449,3.7892775109664165,4.142176120560211,8.346107634577454,0.34610763457745364,1.0432634543221817,4.145482240911026,0.04233376226978978,0.7262798536025733,0.7627096753343211,9.100796971594713,1.100796971594713,"GT source-group affine fits evaluated at x=y=0; may extrapolate, not physical layer count",
dual_g8_s912101_b4,dual_g8_s912101_b4,/srv/slam-research/grf/map-denoise/runs/multiscan-pilot-v1/repair-v2-oyuie4pl/synthetics/identifiable/dual_g8_s912101_b4.json,fast,development,full,true_bilayer,8.0,4.0,912101,768,8,1.0,True,0.009544870001263916,True,True,,2,self-report; not geometry-derived layer count or success,4.232134966427589,7.1817018104304395,1.0,/srv/slam-research/grf/map-denoise/runs/multiscan-pilot-v1/exploration-v5-development-vdbkdouk/outputs/dual_g8_s912101_b4__fast.npz,01dc349d5bae5491de1738efaaa75bec13ff10e280dace2fb00eaf24c147be6f,1.1163410157303402,1.3446491412067123,2.4914764743479916,0.4505208333333333,0.8997395833333334,1.1668549031628932,1.0,1.4047605102731202,1.1165253128758452,1.3222035269612982,7.488415056457608,0.5115849435423918,0.936051882057201,1.4041224817639244,0.042333762269790125,1.9519133962338155,3.2437416960043723,4.88596021063567,3.1140397893643303,"GT source-group affine fits evaluated at x=y=0; may extrapolate, not physical layer count",
dual_g8_s912101_b4,dual_g8_s912101_b4,/srv/slam-research/grf/map-denoise/runs/multiscan-pilot-v1/repair-v2-oyuie4pl/synthetics/identifiable/dual_g8_s912101_b4.json,open3d_icp_then_xyz,development,full,true_bilayer,8.0,4.0,912101,768,8,1.0,True,0.016256842005532235,True,True,,2,self-report; not geometry-derived layer count or success,5.082981843797059,7.882093388020484,1.0,/srv/slam-research/grf/map-denoise/runs/multiscan-pilot-v1/exploration-v5-development-vdbkdouk/outputs/dual_g8_s912101_b4__open3d_icp_then_xyz.npz,fa9913e01caaae80b6d636d9bb07f74ffa10d1593ba1016db4dcefd742fea4f4,1.0103474469202691,1.221032561092774,2.1986303107124923,0.12630208333333334,0.6341145833333334,1.8318028477138018,1.0,3.076768572501238,1.0019373053057223,1.1624142187248094,7.385844583252481,0.6141554167475194,0.9232305729065601,3.0764773246246926,0.04233343597441717,2.0073842787186797,3.0744040735429694,4.823376395120251,3.176623604879749,"GT source-group affine fits evaluated at x=y=0; may extrapolate, not physical layer count",
dual_g8_s912101_b4,dual_g8_s912101_b4,/srv/slam-research/grf/map-denoise/runs/multiscan-pilot-v1/repair-v2-oyuie4pl/synthetics/identifiable/dual_g8_s912101_b4.json,graph_shared,development,full,true_bilayer,8.0,4.0,912101,768,8,1.0,True,0.15828364799381234,True,True,,,self-report; not geometry-derived layer count or success,4.178922366476032,6.69477989158359,0.9856770833333334,/srv/slam-research/grf/map-denoise/runs/multiscan-pilot-v1/exploration-v5-development-vdbkdouk/outputs/dual_g8_s912101_b4__graph_shared.npz,857374038b729bbc1f02cf41e57e7b34ae85f7172405c07046178eddc0415b53,0.4798360768981591,0.8682559088296681,1.86913654535586,0.8450520833333334,0.9596354166666666,0.4521685386909957,1.0,0.9435570361359068,0.49686769227561184,0.9386812373710484,7.812258921679823,0.18774107832017695,0.9765323652099779,0.943060521555437,0.030606096209156414,0.6188477924613048,0.7692210206108042,7.109365458896693,0.8906345411033074,"GT source-group affine fits evaluated at x=y=0; may extrapolate, not physical layer count",
dual_g8_s912101_b4,dual_g8_s912101_b4,/srv/slam-research/grf/map-denoise/runs/multiscan-pilot-v1/repair-v2-oyuie4pl/synthetics/identifiable/dual_g8_s912101_b4.json,pool_independent,development,full,true_bilayer,8.0,4.0,912101,768,8,1.0,True,0.17862175199843477,True,True,,,self-report; not geometry-derived layer count or success,4.142471724054786,6.614828618801232,0.9856770833333334,/srv/slam-research/grf/map-denoise/runs/multiscan-pilot-v1/exploration-v5-development-vdbkdouk/outputs/dual_g8_s912101_b4__pool_independent.npz,3a6098d9310563fd74efc047311fb97db962fe766e0dc1128c4f55b463897358,0.35747275752621693,0.6913581243815325,1.2724249053955714,0.9283854166666666,0.9817708333333334,0.33482203257952414,1.0,0.7838389477521351,0.37450437262354735,0.7830035327371655,7.992754366944369,0.007245633055631195,0.9990942958680461,0.7831226163213402,0.03350319117925245,0.23796251562834858,0.2741473243286403,7.872570759698229,0.12742924030177072,"GT source-group affine fits evaluated at x=y=0; may extrapolate, not physical layer count",
dual_g8_s912101_b4,dual_g8_s912101_b4,/srv/slam-research/grf/map-denoise/runs/multiscan-pilot-v1/repair-v2-oyuie4pl/synthetics/identifiable/dual_g8_s912101_b4.json,pool_compatible,development,full,true_bilayer,8.0,4.0,912101,768,8,1.0,True,0.20146559400018305,True,True,,,self-report; not geometry-derived layer count or success,4.137616576678886,6.638747183667099,0.9856770833333334,/srv/slam-research/grf/map-denoise/runs/multiscan-pilot-v1/exploration-v5-development-vdbkdouk/outputs/dual_g8_s912101_b4__pool_compatible.npz,3619a2e3098e83d83934dd621f87279e434c211a00b6bd6ed698b81242de620a,0.3256604219825829,0.6746210520922853,1.1734483062913743,0.9361979166666666,0.9817708333333334,0.30294243059760756,1.0,0.7691167618436706,0.34269203534456,0.7682051685781492,7.98937796824271,0.010622031757289818,0.9986722460303388,0.76833525977923,0.034662976341867255,0.23488639758351906,0.27418459951601076,7.851611810789621,0.14838818921037866,"GT source-group affine fits evaluated at x=y=0; may extrapolate, not physical layer count",
dual_g8_s912101_b4,dual_g8_s912101_b4,/srv/slam-research/grf/map-denoise/runs/multiscan-pilot-v1/repair-v2-oyuie4pl/synthetics/identifiable/dual_g8_s912101_b4.json,shared_group_slope,development,full,true_bilayer,8.0,4.0,912101,768,8,1.0,True,0.20309698600613046,True,True,,,self-report; not geometry-derived layer count or success,4.318701429328217,7.294967035093809,0.9856770833333334,/srv/slam-research/grf/map-denoise/runs/multiscan-pilot-v1/exploration-v5-development-vdbkdouk/outputs/dual_g8_s912101_b4__shared_group_slope.npz,abfd2522bfba8a56e3a4039f81668485da26b126ff308d563a42f27af7e63572,0.9767792810194939,1.367625087813321,3.9005291071271375,0.640625,0.921875,0.9357083843996493,1.0,1.4207870073033586,0.9952700249710938,1.3700046107045905,7.2170787243040495,0.7829212756959505,0.9021348405380062,1.4203195258055963,0.03644399453134314,2.89081360395609,6.200933736162238,2.746260759379653,5.253739240620347,"GT source-group affine fits evaluated at x=y=0; may extrapolate, not physical layer count",
dual_g8_s912101_b4,dual_g8_s912101_b4,/srv/slam-research/grf/map-denoise/runs/multiscan-pilot-v1/repair-v2-oyuie4pl/synthetics/identifiable/dual_g8_s912101_b4.json,node_intercepts,development,full,true_bilayer,8.0,4.0,912101,768,8,1.0,True,0.20244948200706858,True,True,,,self-report; not geometry-derived layer count or success,4.14453603520023,6.621445301838231,0.9856770833333334,/srv/slam-research/grf/map-denoise/runs/multiscan-pilot-v1/exploration-v5-development-vdbkdouk/outputs/dual_g8_s912101_b4__node_intercepts.npz,da11e5999cdea9662d5b5e912e136c44e221006b5d6c877c723cee19e6f74abb,0.3319780600351206,0.6751143280835444,1.2031925968453654,0.9244791666666666,0.9817708333333334,0.31067385658295743,1.0,0.7695498481697987,0.3490096727007133,0.7686939696192314,7.99162608878251,0.008373911217489649,0.9989532610978138,0.7688180043445906,0.03355361401937724,0.2343407514477075,0.2723960750235444,7.86657803033142,0.13342196966858033,"GT source-group affine fits evaluated at x=y=0; may extrapolate, not physical layer count",
dual_g8_s912101_b4,dual_g8_s912101_b4,/srv/slam-research/grf/map-denoise/runs/multiscan-pilot-v1/repair-v2-oyuie4pl/synthetics/identifiable/dual_g8_s912101_b4.json,official_gicp,development,full,true_bilayer,8.0,4.0,912101,768,8,1.0,True,0.026755131999379955,True,True,,,self-report; not geometry-derived layer count or success,18.967481918089288,32.00474373736046,1.0,/srv/slam-research/grf/map-denoise/runs/multiscan-pilot-v1/exploration-v5-development-vdbkdouk/outputs/dual_g8_s912101_b4__official_gicp.npz,3f08af6baed91135afce0140d6aee1661c4ce1a27bbf8f57cef650f967e81dbe,1.530302499898635,2.6298997752372864,6.172655455083172,0.07552083333333333,0.3984375,2.5544119932976392,1.0,18.58576507060478,0.9326730543748103,1.1618726318326817,8.030397570508534,0.030397570508533533,1.0037996963135667,18.585716857637877,0.04233376226978519,0.38698594700077577,0.4219010509069155,7.8411576859310825,0.15884231406891747,"GT source-group affine fits evaluated at x=y=0; may extrapolate, not physical layer count",
dual_g8_s912113_b0,dual_g8_s912113_b0,/srv/slam-research/grf/map-denoise/runs/multiscan-pilot-v1/repair-v2-oyuie4pl/synthetics/identifiable/dual_g8_s912113_b0.json,identity,development,full,true_bilayer,8.0,0.0,912113,768,8,1.0,True,1.543200050946325e-05,True,True,,,self-report; not geometry-derived layer count or success,0.0,0.0,0.0,/srv/slam-research/grf/map-denoise/runs/multiscan-pilot-v1/exploration-v5-development-vdbkdouk/outputs/dual_g8_s912113_b0__identity.npz,83ae8b26b14687b4aacb52ec6233777b96b3d45b2888226ee8b2aebf640ec14f,0.8241908132341758,1.0293765348015231,2.0322102162440823,0.6966145833333334,0.9739583333333334,0.7727597620217234,1.0,1.0293765348015231,0.8241908132341758,1.0289135724153045,7.94316628783604,0.05683371216395994,0.992895785979505,1.0292707285968918,0.014758646740638674,0.1866535887474725,0.22919262968272228,7.851786150377536,0.1482138496224641,"GT source-group affine fits evaluated at x=y=0; may extrapolate, not physical layer count",
dual_g8_s912113_b0,dual_g8_s912113_b0,/srv/slam-research/grf/map-denoise/runs/multiscan-pilot-v1/repair-v2-oyuie4pl/synthetics/identifiable/dual_g8_s912113_b0.json,fast,development,full,true_bilayer,8.0,0.0,912113,768,8,1.0,True,0.009400192007888108,True,True,,2,self-report; not geometry-derived layer count or success,1.304614943175608,2.464587437483064,1.0,/srv/slam-research/grf/map-denoise/runs/multiscan-pilot-v1/exploration-v5-development-vdbkdouk/outputs/dual_g8_s912113_b0__fast.npz,78b934beba29cdbd901086a5989d7bb4167249b3a3026600c73e5b13b5386000,1.1260248928136949,1.397584467108125,2.6107373500534887,0.5091145833333334,0.890625,1.0673508080651224,1.0,1.4028913290725336,1.126108674856212,1.3565361972339829,7.293775783091143,0.7062242169088568,0.9117219728863929,1.4028136952330073,0.014758646740639004,1.6287257097427237,2.204384300518687,5.269515418689793,2.7304845813102068,"GT source-group affine fits evaluated at x=y=0; may extrapolate, not physical layer count",
dual_g8_s912113_b0,dual_g8_s912113_b0,/srv/slam-research/grf/map-denoise/runs/multiscan-pilot-v1/repair-v2-oyuie4pl/synthetics/identifiable/dual_g8_s912113_b0.json,open3d_icp_then_xyz,development,full,true_bilayer,8.0,0.0,912113,768,8,1.0,True,0.01718770399747882,True,True,,2,self-report; not geometry-derived layer count or success,4.110325271951918,8.461793899179947,1.0,/srv/slam-research/grf/map-denoise/runs/multiscan-pilot-v1/exploration-v5-development-vdbkdouk/outputs/dual_g8_s912113_b0__open3d_icp_then_xyz.npz,2adc125517a7ebf487f00c750da54349a19824d3df546bee7d23e11a2df46e57,0.9937494530224648,1.2284321549431627,2.1622140632212905,0.11848958333333333,0.56640625,1.9362659365650154,1.0,4.124425006613522,0.9661502912853827,1.1300322678941315,7.414472511180847,0.5855274888191531,0.9268090638976059,4.1243985991341034,0.01475908667872061,2.0509224280448617,2.8918376597436684,4.815617286999518,3.184382713000482,"GT source-group affine fits evaluated at x=y=0; may extrapolate, not physical layer count",
dual_g8_s912113_b0,dual_g8_s912113_b0,/srv/slam-research/grf/map-denoise/runs/multiscan-pilot-v1/repair-v2-oyuie4pl/synthetics/identifiable/dual_g8_s912113_b0.json,graph_shared,development,full,true_bilayer,8.0,0.0,912113,768,8,1.0,True,0.16279309800302144,True,True,,,self-report; not geometry-derived layer count or success,1.0754320289980617,2.1242815848460417,0.9778645833333334,/srv/slam-research/grf/map-denoise/runs/multiscan-pilot-v1/exploration-v5-development-vdbkdouk/outputs/dual_g8_s912113_b0__graph_shared.npz,619918798aefa67fbd06352410320c8b147d78c8f933c4c924da69d294bfca1c,0.46701601981891255,0.7880770971921902,1.8851196026480679,0.8294270833333334,0.9674479166666666,0.44946124969062157,1.0,0.7881066025725694,0.46701601981891255,0.7749394810159501,7.699904920663124,0.3000950793368764,0.9624881150828904,0.7880816565195283,0.006270540320728641,0.836276848640985,1.338243874412072,6.576387215484808,1.4236127845151918,"GT source-group affine fits evaluated at x=y=0; may extrapolate, not physical layer count",
dual_g8_s912113_b0,dual_g8_s912113_b0,/srv/slam-research/grf/map-denoise/runs/multiscan-pilot-v1/repair-v2-oyuie4pl/synthetics/identifiable/dual_g8_s912113_b0.json,pool_independent,development,full,true_bilayer,8.0,0.0,912113,768,8,1.0,True,0.18565572299121413,True,True,,,self-report; not geometry-derived layer count or success,0.9868188004136518,2.022294224896194,0.9778645833333334,/srv/slam-research/grf/map-denoise/runs/multiscan-pilot-v1/exploration-v5-development-vdbkdouk/outputs/dual_g8_s912113_b0__pool_independent.npz,91d1b838b1ed99220fa3c9e85cf876d4cf320bebc93a6154b9fa84b614c7b04d,0.3001895896591164,0.5130730768663915,1.0020547375950828,0.9518229166666666,0.99609375,0.28430827394833796,1.0,0.5131109739518304,0.30018958965911646,0.5102068529608257,7.8865777775743835,0.1134222224256165,0.9858222221967979,0.5131058533892158,0.0022923366943839734,0.3408681357848842,0.4496966919025622,7.504026216138423,0.49597378386157676,"GT source-group affine fits evaluated at x=y=0; may extrapolate, not physical layer count",
dual_g8_s912113_b0,dual_g8_s912113_b0,/srv/slam-research/grf/map-denoise/runs/multiscan-pilot-v1/repair-v2-oyuie4pl/synthetics/identifiable/dual_g8_s912113_b0.json,pool_compatible,development,full,true_bilayer,8.0,0.0,912113,768,8,1.0,True,0.21555658600118477,True,True,,,self-report; not geometry-derived layer count or success,1.016302248324212,2.041814302167576,0.9778645833333334,/srv/slam-research/grf/map-denoise/runs/multiscan-pilot-v1/exploration-v5-development-vdbkdouk/outputs/dual_g8_s912113_b0__pool_compatible.npz,066ab8c7087f32419370029025b3f6bd5053166e4b0e944535827bcb67348b58,0.2535784937013961,0.48859567447213903,0.9137001262453571,0.9674479166666666,0.9947916666666666,0.23415575244231737,1.0,0.5061574049775301,0.25575703589944804,0.5022427545631164,7.869528232073974,0.13047176792602588,0.9836910290092468,0.5061255413429347,0.005679349778690889,0.3757189573748441,0.5063193230557567,7.442037995509509,0.5579620044904914,"GT source-group affine fits evaluated at x=y=0; may extrapolate, not physical layer count",
dual_g8_s912113_b0,dual_g8_s912113_b0,/srv/slam-research/grf/map-denoise/runs/multiscan-pilot-v1/repair-v2-oyuie4pl/synthetics/identifiable/dual_g8_s912113_b0.json,shared_group_slope,development,full,true_bilayer,8.0,0.0,912113,768,8,1.0,True,0.21004962400184013,True,True,,,self-report; not geometry-derived layer count or success,1.4427483649545272,2.8754729761352174,0.9778645833333334,/srv/slam-research/grf/map-denoise/runs/multiscan-pilot-v1/exploration-v5-development-vdbkdouk/outputs/dual_g8_s912113_b0__shared_group_slope.npz,b9137398d3dddb8aee2956f125cde6a6f08cf014a5563039bd90c18ee0280121,0.7363020529364829,1.1699565286159197,2.8881276091430874,0.890625,0.9127604166666666,0.6846920596453078,1.0,1.176786243852583,0.7382765758102648,1.1243788075950423,7.272944488269619,0.7270555117303807,0.9091180610337024,1.176694848688994,0.014666178420300506,2.368393623011484,5.0002056249544795,3.4844811729967806,4.51551882700322,"GT source-group affine fits evaluated at x=y=0; may extrapolate, not physical layer count",
dual_g8_s912113_b0,dual_g8_s912113_b0,/srv/slam-research/grf/map-denoise/runs/multiscan-pilot-v1/repair-v2-oyuie4pl/synthetics/identifiable/dual_g8_s912113_b0.json,node_intercepts,development,full,true_bilayer,8.0,0.0,912113,768,8,1.0,True,0.2106300849991385,True,True,,,self-report; not geometry-derived layer count or success,1.0110042523479479,2.074457881394479,0.9778645833333334,/srv/slam-research/grf/map-denoise/runs/multiscan-pilot-v1/exploration-v5-development-vdbkdouk/outputs/dual_g8_s912113_b0__node_intercepts.npz,9849188aad71a20a7f9a0f8ed23d7e924b8fab96fcb29ddcbd58f15c0115644b,0.2594062702323123,0.4926271420135517,0.9938103939498941,0.9583333333333334,0.9947916666666666,0.2406126869291035,1.0,0.5042480662731985,0.26084924427060957,0.5006766160165166,7.875466005425926,0.12453399457407421,0.9844332506782407,0.5042294436887077,0.004333642536742154,0.36798642819200506,0.4893812995335237,7.465464499666793,0.5345355003332068,"GT source-group affine fits evaluated at x=y=0; may extrapolate, not physical layer count",
dual_g8_s912113_b0,dual_g8_s912113_b0,/srv/slam-research/grf/map-denoise/runs/multiscan-pilot-v1/repair-v2-oyuie4pl/synthetics/identifiable/dual_g8_s912113_b0.json,official_gicp,development,full,true_bilayer,8.0,0.0,912113,768,8,1.0,True,0.024513093987479806,True,True,,,self-report; not geometry-derived layer count or success,12.169394766472978,24.046775775152454,1.0,/srv/slam-research/grf/map-denoise/runs/multiscan-pilot-v1/exploration-v5-development-vdbkdouk/outputs/dual_g8_s912113_b0__official_gicp.npz,0dd10a5d652a369d3cd3e14ea31436b44ae8b3e14a3a43a50fc841ea37a7d0fe,1.137847477336864,1.9294956956899676,2.663362143352294,0.09895833333333333,0.46875,2.2434903689383403,1.0,12.209920931060026,0.8768547763074196,1.088046339369652,7.997860085079798,0.0021399149202023793,0.9997325106349747,12.209912011357169,0.014758646740638629,0.27300366824486866,0.32015431982698545,7.812737076347461,0.18726292365253894,"GT source-group affine fits evaluated at x=y=0; may extrapolate, not physical layer count",
dual_g8_s912113_b4,dual_g8_s912113_b4,/srv/slam-research/grf/map-denoise/runs/multiscan-pilot-v1/repair-v2-oyuie4pl/synthetics/identifiable/dual_g8_s912113_b4.json,identity,development,full,true_bilayer,8.0,4.0,912113,768,8,1.0,True,1.4973993529565632e-05,True,True,,,self-report; not geometry-derived layer count or success,0.0,0.0,0.0,/srv/slam-research/grf/map-denoise/runs/multiscan-pilot-v1/exploration-v5-development-vdbkdouk/outputs/dual_g8_s912113_b4__identity.npz,b3c8ac34a8b077464e2d791b71df27929d1e487e38d40885e58834a026c32688,3.0424939636928747,3.862959290646697,7.260428172362404,0.28515625,0.5768229166666666,1.9242473934306077,1.0,4.126421615655251,3.2909193885609462,4.126079754614344,7.893044157911324,0.10695584208867626,0.9866305197389155,4.126395222526955,0.014758646740639444,0.9362454699641973,1.3605609745433183,7.223400007531028,0.7765999924689719,"GT source-group affine fits evaluated at x=y=0; may extrapolate, not physical layer count",
dual_g8_s912113_b4,dual_g8_s912113_b4,/srv/slam-research/grf/map-denoise/runs/multiscan-pilot-v1/repair-v2-oyuie4pl/synthetics/identifiable/dual_g8_s912113_b4.json,fast,development,full,true_bilayer,8.0,4.0,912113,768,8,1.0,True,0.009666739002568647,True,True,,2,self-report; not geometry-derived layer count or success,4.131691213067311,7.54424203445468,1.0,/srv/slam-research/grf/map-denoise/runs/multiscan-pilot-v1/exploration-v5-development-vdbkdouk/outputs/dual_g8_s912113_b4__fast.npz,b3ca74e6c38995dbe76a540aedff070df22cb0a6d47863b9949de3e1d5582691,1.13581385952607,1.40495886853912,2.6322247011393856,0.4713541666666667,0.8854166666666666,1.1507072116994947,1.0,1.4538124999705175,1.135969433492671,1.3655291445060138,7.301095200476549,0.6989047995234507,0.9126369000595687,1.4537375854730148,0.014758646740639163,1.6462322423440139,2.2299148789804253,5.263153768555314,2.7368462314446864,"GT source-group affine fits evaluated at x=y=0; may extrapolate, not physical layer count",
dual_g8_s912113_b4,dual_g8_s912113_b4,/srv/slam-research/grf/map-denoise/runs/multiscan-pilot-v1/repair-v2-oyuie4pl/synthetics/identifiable/dual_g8_s912113_b4.json,open3d_icp_then_xyz,development,full,true_bilayer,8.0,4.0,912113,768,8,1.0,True,0.01762818099814467,True,True,,2,self-report; not geometry-derived layer count or success,5.6813832521343555,8.68059553458351,1.0,/srv/slam-research/grf/map-denoise/runs/multiscan-pilot-v1/exploration-v5-development-vdbkdouk/outputs/dual_g8_s912113_b4__open3d_icp_then_xyz.npz,8973ee284363b139130c13e1fc836c35bcdaf2fc1d0ea639643ab78f66920480,0.9710671731792052,1.189618482208471,2.1849949347802022,0.09895833333333333,0.5520833333333334,1.9942026683782312,1.0,3.966965892311115,0.9523421157506538,1.123424317304515,7.404397316801862,0.5956026831981376,0.9255496646002328,3.9669384365416342,0.01475911407689023,2.0559797973317706,3.051489738041211,4.726823010546382,3.273176989453618,"GT source-group affine fits evaluated at x=y=0; may extrapolate, not physical layer count",
dual_g8_s912113_b4,dual_g8_s912113_b4,/srv/slam-research/grf/map-denoise/runs/multiscan-pilot-v1/repair-v2-oyuie4pl/synthetics/identifiable/dual_g8_s912113_b4.json,graph_shared,development,full,true_bilayer,8.0,4.0,912113,768,8,1.0,True,0.16374863899545744,True,True,,,self-report; not geometry-derived layer count or success,3.9872394602549064,7.266215580215546,0.9713541666666666,/srv/slam-research/grf/map-denoise/runs/multiscan-pilot-v1/exploration-v5-development-vdbkdouk/outputs/dual_g8_s912113_b4__graph_shared.npz,97b7de68c36a6cb69f64d89e389adac73daa7dbb271c054356488723ba4a06fb,0.5180776050833144,0.9677612049607716,2.0344107662196973,0.8216145833333334,0.9544270833333334,0.47597597579151457,1.0,1.06602455746392,0.5429785217973796,1.0583633822832335,7.752106427789883,0.24789357221011699,0.9690133034737354,1.0652498059730289,0.040635058638701364,0.7435512027675867,1.3445955969218881,6.672269536462284,1.3277304635377156,"GT source-group affine fits evaluated at x=y=0; may extrapolate, not physical layer count",
dual_g8_s912113_b4,dual_g8_s912113_b4,/srv/slam-research/grf/map-denoise/runs/multiscan-pilot-v1/repair-v2-oyuie4pl/synthetics/identifiable/dual_g8_s912113_b4.json,pool_independent,development,full,true_bilayer,8.0,4.0,912113,768,8,1.0,True,0.18451685400214046,True,True,,,self-report; not geometry-derived layer count or success,3.999417545160765,7.292718971507219,0.9713541666666666,/srv/slam-research/grf/map-denoise/runs/multiscan-pilot-v1/exploration-v5-development-vdbkdouk/outputs/dual_g8_s912113_b4__pool_independent.npz,c0d3b7368b0b3f7213acd89fb13eb06ea0ae76074912f6403ad5b8827a2b1a15,0.3483687450769775,0.7570661498643166,1.0577114371057876,0.9401041666666666,0.9895833333333334,0.30221020770552887,1.0,0.8792014937820206,0.37326966179104276,0.8778315105079103,7.951197365996371,0.048802634003629386,0.9938996707495463,0.8785037629783549,0.03502006712453345,0.2062433346095753,0.4222766867684725,7.641898152941594,0.3581018470584061,"GT source-group affine fits evaluated at x=y=0; may extrapolate, not physical layer count",
dual_g8_s912113_b4,dual_g8_s912113_b4,/srv/slam-research/grf/map-denoise/runs/multiscan-pilot-v1/repair-v2-oyuie4pl/synthetics/identifiable/dual_g8_s912113_b4.json,pool_compatible,development,full,true_bilayer,8.0,4.0,912113,768,8,1.0,True,0.21152375200472306,True,True,,,self-report; not geometry-derived layer count or success,4.01533977360614,7.358689118747402,0.9713541666666666,/srv/slam-research/grf/map-denoise/runs/multiscan-pilot-v1/exploration-v5-development-vdbkdouk/outputs/dual_g8_s912113_b4__pool_compatible.npz,e8d349b44cbc95cbd996421055ff1c10557c10a12b7500988476aa8d8806af74,0.299610991795134,0.74145973821609,0.9444124958136697,0.9583333333333334,0.9895833333333334,0.24813442469751587,1.0,0.8756998620060058,0.3266664706687875,0.8741249573761025,7.9356517724672955,0.06434822753270453,0.9919564715584119,0.8750317425670467,0.034200845273405216,0.2467709691360688,0.48928781685106093,7.573732018712581,0.4262679812874186,"GT source-group affine fits evaluated at x=y=0; may extrapolate, not physical layer count",
dual_g8_s912113_b4,dual_g8_s912113_b4,/srv/slam-research/grf/map-denoise/runs/multiscan-pilot-v1/repair-v2-oyuie4pl/synthetics/identifiable/dual_g8_s912113_b4.json,shared_group_slope,development,full,true_bilayer,8.0,4.0,912113,768,8,1.0,True,0.21071779700287152,True,True,,,self-report; not geometry-derived layer count or success,4.092138831512039,7.469231430041531,0.9713541666666666,/srv/slam-research/grf/map-denoise/runs/multiscan-pilot-v1/exploration-v5-development-vdbkdouk/outputs/dual_g8_s912113_b4__shared_group_slope.npz,be9bcf281d58953f6402bce1e5dd8ba11c4043b5f827f44658d1ad3c447f45eb,0.772959897652412,1.285255269042213,3.864475742858094,0.8854166666666666,0.9114583333333334,0.6886564588099836,1.0,1.3642225976368136,0.7990207403292083,1.3275572926691082,7.354935055704775,0.6450649442952248,0.9193668819630969,1.363001879455167,0.05769898183346191,2.2237110500601767,4.902358116242624,3.6971624143992017,4.302837585600798,"GT source-group affine fits evaluated at x=y=0; may extrapolate, not physical layer count",
dual_g8_s912113_b4,dual_g8_s912113_b4,/srv/slam-research/grf/map-denoise/runs/multiscan-pilot-v1/repair-v2-oyuie4pl/synthetics/identifiable/dual_g8_s912113_b4.json,node_intercepts,development,full,true_bilayer,8.0,4.0,912113,768,8,1.0,True,0.20946722899680026,True,True,,,self-report; not geometry-derived layer count or success,4.017778599001321,7.386170920013353,0.9713541666666666,/srv/slam-research/grf/map-denoise/runs/multiscan-pilot-v1/exploration-v5-development-vdbkdouk/outputs/dual_g8_s912113_b4__node_intercepts.npz,d8eb4904e95948753f9c4805a1d312e237113759fe4ee821831079311bfc0a28,0.304052592228681,0.7433798062876011,0.9905423829299348,0.9544270833333334,0.98828125,0.2536128463411296,1.0,0.8749932174508949,0.33059695946245066,0.8734672175946073,7.939073550252525,0.060926449747475075,0.9923841937815656,0.8743193451938589,0.034333849257702526,0.2395752007466834,0.4750294048364906,7.590954211316578,0.40904578868342156,"GT source-group affine fits evaluated at x=y=0; may extrapolate, not physical layer count",
dual_g8_s912113_b4,dual_g8_s912113_b4,/srv/slam-research/grf/map-denoise/runs/multiscan-pilot-v1/repair-v2-oyuie4pl/synthetics/identifiable/dual_g8_s912113_b4.json,official_gicp,development,full,true_bilayer,8.0,4.0,912113,768,8,1.0,True,0.024598729010904208,True,True,,,self-report; not geometry-derived layer count or success,12.694869895994,24.713767894832735,1.0,/srv/slam-research/grf/map-denoise/runs/multiscan-pilot-v1/exploration-v5-development-vdbkdouk/outputs/dual_g8_s912113_b4__official_gicp.npz,f068253186366844af4a34f97465b2bb1cb6dbd87e13ac7bbd32e543071b0d98,1.1360407344239347,1.891618165906375,2.6329139198781073,0.09244791666666667,0.484375,2.2412710989246505,1.0,12.069175004410706,0.8826713333280454,1.0909771132418096,8.050125204337562,0.05012520433756151,1.0062656505421952,12.069165980689741,0.014758646740638629,0.3597073126270363,0.3837844692488798,7.700723268051417,0.2992767319485834,"GT source-group affine fits evaluated at x=y=0; may extrapolate, not physical layer count",
dual_g8_s912127_b0,dual_g8_s912127_b0,/srv/slam-research/grf/map-denoise/runs/multiscan-pilot-v1/repair-v2-oyuie4pl/synthetics/identifiable/dual_g8_s912127_b0.json,identity,development,full,true_bilayer,8.0,0.0,912127,768,8,1.0,True,1.502400846220553e-05,True,True,,,self-report; not geometry-derived layer count or success,0.0,0.0,0.0,/srv/slam-research/grf/map-denoise/runs/multiscan-pilot-v1/exploration-v5-development-vdbkdouk/outputs/dual_g8_s912127_b0__identity.npz,fc9e2cff1e82f2b89b6237892e70b486afa720a3df14d0c3405f205159d23c50,0.816710983340584,1.0013422368483909,1.8960412591174913,0.6927083333333334,0.9791666666666666,0.7647486349121578,1.0,1.0013422368483909,0.8167109833405841,1.000358752525589,7.91691543459073,0.08308456540927,0.9896144293238412,1.0011601425797874,0.019095659353858385,0.2637197518761205,0.4265610757884425,8.196740506536884,0.19674050653688369,"GT source-group affine fits evaluated at x=y=0; may extrapolate, not physical layer count",
dual_g8_s912127_b0,dual_g8_s912127_b0,/srv/slam-research/grf/map-denoise/runs/multiscan-pilot-v1/repair-v2-oyuie4pl/synthetics/identifiable/dual_g8_s912127_b0.json,fast,development,full,true_bilayer,8.0,0.0,912127,768,8,1.0,True,0.009345697006210685,True,True,,2,self-report; not geometry-derived layer count or success,1.3056382155516306,2.3922744591974,1.0,/srv/slam-research/grf/map-denoise/runs/multiscan-pilot-v1/exploration-v5-development-vdbkdouk/outputs/dual_g8_s912127_b0__fast.npz,28903d335900252b591c2ef9cbb8e4ea07993961b88f213e310bc06f5bcf677e,1.0514228999621678,1.300103922075741,2.51139403439563,0.5221354166666666,0.91015625,1.010359529803504,1.0,1.3177534445501848,1.0552993593892692,1.284206885501778,7.444391746845467,0.5556082531545332,0.9305489683556833,1.3176150790036212,0.019095659353858364,1.8078166811967662,3.1627067295175766,5.03878491323225,2.9612150867677496,"GT source-group affine fits evaluated at x=y=0; may extrapolate, not physical layer count",
dual_g8_s912127_b0,dual_g8_s912127_b0,/srv/slam-research/grf/map-denoise/runs/multiscan-pilot-v1/repair-v2-oyuie4pl/synthetics/identifiable/dual_g8_s912127_b0.json,open3d_icp_then_xyz,development,full,true_bilayer,8.0,0.0,912127,768,8,1.0,True,0.015419053001096472,True,True,,2,self-report; not geometry-derived layer count or success,2.650582285880301,5.051606520954905,1.0,/srv/slam-research/grf/map-denoise/runs/multiscan-pilot-v1/exploration-v5-development-vdbkdouk/outputs/dual_g8_s912127_b0__open3d_icp_then_xyz.npz,3e16177c95481476c725c9e301053f2bb72d98e71122503f46e565f796ae16ab,0.9298251822321054,1.134276763699964,2.046255976436841,0.21354166666666666,0.7057291666666666,1.621574262497641,1.0,2.6537874742144942,0.9290908043235602,1.0954521851923587,7.402396897113045,0.5976031028869553,0.9252996121391306,2.6537187676340013,0.01909608873095532,1.8765139733057168,2.9621055419413196,5.0487788983874715,2.9512211016125285,"GT source-group affine fits evaluated at x=y=0; may extrapolate, not physical layer count",
dual_g8_s912127_b0,dual_g8_s912127_b0,/srv/slam-research/grf/map-denoise/runs/multiscan-pilot-v1/repair-v2-oyuie4pl/synthetics/identifiable/dual_g8_s912127_b0.json,graph_shared,development,full,true_bilayer,8.0,0.0,912127,768,8,1.0,True,0.1793466660019476,True,True,,,self-report; not geometry-derived layer count or success,1.0239090527297925,1.9686763881867964,0.9908854166666666,/srv/slam-research/grf/map-denoise/runs/multiscan-pilot-v1/exploration-v5-development-vdbkdouk/outputs/dual_g8_s912127_b0__graph_shared.npz,ff814d41ef012a5367c9e90d94bc2203973a989e3e83a76d21b4d91ccdef5eb7,0.2818562604267955,0.47140594400418967,1.0048256812176815,0.94921875,0.9895833333333334,0.27945652736141297,1.0,0.47141937491314473,0.2818562604267955,0.4671302610869272,7.869079360713837,0.13092063928616327,0.9836349200892296,0.47138736830042766,0.0054932731861027225,0.132355545357017,0.28206696961250294,7.742363973076351,0.25763602692364884,"GT source-group affine fits evaluated at x=y=0; may extrapolate, not physical layer count",
dual_g8_s912127_b0,dual_g8_s912127_b0,/srv/slam-research/grf/map-denoise/runs/multiscan-pilot-v1/repair-v2-oyuie4pl/synthetics/identifiable/dual_g8_s912127_b0.json,pool_independent,development,full,true_bilayer,8.0,0.0,912127,768,8,1.0,True,0.20033502999285702,True,True,,,self-report; not geometry-derived layer count or success,0.9644029863115456,1.8677262559242653,0.9908854166666666,/srv/slam-research/grf/map-denoise/runs/multiscan-pilot-v1/exploration-v5-development-vdbkdouk/outputs/dual_g8_s912127_b0__pool_independent.npz,aff96f4aeb7e387a30f5d74ff35710e13ad1d08079298657b6381e1b49070eba,0.20343019941059234,0.2744362124300714,0.5390071689987449,0.9921875,1.0,0.2024375767494572,1.0,0.27445634473997216,0.20343019941059234,0.2725264041851151,7.944826268256728,0.055173731743272114,0.993103283532091,0.2738412506006069,0.01836449393590911,0.24271128793168417,0.4019347651826589,8.193925145278346,0.19392514527834592,"GT source-group affine fits evaluated at x=y=0; may extrapolate, not physical layer count",
dual_g8_s912127_b0,dual_g8_s912127_b0,/srv/slam-research/grf/map-denoise/runs/multiscan-pilot-v1/repair-v2-oyuie4pl/synthetics/identifiable/dual_g8_s912127_b0.json,pool_compatible,development,full,true_bilayer,8.0,0.0,912127,768,8,1.0,True,0.2293914269976085,True,True,,,self-report; not geometry-derived layer count or success,0.9838210021154439,1.9105169554516956,0.9908854166666666,/srv/slam-research/grf/map-denoise/runs/multiscan-pilot-v1/exploration-v5-development-vdbkdouk/outputs/dual_g8_s912127_b0__pool_compatible.npz,d744da344f35ca2408f9d3b9844e0331158279b2c02604db50903cd23ba724df,0.10980370303917004,0.18849012863404796,0.2676836869814047,0.9921875,1.0,0.10801846451780678,1.0,0.18852063161539187,0.10980370303917004,0.18585109059077878,7.94564114533745,0.05435885466255019,0.9932051431671812,0.18771981080582967,0.017358029141863546,0.24319224623577132,0.4021605929916607,8.192976632829076,0.19297663282907607,"GT source-group affine fits evaluated at x=y=0; may extrapolate, not physical layer count",
dual_g8_s912127_b0,dual_g8_s912127_b0,/srv/slam-research/grf/map-denoise/runs/multiscan-pilot-v1/repair-v2-oyuie4pl/synthetics/identifiable/dual_g8_s912127_b0.json,shared_group_slope,development,full,true_bilayer,8.0,0.0,912127,768,8,1.0,True,0.23260725899308454,True,True,,,self-report; not geometry-derived layer count or success,1.1274656926117312,2.213112249329251,0.9908854166666666,/srv/slam-research/grf/map-denoise/runs/multiscan-pilot-v1/exploration-v5-development-vdbkdouk/outputs/dual_g8_s912127_b0__shared_group_slope.npz,e7cf78fa757d7ba787bb46a316074ddeb00a718a61a67e03ed04570d736676da,0.11103988911775407,0.46074654191027137,0.08483561672784862,0.96875,0.9791666666666666,0.10133375885421907,1.0,0.5995395120618646,0.1289848153317106,0.5870240122084642,7.747323802776484,0.25267619722351586,0.9684154753470605,0.5995393468418375,0.00044509756412945494,0.5282357556746644,1.0074447034765466,7.022771181733167,0.9772288182668332,"GT source-group affine fits evaluated at x=y=0; may extrapolate, not physical layer count",
dual_g8_s912127_b0,dual_g8_s912127_b0,/srv/slam-research/grf/map-denoise/runs/multiscan-pilot-v1/repair-v2-oyuie4pl/synthetics/identifiable/dual_g8_s912127_b0.json,node_intercepts,development,full,true_bilayer,8.0,0.0,912127,768,8,1.0,True,0.22851163300219923,True,True,,,self-report; not geometry-derived layer count or success,0.977354477513191,1.861243812428486,0.9908854166666666,/srv/slam-research/grf/map-denoise/runs/multiscan-pilot-v1/exploration-v5-development-vdbkdouk/outputs/dual_g8_s912127_b0__node_intercepts.npz,a44a5de890589cb0904b215e5936ef79f993505baecf9d56c1f1c8f211ceaecd,0.14760133122268995,0.226326917730393,0.4155796705745571,0.9921875,1.0,0.1461204532944029,1.0,0.22635198908567494,0.14760133122269,0.2240738777127452,7.945271786213682,0.054728213786318314,0.9931589732767102,0.2256466571016049,0.017855226179251716,0.24297463076231685,0.40166882511974134,8.193516571816078,0.19351657181607784,"GT source-group affine fits evaluated at x=y=0; may extrapolate, not physical layer count",
dual_g8_s912127_b0,dual_g8_s912127_b0,/srv/slam-research/grf/map-denoise/runs/multiscan-pilot-v1/repair-v2-oyuie4pl/synthetics/identifiable/dual_g8_s912127_b0.json,official_gicp,development,full,true_bilayer,8.0,0.0,912127,768,8,1.0,True,0.02488381799776107,True,True,,,self-report; not geometry-derived layer count or success,13.38511522177449,23.000523612159874,1.0,/srv/slam-research/grf/map-denoise/runs/multiscan-pilot-v1/exploration-v5-development-vdbkdouk/outputs/dual_g8_s912127_b0__official_gicp.npz,9f7a5d5c4ae6426f245db2801e00dcfb01b0bd5f73abdcad741ca753a055161c,1.1684792521172433,1.9267445828605057,3.106687618618042,0.09635416666666667,0.46484375,2.2857961895638494,1.0,13.418583602443464,0.8422878132380038,1.0335086511733964,7.911037647161958,0.08896235283804188,0.9888797058952448,13.418570015152827,0.0190956593538584,0.37111205693043153,0.43209889296340404,8.004815026052286,0.004815026052286342,"GT source-group affine fits evaluated at x=y=0; may extrapolate, not physical layer count",
dual_g8_s912127_b4,dual_g8_s912127_b4,/srv/slam-research/grf/map-denoise/runs/multiscan-pilot-v1/repair-v2-oyuie4pl/synthetics/identifiable/dual_g8_s912127_b4.json,identity,development,full,true_bilayer,8.0,4.0,912127,768,8,1.0,True,1.618600799702108e-05,True,True,,,self-report; not geometry-derived layer count or success,0.0,0.0,0.0,/srv/slam-research/grf/map-denoise/runs/multiscan-pilot-v1/exploration-v5-development-vdbkdouk/outputs/dual_g8_s912127_b4__identity.npz,831961979eeffa62dae7c0e6939970d82d61f81c9a871aa8ec2f073a037bc753,3.24270878822484,3.8331643477226374,6.393122041502526,0.18229166666666666,0.4283854166666667,2.362472431003405,1.0,4.090981746927633,3.491369402780888,4.088815771535785,7.726724461845114,0.2732755381548859,0.9658405577306393,4.090937179851202,0.019095659353858808,1.4011706057044664,2.0953868749628732,9.444669882649599,1.444669882649599,"GT source-group affine fits evaluated at x=y=0; may extrapolate, not physical layer count",
dual_g8_s912127_b4,dual_g8_s912127_b4,/srv/slam-research/grf/map-denoise/runs/multiscan-pilot-v1/repair-v2-oyuie4pl/synthetics/identifiable/dual_g8_s912127_b4.json,fast,development,full,true_bilayer,8.0,4.0,912127,768,8,1.0,True,0.009615550996386446,True,True,,2,self-report; not geometry-derived layer count or success,4.340711865603838,7.203317422977378,1.0,/srv/slam-research/grf/map-denoise/runs/multiscan-pilot-v1/exploration-v5-development-vdbkdouk/outputs/dual_g8_s912127_b4__fast.npz,48ac89816fd31a6918b0533289c64180a8c6d402ba0b7ea495592a2ea21c8654,1.0485602809748376,1.3093202415691652,2.599782905361261,0.50390625,0.90625,1.0824010356706004,1.0,1.375845052490806,1.0524340537185517,1.2783798376451352,7.309803470948758,0.6901965290512422,0.9137254338685947,1.3757125296577297,0.01909565935385855,1.7331744051252722,3.2253328884656263,4.923360093867174,3.076639906132826,"GT source-group affine fits evaluated at x=y=0; may extrapolate, not physical layer count",
dual_g8_s912127_b4,dual_g8_s912127_b4,/srv/slam-research/grf/map-denoise/runs/multiscan-pilot-v1/repair-v2-oyuie4pl/synthetics/identifiable/dual_g8_s912127_b4.json,open3d_icp_then_xyz,development,full,true_bilayer,8.0,4.0,912127,768,8,1.0,True,0.014963403998990543,True,True,,2,self-report; not geometry-derived layer count or success,4.839346686419678,7.269454612275496,1.0,/srv/slam-research/grf/map-denoise/runs/multiscan-pilot-v1/exploration-v5-development-vdbkdouk/outputs/dual_g8_s912127_b4__open3d_icp_then_xyz.npz,73f1dfdf39c20fe15ec2ea46f9ed8a0f91720e9f4671d0de92f983cfc4199ade,0.9281157539589234,1.1436345073850678,2.0768204694265338,0.19270833333333334,0.6901041666666666,1.6765773141363443,1.0,2.706620515829781,0.9271479910227205,1.0900014555508428,7.294716107004922,0.7052838929950784,0.9118395133756152,2.706553150277061,0.019096110493698484,1.834281548739203,3.1956628307580623,4.8697399420935295,3.1302600579064705,"GT source-group affine fits evaluated at x=y=0; may extrapolate, not physical layer count",
dual_g8_s912127_b4,dual_g8_s912127_b4,/srv/slam-research/grf/map-denoise/runs/multiscan-pilot-v1/repair-v2-oyuie4pl/synthetics/identifiable/dual_g8_s912127_b4.json,graph_shared,development,full,true_bilayer,8.0,4.0,912127,768,8,1.0,True,0.19574811999336816,True,True,,,self-report; not geometry-derived layer count or success,4.07836650268702,6.647722033484811,0.9895833333333334,/srv/slam-research/grf/map-denoise/runs/multiscan-pilot-v1/exploration-v5-development-vdbkdouk/outputs/dual_g8_s912127_b4__graph_shared.npz,45ef9cabd7e8d7647048d683e0cd17a7814bcf407c45ecce7ce96de71edaf0ba,0.2951829685003034,0.5056878503842914,1.1366044614251494,0.94140625,0.984375,0.29767361695410943,1.0,0.6818361577604426,0.3213053986282199,0.6762991626986424,7.825845415558823,0.17415458444117693,0.9782306769448529,0.6816369434272634,0.01648100071781997,0.2158581985709456,0.314084953904998,7.639257147923224,0.36074285207677637,"GT source-group affine fits evaluated at x=y=0; may extrapolate, not physical layer count",
dual_g8_s912127_b4,dual_g8_s912127_b4,/srv/slam-research/grf/map-denoise/runs/multiscan-pilot-v1/repair-v2-oyuie4pl/synthetics/identifiable/dual_g8_s912127_b4.json,pool_independent,development,full,true_bilayer,8.0,4.0,912127,768,8,1.0,True,0.2139076239982387,True,True,,,self-report; not geometry-derived layer count or success,4.055948224819996,6.588753177141367,0.9895833333333334,/srv/slam-research/grf/map-denoise/runs/multiscan-pilot-v1/exploration-v5-development-vdbkdouk/outputs/dual_g8_s912127_b4__pool_independent.npz,e5dcf0ed19b237c6bdbbc8d2838d230437438b59b03f8d1672a769d8f0eda752,0.2060637011241322,0.32260646979002866,0.5351900464118181,0.98828125,0.9947916666666666,0.2085273198347596,1.0,0.5596872619758666,0.2321861312520486,0.5556965418285247,7.903299787522724,0.096700212477276,0.9879124734403405,0.5578233450434271,0.0456393135641185,0.2484744169597597,0.4063960387028829,8.126006663700025,0.126006663700025,"GT source-group affine fits evaluated at x=y=0; may extrapolate, not physical layer count",
dual_g8_s912127_b4,dual_g8_s912127_b4,/srv/slam-research/grf/map-denoise/runs/multiscan-pilot-v1/repair-v2-oyuie4pl/synthetics/identifiable/dual_g8_s912127_b4.json,pool_compatible,development,full,true_bilayer,8.0,4.0,912127,768,8,1.0,True,0.24122220800200012,True,True,,,self-report; not geometry-derived layer count or success,4.053019845409038,6.62087609024828,0.9895833333333334,/srv/slam-research/grf/map-denoise/runs/multiscan-pilot-v1/exploration-v5-development-vdbkdouk/outputs/dual_g8_s912127_b4__pool_compatible.npz,00abefdea1b0901538d462ce463354313a3553567dca4b8ed7c3e7f6669305e6,0.11782314961200924,0.25967450854452084,0.268519817845194,0.9895833333333334,0.9947916666666666,0.12033151755450038,1.0,0.5259329473617426,0.14394557973992567,0.5217916592051566,7.904201290668989,0.09579870933101109,0.9880251613336236,0.5240173357092895,0.044847485957935966,0.2476767576297584,0.40672378121924174,8.12662149269051,0.1266214926905107,"GT source-group affine fits evaluated at x=y=0; may extrapolate, not physical layer count",
dual_g8_s912127_b4,dual_g8_s912127_b4,/srv/slam-research/grf/map-denoise/runs/multiscan-pilot-v1/repair-v2-oyuie4pl/synthetics/identifiable/dual_g8_s912127_b4.json,shared_group_slope,development,full,true_bilayer,8.0,4.0,912127,768,8,1.0,True,0.2415824649942806,True,True,,,self-report; not geometry-derived layer count or success,4.084932186043432,6.698314066264691,0.9895833333333334,/srv/slam-research/grf/map-denoise/runs/multiscan-pilot-v1/exploration-v5-development-vdbkdouk/outputs/dual_g8_s912127_b4__shared_group_slope.npz,2f263148ff5d94f00d71ba571a4b67b79d928b82fb81d60a9f60bb7825b07ecb,0.10906028074226308,0.4576734954544755,0.0768302762157037,0.9674479166666666,0.9752604166666666,0.10745002060815907,1.0,0.7478631276929392,0.15223060735684216,0.7353415887327727,7.72362654398409,0.2763734560159099,0.9654533179980113,0.747444822980586,0.025009885289339204,0.5532586194399917,0.9337835160053084,7.026541140539722,0.973458859460278,"GT source-group affine fits evaluated at x=y=0; may extrapolate, not physical layer count",
dual_g8_s912127_b4,dual_g8_s912127_b4,/srv/slam-research/grf/map-denoise/runs/multiscan-pilot-v1/repair-v2-oyuie4pl/synthetics/identifiable/dual_g8_s912127_b4.json,node_intercepts,development,full,true_bilayer,8.0,4.0,912127,768,8,1.0,True,0.24459089900483377,True,True,,,self-report; not geometry-derived layer count or success,4.054275116133556,6.595738102374293,0.9895833333333334,/srv/slam-research/grf/map-denoise/runs/multiscan-pilot-v1/exploration-v5-development-vdbkdouk/outputs/dual_g8_s912127_b4__node_intercepts.npz,2a778e220ff6c7b0dfeed37febe9806281eee312df5b86aa1cc4eea8a6f58a7f,0.1521744283876801,0.2861221949165449,0.41789120296064264,0.98828125,0.9947916666666666,0.15487563099510385,1.0,0.5394818310849875,0.17829685851559654,0.535415027482902,7.9039798056749335,0.09602019432506648,0.9879974757093667,0.5375935981530731,0.04509733135833056,0.24784245799443375,0.406235618353653,8.126620878623754,0.12662087862375415,"GT source-group affine fits evaluated at x=y=0; may extrapolate, not physical layer count",
dual_g8_s912127_b4,dual_g8_s912127_b4,/srv/slam-research/grf/map-denoise/runs/multiscan-pilot-v1/repair-v2-oyuie4pl/synthetics/identifiable/dual_g8_s912127_b4.json,official_gicp,development,full,true_bilayer,8.0,4.0,912127,768,8,1.0,True,0.026940270996419713,True,True,,,self-report; not geometry-derived layer count or success,16.095305520297966,29.083938010877233,1.0,/srv/slam-research/grf/map-denoise/runs/multiscan-pilot-v1/exploration-v5-development-vdbkdouk/outputs/dual_g8_s912127_b4__official_gicp.npz,b1c585a64ff5c5fcbbd58ef12dfb6c9610bf79f824568b47ec865277ce87aa2a,1.4423688205452698,3.125136940494908,5.156832980822313,0.09244791666666667,0.3997395833333333,2.3831409616047114,1.0,15.648966689447024,0.8566939445124916,1.072393332605619,7.893110714662708,0.10688928533729225,0.9866388393328385,15.648955038698794,0.0190956593538588,0.5359825836503996,0.806923421721601,8.541641849774736,0.5416418497747362,"GT source-group affine fits evaluated at x=y=0; may extrapolate, not physical layer count",
ghost_s912101_b0,ghost_s912101_b0,/srv/slam-research/grf/map-denoise/runs/multiscan-pilot-v1/repair-v2-oyuie4pl/synthetics/identifiable/ghost_s912101_b0.json,identity,development,full,ghost_monolayer,0.0,0.0,912101,768,8,1.0,True,1.4958000974729657e-05,True,True,,,self-report; not geometry-derived layer count or success,0.0,0.0,0.0,/srv/slam-research/grf/map-denoise/runs/multiscan-pilot-v1/exploration-v5-development-vdbkdouk/outputs/ghost_s912101_b0__identity.npz,61d34ecbc15e40520a8ddabc2260902a2fa2ac1457a3515e139f810e4148d902,0.8114042921165225,1.0218341833090723,1.985439715662857,0.7161458333333334,0.9778645833333334,0.7513663975182125,1.0,1.0218341833090723,0.8114042921165225,1.0209568799665358,,,,1.0209568799665358,0.042333762269790014,0.06488879060670882,0.06488879060670882,,,,
ghost_s912101_b0,ghost_s912101_b0,/srv/slam-research/grf/map-denoise/runs/multiscan-pilot-v1/repair-v2-oyuie4pl/synthetics/identifiable/ghost_s912101_b0.json,fast,development,full,ghost_monolayer,0.0,0.0,912101,768,8,1.0,True,0.009772400997462682,True,True,,1,self-report; not geometry-derived layer count or success,1.0205328131168345,1.9786517344947916,1.0,/srv/slam-research/grf/map-denoise/runs/multiscan-pilot-v1/exploration-v5-development-vdbkdouk/outputs/ghost_s912101_b0__fast.npz,92ee0aad7606176c17d1bb22913867ad7edb36fa03520fb82a9bbe2b5f99a93a,0.042828521245138036,0.05156758181240301,0.08938466547473065,1.0,1.0,0.04288975711519888,1.0,0.05158057247839025,0.042828521245138036,0.0294460195283468,,,,0.029468763619863208,0.042333762269790014,0.0649893496882615,0.0649893496882615,,,,
ghost_s912101_b0,ghost_s912101_b0,/srv/slam-research/grf/map-denoise/runs/multiscan-pilot-v1/repair-v2-oyuie4pl/synthetics/identifiable/ghost_s912101_b0.json,open3d_icp_then_xyz,development,full,ghost_monolayer,0.0,0.0,912101,768,8,1.0,True,0.026045434002298862,True,True,,1,self-report; not geometry-derived layer count or success,3.1900256197879586,7.018537126685113,1.0,/srv/slam-research/grf/map-denoise/runs/multiscan-pilot-v1/exploration-v5-development-vdbkdouk/outputs/ghost_s912101_b0__open3d_icp_then_xyz.npz,c985c19f5cf98050ff98fd50071da9bdd6695e81c8c6a13ec12eedac01fcbc2b,0.047955977014757456,0.0948198332239755,0.08965829655380934,0.4557291666666667,0.7994791666666666,1.3134433002576282,1.0,3.0228173605529918,0.04282893161462503,0.029438653302202054,,,,3.0225209094119827,0.042333762269790055,0.06498934968826141,0.06498934968826141,,,,
ghost_s912101_b0,ghost_s912101_b0,/srv/slam-research/grf/map-denoise/runs/multiscan-pilot-v1/repair-v2-oyuie4pl/synthetics/identifiable/ghost_s912101_b0.json,graph_shared,development,full,ghost_monolayer,0.0,0.0,912101,768,8,1.0,True,0.1004811540042283,True,True,,,self-report; not geometry-derived layer count or success,1.001067457352241,1.9109933182895946,1.0,/srv/slam-research/grf/map-denoise/runs/multiscan-pilot-v1/exploration-v5-development-vdbkdouk/outputs/ghost_s912101_b0__graph_shared.npz,fe96861d95f6dae630888829a6917c1871a30e5f2ac1365cd89e84c4197d35de,0.15889321934334807,0.2043728972581324,0.3984135308605927,1.0,1.0,0.15933328839218822,1.0,0.20449097645688552,0.15889321934334807,0.1999388360925571,,,,0.20005953238136745,0.04234079540631107,0.06421502818747125,0.06421502818747125,,,,
ghost_s912101_b0,ghost_s912101_b0,/srv/slam-research/grf/map-denoise/runs/multiscan-pilot-v1/repair-v2-oyuie4pl/synthetics/identifiable/ghost_s912101_b0.json,pool_independent,development,full,ghost_monolayer,0.0,0.0,912101,768,8,1.0,True,0.12116465500730556,True,True,,,self-report; not geometry-derived layer count or success,1.0010779821472255,1.9194584520962585,1.0,/srv/slam-research/grf/map-denoise/runs/multiscan-pilot-v1/exploration-v5-development-vdbkdouk/outputs/ghost_s912101_b0__pool_independent.npz,6517db292685c3a7682942e46fa911b7b12caecc1a9ffacc009c2f77a6374f8c,0.16239407601934994,0.20915582175856767,0.41317730248784135,1.0,1.0,0.16282966937030155,1.0,0.2092698271332689,0.16239407601934994,0.20482518020670312,,,,0.2049415946546529,0.042341508343423345,0.06252619354896322,0.06252619354896322,,,,
ghost_s912101_b0,ghost_s912101_b0,/srv/slam-research/grf/map-denoise/runs/multiscan-pilot-v1/repair-v2-oyuie4pl/synthetics/identifiable/ghost_s912101_b0.json,pool_compatible,development,full,ghost_monolayer,0.0,0.0,912101,768,8,1.0,True,0.14907529299671296,True,True,,,self-report; not geometry-derived layer count or success,1.0205549918394852,1.9799649161740507,1.0,/srv/slam-research/grf/map-denoise/runs/multiscan-pilot-v1/exploration-v5-development-vdbkdouk/outputs/ghost_s912101_b0__pool_compatible.npz,b479dc498624ebe68f5f86560e11696516e405c5039094b686f3d11e208e5cf9,0.042599483883238705,0.05092123794141833,0.08767595216657234,1.0,1.0,0.04375386721030452,1.0,0.05140573428547496,0.042599483883238705,0.028315945448095625,,,,0.029178242074457152,0.042322331066155065,0.06254876399133667,0.06254876399133667,,,,
ghost_s912101_b0,ghost_s912101_b0,/srv/slam-research/grf/map-denoise/runs/multiscan-pilot-v1/repair-v2-oyuie4pl/synthetics/identifiable/ghost_s912101_b0.json,shared_group_slope,development,full,ghost_monolayer,0.0,0.0,912101,768,8,1.0,True,0.14792806100740563,True,True,,,self-report; not geometry-derived layer count or success,1.0205549918394854,1.9799649161740507,1.0,/srv/slam-research/grf/map-denoise/runs/multiscan-pilot-v1/exploration-v5-development-vdbkdouk/outputs/ghost_s912101_b0__shared_group_slope.npz,54d775625ec1e77e797b594b0eb5ceabe30b917a9a8476d096c0dc1d1ca4d8bf,0.04259948388323872,0.05092123794141834,0.08767595216657237,1.0,1.0,0.04375386721030452,1.0,0.05140573428547497,0.04259948388323872,0.02831594544809564,,,,0.029178242074457166,0.04232233106615506,0.06254876399133667,0.06254876399133667,,,,
ghost_s912101_b0,ghost_s912101_b0,/srv/slam-research/grf/map-denoise/runs/multiscan-pilot-v1/repair-v2-oyuie4pl/synthetics/identifiable/ghost_s912101_b0.json,node_intercepts,development,full,ghost_monolayer,0.0,0.0,912101,768,8,1.0,True,0.1473569910012884,True,True,,,self-report; not geometry-derived layer count or success,1.0153180650951261,1.991055831743396,1.0,/srv/slam-research/grf/map-denoise/runs/multiscan-pilot-v1/exploration-v5-development-vdbkdouk/outputs/ghost_s912101_b0__node_intercepts.npz,db5f4b0c7b227c7872a6afe03e640b61e135591222ce599795300afd5fa01535,0.08979050759027903,0.1143128730860981,0.2239849363588932,1.0,1.0,0.09045631346414897,1.0,0.114527300231711,0.08979050759027903,0.10618853833775871,,,,0.10641933668028712,0.04232525580421414,0.06254302047943755,0.06254302047943755,,,,
ghost_s912101_b0,ghost_s912101_b0,/srv/slam-research/grf/map-denoise/runs/multiscan-pilot-v1/repair-v2-oyuie4pl/synthetics/identifiable/ghost_s912101_b0.json,official_gicp,development,full,ghost_monolayer,0.0,0.0,912101,768,8,1.0,True,0.02455663899309002,True,True,,,self-report; not geometry-derived layer count or success,17.819098452271355,34.15009782928836,1.0,/srv/slam-research/grf/map-denoise/runs/multiscan-pilot-v1/exploration-v5-development-vdbkdouk/outputs/ghost_s912101_b0__official_gicp.npz,000578cd024509869951efd7cf2735dcbd56f3b571549644b434f7065f1c27ca,1.7127319481399008,4.0431508003430245,6.936043768911682,0.10546875,0.5,2.203067676830765,1.0,17.847364841767845,0.8350681043953848,1.0519167702205914,,,,17.84731463407711,0.04233376226978999,0.40331952639604013,0.4033195263960402,,,,
ghost_s912101_b4,ghost_s912101_b4,/srv/slam-research/grf/map-denoise/runs/multiscan-pilot-v1/repair-v2-oyuie4pl/synthetics/identifiable/ghost_s912101_b4.json,identity,development,full,ghost_monolayer,0.0,4.0,912101,768,8,1.0,True,1.5744997654110193e-05,True,True,,,self-report; not geometry-derived layer count or success,0.0,0.0,0.0,/srv/slam-research/grf/map-denoise/runs/multiscan-pilot-v1/exploration-v5-development-vdbkdouk/outputs/ghost_s912101_b4__identity.npz,8c4bfebdff031e914019d7275c656c216c4b23ab173fce177ba5bfe20bdc2837,3.7892775109664165,4.145698391964449,6.745503359677422,0.040364583333333336,0.18880208333333334,2.952784878551429,1.0,4.145698391964449,3.7892775109664165,4.145482240911026,,,,4.145482240911026,0.042333762269789715,0.6608061205486271,0.6608061205486271,,,,
ghost_s912101_b4,ghost_s912101_b4,/srv/slam-research/grf/map-denoise/runs/multiscan-pilot-v1/repair-v2-oyuie4pl/synthetics/identifiable/ghost_s912101_b4.json,fast,development,full,ghost_monolayer,0.0,4.0,912101,768,8,1.0,True,0.0091651849943446,True,True,,1,self-report; not geometry-derived layer count or success,4.134381687182355,6.7438160043858995,1.0,/srv/slam-research/grf/map-denoise/runs/multiscan-pilot-v1/exploration-v5-development-vdbkdouk/outputs/ghost_s912101_b4__fast.npz,7b813b900005d12eebf8dc7f6ffdc0794a3061db9b50fdf2966a3bbdf3fb0461,0.2664070332080194,0.30999490792894807,0.53491352590361,1.0,1.0,0.27461720505228215,1.0,0.313831904139712,0.2664070332080194,0.3070906959091433,,,,0.31096352941790834,0.04233376226978966,0.6780315521153145,0.6780315521153145,,,,
ghost_s912101_b4,ghost_s912101_b4,/srv/slam-research/grf/map-denoise/runs/multiscan-pilot-v1/repair-v2-oyuie4pl/synthetics/identifiable/ghost_s912101_b4.json,open3d_icp_then_xyz,development,full,ghost_monolayer,0.0,4.0,912101,768,8,1.0,True,0.026629555999534205,True,True,,1,self-report; not geometry-derived layer count or success,5.119335074148785,8.202550035083432,1.0,/srv/slam-research/grf/map-denoise/runs/multiscan-pilot-v1/exploration-v5-development-vdbkdouk/outputs/ghost_s912101_b4__open3d_icp_then_xyz.npz,17ce947fe29be93a6b5102f4879e8b1ff903f18cefb2cfb4e32365c1f8ba9111,0.27076487592245657,0.3221621568586947,0.5332034043015054,0.3880208333333333,0.80859375,1.3863809448568543,1.0,3.0307249961939178,0.2663399992706657,0.30777803089695444,,,,3.03042931861588,0.04233376226978929,0.6780315521153143,0.6780315521153143,,,,
ghost_s912101_b4,ghost_s912101_b4,/srv/slam-research/grf/map-denoise/runs/multiscan-pilot-v1/repair-v2-oyuie4pl/synthetics/identifiable/ghost_s912101_b4.json,graph_shared,development,full,ghost_monolayer,0.0,4.0,912101,768,8,1.0,True,0.14137341400783043,True,True,,,self-report; not geometry-derived layer count or success,4.142079002193568,6.605954039895379,1.0,/srv/slam-research/grf/map-denoise/runs/multiscan-pilot-v1/exploration-v5-development-vdbkdouk/outputs/ghost_s912101_b4__graph_shared.npz,d268f8dec64bc7a98daf86fda3bf68070796cbe03ce8cee69ebf2db1234be2ef,0.15906978163410326,0.20416686802987802,0.3952436462131857,1.0,1.0,0.16444236058865724,1.0,0.20618110199925818,0.15906978163410326,0.19973406449338052,,,,0.20179255025774503,0.04231327784636817,0.06418863199017383,0.06418863199017383,,,,
ghost_s912101_b4,ghost_s912101_b4,/srv/slam-research/grf/map-denoise/runs/multiscan-pilot-v1/repair-v2-oyuie4pl/synthetics/identifiable/ghost_s912101_b4.json,pool_independent,development,full,ghost_monolayer,0.0,4.0,912101,768,8,1.0,True,0.16412460499850567,True,True,,,self-report; not geometry-derived layer count or success,4.1422948977544785,6.603449582692208,1.0,/srv/slam-research/grf/map-denoise/runs/multiscan-pilot-v1/exploration-v5-development-vdbkdouk/outputs/ghost_s912101_b4__pool_independent.npz,2c18b778e2c04cb8a8b670bddac7064a9a2bcfbbe1fbda989f3ce7ab6a5fdbff,0.1625749469785472,0.20894819967306866,0.40837879091876506,1.0,1.0,0.1678694994806634,1.0,0.21089357848118678,0.1625749469785472,0.2046188671671342,,,,0.20660501469888504,0.04231393796225976,0.062504709216804,0.062504709216804,,,,
ghost_s912101_b4,ghost_s912101_b4,/srv/slam-research/grf/map-denoise/runs/multiscan-pilot-v1/repair-v2-oyuie4pl/synthetics/identifiable/ghost_s912101_b4.json,pool_compatible,development,full,ghost_monolayer,0.0,4.0,912101,768,8,1.0,True,0.19056128899683245,True,True,,,self-report; not geometry-derived layer count or success,4.143634098889613,6.710714354286221,1.0,/srv/slam-research/grf/map-denoise/runs/multiscan-pilot-v1/exploration-v5-development-vdbkdouk/outputs/ghost_s912101_b4__pool_compatible.npz,4c09985671eb466a3023dc19b9d1ee0d25a389895e5b4fc618ebdad93c2c1660,0.04257531671846106,0.05089520681852703,0.08765162514256844,1.0,1.0,0.05343454331016554,1.0,0.05837466548714789,0.04257531671846106,0.028306959828187657,,,,0.040231374178446105,0.04229702238279032,0.06252571361966511,0.06252571361966511,,,,
ghost_s912101_b4,ghost_s912101_b4,/srv/slam-research/grf/map-denoise/runs/multiscan-pilot-v1/repair-v2-oyuie4pl/synthetics/identifiable/ghost_s912101_b4.json,shared_group_slope,development,full,ghost_monolayer,0.0,4.0,912101,768,8,1.0,True,0.18830977100878954,True,True,,,self-report; not geometry-derived layer count or success,4.143634098889613,6.710714354286221,1.0,/srv/slam-research/grf/map-denoise/runs/multiscan-pilot-v1/exploration-v5-development-vdbkdouk/outputs/ghost_s912101_b4__shared_group_slope.npz,ee2d4c082951adf995172848925197bc7fea6b0d83ee8574b767eddc88f24faf,0.04257531671846108,0.05089520681852706,0.08765162514256844,1.0,1.0,0.05343454331016556,1.0,0.05837466548714791,0.04257531671846108,0.0283069598281877,,,,0.04023137417844613,0.04229702238279032,0.06252571361966522,0.06252571361966522,,,,
ghost_s912101_b4,ghost_s912101_b4,/srv/slam-research/grf/map-denoise/runs/multiscan-pilot-v1/repair-v2-oyuie4pl/synthetics/identifiable/ghost_s912101_b4.json,node_intercepts,development,full,ghost_monolayer,0.0,4.0,912101,768,8,1.0,True,0.18867319700075313,True,True,,,self-report; not geometry-derived layer count or success,4.140231378251926,6.724180285487991,1.0,/srv/slam-research/grf/map-denoise/runs/multiscan-pilot-v1/exploration-v5-development-vdbkdouk/outputs/ghost_s912101_b4__node_intercepts.npz,fffbbe6203744353d986d650a8bf223bebda21b2687c8a74be2e2377334ce7f3,0.08957120873664526,0.11389582819732358,0.22298224551717272,1.0,1.0,0.09700260911334217,1.0,0.11742315546001304,0.08957120873664526,0.10575005648703906,,,,0.10954000275874458,0.04229876161072104,0.06252073751150226,0.06252073751150226,,,,
ghost_s912101_b4,ghost_s912101_b4,/srv/slam-research/grf/map-denoise/runs/multiscan-pilot-v1/repair-v2-oyuie4pl/synthetics/identifiable/ghost_s912101_b4.json,official_gicp,development,full,ghost_monolayer,0.0,4.0,912101,768,8,1.0,True,0.026613259993609972,True,True,,,self-report; not geometry-derived layer count or success,19.385815631613006,37.41773252956655,1.0,/srv/slam-research/grf/map-denoise/runs/multiscan-pilot-v1/exploration-v5-development-vdbkdouk/outputs/ghost_s912101_b4__official_gicp.npz,88aebb03eeef1d163d9c33dbe15a6caa93ba3dfdbc80d60733bd453feeb93adf,1.823924684388585,4.395228724461902,8.41914703566381,0.09505208333333333,0.42578125,2.267396042125377,1.0,18.97962672308147,0.8411058558856356,1.0590927196776847,,,,18.979579510623523,0.042333762269794704,0.3775900197280692,0.3775900197280692,,,,
ghost_s912113_b0,ghost_s912113_b0,/srv/slam-research/grf/map-denoise/runs/multiscan-pilot-v1/repair-v2-oyuie4pl/synthetics/identifiable/ghost_s912113_b0.json,identity,development,full,ghost_monolayer,0.0,0.0,912113,768,8,1.0,True,1.528499706182629e-05,True,True,,,self-report; not geometry-derived layer count or success,0.0,0.0,0.0,/srv/slam-research/grf/map-denoise/runs/multiscan-pilot-v1/exploration-v5-development-vdbkdouk/outputs/ghost_s912113_b0__identity.npz,00c7485fb9b5ffb61282f1bc5d06ffbdba236a1ef835695933272bae8b73f70c,0.8241908132341758,1.0293765348015231,2.0322102162440823,0.6927083333333334,0.9700520833333334,0.7746781249043306,1.0,1.0293765348015231,0.8241908132341758,1.0292707285968918,,,,1.0292707285968918,0.014758646740638792,0.09107589453827986,0.09107589453827986,,,,
ghost_s912113_b0,ghost_s912113_b0,/srv/slam-research/grf/map-denoise/runs/multiscan-pilot-v1/repair-v2-oyuie4pl/synthetics/identifiable/ghost_s912113_b0.json,fast,development,full,ghost_monolayer,0.0,0.0,912113,768,8,1.0,True,0.010312448997865431,True,True,,1,self-report; not geometry-derived layer count or success,1.027972359847924,2.0410702024004,1.0,/srv/slam-research/grf/map-denoise/runs/multiscan-pilot-v1/exploration-v5-development-vdbkdouk/outputs/ghost_s912113_b0__fast.npz,ee8d7430791ae5e423a504c6001f354c143ac6a23acec47f8901da65ef2a5dfd,0.045321395669670785,0.05377316794903167,0.09978406677861584,1.0,1.0,0.045398775422573555,1.0,0.053798042658335085,0.045321395669670785,0.05170818056806678,,,,0.05173404817190584,0.0147586467406388,0.09117345515452209,0.0911734551545221,,,,
ghost_s912113_b0,ghost_s912113_b0,/srv/slam-research/grf/map-denoise/runs/multiscan-pilot-v1/repair-v2-oyuie4pl/synthetics/identifiable/ghost_s912113_b0.json,open3d_icp_then_xyz,development,full,ghost_monolayer,0.0,0.0,912113,768,8,1.0,True,0.02587595499062445,True,True,,1,self-report; not geometry-derived layer count or success,2.3274358614611352,4.373581703993492,1.0,/srv/slam-research/grf/map-denoise/runs/multiscan-pilot-v1/exploration-v5-development-vdbkdouk/outputs/ghost_s912113_b0__open3d_icp_then_xyz.npz,1358b272d785b90f17088e8e062e8a06989af944adfb29cfe889ee1817c33375,0.05431278482118055,0.14140857483962208,0.10096407416347736,0.46875,0.87890625,1.2195776996250614,1.0,2.0888220135451414,0.0453562621101363,0.051777959188280535,,,,2.088769874020871,0.014758646740638799,0.09117345515452217,0.09117345515452216,,,,
ghost_s912113_b0,ghost_s912113_b0,/srv/slam-research/grf/map-denoise/runs/multiscan-pilot-v1/repair-v2-oyuie4pl/synthetics/identifiable/ghost_s912113_b0.json,graph_shared,development,full,ghost_monolayer,0.0,0.0,912113,768,8,1.0,True,0.10045368999999482,True,True,,,self-report; not geometry-derived layer count or success,1.0019878239722295,1.9922567263176585,1.0,/srv/slam-research/grf/map-denoise/runs/multiscan-pilot-v1/exploration-v5-development-vdbkdouk/outputs/ghost_s912113_b0__graph_shared.npz,dcc39760b184c1ed1025ddd71c29e4c2e70d955fbb15983fc215b57185b23185,0.1833013658332944,0.2308333150552492,0.4749391111588355,1.0,1.0,0.18336600184417304,1.0,0.2308499815554477,0.1833013658332944,0.23036006731595904,,,,0.2303767680530441,0.014773582016033253,0.0884860805614931,0.0884860805614931,,,,
ghost_s912113_b0,ghost_s912113_b0,/srv/slam-research/grf/map-denoise/runs/multiscan-pilot-v1/repair-v2-oyuie4pl/synthetics/identifiable/ghost_s912113_b0.json,pool_independent,development,full,ghost_monolayer,0.0,0.0,912113,768,8,1.0,True,0.12167340499581769,True,True,,,self-report; not geometry-derived layer count or success,1.0019688511638987,1.9886953616809346,1.0,/srv/slam-research/grf/map-denoise/runs/multiscan-pilot-v1/exploration-v5-development-vdbkdouk/outputs/ghost_s912113_b0__pool_independent.npz,04319a095710a37085f6d9ddfbbee5f0f430f30ab655936eb41ab618ae4f164c,0.18714828626948732,0.23644002116433488,0.48434953634232064,1.0,1.0,0.1872152423727851,1.0,0.23645629186289316,0.18714828626948732,0.2359780159700004,,,,0.2359943185216429,0.014773611171784863,0.0888045476345782,0.0888045476345782,,,,
ghost_s912113_b0,ghost_s912113_b0,/srv/slam-research/grf/map-denoise/runs/multiscan-pilot-v1/repair-v2-oyuie4pl/synthetics/identifiable/ghost_s912113_b0.json,pool_compatible,development,full,ghost_monolayer,0.0,0.0,912113,768,8,1.0,True,0.147114560008049,True,True,,,self-report; not geometry-derived layer count or success,1.0218815719154501,2.08744753707765,1.0,/srv/slam-research/grf/map-denoise/runs/multiscan-pilot-v1/exploration-v5-development-vdbkdouk/outputs/ghost_s912113_b0__pool_compatible.npz,0f12da2979b48a473bf7bda2fd046298585f0548d4a335aeb09ddd80f2e6b396,0.09832035359670166,0.12578773713275315,0.25806855023533065,1.0,1.0,0.09843261774071338,1.0,0.12581954551731847,0.09832035359670166,0.12491729619180296,,,,0.12494932616495036,0.014772404174995608,0.08881459947806365,0.08881459947806365,,,,
ghost_s912113_b0,ghost_s912113_b0,/srv/slam-research/grf/map-denoise/runs/multiscan-pilot-v1/repair-v2-oyuie4pl/synthetics/identifiable/ghost_s912113_b0.json,shared_group_slope,development,full,ghost_monolayer,0.0,0.0,912113,768,8,1.0,True,0.14700095399166457,True,True,,,self-report; not geometry-derived layer count or success,1.02422268677255,2.108007256057159,1.0,/srv/slam-research/grf/map-denoise/runs/multiscan-pilot-v1/exploration-v5-development-vdbkdouk/outputs/ghost_s912113_b0__shared_group_slope.npz,264c7af7fe798a78e6f97520f1fc74b5cbae77e42dab69aedcec55cf0c65266c,0.08450039030566342,0.10414094157283908,0.2097631930141632,1.0,1.0,0.08463939704781302,1.0,0.10417953563632801,0.08450039030566342,0.10308787312066332,,,,0.10312686128387681,0.014772478706600626,0.08881516794197998,0.08881516794197998,,,,
ghost_s912113_b0,ghost_s912113_b0,/srv/slam-research/grf/map-denoise/runs/multiscan-pilot-v1/repair-v2-oyuie4pl/synthetics/identifiable/ghost_s912113_b0.json,node_intercepts,development,full,ghost_monolayer,0.0,0.0,912113,768,8,1.0,True,0.14924924400111195,True,True,,,self-report; not geometry-derived layer count or success,1.0159084465426917,2.009794835316665,1.0,/srv/slam-research/grf/map-denoise/runs/multiscan-pilot-v1/exploration-v5-development-vdbkdouk/outputs/ghost_s912113_b0__node_intercepts.npz,33c241c3254a07b9fb0b18ad35099d54c50a8b9f646a8debbb365d8e094c3af0,0.13731005419555822,0.16742766721715574,0.3092076533068414,1.0,1.0,0.13738562121059095,1.0,0.16745128749342894,0.13731005419555822,0.16677465226022561,,,,0.1667983650098104,0.014772918237810477,0.08881109407014266,0.08881109407014266,,,,
ghost_s912113_b0,ghost_s912113_b0,/srv/slam-research/grf/map-denoise/runs/multiscan-pilot-v1/repair-v2-oyuie4pl/synthetics/identifiable/ghost_s912113_b0.json,official_gicp,development,full,ghost_monolayer,0.0,0.0,912113,768,8,1.0,True,0.019509569989168085,True,True,,,self-report; not geometry-derived layer count or success,17.724341677052752,35.34654388308491,1.0,/srv/slam-research/grf/map-denoise/runs/multiscan-pilot-v1/exploration-v5-development-vdbkdouk/outputs/ghost_s912113_b0__official_gicp.npz,bb10b0ebbcbf2e83ba60b111cb81702cc6cdd71c657ef844b549bb524950eca3,1.4076156550338847,2.953941481673049,4.893997156456273,0.08333333333333333,0.4010416666666667,2.392131441824707,1.0,17.75353483904124,0.8455309278147899,1.0549394237849243,,,,17.753528704553286,0.01475864674063884,0.126177965523189,0.126177965523189,,,,
ghost_s912113_b4,ghost_s912113_b4,/srv/slam-research/grf/map-denoise/runs/multiscan-pilot-v1/repair-v2-oyuie4pl/synthetics/identifiable/ghost_s912113_b4.json,identity,development,full,ghost_monolayer,0.0,4.0,912113,768,8,1.0,True,1.5962999896146357e-05,True,True,,,self-report; not geometry-derived layer count or success,0.0,0.0,0.0,/srv/slam-research/grf/map-denoise/runs/multiscan-pilot-v1/exploration-v5-development-vdbkdouk/outputs/ghost_s912113_b4__identity.npz,c9fc89e2fc4164fcadf83955dbbc7ad0ab0885501f4591c21f405e59f4e81576,3.2909193885609462,4.126421615655251,7.402178866455733,0.2825520833333333,0.5625,1.971580709741686,1.0,4.126421615655251,3.2909193885609462,4.126395222526955,,,,4.126395222526955,0.014758646740639475,0.0675096195546481,0.0675096195546481,,,,
ghost_s912113_b4,ghost_s912113_b4,/srv/slam-research/grf/map-denoise/runs/multiscan-pilot-v1/repair-v2-oyuie4pl/synthetics/identifiable/ghost_s912113_b4.json,fast,development,full,ghost_monolayer,0.0,4.0,912113,768,8,1.0,True,0.010109820999787189,True,True,,1,self-report; not geometry-derived layer count or success,4.126224077516701,7.383518740809569,1.0,/srv/slam-research/grf/map-denoise/runs/multiscan-pilot-v1/exploration-v5-development-vdbkdouk/outputs/ghost_s912113_b4__fast.npz,28c7056a890e72bb13f5f96378ec22171453456bb43beacedece180520eb9176,0.033748350697502844,0.04067860007198912,0.07610258903408994,1.0,1.0,0.034368443492862645,1.0,0.04097907684773485,0.033748350697502844,0.03790687075190789,,,,0.0382291392222945,0.014758646740639278,0.06878185642152385,0.06878185642152385,,,,
ghost_s912113_b4,ghost_s912113_b4,/srv/slam-research/grf/map-denoise/runs/multiscan-pilot-v1/repair-v2-oyuie4pl/synthetics/identifiable/ghost_s912113_b4.json,open3d_icp_then_xyz,development,full,ghost_monolayer,0.0,4.0,912113,768,8,1.0,True,0.025749863998498768,True,True,,1,self-report; not geometry-derived layer count or success,4.6254619936455965,7.724814896361929,1.0,/srv/slam-research/grf/map-denoise/runs/multiscan-pilot-v1/exploration-v5-development-vdbkdouk/outputs/ghost_s912113_b4__open3d_icp_then_xyz.npz,30c1eface885a274c7ef35b341600eef2e194206119d94dd2de16f575063359d,0.04280679866528978,0.13698102436375792,0.08051643465654404,0.4739583333333333,0.8802083333333334,1.227712913111578,1.0,2.092337216826754,0.03381598600036176,0.03795948270089295,,,,2.092285164900978,0.014758646740637768,0.06878185642152387,0.06878185642152387,,,,
ghost_s912113_b4,ghost_s912113_b4,/srv/slam-research/grf/map-denoise/runs/multiscan-pilot-v1/repair-v2-oyuie4pl/synthetics/identifiable/ghost_s912113_b4.json,graph_shared,development,full,ghost_monolayer,0.0,4.0,912113,768,8,1.0,True,0.1474502589990152,True,True,,,self-report; not geometry-derived layer count or success,4.127833552742735,7.428314127390193,1.0,/srv/slam-research/grf/map-denoise/runs/multiscan-pilot-v1/exploration-v5-development-vdbkdouk/outputs/ghost_s912113_b4__graph_shared.npz,adaa2fa9304dfeade15dc3206d2a8bc7d6c954d8d7425782b5029214dadf01f7,0.18327498734910577,0.2308042854341508,0.4749429635347797,1.0,1.0,0.18418829879624102,1.0,0.23108701306828053,0.18327498734910577,0.23033097649269027,,,,0.2306142843930645,0.014773606286023385,0.08848045629590823,0.08848045629590823,,,,
ghost_s912113_b4,ghost_s912113_b4,/srv/slam-research/grf/map-denoise/runs/multiscan-pilot-v1/repair-v2-oyuie4pl/synthetics/identifiable/ghost_s912113_b4.json,pool_independent,development,full,ghost_monolayer,0.0,4.0,912113,768,8,1.0,True,0.16618744400329888,True,True,,,self-report; not geometry-derived layer count or success,4.127995754017991,7.434324130973776,1.0,/srv/slam-research/grf/map-denoise/runs/multiscan-pilot-v1/exploration-v5-development-vdbkdouk/outputs/ghost_s912113_b4__pool_independent.npz,6d71f170ffaf753069e29d2c5079351ea284105da7c8cd2d34c57f49ccb48bc3,0.18711973213151759,0.23640822112372004,0.48425559428092496,1.0,1.0,0.18803068609791532,1.0,0.2366842764360038,0.18711973213151759,0.2359461521389996,,,,0.23622274743629407,0.01477363549311651,0.08879864522535412,0.0887986452253541,,,,
ghost_s912113_b4,ghost_s912113_b4,/srv/slam-research/grf/map-denoise/runs/multiscan-pilot-v1/repair-v2-oyuie4pl/synthetics/identifiable/ghost_s912113_b4.json,pool_compatible,development,full,ghost_monolayer,0.0,4.0,912113,768,8,1.0,True,0.18939681400661357,True,True,,,self-report; not geometry-derived layer count or success,4.131314188411214,7.416243976189636,1.0,/srv/slam-research/grf/map-denoise/runs/multiscan-pilot-v1/exploration-v5-development-vdbkdouk/outputs/ghost_s912113_b4__pool_compatible.npz,c74384a9b3c5425d50dd4f066292689a321aea93ebe255c64b05e5c90fa99365,0.09831050655125743,0.12577524061420978,0.25805941555854583,1.0,1.0,0.09968966100979278,1.0,0.1262941839809788,0.09831050655125743,0.12490470994168007,,,,0.12542725509821515,0.014772426542331752,0.08880870112982268,0.08880870112982268,,,,
ghost_s912113_b4,ghost_s912113_b4,/srv/slam-research/grf/map-denoise/runs/multiscan-pilot-v1/repair-v2-oyuie4pl/synthetics/identifiable/ghost_s912113_b4.json,shared_group_slope,development,full,ghost_monolayer,0.0,4.0,912113,768,8,1.0,True,0.19394995899347123,True,True,,,self-report; not geometry-derived layer count or success,4.127752059164897,7.470454493565983,1.0,/srv/slam-research/grf/map-denoise/runs/multiscan-pilot-v1/exploration-v5-development-vdbkdouk/outputs/ghost_s912113_b4__shared_group_slope.npz,a8a6a394177926fc66ab6ede022af6698df8f23e966f2ce58fd4eae1334709bc,0.08449785377003133,0.1041376301804256,0.20974245425973898,1.0,1.0,0.0860758845316632,1.0,0.1047627333424631,0.08449785377003133,0.1030845246738659,,,,0.10371597516788018,0.014772501222192947,0.0888092687487358,0.08880926874873582,,,,
ghost_s912113_b4,ghost_s912113_b4,/srv/slam-research/grf/map-denoise/runs/multiscan-pilot-v1/repair-v2-oyuie4pl/synthetics/identifiable/ghost_s912113_b4.json,node_intercepts,development,full,ghost_monolayer,0.0,4.0,912113,768,8,1.0,True,0.1957120169972768,True,True,,,self-report; not geometry-derived layer count or success,4.128785973068443,7.3633859026053505,1.0,/srv/slam-research/grf/map-denoise/runs/multiscan-pilot-v1/exploration-v5-development-vdbkdouk/outputs/ghost_s912113_b4__node_intercepts.npz,13b3ab8c81e2e7d12463a913a3cbd8f4d412947588909c9af0841c4f2c568aab,0.13730770455680405,0.1674235867715332,0.3090732912917035,1.0,1.0,0.1382651274083259,1.0,0.1678133102902834,0.13730770455680405,0.16677055378261127,,,,0.16716179979916193,0.014772941429784418,0.08880519292212079,0.08880519292212077,,,,
ghost_s912113_b4,ghost_s912113_b4,/srv/slam-research/grf/map-denoise/runs/multiscan-pilot-v1/repair-v2-oyuie4pl/synthetics/identifiable/ghost_s912113_b4.json,official_gicp,development,full,ghost_monolayer,0.0,4.0,912113,768,8,1.0,True,0.02037658100016415,True,True,,,self-report; not geometry-derived layer count or success,18.216120117532107,35.374122881262366,1.0,/srv/slam-research/grf/map-denoise/runs/multiscan-pilot-v1/exploration-v5-development-vdbkdouk/outputs/ghost_s912113_b4__official_gicp.npz,1622da058a318caad3117f1f14726495f4419c34a89af78840b8bde020194cac,1.4118986622557335,2.9749559030424533,4.9933327136791235,0.08463541666666667,0.4036458333333333,2.385645531392903,1.0,17.810299949672093,0.8434841719218764,1.050247124308635,,,,17.810293834736026,0.014758646740639219,0.09401513269882332,0.09401513269882332,,,,
ghost_s912127_b0,ghost_s912127_b0,/srv/slam-research/grf/map-denoise/runs/multiscan-pilot-v1/repair-v2-oyuie4pl/synthetics/identifiable/ghost_s912127_b0.json,identity,development,full,ghost_monolayer,0.0,0.0,912127,768,8,1.0,True,1.667899778112769e-05,True,True,,,self-report; not geometry-derived layer count or success,0.0,0.0,0.0,/srv/slam-research/grf/map-denoise/runs/multiscan-pilot-v1/exploration-v5-development-vdbkdouk/outputs/ghost_s912127_b0__identity.npz,49fc74d16909e9e6fe41da808c9fa58bfb7928c294a1968a96d12da0fcdbe703,0.816710983340584,1.0013422368483909,1.8960412591174913,0.70703125,0.97265625,0.7688303802256918,1.0,1.0013422368483906,0.816710983340584,1.0011601425797874,,,,1.0011601425797874,0.019095659353858548,0.04214057121494378,0.04214057121494378,,,,
ghost_s912127_b0,ghost_s912127_b0,/srv/slam-research/grf/map-denoise/runs/multiscan-pilot-v1/repair-v2-oyuie4pl/synthetics/identifiable/ghost_s912127_b0.json,fast,development,full,ghost_monolayer,0.0,0.0,912127,768,8,1.0,True,0.010329065000405535,True,True,,1,self-report; not geometry-derived layer count or success,1.0009684233045184,1.9359379830457513,1.0,/srv/slam-research/grf/map-denoise/runs/multiscan-pilot-v1/exploration-v5-development-vdbkdouk/outputs/ghost_s912127_b0__fast.npz,ef0887b3c7ce22ca5ddc8ce22b26b865eccd4af0d1d41c6d41fdfe3c03d6646a,0.02240634389991089,0.027368492815961813,0.05122348540719522,1.0,1.0,0.022444522770556318,1.0,0.027378421324644558,0.02240634389991089,0.0196058713873867,,,,0.01961972854223899,0.019095659353858544,0.04220113453337734,0.04220113453337733,,,,
ghost_s912127_b0,ghost_s912127_b0,/srv/slam-research/grf/map-denoise/runs/multiscan-pilot-v1/repair-v2-oyuie4pl/synthetics/identifiable/ghost_s912127_b0.json,open3d_icp_then_xyz,development,full,ghost_monolayer,0.0,0.0,912127,768,8,1.0,True,0.02680251900164876,True,True,,1,self-report; not geometry-derived layer count or success,4.135897394702751,7.662003971779565,1.0,/srv/slam-research/grf/map-denoise/runs/multiscan-pilot-v1/exploration-v5-development-vdbkdouk/outputs/ghost_s912127_b0__open3d_icp_then_xyz.npz,52e731c748cdbd25708e0499cba8cb879d2604ba5058fc562cdcfd8bbaf321d1,0.04084963569269064,0.2411179056220621,0.054221490693899636,0.2903645833333333,0.7356770833333334,1.5832862958193736,1.0,4.0130171024130785,0.02248535266994689,0.019865763576980906,,,,4.012971669480574,0.019095659353858693,0.04220113453337734,0.04220113453337733,,,,
ghost_s912127_b0,ghost_s912127_b0,/srv/slam-research/grf/map-denoise/runs/multiscan-pilot-v1/repair-v2-oyuie4pl/synthetics/identifiable/ghost_s912127_b0.json,graph_shared,development,full,ghost_monolayer,0.0,0.0,912127,768,8,1.0,True,0.10001308200298809,True,True,,,self-report; not geometry-derived layer count or success,0.9773560143179101,1.8707866994128266,1.0,/srv/slam-research/grf/map-denoise/runs/multiscan-pilot-v1/exploration-v5-development-vdbkdouk/outputs/ghost_s912127_b0__graph_shared.npz,71b64b99cce227b15c95c9514bf338d7d4613efedd3ad3bbf4b063f95f458b1b,0.16015505009805353,0.20960728621720498,0.41265669729799526,1.0,1.0,0.16023803432501932,1.0,0.20962538528917368,0.16015505009805353,0.20877092806876968,,,,0.20878909963832518,0.018705989143908586,0.0364420180319033,0.0364420180319033,,,,
ghost_s912127_b0,ghost_s912127_b0,/srv/slam-research/grf/map-denoise/runs/multiscan-pilot-v1/repair-v2-oyuie4pl/synthetics/identifiable/ghost_s912127_b0.json,pool_independent,development,full,ghost_monolayer,0.0,0.0,912127,768,8,1.0,True,0.12215281199314632,True,True,,,self-report; not geometry-derived layer count or success,0.9773383068085314,1.875440249585854,1.0,/srv/slam-research/grf/map-denoise/runs/multiscan-pilot-v1/exploration-v5-development-vdbkdouk/outputs/ghost_s912127_b0__pool_independent.npz,dc3968bcaa91716af88cbd003f0a166a217b5438625bea182a26b2ea75536c5b,0.16499364561049812,0.21604784417567444,0.4248512821188386,1.0,1.0,0.16507938080309806,1.0,0.21606540310819558,0.16499364561049812,0.2152365447759037,,,,0.2152541698857697,0.018705634634923668,0.03702713886535758,0.03702713886535758,,,,
ghost_s912127_b0,ghost_s912127_b0,/srv/slam-research/grf/map-denoise/runs/multiscan-pilot-v1/repair-v2-oyuie4pl/synthetics/identifiable/ghost_s912127_b0.json,pool_compatible,development,full,ghost_monolayer,0.0,0.0,912127,768,8,1.0,True,0.14749387600750197,True,True,,,self-report; not geometry-derived layer count or success,0.9931081163210606,1.8881887977703524,1.0,/srv/slam-research/grf/map-denoise/runs/multiscan-pilot-v1/exploration-v5-development-vdbkdouk/outputs/ghost_s912127_b0__pool_compatible.npz,664a036aec12f7657d86f8250e648b44ec02b1742ac0842709fdbddf64a031f8,0.044758439920901595,0.12685699824799565,0.324729767643575,1.0,1.0,0.045245567698151475,1.0,0.12688787286917716,0.044758439920901595,0.12547030421021965,,,,0.12550151996756537,0.01870563463492374,0.037020498345781375,0.037020498345781375,,,,
ghost_s912127_b0,ghost_s912127_b0,/srv/slam-research/grf/map-denoise/runs/multiscan-pilot-v1/repair-v2-oyuie4pl/synthetics/identifiable/ghost_s912127_b0.json,shared_group_slope,development,full,ghost_monolayer,0.0,0.0,912127,768,8,1.0,True,0.14799120399402454,True,True,,,self-report; not geometry-derived layer count or success,1.0004856608532482,1.942157510712329,1.0,/srv/slam-research/grf/map-denoise/runs/multiscan-pilot-v1/exploration-v5-development-vdbkdouk/outputs/ghost_s912127_b0__shared_group_slope.npz,36273363bdab018f9ebb25dcd03ea739a9b13b991032fa08dcd2bbe6e2ff5f44,0.019273977363575938,0.04094249342050776,0.1264549038915055,1.0,1.0,0.01991023180370137,1.0,0.04103947945887604,0.019273977363575938,0.03641235531393344,,,,0.036521373538692496,0.018719726202666504,0.03707127739973891,0.03707127739973891,,,,
ghost_s912127_b0,ghost_s912127_b0,/srv/slam-research/grf/map-denoise/runs/multiscan-pilot-v1/repair-v2-oyuie4pl/synthetics/identifiable/ghost_s912127_b0.json,node_intercepts,development,full,ghost_monolayer,0.0,0.0,912127,768,8,1.0,True,0.14782064998871647,True,True,,,self-report; not geometry-derived layer count or success,0.9903704684308379,1.9023864857137291,1.0,/srv/slam-research/grf/map-denoise/runs/multiscan-pilot-v1/exploration-v5-development-vdbkdouk/outputs/ghost_s912127_b0__node_intercepts.npz,1d160712202a171b30e61a64db50138c2941642e5df548053a2b88b1d0feabfb,0.09052840371438324,0.14526408503169153,0.3247297676435751,1.0,1.0,0.09069504070070365,1.0,0.1452908997278876,0.09052840371438324,0.1440546897334745,,,,0.14408172950323658,0.018705634634923793,0.0370215859099048,0.0370215859099048,,,,
ghost_s912127_b0,ghost_s912127_b0,/srv/slam-research/grf/map-denoise/runs/multiscan-pilot-v1/repair-v2-oyuie4pl/synthetics/identifiable/ghost_s912127_b0.json,official_gicp,development,full,ghost_monolayer,0.0,0.0,912127,768,8,1.0,True,0.02351449900015723,True,True,,,self-report; not geometry-derived layer count or success,16.535698649589975,31.551107258035017,1.0,/srv/slam-research/grf/map-denoise/runs/multiscan-pilot-v1/exploration-v5-development-vdbkdouk/outputs/ghost_s912127_b0__official_gicp.npz,49bee357859cad0770c1fdc1fa159d9b7beaa082dbbe2a126af8ff9f8cc713e4,1.4360681413681984,2.8334837575719467,6.016656895368745,0.08203125,0.4322916666666667,2.3421189187493083,1.0,16.563810997041553,0.8484414966868551,1.0473118928664185,,,,16.56379998978219,0.01909565935385866,0.3576268645761845,0.3576268645761845,,,,
ghost_s912127_b4,ghost_s912127_b4,/srv/slam-research/grf/map-denoise/runs/multiscan-pilot-v1/repair-v2-oyuie4pl/synthetics/identifiable/ghost_s912127_b4.json,identity,development,full,ghost_monolayer,0.0,4.0,912127,768,8,1.0,True,1.541900564916432e-05,True,True,,,self-report; not geometry-derived layer count or success,0.0,0.0,0.0,/srv/slam-research/grf/map-denoise/runs/multiscan-pilot-v1/exploration-v5-development-vdbkdouk/outputs/ghost_s912127_b4__identity.npz,db3ef6b9a4e6da466c085f298ea45ea7148339f9b57135886383654e0b956ff2,3.491369402780888,4.090981746927633,6.68751303896238,0.18880208333333334,0.44140625,2.330200510391256,1.0,4.090981746927632,3.491369402780888,4.090937179851202,,,,4.090937179851202,0.019095659353859127,0.5213677463601666,0.5213677463601666,,,,
ghost_s912127_b4,ghost_s912127_b4,/srv/slam-research/grf/map-denoise/runs/multiscan-pilot-v1/repair-v2-oyuie4pl/synthetics/identifiable/ghost_s912127_b4.json,fast,development,full,ghost_monolayer,0.0,4.0,912127,768,8,1.0,True,0.01037386000098195,True,True,,1,self-report; not geometry-derived layer count or success,4.083598520543217,6.779655228913199,1.0,/srv/slam-research/grf/map-denoise/runs/multiscan-pilot-v1/exploration-v5-development-vdbkdouk/outputs/ghost_s912127_b4__fast.npz,3a59ea2ca22273244171fb71de8911c01b3f1e772c920135942758f0cf461c49,0.21627530970029518,0.24860414410144124,0.408014398407939,1.0,1.0,0.22170531584871653,1.0,0.2515020163269315,0.21627530970029518,0.2478696759554334,,,,0.25077603555833144,0.01909565935385839,0.5341418468783238,0.5341418468783238,,,,
ghost_s912127_b4,ghost_s912127_b4,/srv/slam-research/grf/map-denoise/runs/multiscan-pilot-v1/repair-v2-oyuie4pl/synthetics/identifiable/ghost_s912127_b4.json,open3d_icp_then_xyz,development,full,ghost_monolayer,0.0,4.0,912127,768,8,1.0,True,0.026644119003321975,True,True,,1,self-report; not geometry-derived layer count or success,5.627911591179533,8.43060495222504,1.0,/srv/slam-research/grf/map-denoise/runs/multiscan-pilot-v1/exploration-v5-development-vdbkdouk/outputs/ghost_s912127_b4__open3d_icp_then_xyz.npz,330621044c9570e642917a4bc31037a0cc48efde676b4228df31e4b8dcbd7122,0.22276853352657988,0.27999216022432005,0.41282412259817136,0.2578125,0.6419270833333334,1.6859833166196225,1.0,3.864607884242041,0.215720352555321,0.2481709502232382,,,,3.8645607065667353,0.019095659353861334,0.5341418468783237,0.5341418468783237,,,,
ghost_s912127_b4,ghost_s912127_b4,/srv/slam-research/grf/map-denoise/runs/multiscan-pilot-v1/repair-v2-oyuie4pl/synthetics/identifiable/ghost_s912127_b4.json,graph_shared,development,full,ghost_monolayer,0.0,4.0,912127,768,8,1.0,True,0.14714683999773115,True,True,,,self-report; not geometry-derived layer count or success,4.087297503463586,6.640904630751789,1.0,/srv/slam-research/grf/map-denoise/runs/multiscan-pilot-v1/exploration-v5-development-vdbkdouk/outputs/ghost_s912127_b4__graph_shared.npz,8a3673a6fb5066745def5fdac34e21fbc971938b4153ff3d18097a798118ec10,0.16018778487064814,0.20964153790672246,0.4127581462932518,1.0,1.0,0.16128912883404536,1.0,0.2099577973895364,0.16018778487064814,0.20880534784497484,,,,0.20912287191080398,0.01870564429371797,0.03643159255027604,0.03643159255027604,,,,
ghost_s912127_b4,ghost_s912127_b4,/srv/slam-research/grf/map-denoise/runs/multiscan-pilot-v1/repair-v2-oyuie4pl/synthetics/identifiable/ghost_s912127_b4.json,pool_independent,development,full,ghost_monolayer,0.0,4.0,912127,768,8,1.0,True,0.18339313700562343,True,True,,,self-report; not geometry-derived layer count or success,4.0873205245578985,6.633401555425137,1.0,/srv/slam-research/grf/map-denoise/runs/multiscan-pilot-v1/exploration-v5-development-vdbkdouk/outputs/ghost_s912127_b4__pool_independent.npz,ffcd4c08c650c00cda7c1eeb8e15d9f6c5b939b125a4259807b4a928af74de25,0.1650281303725879,0.21608616852894233,0.4248156317761868,1.0,1.0,0.16610271147209907,1.0,0.2163930128103587,0.1650281303725879,0.21527504359932084,,,,0.21558304237370943,0.01870528893226394,0.03701802131789444,0.03701802131789444,,,,
ghost_s912127_b4,ghost_s912127_b4,/srv/slam-research/grf/map-denoise/runs/multiscan-pilot-v1/repair-v2-oyuie4pl/synthetics/identifiable/ghost_s912127_b4.json,pool_compatible,development,full,ghost_monolayer,0.0,4.0,912127,768,8,1.0,True,0.1941522109991638,True,True,,,self-report; not geometry-derived layer count or success,4.0866173580857525,6.6804392366467855,1.0,/srv/slam-research/grf/map-denoise/runs/multiscan-pilot-v1/exploration-v5-development-vdbkdouk/outputs/ghost_s912127_b4__pool_compatible.npz,3d9cf80f5c2daedc41eab54258c225d0a951a43087d908b47c37bb5aaa8c0965,0.04475279271385241,0.12684967778373898,0.32479705378918766,1.0,1.0,0.049347373683557134,1.0,0.12737149940912734,0.04475279271385241,0.1254629543770169,,,,0.12599051959449112,0.018705288932264006,0.03701137673601327,0.03701137673601327,,,,
ghost_s912127_b4,ghost_s912127_b4,/srv/slam-research/grf/map-denoise/runs/multiscan-pilot-v1/repair-v2-oyuie4pl/synthetics/identifiable/ghost_s912127_b4.json,shared_group_slope,development,full,ghost_monolayer,0.0,4.0,912127,768,8,1.0,True,0.19333533800090663,True,True,,,self-report; not geometry-derived layer count or success,4.093110772670527,6.679672278522982,1.0,/srv/slam-research/grf/map-denoise/runs/multiscan-pilot-v1/exploration-v5-development-vdbkdouk/outputs/ghost_s912127_b4__shared_group_slope.npz,d74dfd2fe17152e166e9cf2f5d9aa3fc2502cfb459ad36ee6ca045c71e3c463d,0.019273737227006208,0.04094470565254293,0.12645786587225535,1.0,1.0,0.024725660161795084,1.0,0.04253879331799145,0.019273737227006208,0.036415002508264106,,,,0.03819859189197717,0.01871941544015116,0.037062304624158875,0.037062304624158875,,,,
ghost_s912127_b4,ghost_s912127_b4,/srv/slam-research/grf/map-denoise/runs/multiscan-pilot-v1/repair-v2-oyuie4pl/synthetics/identifiable/ghost_s912127_b4.json,node_intercepts,development,full,ghost_monolayer,0.0,4.0,912127,768,8,1.0,True,0.19475608300126623,True,True,,,self-report; not geometry-derived layer count or success,4.085930607700656,6.686018669223944,1.0,/srv/slam-research/grf/map-denoise/runs/multiscan-pilot-v1/exploration-v5-development-vdbkdouk/outputs/ghost_s912127_b4__node_intercepts.npz,21fbb1ff73328673c3b03d96d31c52bc57e2ce1502041b8e097dd1ca0606bd59,0.09052480165445852,0.14525686677907296,0.3247970537891856,1.0,1.0,0.09236231215943184,1.0,0.14571263113432587,0.09052480165445852,0.14404745576942476,,,,0.14450703456250372,0.018705288932263718,0.03701246425840827,0.03701246425840827,,,,
ghost_s912127_b4,ghost_s912127_b4,/srv/slam-research/grf/map-denoise/runs/multiscan-pilot-v1/repair-v2-oyuie4pl/synthetics/identifiable/ghost_s912127_b4.json,official_gicp,development,full,ghost_monolayer,0.0,4.0,912127,768,8,1.0,True,0.021591459997580387,True,True,,,self-report; not geometry-derived layer count or success,13.425538178896078,24.11296899530814,1.0,/srv/slam-research/grf/map-denoise/runs/multiscan-pilot-v1/exploration-v5-development-vdbkdouk/outputs/ghost_s912127_b4__official_gicp.npz,91e26e7d940277214c2352b41a319851738aa1fac57a5f3e265105183d16a8d5,1.214549562627879,2.2487000703232454,3.3193062214770217,0.08203125,0.45703125,2.2541764421947925,1.0,12.880236971475565,0.828797036278888,1.02337564704715,,,,12.880222816285434,0.01909565935386336,0.2721685379211985,0.2721685379211985,,,,
dual_g2_s912101_b4__density,dual_g2_s912101_b4,/srv/slam-research/grf/map-denoise/runs/multiscan-pilot-v1/repair-v2-oyuie4pl/synthetics/identifiable/dual_g2_s912101_b4.json,identity,development,density,true_bilayer,2.0,4.0,912101,480,8,1.0,True,1.4508012100122869e-05,True,True,,,self-report; not geometry-derived layer count or success,0.0,0.0,0.0,/srv/slam-research/grf/map-denoise/runs/multiscan-pilot-v1/exploration-v5-development-vdbkdouk/outputs/dual_g2_s912101_b4__density__identity.npz,0d793c1b0f64f2de2e36e4493f22e4d8d49fee420322360e3ea209adad217bd7,3.512105539054235,3.948191091842068,6.63540377947796,0.0375,0.15,3.105100193386385,1.0,4.145559955353806,3.799814678025409,3.9352960153153824,4.689917375215401,2.6899173752154013,2.3449586876077007,4.145167244221618,0.05706015128978539,2.3157453574408486,3.122277195922653,4.112669300827065,2.112669300827065,"GT source-group affine fits evaluated at x=y=0; may extrapolate, not physical layer count",
dual_g2_s912101_b4__density,dual_g2_s912101_b4,/srv/slam-research/grf/map-denoise/runs/multiscan-pilot-v1/repair-v2-oyuie4pl/synthetics/identifiable/dual_g2_s912101_b4.json,fast,development,density,true_bilayer,2.0,4.0,912101,480,8,1.0,True,0.0064439379930263385,True,True,,2,self-report; not geometry-derived layer count or success,4.1448494399282945,6.4346653605495705,1.0,/srv/slam-research/grf/map-denoise/runs/multiscan-pilot-v1/exploration-v5-development-vdbkdouk/outputs/dual_g2_s912101_b4__density__fast.npz,31680513e2cdace96a550d3284e462f8b990d1cb23f0845f66fa8ae6dd311948,0.9115867689133057,1.2200641346587644,2.6988287740054115,0.6041666666666666,0.9104166666666667,0.9847685971130048,1.0,1.3277228888206103,0.9767365839856532,1.2385401246070094,2.783166263384259,0.7831662633842589,1.3915831316921294,1.3264962150842852,0.05706015128978558,1.8392650301786413,2.8446930456824413,0.4592729151547328,1.5407270848452672,"GT source-group affine fits evaluated at x=y=0; may extrapolate, not physical layer count",
dual_g2_s912101_b4__density,dual_g2_s912101_b4,/srv/slam-research/grf/map-denoise/runs/multiscan-pilot-v1/repair-v2-oyuie4pl/synthetics/identifiable/dual_g2_s912101_b4.json,open3d_icp_then_xyz,development,density,true_bilayer,2.0,4.0,912101,480,8,1.0,True,0.014135781995719299,True,True,,2,self-report; not geometry-derived layer count or success,6.357100874904629,9.408340066955896,1.0,/srv/slam-research/grf/map-denoise/runs/multiscan-pilot-v1/exploration-v5-development-vdbkdouk/outputs/dual_g2_s912101_b4__density__open3d_icp_then_xyz.npz,6398920fe3ec9862106567c5b0b440ff35a28fb9b67ba30b95eca4e557d51024,0.6703055214516833,0.8442413611982973,1.5954691152497305,0.07708333333333334,0.3854166666666667,2.4252419388989304,1.0,4.993922203986346,0.7150868256718611,0.8770989509215398,2.4657645277894167,0.4657645277894167,1.2328822638947083,4.993596204951725,0.057060681380124496,1.4486532252682183,2.3496866503737817,0.6742485245559608,1.3257514754440392,"GT source-group affine fits evaluated at x=y=0; may extrapolate, not physical layer count",
dual_g2_s912101_b4__density,dual_g2_s912101_b4,/srv/slam-research/grf/map-denoise/runs/multiscan-pilot-v1/repair-v2-oyuie4pl/synthetics/identifiable/dual_g2_s912101_b4.json,graph_shared,development,density,true_bilayer,2.0,4.0,912101,480,8,1.0,True,0.09309479199873749,True,True,,,self-report; not geometry-derived layer count or success,4.170767229792679,6.678754180802821,1.0,/srv/slam-research/grf/map-denoise/runs/multiscan-pilot-v1/exploration-v5-development-vdbkdouk/outputs/dual_g2_s912101_b4__density__graph_shared.npz,09b0c7103eb135ee3877261e672e40aa82b07e6fa1323c00bc800dcf9c11d9ed,0.23691406958716346,0.3300929051660495,0.6905663613430875,0.96875,1.0,0.26341396059210387,1.0,0.3562362201085095,0.24259296106315104,0.29887602714576267,1.6532983965775037,0.34670160342249634,0.8266491982887518,0.35142283762671367,0.05836294810568546,0.3551486734298778,0.44193211136603117,1.3593931998076785,0.6406068001923215,"GT source-group affine fits evaluated at x=y=0; may extrapolate, not physical layer count",
dual_g2_s912101_b4__density,dual_g2_s912101_b4,/srv/slam-research/grf/map-denoise/runs/multiscan-pilot-v1/repair-v2-oyuie4pl/synthetics/identifiable/dual_g2_s912101_b4.json,pool_independent,development,density,true_bilayer,2.0,4.0,912101,480,8,1.0,True,0.10675204900326207,True,True,,,self-report; not geometry-derived layer count or success,4.170497086682094,6.682953570843176,1.0,/srv/slam-research/grf/map-denoise/runs/multiscan-pilot-v1/exploration-v5-development-vdbkdouk/outputs/dual_g2_s912101_b4__density__pool_independent.npz,09908a1f6da32f3e8f2bb8c6e7e488b8cd9e44fc460f4bea31313edd43bd9482,0.23991796340378635,0.3331426303868959,0.6953033495425672,0.96875,1.0,0.2661068413432535,1.0,0.3590202914049706,0.2455813309212414,0.30237819689405365,1.6539749669463817,0.3460250330536183,0.8269874834731908,0.3542458378916625,0.058356284811012536,0.3375355787314483,0.43928862037172234,1.38856909858751,0.6114309014124899,"GT source-group affine fits evaluated at x=y=0; may extrapolate, not physical layer count",
dual_g2_s912101_b4__density,dual_g2_s912101_b4,/srv/slam-research/grf/map-denoise/runs/multiscan-pilot-v1/repair-v2-oyuie4pl/synthetics/identifiable/dual_g2_s912101_b4.json,pool_compatible,development,density,true_bilayer,2.0,4.0,912101,480,8,1.0,True,0.12160928499361034,True,True,,,self-report; not geometry-derived layer count or success,4.188420521045798,6.766782974929238,1.0,/srv/slam-research/grf/map-denoise/runs/multiscan-pilot-v1/exploration-v5-development-vdbkdouk/outputs/dual_g2_s912101_b4__density__pool_compatible.npz,509dcd7f778a6813a2c8cb539ad57b535dbb4d7488bcc909ce942f2336a360d2,0.2184773632881808,0.3221171446309478,0.40350405306199616,0.96875,1.0,0.25046936549627946,1.0,0.36362115081079394,0.22845838001314628,0.2959075455957223,1.6125553762033284,0.38744462379667155,0.8062776881016642,0.3588743105819104,0.05856253513403101,0.44775605327325363,0.5013571320838386,1.2011745107251919,0.7988254892748081,"GT source-group affine fits evaluated at x=y=0; may extrapolate, not physical layer count",
dual_g2_s912101_b4__density,dual_g2_s912101_b4,/srv/slam-research/grf/map-denoise/runs/multiscan-pilot-v1/repair-v2-oyuie4pl/synthetics/identifiable/dual_g2_s912101_b4.json,shared_group_slope,development,density,true_bilayer,2.0,4.0,912101,480,8,1.0,True,0.12061507400358096,True,True,,,self-report; not geometry-derived layer count or success,4.201720772402908,6.756774156910934,1.0,/srv/slam-research/grf/map-denoise/runs/multiscan-pilot-v1/exploration-v5-development-vdbkdouk/outputs/dual_g2_s912101_b4__density__shared_group_slope.npz,4fa768cfe6c1ffa37a79e615162a17ace20bf6ddceb120f97275465a9c0e89a4,0.19131341299525417,0.30438818521578354,0.3096632108911085,0.96875,1.0,0.2259129103529899,1.0,0.35326246453393184,0.20271688073740565,0.2796045968329278,1.602117523824611,0.39788247617538897,0.8010587619123055,0.3483789474648393,0.05853612399090199,0.6714448139052239,1.1843885134510497,0.6948211403153948,1.3051788596846052,"GT source-group affine fits evaluated at x=y=0; may extrapolate, not physical layer count",
dual_g2_s912101_b4__density,dual_g2_s912101_b4,/srv/slam-research/grf/map-denoise/runs/multiscan-pilot-v1/repair-v2-oyuie4pl/synthetics/identifiable/dual_g2_s912101_b4.json,node_intercepts,development,density,true_bilayer,2.0,4.0,912101,480,8,1.0,True,0.12225217498780694,True,True,,,self-report; not geometry-derived layer count or success,4.184155795685554,6.759845786235065,1.0,/srv/slam-research/grf/map-denoise/runs/multiscan-pilot-v1/exploration-v5-development-vdbkdouk/outputs/dual_g2_s912101_b4__density__node_intercepts.npz,354df1ba627c0f5c0863b5e2feec94bf198dacf54135af5e2e739260ebd3ba73,0.22405968390752015,0.3197424620384807,0.44955932482321315,0.96875,1.0,0.2536341131192953,1.0,0.35505444963110105,0.2322282611011405,0.29010929376522704,1.6279599569913854,0.3720400430086146,0.8139799784956927,0.35019781529844335,0.058524801264433504,0.4067353340542051,0.477313356099252,1.270670993578729,0.729329006421271,"GT source-group affine fits evaluated at x=y=0; may extrapolate, not physical layer count",
dual_g2_s912101_b4__density,dual_g2_s912101_b4,/srv/slam-research/grf/map-denoise/runs/multiscan-pilot-v1/repair-v2-oyuie4pl/synthetics/identifiable/dual_g2_s912101_b4.json,official_gicp,development,density,true_bilayer,2.0,4.0,912101,480,8,1.0,True,0.01271121900936123,True,True,,,self-report; not geometry-derived layer count or success,12.817975250559757,22.527184685740554,1.0,/srv/slam-research/grf/map-denoise/runs/multiscan-pilot-v1/exploration-v5-development-vdbkdouk/outputs/dual_g2_s912101_b4__density__official_gicp.npz,e81438401447b49025bc3fa3a35b826be3ffa7635cba525f7deae0f4dc5e9e3e,1.0998147216220537,1.9078876369985986,2.863045445303381,0.07708333333333334,0.36666666666666664,2.529491485380355,1.0,12.244757251360982,0.8969885968316559,1.1249413224789047,1.5826455665207244,0.4173544334792756,0.7913227832603622,12.244624301459481,0.05706015128978554,0.2871330311168736,0.3413601936183038,1.6104396861068617,0.3895603138931383,"GT source-group affine fits evaluated at x=y=0; may extrapolate, not physical layer count",
dual_g2_s912101_b4__partial_overlap,dual_g2_s912101_b4,/srv/slam-research/grf/map-denoise/runs/multiscan-pilot-v1/repair-v2-oyuie4pl/synthetics/identifiable/dual_g2_s912101_b4.json,identity,development,partial_overlap,true_bilayer,2.0,4.0,912101,536,8,1.0,True,1.5837998944334686e-05,True,True,,,self-report; not geometry-derived layer count or success,0.0,0.0,0.0,/srv/slam-research/grf/map-denoise/runs/multiscan-pilot-v1/exploration-v5-development-vdbkdouk/outputs/dual_g2_s912101_b4__partial_overlap__identity.npz,8ca586babdbd81512eb0aef2666acec559d64c3a06d7b7f3c4a56e730c84d9d9,3.408032276114633,3.8604042840119837,6.525981074201832,0.04291044776119403,0.1623134328358209,3.068232442861637,1.0,4.1494932104263675,3.8054150414558388,3.9403454245950646,4.766803509506012,2.766803509506012,2.383401754753006,4.149047278069217,0.06083245614763102,3.4134896003102138,3.7178850274434794,2.140316263867241,0.14031626386724083,"GT source-group affine fits evaluated at x=y=0; may extrapolate, not physical layer count",
dual_g2_s912101_b4__partial_overlap,dual_g2_s912101_b4,/srv/slam-research/grf/map-denoise/runs/multiscan-pilot-v1/repair-v2-oyuie4pl/synthetics/identifiable/dual_g2_s912101_b4.json,fast,development,partial_overlap,true_bilayer,2.0,4.0,912101,536,8,1.0,True,0.005552806003834121,True,True,,2,self-report; not geometry-derived layer count or success,3.2980222526403433,5.320370407818315,1.0,/srv/slam-research/grf/map-denoise/runs/multiscan-pilot-v1/exploration-v5-development-vdbkdouk/outputs/dual_g2_s912101_b4__partial_overlap__fast.npz,8d8cefb9258a746a0cd9d0cb76e773d867680b5c91e0f529c06d06e67013220a,1.2916445250214572,1.6583519386022187,3.5193167752585794,0.3582089552238806,0.7761194029850746,1.3986741622141592,1.0,1.8418983252475734,1.485485546894928,1.6619672257091318,3.5810512054968777,1.5810512054968777,1.7905256027484389,1.8408934930703793,0.060832456147631234,2.69763496037012,3.2537341687081054,0.95674386790187,1.04325613209813,"GT source-group affine fits evaluated at x=y=0; may extrapolate, not physical layer count",
dual_g2_s912101_b4__partial_overlap,dual_g2_s912101_b4,/srv/slam-research/grf/map-denoise/runs/multiscan-pilot-v1/repair-v2-oyuie4pl/synthetics/identifiable/dual_g2_s912101_b4.json,open3d_icp_then_xyz,development,partial_overlap,true_bilayer,2.0,4.0,912101,536,8,1.0,True,0.01843009499134496,True,True,,2,self-report; not geometry-derived layer count or success,15.720300633167446,21.508793562838758,1.0,/srv/slam-research/grf/map-denoise/runs/multiscan-pilot-v1/exploration-v5-development-vdbkdouk/outputs/dual_g2_s912101_b4__partial_overlap__open3d_icp_then_xyz.npz,1d2cfee5bd6dca592e3b2ada6de9e59f06a35da9f8af3641053cf0f1e11bddeb,0.6708580127932665,0.8443865470903509,1.6088120154783239,0.06902985074626866,0.3582089552238806,3.4584832113718402,1.0,15.155910188042423,0.8373375796138506,1.0440586907947647,2.060712165537688,0.0607121655376881,1.030356082768844,15.15578807012567,0.0608407876725163,2.268471396267438,2.3191547034077122,0.7264536759799659,1.273546324020034,"GT source-group affine fits evaluated at x=y=0; may extrapolate, not physical layer count",
dual_g2_s912101_b4__partial_overlap,dual_g2_s912101_b4,/srv/slam-research/grf/map-denoise/runs/multiscan-pilot-v1/repair-v2-oyuie4pl/synthetics/identifiable/dual_g2_s912101_b4.json,graph_shared,development,partial_overlap,true_bilayer,2.0,4.0,912101,536,8,1.0,True,0.09513996800524183,True,True,,,self-report; not geometry-derived layer count or success,4.144721981156539,6.717486180914037,1.0,/srv/slam-research/grf/map-denoise/runs/multiscan-pilot-v1/exploration-v5-development-vdbkdouk/outputs/dual_g2_s912101_b4__partial_overlap__graph_shared.npz,f374bf013972351f1b504f6e36fedb73a70b35848a37797e07c6793cf7f959b0,0.2679844547476733,0.38223612597973833,0.8272717377229634,0.9496268656716418,1.0,0.2917524924532936,1.0,0.40477988651594315,0.2739442586684102,0.3493920000836562,1.6136603778434213,0.3863396221565787,0.8068301889217107,0.3998852175530062,0.06275802188122837,0.5634944493380607,0.5915899976882559,1.1247405820891112,0.8752594179108888,"GT source-group affine fits evaluated at x=y=0; may extrapolate, not physical layer count",
dual_g2_s912101_b4__partial_overlap,dual_g2_s912101_b4,/srv/slam-research/grf/map-denoise/runs/multiscan-pilot-v1/repair-v2-oyuie4pl/synthetics/identifiable/dual_g2_s912101_b4.json,pool_independent,development,partial_overlap,true_bilayer,2.0,4.0,912101,536,8,1.0,True,0.11322394499438815,True,True,,,self-report; not geometry-derived layer count or success,4.144962399012889,6.711136911205366,1.0,/srv/slam-research/grf/map-denoise/runs/multiscan-pilot-v1/exploration-v5-development-vdbkdouk/outputs/dual_g2_s912101_b4__partial_overlap__pool_independent.npz,816c8c3d59da72221485f7394dff59a6e9ffe011ceb2c83cc34720364c510347,0.2714700664777221,0.38494493763217424,0.8358510964184072,0.9496268656716418,1.0,0.29516125356795914,1.0,0.4071268732860932,0.27732006503744905,0.35236353190419506,1.6151464542821603,0.3848535457178397,0.8075732271410802,0.40226119564741697,0.06275525020283997,0.5507917200371304,0.5553361332595284,1.1518667543181622,0.8481332456818378,"GT source-group affine fits evaluated at x=y=0; may extrapolate, not physical layer count",
dual_g2_s912101_b4__partial_overlap,dual_g2_s912101_b4,/srv/slam-research/grf/map-denoise/runs/multiscan-pilot-v1/repair-v2-oyuie4pl/synthetics/identifiable/dual_g2_s912101_b4.json,pool_compatible,development,partial_overlap,true_bilayer,2.0,4.0,912101,536,8,1.0,True,0.13137289599399082,True,True,,,self-report; not geometry-derived layer count or success,4.144197986366933,6.657844918098578,1.0,/srv/slam-research/grf/map-denoise/runs/multiscan-pilot-v1/exploration-v5-development-vdbkdouk/outputs/dual_g2_s912101_b4__partial_overlap__pool_compatible.npz,cbe29c2083112160d7d089a6f2c8bdd5c6fd1b0d6963230bbcb4971b18a6a26f,0.2566721513274739,0.3763701043517387,0.8358510964184072,0.9496268656716418,1.0,0.2818191540638976,1.0,0.40423482669314725,0.26415573945326976,0.3454400622962565,1.6007665387956789,0.3992334612043211,0.8003832693978394,0.39933395653221343,0.06275497009773039,0.5840578990940225,0.6152989362698933,1.0979571529802203,0.9020428470197797,"GT source-group affine fits evaluated at x=y=0; may extrapolate, not physical layer count",
dual_g2_s912101_b4__partial_overlap,dual_g2_s912101_b4,/srv/slam-research/grf/map-denoise/runs/multiscan-pilot-v1/repair-v2-oyuie4pl/synthetics/identifiable/dual_g2_s912101_b4.json,shared_group_slope,development,partial_overlap,true_bilayer,2.0,4.0,912101,536,8,1.0,True,0.1313136140088318,True,True,,,self-report; not geometry-derived layer count or success,4.156874340822398,6.724366694238083,1.0,/srv/slam-research/grf/map-denoise/runs/multiscan-pilot-v1/exploration-v5-development-vdbkdouk/outputs/dual_g2_s912101_b4__partial_overlap__shared_group_slope.npz,c33b06ede0b498857abc21ad5583f8e25bd1886790d65bb9c8bd9a0653113433,0.23884796389004048,0.3763710125945372,0.4492550969132027,0.9477611940298507,1.0,0.27173381370239674,1.0,0.42515215157270325,0.25356743912267793,0.34934222778037705,1.5251015781126944,0.4748984218873056,0.7625507890563472,0.4204712043876184,0.0629151672311572,0.883266084401294,1.6203545260062433,0.4008479548434194,1.5991520451565806,"GT source-group affine fits evaluated at x=y=0; may extrapolate, not physical layer count",
dual_g2_s912101_b4__partial_overlap,dual_g2_s912101_b4,/srv/slam-research/grf/map-denoise/runs/multiscan-pilot-v1/repair-v2-oyuie4pl/synthetics/identifiable/dual_g2_s912101_b4.json,node_intercepts,development,partial_overlap,true_bilayer,2.0,4.0,912101,536,8,1.0,True,0.1310160309949424,True,True,,,self-report; not geometry-derived layer count or success,4.143368485040476,6.687652793635615,1.0,/srv/slam-research/grf/map-denoise/runs/multiscan-pilot-v1/exploration-v5-development-vdbkdouk/outputs/dual_g2_s912101_b4__partial_overlap__node_intercepts.npz,363a767abd70f600557a99438ac4a4f868a2a329fe983bf2866c6644618530f0,0.26936821207158174,0.38657840711157027,0.8358510964184076,0.9496268656716418,1.0,0.2939313969594961,1.0,0.41156382995782514,0.27624095099295515,0.355047939086649,1.6050440875237126,0.39495591247628736,0.8025220437618563,0.4067512790079209,0.06275494526309588,0.5734175598837729,0.595456444772799,1.1144118400245788,0.8855881599754212,"GT source-group affine fits evaluated at x=y=0; may extrapolate, not physical layer count",
dual_g2_s912101_b4__partial_overlap,dual_g2_s912101_b4,/srv/slam-research/grf/map-denoise/runs/multiscan-pilot-v1/repair-v2-oyuie4pl/synthetics/identifiable/dual_g2_s912101_b4.json,official_gicp,development,partial_overlap,true_bilayer,2.0,4.0,912101,536,8,1.0,True,0.013885588996345177,True,True,,,self-report; not geometry-derived layer count or success,27.222691253963507,52.14271347368533,1.0,/srv/slam-research/grf/map-denoise/runs/multiscan-pilot-v1/exploration-v5-development-vdbkdouk/outputs/dual_g2_s912101_b4__partial_overlap__official_gicp.npz,750a147d4c1d9979bb77680fe59fedcef87c573b8d3b4b9100006e10356cc44b,2.1364990338978287,4.921750430828572,11.57610023387513,0.054104477611940295,0.35074626865671643,2.697773863185888,1.0,26.92412422974206,1.0569363067425184,1.3279134343296775,1.3237363986010906,0.6762636013989094,0.6618681993005453,26.924055507127125,0.060832456147630026,0.3912338644782395,0.5078570855462908,1.2247134390736045,0.7752865609263955,"GT source-group affine fits evaluated at x=y=0; may extrapolate, not physical layer count",
dual_g2_s912101_b4__rigid_coordinates,dual_g2_s912101_b4,/srv/slam-research/grf/map-denoise/runs/multiscan-pilot-v1/repair-v2-oyuie4pl/synthetics/identifiable/dual_g2_s912101_b4.json,identity,development,rigid_coordinates,true_bilayer,2.0,4.0,912101,768,8,1.0,True,1.549899752717465e-05,True,True,,,self-report; not geometry-derived layer count or success,0.0,0.0,0.0,/srv/slam-research/grf/map-denoise/runs/multiscan-pilot-v1/exploration-v5-development-vdbkdouk/outputs/dual_g2_s912101_b4__rigid_coordinates__identity.npz,1bd2b13407880517e6a8fb5e17dfd275fbe66a4a99fe4caac71c81ac0f2d49f6,3.511500004627114,3.9455722496963164,6.629014079834836,0.045572916666666664,0.18489583333333334,2.8723898267538925,1.0,4.145698391964448,3.7892775109664156,4.145344167506219,2.069697988781475,0.06969798878147504,1.0348489943907375,4.145482240911025,0.04233376226978899,0.7916245188171077,1.0420779531870716,1.3725385026184256,0.6274614973815744,"GT source-group affine fits evaluated at x=y=0; may extrapolate, not physical layer count",3.1750569725015535e-14
dual_g2_s912101_b4__rigid_coordinates,dual_g2_s912101_b4,/srv/slam-research/grf/map-denoise/runs/multiscan-pilot-v1/repair-v2-oyuie4pl/synthetics/identifiable/dual_g2_s912101_b4.json,fast,development,rigid_coordinates,true_bilayer,2.0,4.0,912101,768,8,1.0,True,0.009562258986989036,True,True,,1,self-report; not geometry-derived layer count or success,4.1628391502346735,6.801377823666813,1.0,/srv/slam-research/grf/map-denoise/runs/multiscan-pilot-v1/exploration-v5-development-vdbkdouk/outputs/dual_g2_s912101_b4__rigid_coordinates__fast.npz,93e157e8a01b94071ecf8ce643ceea95fdbd7796d540dab76e649842bbf4794b,0.4772513813647359,0.5591136638281331,0.9349073690450479,0.95703125,1.0,0.5034947786933565,1.0,0.5780132310712109,0.4814042119767981,0.5290765019725759,1.592143435617683,0.4078565643823171,0.7960717178088415,0.5764608814702573,0.04233376226978971,1.5806551643173237,1.5806551643173241,2.886579864025407e-15,1.9999999999999971,"GT source-group affine fits evaluated at x=y=0; may extrapolate, not physical layer count",4.5572333674681365e-14
dual_g2_s912101_b4__rigid_coordinates,dual_g2_s912101_b4,/srv/slam-research/grf/map-denoise/runs/multiscan-pilot-v1/repair-v2-oyuie4pl/synthetics/identifiable/dual_g2_s912101_b4.json,open3d_icp_then_xyz,development,rigid_coordinates,true_bilayer,2.0,4.0,912101,768,8,1.0,True,0.025690663998830132,True,True,,2,self-report; not geometry-derived layer count or success,5.129562252402086,7.1697448545601965,1.0,/srv/slam-research/grf/map-denoise/runs/multiscan-pilot-v1/exploration-v5-development-vdbkdouk/outputs/dual_g2_s912101_b4__rigid_coordinates__open3d_icp_then_xyz.npz,cedaac87b76a4ce0c40b358cdd6f454ebab07b37e3964a8d47734984ffe55547,0.41601482670604056,0.5331456485244443,0.9411094740320585,0.2682291666666667,0.7200520833333334,1.5958021794842319,1.0,3.1454385474211515,0.4102538230012603,0.47259089692430933,1.6098435778106246,0.3901564221893754,0.8049217889053123,3.145165792014738,0.041422172120639124,0.9583413834492823,1.0610664301890522,0.7205048977682796,1.2794951022317202,"GT source-group affine fits evaluated at x=y=0; may extrapolate, not physical layer count",5.360896959462706e-14
dual_g2_s912101_b4__rigid_coordinates,dual_g2_s912101_b4,/srv/slam-research/grf/map-denoise/runs/multiscan-pilot-v1/repair-v2-oyuie4pl/synthetics/identifiable/dual_g2_s912101_b4.json,graph_shared,development,rigid_coordinates,true_bilayer,2.0,4.0,912101,768,8,1.0,True,0.1434658790094545,True,True,,,self-report; not geometry-derived layer count or success,4.142063933630009,6.675357783325825,1.0,/srv/slam-research/grf/map-denoise/runs/multiscan-pilot-v1/exploration-v5-development-vdbkdouk/outputs/dual_g2_s912101_b4__rigid_coordinates__graph_shared.npz,73c551970c364cd03525ba8c1c245d447b5bd87b1bbb3c715c5aea01c21b6b20,0.2519859975678119,0.3538749654121318,0.7608527214025707,0.96484375,1.0,0.269027972714408,1.0,0.36920020719249186,0.2556763341330161,0.3387201731945853,1.736158047306475,0.26384195269352495,0.8680790236532375,0.36659312556404555,0.04379809676416117,0.4287516391404436,0.4546991923214041,1.3219471808252186,0.6780528191747814,"GT source-group affine fits evaluated at x=y=0; may extrapolate, not physical layer count",3.788909645047599e-14
dual_g2_s912101_b4__rigid_coordinates,dual_g2_s912101_b4,/srv/slam-research/grf/map-denoise/runs/multiscan-pilot-v1/repair-v2-oyuie4pl/synthetics/identifiable/dual_g2_s912101_b4.json,pool_independent,development,rigid_coordinates,true_bilayer,2.0,4.0,912101,768,8,1.0,True,0.16419132199371234,True,True,,,self-report; not geometry-derived layer count or success,4.142359672351218,6.67017027281044,1.0,/srv/slam-research/grf/map-denoise/runs/multiscan-pilot-v1/exploration-v5-development-vdbkdouk/outputs/dual_g2_s912101_b4__rigid_coordinates__pool_independent.npz,2d576013ddf6687875ec611d68a2eac20742bf81adb02ef58a6c2fed6dac3b14,0.2570207375671032,0.3580229919626856,0.7746652787644766,0.96484375,1.0,0.2736987653886577,1.0,0.37272876717584674,0.2605561546712137,0.34296014345036924,1.7384307218884851,0.26156927811151487,0.8692153609442426,0.37014680462752164,0.0437958548776234,0.4137485059741741,0.45375556749132706,1.3488295446124061,0.6511704553875939,"GT source-group affine fits evaluated at x=y=0; may extrapolate, not physical layer count",3.785283803008428e-14
dual_g2_s912101_b4__rigid_coordinates,dual_g2_s912101_b4,/srv/slam-research/grf/map-denoise/runs/multiscan-pilot-v1/repair-v2-oyuie4pl/synthetics/identifiable/dual_g2_s912101_b4.json,pool_compatible,development,rigid_coordinates,true_bilayer,2.0,4.0,912101,768,8,1.0,True,0.18917452300956938,True,True,,,self-report; not geometry-derived layer count or success,4.139185425935175,6.779520600687796,1.0,/srv/slam-research/grf/map-denoise/runs/multiscan-pilot-v1/exploration-v5-development-vdbkdouk/outputs/dual_g2_s912101_b4__rigid_coordinates__pool_compatible.npz,bc2659c0292e1ab7fe60a622b02ea07a1496f94b45939a73d427672d9d1af5ef,0.19756626132007213,0.31657014460316474,0.6975030129804335,0.9596354166666666,1.0,0.21813486173559782,1.0,0.3322008558310743,0.20077722892031744,0.2978011402769383,1.735409472542232,0.264590527457768,0.867704736271116,0.3293055097450445,0.0437640247972531,0.42148564366770264,0.4589615665231946,1.336463859786239,0.663536140213761,"GT source-group affine fits evaluated at x=y=0; may extrapolate, not physical layer count",3.719543242395258e-14
dual_g2_s912101_b4__rigid_coordinates,dual_g2_s912101_b4,/srv/slam-research/grf/map-denoise/runs/multiscan-pilot-v1/repair-v2-oyuie4pl/synthetics/identifiable/dual_g2_s912101_b4.json,shared_group_slope,development,rigid_coordinates,true_bilayer,2.0,4.0,912101,768,8,1.0,True,0.1882647110032849,True,True,,,self-report; not geometry-derived layer count or success,4.146119567771296,6.73609973107059,1.0,/srv/slam-research/grf/map-denoise/runs/multiscan-pilot-v1/exploration-v5-development-vdbkdouk/outputs/dual_g2_s912101_b4__rigid_coordinates__shared_group_slope.npz,6433b1349d76260697fc0fade8d63f8e7b2a3e6515416bd15ca4fa4a63450aef,0.1910017310761741,0.3298919939864163,0.3557147523960751,0.9596354166666666,1.0,0.21657537507437952,1.0,0.36926744264447964,0.20147508949336798,0.32266661467082225,1.6612039388488222,0.3387960611511778,0.8306019694244111,0.36665025693303793,0.04388659576831329,0.8047015864231691,1.4156634864303963,0.5966869968783572,1.4033130031216428,"GT source-group affine fits evaluated at x=y=0; may extrapolate, not physical layer count",3.690059989043872e-14
dual_g2_s912101_b4__rigid_coordinates,dual_g2_s912101_b4,/srv/slam-research/grf/map-denoise/runs/multiscan-pilot-v1/repair-v2-oyuie4pl/synthetics/identifiable/dual_g2_s912101_b4.json,node_intercepts,development,rigid_coordinates,true_bilayer,2.0,4.0,912101,768,8,1.0,True,0.1871503869915614,True,True,,,self-report; not geometry-derived layer count or success,4.13536626808787,6.752419386803287,1.0,/srv/slam-research/grf/map-denoise/runs/multiscan-pilot-v1/exploration-v5-development-vdbkdouk/outputs/dual_g2_s912101_b4__rigid_coordinates__node_intercepts.npz,56e70ac7e740c5459a0d0b645b18e8c59749945ee33af3d323aeadc72ef8c6d6,0.21554896716486063,0.32451212622706704,0.7059551865791427,0.9596354166666666,1.0,0.23407925125229143,1.0,0.3408345455122717,0.21908540345560482,0.3072751364148736,1.734749562544335,0.265250437455665,0.8673747812721675,0.33801034276184666,0.04378579222277181,0.4234145328008498,0.4599935151532671,1.3332306207086897,0.6667693792913103,"GT source-group affine fits evaluated at x=y=0; may extrapolate, not physical layer count",3.729584779878403e-14
dual_g2_s912101_b4__rigid_coordinates,dual_g2_s912101_b4,/srv/slam-research/grf/map-denoise/runs/multiscan-pilot-v1/repair-v2-oyuie4pl/synthetics/identifiable/dual_g2_s912101_b4.json,official_gicp,development,rigid_coordinates,true_bilayer,2.0,4.0,912101,768,8,1.0,True,0.022512665003887378,True,True,,,self-report; not geometry-derived layer count or success,14.260093269766658,27.719757402084664,1.0,/srv/slam-research/grf/map-denoise/runs/multiscan-pilot-v1/exploration-v5-development-vdbkdouk/outputs/dual_g2_s912101_b4__rigid_coordinates__official_gicp.npz,0fe0a16e9823f685e23e2643f4f09d9f725b65cc94de61430efa5df24cfaeabd,1.293911981131653,2.7535157576895277,3.735819834151711,0.08984375,0.4270833333333333,2.2353057398556655,1.0,13.71430875875948,0.8390919457863566,1.0361216225741565,1.6366220638273354,0.36337793617266456,0.8183110319136677,13.714243420005312,0.0423337622697899,0.3742006374853817,0.6274660185968356,2.061409961340523,0.06140996134052301,"GT source-group affine fits evaluated at x=y=0; may extrapolate, not physical layer count",4.284079408353414
dual_g4_s912101_b4__density,dual_g4_s912101_b4,/srv/slam-research/grf/map-denoise/runs/multiscan-pilot-v1/repair-v2-oyuie4pl/synthetics/identifiable/dual_g4_s912101_b4.json,identity,development,density,true_bilayer,4.0,4.0,912101,480,8,1.0,True,1.536100171506405e-05,True,True,,,self-report; not geometry-derived layer count or success,0.0,0.0,0.0,/srv/slam-research/grf/map-denoise/runs/multiscan-pilot-v1/exploration-v5-development-vdbkdouk/outputs/dual_g4_s912101_b4__density__identity.npz,7e7cc743126a453a7a754722a32c6cc3abc281af27cb41b384fe0785f495e6af,3.4677569519062796,3.922371223374749,6.659672210066625,0.052083333333333336,0.18541666666666667,3.065259767359221,1.0,4.13946948068157,3.7821547970900107,3.932892099069267,6.6419925481009905,2.6419925481009905,1.6604981370252476,4.13893125103782,0.06675088521251446,1.8242043473587777,1.9845103199811887,6.884974443084715,2.8849744430847153,"GT source-group affine fits evaluated at x=y=0; may extrapolate, not physical layer count",
dual_g4_s912101_b4__density,dual_g4_s912101_b4,/srv/slam-research/grf/map-denoise/runs/multiscan-pilot-v1/repair-v2-oyuie4pl/synthetics/identifiable/dual_g4_s912101_b4.json,fast,development,density,true_bilayer,4.0,4.0,912101,480,8,1.0,True,0.005770178002421744,True,True,,2,self-report; not geometry-derived layer count or success,4.001452674922583,6.963655537012724,1.0,/srv/slam-research/grf/map-denoise/runs/multiscan-pilot-v1/exploration-v5-development-vdbkdouk/outputs/dual_g4_s912101_b4__density__fast.npz,f1d8417735f5eeb381f77f9d46aa34b1f83ca1ad8320608aabbe10507e86abcb,1.0193244276679976,1.240758161176737,2.405299192968893,0.5020833333333333,0.9333333333333333,1.049365319231775,1.0,1.3130982353583327,1.0359069897168178,1.2297092699644492,4.6124002870294145,0.6124002870294145,1.1531000717573536,1.3114005090072647,0.0667508852125142,1.6103194802522325,1.70746520508753,2.9809589773704337,1.0190410226295663,"GT source-group affine fits evaluated at x=y=0; may extrapolate, not physical layer count",
dual_g4_s912101_b4__density,dual_g4_s912101_b4,/srv/slam-research/grf/map-denoise/runs/multiscan-pilot-v1/repair-v2-oyuie4pl/synthetics/identifiable/dual_g4_s912101_b4.json,open3d_icp_then_xyz,development,density,true_bilayer,4.0,4.0,912101,480,8,1.0,True,0.01577592499961611,True,True,,2,self-report; not geometry-derived layer count or success,5.910172931817416,9.316897290443961,1.0,/srv/slam-research/grf/map-denoise/runs/multiscan-pilot-v1/exploration-v5-development-vdbkdouk/outputs/dual_g4_s912101_b4__density__open3d_icp_then_xyz.npz,24a5f19629518237a98e65c8f8884c0d3c0bc9b18192751bdf03dc41f82b2d4d,0.8511561483842566,1.0496318287427324,1.8787553893249425,0.06458333333333334,0.39375,2.283181331730226,1.0,4.347102742350618,0.8464820615695368,1.0113679248097671,4.347839550332703,0.3478395503327034,1.0869598875831759,4.346590215018156,0.06675144388457413,1.9550740467421845,2.0852140951918483,2.3376102157974925,1.6623897842025075,"GT source-group affine fits evaluated at x=y=0; may extrapolate, not physical layer count",
dual_g4_s912101_b4__density,dual_g4_s912101_b4,/srv/slam-research/grf/map-denoise/runs/multiscan-pilot-v1/repair-v2-oyuie4pl/synthetics/identifiable/dual_g4_s912101_b4.json,graph_shared,development,density,true_bilayer,4.0,4.0,912101,480,8,1.0,True,0.10567601599905174,True,True,,,self-report; not geometry-derived layer count or success,4.037894095812128,6.763212354286375,0.9333333333333333,/srv/slam-research/grf/map-denoise/runs/multiscan-pilot-v1/exploration-v5-development-vdbkdouk/outputs/dual_g4_s912101_b4__density__graph_shared.npz,b2a456ed99b4ffddbd672efc27902463bad70d6e2a9bc614c01b0a4186f3aa70,0.5161889928395891,1.0805843465502485,2.192262849404875,0.8479166666666667,0.9291666666666667,0.5167255961690878,1.0,1.2555565334172427,0.5887985517437234,1.235981656100712,3.6585730388185707,0.34142696118142934,0.9146432597046427,1.2477548027295784,0.13975035195660282,0.7700100673588186,1.1902762768074697,2.713464169988609,1.286535830011391,"GT source-group affine fits evaluated at x=y=0; may extrapolate, not physical layer count",
dual_g4_s912101_b4__density,dual_g4_s912101_b4,/srv/slam-research/grf/map-denoise/runs/multiscan-pilot-v1/repair-v2-oyuie4pl/synthetics/identifiable/dual_g4_s912101_b4.json,pool_independent,development,density,true_bilayer,4.0,4.0,912101,480,8,1.0,True,0.12021987199841533,True,True,,,self-report; not geometry-derived layer count or success,4.021862538806397,6.731935090915763,0.9333333333333333,/srv/slam-research/grf/map-denoise/runs/multiscan-pilot-v1/exploration-v5-development-vdbkdouk/outputs/dual_g4_s912101_b4__density__pool_independent.npz,cd4d29a37fbc00191ad8b25434e72dd50dcfbd16695258460e6588f4443d6056,0.5025183755280904,1.0680279465447269,2.1579856584944754,0.8770833333333333,0.9354166666666667,0.5032124896691568,1.0,1.2446162053877914,0.5750421682202052,1.229346749914074,3.7436503345139314,0.25634966548606863,0.9359125836284828,1.2363053467715792,0.1435917416076197,0.6129853784386179,0.9029547949907416,3.0520438398889875,0.9479561601110125,"GT source-group affine fits evaluated at x=y=0; may extrapolate, not physical layer count",
dual_g4_s912101_b4__density,dual_g4_s912101_b4,/srv/slam-research/grf/map-denoise/runs/multiscan-pilot-v1/repair-v2-oyuie4pl/synthetics/identifiable/dual_g4_s912101_b4.json,pool_compatible,development,density,true_bilayer,4.0,4.0,912101,480,8,1.0,True,0.1322187629994005,True,True,,,self-report; not geometry-derived layer count or success,4.0194474247438094,6.740695000265216,0.9333333333333333,/srv/slam-research/grf/map-denoise/runs/multiscan-pilot-v1/exploration-v5-development-vdbkdouk/outputs/dual_g4_s912101_b4__density__pool_compatible.npz,d970f78f6f4ef5d2f8dd2f9cb00e43f735c70bc59c35e32301c37ae2f31f811c,0.4812500675260105,1.0573644401986155,2.1579856584944754,0.8770833333333333,0.9354166666666667,0.4801001743340311,1.0,1.2354770584620849,0.5537738602181252,1.2194767932307968,3.7663434445497725,0.23365655545022745,0.9415858611374431,1.2254100022707575,0.15739723098233907,0.6187021220358115,0.9030637031234958,3.0863895731423234,0.9136104268576766,"GT source-group affine fits evaluated at x=y=0; may extrapolate, not physical layer count",
dual_g4_s912101_b4__density,dual_g4_s912101_b4,/srv/slam-research/grf/map-denoise/runs/multiscan-pilot-v1/repair-v2-oyuie4pl/synthetics/identifiable/dual_g4_s912101_b4.json,shared_group_slope,development,density,true_bilayer,4.0,4.0,912101,480,8,1.0,True,0.13208486199437175,True,True,,,self-report; not geometry-derived layer count or success,4.117267856569372,6.832276619964233,0.9333333333333333,/srv/slam-research/grf/map-denoise/runs/multiscan-pilot-v1/exploration-v5-development-vdbkdouk/outputs/dual_g4_s912101_b4__density__shared_group_slope.npz,7107bdd89fa73da7630d46502fcfb9d7799a4d540111628816974e78fcb26313,0.5678608958217083,1.1466459870716232,3.192994160398523,0.8666666666666667,0.9041666666666667,0.576567954396878,1.0,1.3402234341474932,0.6546056997325044,1.3045156729519323,3.51087753127714,0.48912246872286014,0.877719382819285,1.3267760542847997,0.18937833882088614,1.450183721537737,2.477170225459094,1.6031758082240213,2.3968241917759787,"GT source-group affine fits evaluated at x=y=0; may extrapolate, not physical layer count",
dual_g4_s912101_b4__density,dual_g4_s912101_b4,/srv/slam-research/grf/map-denoise/runs/multiscan-pilot-v1/repair-v2-oyuie4pl/synthetics/identifiable/dual_g4_s912101_b4.json,node_intercepts,development,density,true_bilayer,4.0,4.0,912101,480,8,1.0,True,0.132454480000888,True,True,,,self-report; not geometry-derived layer count or success,4.026615263985752,6.725321472269178,0.9333333333333333,/srv/slam-research/grf/map-denoise/runs/multiscan-pilot-v1/exploration-v5-development-vdbkdouk/outputs/dual_g4_s912101_b4__density__node_intercepts.npz,7a85b2202cbe2364736bed76a3fb064ba41787aa2199a93c455714b6a3c17b4a,0.4951188155359509,1.0626685762485013,2.157985658494474,0.8770833333333333,0.9354166666666667,0.4943177206093964,1.0,1.2400217157190045,0.5676426082280657,1.22455569342221,3.7496575896909894,0.2503424103090106,0.9374143974227473,1.2312483038939357,0.14724628896176045,0.6170452402320165,0.9030582132191616,3.058705407983217,0.9412945920167828,"GT source-group affine fits evaluated at x=y=0; may extrapolate, not physical layer count",
dual_g4_s912101_b4__density,dual_g4_s912101_b4,/srv/slam-research/grf/map-denoise/runs/multiscan-pilot-v1/repair-v2-oyuie4pl/synthetics/identifiable/dual_g4_s912101_b4.json,official_gicp,development,density,true_bilayer,4.0,4.0,912101,480,8,1.0,True,0.012790936001692899,True,True,,,self-report; not geometry-derived layer count or success,19.464228266631906,35.359972245739314,1.0,/srv/slam-research/grf/map-denoise/runs/multiscan-pilot-v1/exploration-v5-development-vdbkdouk/outputs/dual_g4_s912101_b4__density__official_gicp.npz,f973cf0b5bb6f8c4a9f830ccc3935470cec18f47c093a67b707d344b6d498597,1.7160223900382126,3.4353074157054717,6.031051215317956,0.041666666666666664,0.28541666666666665,3.01293596602854,1.0,19.107535138521886,1.0854613209224762,1.4144248228403837,4.159892950839215,0.15989295083921462,1.0399732377098037,19.107418543308565,0.06675088521251253,1.5648264907139071,2.400583255413379,2.6115906881335373,1.3884093118664627,"GT source-group affine fits evaluated at x=y=0; may extrapolate, not physical layer count",
dual_g4_s912101_b4__partial_overlap,dual_g4_s912101_b4,/srv/slam-research/grf/map-denoise/runs/multiscan-pilot-v1/repair-v2-oyuie4pl/synthetics/identifiable/dual_g4_s912101_b4.json,identity,development,partial_overlap,true_bilayer,4.0,4.0,912101,536,8,1.0,True,1.5078010619617999e-05,True,True,,,self-report; not geometry-derived layer count or success,0.0,0.0,0.0,/srv/slam-research/grf/map-denoise/runs/multiscan-pilot-v1/exploration-v5-development-vdbkdouk/outputs/dual_g4_s912101_b4__partial_overlap__identity.npz,10c8715c041384a2bbfadcbbdbcbc25c6e73ead82f1cc3a1bc8340b5e01099a4,3.262684282799263,3.749112216961062,6.517748245189216,0.05037313432835821,0.19776119402985073,2.982348860212606,1.0,4.119967300273769,3.7570411555671157,3.8747857260217278,6.983860135501635,2.9838601355016348,1.7459650338754087,4.119682473103287,0.048444567607895526,2.6628701078922252,3.1112180692075553,4.415198761610295,0.415198761610295,"GT source-group affine fits evaluated at x=y=0; may extrapolate, not physical layer count",
dual_g4_s912101_b4__partial_overlap,dual_g4_s912101_b4,/srv/slam-research/grf/map-denoise/runs/multiscan-pilot-v1/repair-v2-oyuie4pl/synthetics/identifiable/dual_g4_s912101_b4.json,fast,development,partial_overlap,true_bilayer,4.0,4.0,912101,536,8,1.0,True,0.00549980100186076,True,True,,2,self-report; not geometry-derived layer count or success,3.940549626657518,6.406385567348814,1.0,/srv/slam-research/grf/map-denoise/runs/multiscan-pilot-v1/exploration-v5-development-vdbkdouk/outputs/dual_g4_s912101_b4__partial_overlap__fast.npz,c5459ff101f39536a4ba3f8273a54220cfe333dbdeb29a52d5d114e573ed8ecf,1.3935862612691028,1.7320580822622866,3.287434747703128,0.3675373134328358,0.7444029850746269,1.4568204117605534,1.0,1.9250750068956137,1.5267464120130243,1.7565125876355652,5.434366939371212,1.4343669393712117,1.358591734842803,1.9244653558958733,0.04844456760789536,2.8448361545937675,3.1041598852651275,3.165370112328948,0.8346298876710518,"GT source-group affine fits evaluated at x=y=0; may extrapolate, not physical layer count",
dual_g4_s912101_b4__partial_overlap,dual_g4_s912101_b4,/srv/slam-research/grf/map-denoise/runs/multiscan-pilot-v1/repair-v2-oyuie4pl/synthetics/identifiable/dual_g4_s912101_b4.json,open3d_icp_then_xyz,development,partial_overlap,true_bilayer,4.0,4.0,912101,536,8,1.0,True,0.0170401280047372,True,True,,2,self-report; not geometry-derived layer count or success,17.881824545322676,20.07303088425869,1.0,/srv/slam-research/grf/map-denoise/runs/multiscan-pilot-v1/exploration-v5-development-vdbkdouk/outputs/dual_g4_s912101_b4__partial_overlap__open3d_icp_then_xyz.npz,a54adce352143958792a035c9257cd3ae3520da6564d3407146841888aecf3e2,1.0832187274908622,1.2787977870284712,2.2463641243493937,0.05783582089552239,0.332089552238806,3.925921882961574,1.0,17.308430157278636,1.2511108462810718,1.5064473691356568,3.5257374036936597,0.47426259630634027,0.8814343509234149,17.308362363385942,0.04844385531172958,3.9308514605044773,4.113111706458083,1.4013545054839673,2.598645494516033,"GT source-group affine fits evaluated at x=y=0; may extrapolate, not physical layer count",
dual_g4_s912101_b4__partial_overlap,dual_g4_s912101_b4,/srv/slam-research/grf/map-denoise/runs/multiscan-pilot-v1/repair-v2-oyuie4pl/synthetics/identifiable/dual_g4_s912101_b4.json,graph_shared,development,partial_overlap,true_bilayer,4.0,4.0,912101,536,8,1.0,True,0.11666016199160367,True,True,,,self-report; not geometry-derived layer count or success,4.036209949525573,6.757960816883259,0.9160447761194029,/srv/slam-research/grf/map-denoise/runs/multiscan-pilot-v1/exploration-v5-development-vdbkdouk/outputs/dual_g4_s912101_b4__partial_overlap__graph_shared.npz,ebb5ebf02ccc3944996f3addff2f202ef00f443639abf3d0c23471019d55553a,0.4955509916352773,1.0484446184782457,1.91455371336663,0.8843283582089553,0.9533582089552238,0.45666602400433987,1.0,1.2267544738630352,0.576319674855746,1.2102853981577752,3.7109139630497388,0.28908603695026125,0.9277284907624347,1.2197932673548482,0.13050258257504363,0.33526006230184974,0.8336710269276295,3.1810412766383327,0.8189587233616673,"GT source-group affine fits evaluated at x=y=0; may extrapolate, not physical layer count",
dual_g4_s912101_b4__partial_overlap,dual_g4_s912101_b4,/srv/slam-research/grf/map-denoise/runs/multiscan-pilot-v1/repair-v2-oyuie4pl/synthetics/identifiable/dual_g4_s912101_b4.json,pool_independent,development,partial_overlap,true_bilayer,4.0,4.0,912101,536,8,1.0,True,0.1376088570104912,True,True,,,self-report; not geometry-derived layer count or success,4.024191153251613,6.730299122421403,0.9160447761194029,/srv/slam-research/grf/map-denoise/runs/multiscan-pilot-v1/exploration-v5-development-vdbkdouk/outputs/dual_g4_s912101_b4__partial_overlap__pool_independent.npz,744573716715becfbe1d10989fabc7ddf826fc9d8b7a765e5dd114638bf96f61,0.48710001259034524,1.0426045098842376,1.874811724576528,0.8899253731343284,0.9514925373134329,0.448152662858308,1.0,1.2238223953619904,0.5691688935934447,1.2087919250337085,3.7894660620478797,0.21053393795212028,0.9473665155119699,1.2147484779051216,0.14875278423192803,0.2711735124317628,0.626659675765749,3.4205407893895576,0.5794592106104424,"GT source-group affine fits evaluated at x=y=0; may extrapolate, not physical layer count",
dual_g4_s912101_b4__partial_overlap,dual_g4_s912101_b4,/srv/slam-research/grf/map-denoise/runs/multiscan-pilot-v1/repair-v2-oyuie4pl/synthetics/identifiable/dual_g4_s912101_b4.json,pool_compatible,development,partial_overlap,true_bilayer,4.0,4.0,912101,536,8,1.0,True,0.15268552699126303,True,True,,,self-report; not geometry-derived layer count or success,4.026815127633968,6.747009483201392,0.9160447761194029,/srv/slam-research/grf/map-denoise/runs/multiscan-pilot-v1/exploration-v5-development-vdbkdouk/outputs/dual_g4_s912101_b4__partial_overlap__pool_compatible.npz,3d734eb3f832afcc39d4c47029c2ebdae8b409c23d32b6df117e532c4605f96b,0.4718843841896642,1.041274921865865,1.874811724576528,0.8973880597014925,0.9514925373134329,0.43518038841930134,1.0,1.2247429813594448,0.5547642325685788,1.209149310896761,3.7937839361139347,0.20621606388606528,0.9484459840284837,1.2149436517417636,0.15461983534336757,0.28465110319271913,0.6418931575925454,3.4187404896186098,0.5812595103813902,"GT source-group affine fits evaluated at x=y=0; may extrapolate, not physical layer count",
dual_g4_s912101_b4__partial_overlap,dual_g4_s912101_b4,/srv/slam-research/grf/map-denoise/runs/multiscan-pilot-v1/repair-v2-oyuie4pl/synthetics/identifiable/dual_g4_s912101_b4.json,shared_group_slope,development,partial_overlap,true_bilayer,4.0,4.0,912101,536,8,1.0,True,0.15296094899531454,True,True,,,self-report; not geometry-derived layer count or success,4.043747946529011,6.712550805324653,0.9160447761194029,/srv/slam-research/grf/map-denoise/runs/multiscan-pilot-v1/exploration-v5-development-vdbkdouk/outputs/dual_g4_s912101_b4__partial_overlap__shared_group_slope.npz,cb6133abf8b0e0271c64a0e90d05aeaca1ca24887273b25fc81feaa9308934cb,0.6477625290715919,1.1319363057969294,2.0818087650171058,0.8264925373134329,0.9384328358208955,0.6081558460295634,1.0,1.3056389351970763,0.7314191609272063,1.2784298334013529,3.5651098969011095,0.43489010309889053,0.8912774742252774,1.2964204655211382,0.15487738918418748,1.0101917961269478,2.7945568872165034,1.849945334238368,2.150054665761632,"GT source-group affine fits evaluated at x=y=0; may extrapolate, not physical layer count",
dual_g4_s912101_b4__partial_overlap,dual_g4_s912101_b4,/srv/slam-research/grf/map-denoise/runs/multiscan-pilot-v1/repair-v2-oyuie4pl/synthetics/identifiable/dual_g4_s912101_b4.json,node_intercepts,development,partial_overlap,true_bilayer,4.0,4.0,912101,536,8,1.0,True,0.15344132100290153,True,True,,,self-report; not geometry-derived layer count or success,4.021369452854733,6.7183946083282375,0.9160447761194029,/srv/slam-research/grf/map-denoise/runs/multiscan-pilot-v1/exploration-v5-development-vdbkdouk/outputs/dual_g4_s912101_b4__partial_overlap__node_intercepts.npz,c34f752f3cbb8959e8144ad209759b2ddabed104a48db1583e18fb9e2cf91011,0.48035827042624785,1.0419177208113097,1.874811724576528,0.8955223880597015,0.9514925373134329,0.44373256307181974,1.0,1.221191154662662,0.5614125815675532,1.2062048402567291,3.794987772799238,0.20501222720076218,0.9487469431998095,1.2119632282419317,0.149843150046043,0.2696965420940995,0.6127159558523654,3.4355481239959618,0.5644518760040382,"GT source-group affine fits evaluated at x=y=0; may extrapolate, not physical layer count",
dual_g4_s912101_b4__partial_overlap,dual_g4_s912101_b4,/srv/slam-research/grf/map-denoise/runs/multiscan-pilot-v1/repair-v2-oyuie4pl/synthetics/identifiable/dual_g4_s912101_b4.json,official_gicp,development,partial_overlap,true_bilayer,4.0,4.0,912101,536,8,1.0,True,0.014755367999896407,True,True,,,self-report; not geometry-derived layer count or success,21.613491871159802,42.6396857943217,1.0,/srv/slam-research/grf/map-denoise/runs/multiscan-pilot-v1/exploration-v5-development-vdbkdouk/outputs/dual_g4_s912101_b4__partial_overlap__official_gicp.npz,376c653d9e9d147693875c9bd0fd10694da028fde978ea6beae31d59d1062714,2.353349910566275,3.5396649628847365,8.072801715786179,0.029850746268656716,0.21455223880597016,3.1316112539068106,1.0,21.138084472862868,1.8173544748272747,2.2723942009974754,2.3553148154644505,1.6446851845355495,0.5888287038661126,21.13802895980975,0.048444567607898156,2.382497332857702,2.6380683563517406,2.113117966084118,1.886882033915882,"GT source-group affine fits evaluated at x=y=0; may extrapolate, not physical layer count",
dual_g4_s912101_b4__rigid_coordinates,dual_g4_s912101_b4,/srv/slam-research/grf/map-denoise/runs/multiscan-pilot-v1/repair-v2-oyuie4pl/synthetics/identifiable/dual_g4_s912101_b4.json,identity,development,rigid_coordinates,true_bilayer,4.0,4.0,912101,768,8,1.0,True,1.557100040372461e-05,True,True,,,self-report; not geometry-derived layer count or success,0.0,0.0,0.0,/srv/slam-research/grf/map-denoise/runs/multiscan-pilot-v1/exploration-v5-development-vdbkdouk/outputs/dual_g4_s912101_b4__rigid_coordinates__identity.npz,fd26169685bebe2030fe7878054c1197de815a059cdcf5ec7aba5bb7ac16c751,3.434741242386908,3.8791705832237464,6.622687217118412,0.04296875,0.203125,2.892752343875076,1.0,4.145698391964448,3.7892775109664156,4.144539059441842,4.182276629333903,0.1822766293339031,1.0455691573334758,4.145482240911025,0.04233376226978746,0.6803826361433943,1.5975229960717756,5.238673921271079,1.2386739212710793,"GT source-group affine fits evaluated at x=y=0; may extrapolate, not physical layer count",3.189731166077348e-14
dual_g4_s912101_b4__rigid_coordinates,dual_g4_s912101_b4,/srv/slam-research/grf/map-denoise/runs/multiscan-pilot-v1/repair-v2-oyuie4pl/synthetics/identifiable/dual_g4_s912101_b4.json,fast,development,rigid_coordinates,true_bilayer,4.0,4.0,912101,768,8,1.0,True,0.009603372993296944,True,True,,2,self-report; not geometry-derived layer count or success,4.023708361684199,6.788856264170565,1.0,/srv/slam-research/grf/map-denoise/runs/multiscan-pilot-v1/exploration-v5-development-vdbkdouk/outputs/dual_g4_s912101_b4__rigid_coordinates__fast.npz,3926866228302de309c99d7ed128abd9c3e28655d24b8fc1701de7398463d718,0.8465600820128424,1.059104952258568,1.9605176942862963,0.6901041666666666,0.9557291666666666,0.846390559679962,1.0,1.1397312094757164,0.8812509209759583,1.0830197362405425,3.395221199641132,0.6047788003588681,0.848805299910283,1.1389447231648535,0.04233376226978725,1.5379495024772165,2.1096259549080054,1.5675146883647768,2.432485311635223,"GT source-group affine fits evaluated at x=y=0; may extrapolate, not physical layer count",6.37997350355993e-14
dual_g4_s912101_b4__rigid_coordinates,dual_g4_s912101_b4,/srv/slam-research/grf/map-denoise/runs/multiscan-pilot-v1/repair-v2-oyuie4pl/synthetics/identifiable/dual_g4_s912101_b4.json,open3d_icp_then_xyz,development,rigid_coordinates,true_bilayer,4.0,4.0,912101,768,8,1.0,True,0.025493396999081597,True,True,,2,self-report; not geometry-derived layer count or success,5.076128764010231,7.007502678709512,1.0,/srv/slam-research/grf/map-denoise/runs/multiscan-pilot-v1/exploration-v5-development-vdbkdouk/outputs/dual_g4_s912101_b4__rigid_coordinates__open3d_icp_then_xyz.npz,35941a0212386bcfcd65dfc6972de0df0b319bb83b90076aa0877e365370f956,0.6264836147589402,0.7827243732132627,1.5418279142001803,0.33203125,0.7395833333333334,1.5545792194548593,1.0,3.0364112179283738,0.6150438079748078,0.6895678721142702,3.364948833713231,0.635051166286769,0.8412372084283077,3.036116373041119,0.042313753235942254,1.1546058426557344,1.23434228958347,2.233318469082407,1.7666815309175932,"GT source-group affine fits evaluated at x=y=0; may extrapolate, not physical layer count",4.4221606628750276e-14
dual_g4_s912101_b4__rigid_coordinates,dual_g4_s912101_b4,/srv/slam-research/grf/map-denoise/runs/multiscan-pilot-v1/repair-v2-oyuie4pl/synthetics/identifiable/dual_g4_s912101_b4.json,graph_shared,development,rigid_coordinates,true_bilayer,4.0,4.0,912101,768,8,1.0,True,0.17389018200628925,True,True,,,self-report; not geometry-derived layer count or success,4.030331843229416,6.717256112552039,0.921875,/srv/slam-research/grf/map-denoise/runs/multiscan-pilot-v1/exploration-v5-development-vdbkdouk/outputs/dual_g4_s912101_b4__rigid_coordinates__graph_shared.npz,d344ed78fa96f602ead696ba9b99f070c412ba56a10f2e22959e67017c7eca78,0.5095909359308552,0.9954266694096245,1.9705910873294954,0.8776041666666666,0.94921875,0.4681350307978354,1.0,1.1578495726648887,0.5788814587935073,1.1515437860789401,3.804980037449929,0.19501996255007104,0.9512450093624822,1.1555649895167184,0.07269929795735354,0.4512654125680162,0.5866777114168883,3.2935648261314743,0.7064351738685257,"GT source-group affine fits evaluated at x=y=0; may extrapolate, not physical layer count",3.685642730283853e-14
dual_g4_s912101_b4__rigid_coordinates,dual_g4_s912101_b4,/srv/slam-research/grf/map-denoise/runs/multiscan-pilot-v1/repair-v2-oyuie4pl/synthetics/identifiable/dual_g4_s912101_b4.json,pool_independent,development,rigid_coordinates,true_bilayer,4.0,4.0,912101,768,8,1.0,True,0.19493864101241343,True,True,,,self-report; not geometry-derived layer count or success,4.007237017277904,6.706196514062751,0.921875,/srv/slam-research/grf/map-denoise/runs/multiscan-pilot-v1/exploration-v5-development-vdbkdouk/outputs/dual_g4_s912101_b4__rigid_coordinates__pool_independent.npz,1fa0f427bc1b4aaa3998e4e48f0e466fe0475d38438d92e922d33d5408bafebc,0.49483660648315436,0.9849912587837774,1.908546919026548,0.8854166666666666,0.94921875,0.45327810429877075,1.0,1.1487041778977205,0.5640430861426532,1.1450262727268201,3.9060434552074845,0.09395654479251547,0.9765108638018711,1.146078133578448,0.0776286033174579,0.2521213197931899,0.2733812812116042,3.699613038691562,0.3003869613084378,"GT source-group affine fits evaluated at x=y=0; may extrapolate, not physical layer count",3.7163035230565235e-14
dual_g4_s912101_b4__rigid_coordinates,dual_g4_s912101_b4,/srv/slam-research/grf/map-denoise/runs/multiscan-pilot-v1/repair-v2-oyuie4pl/synthetics/identifiable/dual_g4_s912101_b4.json,pool_compatible,development,rigid_coordinates,true_bilayer,4.0,4.0,912101,768,8,1.0,True,0.22113638500741217,True,True,,,self-report; not geometry-derived layer count or success,4.013959044772526,6.7175798764373775,0.921875,/srv/slam-research/grf/map-denoise/runs/multiscan-pilot-v1/exploration-v5-development-vdbkdouk/outputs/dual_g4_s912101_b4__rigid_coordinates__pool_compatible.npz,3c575e03c247fb211adcb850068a8391c1700bf897cd500c52710456d9904ef0,0.42466130182372347,0.9713639465425338,1.8675065434859133,0.8919270833333334,0.9466145833333334,0.3845593223482453,1.0,1.1397112493622739,0.49532458827529274,1.1359137449609078,3.897176044540461,0.10282395545953893,0.9742940111351153,1.1371551008531637,0.07628898037427108,0.2714732490094394,0.28625856522053456,3.6666214417715692,0.33337855822843077,"GT source-group affine fits evaluated at x=y=0; may extrapolate, not physical layer count",3.660618586153882e-14
dual_g4_s912101_b4__rigid_coordinates,dual_g4_s912101_b4,/srv/slam-research/grf/map-denoise/runs/multiscan-pilot-v1/repair-v2-oyuie4pl/synthetics/identifiable/dual_g4_s912101_b4.json,shared_group_slope,development,rigid_coordinates,true_bilayer,4.0,4.0,912101,768,8,1.0,True,0.22089947199856397,True,True,,,self-report; not geometry-derived layer count or success,4.0583025692123,6.827430857382962,0.921875,/srv/slam-research/grf/map-denoise/runs/multiscan-pilot-v1/exploration-v5-development-vdbkdouk/outputs/dual_g4_s912101_b4__rigid_coordinates__shared_group_slope.npz,66e70ec410ba705b974135858394f9233ec522baa06c5ca0cc2903bc9802dc8a,0.6165817818918046,1.0651542021565414,1.9034156813956014,0.8333333333333334,0.9427083333333334,0.5926345616686571,1.0,1.2331040665494604,0.6937760121095216,1.218586705507036,3.663517520869454,0.3364824791305461,0.9158793802173635,1.2296094325424731,0.09277005089679263,1.2825898835862393,2.638486643705413,1.761916893633797,2.238083106366203,"GT source-group affine fits evaluated at x=y=0; may extrapolate, not physical layer count",3.7408329044150014e-14
dual_g4_s912101_b4__rigid_coordinates,dual_g4_s912101_b4,/srv/slam-research/grf/map-denoise/runs/multiscan-pilot-v1/repair-v2-oyuie4pl/synthetics/identifiable/dual_g4_s912101_b4.json,node_intercepts,development,rigid_coordinates,true_bilayer,4.0,4.0,912101,768,8,1.0,True,0.22272427500865888,True,True,,,self-report; not geometry-derived layer count or success,4.013635831309111,6.730789685560018,0.921875,/srv/slam-research/grf/map-denoise/runs/multiscan-pilot-v1/exploration-v5-development-vdbkdouk/outputs/dual_g4_s912101_b4__rigid_coordinates__node_intercepts.npz,5173c026ed2bf0340ac6afd0f0af3bd8d8472a93d60a9a7b75d469397115eaf0,0.4413422087285124,0.9743301267544487,1.8875235052766521,0.8919270833333334,0.94921875,0.4008152315081038,1.0,1.1413842581314149,0.5115217923608499,1.1375975765706898,3.8961147381670314,0.10388526183296865,0.9740286845417578,1.138859740704188,0.07587170561803756,0.2702562337366115,0.2842347674390782,3.66574907149018,0.3342509285098201,"GT source-group affine fits evaluated at x=y=0; may extrapolate, not physical layer count",3.734308067223569e-14
dual_g4_s912101_b4__rigid_coordinates,dual_g4_s912101_b4,/srv/slam-research/grf/map-denoise/runs/multiscan-pilot-v1/repair-v2-oyuie4pl/synthetics/identifiable/dual_g4_s912101_b4.json,official_gicp,development,rigid_coordinates,true_bilayer,4.0,4.0,912101,768,8,1.0,True,0.021969212000840344,True,True,,,self-report; not geometry-derived layer count or success,10.608277411411558,19.194062972985645,1.0,/srv/slam-research/grf/map-denoise/runs/multiscan-pilot-v1/exploration-v5-development-vdbkdouk/outputs/dual_g4_s912101_b4__rigid_coordinates__official_gicp.npz,549f5809b522140251d6982cfc1a7163734a254598d996da1d022d5d2bffe520,1.0405220553632246,1.6380961742524873,2.4460898917540623,0.09375,0.4348958333333333,2.2764646257846457,1.0,9.871034831693168,0.8516289317125462,1.054316773962203,3.728449329609215,0.27155067039078506,0.9321123324023037,9.870944053183154,0.042333762269787,0.386787417180988,0.6042772196332824,4.204117556973024,0.20411755697302425,"GT source-group affine fits evaluated at x=y=0; may extrapolate, not physical layer count",4.468248707322104
dual_g8_s912101_b4__density,dual_g8_s912101_b4,/srv/slam-research/grf/map-denoise/runs/multiscan-pilot-v1/repair-v2-oyuie4pl/synthetics/identifiable/dual_g8_s912101_b4.json,identity,development,density,true_bilayer,8.0,4.0,912101,480,8,1.0,True,1.4279998140409589e-05,True,True,,,self-report; not geometry-derived layer count or success,0.0,0.0,0.0,/srv/slam-research/grf/map-denoise/runs/multiscan-pilot-v1/exploration-v5-development-vdbkdouk/outputs/dual_g8_s912101_b4__density__identity.npz,e85af2a569bf2ce2944a360b148dff39905cab1ff27a02c902621f47a8be501a,3.5975487739552845,3.9536149208746436,6.515839094400196,0.05,0.15833333333333333,3.092688805298608,1.0,4.124052016118922,3.7688901968235857,3.9281722574064495,10.601344448702536,2.6013444487025357,1.325168056087817,4.123798430115721,0.04573335139328365,1.7434112167969322,2.4544133848576424,9.967383004466523,1.967383004466523,"GT source-group affine fits evaluated at x=y=0; may extrapolate, not physical layer count",
dual_g8_s912101_b4__density,dual_g8_s912101_b4,/srv/slam-research/grf/map-denoise/runs/multiscan-pilot-v1/repair-v2-oyuie4pl/synthetics/identifiable/dual_g8_s912101_b4.json,fast,development,density,true_bilayer,8.0,4.0,912101,480,8,1.0,True,0.0057003510009963065,True,True,,2,self-report; not geometry-derived layer count or success,4.006751365812377,6.5151984846828395,1.0,/srv/slam-research/grf/map-denoise/runs/multiscan-pilot-v1/exploration-v5-development-vdbkdouk/outputs/dual_g8_s912101_b4__density__fast.npz,ee7818b6967cd591c56441bf792a6ce914ee85589d4d349b73e33613974c0bd1,1.3760585643517567,1.6972765807910069,3.180932320156302,0.35833333333333334,0.75625,1.4360305309381747,1.0,1.782953120802726,1.375930104928492,1.670510887493979,8.613796030077582,0.613796030077582,1.0767245037596977,1.782366486318265,0.045733351393283654,2.3009536453034354,3.2248707958224876,6.858782591940263,1.1412174080597373,"GT source-group affine fits evaluated at x=y=0; may extrapolate, not physical layer count",
dual_g8_s912101_b4__density,dual_g8_s912101_b4,/srv/slam-research/grf/map-denoise/runs/multiscan-pilot-v1/repair-v2-oyuie4pl/synthetics/identifiable/dual_g8_s912101_b4.json,open3d_icp_then_xyz,development,density,true_bilayer,8.0,4.0,912101,480,8,1.0,True,0.009537783989799209,True,True,,2,self-report; not geometry-derived layer count or success,9.113769689001431,18.258147499962817,1.0,/srv/slam-research/grf/map-denoise/runs/multiscan-pilot-v1/exploration-v5-development-vdbkdouk/outputs/dual_g8_s912101_b4__density__open3d_icp_then_xyz.npz,087537f69f4e5c9ce47c3f382a00c0cb5a2ffb49890fb18e01ef45810dd4c0fa,1.1556891987339946,1.4635730950142354,3.0187597022943766,0.0625,0.32916666666666666,2.803151565492139,1.0,8.148792014182973,1.147592856495857,1.4488530836244828,7.983479856656455,0.016520143343544902,0.9979349820820569,8.148663675939487,0.04573386968726011,2.6424095259494305,3.406387596612794,5.922124173575005,2.077875826424995,"GT source-group affine fits evaluated at x=y=0; may extrapolate, not physical layer count",
dual_g8_s912101_b4__density,dual_g8_s912101_b4,/srv/slam-research/grf/map-denoise/runs/multiscan-pilot-v1/repair-v2-oyuie4pl/synthetics/identifiable/dual_g8_s912101_b4.json,graph_shared,development,density,true_bilayer,8.0,4.0,912101,480,8,1.0,True,0.10330957500264049,True,True,,,self-report; not geometry-derived layer count or success,4.113229349990655,6.5981673744520934,0.975,/srv/slam-research/grf/map-denoise/runs/multiscan-pilot-v1/exploration-v5-development-vdbkdouk/outputs/dual_g8_s912101_b4__density__graph_shared.npz,ff8680dc7b90b349869ace6757f09431597cbaa1a29d6b9acf4aa3cdecc93f6b,0.5162858170056525,0.9925602955499376,2.0563499029180385,0.8354166666666667,0.9479166666666666,0.4762764021722325,1.0,1.0381186309504358,0.527826633177242,1.0309152337877472,7.83534716036986,0.16465283963013988,0.9794183950462325,1.0340621530085532,0.09168290812208531,0.4765133018432182,0.7414955526281987,7.23859579164934,0.76140420835066,"GT source-group affine fits evaluated at x=y=0; may extrapolate, not physical layer count",
dual_g8_s912101_b4__density,dual_g8_s912101_b4,/srv/slam-research/grf/map-denoise/runs/multiscan-pilot-v1/repair-v2-oyuie4pl/synthetics/identifiable/dual_g8_s912101_b4.json,pool_independent,development,density,true_bilayer,8.0,4.0,912101,480,8,1.0,True,0.116196150003816,True,True,,,self-report; not geometry-derived layer count or success,4.057929857892384,6.530919610728116,0.975,/srv/slam-research/grf/map-denoise/runs/multiscan-pilot-v1/exploration-v5-development-vdbkdouk/outputs/dual_g8_s912101_b4__density__pool_independent.npz,4972e1518f5a40e7cc67555ee1ed3867c13399460662c04bc7f68e773b55b4d3,0.38735079746033385,0.8403926348924188,1.2374933783667288,0.9270833333333334,0.975,0.3415939807306085,1.0,0.8937419101073403,0.3988916113006111,0.889353026509682,8.00768178398762,0.007681783987619539,1.0009602229984524,0.8894665342670303,0.08731486872987265,0.12126871523319196,0.135012921067552,8.01069860053722,0.010698600537219605,"GT source-group affine fits evaluated at x=y=0; may extrapolate, not physical layer count",
dual_g8_s912101_b4__density,dual_g8_s912101_b4,/srv/slam-research/grf/map-denoise/runs/multiscan-pilot-v1/repair-v2-oyuie4pl/synthetics/identifiable/dual_g8_s912101_b4.json,pool_compatible,development,density,true_bilayer,8.0,4.0,912101,480,8,1.0,True,0.13236862799385563,True,True,,,self-report; not geometry-derived layer count or success,4.068825512938204,6.622900387604652,0.975,/srv/slam-research/grf/map-denoise/runs/multiscan-pilot-v1/exploration-v5-development-vdbkdouk/outputs/dual_g8_s912101_b4__density__pool_compatible.npz,511e5efde56ae08ff2e2e95cf0e06ed25e42491797994a0b3aa9b44e72eacee2,0.33404543002510595,0.8257359030026099,1.2083106173559623,0.9270833333333334,0.975,0.2886919235996107,1.0,0.8799747701789367,0.3455861998574427,0.8757189091038686,8.00289199529277,0.0028919952927708437,1.0003614994115964,0.8758280323836617,0.08532791947795472,0.11948356629142096,0.14468681400653258,7.996832753111858,0.0031672468881422944,"GT source-group affine fits evaluated at x=y=0; may extrapolate, not physical layer count",
dual_g8_s912101_b4__density,dual_g8_s912101_b4,/srv/slam-research/grf/map-denoise/runs/multiscan-pilot-v1/repair-v2-oyuie4pl/synthetics/identifiable/dual_g8_s912101_b4.json,shared_group_slope,development,density,true_bilayer,8.0,4.0,912101,480,8,1.0,True,0.13250921400322113,True,True,,,self-report; not geometry-derived layer count or success,4.322947963428009,7.300166890696387,0.975,/srv/slam-research/grf/map-denoise/runs/multiscan-pilot-v1/exploration-v5-development-vdbkdouk/outputs/dual_g8_s912101_b4__density__shared_group_slope.npz,e3840a87aa54549ab4ef73ffddbe6f4e8ba169bf220d173cf883e5d24ab6381b,0.8458402438925972,1.3277333107723719,3.7833109835307606,0.7958333333333333,0.9145833333333333,0.7911213533857844,1.0,1.3757492984984607,0.8618858283606872,1.343229050972197,7.426130530626724,0.5738694693732764,0.9282663163283404,1.3715451876221085,0.10747060356042412,2.3266262113501237,5.191959097902663,3.7925024681854422,4.207497531814558,"GT source-group affine fits evaluated at x=y=0; may extrapolate, not physical layer count",
dual_g8_s912101_b4__density,dual_g8_s912101_b4,/srv/slam-research/grf/map-denoise/runs/multiscan-pilot-v1/repair-v2-oyuie4pl/synthetics/identifiable/dual_g8_s912101_b4.json,node_intercepts,development,density,true_bilayer,8.0,4.0,912101,480,8,1.0,True,0.13463895900349598,True,True,,,self-report; not geometry-derived layer count or success,4.067534440112289,6.61041784565369,0.975,/srv/slam-research/grf/map-denoise/runs/multiscan-pilot-v1/exploration-v5-development-vdbkdouk/outputs/dual_g8_s912101_b4__density__node_intercepts.npz,9a4cb02da0092a1fc680fbdfaffd33c80f56153f7e918cc9246d9ce0095bbf1f,0.345111413966188,0.8270842262328277,1.2303766071329416,0.9270833333333334,0.9770833333333333,0.2996106897272412,1.0,0.8812400465511213,0.35665205962736574,0.8769475723983489,8.005477226849539,0.0054772268495391074,1.0006846533561924,0.8770593453293429,0.08573753213083911,0.12067427814658606,0.15003513800324744,8.00590198564844,0.0059019856484407995,"GT source-group affine fits evaluated at x=y=0; may extrapolate, not physical layer count",
dual_g8_s912101_b4__density,dual_g8_s912101_b4,/srv/slam-research/grf/map-denoise/runs/multiscan-pilot-v1/repair-v2-oyuie4pl/synthetics/identifiable/dual_g8_s912101_b4.json,official_gicp,development,density,true_bilayer,8.0,4.0,912101,480,8,1.0,True,0.014344053008244373,True,True,,,self-report; not geometry-derived layer count or success,22.21682468656732,36.4909027061942,1.0,/srv/slam-research/grf/map-denoise/runs/multiscan-pilot-v1/exploration-v5-development-vdbkdouk/outputs/dual_g8_s912101_b4__density__official_gicp.npz,19235434b536a95fcba686feade7ff0c77cb9044cbbe91b44370aee7b8b8a1f5,2.8735126438184095,5.4695387529503545,13.774558493685076,0.020833333333333332,0.2125,3.3684844019163886,1.0,21.8685427687033,1.3654097746446483,2.173997352312803,7.295137420169804,0.7048625798301957,0.9118921775212255,21.868494947919388,0.04573335139328389,2.02833563683864,2.662970837250611,6.039956628366788,1.960043371633212,"GT source-group affine fits evaluated at x=y=0; may extrapolate, not physical layer count",
dual_g8_s912101_b4__partial_overlap,dual_g8_s912101_b4,/srv/slam-research/grf/map-denoise/runs/multiscan-pilot-v1/repair-v2-oyuie4pl/synthetics/identifiable/dual_g8_s912101_b4.json,identity,development,partial_overlap,true_bilayer,8.0,4.0,912101,536,8,1.0,True,1.6174002666957676e-05,True,True,,,self-report; not geometry-derived layer count or success,0.0,0.0,0.0,/srv/slam-research/grf/map-denoise/runs/multiscan-pilot-v1/exploration-v5-development-vdbkdouk/outputs/dual_g8_s912101_b4__partial_overlap__identity.npz,ce90e9d22a6755144584c94de1fdcb03f14a3aa7006d2630035c79def70de4dd,3.591221663581302,3.94776227927003,6.541881646554034,0.04477611940298507,0.1623134328358209,3.0440094439068806,1.0,4.158796519943948,3.8010335324713203,3.9249459023822983,10.992730671896311,2.992730671896311,1.3740913339870389,4.158608887367585,0.0395046352372746,2.254391475410831,2.5527927247585236,9.325350952320258,1.3253509523202585,"GT source-group affine fits evaluated at x=y=0; may extrapolate, not physical layer count",
dual_g8_s912101_b4__partial_overlap,dual_g8_s912101_b4,/srv/slam-research/grf/map-denoise/runs/multiscan-pilot-v1/repair-v2-oyuie4pl/synthetics/identifiable/dual_g8_s912101_b4.json,fast,development,partial_overlap,true_bilayer,8.0,4.0,912101,536,8,1.0,True,0.005703351998818107,True,True,,2,self-report; not geometry-derived layer count or success,4.095897201176356,6.9101600634797515,1.0,/srv/slam-research/grf/map-denoise/runs/multiscan-pilot-v1/exploration-v5-development-vdbkdouk/outputs/dual_g8_s912101_b4__partial_overlap__fast.npz,5239236ca0202d507971960667a4af0cb8b511214c2ed3410ea35f4943706780,1.420442811997373,1.779759530943027,3.3335171162015307,0.33955223880597013,0.7145522388059702,1.522499962728793,1.0,1.8928536842060744,1.4251434536392638,1.7827614020942832,8.353062590788493,0.3530625907884932,1.0441328238485617,1.8924414003100012,0.03950463523727502,2.5647305377198277,3.269092738964525,6.7846651643790254,1.2153348356209746,"GT source-group affine fits evaluated at x=y=0; may extrapolate, not physical layer count",
dual_g8_s912101_b4__partial_overlap,dual_g8_s912101_b4,/srv/slam-research/grf/map-denoise/runs/multiscan-pilot-v1/repair-v2-oyuie4pl/synthetics/identifiable/dual_g8_s912101_b4.json,open3d_icp_then_xyz,development,partial_overlap,true_bilayer,8.0,4.0,912101,536,8,1.0,True,0.017895882003358565,True,True,,2,self-report; not geometry-derived layer count or success,13.80316433388805,21.920834769599864,1.0,/srv/slam-research/grf/map-denoise/runs/multiscan-pilot-v1/exploration-v5-development-vdbkdouk/outputs/dual_g8_s912101_b4__partial_overlap__open3d_icp_then_xyz.npz,2f8b01e48810b340ccc25ae92d33649594d56ee8d7643b726779e2ee0b8be9a8,1.6093916094914762,1.9546028502815986,3.6464217384592,0.04477611940298507,0.2462686567164179,3.5359973861580967,1.0,13.009657268032802,1.7297307804888828,2.098172130723186,6.595737738343266,1.4042622616567337,0.8244672172929083,13.009597272213988,0.03951008075248569,5.640014296936168,6.658795299394831,3.5662516751037865,4.4337483248962135,"GT source-group affine fits evaluated at x=y=0; may extrapolate, not physical layer count",
dual_g8_s912101_b4__partial_overlap,dual_g8_s912101_b4,/srv/slam-research/grf/map-denoise/runs/multiscan-pilot-v1/repair-v2-oyuie4pl/synthetics/identifiable/dual_g8_s912101_b4.json,graph_shared,development,partial_overlap,true_bilayer,8.0,4.0,912101,536,8,1.0,True,0.11667920400213916,True,True,,,self-report; not geometry-derived layer count or success,4.232980068115422,6.757457410353182,0.9645522388059702,/srv/slam-research/grf/map-denoise/runs/multiscan-pilot-v1/exploration-v5-development-vdbkdouk/outputs/dual_g8_s912101_b4__partial_overlap__graph_shared.npz,383e4c066a62c331e27a9e65ebb9cb2f6f61eb825cfffea64dbb4827bd3e25a1,0.6688456555753562,1.0490274444824033,2.2469469271309146,0.7779850746268657,0.9347014925373134,0.6415141709825624,1.0,1.1767873149786263,0.7043800309198134,1.1405529957174434,7.369552476672583,0.6304475233274172,0.9211940595840729,1.1767633945923572,0.00750318879389109,0.3397523374229652,0.8340383762571634,6.824257655432648,1.175742344567352,"GT source-group affine fits evaluated at x=y=0; may extrapolate, not physical layer count",
dual_g8_s912101_b4__partial_overlap,dual_g8_s912101_b4,/srv/slam-research/grf/map-denoise/runs/multiscan-pilot-v1/repair-v2-oyuie4pl/synthetics/identifiable/dual_g8_s912101_b4.json,pool_independent,development,partial_overlap,true_bilayer,8.0,4.0,912101,536,8,1.0,True,0.13589485500415321,True,True,,,self-report; not geometry-derived layer count or success,4.19112018392037,6.753349446883323,0.9645522388059702,/srv/slam-research/grf/map-denoise/runs/multiscan-pilot-v1/exploration-v5-development-vdbkdouk/outputs/dual_g8_s912101_b4__partial_overlap__pool_independent.npz,3f3ef3c679bcca9557ec01b9628aad94616b104874b5a9d018e6754eedaaf4ca,0.5454265133906573,0.901790000762892,1.8672815303332437,0.875,0.960820895522388,0.517213502059217,1.0,1.0476613473302117,0.5809608887351144,1.030753846596465,7.5951107329241765,0.4048892670758235,0.9493888416155221,1.0474324488377973,0.021898945440586643,0.12669685067011555,0.16052544244804454,7.640486713723716,0.3595132862762842,"GT source-group affine fits evaluated at x=y=0; may extrapolate, not physical layer count",
dual_g8_s912101_b4__partial_overlap,dual_g8_s912101_b4,/srv/slam-research/grf/map-denoise/runs/multiscan-pilot-v1/repair-v2-oyuie4pl/synthetics/identifiable/dual_g8_s912101_b4.json,pool_compatible,development,partial_overlap,true_bilayer,8.0,4.0,912101,536,8,1.0,True,0.1536890389979817,True,True,,,self-report; not geometry-derived layer count or success,4.192666521311023,6.849173300527722,0.9645522388059702,/srv/slam-research/grf/map-denoise/runs/multiscan-pilot-v1/exploration-v5-development-vdbkdouk/outputs/dual_g8_s912101_b4__partial_overlap__pool_compatible.npz,90db4cc4b486e68c81120c1cf9861db8b678d33fddbfe29ddefdbec24965bd6d,0.531704869410572,0.8950137391887473,1.788299526317131,0.8694029850746269,0.9626865671641791,0.504580434028417,1.0,1.041834320858869,0.5672392447550292,1.0248468428893536,7.595435228500507,0.4045647714994933,0.9494294035625633,1.0415934745588673,0.02240057757842822,0.13071521825784396,0.15465182306792682,7.644750258746605,0.35524974125339526,"GT source-group affine fits evaluated at x=y=0; may extrapolate, not physical layer count",
dual_g8_s912101_b4__partial_overlap,dual_g8_s912101_b4,/srv/slam-research/grf/map-denoise/runs/multiscan-pilot-v1/repair-v2-oyuie4pl/synthetics/identifiable/dual_g8_s912101_b4.json,shared_group_slope,development,partial_overlap,true_bilayer,8.0,4.0,912101,536,8,1.0,True,0.1548837860027561,True,True,,,self-report; not geometry-derived layer count or success,4.335442184976765,7.177453936172789,0.9645522388059702,/srv/slam-research/grf/map-denoise/runs/multiscan-pilot-v1/exploration-v5-development-vdbkdouk/outputs/dual_g8_s912101_b4__partial_overlap__shared_group_slope.npz,c5f4216d6f9a08a1b35b564713399218f02c1c2dddd97b264552701918ca1ee3,1.059328313553429,1.448365592705804,3.948584431533232,0.5802238805970149,0.914179104477612,1.0258536159794063,1.0,1.5700863370428866,1.1048035453237066,1.4641190319108432,6.766752818397817,1.2332471816021826,0.8458441022997272,1.569867092372969,0.02623772195120881,2.3814459466822377,6.668955317615356,2.4536753491772867,5.546324650822713,"GT source-group affine fits evaluated at x=y=0; may extrapolate, not physical layer count",
dual_g8_s912101_b4__partial_overlap,dual_g8_s912101_b4,/srv/slam-research/grf/map-denoise/runs/multiscan-pilot-v1/repair-v2-oyuie4pl/synthetics/identifiable/dual_g8_s912101_b4.json,node_intercepts,development,partial_overlap,true_bilayer,8.0,4.0,912101,536,8,1.0,True,0.151927558996249,True,True,,,self-report; not geometry-derived layer count or success,4.194910949537105,6.78532179213575,0.9645522388059702,/srv/slam-research/grf/map-denoise/runs/multiscan-pilot-v1/exploration-v5-development-vdbkdouk/outputs/dual_g8_s912101_b4__partial_overlap__node_intercepts.npz,8c40418b44ddea4e75dbc004ea91e9a479ec6c478806fccfd6b2b9c970f0905a,0.5362109257422837,0.896023147230199,1.7524935216495316,0.8675373134328358,0.960820895522388,0.5091562383255168,1.0,1.0427016516569823,0.5717453010867408,1.0257374903977448,7.595596379227905,0.40440362077209535,0.9494495474034881,1.0424566736314982,0.022601282471377295,0.1313933608155338,0.15592123085851606,7.644441482368422,0.35555851763157786,"GT source-group affine fits evaluated at x=y=0; may extrapolate, not physical layer count",
dual_g8_s912101_b4__partial_overlap,dual_g8_s912101_b4,/srv/slam-research/grf/map-denoise/runs/multiscan-pilot-v1/repair-v2-oyuie4pl/synthetics/identifiable/dual_g8_s912101_b4.json,official_gicp,development,partial_overlap,true_bilayer,8.0,4.0,912101,536,8,1.0,True,0.01724255899898708,True,True,,,self-report; not geometry-derived layer count or success,16.531135506460455,25.216081861823763,1.0,/srv/slam-research/grf/map-denoise/runs/multiscan-pilot-v1/exploration-v5-development-vdbkdouk/outputs/dual_g8_s912101_b4__partial_overlap__official_gicp.npz,6f7b006c7dd5f2551ba66599267f11393bba4cc387a61877232b34b3448294ca,1.6613912434641434,2.7973291753586897,5.628972937308959,0.054104477611940295,0.332089552238806,2.846630314084736,1.0,16.015239892760597,1.4382573157474552,2.1041071925410884,7.451669735993472,0.5483302640065277,0.931458716999184,16.01519116983826,0.03950463523727565,2.4608693251334963,4.571131704915092,5.7068896966629525,2.2931103033370475,"GT source-group affine fits evaluated at x=y=0; may extrapolate, not physical layer count",
dual_g8_s912101_b4__rigid_coordinates,dual_g8_s912101_b4,/srv/slam-research/grf/map-denoise/runs/multiscan-pilot-v1/repair-v2-oyuie4pl/synthetics/identifiable/dual_g8_s912101_b4.json,identity,development,rigid_coordinates,true_bilayer,8.0,4.0,912101,768,8,1.0,True,1.6843012417666614e-05,True,True,,,self-report; not geometry-derived layer count or success,0.0,0.0,0.0,/srv/slam-research/grf/map-denoise/runs/multiscan-pilot-v1/exploration-v5-development-vdbkdouk/outputs/dual_g8_s912101_b4__rigid_coordinates__identity.npz,1174ede6924f5d2cf5b83865485816268991995f6986aafad9585d29c1563938,3.6375552112040794,3.9921950101392394,6.580811282617882,0.046875,0.18098958333333334,2.8959789987123323,1.0,4.145698391964447,3.7892775109664143,4.142176120560208,8.34610763457745,0.3461076345774501,1.0432634543221813,4.145482240911024,0.04233376226978749,0.7262798536025391,0.762709675334317,9.100796971594711,1.1007969715947112,"GT source-group affine fits evaluated at x=y=0; may extrapolate, not physical layer count",3.168939385353654e-14
dual_g8_s912101_b4__rigid_coordinates,dual_g8_s912101_b4,/srv/slam-research/grf/map-denoise/runs/multiscan-pilot-v1/repair-v2-oyuie4pl/synthetics/identifiable/dual_g8_s912101_b4.json,fast,development,rigid_coordinates,true_bilayer,8.0,4.0,912101,768,8,1.0,True,0.009812228003283963,True,True,,2,self-report; not geometry-derived layer count or success,4.2321349664277035,7.18170181042798,1.0,/srv/slam-research/grf/map-denoise/runs/multiscan-pilot-v1/exploration-v5-development-vdbkdouk/outputs/dual_g8_s912101_b4__rigid_coordinates__fast.npz,2cd154ac2f4f63cdf59f50b891e6f93298841a7740fb7eac56432e574fbcda21,1.1163410157301032,1.3446491412062012,2.491476474345133,0.4505208333333333,0.8997395833333334,1.1668549031627318,1.0,1.4047605102726217,1.1165253128756036,1.322203526960589,7.488415056455621,0.5115849435443787,0.9360518820569527,1.4041224817634257,0.04233376226978775,1.9519133962379236,3.24374169600701,4.885960210630006,3.1140397893699943,"GT source-group affine fits evaluated at x=y=0; may extrapolate, not physical layer count",2.246912004267536e-12
dual_g8_s912101_b4__rigid_coordinates,dual_g8_s912101_b4,/srv/slam-research/grf/map-denoise/runs/multiscan-pilot-v1/repair-v2-oyuie4pl/synthetics/identifiable/dual_g8_s912101_b4.json,open3d_icp_then_xyz,development,rigid_coordinates,true_bilayer,8.0,4.0,912101,768,8,1.0,True,0.01642924999759998,True,True,,2,self-report; not geometry-derived layer count or success,5.082981843797057,7.882093388020467,1.0,/srv/slam-research/grf/map-denoise/runs/multiscan-pilot-v1/exploration-v5-development-vdbkdouk/outputs/dual_g8_s912101_b4__rigid_coordinates__open3d_icp_then_xyz.npz,242e14783187aec9a876a17df2f80fc92805ef367176def4af94ca90a121b543,1.0103474469202702,1.2210325610927744,2.1986303107124985,0.12630208333333334,0.6341145833333334,1.8318028477138026,1.0,3.0767685725012375,1.0019373053057237,1.1624142187248103,7.385844583252483,0.6141554167475167,0.9232305729065604,3.076477324624692,0.04233343597442368,2.0073842787186966,3.0744040735429863,4.823376395120236,3.1766236048797643,"GT source-group affine fits evaluated at x=y=0; may extrapolate, not physical layer count",5.0546461077952113e-14
dual_g8_s912101_b4__rigid_coordinates,dual_g8_s912101_b4,/srv/slam-research/grf/map-denoise/runs/multiscan-pilot-v1/repair-v2-oyuie4pl/synthetics/identifiable/dual_g8_s912101_b4.json,graph_shared,development,rigid_coordinates,true_bilayer,8.0,4.0,912101,768,8,1.0,True,0.1583026529988274,True,True,,,self-report; not geometry-derived layer count or success,4.17892236647603,6.694779891583595,0.9856770833333334,/srv/slam-research/grf/map-denoise/runs/multiscan-pilot-v1/exploration-v5-development-vdbkdouk/outputs/dual_g8_s912101_b4__rigid_coordinates__graph_shared.npz,3acc0d4884fad933165d27fd9d92bb9c2af10c7f2b6c9a5c2da68911f6a73e32,0.4798360768981591,0.8682559088296685,1.869136545355856,0.8450520833333334,0.9596354166666666,0.45216853869099555,1.0,0.9435570361359074,0.4968676922756119,0.9386812373710488,7.81225892167982,0.1877410783201796,0.9765323652099775,0.9430605215554376,0.030606096209153888,0.6188477924613003,0.7692210206108065,7.10936545889669,0.8906345411033101,"GT source-group affine fits evaluated at x=y=0; may extrapolate, not physical layer count",3.747027763763942e-14
dual_g8_s912101_b4__rigid_coordinates,dual_g8_s912101_b4,/srv/slam-research/grf/map-denoise/runs/multiscan-pilot-v1/repair-v2-oyuie4pl/synthetics/identifiable/dual_g8_s912101_b4.json,pool_independent,development,rigid_coordinates,true_bilayer,8.0,4.0,912101,768,8,1.0,True,0.18211586499819532,True,True,,,self-report; not geometry-derived layer count or success,4.142471724054783,6.61482861880123,0.9856770833333334,/srv/slam-research/grf/map-denoise/runs/multiscan-pilot-v1/exploration-v5-development-vdbkdouk/outputs/dual_g8_s912101_b4__rigid_coordinates__pool_independent.npz,c079cdc8ffb1384b724e04f5c2b9bb3f32085632784c36d13048cc135f3e8840,0.35747275752621493,0.6913581243815312,1.272424905395566,0.9283854166666666,0.9817708333333334,0.3348220325795226,1.0,0.7838389477521339,0.37450437262354536,0.7830035327371645,7.992754366944366,0.00724563305563386,0.9990942958680458,0.7831226163213391,0.03350319117925118,0.2379625156283429,0.27414732432863925,7.8725707596982275,0.1274292403017725,"GT source-group affine fits evaluated at x=y=0; may extrapolate, not physical layer count",3.867539211276155e-14
dual_g8_s912101_b4__rigid_coordinates,dual_g8_s912101_b4,/srv/slam-research/grf/map-denoise/runs/multiscan-pilot-v1/repair-v2-oyuie4pl/synthetics/identifiable/dual_g8_s912101_b4.json,pool_compatible,development,rigid_coordinates,true_bilayer,8.0,4.0,912101,768,8,1.0,True,0.20533271398744546,True,True,,,self-report; not geometry-derived layer count or success,4.137616576678882,6.638747183667129,0.9856770833333334,/srv/slam-research/grf/map-denoise/runs/multiscan-pilot-v1/exploration-v5-development-vdbkdouk/outputs/dual_g8_s912101_b4__rigid_coordinates__pool_compatible.npz,7a9953f5b26825cdab862a024b5626374eb2ef7c281a70b35b87caee9c99acbe,0.32566042198258294,0.674621052092285,1.1734483062913776,0.9361979166666666,0.9817708333333334,0.302942430597608,1.0,0.7691167618436705,0.34269203534456,0.7682051685781491,7.989377968242712,0.010622031757288042,0.998672246030339,0.7683352597792299,0.034662976341866616,0.23488639758351273,0.27418459951600516,7.851611810789632,0.148388189210368,"GT source-group affine fits evaluated at x=y=0; may extrapolate, not physical layer count",3.661662861304856e-14
dual_g8_s912101_b4__rigid_coordinates,dual_g8_s912101_b4,/srv/slam-research/grf/map-denoise/runs/multiscan-pilot-v1/repair-v2-oyuie4pl/synthetics/identifiable/dual_g8_s912101_b4.json,shared_group_slope,development,rigid_coordinates,true_bilayer,8.0,4.0,912101,768,8,1.0,True,0.20864992499991786,True,True,,,self-report; not geometry-derived layer count or success,4.318701429328213,7.294967035093819,0.9856770833333334,/srv/slam-research/grf/map-denoise/runs/multiscan-pilot-v1/exploration-v5-development-vdbkdouk/outputs/dual_g8_s912101_b4__rigid_coordinates__shared_group_slope.npz,c43cdad500c532679b4a791365ec410664fcc852924c31622aa60bb1191d906a,0.9767792810194932,1.3676250878133196,3.9005291071271486,0.640625,0.921875,0.935708384399649,1.0,1.4207870073033575,0.9952700249710933,1.3700046107045893,7.2170787243040495,0.7829212756959505,0.9021348405380062,1.4203195258055952,0.036443994531340076,2.8908136039560794,6.200933736162237,2.7462607593796573,5.253739240620343,"GT source-group affine fits evaluated at x=y=0; may extrapolate, not physical layer count",3.7494064634543613e-14
dual_g8_s912101_b4__rigid_coordinates,dual_g8_s912101_b4,/srv/slam-research/grf/map-denoise/runs/multiscan-pilot-v1/repair-v2-oyuie4pl/synthetics/identifiable/dual_g8_s912101_b4.json,node_intercepts,development,rigid_coordinates,true_bilayer,8.0,4.0,912101,768,8,1.0,True,0.20438248199934606,True,True,,,self-report; not geometry-derived layer count or success,4.144536035200225,6.621445301838261,0.9856770833333334,/srv/slam-research/grf/map-denoise/runs/multiscan-pilot-v1/exploration-v5-development-vdbkdouk/outputs/dual_g8_s912101_b4__rigid_coordinates__node_intercepts.npz,11ccb694e60a362f9c0275875688bd7dae4bf55426dc80055fda061c6149ae09,0.3319780600351198,0.6751143280835429,1.2031925968453858,0.9244791666666666,0.9817708333333334,0.3106738565829566,1.0,0.7695498481697974,0.3490096727007124,0.7686939696192301,7.991626088782504,0.008373911217495866,0.998953261097813,0.7688180043445892,0.0335536140193771,0.23434075144771638,0.2723960750235408,7.866578030331414,0.13342196966858566,"GT source-group affine fits evaluated at x=y=0; may extrapolate, not physical layer count",3.908964466921607e-14
dual_g8_s912101_b4__rigid_coordinates,dual_g8_s912101_b4,/srv/slam-research/grf/map-denoise/runs/multiscan-pilot-v1/repair-v2-oyuie4pl/synthetics/identifiable/dual_g8_s912101_b4.json,official_gicp,development,rigid_coordinates,true_bilayer,8.0,4.0,912101,768,8,1.0,True,0.02541000999917742,True,True,,,self-report; not geometry-derived layer count or success,23.03791007103889,44.25866056422144,1.0,/srv/slam-research/grf/map-denoise/runs/multiscan-pilot-v1/exploration-v5-development-vdbkdouk/outputs/dual_g8_s912101_b4__rigid_coordinates__official_gicp.npz,683c252c5754f39a75ec4e7b262ca3ca389c5be7231e8e045b7abc9739f89b79,1.8371713573172526,4.2254060115072525,7.2904961871455365,0.07682291666666667,0.40625,2.521855151582168,1.0,22.712081697110577,0.9220384425251492,1.1632315831738178,7.916888656500441,0.08311134349955918,0.9896110820625551,22.712042243461887,0.04233376226978882,0.39970448213825804,0.48480259880158877,7.585185337841762,0.41481466215823826,"GT source-group affine fits evaluated at x=y=0; may extrapolate, not physical layer count",12.755003440537932
ghost_s912101_b4__density,ghost_s912101_b4,/srv/slam-research/grf/map-denoise/runs/multiscan-pilot-v1/repair-v2-oyuie4pl/synthetics/identifiable/ghost_s912101_b4.json,identity,development,density,ghost_monolayer,0.0,4.0,912101,480,8,1.0,True,1.409099786542356e-05,True,True,,,self-report; not geometry-derived layer count or success,0.0,0.0,0.0,/srv/slam-research/grf/map-denoise/runs/multiscan-pilot-v1/exploration-v5-development-vdbkdouk/outputs/ghost_s912101_b4__density__identity.npz,62d793c98d492ebd7297e530fd5afc59868c5abff6e4a6f11f01ca9d645f21fc,3.788397611853131,4.150158059377609,6.769157794474231,0.03958333333333333,0.18333333333333332,3.1449940524219144,1.0,4.150158059377609,3.788397611853131,4.15001747673517,,,,4.15001747673517,0.034159341468724055,2.3542392624124937,2.3542392624124937,,,,
ghost_s912101_b4__density,ghost_s912101_b4,/srv/slam-research/grf/map-denoise/runs/multiscan-pilot-v1/repair-v2-oyuie4pl/synthetics/identifiable/ghost_s912101_b4.json,fast,development,density,ghost_monolayer,0.0,4.0,912101,480,8,1.0,True,0.0055483309988630936,True,True,,2,self-report; not geometry-derived layer count or success,4.424650943423776,6.887499730218491,1.0,/srv/slam-research/grf/map-denoise/runs/multiscan-pilot-v1/exploration-v5-development-vdbkdouk/outputs/ghost_s912101_b4__density__fast.npz,0a13279203460ffe0e9a2dfdeb76cacc689def48bb4cb3d9648be0e3933d1c2c,0.9038526168155774,1.1825852766382203,2.6601685146820624,0.65625,0.9375,0.884870659390024,1.0,1.1968442527689975,0.9038526168155774,1.1820918221153207,,,,1.1963566795803844,0.034159341468723785,0.4177388376798091,0.4177388376798091,,,,
ghost_s912101_b4__density,ghost_s912101_b4,/srv/slam-research/grf/map-denoise/runs/multiscan-pilot-v1/repair-v2-oyuie4pl/synthetics/identifiable/ghost_s912101_b4.json,open3d_icp_then_xyz,development,density,ghost_monolayer,0.0,4.0,912101,480,8,1.0,True,0.015565164998406544,True,True,,2,self-report; not geometry-derived layer count or success,6.1190361495515315,8.900749733790985,1.0,/srv/slam-research/grf/map-denoise/runs/multiscan-pilot-v1/exploration-v5-development-vdbkdouk/outputs/ghost_s912101_b4__density__open3d_icp_then_xyz.npz,ca5f3ff5f3be25f7308952a7b5ebcfe87bf1959c5cba94d913f21f59273fb180,0.6560715592028536,0.8516928337087791,1.6094731551525285,0.10416666666666667,0.4479166666666667,2.2930173015420503,1.0,4.621291537896085,0.6453484559047207,0.8153544535611653,,,,4.621165292854652,0.03415866428211623,0.8440678637968478,0.8440678637968478,,,,
ghost_s912101_b4__density,ghost_s912101_b4,/srv/slam-research/grf/map-denoise/runs/multiscan-pilot-v1/repair-v2-oyuie4pl/synthetics/identifiable/ghost_s912101_b4.json,graph_shared,development,density,ghost_monolayer,0.0,4.0,912101,480,8,1.0,True,0.09588054800406098,True,True,,,self-report; not geometry-derived layer count or success,4.152415373848013,6.8082756810622325,1.0,/srv/slam-research/grf/map-denoise/runs/multiscan-pilot-v1/exploration-v5-development-vdbkdouk/outputs/ghost_s912101_b4__density__graph_shared.npz,131375859bea29310b4ec63f2312a48dec30d36d31b13e59cc9e0d6c968e797c,0.16447467638059798,0.206050459232448,0.4301200825328298,1.0,1.0,0.16944289332373696,1.0,0.20820861351013695,0.16447467638059798,0.2031086338810139,,,,0.20529771584725223,0.03469401400406786,0.06705873647848003,0.06705873647848003,,,,
ghost_s912101_b4__density,ghost_s912101_b4,/srv/slam-research/grf/map-denoise/runs/multiscan-pilot-v1/repair-v2-oyuie4pl/synthetics/identifiable/ghost_s912101_b4.json,pool_independent,development,density,ghost_monolayer,0.0,4.0,912101,480,8,1.0,True,0.1085280179977417,True,True,,,self-report; not geometry-derived layer count or success,4.152364810318622,6.806835335467332,1.0,/srv/slam-research/grf/map-denoise/runs/multiscan-pilot-v1/exploration-v5-development-vdbkdouk/outputs/ghost_s912101_b4__density__pool_independent.npz,aebd75b48c4e3eee2b342663fe893eaf96ee410fd5a44db6c1b94bbb35b52448,0.16745545345316762,0.21027227489117983,0.43516404473611736,1.0,1.0,0.1724386980235471,1.0,0.21242354371329478,0.16745545345316762,0.20739035891975088,,,,0.2095712129410731,0.03469392785663591,0.06379636999011602,0.06379636999011602,,,,
ghost_s912101_b4__density,ghost_s912101_b4,/srv/slam-research/grf/map-denoise/runs/multiscan-pilot-v1/repair-v2-oyuie4pl/synthetics/identifiable/ghost_s912101_b4.json,pool_compatible,development,density,ghost_monolayer,0.0,4.0,912101,480,8,1.0,True,0.12354659699485637,True,True,,,self-report; not geometry-derived layer count or success,4.156355446941353,6.749314337976161,1.0,/srv/slam-research/grf/map-denoise/runs/multiscan-pilot-v1/exploration-v5-development-vdbkdouk/outputs/ghost_s912101_b4__density__pool_compatible.npz,3319b7eded2068a6a82246a4b5f5b8b6755e10d835721cedbeb3e4e10950a66a,0.038183569499636964,0.04602756346745366,0.08407767727826902,1.0,1.0,0.05072182028731645,1.0,0.05504196221906982,0.038183569499636964,0.03026981117960386,,,,0.04274742636770942,0.03467383947391413,0.06378391991584483,0.06378391991584483,,,,
ghost_s912101_b4__density,ghost_s912101_b4,/srv/slam-research/grf/map-denoise/runs/multiscan-pilot-v1/repair-v2-oyuie4pl/synthetics/identifiable/ghost_s912101_b4.json,shared_group_slope,development,density,ghost_monolayer,0.0,4.0,912101,480,8,1.0,True,0.13504059000115376,True,True,,,self-report; not geometry-derived layer count or success,4.156355446941353,6.749314337976161,1.0,/srv/slam-research/grf/map-denoise/runs/multiscan-pilot-v1/exploration-v5-development-vdbkdouk/outputs/ghost_s912101_b4__density__shared_group_slope.npz,a454bad2dc372b3acf40743041dc4360523e79dcf4e62199666b3ff4a2711f9a,0.038183569499636937,0.04602756346745359,0.0840776772782686,1.0,1.0,0.050721820287316415,1.0,0.05504196221906976,0.038183569499636937,0.03026981117960373,,,,0.04274742636770932,0.034673839473914135,0.06378391991584456,0.06378391991584456,,,,
ghost_s912101_b4__density,ghost_s912101_b4,/srv/slam-research/grf/map-denoise/runs/multiscan-pilot-v1/repair-v2-oyuie4pl/synthetics/identifiable/ghost_s912101_b4.json,node_intercepts,development,density,ghost_monolayer,0.0,4.0,912101,480,8,1.0,True,0.12380986499192659,True,True,,,self-report; not geometry-derived layer count or success,4.1519772778618655,6.816683281995135,1.0,/srv/slam-research/grf/map-denoise/runs/multiscan-pilot-v1/exploration-v5-development-vdbkdouk/outputs/ghost_s912101_b4__density__node_intercepts.npz,f9c4f028f625b9ed0fc8cf3ead92690dc9e2c5d4c654c63aba38843ca25c6095,0.12196842860606918,0.15149003383480544,0.2929919633763434,1.0,1.0,0.12860452195096564,1.0,0.1544616229437399,0.12196842860606918,0.1474567756830419,,,,0.15050801735850858,0.03472361837748141,0.06383073328042278,0.06383073328042278,,,,
ghost_s912101_b4__density,ghost_s912101_b4,/srv/slam-research/grf/map-denoise/runs/multiscan-pilot-v1/repair-v2-oyuie4pl/synthetics/identifiable/ghost_s912101_b4.json,official_gicp,development,density,ghost_monolayer,0.0,4.0,912101,480,8,1.0,True,0.012363832007395104,True,True,,,self-report; not geometry-derived layer count or success,17.391927851946733,33.524429586486605,1.0,/srv/slam-research/grf/map-denoise/runs/multiscan-pilot-v1/exploration-v5-development-vdbkdouk/outputs/ghost_s912101_b4__density__official_gicp.npz,2a11fe0aac79c91b6df543d09936a30310fd1baebf910d3e5e3e5650da587f1f,1.3351099210262118,2.9547163418210296,4.1182469321186295,0.052083333333333336,0.29583333333333334,2.880490953265212,1.0,16.917104293526247,0.8326561180090182,1.0347543041368834,,,,16.91706980589235,0.0341593414687265,0.19639509328432944,0.19639509328432944,,,,
ghost_s912101_b4__partial_overlap,ghost_s912101_b4,/srv/slam-research/grf/map-denoise/runs/multiscan-pilot-v1/repair-v2-oyuie4pl/synthetics/identifiable/ghost_s912101_b4.json,identity,development,partial_overlap,ghost_monolayer,0.0,4.0,912101,536,8,1.0,True,1.53339933604002e-05,True,True,,,self-report; not geometry-derived layer count or success,0.0,0.0,0.0,/srv/slam-research/grf/map-denoise/runs/multiscan-pilot-v1/exploration-v5-development-vdbkdouk/outputs/ghost_s912101_b4__partial_overlap__identity.npz,b623163a94e3c4228a3eaf31e197794d6d3002c2ba3fabfb421276d493db0973,3.783082910090407,4.1340757968774335,6.743247168260826,0.03731343283582089,0.18097014925373134,3.0577627583547144,1.0,4.134075796877433,3.783082910090407,4.134005761925823,,,,4.134005761925823,0.02406355526268668,3.184028128474369,3.184028128474369,,,,
ghost_s912101_b4__partial_overlap,ghost_s912101_b4,/srv/slam-research/grf/map-denoise/runs/multiscan-pilot-v1/repair-v2-oyuie4pl/synthetics/identifiable/ghost_s912101_b4.json,fast,development,partial_overlap,ghost_monolayer,0.0,4.0,912101,536,8,1.0,True,0.00558283700956963,True,True,,2,self-report; not geometry-derived layer count or success,3.8271334339142227,6.138721854871418,1.0,/srv/slam-research/grf/map-denoise/runs/multiscan-pilot-v1/exploration-v5-development-vdbkdouk/outputs/ghost_s912101_b4__partial_overlap__fast.npz,ec3e9c43dd64aa1532a50b4dd25b7cbe67d54b990cc002c2516253d8403495b4,1.0991117828761061,1.3665561837625957,2.562493678172307,0.503731343283582,0.9235074626865671,1.0766048286298346,1.0,1.3835078265429188,1.0991117828761061,1.3663443009314702,,,,1.3832985402340416,0.02406355526268689,1.3919205149806817,1.3919205149806817,,,,
ghost_s912101_b4__partial_overlap,ghost_s912101_b4,/srv/slam-research/grf/map-denoise/runs/multiscan-pilot-v1/repair-v2-oyuie4pl/synthetics/identifiable/ghost_s912101_b4.json,open3d_icp_then_xyz,development,partial_overlap,ghost_monolayer,0.0,4.0,912101,536,8,1.0,True,0.01292516700050328,True,True,,2,self-report; not geometry-derived layer count or success,13.01423346373943,17.3628269926312,1.0,/srv/slam-research/grf/map-denoise/runs/multiscan-pilot-v1/exploration-v5-development-vdbkdouk/outputs/ghost_s912101_b4__partial_overlap__open3d_icp_then_xyz.npz,5a9496fefd19487db6a0e8cb614044c0f139932440e23f0bda33b0a580d4fa44,0.6914923845449911,0.8663694568218382,1.6305639124714757,0.0914179104477612,0.41044776119402987,3.0365798718777364,1.0,12.409029375184863,0.6897996573648979,0.8637843782733508,,,,12.409006041667961,0.02406433146587082,1.0664512183587354,1.0664512183587354,,,,
ghost_s912101_b4__partial_overlap,ghost_s912101_b4,/srv/slam-research/grf/map-denoise/runs/multiscan-pilot-v1/repair-v2-oyuie4pl/synthetics/identifiable/ghost_s912101_b4.json,graph_shared,development,partial_overlap,ghost_monolayer,0.0,4.0,912101,536,8,1.0,True,0.09673513400775846,True,True,,,self-report; not geometry-derived layer count or success,4.100343081728905,6.728049433006348,1.0,/srv/slam-research/grf/map-denoise/runs/multiscan-pilot-v1/exploration-v5-development-vdbkdouk/outputs/ghost_s912101_b4__partial_overlap__graph_shared.npz,742872a3c4b5fe9668e51555bbf548a4554531adb8f08cdc4a6c3879cccebe26,0.15510022136883947,0.2356890238404165,0.5342212359485443,0.996268656716418,1.0,0.15744012810975516,1.0,0.23623083693098462,0.15510022136883947,0.23445547874984957,,,,0.23500013590226068,0.024082035691204783,0.12657691391895307,0.12657691391895307,,,,
ghost_s912101_b4__partial_overlap,ghost_s912101_b4,/srv/slam-research/grf/map-denoise/runs/multiscan-pilot-v1/repair-v2-oyuie4pl/synthetics/identifiable/ghost_s912101_b4.json,pool_independent,development,partial_overlap,ghost_monolayer,0.0,4.0,912101,536,8,1.0,True,0.11605969999800436,True,True,,,self-report; not geometry-derived layer count or success,4.100226377675899,6.727940539748595,1.0,/srv/slam-research/grf/map-denoise/runs/multiscan-pilot-v1/exploration-v5-development-vdbkdouk/outputs/ghost_s912101_b4__partial_overlap__pool_independent.npz,9227b73f934d69d6fee7e93974d2099e9adb0551453405f7a7adc57a1bdb1ce3,0.15941242418449483,0.24302791049661004,0.5482755340910923,0.9944029850746269,1.0,0.1618108612191423,1.0,0.24356818799252,0.15941242418449483,0.24183180798534012,,,,0.24237475172770032,0.024081983450189467,0.12767074438080767,0.12767074438080767,,,,
ghost_s912101_b4__partial_overlap,ghost_s912101_b4,/srv/slam-research/grf/map-denoise/runs/multiscan-pilot-v1/repair-v2-oyuie4pl/synthetics/identifiable/ghost_s912101_b4.json,pool_compatible,development,partial_overlap,ghost_monolayer,0.0,4.0,912101,536,8,1.0,True,0.13343091399292462,True,True,,,self-report; not geometry-derived layer count or success,4.104082143300782,6.694974905266351,1.0,/srv/slam-research/grf/map-denoise/runs/multiscan-pilot-v1/exploration-v5-development-vdbkdouk/outputs/ghost_s912101_b4__partial_overlap__pool_compatible.npz,3b2a6520fb3346096eceecd0b96d11d12e98851b29a4140403342db90857e551,0.07979302519142231,0.18806996068427415,0.470274224384843,0.9944029850746269,1.0,0.0847632587366633,1.0,0.1887689108704579,0.07979302519142231,0.18652175551130834,,,,0.18722648551540297,0.024082043783065537,0.12767640724349713,0.12767640724349713,,,,
ghost_s912101_b4__partial_overlap,ghost_s912101_b4,/srv/slam-research/grf/map-denoise/runs/multiscan-pilot-v1/repair-v2-oyuie4pl/synthetics/identifiable/ghost_s912101_b4.json,shared_group_slope,development,partial_overlap,ghost_monolayer,0.0,4.0,912101,536,8,1.0,True,0.13319640800182242,True,True,,,self-report; not geometry-derived layer count or success,4.105600276643552,6.746699504695948,1.0,/srv/slam-research/grf/map-denoise/runs/multiscan-pilot-v1/exploration-v5-development-vdbkdouk/outputs/ghost_s912101_b4__partial_overlap__shared_group_slope.npz,ac7f9252491e6c94513912f251b78d28a140f9374e1fd39c863a895f6c10ee2b,0.06036148829444908,0.09489927926629016,0.25242218791497534,1.0,1.0,0.06467030519112316,1.0,0.09627803333119732,0.06036148829444908,0.09179284699513157,,,,0.09321755873400722,0.024082077273255707,0.12768272667880323,0.12768272667880323,,,,
ghost_s912101_b4__partial_overlap,ghost_s912101_b4,/srv/slam-research/grf/map-denoise/runs/multiscan-pilot-v1/repair-v2-oyuie4pl/synthetics/identifiable/ghost_s912101_b4.json,node_intercepts,development,partial_overlap,ghost_monolayer,0.0,4.0,912101,536,8,1.0,True,0.1326408720051404,True,True,,,self-report; not geometry-derived layer count or success,4.102347564441487,6.658271723915635,1.0,/srv/slam-research/grf/map-denoise/runs/multiscan-pilot-v1/exploration-v5-development-vdbkdouk/outputs/ghost_s912101_b4__partial_overlap__node_intercepts.npz,14642cd25c23826e6e29312ca8a25744696dd99232d8484766079d587f32eb20,0.1322853064909948,0.21124122836186776,0.4702742243848433,0.9944029850746269,1.0,0.13472996715441948,1.0,0.21186322371489302,0.1322853064909948,0.20986402299707657,,,,0.21049008801259061,0.02408211808206792,0.1276741438475446,0.1276741438475446,,,,
ghost_s912101_b4__partial_overlap,ghost_s912101_b4,/srv/slam-research/grf/map-denoise/runs/multiscan-pilot-v1/repair-v2-oyuie4pl/synthetics/identifiable/ghost_s912101_b4.json,official_gicp,development,partial_overlap,ghost_monolayer,0.0,4.0,912101,536,8,1.0,True,0.014648912008851767,True,True,,,self-report; not geometry-derived layer count or success,15.359368427514514,29.394777732168876,1.0,/srv/slam-research/grf/map-denoise/runs/multiscan-pilot-v1/exploration-v5-development-vdbkdouk/outputs/ghost_s912101_b4__partial_overlap__official_gicp.npz,2c8c4574c3879a4436d2a602354976e11e95f23bdec52d55eab494d5bc0454eb,0.9439268174489627,1.5261872811194401,2.2257429657786303,0.08208955223880597,0.4048507462686567,2.726020623071473,1.0,14.870682998925325,0.8215522013972728,1.0297997770559666,,,,14.870663529238861,0.02406355526268748,0.1028680899575175,0.1028680899575175,,,,
ghost_s912101_b4__rigid_coordinates,ghost_s912101_b4,/srv/slam-research/grf/map-denoise/runs/multiscan-pilot-v1/repair-v2-oyuie4pl/synthetics/identifiable/ghost_s912101_b4.json,identity,development,rigid_coordinates,ghost_monolayer,0.0,4.0,912101,768,8,1.0,True,1.52749998960644e-05,True,True,,,self-report; not geometry-derived layer count or success,0.0,0.0,0.0,/srv/slam-research/grf/map-denoise/runs/multiscan-pilot-v1/exploration-v5-development-vdbkdouk/outputs/ghost_s912101_b4__rigid_coordinates__identity.npz,900c9830d6c989b521ee7b46eecb3b05c75426fa7d8ea28ef54edcac20157571,3.7892775109664147,4.145698391964446,6.745503359677445,0.040364583333333336,0.18880208333333334,2.952784878551428,1.0,4.145698391964447,3.7892775109664147,4.145482240911024,,,,4.145482240911024,0.042333762269790076,0.6608061205486294,0.6608061205486294,,,,3.18606508763986e-14
ghost_s912101_b4__rigid_coordinates,ghost_s912101_b4,/srv/slam-research/grf/map-denoise/runs/multiscan-pilot-v1/repair-v2-oyuie4pl/synthetics/identifiable/ghost_s912101_b4.json,fast,development,rigid_coordinates,ghost_monolayer,0.0,4.0,912101,768,8,1.0,True,0.009430040998267941,True,True,,1,self-report; not geometry-derived layer count or success,4.134381687182354,6.74381600438589,1.0,/srv/slam-research/grf/map-denoise/runs/multiscan-pilot-v1/exploration-v5-development-vdbkdouk/outputs/ghost_s912101_b4__rigid_coordinates__fast.npz,fb11d21729354d1e0d4089cc4c986d7116bffdcfa8a11bc914ae2721ffa78fac,0.26640703320801956,0.309994907928948,0.5349135259036092,1.0,1.0,0.2746172050522819,1.0,0.31383190413971185,0.26640703320801956,0.3070906959091431,,,,0.310963529417908,0.04233376226979071,0.6780315521153139,0.6780315521153139,,,,5.032934929716309e-14
ghost_s912101_b4__rigid_coordinates,ghost_s912101_b4,/srv/slam-research/grf/map-denoise/runs/multiscan-pilot-v1/repair-v2-oyuie4pl/synthetics/identifiable/ghost_s912101_b4.json,open3d_icp_then_xyz,development,rigid_coordinates,ghost_monolayer,0.0,4.0,912101,768,8,1.0,True,0.025708353001391515,True,True,,1,self-report; not geometry-derived layer count or success,5.119335074148785,8.20255003508343,1.0,/srv/slam-research/grf/map-denoise/runs/multiscan-pilot-v1/exploration-v5-development-vdbkdouk/outputs/ghost_s912101_b4__rigid_coordinates__open3d_icp_then_xyz.npz,bca55a1f206d76f832542707667312437e536d29a96cc14aa4fcad7211534e77,0.2707648759224561,0.3221621568586937,0.5332034043015204,0.3880208333333333,0.80859375,1.3863809448568551,1.0,3.0307249961939178,0.26633999927066565,0.3077780308969547,,,,3.03042931861588,0.042333762269789584,0.6780315521153156,0.6780315521153156,,,,5.049806587241208e-14
ghost_s912101_b4__rigid_coordinates,ghost_s912101_b4,/srv/slam-research/grf/map-denoise/runs/multiscan-pilot-v1/repair-v2-oyuie4pl/synthetics/identifiable/ghost_s912101_b4.json,graph_shared,development,rigid_coordinates,ghost_monolayer,0.0,4.0,912101,768,8,1.0,True,0.14143151399912313,True,True,,,self-report; not geometry-derived layer count or success,4.142079002193566,6.605954039895351,1.0,/srv/slam-research/grf/map-denoise/runs/multiscan-pilot-v1/exploration-v5-development-vdbkdouk/outputs/ghost_s912101_b4__rigid_coordinates__graph_shared.npz,6e98f4c18853c1aa6acb18ab27847756b72ec3ce507d8112dd58c4c2775f536f,0.15906978163410396,0.20416686802987852,0.3952436462131796,1.0,1.0,0.16444236058865827,1.0,0.20618110199925888,0.15906978163410396,0.19973406449338119,,,,0.20179255025774587,0.04231327784636751,0.06418863199017823,0.06418863199017823,,,,3.7510292432089593e-14
ghost_s912101_b4__rigid_coordinates,ghost_s912101_b4,/srv/slam-research/grf/map-denoise/runs/multiscan-pilot-v1/repair-v2-oyuie4pl/synthetics/identifiable/ghost_s912101_b4.json,pool_independent,development,rigid_coordinates,ghost_monolayer,0.0,4.0,912101,768,8,1.0,True,0.16448131400102284,True,True,,,self-report; not geometry-derived layer count or success,4.142294897754479,6.603449582692203,1.0,/srv/slam-research/grf/map-denoise/runs/multiscan-pilot-v1/exploration-v5-development-vdbkdouk/outputs/ghost_s912101_b4__rigid_coordinates__pool_independent.npz,28ee568ba268e0cd444daa8cef7f07d29dd739467bb1f92b303c10ac0c1674e8,0.162574946978548,0.20894819967306943,0.4083787909187432,1.0,1.0,0.16786949948066385,1.0,0.21089357848118734,0.162574946978548,0.20461886716713487,,,,0.20660501469888548,0.04231393796226031,0.06250470921680863,0.06250470921680863,,,,3.677180174124444e-14
ghost_s912101_b4__rigid_coordinates,ghost_s912101_b4,/srv/slam-research/grf/map-denoise/runs/multiscan-pilot-v1/repair-v2-oyuie4pl/synthetics/identifiable/ghost_s912101_b4.json,pool_compatible,development,rigid_coordinates,ghost_monolayer,0.0,4.0,912101,768,8,1.0,True,0.18919264900614507,True,True,,,self-report; not geometry-derived layer count or success,4.143634098889614,6.7107143542862255,1.0,/srv/slam-research/grf/map-denoise/runs/multiscan-pilot-v1/exploration-v5-development-vdbkdouk/outputs/ghost_s912101_b4__rigid_coordinates__pool_compatible.npz,2129356ef9c89ac44d636c456f093b5ab149b375a29f64ded9c9901d9f9c9360,0.04257531671846148,0.050895206818527876,0.08765162514255134,1.0,1.0,0.05343454331016525,1.0,0.058374665487148196,0.04257531671846148,0.028306959828189322,,,,0.040231374178446674,0.04229702238279022,0.06252571361966879,0.06252571361966879,,,,3.708792342802628e-14
ghost_s912101_b4__rigid_coordinates,ghost_s912101_b4,/srv/slam-research/grf/map-denoise/runs/multiscan-pilot-v1/repair-v2-oyuie4pl/synthetics/identifiable/ghost_s912101_b4.json,shared_group_slope,development,rigid_coordinates,ghost_monolayer,0.0,4.0,912101,768,8,1.0,True,0.1887900330038974,True,True,,,self-report; not geometry-derived layer count or success,4.143634098889614,6.7107143542862255,1.0,/srv/slam-research/grf/map-denoise/runs/multiscan-pilot-v1/exploration-v5-development-vdbkdouk/outputs/ghost_s912101_b4__rigid_coordinates__shared_group_slope.npz,a3f5a59e34bf79333233ae665272176aee0e8091a042fefd1aafefed3b01ee21,0.042575316718461494,0.050895206818527904,0.08765162514255134,1.0,1.0,0.05343454331016526,1.0,0.05837466548714823,0.042575316718461494,0.028306959828189347,,,,0.040231374178446716,0.04229702238279024,0.06252571361966888,0.06252571361966888,,,,3.707256658826878e-14
ghost_s912101_b4__rigid_coordinates,ghost_s912101_b4,/srv/slam-research/grf/map-denoise/runs/multiscan-pilot-v1/repair-v2-oyuie4pl/synthetics/identifiable/ghost_s912101_b4.json,node_intercepts,development,rigid_coordinates,ghost_monolayer,0.0,4.0,912101,768,8,1.0,True,0.19056840000848752,True,True,,,self-report; not geometry-derived layer count or success,4.140231378251926,6.724180285488013,1.0,/srv/slam-research/grf/map-denoise/runs/multiscan-pilot-v1/exploration-v5-development-vdbkdouk/outputs/ghost_s912101_b4__rigid_coordinates__node_intercepts.npz,f74f30e4d025c398825e5575a6913e181f1fd9c95c29850e04b0ab8bee6f4305,0.08957120873664487,0.1138958281973228,0.22298224551718035,1.0,1.0,0.09700260911334102,1.0,0.1174231554600119,0.08957120873664487,0.10575005648703856,,,,0.10954000275874366,0.04229876161072031,0.06252073751150558,0.06252073751150558,,,,3.707495549435801e-14
ghost_s912101_b4__rigid_coordinates,ghost_s912101_b4,/srv/slam-research/grf/map-denoise/runs/multiscan-pilot-v1/repair-v2-oyuie4pl/synthetics/identifiable/ghost_s912101_b4.json,official_gicp,development,rigid_coordinates,ghost_monolayer,0.0,4.0,912101,768,8,1.0,True,0.023926648005726747,True,True,,,self-report; not geometry-derived layer count or success,19.383879152785454,37.43481257006829,1.0,/srv/slam-research/grf/map-denoise/runs/multiscan-pilot-v1/exploration-v5-development-vdbkdouk/outputs/ghost_s912101_b4__rigid_coordinates__official_gicp.npz,6b67fca322fb81cd40d8275b51f46f9c4ee88e7394b2c4d6bd47cbfabc0700cb,1.8239119434013376,4.399023216165495,8.556747434089234,0.09114583333333333,0.421875,2.2733844797151757,1.0,18.978883416090074,0.8390106328608221,1.056346013486741,,,,18.978836201783054,0.042333762269782804,0.36891823054020056,0.36891823054020056,,,,0.28042623645552867
