world_id,neighbor_id,mechanism,normal_error,offset_error_m,error_budget_holds,same_target_layer,good_neighbor,target_covered,finite_interval,projected_depth_m,radius_m
bounded_000,n0,same_layer_bounded,0.00032632590204731014,0.0008474590287914641,True,True,True,True,True,1.9990556512747546,0.004547054397038323
bounded_000,n1,same_layer_bounded,0.0002037521434286731,0.00012841687717846106,True,True,True,True,True,2.0001508665620555,0.004513739735688764
bounded_000,n2,same_layer_bounded,0.0003648641224480173,0.000743289746334419,True,True,True,True,True,1.9990944970245146,0.004596195368829731
bounded_000,n3,same_layer_bounded,0.000251758240257,0.0006430376336454824,True,True,True,True,True,2.0006574202272587,0.00450954030783384
bounded_000,n4,same_layer_bounded,0.0004942086959681627,0.0002640724806557415,True,True,True,True,True,2.000251788453443,0.004507474344556206
bounded_000,n5,same_layer_bounded,0.0003802284429096446,0.000992744200557505,True,True,True,True,True,2.000854569636126,0.004606504661115756
bounded_000,n6,same_layer_bounded,0.0003900665816106232,0.00039010314937049095,True,True,True,True,True,2.0005272428222343,0.0045714932426406465
bounded_000,n7,same_layer_bounded,0.00010023876635553247,0.0007845021670249697,True,True,True,True,True,2.0008577016546547,0.004644058803494614
bounded_000,n8,same_layer_bounded,0.00016233779274566997,0.0004811975143195202,True,True,True,True,True,2.0005789621140058,0.004651095416312158
bounded_001,n0,same_layer_bounded,0.00028653962404808956,0.0008839001946387981,True,True,True,True,True,1.9990678657976664,0.004519487135597798
bounded_001,n1,same_layer_bounded,0.00046007058351157335,0.0009762196993332584,True,True,True,True,True,2.0008773297112636,0.004537387706357156
bounded_001,n2,same_layer_bounded,0.00045504791661655586,9.097407587366213e-05,True,True,True,True,True,1.999914259174998,0.004506712022901769
bounded_001,n3,same_layer_bounded,0.00021115702315533568,0.0007913880843395393,True,True,True,True,True,2.000763908523663,0.004518792306937524
bounded_001,n4,same_layer_bounded,0.0004495320972301729,7.877178203430368e-05,True,True,True,True,True,1.9998634770635142,0.004515740458408753
bounded_001,n5,same_layer_bounded,0.00011929417764635464,0.0004668345885496805,True,True,True,True,True,2.000465956934074,0.00450748989657184
bounded_001,n6,same_layer_bounded,0.00027734823436281514,7.572546554612813e-05,True,True,True,True,True,2.0001050422509863,0.004513205402640078
bounded_001,n7,same_layer_bounded,0.0001289145271734003,0.0007245745808632797,True,True,True,True,True,1.9992814955600517,0.0045070290571380695
bounded_001,n8,same_layer_bounded,5.497772717097691e-05,0.0002561188186438468,True,True,True,True,True,1.9997154404995283,0.004603413088619429
bounded_002,n0,same_layer_bounded,0.0002198433696715368,0.00011923680293079997,True,True,True,True,True,1.9997726209314324,0.004632749765492101
bounded_002,n1,same_layer_bounded,0.00028260592580509546,0.0003102546431394959,True,True,True,True,True,1.9998146084656068,0.0046306281736934385
bounded_002,n2,same_layer_bounded,0.00037462651683705403,6.675913223164187e-05,True,True,True,True,True,2.0000212514564817,0.0045382516344804865
bounded_002,n3,same_layer_bounded,0.00039087250878459324,0.00016841390617239327,True,True,True,True,True,1.9997098886451228,0.004558824476109481
bounded_002,n4,same_layer_bounded,0.00031088515281554017,0.0009965354404566362,True,True,True,True,True,1.9990204628168782,0.004507073187424678
bounded_002,n5,same_layer_bounded,3.936535188732759e-05,1.6347795014581834e-05,True,True,True,True,True,1.9999688372689421,0.004583009374212126
bounded_002,n6,same_layer_bounded,0.0003109053415242134,0.0006241486426046272,True,True,True,True,True,2.0005888959518603,0.004515294300813003
bounded_002,n7,same_layer_bounded,0.0004559839476623326,0.0006929365025158951,True,True,True,True,True,2.000484704015809,0.004648435729165161
bounded_002,n8,same_layer_bounded,0.000441573304577383,0.0007090614271525464,True,True,True,True,True,1.9993923876966138,0.004538731854282848
bounded_003,n0,same_layer_bounded,0.0002670721264949104,0.0005467722512340067,True,True,True,True,True,2.0004412370980096,0.00461778836106688
bounded_003,n1,same_layer_bounded,0.00013572314749155768,0.00034543687325272465,True,True,True,True,True,1.9996074219323359,0.0045620445533021605
bounded_003,n2,same_layer_bounded,0.000467875509122747,0.00027971716934072077,True,True,True,True,True,1.9998587756133976,0.004558154308682988
bounded_003,n3,same_layer_bounded,0.00029764154463823286,0.00042157032830147934,True,True,True,True,True,1.9995814785188772,0.00450619432950137
bounded_003,n4,same_layer_bounded,0.0004139915005583066,0.0009374983944727688,True,True,True,True,True,1.9990230426688398,0.004510113613967251
bounded_003,n5,same_layer_bounded,5.987005884209693e-05,0.0005040307814123679,True,True,True,True,True,1.999468971155674,0.004568523849366789
bounded_003,n6,same_layer_bounded,0.00042052768157185133,0.0007168692157548673,True,True,True,True,True,1.9990792058837825,0.004614821173132818
bounded_003,n7,same_layer_bounded,0.00010622417461457122,0.0001300050298587152,True,True,True,True,True,2.000091802548458,0.00458833087459334
bounded_003,n8,same_layer_bounded,0.00028911183955755135,0.0009173304894032341,True,True,True,True,True,2.001024609195844,0.004568897403288767
bounded_004,n0,same_layer_bounded,0.0004034201157898223,0.00018557979764177723,True,True,True,True,True,2.0003700800146973,0.004618406912522947
bounded_004,n1,same_layer_bounded,0.00014018089079051614,1.3214479405387891e-05,True,True,True,True,True,2.0000075045307453,0.004507701859450546
bounded_004,n2,same_layer_bounded,0.000350978144098522,0.00039229553680808493,True,True,True,True,True,2.000387783047845,0.004507431247248964
bounded_004,n3,same_layer_bounded,0.00020002894026350753,0.00017490525184671313,True,True,True,True,True,1.9997808411602103,0.004532664519209712
bounded_004,n4,same_layer_bounded,9.580493189949094e-05,0.0009237823566698999,True,True,True,True,True,1.9990919601801416,0.004533991938986922
bounded_004,n5,same_layer_bounded,0.00022861353268330365,0.0005874011037385607,True,True,True,True,True,1.999299686190079,0.004610686267145898
bounded_004,n6,same_layer_bounded,0.00014218153694600818,0.00020035926358441536,True,True,True,True,True,1.9998265254138947,0.004528115868082409
bounded_004,n7,same_layer_bounded,0.00016497294201378834,0.0002334663068481735,True,True,True,True,True,1.9997257066093184,0.004538025930152744
bounded_004,n8,same_layer_bounded,0.00034818396729215383,0.00014712215485679359,True,True,True,True,True,2.000022737080724,0.0045808704454083915
bounded_005,n0,same_layer_bounded,0.00028022932500022454,0.0008724855962143341,True,True,True,True,True,1.9991313558293442,0.004505566799491846
bounded_005,n1,same_layer_bounded,0.00021215749003806753,0.00032654888459249243,True,True,True,True,True,2.0004280987111103,0.0046162169007590995
bounded_005,n2,same_layer_bounded,0.00033424201612850885,9.333370005593089e-05,True,True,True,True,True,1.9999712959592884,0.004583104987785614
bounded_005,n3,same_layer_bounded,0.0004419675025181831,0.0008302319860480356,True,True,True,True,True,1.9990066358901026,0.004570563949844595
bounded_005,n4,same_layer_bounded,9.818890031680051e-06,0.00039188472494466886,True,True,True,True,True,1.9996049892678813,0.004584478612373247
bounded_005,n5,same_layer_bounded,0.00026484924117997166,0.00067080044702994,True,True,True,True,True,1.9994072614435647,0.004566540938340839
bounded_005,n6,same_layer_bounded,0.0002669095587890805,0.0006561726035454463,True,True,True,True,True,2.0006051147599604,0.00453103552446694
bounded_005,n7,same_layer_bounded,0.0003103991211389682,0.0002355400730986723,True,True,True,True,True,1.999707702810903,0.0045244596583411
bounded_005,n8,same_layer_bounded,0.0002540402681376704,0.0005804627043364263,True,True,True,True,True,1.9994791927409026,0.004542037933707152
bounded_006,n0,same_layer_bounded,0.000178888644477595,0.0001529996052644922,True,True,True,True,True,1.9997826711628903,0.004573734018610296
bounded_006,n1,same_layer_bounded,0.0002931678872855809,0.0006491687885048503,True,True,True,True,True,1.999354544984551,0.0045058859435248705
bounded_006,n2,same_layer_bounded,0.00028224540777141053,0.0006194676485931083,True,True,True,True,True,2.0005516369840253,0.004545073121094206
bounded_006,n3,same_layer_bounded,0.00046590057076341314,0.0006680770657043755,True,True,True,True,True,2.0006978554580783,0.004510094570458035
bounded_006,n4,same_layer_bounded,0.000198487186533913,0.0004118769881771289,True,True,True,True,True,2.000402488114653,0.004508648124666542
bounded_006,n5,same_layer_bounded,0.00040593934685590323,0.0006318966033205253,True,True,True,True,True,2.000612830223866,0.0045089267359370916
bounded_006,n6,same_layer_bounded,0.00010716513624217102,0.00043775739079143783,True,True,True,True,True,1.9995809040775738,0.004527154093822991
bounded_006,n7,same_layer_bounded,0.00032396902720231333,0.0009669375353908993,True,True,True,True,True,1.9991357158823275,0.0045808142467039775
bounded_006,n8,same_layer_bounded,0.00015530166679411428,0.00046623894326214277,True,True,True,True,True,2.000560449507599,0.004652361975489564
bounded_007,n0,same_layer_bounded,0.0002546953308313675,0.0009677840608284249,True,True,True,True,True,2.0009913335541682,0.004512713510411103
bounded_007,n1,same_layer_bounded,0.0002926933014145141,6.349889640566708e-05,True,True,True,True,True,1.999790502953961,0.004641032113997623
bounded_007,n2,same_layer_bounded,0.00044842606965904956,0.00010029032633895874,True,True,True,True,True,2.000212473437385,0.004541898579502913
bounded_007,n3,same_layer_bounded,0.00029897117957747874,2.6429702197461324e-05,True,True,True,True,True,1.9999107391311968,0.0045312912799759285
bounded_007,n4,same_layer_bounded,0.00044736289269078314,0.00037243337190262515,True,True,True,True,True,2.0005868020276734,0.004624541005077277
bounded_007,n5,same_layer_bounded,0.0004276183543282084,0.000623974672083083,True,True,True,True,True,2.0006760452462267,0.004515839320413631
bounded_007,n6,same_layer_bounded,3.0164959393878917e-05,0.0008099148785076782,True,True,True,True,True,2.0008090095869377,0.004508620909028224
bounded_007,n7,same_layer_bounded,2.5848593486409283e-05,0.0007416147276719798,True,True,True,True,True,2.000756501704917,0.004553622821671906
bounded_007,n8,same_layer_bounded,3.875297661529293e-05,0.0006263054836599391,True,True,True,True,True,1.999363755051915,0.004525361260285376
bounded_008,n0,same_layer_bounded,9.479682504295684e-06,0.00038399350033890833,True,True,True,True,True,2.000389793016222,0.00454621386173655
bounded_008,n1,same_layer_bounded,0.0002176009340658287,0.0003581522176658858,True,True,True,True,True,2.0003583837825483,0.0045072994500149535
bounded_008,n2,same_layer_bounded,0.0002654848258398699,0.000962056781998788,True,True,True,True,True,2.0009620750151194,0.004508205483655317
bounded_008,n3,same_layer_bounded,0.00034746550375239514,0.0007006466626675589,True,True,True,True,True,1.999127778525817,0.004615447316381654
bounded_008,n4,same_layer_bounded,5.097683909431169e-05,0.0006174078346270484,True,True,True,True,True,2.0006145041479613,0.00450991520424824
bounded_008,n5,same_layer_bounded,0.0003591705090876309,4.6429165990291565e-05,True,True,True,True,True,1.9998564727192019,0.004547130948147651
bounded_008,n6,same_layer_bounded,0.00043591123384183113,7.641380665557307e-06,True,True,True,True,True,2.0001007879755632,0.004532681206115506
bounded_008,n7,same_layer_bounded,0.0003244044781899304,0.0004968428779179579,True,True,True,True,True,1.999430219623959,0.00453205755917729
bounded_008,n8,same_layer_bounded,0.00027996473974167927,0.0006421873734272499,True,True,True,True,True,2.0005598898173944,0.0045662714866810915
bounded_009,n0,same_layer_bounded,0.00022410759497420933,0.0008722537588783386,True,True,True,True,True,1.9991044798775635,0.00451092200081253
bounded_009,n1,same_layer_bounded,0.00021497920218025644,0.0009518905360992314,True,True,True,True,True,1.9990793095704824,0.0045196822543940645
bounded_009,n2,same_layer_bounded,0.00034330415209930484,0.0006706065990051968,True,True,True,True,True,1.999405031765742,0.0045366461852416745
bounded_009,n3,same_layer_bounded,0.00046802895744150157,0.0001804290707791978,True,True,True,True,True,2.000344101396764,0.004573753749211207
bounded_009,n4,same_layer_bounded,0.00010784884807523382,0.0002713115186980808,True,True,True,True,True,2.00031206655395,0.004572589550182426
bounded_009,n5,same_layer_bounded,0.0003838395421898453,0.00018691390437619582,True,True,True,True,True,1.9999996410554264,0.00464648840216567
bounded_009,n6,same_layer_bounded,0.00035528780423864245,0.00014152164142733348,True,True,True,True,True,2.000037116016529,0.004556611932700276
bounded_009,n7,same_layer_bounded,0.00019106764972833958,0.00044482336019746604,True,True,True,True,True,2.0003979105230374,0.004547052225348928
bounded_009,n8,same_layer_bounded,0.0004380626239890281,0.0009967582779613071,True,True,True,True,True,1.9990792270587425,0.004524318136840814
bounded_010,n0,same_layer_bounded,0.00014010085810269585,0.000868757979448409,True,True,True,True,True,1.9991570923603805,0.004533486485516649
bounded_010,n1,same_layer_bounded,0.00011508583435936528,0.0005894597205708951,True,True,True,True,True,1.9994358089982602,0.004545106055756927
bounded_010,n2,same_layer_bounded,0.0001996701552000703,0.000300470786871454,True,True,True,True,True,2.0003083379542916,0.0045080951720846635
bounded_010,n3,same_layer_bounded,8.560156089797868e-05,0.00012493750435615958,True,True,True,True,True,1.999884609365504,0.0045139103353367465
bounded_010,n4,same_layer_bounded,4.6283135859011014e-06,0.0006549511591507073,True,True,True,True,True,1.9993442407581419,0.004515540613273047
bounded_010,n5,same_layer_bounded,0.0002616519428968868,0.0008272481567517254,True,True,True,True,True,2.000799729498115,0.00451474284707692
bounded_010,n6,same_layer_bounded,0.00034070845437619363,0.0008966009210522596,True,True,True,True,True,1.9989047043972978,0.0046447487502118065
bounded_010,n7,same_layer_bounded,0.000314710361683168,0.00013294132950192328,True,True,True,True,True,1.9998696607993287,0.004506605936588588
bounded_010,n8,same_layer_bounded,0.0003226645045608915,0.0002166794144458084,True,True,True,True,True,2.0001069036802104,0.004575557853022172
bounded_011,n0,same_layer_bounded,0.00023062712021537665,0.00038989319557192204,True,True,True,True,True,1.9995830747699086,0.004513488068856894
bounded_011,n1,same_layer_bounded,0.00030918787850285054,0.00031980114621776856,True,True,True,True,True,2.000397292412927,0.004540639508017018
bounded_011,n2,same_layer_bounded,0.00047955384041901885,0.0003010271070085224,True,True,True,True,True,1.9996509169178232,0.0045117571386578586
bounded_011,n3,same_layer_bounded,0.00012840560352237026,0.0009353551487345513,True,True,True,True,True,1.9990919598234584,0.0045519318081216
bounded_011,n4,same_layer_bounded,0.00039803005665135164,0.0009684208870535116,True,True,True,True,True,1.9988017053359357,0.004644773296775935
bounded_011,n5,same_layer_bounded,0.00013954532492641795,0.0008419180603163046,True,True,True,True,True,1.999170115658281,0.004510376245151075
bounded_011,n6,same_layer_bounded,0.00032472773868703035,0.0006330334484541122,True,True,True,True,True,1.9993022526024127,0.004526065081116973
bounded_011,n7,same_layer_bounded,0.00023300196068814453,0.000767202226911623,True,True,True,True,True,2.0008933608559025,0.00462440534007595
bounded_011,n8,same_layer_bounded,0.00038520319761116705,0.0009899045038381793,True,True,True,True,True,2.00084689046101,0.004610950922709914
bounded_012,n0,same_layer_bounded,0.0002444809499929522,1.6786750554498298e-05,True,True,True,True,True,1.999880287276943,0.004604686764610555
bounded_012,n1,same_layer_bounded,0.0003044504728669945,0.0005806448346374893,True,True,True,True,True,1.9994487044850362,0.004511461951640654
bounded_012,n2,same_layer_bounded,6.864413187956592e-05,0.00011817497971899904,True,True,True,True,True,1.999908157645802,0.004605766714314069
bounded_012,n3,same_layer_bounded,0.000398844850435005,0.0006133243587431725,True,True,True,True,True,2.0005270788713716,0.004536178844018928
bounded_012,n4,same_layer_bounded,0.0003708126211295709,0.0007019141584392319,True,True,True,True,True,2.0007717192418704,0.004526348330913192
bounded_012,n5,same_layer_bounded,0.00043735249419340306,4.828321207916986e-05,True,True,True,True,True,2.000155184098228,0.004540473514591186
bounded_012,n6,same_layer_bounded,4.944676104305371e-05,0.00030275794480361107,True,True,True,True,True,1.999683078128922,0.004539150390653664
bounded_012,n7,same_layer_bounded,0.0001731196907323418,0.0009965701460259435,True,True,True,True,True,1.9990550909298592,0.004608609167545029
bounded_012,n8,same_layer_bounded,0.0003603812100717386,0.0005395573837418954,True,True,True,True,True,1.9996059814771567,0.004614101191789124
bounded_013,n0,same_layer_bounded,0.00025174186755964976,0.0009451856935027703,True,True,True,True,True,1.9989764569952757,0.004547842962361783
bounded_013,n1,same_layer_bounded,0.0001665419546477014,0.0006523470192141279,True,True,True,True,True,1.9994073891717281,0.0046247109942375115
bounded_013,n2,same_layer_bounded,7.011800915652873e-05,0.00018912293135664449,True,True,True,True,True,1.9998171625068022,0.004511320446213959
bounded_013,n3,same_layer_bounded,6.954865842173398e-05,0.0007311580745945623,True,True,True,True,True,1.9992772775841126,0.004518596571044495
bounded_013,n4,same_layer_bounded,0.00047887934233662436,8.799160013261975e-05,True,True,True,True,True,1.999891400581515,0.004602254278601127
bounded_013,n5,same_layer_bounded,0.00015500923523808648,0.0003672982809586056,True,True,True,True,True,2.0003810664286963,0.004511576867978146
bounded_013,n6,same_layer_bounded,0.00032575692876465575,0.0007351302914635482,True,True,True,True,True,2.0008645451127856,0.004581062774721843
bounded_013,n7,same_layer_bounded,0.00021781041699489549,0.0006632950021847606,True,True,True,True,True,2.000624637575803,0.004528268475703445
bounded_013,n8,same_layer_bounded,0.00021774195654381646,0.0007973335220592404,True,True,True,True,True,2.000715355503544,0.004636278287976902
bounded_014,n0,same_layer_bounded,0.0002091931972148387,0.0005725459762426777,True,True,True,True,True,2.0005993312946986,0.0045161999452516905
bounded_014,n1,same_layer_bounded,0.000288986024025401,4.526128626336501e-06,True,True,True,True,True,1.9999240618577012,0.0045501327318561964
bounded_014,n2,same_layer_bounded,0.0004650960439713995,0.0003182749752448366,True,True,True,True,True,2.000154198136544,0.004580950881542732
bounded_014,n3,same_layer_bounded,0.0004476608078408842,5.7939335790457847e-05,True,True,True,True,True,2.000262536639829,0.004622091458585008
bounded_014,n4,same_layer_bounded,0.00022298788828061018,0.0008970448405212217,True,True,True,True,True,2.000874100154689,0.004514724344639557
bounded_014,n5,same_layer_bounded,0.0004771208928128089,0.0005564897096481669,True,True,True,True,True,2.000527252826994,0.004509675543694305
bounded_014,n6,same_layer_bounded,0.00038042830683561864,0.00032660775255433094,True,True,True,True,True,2.0001602731804935,0.0046244450936038005
bounded_014,n7,same_layer_bounded,0.00012169337926702209,3.5960536509449526e-05,True,True,True,True,True,2.00002659422792,0.00451014953997196
bounded_014,n8,same_layer_bounded,8.2607180900914e-05,0.00027718788974939734,True,True,True,True,True,2.0002723859652285,0.004509168685049728
bounded_015,n0,same_layer_bounded,0.0003626150355211875,8.872418905125912e-06,True,True,True,True,True,2.000082521882231,0.004542742094880912
bounded_015,n1,same_layer_bounded,0.0003770619897780112,3.151371075804654e-05,True,True,True,True,True,2.000224269470316,0.004650947180852368
bounded_015,n2,same_layer_bounded,0.00046350894217134475,9.466714819761357e-05,True,True,True,True,True,2.0000416559478205,0.0045562570930814455
bounded_015,n3,same_layer_bounded,0.00043419418672716124,1.149154644042305e-05,True,True,True,True,True,1.9999327612210869,0.004525104430720106
bounded_015,n4,same_layer_bounded,0.00010935949018224226,0.0006968620662446412,True,True,True,True,True,1.999285345422686,0.00451764501519665
bounded_015,n5,same_layer_bounded,0.00042756804043025384,8.361941143952833e-05,True,True,True,True,True,1.9998563188437346,0.004517520748521304
bounded_015,n6,same_layer_bounded,0.0004725136854337977,0.0007368512206462619,True,True,True,True,True,2.000889350520411,0.004560350845446448
bounded_015,n7,same_layer_bounded,0.00024965928575238335,0.0007373656834885889,True,True,True,True,True,2.0006657404339183,0.004567161108298511
bounded_015,n8,same_layer_bounded,0.00029636970122246843,4.826665357748894e-05,True,True,True,True,True,1.9999483092204124,0.00457117556707937
bounded_016,n0,same_layer_bounded,5.136662637925984e-05,0.0003699089588307114,True,True,True,True,True,1.9996301045365614,0.004506204519184854
bounded_016,n1,same_layer_bounded,1.787753320063479e-05,0.0009304381219437108,True,True,True,True,True,2.0009299315329643,0.004508947939926087
bounded_016,n2,same_layer_bounded,8.919561696755497e-05,8.930782193106168e-06,True,True,True,True,True,1.9999707360119783,0.004610057022052388
bounded_016,n3,same_layer_bounded,0.00033227283672047166,0.0008771167731735918,True,True,True,True,True,2.000893963823371,0.004509525268061567
bounded_016,n4,same_layer_bounded,6.43788216783971e-05,0.0008103501963661053,True,True,True,True,True,2.0008600785329826,0.004622556056012942
bounded_016,n5,same_layer_bounded,0.000368813307696668,7.94186594998969e-05,True,True,True,True,True,1.999805313513417,0.004560225131802059
bounded_016,n6,same_layer_bounded,0.00042135250886278974,0.0009222220688644978,True,True,True,True,True,1.9991801201696895,0.004544085995166047
bounded_016,n7,same_layer_bounded,0.00048324802480542223,6.721144876520313e-05,True,True,True,True,True,2.000204277177422,0.004551948470714953
bounded_016,n8,same_layer_bounded,0.00017715599769787648,0.0007958998071839751,True,True,True,True,True,2.000803114731709,0.004508869700423193
bounded_017,n0,same_layer_bounded,0.00028884487694813836,0.0007182984276357107,True,True,True,True,True,1.9992250377683543,0.004524909567561802
bounded_017,n1,same_layer_bounded,0.0004935202265895056,0.0004796853543238555,True,True,True,True,True,1.9994365166451062,0.004521423945629277
bounded_017,n2,same_layer_bounded,0.00024924744098896856,0.0007295929479913532,True,True,True,True,True,2.000859934203165,0.00462093014671891
bounded_017,n3,same_layer_bounded,0.00018893830831167842,0.00041054748030866506,True,True,True,True,True,2.0004378104690566,0.004518342485564609
bounded_017,n4,same_layer_bounded,0.0003222436887691949,0.0005299504736004934,True,True,True,True,True,2.000450809174178,0.004545134244230489
bounded_017,n5,same_layer_bounded,0.00038215757062700837,6.411150937424281e-05,True,True,True,True,True,2.000247130976774,0.004632505540619185
bounded_017,n6,same_layer_bounded,0.0004360854396020679,4.965631417164218e-06,True,True,True,True,True,1.9998028385810012,0.004614407876420954
bounded_017,n7,same_layer_bounded,0.00047912065369041173,0.0007450536676785191,True,True,True,True,True,1.9992973186986736,0.004510322822640567
bounded_017,n8,same_layer_bounded,0.0003471089697903235,0.0007516973107886127,True,True,True,True,True,1.9993855404695215,0.004618565993449407
bounded_018,n0,same_layer_bounded,0.0002225024634335092,0.0005029224250578945,True,True,True,True,True,2.0005553632387705,0.004535326280506891
bounded_018,n1,same_layer_bounded,0.00026439610924494,0.0009788321710282322,True,True,True,True,True,2.000883682857869,0.004622781001554271
bounded_018,n2,same_layer_bounded,0.0004139550492369333,0.0008374486460533959,True,True,True,True,True,1.9991773908920853,0.004506279907013156
bounded_018,n3,same_layer_bounded,0.0004066886819075522,0.0005487017006051698,True,True,True,True,True,1.9996290515825996,0.004631748767942759
bounded_018,n4,same_layer_bounded,0.0004001013136576416,0.0005727118005700582,True,True,True,True,True,1.9993888560827056,0.004510831249500175
bounded_018,n5,same_layer_bounded,0.0003905689408394626,1.5727036943635753e-05,True,True,True,True,True,2.000161636807943,0.00462261165536586
bounded_018,n6,same_layer_bounded,9.152476042818808e-05,0.0003672582611666808,True,True,True,True,True,2.000412087827638,0.004600115318428849
bounded_018,n7,same_layer_bounded,0.0002704756294551397,0.00029019547494857356,True,True,True,True,True,1.999735228744018,0.004511503596464348
bounded_018,n8,same_layer_bounded,0.0001889620260352665,0.00015463774747859205,True,True,True,True,True,1.9997619385036327,0.0046063264327527486
bounded_019,n0,same_layer_bounded,0.0002967124331993043,0.0001061233538133255,True,True,True,True,True,2.0000938953796448,0.0045078490650753405
bounded_019,n1,same_layer_bounded,0.00039108630848893976,0.0006880598945129268,True,True,True,True,True,1.9993310946020877,0.0045071605223068545
bounded_019,n2,same_layer_bounded,0.0002753463032003363,0.0006489787475159048,True,True,True,True,True,2.000674865980905,0.0045125281734283
bounded_019,n3,same_layer_bounded,0.0001719493225329902,0.0008973169115891189,True,True,True,True,True,1.9990983914381695,0.004505741439578518
bounded_019,n4,same_layer_bounded,0.00044923834401762783,0.00017253183343424183,True,True,True,True,True,2.000246527802698,0.004522258091157396
bounded_019,n5,same_layer_bounded,4.883949792058179e-05,0.0008507413693226162,True,True,True,True,True,1.999152914906812,0.004510493924835142
bounded_019,n6,same_layer_bounded,0.00038520835872140523,0.00014321637368763795,True,True,True,True,True,1.9998362989400307,0.004508078653847609
bounded_019,n7,same_layer_bounded,0.00034176302934029205,0.0005990263579966904,True,True,True,True,True,1.9994182039259878,0.00450737240155075
bounded_019,n8,same_layer_bounded,3.799196432967683e-05,0.0007691115130652459,True,True,True,True,True,2.000765686751119,0.004545464630962183
bounded_020,n0,same_layer_bounded,0.00010145979217001252,0.0002569792089317513,True,True,True,True,True,1.9997413398512456,0.004506522947450373
bounded_020,n1,same_layer_bounded,5.123256124130985e-07,0.00013423746567031714,True,True,True,True,True,2.0001351833669467,0.0045431404680984135
bounded_020,n2,same_layer_bounded,0.00020083459821420977,0.000590767564909056,True,True,True,True,True,2.00051291470258,0.004628637507132789
bounded_020,n3,same_layer_bounded,0.0004458059531363905,5.2720155124585943e-05,True,True,True,True,True,2.0001044629142255,0.004514543517871368
bounded_020,n4,same_layer_bounded,0.0002162008858618162,0.00030724864507925,True,True,True,True,True,2.0002424781024257,0.00456351670893689
bounded_020,n5,same_layer_bounded,4.667842898879349e-05,0.0002706669234278092,True,True,True,True,True,2.0002788042001542,0.004520998751219736
bounded_020,n6,same_layer_bounded,0.00043727295980049375,0.0007211558834738785,True,True,True,True,True,2.000733173334894,0.004508296448759735
bounded_020,n7,same_layer_bounded,5.2234215980357475e-05,0.0004400190873499188,True,True,True,True,True,2.000445085106896,0.004511871049539301
bounded_020,n8,same_layer_bounded,0.00011895965563709844,0.000429302163964973,True,True,True,True,True,1.9995347142171485,0.004546909318461529
bounded_021,n0,same_layer_bounded,0.00020330689488752535,0.0009446045224699162,True,True,True,True,True,2.000877445541805,0.004617257189790846
bounded_021,n1,same_layer_bounded,0.00039331100041648865,0.00011960872329819239,True,True,True,True,True,1.9999790996328706,0.0045799833226868635
bounded_021,n2,same_layer_bounded,0.0004138207994241314,0.00018551666363042507,True,True,True,True,True,1.9997293856824767,0.004529524445570633
bounded_021,n3,same_layer_bounded,0.0004709376556797507,6.982509539543713e-05,True,True,True,True,True,2.000007092760985,0.004521975276430873
bounded_021,n4,same_layer_bounded,0.00014106468688159375,0.000925606813294344,True,True,True,True,True,2.000885316092756,0.004620116259297597
bounded_021,n5,same_layer_bounded,9.277143759269278e-05,0.00013807099478557738,True,True,True,True,True,1.9998443966988424,0.004525317601020705
bounded_021,n6,same_layer_bounded,9.76424694820285e-05,0.0004150201259378594,True,True,True,True,True,2.0003852825405417,0.004588446707744119
bounded_021,n7,same_layer_bounded,0.00033953312502618026,0.00015764570254228616,True,True,True,True,True,2.0001059375746872,0.004520161895010248
bounded_021,n8,same_layer_bounded,5.7199773847279746e-05,0.0007514807307200666,True,True,True,True,True,2.000742975706361,0.004544404235640201
bounded_022,n0,same_layer_bounded,0.0001218449788812536,0.000635079027964558,True,True,True,True,True,1.9994010999823126,0.004595475568805713
bounded_022,n1,same_layer_bounded,3.477858006084942e-05,0.00013243215177083378,True,True,True,True,True,2.00014969806042,0.004603260728060549
bounded_022,n2,same_layer_bounded,0.00036966179050305903,0.0008062671674031741,True,True,True,True,True,1.9992964229660262,0.004557217389514015
bounded_022,n3,same_layer_bounded,0.0004324049252348193,0.0002887554895831812,True,True,True,True,True,2.000245426778555,0.004512837352892903
bounded_022,n4,same_layer_bounded,0.0002607715751055737,0.000979051363271255,True,True,True,True,True,2.001002458303272,0.004512487967951807
bounded_022,n5,same_layer_bounded,0.0004928592181754145,0.00025593000336643357,True,True,True,True,True,2.000338786445919,0.004522941511814074
bounded_022,n6,same_layer_bounded,1.0577585501622321e-05,0.0002584776367178243,True,True,True,True,True,2.0002652278783724,0.004565470444936625
bounded_022,n7,same_layer_bounded,5.393910889103615e-05,7.115428394888212e-05,True,True,True,True,True,1.9999270884784648,0.004507241055286574
bounded_022,n8,same_layer_bounded,0.00022200034996291008,4.6931966371843714e-05,True,True,True,True,True,1.9998845953727256,0.004559025691811352
bounded_023,n0,same_layer_bounded,5.641315460787478e-05,0.0005354212073080955,True,True,True,True,True,2.0005234498548954,0.0045976889556491604
bounded_023,n1,same_layer_bounded,6.29730993974562e-05,0.0007253953639470012,True,True,True,True,True,1.999282931782598,0.004523449146803252
bounded_023,n2,same_layer_bounded,6.433706345088383e-05,0.0003148906731027523,True,True,True,True,True,2.00034694878946,0.004597104963470398
bounded_023,n3,same_layer_bounded,9.753444654329432e-05,0.0006348454375098012,True,True,True,True,True,1.9993811661225476,0.0045272689792463785
bounded_023,n4,same_layer_bounded,0.00036698852630976417,0.00039862009099378426,True,True,True,True,True,1.9994432044804211,0.0045989798858753084
bounded_023,n5,same_layer_bounded,0.0002402595144990171,0.0005437201098599242,True,True,True,True,True,2.0005031810448943,0.004525234352496685
bounded_023,n6,same_layer_bounded,0.0003121729128350691,0.0006709841438858888,True,True,True,True,True,2.000584544658208,0.004558395147735463
bounded_023,n7,same_layer_bounded,0.0004812040040070449,0.0003703086282198509,True,True,True,True,True,1.999505613576937,0.004541506539749161
bounded_023,n8,same_layer_bounded,0.0003614953205451379,0.0003031872735956842,True,True,True,True,True,2.000485489345154,0.004636091270146902
bounded_024,n0,same_layer_bounded,0.00036085830274815693,0.00023503892521770098,True,True,True,True,True,1.9998369553024213,0.0045297551551542825
bounded_024,n1,same_layer_bounded,0.0002353247252832669,0.0009929565458659528,True,True,True,True,True,1.9990472790792302,0.0045257007899566935
bounded_024,n2,same_layer_bounded,0.00027218796437245214,0.0005123824479689176,True,True,True,True,True,2.0005451917445813,0.004515371453197427
bounded_024,n3,same_layer_bounded,0.00033201877311624404,0.00026043933790642626,True,True,True,True,True,1.9996586213630545,0.004538067497238338
bounded_024,n4,same_layer_bounded,5.6204366942699546e-05,8.310782601528288e-05,True,True,True,True,True,2.0000760572180174,0.0045161718092925395
bounded_024,n5,same_layer_bounded,3.499899792126255e-05,0.0006071328091554751,True,True,True,True,True,2.0006032751670353,0.004552651979818247
bounded_024,n6,same_layer_bounded,0.0003546589200658473,0.0009300130171119303,True,True,True,True,True,2.000864088955278,0.004530217479539272
bounded_024,n7,same_layer_bounded,0.00018648228512027225,0.0008578582033769155,True,True,True,True,True,1.999145047394272,0.004505618611670871
bounded_024,n8,same_layer_bounded,0.00029731377939158025,0.0002806594895874426,True,True,True,True,True,2.000397896138129,0.004587240509990284
bounded_025,n0,same_layer_bounded,0.00010313611632381277,0.00021663291045181943,True,True,True,True,True,1.9997468320878962,0.004566072435714857
bounded_025,n1,same_layer_bounded,0.00015379158915757528,0.0006413945071637173,True,True,True,True,True,1.9993994277762435,0.004562535074724703
bounded_025,n2,same_layer_bounded,9.247392504595357e-05,0.00025989174209595234,True,True,True,True,True,1.9997149043843032,0.0045415943008260285
bounded_025,n3,same_layer_bounded,3.727354695251751e-05,0.00037192181289258386,True,True,True,True,True,2.0003665857289277,0.0045268603296851
bounded_025,n4,same_layer_bounded,0.0002688392547204103,0.00029576474231518546,True,True,True,True,True,2.0004168083569813,0.00460858546639165
bounded_025,n5,same_layer_bounded,6.427762313644832e-05,0.00019254579489236257,True,True,True,True,True,2.000174079455018,0.0045669571823906616
bounded_025,n6,same_layer_bounded,9.999179035358542e-05,0.0006096333005958243,True,True,True,True,True,2.0006472818121326,0.004560190331776192
bounded_025,n7,same_layer_bounded,0.00024056700945510439,0.0005134816536327413,True,True,True,True,True,2.000541899344332,0.004515011679720878
bounded_025,n8,same_layer_bounded,4.447158504627449e-05,0.0007908658386543976,True,True,True,True,True,1.9992126361414646,0.004574844134897819
bounded_026,n0,same_layer_bounded,0.00033429815831400027,3.726226505884611e-05,True,True,True,True,True,1.9999492254102897,0.0045075893243736774
bounded_026,n1,same_layer_bounded,0.0004587112906867359,0.000475747755317002,True,True,True,True,True,2.0003776151693886,0.004534484770104639
bounded_026,n2,same_layer_bounded,2.0595773782979357e-05,6.67906036255772e-05,True,True,True,True,True,1.9999284849696704,0.004531776131225722
bounded_026,n3,same_layer_bounded,0.00038210454692193783,0.0005962171526370241,True,True,True,True,True,1.999261425185923,0.004573702924020861
bounded_026,n4,same_layer_bounded,0.00019628451344362222,0.0003512453445342345,True,True,True,True,True,1.9996353220405223,0.0045087611546562965
bounded_026,n5,same_layer_bounded,0.0001675726400362232,0.0009443344409032495,True,True,True,True,True,2.000905012434712,0.004557228461359099
bounded_026,n6,same_layer_bounded,0.00028474761159155763,0.0006025365126141047,True,True,True,True,True,1.9995193893306893,0.00464027032443876
bounded_026,n7,same_layer_bounded,0.0003868625346868099,0.00021840680067586327,True,True,True,True,True,1.9999675189912667,0.004644665165827894
bounded_026,n8,same_layer_bounded,9.308370232722527e-05,0.00039099948716248,True,True,True,True,True,1.9995882608578506,0.004528978610314447
bounded_027,n0,same_layer_bounded,0.0004795469959746307,0.0007997280659994832,True,True,True,True,True,1.9993929180577312,0.004615003035821049
bounded_027,n1,same_layer_bounded,0.00043284385057923056,0.000752331273983442,True,True,True,True,True,2.0006008207634145,0.004588778996056894
bounded_027,n2,same_layer_bounded,3.0959494813672796e-05,0.0009210996540582883,True,True,True,True,True,1.9990798203399014,0.004536625156734618
bounded_027,n3,same_layer_bounded,0.00031581146853591166,0.0007163064433326483,True,True,True,True,True,1.9993147722834594,0.0045115556176308046
bounded_027,n4,same_layer_bounded,0.00016658839611415817,0.0006194497924452147,True,True,True,True,True,1.999381600457083,0.004505854910836087
bounded_027,n5,same_layer_bounded,0.0004828885617345955,5.4584876118646264e-05,True,True,True,True,True,2.0000731555101554,0.004546620108129965
bounded_027,n6,same_layer_bounded,0.0004320397087329892,0.000568045612882484,True,True,True,True,True,2.000666979643751,0.004535338260173611
bounded_027,n7,same_layer_bounded,0.00024243862262182865,0.0008262198114512564,True,True,True,True,True,2.000832046078058,0.004508335907099625
bounded_027,n8,same_layer_bounded,0.00011325064102812055,0.000389311089117772,True,True,True,True,True,2.0004122359401997,0.004527167455281348
bounded_028,n0,same_layer_bounded,0.0001892463716313939,0.00019853456648033507,True,True,True,True,True,1.9998630139504197,0.004571503855441547
bounded_028,n1,same_layer_bounded,0.00015379188298513547,2.1053088663958164e-05,True,True,True,True,True,2.0000409643376593,0.00451624976358753
bounded_028,n2,same_layer_bounded,0.00032736186459847764,5.044498578099521e-05,True,True,True,True,True,1.9999342847897208,0.004577981476664211
bounded_028,n3,same_layer_bounded,6.96676588869448e-05,0.000191872450236108,True,True,True,True,True,2.0002078145533035,0.004532666886502373
bounded_028,n4,same_layer_bounded,1.4383128431075492e-05,0.00047351737478917855,True,True,True,True,True,1.999527318632492,0.004518267641102364
bounded_028,n5,same_layer_bounded,4.343906964605886e-05,0.0008604654379165133,True,True,True,True,True,2.000901619001275,0.004621336976727465
bounded_028,n6,same_layer_bounded,0.00016272468310201687,0.0008401015232086806,True,True,True,True,True,2.000869859532406,0.004523481572799335
bounded_028,n7,same_layer_bounded,0.00017924686014623826,0.00047420281097476646,True,True,True,True,True,2.000562307400843,0.004611233374579665
bounded_028,n8,same_layer_bounded,0.00023711411728264377,0.000703183458512946,True,True,True,True,True,1.9993900983772022,0.004632274616180528
bounded_029,n0,same_layer_bounded,4.3605637245212565e-05,0.0002788565802762655,True,True,True,True,True,2.0002713666568352,0.004530895991508928
bounded_029,n1,same_layer_bounded,0.00033008494607617396,0.000997197780434389,True,True,True,True,True,2.001075196998791,0.004535273774209465
bounded_029,n2,same_layer_bounded,0.00026152563808503053,0.0004251590870403277,True,True,True,True,True,1.9996474039441887,0.004555176445732943
bounded_029,n3,same_layer_bounded,4.3600740795762626e-05,0.0008968737497550006,True,True,True,True,True,1.9991040719324,0.004505715341192218
bounded_029,n4,same_layer_bounded,0.0002890658674813591,0.0008182831883094543,True,True,True,True,True,2.0008057130736603,0.004509056881975883
bounded_029,n5,same_layer_bounded,0.00020239050000081822,0.0005930466770773801,True,True,True,True,True,2.000536336603205,0.0045637267227169815
bounded_029,n6,same_layer_bounded,0.00023739944480222078,0.00041416420676831933,True,True,True,True,True,2.000500536322025,0.004571961684809677
bounded_029,n7,same_layer_bounded,0.00010099367636515666,0.0009042734076090131,True,True,True,True,True,2.000881463422698,0.004636144761332526
bounded_029,n8,same_layer_bounded,0.000379853886399716,0.0007789985316508652,True,True,True,True,True,2.000763642443627,0.004508831335382988
bounded_030,n0,same_layer_bounded,0.00042045794420416885,6.466997363618887e-05,True,True,True,True,True,1.9998498375003337,0.0045295254650179135
bounded_030,n1,same_layer_bounded,6.75112059556512e-05,0.0005162792518120796,True,True,True,True,True,2.000565983405485,0.0046468221547849445
bounded_030,n2,same_layer_bounded,0.0003860661644831438,0.00022578590663924203,True,True,True,True,True,2.0003991391811184,0.004613236333391825
bounded_030,n3,same_layer_bounded,0.00019909791809879322,0.00020921033864951255,True,True,True,True,True,1.9997455207955124,0.004533795134750684
bounded_030,n4,same_layer_bounded,0.00025192855126731116,0.0004909414130962464,True,True,True,True,True,2.000494290549625,0.004507605552628796
bounded_030,n5,same_layer_bounded,2.4896611644899842e-06,0.0002843723250114394,True,True,True,True,True,2.0002885605348246,0.004561391309455616
bounded_030,n6,same_layer_bounded,0.0002441726883976472,0.000756234090932173,True,True,True,True,True,1.9992360885271687,0.004506148651182871
bounded_030,n7,same_layer_bounded,0.00042173689669610114,0.00016616539081537596,True,True,True,True,True,2.0002642483874338,0.0045370071826381
bounded_030,n8,same_layer_bounded,0.00023089787368148483,8.241878758941112e-05,True,True,True,True,True,2.000180846342638,0.0046049217292718405
bounded_031,n0,same_layer_bounded,0.00012685577505063014,0.0008285512274937012,True,True,True,True,True,1.999193195378762,0.004529458729276533
bounded_031,n1,same_layer_bounded,0.0004202330827623761,0.00013010300520455154,True,True,True,True,True,2.000154409517085,0.004508898258999254
bounded_031,n2,same_layer_bounded,8.153469284326084e-05,0.0006113759765280502,True,True,True,True,True,1.9994019962423857,0.004528906343143046
bounded_031,n3,same_layer_bounded,0.00031383483258769,0.0007912130866547518,True,True,True,True,True,2.0007172578966945,0.004544639199546019
bounded_031,n4,same_layer_bounded,0.0004693484830924064,0.0001413671881687062,True,True,True,True,True,1.9997498240691238,0.004535971576097683
bounded_031,n5,same_layer_bounded,0.00044988054130496477,0.000131037353818364,True,True,True,True,True,1.9998234533864903,0.0045121716335004385
bounded_031,n6,same_layer_bounded,0.00046641047696774633,0.0008018043249748974,True,True,True,True,True,2.0009295056326803,0.004546095082847301
bounded_031,n7,same_layer_bounded,0.0004691777143231177,0.0005706696287188784,True,True,True,True,True,1.9994380819641213,0.0045061234635186504
bounded_031,n8,same_layer_bounded,8.938207927997856e-05,0.000930239333202687,True,True,True,True,True,1.9990456782678412,0.0045304571023752314
bounded_032,n0,same_layer_bounded,0.00035467224232542914,0.0001505652524562695,True,True,True,True,True,1.9996988917174785,0.0046024711456975394
bounded_032,n1,same_layer_bounded,0.00048172648066588207,0.0004941712901396222,True,True,True,True,True,2.000570336855254,0.004521240532176439
bounded_032,n2,same_layer_bounded,0.00024090645317088213,0.00020262721830532904,True,True,True,True,True,1.999705704682911,0.00458138201243441
bounded_032,n3,same_layer_bounded,0.00016464084212684094,0.0007175678744364422,True,True,True,True,True,2.0006841250909475,0.004538125372878522
bounded_032,n4,same_layer_bounded,0.00028701495221556875,0.0009404227683116329,True,True,True,True,True,1.9988910028652855,0.004638594967722302
bounded_032,n5,same_layer_bounded,0.0004170371192967011,0.0009140179861679698,True,True,True,True,True,2.000751639083922,0.004616721075168952
bounded_032,n6,same_layer_bounded,5.69290455379741e-05,2.9574514392560758e-05,True,True,True,True,True,2.0000283730249397,0.004507053394277684
bounded_032,n7,same_layer_bounded,0.0002881400965292882,0.00035743872063664917,True,True,True,True,True,1.9995114283974877,0.004607674989806475
bounded_032,n8,same_layer_bounded,0.0004953977928065958,0.0002680732163133914,True,True,True,True,True,2.0001654077198534,0.004531754460303229
bounded_033,n0,same_layer_bounded,0.00026488210122982924,0.0007017031127876106,True,True,True,True,True,2.000774103322931,0.004543777259101045
bounded_033,n1,same_layer_bounded,0.00023729071026474272,0.0004132022693685844,True,True,True,True,True,1.9994841455190813,0.004594557604832007
bounded_033,n2,same_layer_bounded,1.9080181629042054e-05,0.0005607033017736018,True,True,True,True,True,1.9994393115665843,0.0045059182057556445
bounded_033,n3,same_layer_bounded,6.287121828641241e-05,0.000649374772215161,True,True,True,True,True,2.000676947513086,0.004562710197805235
bounded_033,n4,same_layer_bounded,9.435640172962009e-05,0.0002991566073851093,True,True,True,True,True,2.0002860987276345,0.0045193376965034825
bounded_033,n5,same_layer_bounded,0.00045222125359201793,0.0007344382000029626,True,True,True,True,True,1.9993526815248992,0.004528588857323519
bounded_033,n6,same_layer_bounded,0.00020501292772085345,0.0006228937877976737,True,True,True,True,True,2.0005470475793836,0.004617288836559942
bounded_033,n7,same_layer_bounded,0.0001294967716388451,0.00010356957040835724,True,True,True,True,True,2.000053107331844,0.004598837652881146
bounded_033,n8,same_layer_bounded,0.00011109917548927814,0.0007855527563591647,True,True,True,True,True,1.9992440790512729,0.004605869071735263
bounded_034,n0,same_layer_bounded,0.0003018006557248753,0.0004616928807794629,True,True,True,True,True,1.9993955730992201,0.0046121340213844675
bounded_034,n1,same_layer_bounded,0.0001047150848646764,0.0002907690337783375,True,True,True,True,True,2.000297318588322,0.004509329687716474
bounded_034,n2,same_layer_bounded,0.0002111743906336904,0.0004832614854624051,True,True,True,True,True,1.9995435426774515,0.00451591189177892
bounded_034,n3,same_layer_bounded,0.0003358060920331247,0.00022107986138197866,True,True,True,True,True,2.000369704322013,0.0046095341876897875
bounded_034,n4,same_layer_bounded,0.00020820302700265387,0.00028587592244400106,True,True,True,True,True,1.999803285347214,0.0046268925380807705
bounded_034,n5,same_layer_bounded,8.136314291667379e-05,0.0007527893576924072,True,True,True,True,True,1.9992374173500673,0.004512072781022082
bounded_034,n6,same_layer_bounded,8.495059556620927e-05,0.00046678322849214027,True,True,True,True,True,1.9995307230762172,0.004506519913679519
bounded_034,n7,same_layer_bounded,2.4180993027831685e-05,0.0006158889209089136,True,True,True,True,True,2.000634108267253,0.0045783243419323695
bounded_034,n8,same_layer_bounded,0.00015429157997897848,0.0005112445084847206,True,True,True,True,True,2.000592445537084,0.004618197781983561
bounded_035,n0,same_layer_bounded,0.0001467360911514795,0.0008344884446764844,True,True,True,True,True,2.000829415432871,0.004508709781872146
bounded_035,n1,same_layer_bounded,0.0002553291729499106,0.0001224333563354385,True,True,True,True,True,1.999892779405046,0.004508633176871117
bounded_035,n2,same_layer_bounded,0.0004687170680022391,0.0008925253456306681,True,True,True,True,True,2.000921018893116,0.004510201576981553
bounded_035,n3,same_layer_bounded,0.0003783225260303755,0.0004875612466299639,True,True,True,True,True,1.9993315794702549,0.00461661008168778
bounded_035,n4,same_layer_bounded,2.0812794391521896e-05,0.0003429792448705893,True,True,True,True,True,1.9996529474932074,0.004518851871545638
bounded_035,n5,same_layer_bounded,0.000245082850355756,0.0007273970288093068,True,True,True,True,True,2.0007623279798414,0.0045183199000950695
bounded_035,n6,same_layer_bounded,0.00025398406665796405,4.974207881369708e-06,True,True,True,True,True,2.0000595388400546,0.004543222920506279
bounded_035,n7,same_layer_bounded,0.00021025330310115212,0.0009615297841694126,True,True,True,True,True,2.001046606910215,0.004572904420799505
bounded_035,n8,same_layer_bounded,0.0002374763283261913,0.0003505633076201775,True,True,True,True,True,2.000278924106673,0.004564677414227885
bounded_036,n0,same_layer_bounded,0.0001427041745742977,0.0007426677552759831,True,True,True,True,True,1.9992266862822223,0.004526116928783149
bounded_036,n1,same_layer_bounded,0.0004478745223743346,0.00015144761229857195,True,True,True,True,True,1.999641119712703,0.0046210872654769185
bounded_036,n2,same_layer_bounded,2.0545929550286178e-05,0.00035893393678310126,True,True,True,True,True,1.9996430369012594,0.004516754751947881
bounded_036,n3,same_layer_bounded,0.00012809097993867039,3.087582896954544e-05,True,True,True,True,True,2.0000307535597126,0.004639415818339889
bounded_036,n4,same_layer_bounded,9.100745842424856e-05,0.0006394667467357618,True,True,True,True,True,1.9993460766683493,0.004517018832426408
bounded_036,n5,same_layer_bounded,0.00041561956325199544,9.038980034237198e-05,True,True,True,True,True,1.9997189938278082,0.004620518351823505
bounded_036,n6,same_layer_bounded,0.00020759281566347243,0.000455336570699183,True,True,True,True,True,1.999555819566901,0.004507784760643853
bounded_036,n7,same_layer_bounded,2.3753468002170076e-05,0.00035302326963648767,True,True,True,True,True,2.0003659041440183,0.004570239681118281
bounded_036,n8,same_layer_bounded,3.262110707899024e-05,0.0006397659786592236,True,True,True,True,True,2.0006367636931017,0.004548756715329916
bounded_037,n0,same_layer_bounded,0.0001934795561528971,0.0008243293543364061,True,True,True,True,True,1.9992422694200713,0.004619297811907613
bounded_037,n1,same_layer_bounded,0.00044768783393234126,0.0001430385605896145,True,True,True,True,True,1.999798853644464,0.004515790915039617
bounded_037,n2,same_layer_bounded,0.00046166831939344397,0.000298293921405568,True,True,True,True,True,1.9996687109023306,0.004509073829306375
bounded_037,n3,same_layer_bounded,0.00026279670998221515,0.0004168712296028776,True,True,True,True,True,2.0005356232476674,0.004605056138727882
bounded_037,n4,same_layer_bounded,0.00022619246382035526,0.0003025871022466209,True,True,True,True,True,1.9995994616630834,0.00459802392883452
bounded_037,n5,same_layer_bounded,0.00034200976044829754,0.0009785355587090816,True,True,True,True,True,2.000836965329489,0.004648361105293075
bounded_037,n6,same_layer_bounded,0.0004692242605909977,6.0416233266913366e-05,True,True,True,True,True,1.9997277838623675,0.004618060170392456
bounded_037,n7,same_layer_bounded,0.00010890724739928493,0.00016968062901612235,True,True,True,True,True,1.9998046226643809,0.004535172977127074
bounded_037,n8,same_layer_bounded,0.00038492261211033404,0.0008984039343700179,True,True,True,True,True,2.0007735794011197,0.004581191516325604
bounded_038,n0,same_layer_bounded,9.997975021842509e-05,0.0007328229972070055,True,True,True,True,True,2.000791748594136,0.0046089775629365925
bounded_038,n1,same_layer_bounded,0.00022672728924838027,0.0009905869459856387,True,True,True,True,True,1.9990600344491996,0.004543421822823226
bounded_038,n2,same_layer_bounded,0.0004462625257214327,0.00018802687500985016,True,True,True,True,True,1.9996117876321402,0.004613205621700151
bounded_038,n3,same_layer_bounded,3.926751229095515e-06,0.0008311957008426685,True,True,True,True,True,2.0008503682580363,0.004603368187463488
bounded_038,n4,same_layer_bounded,3.377453592223951e-05,0.0006430144769746793,True,True,True,True,True,2.000639603776342,0.004544164502381506
bounded_038,n5,same_layer_bounded,0.0003946819871656235,0.00015534857943722002,True,True,True,True,True,2.00026651739903,0.004550643285062215
bounded_038,n6,same_layer_bounded,6.227783543114263e-05,7.328396041095253e-05,True,True,True,True,True,2.0000636863021968,0.004520865552508848
bounded_038,n7,same_layer_bounded,0.00035213315740921535,6.750821117673667e-07,True,True,True,True,True,2.0000845694145784,0.00453993085897535
bounded_038,n8,same_layer_bounded,0.0004155014247562099,0.0009085417493899239,True,True,True,True,True,1.999205807873016,0.004556084001514367
bounded_039,n0,same_layer_bounded,0.00045123633118961847,0.0004896213346627931,True,True,True,True,True,2.000564324819343,0.0045224719174300826
bounded_039,n1,same_layer_bounded,0.00027851782088139806,0.00042666752684294984,True,True,True,True,True,1.9994944843475115,0.004546644042068557
bounded_039,n2,same_layer_bounded,0.00030485543652709483,0.0001590612443829187,True,True,True,True,True,1.9997544256781352,0.004549921547620385
bounded_039,n3,same_layer_bounded,0.0002867204543781681,6.055201151955458e-05,True,True,True,True,True,1.9998936338283506,0.004520811307422538
bounded_039,n4,same_layer_bounded,0.00034282272418636567,0.0009909592827193059,True,True,True,True,True,2.0009909372833086,0.004508248822906769
bounded_039,n5,same_layer_bounded,9.323275128614166e-05,0.0007333190908869192,True,True,True,True,True,1.999206711011261,0.004617451155890981
bounded_039,n6,same_layer_bounded,0.0002941920329200459,0.0005932532287309389,True,True,True,True,True,2.0007012322369686,0.004572068607295534
bounded_039,n7,same_layer_bounded,0.0001215135916254853,0.0005542177053614594,True,True,True,True,True,1.9994396449648997,0.004507273412461603
bounded_039,n8,same_layer_bounded,0.0001356666605292496,0.0008781977489007442,True,True,True,True,True,2.000862390411907,0.00451759073993124
bounded_040,n0,same_layer_bounded,4.265645861388526e-05,0.0009749038764435003,True,True,True,True,True,2.001015937796388,0.00461282546866422
bounded_040,n1,same_layer_bounded,5.922289209994528e-05,0.0004516726615564348,True,True,True,True,True,1.9995332458352817,0.004531319461123511
bounded_040,n2,same_layer_bounded,4.41834864534617e-05,5.8048525132914364e-05,True,True,True,True,True,1.999948846994786,0.004521161784467591
bounded_040,n3,same_layer_bounded,3.332914062338198e-05,0.0007439928714036981,True,True,True,True,True,2.000743036412347,0.004568700001333333
bounded_040,n4,same_layer_bounded,3.52668933996148e-05,0.0007723150612914953,True,True,True,True,True,1.9992144778929508,0.004535334106305432
bounded_040,n5,same_layer_bounded,0.0003329903734620484,0.0008826984741778787,True,True,True,True,True,2.0009025896241255,0.004510074713367522
bounded_040,n6,same_layer_bounded,8.667095169645784e-05,0.0005445702989439472,True,True,True,True,True,1.9994663669862591,0.004517338459877321
bounded_040,n7,same_layer_bounded,0.0002629821211066384,0.000284405042870306,True,True,True,True,True,2.0002246637142918,0.004537967289721549
bounded_040,n8,same_layer_bounded,0.00019712510742428996,0.0006605492529685453,True,True,True,True,True,1.9993241058496858,0.004508939718917226
bounded_041,n0,same_layer_bounded,0.00032836993287428765,0.0006646249820156935,True,True,True,True,True,2.0008113087665182,0.004599972817563274
bounded_041,n1,same_layer_bounded,1.3205037041598858e-05,0.0008054885732791117,True,True,True,True,True,2.0008100242949576,0.004521805814521535
bounded_041,n2,same_layer_bounded,0.00048095343833777255,0.0007274104896402012,True,True,True,True,True,1.9993481493487981,0.00452066488516404
bounded_041,n3,same_layer_bounded,0.0002881354281703241,0.0006687335663306815,True,True,True,True,True,1.999272129672391,0.004526857300214851
bounded_041,n4,same_layer_bounded,0.00040225118425425195,0.0003399879691368124,True,True,True,True,True,1.999624566427265,0.00451045592788626
bounded_041,n5,same_layer_bounded,0.00022088393124117007,0.0003339050520780873,True,True,True,True,True,2.0002853625860895,0.00453680063128747
bounded_041,n6,same_layer_bounded,0.00014983490998501857,0.0004120801761797743,True,True,True,True,True,1.99961040241917,0.00452038912880232
bounded_041,n7,same_layer_bounded,0.00011315038696364498,0.00047963522273186676,True,True,True,True,True,1.9994522703008892,0.004634554664423041
bounded_041,n8,same_layer_bounded,0.0004183712900514445,0.00039135200476492216,True,True,True,True,True,1.9994126248168522,0.004616343916717394
bounded_042,n0,same_layer_bounded,7.831491675976059e-05,0.000446347489820198,True,True,True,True,True,1.9995441650351904,0.004513160917706819
bounded_042,n1,same_layer_bounded,1.621487693503153e-05,0.0007142249362370734,True,True,True,True,True,2.0007279070721165,0.0046453141798510214
bounded_042,n2,same_layer_bounded,0.00012759004108117776,6.143058399921131e-05,True,True,True,True,True,1.9999813911520068,0.004572539915372055
bounded_042,n3,same_layer_bounded,0.00016533427716640617,0.00044737847987286194,True,True,True,True,True,1.9995495555723708,0.004506271661862251
bounded_042,n4,same_layer_bounded,0.00014850486185850504,0.0009899120842080666,True,True,True,True,True,2.001026161157796,0.004532704126532421
bounded_042,n5,same_layer_bounded,4.7048353098119165e-05,8.743740231698105e-05,True,True,True,True,True,2.0001083495640595,0.004599225586556645
bounded_042,n6,same_layer_bounded,0.00040402933494510944,0.00036808572002344775,True,True,True,True,True,2.0003818872018915,0.004508002621580834
bounded_042,n7,same_layer_bounded,0.000231228199751871,0.00022169659676540832,True,True,True,True,True,1.9998773807121974,0.004620904859848133
bounded_042,n8,same_layer_bounded,2.7485107099241912e-05,0.00042337017029914215,True,True,True,True,True,1.9995636984332668,0.004556301495513674
bounded_043,n0,same_layer_bounded,0.00016101429969782235,0.000859410900351465,True,True,True,True,True,1.9990839639615932,0.004553912692934082
bounded_043,n1,same_layer_bounded,0.0003204740750496955,0.0004060723884318218,True,True,True,True,True,2.0004920805521773,0.0045449590241033455
bounded_043,n2,same_layer_bounded,0.00029147810421939404,0.0006814824060978886,True,True,True,True,True,2.0007631447470544,0.00454609482037833
bounded_043,n3,same_layer_bounded,0.0004323686170028803,0.0006283888618938693,True,True,True,True,True,2.0005491593940143,0.004527763286362708
bounded_043,n4,same_layer_bounded,0.0003515194226644573,0.000568814729046796,True,True,True,True,True,2.0006499284108115,0.004535272636896145
bounded_043,n5,same_layer_bounded,0.0001266375469778771,0.00012896095949610498,True,True,True,True,True,1.9998728534305568,0.004506687433846464
bounded_043,n6,same_layer_bounded,0.00029132205230927166,0.0007057162019827867,True,True,True,True,True,1.9992030975408612,0.004552033474262483
bounded_043,n7,same_layer_bounded,0.0003812909213115691,0.00011106177947617368,True,True,True,True,True,1.9998094493940715,0.004530477011658446
bounded_043,n8,same_layer_bounded,0.0002629281704223229,0.0005365410115971692,True,True,True,True,True,1.9994691696654563,0.004506238375649108
bounded_044,n0,same_layer_bounded,0.00036860229202056386,1.4951665839424422e-05,True,True,True,True,True,1.9999530564776227,0.004510897890420832
bounded_044,n1,same_layer_bounded,0.00023989263016045776,0.00034596037302869753,True,True,True,True,True,1.9996016501625047,0.004531019319010998
bounded_044,n2,same_layer_bounded,0.00014184458804552844,0.000559243103771534,True,True,True,True,True,2.0005130391850243,0.004599617384820069
bounded_044,n3,same_layer_bounded,0.000254156960906941,0.00016115428433893797,True,True,True,True,True,1.9997692467944184,0.004546730321531203
bounded_044,n4,same_layer_bounded,0.00036655157831253095,0.0003945926483628348,True,True,True,True,True,1.9994376171545303,0.00461023062965546
bounded_044,n5,same_layer_bounded,0.00031964706826781485,0.0008734523948650263,True,True,True,True,True,2.0010457711974694,0.004629361381808347
bounded_044,n6,same_layer_bounded,0.00038656131744467433,0.0004429790716258264,True,True,True,True,True,1.9994198495995612,0.004569952786666052
bounded_044,n7,same_layer_bounded,0.00044841244606849304,0.00010324661468996688,True,True,True,True,True,2.000274850408475,0.004587526296520023
bounded_044,n8,same_layer_bounded,0.0003187970895555011,7.725591635643347e-05,True,True,True,True,True,1.999956169967872,0.004512970133868513
bounded_045,n0,same_layer_bounded,0.00031783741761380455,0.00018319801705279914,True,True,True,True,True,1.9997388107064642,0.004538988224511395
bounded_045,n1,same_layer_bounded,0.0003867203998876158,0.0008956867330323082,True,True,True,True,True,1.9991072730222985,0.004505455669839975
bounded_045,n2,same_layer_bounded,9.11974021447521e-05,0.00036234441232019243,True,True,True,True,True,1.9996484363158429,0.004515208631156802
bounded_045,n3,same_layer_bounded,0.00026079668159347013,0.000611824400439831,True,True,True,True,True,2.0005241173242405,0.00458724333704576
bounded_045,n4,same_layer_bounded,0.0003263204574825831,0.0009382273466844726,True,True,True,True,True,2.0008274484940087,0.0045950283318922005
bounded_045,n5,same_layer_bounded,0.00039979812867767847,0.000856504236194322,True,True,True,True,True,1.9990761052676531,0.004520007153654734
bounded_045,n6,same_layer_bounded,7.745934415071695e-05,0.0006726069592895012,True,True,True,True,True,1.999291289837874,0.004570751661206578
bounded_045,n7,same_layer_bounded,0.0002874825819400003,0.0003525513445474804,True,True,True,True,True,2.0002305288798987,0.004622737560006712
bounded_045,n8,same_layer_bounded,0.00016187136491363363,0.00023971930446164968,True,True,True,True,True,1.9996753774853882,0.004635466205314166
bounded_046,n0,same_layer_bounded,0.00047502513046657327,8.119902561620762e-05,True,True,True,True,True,2.000191555123399,0.004537224386208761
bounded_046,n1,same_layer_bounded,0.00043560890216289184,0.00044626166743766404,True,True,True,True,True,2.000315774226333,0.004561645657411506
bounded_046,n2,same_layer_bounded,0.00025989238093962686,0.00014199603136644257,True,True,True,True,True,2.0001009132368495,0.004521252059422225
bounded_046,n3,same_layer_bounded,0.00043649523651803835,0.0005989289829899658,True,True,True,True,True,2.000476478873409,0.004556296959422496
bounded_046,n4,same_layer_bounded,0.0003886824368590351,0.0002078159993543771,True,True,True,True,True,1.9999515176418063,0.004606114605652643
bounded_046,n5,same_layer_bounded,0.00015462292688970842,0.00011222596190108014,True,True,True,True,True,2.0001797557956715,0.004605947913702033
bounded_046,n6,same_layer_bounded,7.638428552263945e-05,0.0008703108876448873,True,True,True,True,True,2.000895996642436,0.004542861817053794
bounded_046,n7,same_layer_bounded,0.00030486276008456515,0.0007226171330485531,True,True,True,True,True,2.0007751606557007,0.00452319573887901
bounded_046,n8,same_layer_bounded,0.00010231353888485335,0.0007160400565118241,True,True,True,True,True,2.0007642637420693,0.004580208939365985
bounded_047,n0,same_layer_bounded,0.00010703460347776255,0.0006294640811896901,True,True,True,True,True,1.999337192282262,0.0045441437629248245
bounded_047,n1,same_layer_bounded,0.00047790263524239297,0.0007384833909023225,True,True,True,True,True,2.000859661006596,0.004541173487326684
bounded_047,n2,same_layer_bounded,0.00026755060973042834,0.00046480589133590655,True,True,True,True,True,1.999540736037569,0.004506320814544301
bounded_047,n3,same_layer_bounded,1.6714747571737793e-05,0.0009564636386727443,True,True,True,True,True,2.0009580030331375,0.004510466158924765
bounded_047,n4,same_layer_bounded,0.00043285874995332974,0.000412712435984286,True,True,True,True,True,2.000526356528435,0.004544165699575565
bounded_047,n5,same_layer_bounded,0.0002552459414197923,0.0007919696771676588,True,True,True,True,True,2.000688879134597,0.004645976237029193
bounded_047,n6,same_layer_bounded,0.0003817883434442484,3.819617644529316e-05,True,True,True,True,True,2.000039785970563,0.004530505825004285
bounded_047,n7,same_layer_bounded,0.00022665932125355754,0.0008017992673350349,True,True,True,True,True,1.9991109298814982,0.004568436682923933
bounded_047,n8,same_layer_bounded,0.00036161292180009647,0.0008397898393850411,True,True,True,True,True,2.000937469872437,0.0045438975770763545
bounded_048,n0,same_layer_bounded,0.00020354907512320936,0.0006992638133109796,True,True,True,True,True,1.9993688339371831,0.004597056765637102
bounded_048,n1,same_layer_bounded,0.000392175704368923,0.0005508110134517796,True,True,True,True,True,2.0005345225077087,0.004508532209446828
bounded_048,n2,same_layer_bounded,0.00040596350348387386,0.0005900372801961318,True,True,True,True,True,1.9995449229236486,0.004576875384674319
bounded_048,n3,same_layer_bounded,0.00014911853347280042,0.0003172839058362964,True,True,True,True,True,2.000253330630549,0.0046418393857440635
bounded_048,n4,same_layer_bounded,0.00010150068009344822,0.0008072582462479438,True,True,True,True,True,1.9992182994265122,0.004621393866645937
bounded_048,n5,same_layer_bounded,0.0002944538703957495,5.709871474857131e-05,True,True,True,True,True,1.9999632175426254,0.00456447731028237
bounded_048,n6,same_layer_bounded,2.0254720096468836e-05,0.0008602187193835764,True,True,True,True,True,2.0008672654015074,0.004584283186344221
bounded_048,n7,same_layer_bounded,2.6968129003775673e-05,0.0003786366921090245,True,True,True,True,True,2.0003851580551815,0.0045262203227059
bounded_048,n8,same_layer_bounded,8.289414475184824e-05,0.0005898852359342843,True,True,True,True,True,1.9993863307943949,0.004537420666905926
bounded_049,n0,same_layer_bounded,0.00021462164569807448,0.0001763128923599755,True,True,True,True,True,2.0001981338598425,0.0045127919505574396
bounded_049,n1,same_layer_bounded,0.00019162092817841868,0.00020318143186282,True,True,True,True,True,1.999805144246198,0.004507554316724101
bounded_049,n2,same_layer_bounded,4.7499181229963105e-05,0.00084345680947151,True,True,True,True,True,1.9991605011323315,0.004571664393977137
bounded_049,n3,same_layer_bounded,0.00047316938819324763,0.0004271690948691731,True,True,True,True,True,2.000577104083434,0.004560430373557495
bounded_049,n4,same_layer_bounded,0.0003563256472093372,0.0009651697226837896,True,True,True,True,True,2.000858262097888,0.004572109928295346
bounded_049,n5,same_layer_bounded,0.00010176379579833307,0.0004851699469783366,True,True,True,True,True,2.0004641057273793,0.004540256544414732
bounded_049,n6,same_layer_bounded,0.0004702415376227687,0.000869060403911881,True,True,True,True,True,1.998997675334791,0.004545159367345689
bounded_049,n7,same_layer_bounded,0.00011259974377592766,0.00047399567497352635,True,True,True,True,True,2.0004425380766953,0.004571992067770558
bounded_049,n8,same_layer_bounded,0.0003056525672078428,0.0007539002384351345,True,True,True,True,True,1.999313201226416,0.0045373315811423195
bounded_050,n0,same_layer_bounded,0.00020902739857253734,0.00020560617340881215,True,True,True,True,True,1.9998245917453572,0.004518728041066086
bounded_050,n1,same_layer_bounded,0.00011981161296758374,3.5800781987838093e-06,True,True,True,True,True,2.0000420192687556,0.004588100907629718
bounded_050,n2,same_layer_bounded,0.00019977850256110822,0.0003318427236982391,True,True,True,True,True,2.0004298279088824,0.0046199054069364165
bounded_050,n3,same_layer_bounded,0.00014158778689132644,0.0007544717080871788,True,True,True,True,True,2.0008268323834595,0.004599071418417927
bounded_050,n4,same_layer_bounded,0.00030640639629391766,0.0007736654482555227,True,True,True,True,True,1.9992975526980645,0.004541619509198134
bounded_050,n5,same_layer_bounded,0.0003661157869674842,0.0003773357778735775,True,True,True,True,True,2.0002215220114,0.004620495363008991
bounded_050,n6,same_layer_bounded,0.0003317411997323956,2.126674368230219e-05,True,True,True,True,True,2.0000655252840196,0.004545572370603021
bounded_050,n7,same_layer_bounded,0.00042156389185032505,0.00061539890069362,True,True,True,True,True,1.9991569699781109,0.004641878814173155
bounded_050,n8,same_layer_bounded,3.28602985457024e-05,0.00012736189324891178,True,True,True,True,True,2.0001379724316863,0.004552260920598691
bounded_051,n0,same_layer_bounded,7.800803717513424e-05,0.00026469988020649815,True,True,True,True,True,2.0002387422961263,0.004596432255795493
bounded_051,n1,same_layer_bounded,0.00017842092837331184,0.0005704327041808899,True,True,True,True,True,1.9994573290145445,0.004521628201693636
bounded_051,n2,same_layer_bounded,0.00020199520018506737,0.00033131038420863845,True,True,True,True,True,2.000405266909692,0.004573069244588744
bounded_051,n3,same_layer_bounded,0.0003550116415462364,0.0006742053861221731,True,True,True,True,True,1.9991609660770047,0.004604901598452249
bounded_051,n4,same_layer_bounded,0.00031164005388197307,0.00039435512939123285,True,True,True,True,True,2.0004865910366783,0.00455265709211
bounded_051,n5,same_layer_bounded,0.00020303430178594483,0.0002223778658727582,True,True,True,True,True,1.9998326328284182,0.004551145956763685
bounded_051,n6,same_layer_bounded,0.0004375833591838311,4.844061454023496e-05,True,True,True,True,True,1.999782780887855,0.004588553545532483
bounded_051,n7,same_layer_bounded,3.336077934074006e-05,0.000352363537270417,True,True,True,True,True,1.9996287716437653,0.004586197456316393
bounded_051,n8,same_layer_bounded,0.00047847927081130884,0.0005427513127764794,True,True,True,True,True,2.000734882333778,0.00458929360554778
bounded_052,n0,same_layer_bounded,0.00044220738020026473,0.0006470905431503748,True,True,True,True,True,2.0005701820362947,0.00452573177129093
bounded_052,n1,same_layer_bounded,0.00042110991881122786,0.00018832492786646782,True,True,True,True,True,1.99989155510279,0.004527383954720555
bounded_052,n2,same_layer_bounded,0.00028775841160131254,0.00037311202259160403,True,True,True,True,True,2.0002995531947345,0.004547206264574056
bounded_052,n3,same_layer_bounded,0.00019207203906071102,0.0004990078819866461,True,True,True,True,True,1.9995096629226585,0.004507218218298532
bounded_052,n4,same_layer_bounded,3.597202706822639e-05,0.0006271269776858546,True,True,True,True,True,2.000627735600823,0.004507854400712996
bounded_052,n5,same_layer_bounded,0.00010048451432929101,0.00012493281832370862,True,True,True,True,True,1.999903204778511,0.004554932739244433
bounded_052,n6,same_layer_bounded,0.00018931826497838928,0.0008119725407511602,True,True,True,True,True,1.9992078159469775,0.0045125590510140525
bounded_052,n7,same_layer_bounded,9.528335148080674e-05,0.0007688890426149619,True,True,True,True,True,1.999174237462895,0.004604143167810972
bounded_052,n8,same_layer_bounded,0.00035278066183496196,0.0007810696930796723,True,True,True,True,True,2.000838099650734,0.004521617275442905
bounded_053,n0,same_layer_bounded,0.00046903231854307547,0.000890577577530971,True,True,True,True,True,2.0007098598684014,0.004609942618512186
bounded_053,n1,same_layer_bounded,9.36462818714525e-05,0.00025486247847927856,True,True,True,True,True,1.9997300013118553,0.004519632833642914
bounded_053,n2,same_layer_bounded,0.00032493878210524427,0.0002727431529230273,True,True,True,True,True,1.9996240198809454,0.004559233603135971
bounded_053,n3,same_layer_bounded,0.00026155725773130005,0.00025293391010183797,True,True,True,True,True,1.9997809586574724,0.004516241804346105
bounded_053,n4,same_layer_bounded,0.0002890346014867153,6.932589559505153e-05,True,True,True,True,True,1.9999882437080931,0.004551584960225201
bounded_053,n5,same_layer_bounded,6.910802449209225e-05,0.0002729750924144181,True,True,True,True,True,2.0002546793509572,0.004561962501150697
bounded_053,n6,same_layer_bounded,0.0002415057655823991,0.0009178294240423934,True,True,True,True,True,1.999139261954279,0.004546852381034047
bounded_053,n7,same_layer_bounded,0.0004188682953654317,0.0008489110994269744,True,True,True,True,True,2.000693859751985,0.004602774472396044
bounded_053,n8,same_layer_bounded,0.00041991759527470275,0.0009996156050211535,True,True,True,True,True,1.9989983573239465,0.0045052663462607275
bounded_054,n0,same_layer_bounded,0.0004172215760322421,0.00046543571414958684,True,True,True,True,True,2.0005275397449327,0.004519612574462529
bounded_054,n1,same_layer_bounded,7.905164747359084e-05,0.0005560665060708736,True,True,True,True,True,2.00060266722418,0.004610512428578534
bounded_054,n2,same_layer_bounded,0.00032742554569939626,0.0002903001596907817,True,True,True,True,True,2.000147170081114,0.004624813137416011
bounded_054,n3,same_layer_bounded,0.0002971774586052612,0.0005629988032846978,True,True,True,True,True,1.999286628100719,0.004621946619514985
bounded_054,n4,same_layer_bounded,0.00042077854254346113,0.0005266414101781081,True,True,True,True,True,2.00061582300712,0.004531513495482378
bounded_054,n5,same_layer_bounded,0.00022761349713133603,0.00025411639197714386,True,True,True,True,True,1.999714281201105,0.004516758603793942
bounded_054,n6,same_layer_bounded,0.00013799256485090582,0.0003562887509027668,True,True,True,True,True,1.999647984962992,0.00450678846424111
bounded_054,n7,same_layer_bounded,0.00019932357828745598,0.0006945998169192169,True,True,True,True,True,2.000642519271326,0.004558264703633752
bounded_054,n8,same_layer_bounded,0.00041800586350647443,0.0008940689523460055,True,True,True,True,True,1.998979473546002,0.004549571273730102
bounded_055,n0,same_layer_bounded,3.21201844765736e-05,0.0004635694424441894,True,True,True,True,True,2.00045994258366,0.0045214539406341955
bounded_055,n1,same_layer_bounded,0.00022344752832310837,0.00021518097939510206,True,True,True,True,True,1.9997302675670428,0.004537975794061727
bounded_055,n2,same_layer_bounded,0.00021708918669005004,0.000525639354340024,True,True,True,True,True,1.999538750965147,0.0045668874054018115
bounded_055,n3,same_layer_bounded,0.00025754057124583937,0.0007529235905094911,True,True,True,True,True,2.0008278010600384,0.0045475742447950215
bounded_055,n4,same_layer_bounded,0.0002834326225170445,0.0006666006017397308,True,True,True,True,True,2.0006368073958156,0.004514327808290496
bounded_055,n5,same_layer_bounded,0.00045197750924978085,4.590147652483445e-05,True,True,True,True,True,1.999838446142176,0.00454294311576839
bounded_055,n6,same_layer_bounded,0.0004317660837385936,0.000499147583700843,True,True,True,True,True,2.0003997353155403,0.004539202519182898
bounded_055,n7,same_layer_bounded,1.6043459779553127e-05,0.0008254790774049336,True,True,True,True,True,2.0008352562730494,0.004596384401275576
bounded_055,n8,same_layer_bounded,0.00022527404134730337,0.0005431523280501338,True,True,True,True,True,2.00053616008737,0.0045081115245893255
bounded_056,n0,same_layer_bounded,0.0003699801669924826,0.0003961184704643905,True,True,True,True,True,1.9994641977857208,0.004578468550205514
bounded_056,n1,same_layer_bounded,0.00015903474903110934,8.138058767159784e-05,True,True,True,True,True,1.9999844996181593,0.0046079359644253465
bounded_056,n2,same_layer_bounded,0.00023427641167527693,0.0003146833139817673,True,True,True,True,True,1.9996067639517037,0.0045629218319302636
bounded_056,n3,same_layer_bounded,0.00044219997272359557,0.00011140046034885387,True,True,True,True,True,2.0003315977023988,0.004641263216058709
bounded_056,n4,same_layer_bounded,0.00030330833711979694,0.00045556173260075106,True,True,True,True,True,2.00046553654576,0.00450807342160186
bounded_056,n5,same_layer_bounded,9.164047897458571e-05,0.000523533979307933,True,True,True,True,True,2.000577618018357,0.004619714795155931
bounded_056,n6,same_layer_bounded,0.0003065028273799122,0.0008565757579583888,True,True,True,True,True,1.9990495223618698,0.004549024012914058
bounded_056,n7,same_layer_bounded,0.0002647195246793931,0.00016235811263975997,True,True,True,True,True,2.0002591602206476,0.004578216539453894
bounded_056,n8,same_layer_bounded,0.0001242601246733906,0.0008827115489915549,True,True,True,True,True,1.9990799875396088,0.004539483409064682
bounded_057,n0,same_layer_bounded,0.0002720011720430141,0.00025893579841396175,True,True,True,True,True,1.999658915735057,0.004553988086110632
bounded_057,n1,same_layer_bounded,0.0002618392334641055,0.00023980635171372278,True,True,True,True,True,2.0002651264100386,0.004512345771479408
bounded_057,n2,same_layer_bounded,4.197777414320005e-05,0.0006607771312199251,True,True,True,True,True,2.0006571922019747,0.004599494881472377
bounded_057,n3,same_layer_bounded,0.00023355225857056038,0.0006608530862086681,True,True,True,True,True,2.0005705283647255,0.00462577593633141
bounded_057,n4,same_layer_bounded,7.39919618811024e-05,0.0005368690364284667,True,True,True,True,True,2.000564006057044,0.004555021380355894
bounded_057,n5,same_layer_bounded,2.1470422005990787e-05,0.00013009973684274811,True,True,True,True,True,2.0001266690684507,0.004526402611317076
bounded_057,n6,same_layer_bounded,0.0002526836189640597,9.064187411533808e-06,True,True,True,True,True,2.0000273628765526,0.004509777815878955
bounded_057,n7,same_layer_bounded,7.5061417838525264e-06,6.562302728663205e-05,True,True,True,True,True,1.9999359456028487,0.004564285587790745
bounded_057,n8,same_layer_bounded,0.0001330756657239884,0.00046859556969036653,True,True,True,True,True,2.000500768427385,0.0045348780949795555
bounded_058,n0,same_layer_bounded,0.0004847195310802901,0.0001951141275120527,True,True,True,True,True,1.9999640238868255,0.004569354595757979
bounded_058,n1,same_layer_bounded,0.0002824344980816532,0.0007648134711275567,True,True,True,True,True,2.000805233618885,0.004518556667038647
bounded_058,n2,same_layer_bounded,0.0002628349943226375,0.0008438968888397902,True,True,True,True,True,1.9991397856840865,0.004507522208337489
bounded_058,n3,same_layer_bounded,0.00022312277049322255,0.0001735120886114938,True,True,True,True,True,1.9997947185510516,0.004517535455646589
bounded_058,n4,same_layer_bounded,0.0002932162887586752,0.00013112532572412405,True,True,True,True,True,1.9999366171814503,0.004537553818430086
bounded_058,n5,same_layer_bounded,1.9418084348232306e-05,0.0008549420970129784,True,True,True,True,True,1.9991353174324857,0.004533842517315151
bounded_058,n6,same_layer_bounded,0.00025891165247531235,4.073773700752348e-05,True,True,True,True,True,2.0000794190363758,0.004519425223911554
bounded_058,n7,same_layer_bounded,9.516555367904779e-05,0.0006902699519366617,True,True,True,True,True,1.9992837212681058,0.004534590744616626
bounded_058,n8,same_layer_bounded,0.00019755819474091797,0.0007824835034353494,True,True,True,True,True,2.0007320675375304,0.004558040836038456
bounded_059,n0,same_layer_bounded,0.00045994971693467794,0.0002554557527560952,True,True,True,True,True,2.0003286777424862,0.004521305054524678
bounded_059,n1,same_layer_bounded,3.919035204640811e-06,0.00040195409031373863,True,True,True,True,True,1.9995963983041964,0.0045182141999143026
bounded_059,n2,same_layer_bounded,0.0001363862427866147,0.0008803258406264725,True,True,True,True,True,2.0008837706247777,0.00450843751189364
bounded_059,n3,same_layer_bounded,5.510271572383973e-05,0.00043695049744418846,True,True,True,True,True,2.0004286552172053,0.004526459828646477
bounded_059,n4,same_layer_bounded,0.0004756083889678333,0.0004471925024736034,True,True,True,True,True,1.9993804208791333,0.004573580257386128
bounded_059,n5,same_layer_bounded,6.935509041309193e-05,0.00036915208161847346,True,True,True,True,True,2.0003978613943616,0.004571510469244389
bounded_059,n6,same_layer_bounded,0.00024305968198959447,0.0004099278545890428,True,True,True,True,True,2.0003582174475034,0.004535259748936926
bounded_059,n7,same_layer_bounded,0.0004536504858507775,0.0007045609824747334,True,True,True,True,True,2.000925745658367,0.004620686534982504
bounded_059,n8,same_layer_bounded,0.0003765148384926174,6.463944829615542e-06,True,True,True,True,True,1.9998962844016677,0.004554597263812054
bounded_060,n0,same_layer_bounded,1.9086034285079404e-05,0.0008608962764287131,True,True,True,True,True,2.000865422247453,0.004563173255211773
bounded_060,n1,same_layer_bounded,6.492406468355768e-05,0.00033113969003850663,True,True,True,True,True,2.000356934870601,0.004567921583511012
bounded_060,n2,same_layer_bounded,0.0003458217774049572,0.0005899591886044941,True,True,True,True,True,2.0007458952834885,0.00460402073626202
bounded_060,n3,same_layer_bounded,0.0004519846910966093,0.00010444142278975832,True,True,True,True,True,1.9999051843763311,0.004506884888986287
bounded_060,n4,same_layer_bounded,0.00018394660394186897,0.000849180093054791,True,True,True,True,True,1.9992059498071852,0.004588146737577432
bounded_060,n5,same_layer_bounded,0.00036121352252119047,0.000537595394382917,True,True,True,True,True,2.000691726437054,0.004596279224028935
bounded_060,n6,same_layer_bounded,0.00032190463062761683,0.0005301498382992431,True,True,True,True,True,1.9994198422849465,0.004518626778231851
bounded_060,n7,same_layer_bounded,0.0003168778816311142,0.0008031177984757498,True,True,True,True,True,2.0007021380927124,0.004579899113441098
bounded_060,n8,same_layer_bounded,0.00013865346945789094,0.0007869122739960766,True,True,True,True,True,2.00075775957057,0.004544921892605093
bounded_061,n0,same_layer_bounded,8.484487037974616e-05,1.8499588274822898e-05,True,True,True,True,True,1.999995588773419,0.004522440534791247
bounded_061,n1,same_layer_bounded,6.040057834859546e-05,0.00029960650900462404,True,True,True,True,True,1.9996633690295684,0.004631776482702804
bounded_061,n2,same_layer_bounded,0.00014746305267982819,0.000354159950989974,True,True,True,True,True,2.000301417337587,0.004599583533389393
bounded_061,n3,same_layer_bounded,0.000294886956542486,0.0004152819616640713,True,True,True,True,True,2.0005406377907056,0.004596007750725743
bounded_061,n4,same_layer_bounded,0.00033751397692553657,0.0008449558231424792,True,True,True,True,True,2.000798393666342,0.0045196643322482485
bounded_061,n5,same_layer_bounded,4.348075435447626e-05,0.00038734873556278693,True,True,True,True,True,2.0003957509390164,0.004522422423649497
bounded_061,n6,same_layer_bounded,0.000407617789377878,0.00025134779319557765,True,True,True,True,True,2.000455562092609,0.004637558336368678
bounded_061,n7,same_layer_bounded,7.931397441101767e-05,0.0004095462233071334,True,True,True,True,True,2.000460661098923,0.004641575356304357
bounded_061,n8,same_layer_bounded,0.00034110719854194785,0.0008107232183016677,True,True,True,True,True,2.0006714299271566,0.004632725097897996
bounded_062,n0,same_layer_bounded,0.00048252372321744985,0.00048608541339834055,True,True,True,True,True,1.99937262867102,0.004550560672599027
bounded_062,n1,same_layer_bounded,8.955420759475315e-05,5.69684728222164e-05,True,True,True,True,True,1.9999465018144449,0.004507536092815535
bounded_062,n2,same_layer_bounded,7.30229474279979e-05,0.0003767765880171581,True,True,True,True,True,1.9995969378984333,0.004557168703316156
bounded_062,n3,same_layer_bounded,0.0002896515974563501,0.0004575031505562599,True,True,True,True,True,2.000374857079774,0.004558858824308388
bounded_062,n4,same_layer_bounded,0.000367714138355135,0.0008474245684348958,True,True,True,True,True,1.999107069105752,0.004513437897564814
bounded_062,n5,same_layer_bounded,0.0001486935564715783,0.0005491187942814335,True,True,True,True,True,1.9994666033876958,0.004512982962781444
bounded_062,n6,same_layer_bounded,0.00021578040579893203,0.0009232328922619271,True,True,True,True,True,2.000865589377923,0.0045662135102064886
bounded_062,n7,same_layer_bounded,5.263740528063503e-05,0.000543487342240967,True,True,True,True,True,2.0005568018794366,0.004530335935952118
bounded_062,n8,same_layer_bounded,0.00023263377288417037,9.189388502006679e-05,True,True,True,True,True,2.0001207283129254,0.00451552897906967
bounded_063,n0,same_layer_bounded,0.00017286859923738317,0.0005278850723031692,True,True,True,True,True,1.9995365439431392,0.004618308886043525
bounded_063,n1,same_layer_bounded,0.00044273192904732895,0.0008113740972179873,True,True,True,True,True,1.9990660475833668,0.004543586932437906
bounded_063,n2,same_layer_bounded,0.0001674933777006942,0.0007990730212523722,True,True,True,True,True,2.0008046324063287,0.004508573072959661
bounded_063,n3,same_layer_bounded,0.0004226711806141211,6.542197841885589e-05,True,True,True,True,True,1.999771928357705,0.004587835361330046
bounded_063,n4,same_layer_bounded,0.00010194387662295476,0.00022190391047405278,True,True,True,True,True,2.000198446926109,0.004541202284231353
bounded_063,n5,same_layer_bounded,0.0003959607334211682,0.0008010067816461852,True,True,True,True,True,1.9990238288353324,0.0045953628337628
bounded_063,n6,same_layer_bounded,0.00041607535318542174,1.5481365141623016e-05,True,True,True,True,True,1.999877076577564,0.004543831274954776
bounded_063,n7,same_layer_bounded,0.0003341100023913616,0.00021631451546144653,True,True,True,True,True,2.000244369436167,0.004511081792154007
bounded_063,n8,same_layer_bounded,0.0001244842138101931,0.0002921400894850823,True,True,True,True,True,1.9997017030193656,0.004507646527984565
contamination_0,n0,cross_layer,0.0004012659232818516,0.00010854255513637057,True,True,True,True,True,1.9997903492713072,0.00454142174886988
contamination_0,n1,cross_layer,0.0003874826851988633,0.0008167449187572728,True,True,True,True,True,1.9992849061823375,0.004550905554573813
contamination_0,n2,cross_layer,9.192313144829049e-05,0.0003877410329937714,True,True,True,True,True,1.999596287867962,0.00452059913598481
contamination_0,n3,cross_layer,0.0003201450629808813,0.0001726397402495028,True,True,True,True,True,1.9999680052727324,0.004621201402938131
contamination_0,n4,cross_layer,0.000195898466753435,0.0007760289544775922,True,True,True,True,True,2.0007154377210954,0.004588584779010541
contamination_0,n5,cross_layer,0.00026752317635958214,0.000657047234401853,True,True,True,True,True,2.00071322233608,0.004529949892098253
contamination_0,n6,cross_layer,4.0344480856781604e-05,0.00038752094050287234,True,True,True,True,True,1.999602768598036,0.004527578457971275
contamination_0,n7,cross_layer,0.00014092459709129037,0.0008229333173328524,True,True,True,True,True,2.000870178325966,0.004551751984048021
contamination_0,n8,cross_layer,0.00042975271099103155,0.00029208434191874133,True,True,True,True,True,1.999683243957144,0.004508097945908027
contamination_1,n0,cross_layer,0.0004296483050238396,2.302229525241728e-06,True,True,True,True,True,1.9999362501960634,0.0045181183214692685
contamination_1,n1,cross_layer,0.0004012201697040422,0.0009099218015944377,True,True,True,True,True,2.0008105269688037,0.0045481905759467
contamination_1,n2,cross_layer,0.0004714715600612789,0.0004706955792184164,True,True,True,True,True,1.9995915124405266,0.00451636676696131
contamination_1,n3,cross_layer,0.00038543947959349844,2.2021170125174905e-06,True,True,True,True,True,1.9999695307237861,0.004510729926566222
contamination_1,n4,cross_layer,6.752467326025294e-05,0.000822819248826212,True,True,True,True,True,1.9991878671375751,0.004595698680326301
contamination_1,n5,cross_layer,0.0001686667339674362,0.0003624724176283234,True,True,True,True,True,1.9996841209589653,0.0045569577432677515
contamination_1,n6,cross_layer,2.8077835526085817e-05,0.0005116906321478432,True,True,True,True,True,1.9994765327169575,0.0045447587586533306
contamination_1,n7,cross_layer,7.67874661023972e-05,0.0008444448147242323,True,True,True,True,True,2.0008608332289426,0.0045248382574861745
contamination_1,n8,cross_layer,0.00034940460024166826,0.0009656918428220251,True,False,False,False,True,2.039124187253433,0.004609724823948601
contamination_2,n0,cross_layer,1.3795319725047586e-05,0.0008558374532841029,True,True,True,True,True,1.9991434104646786,0.004506434646751539
contamination_2,n1,cross_layer,0.00047361631434126146,0.0004617184547819342,True,True,True,True,True,1.9995936958393454,0.00451415882638994
contamination_2,n2,cross_layer,0.00016403309094794693,0.0006668454834806159,True,True,True,True,True,1.9993516192889966,0.00451390795430038
contamination_2,n3,cross_layer,9.049248470101927e-05,0.0003145780792184194,True,True,True,True,True,1.9996730558145488,0.004515691327197592
contamination_2,n4,cross_layer,0.00046900467466956953,0.0006528294451577654,True,True,True,True,True,1.9993417561703302,0.0045058402164594
contamination_2,n5,cross_layer,0.0004921152531036291,0.0008068044667648433,True,True,True,True,True,2.00093744120487,0.004544120869246748
contamination_2,n6,cross_layer,0.0004582110840152079,0.00040924926547547535,True,True,True,True,True,2.0005101309569144,0.0045336458091637475
contamination_2,n7,cross_layer,0.0004373084689499711,0.0008541380610709304,True,False,False,False,True,2.0409228767033594,0.004580952826287365
contamination_2,n8,cross_layer,0.00012821603487927808,5.6321543220327897e-05,True,False,False,False,True,2.0400726436439243,0.0045757567925870535
contamination_3,n0,cross_layer,0.00046206354343458154,0.0004895409872256451,True,True,True,True,True,2.0005964579508024,0.004536174730106433
contamination_3,n1,cross_layer,3.122863034148896e-06,0.0005918456636602176,True,True,True,True,True,2.0006070403670413,0.004634971699642038
contamination_3,n2,cross_layer,0.00034747172108322207,0.00016943950718295575,True,True,True,True,True,1.999772891790035,0.0045215637897301295
contamination_3,n3,cross_layer,0.0004376327897428332,3.506528011021359e-05,True,True,True,True,True,1.9997769277001003,0.004608309747876039
contamination_3,n4,cross_layer,2.1077611616723323e-05,0.0007043727605344774,True,True,True,True,True,2.000714274654584,0.004636191173865318
contamination_3,n5,cross_layer,0.00013457899076642346,0.00039744173472744393,True,True,True,True,True,1.9996495996434493,0.004600797711176078
contamination_3,n6,cross_layer,7.128601784222816e-05,0.0008052194924030864,True,False,False,False,True,2.0392073488431817,0.004680495576946605
contamination_3,n7,cross_layer,0.0004275274371044395,0.0008496982577370638,True,False,False,False,True,2.040845705024633,0.0045681645051100835
contamination_3,n8,cross_layer,0.0003476004311980782,4.197686670659451e-05,True,False,False,False,True,2.03995631264509,0.004600180207357351
contamination_4,n0,cross_layer,0.00015865528173907598,0.0002734464381561885,True,True,True,True,True,1.999792793978465,0.004625970912192359
contamination_4,n1,cross_layer,4.8136856776285404e-05,0.0007271651718243621,True,True,True,True,True,2.0007221300830555,0.004519410579559527
contamination_4,n2,cross_layer,0.00016131333062575985,0.00020911315159977129,True,True,True,True,True,2.0002929504327387,0.004636794620581436
contamination_4,n3,cross_layer,0.00027144517477282397,0.0004237146489951549,True,True,True,True,True,2.0003545868495474,0.004547756215972673
contamination_4,n4,cross_layer,2.1988624817723663e-05,0.00022985323623458953,True,True,True,True,True,2.000244223804703,0.004606833068421311
contamination_4,n5,cross_layer,0.0004267308031201748,0.0009207545481246804,True,False,False,False,True,2.039204395147122,0.004621609379567683
contamination_4,n6,cross_layer,5.866426694262227e-05,0.0008483511811894218,True,False,False,False,True,2.0391551233274345,0.0045680545508983384
contamination_4,n7,cross_layer,0.00013669999350612727,0.0007294770265495742,True,False,False,False,True,2.040749387096699,0.004577871045609077
contamination_4,n8,cross_layer,1.3517811629929317e-05,0.0005945431962477432,True,False,False,False,True,2.0406148408708855,0.004677259038863148
contamination_5,n0,cross_layer,8.099809368937383e-05,0.0008605238543009097,True,True,True,True,True,1.999153300948698,0.004648569598097014
contamination_5,n1,cross_layer,0.0002187963577613365,0.0007164898567804112,True,True,True,True,True,2.000668228735238,0.004541455063123762
contamination_5,n2,cross_layer,0.00033476685936473016,0.0006106093047859584,True,True,True,True,True,2.000511991593279,0.004563891814506829
contamination_5,n3,cross_layer,0.0003008307227888933,0.00039884498073705643,True,True,True,True,True,2.00041448244635,0.004508898750777827
contamination_5,n4,cross_layer,0.00014496612845276539,0.0008920539461301225,True,False,False,False,True,2.0390669616263137,0.004597007787134403
contamination_5,n5,cross_layer,0.0003264127810727853,0.00019685716035233725,True,False,False,False,True,2.0397680142766266,0.004572725857478158
contamination_5,n6,cross_layer,0.0002539406831775334,0.000918376339772653,True,False,False,False,True,2.0410164337408765,0.0046304967612995455
contamination_5,n7,cross_layer,0.00028871078976652216,0.00019885387539408939,True,False,False,False,True,2.039825938842455,0.004570726039359859
contamination_5,n8,cross_layer,0.00017544166077565062,0.0006347610453945052,True,False,False,False,True,2.0406656820753906,0.004582728189583371
contamination_6,n0,cross_layer,0.00043431772009832866,0.0006414658275899487,True,True,True,True,True,1.9992323227555184,0.0045484180708944616
contamination_6,n1,cross_layer,0.0001129436246521791,0.0002133893376006224,True,True,True,True,True,2.0002445667939184,0.004545177937679258
contamination_6,n2,cross_layer,0.0003660621284796797,0.0004802916950485958,True,True,True,True,True,2.0005488380992955,0.004526276190718082
contamination_6,n3,cross_layer,0.00045514851113596325,0.0005082115329551051,True,False,False,False,True,2.040698574847237,0.00465402080973584
contamination_6,n4,cross_layer,9.025659573223786e-05,0.0004750899267511599,True,False,False,False,True,2.0404756134490714,0.004567583708929878
contamination_6,n5,cross_layer,0.0001345457087595194,0.00018093132412011492,True,False,False,False,True,2.0402490379839224,0.004687542291588026
contamination_6,n6,cross_layer,0.00036714845365512847,0.0004900335520101606,True,False,False,False,True,2.0395431691994648,0.0045708292368357595
contamination_6,n7,cross_layer,0.0002480146925074272,7.811962907222636e-05,True,False,False,False,True,2.0399613372844,0.004691281886338836
contamination_6,n8,cross_layer,3.9517651307303135e-05,0.0007625426261304025,True,False,False,False,True,2.039238004511147,0.00466230785822613
contamination_7,n0,cross_layer,0.00027674587074594443,9.075199709651649e-05,True,True,True,True,True,2.0001761517943484,0.004559234605706177
contamination_7,n1,cross_layer,0.00039334269850297527,0.0002560658694066298,True,True,True,True,True,2.000231692809073,0.004509268366330845
contamination_7,n2,cross_layer,0.0003163457023152493,0.00010235566291671994,True,False,False,False,True,2.040234551013497,0.004659416069012943
contamination_7,n3,cross_layer,0.00026774751693909264,0.00026136800798415294,True,False,False,False,True,2.0396897094207787,0.004583898379630613
contamination_7,n4,cross_layer,0.0003049754745391724,0.00021662233352759408,True,False,False,False,True,2.0400844351409577,0.004677043565869402
contamination_7,n5,cross_layer,0.00020586312851996537,0.0004380263658156913,True,False,False,False,True,2.040433235141071,0.004567796944502904
contamination_7,n6,cross_layer,2.297337500528495e-05,1.389048059197151e-05,True,False,False,False,True,2.0400083002807654,0.004600469765746773
contamination_7,n7,cross_layer,0.0002495202927865392,0.0005495497524301562,True,False,False,False,True,2.0394221312740974,0.0045726297344814695
contamination_7,n8,cross_layer,7.622284628495187e-05,0.0004976766709399172,True,False,False,False,True,2.039492103717724,0.004574294959589983
contamination_8,n0,cross_layer,0.00015172279940991288,3.64741483096509e-05,True,True,True,True,True,1.9999735277031332,0.004509192603873303
contamination_8,n1,cross_layer,0.0002871328981824732,0.0006371914636047471,True,False,False,False,True,2.039281459907601,0.004604032351878668
contamination_8,n2,cross_layer,0.0003527471108013784,0.00017390403453765302,True,False,False,False,True,2.0399525479632685,0.004640100842808177
contamination_8,n3,cross_layer,0.00043398221091705587,0.0009325184228294869,True,False,False,False,True,2.0392371739534907,0.004671385801752486
contamination_8,n4,cross_layer,0.0004527694382403161,0.00032187019395180094,True,False,False,False,True,2.0401293786495227,0.004672754614782736
contamination_8,n5,cross_layer,0.00027056837398579557,0.000566845055385734,True,False,False,False,True,2.0405035549127417,0.00460161553279194
contamination_8,n6,cross_layer,0.0003782445176424238,0.0007814885622461354,True,False,False,False,True,2.0409556003576994,0.004663260509973868
contamination_8,n7,cross_layer,0.00019710821974294518,0.00011713552072167843,True,False,False,False,True,2.0401540560539186,0.004585865848046868
contamination_8,n8,cross_layer,0.00010341324258863533,0.0007341811360634942,True,False,False,False,True,2.040784156282148,0.004642061118825027
contamination_9,n0,cross_layer,2.2251791341597164e-05,0.0001654127617314316,True,False,False,False,True,2.0398366033407633,0.004572036798523421
contamination_9,n1,cross_layer,0.00047065979205734756,0.0005753480544881118,True,False,False,False,True,2.0396064788741546,0.004658335079520663
contamination_9,n2,cross_layer,0.0003157709991031512,7.87124470762457e-05,True,False,False,False,True,2.0399155564224745,0.00456689787269275
contamination_9,n3,cross_layer,0.0004333328230522117,0.0004319136535948509,True,False,False,False,True,2.0404415750443174,0.004567796224953846
contamination_9,n4,cross_layer,0.0001677171930011135,0.0001506387977867618,True,False,False,False,True,2.0398842901877097,0.0045916158855382645
contamination_9,n5,cross_layer,0.0002064725311267583,0.0006639105051120531,True,False,False,False,True,2.0407087563384643,0.00459022788296311
contamination_9,n6,cross_layer,6.49021536302874e-05,0.0007924182014531489,True,False,False,False,True,2.039192336463654,0.004584365032186167
contamination_9,n7,cross_layer,0.00014446218746184668,9.108197503149285e-05,True,False,False,False,True,2.039895740340618,0.0045711871868290834
contamination_9,n8,cross_layer,7.986503632153998e-05,0.0005176667651625166,True,False,False,False,True,2.0405025215137083,0.0045968305115210726
common_shift_truth_2_00,n0,common_shift,0.0,0.040000000000000036,False,True,False,False,True,2.04,0.0020210105052526264
common_shift_truth_2_00,n1,common_shift,0.0,0.040000000000000036,False,True,False,False,True,2.04,0.0020210105052526264
common_shift_truth_2_00,n2,common_shift,0.0,0.040000000000000036,False,True,False,False,True,2.04,0.0020210105052526264
common_shift_truth_2_00,n3,common_shift,0.0,0.040000000000000036,False,True,False,False,True,2.04,0.0020210105052526264
common_shift_truth_2_00,n4,common_shift,0.0,0.040000000000000036,False,True,False,False,True,2.04,0.0020210105052526264
common_shift_truth_2_00,n5,common_shift,0.0,0.040000000000000036,False,True,False,False,True,2.04,0.0020210105052526264
common_shift_truth_2_00,n6,common_shift,0.0,0.040000000000000036,False,True,False,False,True,2.04,0.0020210105052526264
common_shift_truth_2_00,n7,common_shift,0.0,0.040000000000000036,False,True,False,False,True,2.04,0.0020210105052526264
common_shift_truth_2_00,n8,common_shift,0.0,0.040000000000000036,False,True,False,False,True,2.04,0.0020210105052526264
common_shift_truth_2_04,n0,common_shift,0.0,0.0,True,True,True,True,True,2.04,0.0020210105052526264
common_shift_truth_2_04,n1,common_shift,0.0,0.0,True,True,True,True,True,2.04,0.0020210105052526264
common_shift_truth_2_04,n2,common_shift,0.0,0.0,True,True,True,True,True,2.04,0.0020210105052526264
common_shift_truth_2_04,n3,common_shift,0.0,0.0,True,True,True,True,True,2.04,0.0020210105052526264
common_shift_truth_2_04,n4,common_shift,0.0,0.0,True,True,True,True,True,2.04,0.0020210105052526264
common_shift_truth_2_04,n5,common_shift,0.0,0.0,True,True,True,True,True,2.04,0.0020210105052526264
common_shift_truth_2_04,n6,common_shift,0.0,0.0,True,True,True,True,True,2.04,0.0020210105052526264
common_shift_truth_2_04,n7,common_shift,0.0,0.0,True,True,True,True,True,2.04,0.0020210105052526264
common_shift_truth_2_04,n8,common_shift,0.0,0.0,True,True,True,True,True,2.04,0.0020210105052526264
tangent_1,n0,near_tangent,0.0,2.0000000000131024e-05,True,True,True,True,True,2.00002,0.0010205202601300653
tangent_1,n1,near_tangent,0.0,2.0000000000131024e-05,True,True,True,True,True,2.00002,0.0010205202601300653
tangent_1,n2,near_tangent,0.0,2.0000000000131024e-05,True,True,True,True,True,2.00002,0.0010205202601300653
tangent_1,n3,near_tangent,0.0,2.0000000000131024e-05,True,True,True,True,True,2.00002,0.0010205202601300653
tangent_1,n4,near_tangent,0.0,2.0000000000131024e-05,True,True,True,True,True,2.00002,0.0010205202601300653
tangent_1,n5,near_tangent,0.0,2.0000000000131024e-05,True,True,True,True,True,2.00002,0.0010205202601300653
tangent_1,n6,near_tangent,0.0,2.0000000000131024e-05,True,True,True,True,True,2.00002,0.0010205202601300653
tangent_1,n7,near_tangent,0.0,2.0000000000131024e-05,True,True,True,True,True,2.00002,0.0010205202601300653
tangent_1,n8,near_tangent,0.0,2.0000000000131024e-05,True,True,True,True,True,2.00002,0.0010205202601300653
tangent_0.1,n0,near_tangent,0.0,1.9999999999992246e-05,True,True,True,True,True,2.0002,0.010252261306532664
tangent_0.1,n1,near_tangent,0.0,1.9999999999992246e-05,True,True,True,True,True,2.0002,0.010252261306532664
tangent_0.1,n2,near_tangent,0.0,1.9999999999992246e-05,True,True,True,True,True,2.0002,0.010252261306532664
tangent_0.1,n3,near_tangent,0.0,1.9999999999992246e-05,True,True,True,True,True,2.0002,0.010252261306532664
tangent_0.1,n4,near_tangent,0.0,1.9999999999992246e-05,True,True,True,True,True,2.0002,0.010252261306532664
tangent_0.1,n5,near_tangent,0.0,1.9999999999992246e-05,True,True,True,True,True,2.0002,0.010252261306532664
tangent_0.1,n6,near_tangent,0.0,1.9999999999992246e-05,True,True,True,True,True,2.0002,0.010252261306532664
tangent_0.1,n7,near_tangent,0.0,1.9999999999992246e-05,True,True,True,True,True,2.0002,0.010252261306532664
tangent_0.1,n8,near_tangent,0.0,1.9999999999992246e-05,True,True,True,True,True,2.0002,0.010252261306532664
tangent_0.01,n0,near_tangent,0.0,1.9999999999999185e-05,True,True,True,True,True,2.002,0.10747368421052632
tangent_0.01,n1,near_tangent,0.0,1.9999999999999185e-05,True,True,True,True,True,2.002,0.10747368421052632
tangent_0.01,n2,near_tangent,0.0,1.9999999999999185e-05,True,True,True,True,True,2.002,0.10747368421052632
tangent_0.01,n3,near_tangent,0.0,1.9999999999999185e-05,True,True,True,True,True,2.002,0.10747368421052632
tangent_0.01,n4,near_tangent,0.0,1.9999999999999185e-05,True,True,True,True,True,2.002,0.10747368421052632
tangent_0.01,n5,near_tangent,0.0,1.9999999999999185e-05,True,True,True,True,True,2.002,0.10747368421052632
tangent_0.01,n6,near_tangent,0.0,1.9999999999999185e-05,True,True,True,True,True,2.002,0.10747368421052632
tangent_0.01,n7,near_tangent,0.0,1.9999999999999185e-05,True,True,True,True,True,2.002,0.10747368421052632
tangent_0.01,n8,near_tangent,0.0,1.9999999999999185e-05,True,True,True,True,True,2.002,0.10747368421052632
tangent_0.001,n0,near_tangent,0.0,2.0000000000000052e-05,True,True,True,True,True,2.02,2.06
tangent_0.001,n1,near_tangent,0.0,2.0000000000000052e-05,True,True,True,True,True,2.02,2.06
tangent_0.001,n2,near_tangent,0.0,2.0000000000000052e-05,True,True,True,True,True,2.02,2.06
tangent_0.001,n3,near_tangent,0.0,2.0000000000000052e-05,True,True,True,True,True,2.02,2.06
tangent_0.001,n4,near_tangent,0.0,2.0000000000000052e-05,True,True,True,True,True,2.02,2.06
tangent_0.001,n5,near_tangent,0.0,2.0000000000000052e-05,True,True,True,True,True,2.02,2.06
tangent_0.001,n6,near_tangent,0.0,2.0000000000000052e-05,True,True,True,True,True,2.02,2.06
tangent_0.001,n7,near_tangent,0.0,2.0000000000000052e-05,True,True,True,True,True,2.02,2.06
tangent_0.001,n8,near_tangent,0.0,2.0000000000000052e-05,True,True,True,True,True,2.02,2.06
tangent_0.0004,n0,near_tangent,0.0,2.0000000000000052e-05,True,True,True,True,False,2.0500000000000003,
tangent_0.0004,n1,near_tangent,0.0,2.0000000000000052e-05,True,True,True,True,False,2.0500000000000003,
tangent_0.0004,n2,near_tangent,0.0,2.0000000000000052e-05,True,True,True,True,False,2.0500000000000003,
tangent_0.0004,n3,near_tangent,0.0,2.0000000000000052e-05,True,True,True,True,False,2.0500000000000003,
tangent_0.0004,n4,near_tangent,0.0,2.0000000000000052e-05,True,True,True,True,False,2.0500000000000003,
tangent_0.0004,n5,near_tangent,0.0,2.0000000000000052e-05,True,True,True,True,False,2.0500000000000003,
tangent_0.0004,n6,near_tangent,0.0,2.0000000000000052e-05,True,True,True,True,False,2.0500000000000003,
tangent_0.0004,n7,near_tangent,0.0,2.0000000000000052e-05,True,True,True,True,False,2.0500000000000003,
tangent_0.0004,n8,near_tangent,0.0,2.0000000000000052e-05,True,True,True,True,False,2.0500000000000003,
periodic_texture_strong_geometry,n0,periodic_texture,0.00044124188958914956,7.148604765494504e-05,True,True,True,True,True,1.9997517357630696,0.004594460431409144
periodic_texture_strong_geometry,n1,periodic_texture,0.00035099008429564753,0.0009434773347773984,True,True,True,True,True,2.000953117449765,0.004508620652586699
periodic_texture_strong_geometry,n2,periodic_texture,0.00037918161879009146,0.0005979681894556776,True,True,True,True,True,1.999489967473837,0.00453944849406626
periodic_texture_strong_geometry,n3,periodic_texture,1.255070449971838e-05,0.0007685963810477592,True,True,True,True,True,1.99923032642363,0.004507573000695739
periodic_texture_strong_geometry,n4,periodic_texture,0.0001652860270958835,0.00019721711977016554,True,True,True,True,True,1.999748884591656,0.004560808853017605
periodic_texture_strong_geometry,n5,periodic_texture,0.0003895116434360523,0.0009434700170052324,True,True,True,True,True,2.0011354079523422,0.004614617492513067
periodic_texture_strong_geometry,n6,periodic_texture,0.00010870171368691652,0.0002027632992716022,True,True,True,True,True,2.0001761928140853,0.004545014365479951
periodic_texture_strong_geometry,n7,periodic_texture,0.0001575765739417423,0.00018138124393707322,True,True,True,True,True,1.9997689927435327,0.0045574916425200705
periodic_texture_strong_geometry,n8,periodic_texture,0.00034504007192648887,0.0006827855487212542,True,True,True,True,True,2.0005839849116596,0.004561395352357852
periodic_texture_wide_geometry,n0,periodic_texture,0.00011167351675290327,0.0009478353430281139,True,True,True,True,True,1.9990545320550142,0.0931438383327416
periodic_texture_wide_geometry,n1,periodic_texture,0.000182028550805149,0.00011890358147015334,True,True,True,True,True,1.9999233112845365,0.09379033886531321
periodic_texture_wide_geometry,n2,periodic_texture,0.00011787113113074448,0.0008062899234102527,True,True,True,True,True,1.9992279354465166,0.0960784111199
periodic_texture_wide_geometry,n3,periodic_texture,4.7300193554273504e-05,0.000984997288021816,True,True,True,True,True,2.000981723382893,0.09323654307189062
periodic_texture_wide_geometry,n4,periodic_texture,0.00012077935897083255,0.0007506646474511047,True,True,True,True,True,2.0007533862944755,0.09314662378400604
periodic_texture_wide_geometry,n5,periodic_texture,0.0002373755082285628,0.0008296480287834918,True,True,True,True,True,2.0008307754344004,0.0931412463122893
periodic_texture_wide_geometry,n6,periodic_texture,0.00031462342706543487,0.0005918143596490566,True,True,True,True,True,2.0006155342026015,0.09320516268305665
periodic_texture_wide_geometry,n7,periodic_texture,3.44098505605904e-05,0.00026906524720682334,True,True,True,True,True,1.999721680704717,0.09370815376699207
periodic_texture_wide_geometry,n8,periodic_texture,0.00029297234335286183,0.0007424057741050039,True,True,True,True,True,1.9993826884344401,0.09609657299117993
