case,method,seed,gap_mm,bias_rms_mm,n_points,primary,stage,supported_fraction,measured_fit_seconds,freeze_seconds,shared_freeze_plus_fit_seconds,input_edit_rms_mm,identifiable,geometry_scored,surface_accuracy_mean_mm,surface_accuracy_rms_mm,surface_accuracy_p95_mm,reference_sample_coverage_1mm,reference_sample_coverage_2mm,reference_sample_distance_mean_mm,output_point_count_ratio,matched_point_rms_mm,matched_normal_mae_mm,within_source_layer_rms_mm,source_group_gap_mm,source_group_gap_error_mm,source_group_gap_retention,reported_model_k,model_k_note,global_translation_only_aligned_rms_mm,output_edit_from_reference_centroid_mm,source_surface_tilt_mean_deg,source_surface_tilt_max_deg,fitted_gap_at_same_xy_mm,fitted_gap_at_same_xy_error_mm,fitted_gap_note,output,output_sha256,ok,info_method,info_variant,info_sharing,info_budget,info_evaluation_only_oracle,info_sigma_mm,info_frozen_common_sha256,info_freeze_seconds,info_supported_fraction,info_active_point_count,info_point_count,info_input_units,info_gauge,info_observation_source,info_interpretation,info_prior,info_final_action,info_fit_rank,info_fit_parameter_count,info_fit_full_rank,info_fit_condition_number,info_fit_effective_condition_number,info_fit_condition_scope,info_fit_solver,info_intercept_scope,info_slope_scope,info_weighted_measurement_sse_mm2,info_measurement_residual_rms_mm,info_final_fit_row_visits,info_final_fit_design_elements,info_status,info_group_count,info_dictionary_size,info_dictionary_capacity_parameters,info_dictionary_candidate_pair_count,info_association_change_fraction,info_association_change_scope,info_grouping_description,info_search_work_proxy,info_budget_matching_scope,info_search_objective_kind,info_entropy_mean,info_margin_mean,info_confidence_scope,info_responsibility_stage,info_search_seconds,info_final_fit_seconds,info_fit_seconds,info_input_edit_rms_mm,info_actual_changed_fraction,info_output_sha256,info_group_assignment_sha256,info_total_seconds,group_count,evaluation_only_weightless_group_impurity,info_compute_target,info_compute_target_met,info_search_objective,info_local_starts_not_scheduled,info_pooling_merge_count,info_compute_proxy_ratio,info_compute_target_overshoot,info_budget_scope,single_surface_fragment_groups
dual_g4_s912101_b4,identity,912101,4.0,4.0,768,True,public_development,0.0,0.0,0.0,0.0,0.0,True,True,3.434741242386911,3.879170583223748,6.622687217118435,0.04296875,0.203125,2.892752343875074,1.0,4.145698391964449,3.7892775109664165,4.1445390594418425,4.182276629333906,0.18227662933390576,1.0455691573334764,,self-report; not geometry-derived layer count or success,4.145482240911026,0.042333762269789736,0.680382636143409,1.5975229960717805,5.238673921271086,1.2386739212710864,"GT source-group affine fits evaluated at x=y=0; may extrapolate, not physical layer count",/srv/slam-research/grf/map-denoise/runs/multiscan-pilot-v1/reassociation-v7-primary-0frtnsm9/outputs/dual_g4_s912101_b4__identity.npz,82fd0880df868837471e3173e5f059dce678495daeed22727a69515faac96912,True,,,,,,,,,,,,,,,,,,,,,,,,,,,,,,,,,,,,,,,,,,,,,,,,,,,,,,,,,,,,,,,,
dual_g4_s912101_b4,original_b0_independent,912101,4.0,4.0,768,True,public_development,0.921875,0.0008592679951107129,0.23500247100309934,0.23586173899821006,4.013959044772528,True,True,0.4246613018237249,0.9713639465425354,1.8675065434859126,0.8919270833333334,0.9466145833333334,0.38455932234824614,1.0,1.139711249362274,0.49532458827529374,1.1359137449609082,3.8971760445404673,0.10282395545953271,0.9742940111351168,,self-report; not geometry-derived layer count or success,1.1371551008531642,0.0762889803742718,0.271473249009434,0.2862585652205289,3.666621441771583,0.333378558228417,"GT source-group affine fits evaluated at x=y=0; may extrapolate, not physical layer count",/srv/slam-research/grf/map-denoise/runs/multiscan-pilot-v1/reassociation-v7-primary-0frtnsm9/outputs/dual_g4_s912101_b4__original_b0_independent.npz,c850e567b58d4c5ad589561f79549e09b4ff6635a0eb6911bad8c180a7d5dadf,True,finite_surface_reassociation_v7,original,independent,1,False,1.0,f75a8642c2fbf3a05eec9a91f7fab0b1e29e1220cc0743722ebaa4a4b19e84f8,0.23499440700106788,0.921875,768,768,world metres,point-count-weighted zero-mean scan bias within each connected component,"bias-corrected original measurement, never projected output","conditional prototype; fixed support is attribution choice, not full architecture",uniform among each point's feasible candidates; no equal target mass constraint,"hard component MAP, then original-measurement refit; not posterior geometric mean",15,15,True,14.519760092916213,14.519760092916213,"weighted normalized design; null means rank deficient, not infinity hidden","numpy weighted least squares, rcond=1e-12",original local node,within each compatible group,786.1441757521934,1.0131052919768702,768,11520,APPLY,5,5,15,3347,0.0,dictionary IDs comparable only original/reassociate; local pool IDs arbitrary,unchanged original compatible groups,0,"target is planned search-work proxy, not actual paired wall-time or FLOP equivalence; compare both arms' measured counters",none: fixed original assignments,0.0,1.0,"model-conditional ambiguity only, not calibrated correctness probability","end of soft search, before hard assignment and final refit; local responsibilities additionally aggregated by final pooling",0.00025043099594768137,0.0003566859959391877,0.0007848600071156397,4.013959044772528,0.921875,a666b71d4277ec36cc03ba98aa2afa25c3b2823688c4f56e36eac3644c0ee939,f785f70a01a94b91d0d0b331076b399b592fa46a566b4f5b2bae6bba6cb8e52f,0.23577926700818352,5,0.053385416666666664,,,,,,,,,
dual_g4_s912101_b4,original_b0_shared,912101,4.0,4.0,768,True,public_development,0.921875,0.0006057220016373321,0.23500247100309934,0.23560819300473668,4.058302569212302,True,True,0.6165817818918046,1.0651542021565426,1.9034156813956244,0.8333333333333334,0.9427083333333334,0.5926345616686562,1.0,1.2331040665494604,0.6937760121095211,1.2185867055070359,3.663517520869449,0.33648247913055096,0.9158793802173623,,self-report; not geometry-derived layer count or success,1.2296094325424731,0.09277005089679417,1.2825898835862237,2.638486643705409,1.7619168936337997,2.2380831063662003,"GT source-group affine fits evaluated at x=y=0; may extrapolate, not physical layer count",/srv/slam-research/grf/map-denoise/runs/multiscan-pilot-v1/reassociation-v7-primary-0frtnsm9/outputs/dual_g4_s912101_b4__original_b0_shared.npz,e1d2f3f5b935bcf28d6a6f60c56ab67623e75a3368e064137182e9822f1626ec,True,finite_surface_reassociation_v7,original,shared,1,False,1.0,f75a8642c2fbf3a05eec9a91f7fab0b1e29e1220cc0743722ebaa4a4b19e84f8,0.23499440700106788,0.921875,768,768,world metres,point-count-weighted zero-mean scan bias within each connected component,"bias-corrected original measurement, never projected output","conditional prototype; fixed support is attribution choice, not full architecture",uniform among each point's feasible candidates; no equal target mass constraint,"hard component MAP, then original-measurement refit; not posterior geometric mean",7,7,True,6.070144755250422,6.070144755250422,"weighted normalized design; null means rank deficient, not infinity hidden","numpy weighted least squares, rcond=1e-12",frozen compatible group,all compatible groups,1038.866999893603,1.1644441517896729,768,5376,APPLY,5,5,15,3347,0.0,dictionary IDs comparable only original/reassociate; local pool IDs arbitrary,unchanged original compatible groups,0,"target is planned search-work proxy, not actual paired wall-time or FLOP equivalence; compare both arms' measured counters",none: fixed original assignments,0.0,1.0,"model-conditional ambiguity only, not calibrated correctness probability","end of soft search, before hard assignment and final refit; local responsibilities additionally aggregated by final pooling",0.0001814660063246265,0.00020250199304427952,0.0005396180058596656,4.058302569212302,0.921875,06b2d08ef13cd75a5d47f6a93d28f47f9e3219fae140265c404e0793bd598b0b,f785f70a01a94b91d0d0b331076b399b592fa46a566b4f5b2bae6bba6cb8e52f,0.23553402500692755,5,0.053385416666666664,,,,,,,,,
dual_g4_s912101_b4,local_multistart_b1_independent,912101,4.0,4.0,768,True,public_development,0.921875,0.015361764002591372,0.23500247100309934,0.2503642350056907,3.9993018624931502,True,True,0.43170375209154566,0.9485355223630232,1.7934761380732143,0.90625,0.95703125,0.38308852722573167,1.0,1.118326390264328,0.5014301582978009,1.1150534691918577,3.9974485726919404,0.002551427308059573,0.9993621431729851,,self-report; not geometry-derived layer count or success,1.1152026094457541,0.08352876778105986,0.13854423375184657,0.14035711792781083,4.070006224409885,0.07000622440988469,"GT source-group affine fits evaluated at x=y=0; may extrapolate, not physical layer count",/srv/slam-research/grf/map-denoise/runs/multiscan-pilot-v1/reassociation-v7-primary-0frtnsm9/outputs/dual_g4_s912101_b4__local_multistart_b1_independent.npz,42da370c5c33be53b2d426d1b582f1828a8175f5c28bdadb1bf831c9a9793314,True,finite_surface_reassociation_v7,local_multistart,independent,1,False,1.0,f75a8642c2fbf3a05eec9a91f7fab0b1e29e1220cc0743722ebaa4a4b19e84f8,0.23499440700106788,0.921875,768,768,world metres,point-count-weighted zero-mean scan bias within each connected component,"bias-corrected original measurement, never projected output","conditional prototype; fixed support is attribution choice, not full architecture",uniform among each point's feasible candidates; no equal target mass constraint,"hard component MAP, then original-measurement refit; not posterior geometric mean",12,12,True,8.926370715145675,8.926370715145675,"weighted normalized design; null means rank deficient, not infinity hidden","numpy weighted least squares, rcond=1e-12",original local node,within each compatible group,695.817797111662,0.9525858688519754,768,9216,APPLY,4,4,12,1043,,dictionary IDs comparable only original/reassociate; local pool IDs arbitrary,local MAP nodes then unchanged V4 complete-link pooling,10691,"target is planned search-work proxy, not actual paired wall-time or FLOP equivalence; compare both arms' measured counters","sum of local input BIC-like scores, not comparable to reassociation F",0.13588920263804075,0.8560520899622436,"model-conditional ambiguity only, not calibrated correctness probability","end of soft search, before hard assignment and final refit; local responsibilities additionally aggregated by final pooling",0.014832900997134857,0.00028373599343467504,0.015282501990441233,3.9993018624931502,0.921875,1e587d6cd93f8f528d021ed791f83c47c883d0fa45de876a99a03029bbe487ca,cae29be91be692ac565e7bb602a361c9ed5f8dcd66599e8374f1862a66890dba,0.2502769089915091,4,0.053385416666666664,10041,True,1073.3746673536489,17,8,1.0647345881884274,650,search plus final local sufficient fits; final pooling and output fit separately timed,
dual_g4_s912101_b4,local_multistart_b1_shared,912101,4.0,4.0,768,True,public_development,0.921875,0.01389939698856324,0.23500247100309934,0.24890186799166258,4.073684098901492,True,True,0.574692965539456,1.11045765082681,2.1096605981215917,0.8072916666666666,0.9127604166666666,0.5332411923494642,1.0,1.2525900873333589,0.6406255326639357,1.237728474231615,3.6657116198551,0.3342883801448999,0.916427904963775,,self-report; not geometry-derived layer count or success,1.2484445479445707,0.10182405213538034,1.1011574531648936,1.8141332182744023,2.231539628348042,1.7684603716519578,"GT source-group affine fits evaluated at x=y=0; may extrapolate, not physical layer count",/srv/slam-research/grf/map-denoise/runs/multiscan-pilot-v1/reassociation-v7-primary-0frtnsm9/outputs/dual_g4_s912101_b4__local_multistart_b1_shared.npz,b11db05d8a470f21bf105b132d01867dbc91f434991c354f3ad7c7e697efa032,True,finite_surface_reassociation_v7,local_multistart,shared,1,False,1.0,f75a8642c2fbf3a05eec9a91f7fab0b1e29e1220cc0743722ebaa4a4b19e84f8,0.23499440700106788,0.921875,768,768,world metres,point-count-weighted zero-mean scan bias within each connected component,"bias-corrected original measurement, never projected output","conditional prototype; fixed support is attribution choice, not full architecture",uniform among each point's feasible candidates; no equal target mass constraint,"hard component MAP, then original-measurement refit; not posterior geometric mean",6,6,True,3.8909441047411018,3.8909441047411018,"weighted normalized design; null means rank deficient, not infinity hidden","numpy weighted least squares, rcond=1e-12",frozen compatible group,all compatible groups,1030.8683957854557,1.1595295824657832,768,4608,APPLY,4,4,12,1043,,dictionary IDs comparable only original/reassociate; local pool IDs arbitrary,local MAP nodes then unchanged V4 complete-link pooling,10691,"target is planned search-work proxy, not actual paired wall-time or FLOP equivalence; compare both arms' measured counters","sum of local input BIC-like scores, not comparable to reassociation F",0.13588920263804075,0.8560520899622436,"model-conditional ambiguity only, not calibrated correctness probability","end of soft search, before hard assignment and final refit; local responsibilities additionally aggregated by final pooling",0.013405748002696782,0.0002537380059948191,0.013821077009197325,4.073684098901492,0.921875,5235fa47d2af4eb4515f868b2a31a23e74685b19001b2756dc491884f4bd39c2,cae29be91be692ac565e7bb602a361c9ed5f8dcd66599e8374f1862a66890dba,0.2488154840102652,4,0.053385416666666664,10041,True,1073.3746673536489,17,8,1.0647345881884274,650,search plus final local sufficient fits; final pooling and output fit separately timed,
dual_g4_s912101_b4,reassociate_b1_independent,912101,4.0,4.0,768,True,public_development,0.921875,0.0020048519945703447,0.23500247100309934,0.2370073229976697,3.922769046648387,True,True,0.792597459697782,1.210984554365101,2.4656880604251312,0.7513020833333334,0.9388020833333334,0.7049132832831994,1.0,1.3517446356738296,0.8635967532343688,1.3497768614297714,4.011603729334073,0.011603729334073165,1.0029009323335183,,self-report; not geometry-derived layer count or success,1.3499065962884818,0.07046801664457505,0.20788613651749752,0.39547559219860956,4.250249309273097,0.2502493092730971,"GT source-group affine fits evaluated at x=y=0; may extrapolate, not physical layer count",/srv/slam-research/grf/map-denoise/runs/multiscan-pilot-v1/reassociation-v7-primary-0frtnsm9/outputs/dual_g4_s912101_b4__reassociate_b1_independent.npz,f812cee90933c9175fbeea4f27aca108b00c65e5460f3280f9c756207a07e095,True,finite_surface_reassociation_v7,reassociate,independent,1,False,1.0,f75a8642c2fbf3a05eec9a91f7fab0b1e29e1220cc0743722ebaa4a4b19e84f8,0.23499440700106788,0.921875,768,768,world metres,point-count-weighted zero-mean scan bias within each connected component,"bias-corrected original measurement, never projected output","conditional prototype; fixed support is attribution choice, not full architecture",uniform among each point's feasible candidates; no equal target mass constraint,"hard component MAP, then original-measurement refit; not posterior geometric mean",15,15,True,6.63385985436396,6.63385985436396,"weighted normalized design; null means rank deficient, not infinity hidden","numpy weighted least squares, rcond=1e-12",original local node,within each compatible group,292.63582081538743,0.6173034774461846,768,11520,APPLY,5,5,15,3347,0.5026041666666666,dictionary IDs comparable only original/reassociate; local pool IDs arbitrary,MAP original dictionary IDs,10041,"target is planned search-work proxy, not actual paired wall-time or FLOP equivalence; compare both arms' measured counters",fixed-candidate empirical free energy,1.0174268559734292,0.19991858215960448,"model-conditional ambiguity only, not calibrated correctness probability","end of soft search, before hard assignment and final refit; local responsibilities additionally aggregated by final pooling",0.0014746289962204173,0.0002777049958240241,0.001934592000907287,3.922769046648387,0.921875,36f9cc41868593311224f3daf0ecad6e8dc45bb6ec43139eba61d436b894c67f,10f02b68d3bdd19b6eb285c3825ec75b3f04419754bfc60a7422ec4a6b4934d0,0.23692899900197517,5,0.19661458333333334,,,710.2246403329198,,,,,,
dual_g4_s912101_b4,reassociate_b1_shared,912101,4.0,4.0,768,True,public_development,0.921875,0.0018684719980228692,0.23500247100309934,0.23687094300112221,4.049690656575974,True,True,0.9710041382329746,1.3245762741774967,2.4437153149535056,0.6588541666666666,0.9166666666666666,0.9040342523194239,1.0,1.4509966232459806,1.0407170994611028,1.4166406777675264,3.3759213009421924,0.6240786990578076,0.8439803252355481,,self-report; not geometry-derived layer count or success,1.4487469495605303,0.08076804324914705,1.2920317121684364,1.665213828451717,2.301483744851976,1.6985162551480242,"GT source-group affine fits evaluated at x=y=0; may extrapolate, not physical layer count",/srv/slam-research/grf/map-denoise/runs/multiscan-pilot-v1/reassociation-v7-primary-0frtnsm9/outputs/dual_g4_s912101_b4__reassociate_b1_shared.npz,8ac88b355890f365f618c1471360a1beb34c261eba1affb8f94e0a966bf28711,True,finite_surface_reassociation_v7,reassociate,shared,1,False,1.0,f75a8642c2fbf3a05eec9a91f7fab0b1e29e1220cc0743722ebaa4a4b19e84f8,0.23499440700106788,0.921875,768,768,world metres,point-count-weighted zero-mean scan bias within each connected component,"bias-corrected original measurement, never projected output","conditional prototype; fixed support is attribution choice, not full architecture",uniform among each point's feasible candidates; no equal target mass constraint,"hard component MAP, then original-measurement refit; not posterior geometric mean",7,7,True,2.739662641345309,2.739662641345309,"weighted normalized design; null means rank deficient, not infinity hidden","numpy weighted least squares, rcond=1e-12",frozen compatible group,all compatible groups,1039.424935481099,1.163683665693178,768,5376,APPLY,5,5,15,3347,0.5026041666666666,dictionary IDs comparable only original/reassociate; local pool IDs arbitrary,MAP original dictionary IDs,10041,"target is planned search-work proxy, not actual paired wall-time or FLOP equivalence; compare both arms' measured counters",fixed-candidate empirical free energy,1.0174268559734292,0.19991858215960448,"model-conditional ambiguity only, not calibrated correctness probability","end of soft search, before hard assignment and final refit; local responsibilities additionally aggregated by final pooling",0.0014027449942659587,0.00021922799351159483,0.0018014530069194734,4.049690656575974,0.921875,247239c654e4184a684c16ed937bb377adf98a1cc6e3f728554c8f6bc7f1409d,10f02b68d3bdd19b6eb285c3825ec75b3f04419754bfc60a7422ec4a6b4934d0,0.23679586000798736,5,0.19661458333333334,,,710.2246403329198,,,,,,
dual_g4_s912101_b4,local_multistart_b3_independent,912101,4.0,4.0,768,True,public_development,0.921875,0.02010477799922228,0.23500247100309934,0.2551072490023216,3.999682213286819,True,True,0.4195258290064155,0.940695883403288,1.7614280289576645,0.9075520833333334,0.9583333333333334,0.37201252560293946,1.0,1.1159441283696443,0.4916242881196707,1.1128759638086108,3.984873006874746,0.015126993125254007,0.9962182517186865,,self-report; not geometry-derived layer count or success,1.1130489293219166,0.08033292337529266,0.13344563179197502,0.14375383783241288,4.039180420126407,0.039180420126407434,"GT source-group affine fits evaluated at x=y=0; may extrapolate, not physical layer count",/srv/slam-research/grf/map-denoise/runs/multiscan-pilot-v1/reassociation-v7-primary-0frtnsm9/outputs/dual_g4_s912101_b4__local_multistart_b3_independent.npz,d991b6271dd31c8fdc7110186ae6e7ee3e0319d32ae69d7c6def1e989709fc9c,True,finite_surface_reassociation_v7,local_multistart,independent,3,False,1.0,f75a8642c2fbf3a05eec9a91f7fab0b1e29e1220cc0743722ebaa4a4b19e84f8,0.23499440700106788,0.921875,768,768,world metres,point-count-weighted zero-mean scan bias within each connected component,"bias-corrected original measurement, never projected output","conditional prototype; fixed support is attribution choice, not full architecture",uniform among each point's feasible candidates; no equal target mass constraint,"hard component MAP, then original-measurement refit; not posterior geometric mean",12,12,True,8.83688442796532,8.83688442796532,"weighted normalized design; null means rank deficient, not infinity hidden","numpy weighted least squares, rcond=1e-12",original local node,within each compatible group,705.3142893317872,0.9590628444138438,768,9216,APPLY,4,4,12,1043,,dictionary IDs comparable only original/reassociate; local pool IDs arbitrary,local MAP nodes then unchanged V4 complete-link pooling,24183,"target is planned search-work proxy, not actual paired wall-time or FLOP equivalence; compare both arms' measured counters","sum of local input BIC-like scores, not comparable to reassociation F",0.14353054680548194,0.8409136419768002,"model-conditional ambiguity only, not calibrated correctness probability","end of soft search, before hard assignment and final refit; local responsibilities additionally aggregated by final pooling",0.019581154992920347,0.0002814659965224564,0.020028414990520105,3.999682213286819,0.921875,93a0fc1002b02eebad85d2e9d41e3b63711216f894736563da98fdb9363a0087,4a7285ee9d319bd647f7fd541dee841245125f44fa785e2c339e0263daeea176,0.255022821991588,4,0.053385416666666664,23429,True,1061.935112054045,17,8,1.0321823381279611,754,search plus final local sufficient fits; final pooling and output fit separately timed,
dual_g4_s912101_b4,local_multistart_b3_shared,912101,4.0,4.0,768,True,public_development,0.921875,0.020056301000295207,0.23500247100309934,0.25505877200339455,4.071433325097836,True,True,0.560139331064194,1.1066007172126233,2.078171454711281,0.8125,0.921875,0.514824699884823,1.0,1.2486660919291914,0.6257641933198508,1.2339047431965027,3.653830443371202,0.3461695566287979,0.9134576108428005,,self-report; not geometry-derived layer count or success,1.245417674846018,0.09001013451194412,1.0783951922946073,1.7704975483157614,2.2547964544142367,1.7452035455857633,"GT source-group affine fits evaluated at x=y=0; may extrapolate, not physical layer count",/srv/slam-research/grf/map-denoise/runs/multiscan-pilot-v1/reassociation-v7-primary-0frtnsm9/outputs/dual_g4_s912101_b4__local_multistart_b3_shared.npz,4b46c0ab803eb15359c130dc542dd23956fcd81cc9f1453fc3667c9a8c00c717,True,finite_surface_reassociation_v7,local_multistart,shared,3,False,1.0,f75a8642c2fbf3a05eec9a91f7fab0b1e29e1220cc0743722ebaa4a4b19e84f8,0.23499440700106788,0.921875,768,768,world metres,point-count-weighted zero-mean scan bias within each connected component,"bias-corrected original measurement, never projected output","conditional prototype; fixed support is attribution choice, not full architecture",uniform among each point's feasible candidates; no equal target mass constraint,"hard component MAP, then original-measurement refit; not posterior geometric mean",6,6,True,3.940493831542432,3.940493831542432,"weighted normalized design; null means rank deficient, not infinity hidden","numpy weighted least squares, rcond=1e-12",frozen compatible group,all compatible groups,1037.4641261102547,1.1632264112308552,768,4608,APPLY,4,4,12,1043,,dictionary IDs comparable only original/reassociate; local pool IDs arbitrary,local MAP nodes then unchanged V4 complete-link pooling,24183,"target is planned search-work proxy, not actual paired wall-time or FLOP equivalence; compare both arms' measured counters","sum of local input BIC-like scores, not comparable to reassociation F",0.14353054680548194,0.8409136419768002,"model-conditional ambiguity only, not calibrated correctness probability","end of soft search, before hard assignment and final refit; local responsibilities additionally aggregated by final pooling",0.019576970997150056,0.0002389590081293136,0.01997948600910604,4.071433325097836,0.921875,d8b92efcdcb31ffad077509c31948002dc518c60680b788c902fc54dcc1f2922,4a7285ee9d319bd647f7fd541dee841245125f44fa785e2c339e0263daeea176,0.2549738930101739,4,0.053385416666666664,23429,True,1061.935112054045,17,8,1.0321823381279611,754,search plus final local sufficient fits; final pooling and output fit separately timed,
dual_g4_s912101_b4,reassociate_b3_independent,912101,4.0,4.0,768,True,public_development,0.921875,0.003712761987117119,0.23500247100309934,0.23871523299021646,3.92290320346125,True,True,0.8865133456418516,1.2169350003306891,2.0859245606053873,0.73046875,0.9427083333333334,0.8159223072521997,1.0,1.360602971773804,0.9586150549606862,1.3581015468754476,4.036536189333988,0.03653618933398839,1.009134047333497,,self-report; not geometry-derived layer count or success,1.35833446813339,0.07853610303858531,0.23973968454017394,0.42706960553118856,4.326195686636501,0.3261956866365008,"GT source-group affine fits evaluated at x=y=0; may extrapolate, not physical layer count",/srv/slam-research/grf/map-denoise/runs/multiscan-pilot-v1/reassociation-v7-primary-0frtnsm9/outputs/dual_g4_s912101_b4__reassociate_b3_independent.npz,854c6932b381fa349ab9670bff3baf60825d5538a612b20eee98212091287ad4,True,finite_surface_reassociation_v7,reassociate,independent,3,False,1.0,f75a8642c2fbf3a05eec9a91f7fab0b1e29e1220cc0743722ebaa4a4b19e84f8,0.23499440700106788,0.921875,768,768,world metres,point-count-weighted zero-mean scan bias within each connected component,"bias-corrected original measurement, never projected output","conditional prototype; fixed support is attribution choice, not full architecture",uniform among each point's feasible candidates; no equal target mass constraint,"hard component MAP, then original-measurement refit; not posterior geometric mean",15,15,True,6.171205088331773,6.171205088331773,"weighted normalized design; null means rank deficient, not infinity hidden","numpy weighted least squares, rcond=1e-12",original local node,within each compatible group,237.9549942494726,0.5567847230564723,768,11520,APPLY,5,5,15,3347,0.640625,dictionary IDs comparable only original/reassociate; local pool IDs arbitrary,MAP original dictionary IDs,23429,"target is planned search-work proxy, not actual paired wall-time or FLOP equivalence; compare both arms' measured counters",fixed-candidate empirical free energy,1.1062352180318498,0.15800590745979012,"model-conditional ambiguity only, not calibrated correctness probability","end of soft search, before hard assignment and final refit; local responsibilities additionally aggregated by final pooling",0.00316891199327074,0.00028028100496158004,0.0036388789885677397,3.92290320346125,0.921875,10d790eaa1c33b1f8e3d0d98cdb2d1e6152bfedcf1ee066f4e47ba4666d8808f,7f61d56a622c342b8a4480f80464b383b884440d9c3410746c249e4ed50fff2d,0.23863328598963562,5,0.19401041666666666,,,623.1152426816809,,,,,,
dual_g4_s912101_b4,reassociate_b3_shared,912101,4.0,4.0,768,True,public_development,0.921875,0.0033520959987072274,0.23500247100309934,0.23835456700180657,4.052222804451797,True,True,0.9474117545575993,1.296722015483951,2.3185661795891894,0.65234375,0.9270833333333334,0.8862074837702042,1.0,1.4379502177024488,1.0259555967547287,1.4085295039333956,3.4411198540209353,0.5588801459790647,0.8602799635052338,,self-report; not geometry-derived layer count or success,1.4345040375377185,0.09949369265688954,1.0228354104371575,1.590893722302866,2.7812284241767635,1.2187715758232365,"GT source-group affine fits evaluated at x=y=0; may extrapolate, not physical layer count",/srv/slam-research/grf/map-denoise/runs/multiscan-pilot-v1/reassociation-v7-primary-0frtnsm9/outputs/dual_g4_s912101_b4__reassociate_b3_shared.npz,af996142f8ec779d4f0270dd025c69c99c17fd96455a02eeef8b95d1a8f98420,True,finite_surface_reassociation_v7,reassociate,shared,3,False,1.0,f75a8642c2fbf3a05eec9a91f7fab0b1e29e1220cc0743722ebaa4a4b19e84f8,0.23499440700106788,0.921875,768,768,world metres,point-count-weighted zero-mean scan bias within each connected component,"bias-corrected original measurement, never projected output","conditional prototype; fixed support is attribution choice, not full architecture",uniform among each point's feasible candidates; no equal target mass constraint,"hard component MAP, then original-measurement refit; not posterior geometric mean",7,7,True,2.5238505277899246,2.5238505277899246,"weighted normalized design; null means rank deficient, not infinity hidden","numpy weighted least squares, rcond=1e-12",frozen compatible group,all compatible groups,995.7358303828989,1.1390172792199114,768,5376,APPLY,5,5,15,3347,0.640625,dictionary IDs comparable only original/reassociate; local pool IDs arbitrary,MAP original dictionary IDs,23429,"target is planned search-work proxy, not actual paired wall-time or FLOP equivalence; compare both arms' measured counters",fixed-candidate empirical free energy,1.1062352180318498,0.15800590745979012,"model-conditional ambiguity only, not calibrated correctness probability","end of soft search, before hard assignment and final refit; local responsibilities additionally aggregated by final pooling",0.0028590970032382756,0.00021911000658292323,0.00328144000377506,4.052222804451797,0.921875,c1dcd6b928b7c4c8954df1307183ec04a35ede62f0ab4f2283760f293f48b97c,7f61d56a622c342b8a4480f80464b383b884440d9c3410746c249e4ed50fff2d,0.23827584700484294,5,0.19401041666666666,,,623.1152426816809,,,,,,
dual_g4_s912101_b4,local_multistart_b6_independent,912101,4.0,4.0,768,True,public_development,0.921875,0.02913292800076306,0.23500247100309934,0.2641353990038624,3.9845987032438286,True,True,0.41269582598424276,0.9417897868515764,1.7852825323296433,0.90234375,0.9583333333333334,0.36703508333095874,1.0,1.116247325921823,0.4844492927572885,1.1130047450430434,4.0050696728097765,0.005069672809776549,1.0012674182024441,,self-report; not geometry-derived layer count or success,1.1131550972736282,0.08302904336050115,0.15512487004589393,0.1673043607807856,4.11454241437809,0.11454241437809021,"GT source-group affine fits evaluated at x=y=0; may extrapolate, not physical layer count",/srv/slam-research/grf/map-denoise/runs/multiscan-pilot-v1/reassociation-v7-primary-0frtnsm9/outputs/dual_g4_s912101_b4__local_multistart_b6_independent.npz,e34ad1e6886dd44275123a9e0a9a299e1bd7ea148a42a22b37f7e99dca1ed888,True,finite_surface_reassociation_v7,local_multistart,independent,6,False,1.0,f75a8642c2fbf3a05eec9a91f7fab0b1e29e1220cc0743722ebaa4a4b19e84f8,0.23499440700106788,0.921875,768,768,world metres,point-count-weighted zero-mean scan bias within each connected component,"bias-corrected original measurement, never projected output","conditional prototype; fixed support is attribution choice, not full architecture",uniform among each point's feasible candidates; no equal target mass constraint,"hard component MAP, then original-measurement refit; not posterior geometric mean",18,18,True,20.983567835835782,20.983567835835782,"weighted normalized design; null means rank deficient, not infinity hidden","numpy weighted least squares, rcond=1e-12",original local node,within each compatible group,687.8947967232762,0.9471648566067603,768,13824,APPLY,6,6,18,1043,,dictionary IDs comparable only original/reassociate; local pool IDs arbitrary,local MAP nodes then unchanged V4 complete-link pooling,44141,"target is planned search-work proxy, not actual paired wall-time or FLOP equivalence; compare both arms' measured counters","sum of local input BIC-like scores, not comparable to reassociation F",0.14459984008361734,0.8400232209132025,"model-conditional ambiguity only, not calibrated correctness probability","end of soft search, before hard assignment and final refit; local responsibilities additionally aggregated by final pooling",0.02851568500045687,0.00035100198874715716,0.029052818004856817,3.9845987032438286,0.921875,6497fa3d01207ecacb187aeacbdcfd4750728ea7f19d4440d7f7d64c5af2d919,25e4d39fb95881859669b983086a1f90c2c35af59d1341f4c332c9048261a2cf,0.2640472250059247,6,0.053385416666666664,43511,True,1056.2242040957317,17,6,1.0144790972397784,630,search plus final local sufficient fits; final pooling and output fit separately timed,
dual_g4_s912101_b4,local_multistart_b6_shared,912101,4.0,4.0,768,True,public_development,0.921875,0.02848229999653995,0.23500247100309934,0.2634847709996393,4.062599623683711,True,True,0.5606856662799764,1.0826183034896972,2.012118801677729,0.8190104166666666,0.9375,0.5196558557853991,1.0,1.2303186965193842,0.6279812140425387,1.2156076947607062,3.6572513499526247,0.3427486500473753,0.9143128374881562,,self-report; not geometry-derived layer count or success,1.2270656982491972,0.08940842905099622,1.1477711856668529,1.9817072578425217,2.1523915936977183,1.8476084063022817,"GT source-group affine fits evaluated at x=y=0; may extrapolate, not physical layer count",/srv/slam-research/grf/map-denoise/runs/multiscan-pilot-v1/reassociation-v7-primary-0frtnsm9/outputs/dual_g4_s912101_b4__local_multistart_b6_shared.npz,e09f08401edccd003059d3b6fd317c43785e74f4b217004b9b600743000dcf34,True,finite_surface_reassociation_v7,local_multistart,shared,6,False,1.0,f75a8642c2fbf3a05eec9a91f7fab0b1e29e1220cc0743722ebaa4a4b19e84f8,0.23499440700106788,0.921875,768,768,world metres,point-count-weighted zero-mean scan bias within each connected component,"bias-corrected original measurement, never projected output","conditional prototype; fixed support is attribution choice, not full architecture",uniform among each point's feasible candidates; no equal target mass constraint,"hard component MAP, then original-measurement refit; not posterior geometric mean",8,8,True,4.514869459558129,4.514869459558129,"weighted normalized design; null means rank deficient, not infinity hidden","numpy weighted least squares, rcond=1e-12",frozen compatible group,all compatible groups,1061.5148688620266,1.1766872859200714,768,6144,APPLY,6,6,18,1043,,dictionary IDs comparable only original/reassociate; local pool IDs arbitrary,local MAP nodes then unchanged V4 complete-link pooling,44141,"target is planned search-work proxy, not actual paired wall-time or FLOP equivalence; compare both arms' measured counters","sum of local input BIC-like scores, not comparable to reassociation F",0.14459984008361734,0.8400232209132025,"model-conditional ambiguity only, not calibrated correctness probability","end of soft search, before hard assignment and final refit; local responsibilities additionally aggregated by final pooling",0.027973461998044513,0.0002500319969840348,0.028404769996996038,4.062599623683711,0.921875,c33bdcd32832088bc2a4b76a4a31d66f450d639623d11e51464e2eefce25b97d,25e4d39fb95881859669b983086a1f90c2c35af59d1341f4c332c9048261a2cf,0.2633991769980639,6,0.053385416666666664,43511,True,1056.2242040957317,17,6,1.0144790972397784,630,search plus final local sufficient fits; final pooling and output fit separately timed,
dual_g4_s912101_b4,reassociate_b6_independent,912101,4.0,4.0,768,True,public_development,0.921875,0.005818385994643904,0.23500247100309934,0.24082085699774325,3.924927790814236,True,True,0.8891852687301864,1.2083762858537703,1.9557707862431746,0.71484375,0.9479166666666666,0.8343542764343604,1.0,1.3433542825973883,0.9572880258212928,1.340417492410668,4.072381722900044,0.07238172290004385,1.018095430725011,,self-report; not geometry-derived layer count or success,1.340996234854796,0.0795602078806081,0.32943023705780994,0.5581655400513581,4.477282914941758,0.4772829149417577,"GT source-group affine fits evaluated at x=y=0; may extrapolate, not physical layer count",/srv/slam-research/grf/map-denoise/runs/multiscan-pilot-v1/reassociation-v7-primary-0frtnsm9/outputs/dual_g4_s912101_b4__reassociate_b6_independent.npz,d78da6c42533ffa37d1ff323765ebccb9ef8bb5089b6c4d8784df81e0dec841d,True,finite_surface_reassociation_v7,reassociate,independent,6,False,1.0,f75a8642c2fbf3a05eec9a91f7fab0b1e29e1220cc0743722ebaa4a4b19e84f8,0.23499440700106788,0.921875,768,768,world metres,point-count-weighted zero-mean scan bias within each connected component,"bias-corrected original measurement, never projected output","conditional prototype; fixed support is attribution choice, not full architecture",uniform among each point's feasible candidates; no equal target mass constraint,"hard component MAP, then original-measurement refit; not posterior geometric mean",15,15,True,6.592330009714278,6.592330009714278,"weighted normalized design; null means rank deficient, not infinity hidden","numpy weighted least squares, rcond=1e-12",original local node,within each compatible group,223.13304163798387,0.5393017349572127,768,11520,APPLY,5,5,15,3347,0.68359375,dictionary IDs comparable only original/reassociate; local pool IDs arbitrary,MAP original dictionary IDs,43511,"target is planned search-work proxy, not actual paired wall-time or FLOP equivalence; compare both arms' measured counters",fixed-candidate empirical free energy,1.131493349352793,0.15967646317991643,"model-conditional ambiguity only, not calibrated correctness probability","end of soft search, before hard assignment and final refit; local responsibilities additionally aggregated by final pooling",0.005235983990132809,0.0003054489934584126,0.005737537998356856,3.924927790814236,0.921875,f3d86cc88ffe3e91b67196d3e1cdd0077b94975eb172fa128b3fb3630ae4186b,4e4b15157e2793ec00a10692b70351cfc43541303c73d45ac2822fcf51eaa909,0.24073194499942474,5,0.22135416666666666,,,598.6423053042574,,,,,,
dual_g4_s912101_b4,reassociate_b6_shared,912101,4.0,4.0,768,True,public_development,0.921875,0.005296082003042102,0.23500247100309934,0.24029855300614145,4.062637339457191,True,True,0.9589645151494272,1.28472556461727,2.137220726580999,0.6354166666666666,0.9440104166666666,0.8964082717664047,1.0,1.4168402524304355,1.0301838402860006,1.3952152967786604,3.534519744805729,0.46548025519427094,0.8836299362014323,,self-report; not geometry-derived layer count or success,1.4134914620000734,0.09735598471606902,0.8729581704760498,1.3324030588627134,3.024797315404675,0.9752026845953252,"GT source-group affine fits evaluated at x=y=0; may extrapolate, not physical layer count",/srv/slam-research/grf/map-denoise/runs/multiscan-pilot-v1/reassociation-v7-primary-0frtnsm9/outputs/dual_g4_s912101_b4__reassociate_b6_shared.npz,740f3b2d9f73cbe9bad76c7baf8cb7d6a9adb7368c01a78945aac5a8a782b95d,True,finite_surface_reassociation_v7,reassociate,shared,6,False,1.0,f75a8642c2fbf3a05eec9a91f7fab0b1e29e1220cc0743722ebaa4a4b19e84f8,0.23499440700106788,0.921875,768,768,world metres,point-count-weighted zero-mean scan bias within each connected component,"bias-corrected original measurement, never projected output","conditional prototype; fixed support is attribution choice, not full architecture",uniform among each point's feasible candidates; no equal target mass constraint,"hard component MAP, then original-measurement refit; not posterior geometric mean",7,7,True,2.5104278845011505,2.5104278845011505,"weighted normalized design; null means rank deficient, not infinity hidden","numpy weighted least squares, rcond=1e-12",frozen compatible group,all compatible groups,900.6123666631702,1.0832736914858536,768,5376,APPLY,5,5,15,3347,0.68359375,dictionary IDs comparable only original/reassociate; local pool IDs arbitrary,MAP original dictionary IDs,43511,"target is planned search-work proxy, not actual paired wall-time or FLOP equivalence; compare both arms' measured counters",fixed-candidate empirical free energy,1.131493349352793,0.15967646317991643,"model-conditional ambiguity only, not calibrated correctness probability","end of soft search, before hard assignment and final refit; local responsibilities additionally aggregated by final pooling",0.004819980007596314,0.00022419299057219177,0.005223936997936107,4.062637339457191,0.921875,9b700cdfdc594c423cc44d4f969793eec8da0de4c8bdb37a10929956eccf47c0,4e4b15157e2793ec00a10692b70351cfc43541303c73d45ac2822fcf51eaa909,0.240218343999004,5,0.22135416666666666,,,598.6423053042574,,,,,,
dual_g8_s912101_b4,identity,912101,8.0,4.0,768,True,public_development,0.0,0.0,0.0,0.0,0.0,True,True,3.637555211204082,3.9921950101392407,6.5808112826179,0.046875,0.18098958333333334,2.895978998712334,1.0,4.145698391964449,3.7892775109664165,4.142176120560211,8.346107634577454,0.34610763457745364,1.0432634543221817,,self-report; not geometry-derived layer count or success,4.145482240911026,0.04233376226978978,0.7262798536025733,0.7627096753343211,9.100796971594713,1.100796971594713,"GT source-group affine fits evaluated at x=y=0; may extrapolate, not physical layer count",/srv/slam-research/grf/map-denoise/runs/multiscan-pilot-v1/reassociation-v7-primary-0frtnsm9/outputs/dual_g8_s912101_b4__identity.npz,579ed21c3b15110a6f19e5039999c7001c256671cb0a1ee8b589567eb6949dc8,True,,,,,,,,,,,,,,,,,,,,,,,,,,,,,,,,,,,,,,,,,,,,,,,,,,,,,,,,,,,,,,,,
dual_g8_s912101_b4,original_b0_independent,912101,8.0,4.0,768,True,public_development,0.9856770833333334,0.0007842999912099913,0.21335644800274167,0.21414074799395166,4.1376165766788855,True,True,0.32566042198258455,0.6746210520922855,1.173448306291375,0.9361979166666666,0.9817708333333334,0.3029424305976092,1.0,0.7691167618436708,0.3426920353445617,0.7682051685781496,7.98937796824271,0.010622031757289818,0.9986722460303388,,self-report; not geometry-derived layer count or success,0.7683352597792303,0.034662976341865236,0.23488639758351892,0.27418459951601426,7.851611810789634,0.14838818921036623,"GT source-group affine fits evaluated at x=y=0; may extrapolate, not physical layer count",/srv/slam-research/grf/map-denoise/runs/multiscan-pilot-v1/reassociation-v7-primary-0frtnsm9/outputs/dual_g8_s912101_b4__original_b0_independent.npz,f4d823dad89dee795249f17f6f009e4012a4f9ea1b446a0adaac93993fa755cd,True,finite_surface_reassociation_v7,original,independent,1,False,1.0,3770b5a60db45da78fe813cbddc649966c5886fe67e08fc034330e3a28e8d174,0.2133367089991225,0.9856770833333334,768,768,world metres,point-count-weighted zero-mean scan bias within each connected component,"bias-corrected original measurement, never projected output","conditional prototype; fixed support is attribution choice, not full architecture",uniform among each point's feasible candidates; no equal target mass constraint,"hard component MAP, then original-measurement refit; not posterior geometric mean",12,12,True,11.954511036239111,11.954511036239111,"weighted normalized design; null means rank deficient, not infinity hidden","numpy weighted least squares, rcond=1e-12",original local node,within each compatible group,769.2408099317573,1.004205133109986,768,9216,APPLY,4,4,12,2569,0.0,dictionary IDs comparable only original/reassociate; local pool IDs arbitrary,unchanged original compatible groups,0,"target is planned search-work proxy, not actual paired wall-time or FLOP equivalence; compare both arms' measured counters",none: fixed original assignments,0.0,1.0,"model-conditional ambiguity only, not calibrated correctness probability","end of soft search, before hard assignment and final refit; local responsibilities additionally aggregated by final pooling",0.00023216100817080587,0.00031089498952496797,0.0007047800027066842,4.1376165766788855,0.9856770833333334,5995a16f180959fe4f069f08a02e4b0b78e996f5b982fceeff10c5da14f12bba,9ce2da146818c745808bb3d0dda9aef232ab1c0d63d9aac26e7241d56d7d49f3,0.21404148900182918,4,0.049479166666666664,,,,,,,,,
dual_g8_s912101_b4,original_b0_shared,912101,8.0,4.0,768,True,public_development,0.9856770833333334,0.0005576210096478462,0.21335644800274167,0.21391406901238952,4.318701429328217,True,True,0.9767792810194939,1.367625087813321,3.9005291071271375,0.640625,0.921875,0.9357083843996493,1.0,1.4207870073033586,0.9952700249710938,1.3700046107045905,7.2170787243040495,0.7829212756959505,0.9021348405380062,,self-report; not geometry-derived layer count or success,1.4203195258055963,0.03644399453134314,2.89081360395609,6.200933736162238,2.746260759379653,5.253739240620347,"GT source-group affine fits evaluated at x=y=0; may extrapolate, not physical layer count",/srv/slam-research/grf/map-denoise/runs/multiscan-pilot-v1/reassociation-v7-primary-0frtnsm9/outputs/dual_g8_s912101_b4__original_b0_shared.npz,2467c3b5f8ab46d8ac539aa3b3384f6c9b82d32e7ba69d40c2fe4df12642d5f7,True,finite_surface_reassociation_v7,original,shared,1,False,1.0,3770b5a60db45da78fe813cbddc649966c5886fe67e08fc034330e3a28e8d174,0.2133367089991225,0.9856770833333334,768,768,world metres,point-count-weighted zero-mean scan bias within each connected component,"bias-corrected original measurement, never projected output","conditional prototype; fixed support is attribution choice, not full architecture",uniform among each point's feasible candidates; no equal target mass constraint,"hard component MAP, then original-measurement refit; not posterior geometric mean",6,6,True,6.187860142514881,6.187860142514881,"weighted normalized design; null means rank deficient, not infinity hidden","numpy weighted least squares, rcond=1e-12",frozen compatible group,all compatible groups,1848.0631699561168,1.5553441314477134,768,4608,APPLY,4,4,12,2569,0.0,dictionary IDs comparable only original/reassociate; local pool IDs arbitrary,unchanged original compatible groups,0,"target is planned search-work proxy, not actual paired wall-time or FLOP equivalence; compare both arms' measured counters",none: fixed original assignments,0.0,1.0,"model-conditional ambiguity only, not calibrated correctness probability","end of soft search, before hard assignment and final refit; local responsibilities additionally aggregated by final pooling",0.00015544099733233452,0.0001970719895325601,0.0004937720077577978,4.318701429328217,0.9856770833333334,1914707b2c3a517cbbf26824c973d333f73e162353da4996d73acf9d71b0d166,9ce2da146818c745808bb3d0dda9aef232ab1c0d63d9aac26e7241d56d7d49f3,0.2138304810068803,4,0.049479166666666664,,,,,,,,,
dual_g8_s912101_b4,local_multistart_b1_independent,912101,8.0,4.0,768,True,public_development,0.9856770833333334,0.012065267001162283,0.21335644800274167,0.22542171500390396,4.101326835511377,True,True,0.3020599498771164,0.6548202494088781,1.0695068592127501,0.9466145833333334,0.984375,0.2759310487739122,1.0,0.7518068556375903,0.3190915632390935,0.7513197274042752,8.000603411797693,0.0006034117976927433,1.0000754264747116,,self-report; not geometry-derived layer count or success,0.7514336004612162,0.023687386550098315,0.2609601207819185,0.2967444017541054,7.937351108275357,0.06264889172464283,"GT source-group affine fits evaluated at x=y=0; may extrapolate, not physical layer count",/srv/slam-research/grf/map-denoise/runs/multiscan-pilot-v1/reassociation-v7-primary-0frtnsm9/outputs/dual_g8_s912101_b4__local_multistart_b1_independent.npz,f227acbf779d9ac22deab69552578313d6206bf239665ffb0d248654cde9610e,True,finite_surface_reassociation_v7,local_multistart,independent,1,False,1.0,3770b5a60db45da78fe813cbddc649966c5886fe67e08fc034330e3a28e8d174,0.2133367089991225,0.9856770833333334,768,768,world metres,point-count-weighted zero-mean scan bias within each connected component,"bias-corrected original measurement, never projected output","conditional prototype; fixed support is attribution choice, not full architecture",uniform among each point's feasible candidates; no equal target mass constraint,"hard component MAP, then original-measurement refit; not posterior geometric mean",12,12,True,7.8563560821629475,7.8563560821629475,"weighted normalized design; null means rank deficient, not infinity hidden","numpy weighted least squares, rcond=1e-12",original local node,within each compatible group,739.3624095484527,0.9843393491745972,768,9216,APPLY,4,4,12,1033,,dictionary IDs comparable only original/reassociate; local pool IDs arbitrary,local MAP nodes then unchanged V4 complete-link pooling,8339,"target is planned search-work proxy, not actual paired wall-time or FLOP equivalence; compare both arms' measured counters","sum of local input BIC-like scores, not comparable to reassociation F",0.080571178595245,0.9140655854955665,"model-conditional ambiguity only, not calibrated correctness probability","end of soft search, before hard assignment and final refit; local responsibilities additionally aggregated by final pooling",0.011545210989424959,0.0002833739999914542,0.011988129990641028,4.101326835511377,0.9856770833333334,62936e7f5ad34fbc44286ea60fb92e62d1eb34d28776ba94430e07551105b02d,f4ca10fd040ea8047d3d0746b1e119405fcebc93e6bbd6dfc3e94b092a368ed5,0.22532483898976352,4,0.049479166666666664,7707,True,1160.9222031468755,18,8,1.082003373556507,632,search plus final local sufficient fits; final pooling and output fit separately timed,
dual_g8_s912101_b4,local_multistart_b1_shared,912101,8.0,4.0,768,True,public_development,0.9856770833333334,0.011418320005759597,0.21335644800274167,0.22477476800850127,4.232082388639814,True,True,0.8875152276332905,1.322539632315758,3.39540252287306,0.7721354166666666,0.8841145833333334,0.8288908734503743,1.0,1.37315190355828,0.9045468461104583,1.3350476904444297,7.330653358154178,0.6693466418458218,0.9163316697692723,,self-report; not geometry-derived layer count or success,1.3729575300104542,0.023103485306783238,2.4738270475085646,5.1464375490926,3.5825083631024803,4.41749163689752,"GT source-group affine fits evaluated at x=y=0; may extrapolate, not physical layer count",/srv/slam-research/grf/map-denoise/runs/multiscan-pilot-v1/reassociation-v7-primary-0frtnsm9/outputs/dual_g8_s912101_b4__local_multistart_b1_shared.npz,ea90e303e7260507991f1e08a758f013a5a287b43f76016bf5294c688a16e114,True,finite_surface_reassociation_v7,local_multistart,shared,1,False,1.0,3770b5a60db45da78fe813cbddc649966c5886fe67e08fc034330e3a28e8d174,0.2133367089991225,0.9856770833333334,768,768,world metres,point-count-weighted zero-mean scan bias within each connected component,"bias-corrected original measurement, never projected output","conditional prototype; fixed support is attribution choice, not full architecture",uniform among each point's feasible candidates; no equal target mass constraint,"hard component MAP, then original-measurement refit; not posterior geometric mean",6,6,True,6.08859440710371,6.08859440710371,"weighted normalized design; null means rank deficient, not infinity hidden","numpy weighted least squares, rcond=1e-12",frozen compatible group,all compatible groups,1600.4748954638326,1.4475261530259895,768,4608,APPLY,4,4,12,1033,,dictionary IDs comparable only original/reassociate; local pool IDs arbitrary,local MAP nodes then unchanged V4 complete-link pooling,8339,"target is planned search-work proxy, not actual paired wall-time or FLOP equivalence; compare both arms' measured counters","sum of local input BIC-like scores, not comparable to reassociation F",0.080571178595245,0.9140655854955665,"model-conditional ambiguity only, not calibrated correctness probability","end of soft search, before hard assignment and final refit; local responsibilities additionally aggregated by final pooling",0.010966556990751997,0.00022718300169799477,0.011347713996656239,4.232082388639814,0.9856770833333334,729f595ffcea2019340650c72ce270ca2d5ecf6139cbef2f928f444740ff8a0e,f4ca10fd040ea8047d3d0746b1e119405fcebc93e6bbd6dfc3e94b092a368ed5,0.22468442299577873,4,0.049479166666666664,7707,True,1160.9222031468755,18,8,1.082003373556507,632,search plus final local sufficient fits; final pooling and output fit separately timed,
dual_g8_s912101_b4,reassociate_b1_independent,912101,8.0,4.0,768,True,public_development,0.9856770833333334,0.0018568139930721372,0.21335644800274167,0.2152132619958138,4.0840472625196025,True,True,0.5261927734846742,0.8821501753739929,1.7144769799018564,0.875,0.9817708333333334,0.47773794645893347,1.0,0.9563532208293027,0.5432243867780051,0.9556417436343585,8.016333157695922,0.016333157695921585,1.0020416447119902,,self-report; not geometry-derived layer count or success,0.9557624003963083,0.033611262684818684,0.29878350790853075,0.33938765774714447,8.083924986461582,0.08392498646158231,"GT source-group affine fits evaluated at x=y=0; may extrapolate, not physical layer count",/srv/slam-research/grf/map-denoise/runs/multiscan-pilot-v1/reassociation-v7-primary-0frtnsm9/outputs/dual_g8_s912101_b4__reassociate_b1_independent.npz,4bc33b02997cc3ae9a14662a99ce0f06710532c55655cbe1e79263ec76d0c861,True,finite_surface_reassociation_v7,reassociate,independent,1,False,1.0,3770b5a60db45da78fe813cbddc649966c5886fe67e08fc034330e3a28e8d174,0.2133367089991225,0.9856770833333334,768,768,world metres,point-count-weighted zero-mean scan bias within each connected component,"bias-corrected original measurement, never projected output","conditional prototype; fixed support is attribution choice, not full architecture",uniform among each point's feasible candidates; no equal target mass constraint,"hard component MAP, then original-measurement refit; not posterior geometric mean",12,12,True,7.05482329221484,7.05482329221484,"weighted normalized design; null means rank deficient, not infinity hidden","numpy weighted least squares, rcond=1e-12",original local node,within each compatible group,456.4433235333802,0.7757540029294424,768,9216,APPLY,4,4,12,2569,0.2734375,dictionary IDs comparable only original/reassociate; local pool IDs arbitrary,MAP original dictionary IDs,7707,"target is planned search-work proxy, not actual paired wall-time or FLOP equivalence; compare both arms' measured counters",fixed-candidate empirical free energy,0.4705035757306632,0.5385348560593322,"model-conditional ambiguity only, not calibrated correctness probability","end of soft search, before hard assignment and final refit; local responsibilities additionally aggregated by final pooling",0.0012432599905878305,0.0002899590035667643,0.001773286989191547,4.0840472625196025,0.9856770833333334,df80267e7f3e6fd3c48c641a28f90c03ba88d1e30d753b33e2a6d227744ee875,0730cd051e242222fe5b067f90bd89e0fa8f7a52ee4fa60758c5819eb94d0533,0.21510999598831404,4,0.052083333333333336,,,929.5483467011732,,,,,,
dual_g8_s912101_b4,reassociate_b1_shared,912101,8.0,4.0,768,True,public_development,0.9856770833333334,0.001982592002605088,0.21335644800274167,0.21533904000534676,4.278434309838237,True,True,0.9887296477814541,1.4500214195185053,3.728754043679609,0.7317708333333334,0.8971354166666666,0.8346844474058054,1.0,1.5264050570289704,1.0171251660834009,1.4799762833124057,7.223842265227878,0.7761577347721218,0.9029802831534848,,self-report; not geometry-derived layer count or success,1.525879824807465,0.04003946015063388,2.3162214502987286,3.64821815868455,4.226754454003413,3.773245545996587,"GT source-group affine fits evaluated at x=y=0; may extrapolate, not physical layer count",/srv/slam-research/grf/map-denoise/runs/multiscan-pilot-v1/reassociation-v7-primary-0frtnsm9/outputs/dual_g8_s912101_b4__reassociate_b1_shared.npz,4793997484550bf57d38fb4c414d24870e090f92b18e096b141b970c9ac9779f,True,finite_surface_reassociation_v7,reassociate,shared,1,False,1.0,3770b5a60db45da78fe813cbddc649966c5886fe67e08fc034330e3a28e8d174,0.2133367089991225,0.9856770833333334,768,768,world metres,point-count-weighted zero-mean scan bias within each connected component,"bias-corrected original measurement, never projected output","conditional prototype; fixed support is attribution choice, not full architecture",uniform among each point's feasible candidates; no equal target mass constraint,"hard component MAP, then original-measurement refit; not posterior geometric mean",6,6,True,3.8021025814765097,3.8021025814765097,"weighted normalized design; null means rank deficient, not infinity hidden","numpy weighted least squares, rcond=1e-12",frozen compatible group,all compatible groups,1612.6605436136279,1.4522725518296273,768,4608,APPLY,4,4,12,2569,0.2734375,dictionary IDs comparable only original/reassociate; local pool IDs arbitrary,MAP original dictionary IDs,7707,"target is planned search-work proxy, not actual paired wall-time or FLOP equivalence; compare both arms' measured counters",fixed-candidate empirical free energy,0.4705035757306632,0.5385348560593322,"model-conditional ambiguity only, not calibrated correctness probability","end of soft search, before hard assignment and final refit; local responsibilities additionally aggregated by final pooling",0.0015353159978985786,0.00021566799841821194,0.0019139509968226776,4.278434309838237,0.9856770833333334,3fe0759a8cb75b2ad01cb5690be0c80eb593ec76cba584a232de5da35fdf7dd3,0730cd051e242222fe5b067f90bd89e0fa8f7a52ee4fa60758c5819eb94d0533,0.21525065999594517,4,0.052083333333333336,,,929.5483467011732,,,,,,
dual_g8_s912101_b4,local_multistart_b3_independent,912101,8.0,4.0,768,True,public_development,0.9856770833333334,0.018029732003924437,0.21335644800274167,0.2313861800066661,4.110794097467215,True,True,0.24037811483281782,0.5950650124565983,0.7429219517439101,0.96484375,0.9856770833333334,0.2133805955737412,1.0,0.7003764336141443,0.257409728194795,0.6995270907473334,8.024390399714406,0.02439039971440593,1.0030487999643007,,self-report; not geometry-derived layer count or success,0.6997471358422523,0.029683238412146824,0.256877883183378,0.2594328706751356,8.01951226544988,0.019512265449879607,"GT source-group affine fits evaluated at x=y=0; may extrapolate, not physical layer count",/srv/slam-research/grf/map-denoise/runs/multiscan-pilot-v1/reassociation-v7-primary-0frtnsm9/outputs/dual_g8_s912101_b4__local_multistart_b3_independent.npz,93a2e69dadd1a9337ade0437ed6936dde369a749900080cab1ef30dc37a0d3df,True,finite_surface_reassociation_v7,local_multistart,independent,3,False,1.0,3770b5a60db45da78fe813cbddc649966c5886fe67e08fc034330e3a28e8d174,0.2133367089991225,0.9856770833333334,768,768,world metres,point-count-weighted zero-mean scan bias within each connected component,"bias-corrected original measurement, never projected output","conditional prototype; fixed support is attribution choice, not full architecture",uniform among each point's feasible candidates; no equal target mass constraint,"hard component MAP, then original-measurement refit; not posterior geometric mean",9,9,True,8.388863591743275,8.388863591743275,"weighted normalized design; null means rank deficient, not infinity hidden","numpy weighted least squares, rcond=1e-12",original local node,within each compatible group,759.8258295881958,0.9973458168360044,768,6912,APPLY,3,3,9,1033,,dictionary IDs comparable only original/reassociate; local pool IDs arbitrary,local MAP nodes then unchanged V4 complete-link pooling,18711,"target is planned search-work proxy, not actual paired wall-time or FLOP equivalence; compare both arms' measured counters","sum of local input BIC-like scores, not comparable to reassociation F",0.08483294803420909,0.9039398360608067,"model-conditional ambiguity only, not calibrated correctness probability","end of soft search, before hard assignment and final refit; local responsibilities additionally aggregated by final pooling",0.017534605009132065,0.0002709480031626299,0.01795513399702031,4.110794097467215,0.9856770833333334,11fe92602fbc59ba7b1e4ee84ed9dbc9bf31449c08d6521506c120d38ec8d3cc,63af2c4058e04a7b22319800ac36f2121cfa5f15f0563224deb3e316e0b00d41,0.2312918429961428,3,0.049479166666666664,17983,True,1149.8013216346123,18,9,1.040482678084858,728,search plus final local sufficient fits; final pooling and output fit separately timed,
dual_g8_s912101_b4,local_multistart_b3_shared,912101,8.0,4.0,768,True,public_development,0.9856770833333334,0.017989685002248734,0.21335644800274167,0.2313461330049904,4.280346756084796,True,True,0.7334277276923332,1.3813708098286737,4.006755081082461,0.875,0.8997395833333334,0.6270768741941984,1.0,1.432703581252808,0.7514546144916672,1.3798953113520482,7.197965130447845,0.8020348695521546,0.8997456413059807,,self-report; not geometry-derived layer count or success,1.432282064582723,0.03475110371303424,2.5216936509552537,4.333147398057994,3.7728090822349176,4.227190917765082,"GT source-group affine fits evaluated at x=y=0; may extrapolate, not physical layer count",/srv/slam-research/grf/map-denoise/runs/multiscan-pilot-v1/reassociation-v7-primary-0frtnsm9/outputs/dual_g8_s912101_b4__local_multistart_b3_shared.npz,b8bf9620b2adbde7bbb2a829f16e8eff8fd23499978ff7e03ccef5dcfa447e44,True,finite_surface_reassociation_v7,local_multistart,shared,3,False,1.0,3770b5a60db45da78fe813cbddc649966c5886fe67e08fc034330e3a28e8d174,0.2133367089991225,0.9856770833333334,768,768,world metres,point-count-weighted zero-mean scan bias within each connected component,"bias-corrected original measurement, never projected output","conditional prototype; fixed support is attribution choice, not full architecture",uniform among each point's feasible candidates; no equal target mass constraint,"hard component MAP, then original-measurement refit; not posterior geometric mean",5,5,True,3.6871527860432987,3.6871527860432987,"weighted normalized design; null means rank deficient, not infinity hidden","numpy weighted least squares, rcond=1e-12",frozen compatible group,all compatible groups,1899.137041605451,1.5766157322355907,768,3840,APPLY,3,3,9,1033,,dictionary IDs comparable only original/reassociate; local pool IDs arbitrary,local MAP nodes then unchanged V4 complete-link pooling,18711,"target is planned search-work proxy, not actual paired wall-time or FLOP equivalence; compare both arms' measured counters","sum of local input BIC-like scores, not comparable to reassociation F",0.08483294803420909,0.9039398360608067,"model-conditional ambiguity only, not calibrated correctness probability","end of soft search, before hard assignment and final refit; local responsibilities additionally aggregated by final pooling",0.017531500998302363,0.00023386100656352937,0.017914506999659352,4.280346756084796,0.9856770833333334,0d076254f9017618f332a90dfd51f5a85b24c0b487154d8db594202f4b161a9b,63af2c4058e04a7b22319800ac36f2121cfa5f15f0563224deb3e316e0b00d41,0.23125121599878184,3,0.049479166666666664,17983,True,1149.8013216346123,18,9,1.040482678084858,728,search plus final local sufficient fits; final pooling and output fit separately timed,
dual_g8_s912101_b4,reassociate_b3_independent,912101,8.0,4.0,768,True,public_development,0.9856770833333334,0.002951971997390501,0.21335644800274167,0.21630842000013217,4.104073513479527,True,True,0.6617738219827731,0.8896249891525811,1.1139024305414706,0.8893229166666666,0.984375,0.6233431022921202,1.0,0.9632532580882444,0.6788054354108128,0.9623691670670479,8.042001325369203,0.04200132536920265,1.0052501656711503,,self-report; not geometry-derived layer count or success,0.9626677491867929,0.03358040936694752,0.21980467809903584,0.25810172185151475,8.085538425457653,0.08553842545765278,"GT source-group affine fits evaluated at x=y=0; may extrapolate, not physical layer count",/srv/slam-research/grf/map-denoise/runs/multiscan-pilot-v1/reassociation-v7-primary-0frtnsm9/outputs/dual_g8_s912101_b4__reassociate_b3_independent.npz,8ca1b3979f671377fd9a893adc42b51ab8007206e5bb2edd70165e750a896eab,True,finite_surface_reassociation_v7,reassociate,independent,3,False,1.0,3770b5a60db45da78fe813cbddc649966c5886fe67e08fc034330e3a28e8d174,0.2133367089991225,0.9856770833333334,768,768,world metres,point-count-weighted zero-mean scan bias within each connected component,"bias-corrected original measurement, never projected output","conditional prototype; fixed support is attribution choice, not full architecture",uniform among each point's feasible candidates; no equal target mass constraint,"hard component MAP, then original-measurement refit; not posterior geometric mean",12,12,True,6.542144080191778,6.542144080191778,"weighted normalized design; null means rank deficient, not infinity hidden","numpy weighted least squares, rcond=1e-12",original local node,within each compatible group,385.2319390281159,0.7109887745309829,768,9216,APPLY,4,4,12,2569,0.3763020833333333,dictionary IDs comparable only original/reassociate; local pool IDs arbitrary,MAP original dictionary IDs,17983,"target is planned search-work proxy, not actual paired wall-time or FLOP equivalence; compare both arms' measured counters",fixed-candidate empirical free energy,0.5786037231280169,0.41726958297081634,"model-conditional ambiguity only, not calibrated correctness probability","end of soft search, before hard assignment and final refit; local responsibilities additionally aggregated by final pooling",0.0024812650081003085,0.00024298200150951743,0.0028856890130555257,4.104073513479527,0.9856770833333334,bd91935bba04810cc0c50de4287db6bc309f3798b7e9f6048e4c8f3810c827af,904af8ec8ac53ce2dd3146bb2348225282dbe02a2406e2a43a014cd9694bf7ba,0.21622239801217802,4,0.045572916666666664,,,835.7868881104058,,,,,,
dual_g8_s912101_b4,reassociate_b3_shared,912101,8.0,4.0,768,True,public_development,0.9856770833333334,0.002904478009440936,0.21335644800274167,0.2162609260121826,4.259931670350379,True,True,0.9363313344726745,1.3816477490314991,3.5285032848804776,0.7018229166666666,0.93359375,0.7719400591698743,1.0,1.4794672696950408,0.9712915352949832,1.4382880229680282,7.280550954730075,0.7194490452699247,0.9100688693412594,,self-report; not geometry-derived layer count or success,1.4789356185644702,0.03965902470088981,2.0754734281625615,2.965154541683611,4.72733277410736,3.27266722589264,"GT source-group affine fits evaluated at x=y=0; may extrapolate, not physical layer count",/srv/slam-research/grf/map-denoise/runs/multiscan-pilot-v1/reassociation-v7-primary-0frtnsm9/outputs/dual_g8_s912101_b4__reassociate_b3_shared.npz,00a4eaa47da340c94074d6549df62a72630821f3c0165a9f5fd22f8f0a95fb22,True,finite_surface_reassociation_v7,reassociate,shared,3,False,1.0,3770b5a60db45da78fe813cbddc649966c5886fe67e08fc034330e3a28e8d174,0.2133367089991225,0.9856770833333334,768,768,world metres,point-count-weighted zero-mean scan bias within each connected component,"bias-corrected original measurement, never projected output","conditional prototype; fixed support is attribution choice, not full architecture",uniform among each point's feasible candidates; no equal target mass constraint,"hard component MAP, then original-measurement refit; not posterior geometric mean",6,6,True,3.5687190737314785,3.5687190737314785,"weighted normalized design; null means rank deficient, not infinity hidden","numpy weighted least squares, rcond=1e-12",frozen compatible group,all compatible groups,1575.62207969978,1.434453237692777,768,4608,APPLY,4,4,12,2569,0.3763020833333333,dictionary IDs comparable only original/reassociate; local pool IDs arbitrary,MAP original dictionary IDs,17983,"target is planned search-work proxy, not actual paired wall-time or FLOP equivalence; compare both arms' measured counters",fixed-candidate empirical free energy,0.5786037231280169,0.41726958297081634,"model-conditional ambiguity only, not calibrated correctness probability","end of soft search, before hard assignment and final refit; local responsibilities additionally aggregated by final pooling",0.0024569939996581525,0.00021162000484764576,0.002838540996890515,4.259931670350379,0.9856770833333334,2c084646d5f867af584f237a7565ed1ced794def9555d190a3bfe4d8b593ba16,904af8ec8ac53ce2dd3146bb2348225282dbe02a2406e2a43a014cd9694bf7ba,0.216175249996013,4,0.045572916666666664,,,835.7868881104058,,,,,,
dual_g8_s912101_b4,local_multistart_b6_independent,912101,8.0,4.0,768,True,public_development,0.9856770833333334,0.025323765992652625,0.21335644800274167,0.2386802139953943,4.111396814913273,True,True,0.22248406898701523,0.5834153072992895,0.7731940127133623,0.9622395833333334,0.9869791666666666,0.19614625959982926,1.0,0.6905057935273942,0.23951568234899243,0.6895572373745742,8.034735470581941,0.03473547058194093,1.0043419338227426,,self-report; not geometry-derived layer count or success,0.6898819060222902,0.029346322392224882,0.2394923239244183,0.2537462074506431,8.065249816878243,0.06524981687824294,"GT source-group affine fits evaluated at x=y=0; may extrapolate, not physical layer count",/srv/slam-research/grf/map-denoise/runs/multiscan-pilot-v1/reassociation-v7-primary-0frtnsm9/outputs/dual_g8_s912101_b4__local_multistart_b6_independent.npz,114fb870c440740ec1f99260b9f4aea9b647a28d32d987a2b4f9b906298b8480,True,finite_surface_reassociation_v7,local_multistart,independent,6,False,1.0,3770b5a60db45da78fe813cbddc649966c5886fe67e08fc034330e3a28e8d174,0.2133367089991225,0.9856770833333334,768,768,world metres,point-count-weighted zero-mean scan bias within each connected component,"bias-corrected original measurement, never projected output","conditional prototype; fixed support is attribution choice, not full architecture",uniform among each point's feasible candidates; no equal target mass constraint,"hard component MAP, then original-measurement refit; not posterior geometric mean",12,12,True,27.9537107895805,27.9537107895805,"weighted normalized design; null means rank deficient, not infinity hidden","numpy weighted least squares, rcond=1e-12",original local node,within each compatible group,739.2264710980248,0.9838813052712785,768,9216,APPLY,4,4,12,1033,,dictionary IDs comparable only original/reassociate; local pool IDs arbitrary,local MAP nodes then unchanged V4 complete-link pooling,34127,"target is planned search-work proxy, not actual paired wall-time or FLOP equivalence; compare both arms' measured counters","sum of local input BIC-like scores, not comparable to reassociation F",0.08690847178464545,0.9013964175828338,"model-conditional ambiguity only, not calibrated correctness probability","end of soft search, before hard assignment and final refit; local responsibilities additionally aggregated by final pooling",0.024816910998197272,0.00027579700690694153,0.025247780009522103,4.111396814913273,0.9856770833333334,57d2fb8a147cbef8ca21af25e54a60e13103e2baa46a8bd912c7d3bb8ce122eb,f0d8cd240f5ab17117ecaf7c361f7b18c6676740990e292ce267a1d37581dfc5,0.2385844890086446,4,0.049479166666666664,33397,True,1145.2794046671495,18,8,1.0218582507410845,730,search plus final local sufficient fits; final pooling and output fit separately timed,
dual_g8_s912101_b4,local_multistart_b6_shared,912101,8.0,4.0,768,True,public_development,0.9856770833333334,0.02487591099634301,0.21335644800274167,0.23823235899908468,4.278648187776042,True,True,0.7106461314752656,1.351884426293258,3.8917014174442444,0.8828125,0.9088541666666666,0.5997765436461717,1.0,1.4039752506021743,0.7285549059970678,1.3520466281925672,7.213802108938514,0.7861978910614864,0.9017252636173142,,self-report; not geometry-derived layer count or success,1.4034234968605688,0.039357245369699596,2.4943311453730104,4.3178816079457985,3.8120452968691443,4.187954703130856,"GT source-group affine fits evaluated at x=y=0; may extrapolate, not physical layer count",/srv/slam-research/grf/map-denoise/runs/multiscan-pilot-v1/reassociation-v7-primary-0frtnsm9/outputs/dual_g8_s912101_b4__local_multistart_b6_shared.npz,fe987e4e6d0aa7556074fbf636d249122ee8a65e55d29e22db542dbc59a81720,True,finite_surface_reassociation_v7,local_multistart,shared,6,False,1.0,3770b5a60db45da78fe813cbddc649966c5886fe67e08fc034330e3a28e8d174,0.2133367089991225,0.9856770833333334,768,768,world metres,point-count-weighted zero-mean scan bias within each connected component,"bias-corrected original measurement, never projected output","conditional prototype; fixed support is attribution choice, not full architecture",uniform among each point's feasible candidates; no equal target mass constraint,"hard component MAP, then original-measurement refit; not posterior geometric mean",6,6,True,5.624082840876372,5.624082840876372,"weighted normalized design; null means rank deficient, not infinity hidden","numpy weighted least squares, rcond=1e-12",frozen compatible group,all compatible groups,1926.7046074535822,1.5880370217723039,768,4608,APPLY,4,4,12,1033,,dictionary IDs comparable only original/reassociate; local pool IDs arbitrary,local MAP nodes then unchanged V4 complete-link pooling,34127,"target is planned search-work proxy, not actual paired wall-time or FLOP equivalence; compare both arms' measured counters","sum of local input BIC-like scores, not comparable to reassociation F",0.08690847178464545,0.9013964175828338,"model-conditional ambiguity only, not calibrated correctness probability","end of soft search, before hard assignment and final refit; local responsibilities additionally aggregated by final pooling",0.024417777996859513,0.00023069400049280375,0.024800156999845058,4.278648187776042,0.9856770833333334,40425a4231a988cf2ac243cb15408caf96bf1326d03ae90c61334682b8894dd4,f0d8cd240f5ab17117ecaf7c361f7b18c6676740990e292ce267a1d37581dfc5,0.23813686599896755,4,0.049479166666666664,33397,True,1145.2794046671495,18,8,1.0218582507410845,730,search plus final local sufficient fits; final pooling and output fit separately timed,
dual_g8_s912101_b4,reassociate_b6_independent,912101,8.0,4.0,768,True,public_development,0.9856770833333334,0.0047180309920804575,0.21335644800274167,0.21807447899482213,4.084041292249059,True,True,0.7037420969586689,0.9298282011126978,1.4682327821520567,0.9388020833333334,0.9830729166666666,0.6506045512386008,1.0,1.0005013904205535,0.7207737102088688,0.9997835702570615,8.024409135287708,0.024409135287708494,1.0030511419109636,,self-report; not geometry-derived layer count or success,0.9999365337236217,0.03361488893703379,0.2141852928443764,0.22048898603943756,7.972346114806882,0.027653885193117844,"GT source-group affine fits evaluated at x=y=0; may extrapolate, not physical layer count",/srv/slam-research/grf/map-denoise/runs/multiscan-pilot-v1/reassociation-v7-primary-0frtnsm9/outputs/dual_g8_s912101_b4__reassociate_b6_independent.npz,ee4184ec7378ecf3e0c9a3bf81bab0ecb4ccbf6e844241f18f93712bca767d71,True,finite_surface_reassociation_v7,reassociate,independent,6,False,1.0,3770b5a60db45da78fe813cbddc649966c5886fe67e08fc034330e3a28e8d174,0.2133367089991225,0.9856770833333334,768,768,world metres,point-count-weighted zero-mean scan bias within each connected component,"bias-corrected original measurement, never projected output","conditional prototype; fixed support is attribution choice, not full architecture",uniform among each point's feasible candidates; no equal target mass constraint,"hard component MAP, then original-measurement refit; not posterior geometric mean",12,12,True,6.178995637849357,6.178995637849357,"weighted normalized design; null means rank deficient, not infinity hidden","numpy weighted least squares, rcond=1e-12",original local node,within each compatible group,379.0494554182105,0.7051823689090562,768,9216,APPLY,4,4,12,2569,0.4309895833333333,dictionary IDs comparable only original/reassociate; local pool IDs arbitrary,MAP original dictionary IDs,33397,"target is planned search-work proxy, not actual paired wall-time or FLOP equivalence; compare both arms' measured counters",fixed-candidate empirical free energy,0.6390140990645201,0.3544688420595174,"model-conditional ambiguity only, not calibrated correctness probability","end of soft search, before hard assignment and final refit; local responsibilities additionally aggregated by final pooling",0.004234050997183658,0.0002533330116420984,0.004650433998904191,4.084041292249059,0.9856770833333334,3587dca648c4857d0a103d7ae0692211a5277e615f233a1d2106db345c5b67fe,c4cb8a5a05eefcc8fd950a3b6a4a5d7695ac5ceb2d4286a10bce08233cd16ad1,0.21798714299802668,4,0.049479166666666664,,,809.3756348928835,,,,,,
dual_g8_s912101_b4,reassociate_b6_shared,912101,8.0,4.0,768,True,public_development,0.9856770833333334,0.0052678450010716915,0.21335644800274167,0.21862429300381336,4.36830644198237,True,True,0.9839817828569489,1.406660086493528,3.4906880362389785,0.6953125,0.92578125,0.8135029258471943,1.0,1.4825219110435046,1.0113548555047047,1.4375454890402997,7.247796934185412,0.7522030658145882,0.9059746167731765,,self-report; not geometry-derived layer count or success,1.4819413479539647,0.041485635447363244,2.0632218252678927,2.6840167443157474,4.822948268443199,3.1770517315568014,"GT source-group affine fits evaluated at x=y=0; may extrapolate, not physical layer count",/srv/slam-research/grf/map-denoise/runs/multiscan-pilot-v1/reassociation-v7-primary-0frtnsm9/outputs/dual_g8_s912101_b4__reassociate_b6_shared.npz,b115f759fd4907b6c576418c56cdb9dd296711530a3be9d25df95d3802f18494,True,finite_surface_reassociation_v7,reassociate,shared,6,False,1.0,3770b5a60db45da78fe813cbddc649966c5886fe67e08fc034330e3a28e8d174,0.2133367089991225,0.9856770833333334,768,768,world metres,point-count-weighted zero-mean scan bias within each connected component,"bias-corrected original measurement, never projected output","conditional prototype; fixed support is attribution choice, not full architecture",uniform among each point's feasible candidates; no equal target mass constraint,"hard component MAP, then original-measurement refit; not posterior geometric mean",6,6,True,3.3830071731379254,3.3830071731379254,"weighted normalized design; null means rank deficient, not infinity hidden","numpy weighted least squares, rcond=1e-12",frozen compatible group,all compatible groups,1666.4282014391265,1.4753499592338355,768,4608,APPLY,4,4,12,2569,0.4309895833333333,dictionary IDs comparable only original/reassociate; local pool IDs arbitrary,MAP original dictionary IDs,33397,"target is planned search-work proxy, not actual paired wall-time or FLOP equivalence; compare both arms' measured counters",fixed-candidate empirical free energy,0.6390140990645201,0.3544688420595174,"model-conditional ambiguity only, not calibrated correctness probability","end of soft search, before hard assignment and final refit; local responsibilities additionally aggregated by final pooling",0.0047587449953425676,0.0002568560012150556,0.00518788599583786,4.36830644198237,0.9856770833333334,bd2945bffdf4453bda8b1d4a44af80df789aec6b84f2e0d01fdf7f19c9ddf893,c4cb8a5a05eefcc8fd950a3b6a4a5d7695ac5ceb2d4286a10bce08233cd16ad1,0.21852459499496035,4,0.049479166666666664,,,809.3756348928835,,,,,,
ghost_s912101_b4,identity,912101,0.0,4.0,768,True,public_development,0.0,0.0,0.0,0.0,0.0,True,True,3.7892775109664165,4.145698391964449,6.745503359677422,0.040364583333333336,0.18880208333333334,2.952784878551429,1.0,4.145698391964449,3.7892775109664165,4.145482240911026,,,,,self-report; not geometry-derived layer count or success,4.145482240911026,0.042333762269789715,0.6608061205486271,0.6608061205486271,,,,/srv/slam-research/grf/map-denoise/runs/multiscan-pilot-v1/reassociation-v7-primary-0frtnsm9/outputs/ghost_s912101_b4__identity.npz,1c55ae11bf42cf945df70cda72d16a626ab93b0829484f49c905f945a845eb6e,True,,,,,,,,,,,,,,,,,,,,,,,,,,,,,,,,,,,,,,,,,,,,,,,,,,,,,,,,,,,,,,,,
ghost_s912101_b4,original_b0_independent,912101,0.0,4.0,768,True,public_development,1.0,0.0006302119872998446,0.2003741899970919,0.20100440198439173,4.143634098889613,True,True,0.04257531671846108,0.05089520681852706,0.08765162514256844,1.0,1.0,0.05343454331016556,1.0,0.05837466548714791,0.04257531671846108,0.0283069598281877,,,,,self-report; not geometry-derived layer count or success,0.04023137417844613,0.04229702238279032,0.06252571361966522,0.06252571361966522,,,,/srv/slam-research/grf/map-denoise/runs/multiscan-pilot-v1/reassociation-v7-primary-0frtnsm9/outputs/ghost_s912101_b4__original_b0_independent.npz,68330b0419cd12c4e4508475d5247478af75292ca048b752254339cbaacffe1d,True,finite_surface_reassociation_v7,original,independent,1,False,1.0,95cad803dcb4ae3d442aec80d790bdb82a764680f864d332686de0110f163c20,0.20035604799340945,1.0,768,768,world metres,point-count-weighted zero-mean scan bias within each connected component,"bias-corrected original measurement, never projected output","conditional prototype; fixed support is attribution choice, not full architecture",uniform among each point's feasible candidates; no equal target mass constraint,"hard component MAP, then original-measurement refit; not posterior geometric mean",3,3,True,1.6565357512401981,1.6565357512401981,"weighted normalized design; null means rank deficient, not infinity hidden","numpy weighted least squares, rcond=1e-12",original local node,within each compatible group,795.7191231785923,1.0186851723386925,768,2304,APPLY,1,1,3,768,0.0,dictionary IDs comparable only original/reassociate; local pool IDs arbitrary,unchanged original compatible groups,0,"target is planned search-work proxy, not actual paired wall-time or FLOP equivalence; compare both arms' measured counters",none: fixed original assignments,0.0,1.0,"model-conditional ambiguity only, not calibrated correctness probability","end of soft search, before hard assignment and final refit; local responsibilities additionally aggregated by final pooling",0.00019465100194793195,0.00025092500436585397,0.0005471019976539537,4.143634098889613,1.0,a4efa908867c72cd8795b789a4af52eb2cba9e54ca1a6bf10ce1ed29bbaf89b2,f37c355086b11ffeb1e8de61928e58008f3996416ffdf1b42aa569c731b3512c,0.2009031499910634,1,0.0,,,,,,,,,1
ghost_s912101_b4,original_b0_shared,912101,0.0,4.0,768,True,public_development,1.0,0.00044065300608053803,0.2003741899970919,0.20081484300317243,4.143634098889613,True,True,0.04257531671846108,0.05089520681852706,0.08765162514256844,1.0,1.0,0.05343454331016556,1.0,0.05837466548714791,0.04257531671846108,0.0283069598281877,,,,,self-report; not geometry-derived layer count or success,0.04023137417844613,0.04229702238279032,0.06252571361966522,0.06252571361966522,,,,/srv/slam-research/grf/map-denoise/runs/multiscan-pilot-v1/reassociation-v7-primary-0frtnsm9/outputs/ghost_s912101_b4__original_b0_shared.npz,68330b0419cd12c4e4508475d5247478af75292ca048b752254339cbaacffe1d,True,finite_surface_reassociation_v7,original,shared,1,False,1.0,95cad803dcb4ae3d442aec80d790bdb82a764680f864d332686de0110f163c20,0.20035604799340945,1.0,768,768,world metres,point-count-weighted zero-mean scan bias within each connected component,"bias-corrected original measurement, never projected output","conditional prototype; fixed support is attribution choice, not full architecture",uniform among each point's feasible candidates; no equal target mass constraint,"hard component MAP, then original-measurement refit; not posterior geometric mean",3,3,True,1.6565357512401981,1.6565357512401981,"weighted normalized design; null means rank deficient, not infinity hidden","numpy weighted least squares, rcond=1e-12",frozen compatible group,all compatible groups,795.7191231785923,1.0186851723386925,768,2304,APPLY,1,1,3,768,0.0,dictionary IDs comparable only original/reassociate; local pool IDs arbitrary,unchanged original compatible groups,0,"target is planned search-work proxy, not actual paired wall-time or FLOP equivalence; compare both arms' measured counters",none: fixed original assignments,0.0,1.0,"model-conditional ambiguity only, not calibrated correctness probability","end of soft search, before hard assignment and final refit; local responsibilities additionally aggregated by final pooling",9.547799709253013e-05,0.0001803560007829219,0.00037412199890241027,4.143634098889613,1.0,a4efa908867c72cd8795b789a4af52eb2cba9e54ca1a6bf10ce1ed29bbaf89b2,f37c355086b11ffeb1e8de61928e58008f3996416ffdf1b42aa569c731b3512c,0.20073016999231186,1,0.0,,,,,,,,,1
ghost_s912101_b4,local_multistart_b1_independent,912101,0.0,4.0,768,True,public_development,1.0,0.009100839990423992,0.2003741899970919,0.20947502998751588,4.143634098889613,True,True,0.04257531671846108,0.05089520681852706,0.08765162514256844,1.0,1.0,0.05343454331016556,1.0,0.05837466548714791,0.04257531671846108,0.0283069598281877,,,,,self-report; not geometry-derived layer count or success,0.04023137417844613,0.04229702238279032,0.06252571361966522,0.06252571361966522,,,,/srv/slam-research/grf/map-denoise/runs/multiscan-pilot-v1/reassociation-v7-primary-0frtnsm9/outputs/ghost_s912101_b4__local_multistart_b1_independent.npz,b64dea7b881bcb2fd5583834fda7b93c394a04a357338fff4000a9ae05c6631c,True,finite_surface_reassociation_v7,local_multistart,independent,1,False,1.0,95cad803dcb4ae3d442aec80d790bdb82a764680f864d332686de0110f163c20,0.20035604799340945,1.0,768,768,world metres,point-count-weighted zero-mean scan bias within each connected component,"bias-corrected original measurement, never projected output","conditional prototype; fixed support is attribution choice, not full architecture",uniform among each point's feasible candidates; no equal target mass constraint,"hard component MAP, then original-measurement refit; not posterior geometric mean",3,3,True,1.6565357512401981,1.6565357512401981,"weighted normalized design; null means rank deficient, not infinity hidden","numpy weighted least squares, rcond=1e-12",original local node,within each compatible group,795.7191231785923,1.0186851723386925,768,2304,APPLY,1,1,3,768,,dictionary IDs comparable only original/reassociate; local pool IDs arbitrary,local MAP nodes then unchanged V4 complete-link pooling,3072,"target is planned search-work proxy, not actual paired wall-time or FLOP equivalence; compare both arms' measured counters","sum of local input BIC-like scores, not comparable to reassociation F",0.0,1.0,"model-conditional ambiguity only, not calibrated correctness probability","end of soft search, before hard assignment and final refit; local responsibilities additionally aggregated by final pooling",0.008769289997871965,0.00018433399964123964,0.009031448003952391,4.143634098889613,1.0,a4efa908867c72cd8795b789a4af52eb2cba9e54ca1a6bf10ce1ed29bbaf89b2,f37c355086b11ffeb1e8de61928e58008f3996416ffdf1b42aa569c731b3512c,0.20938749599736184,1,0.0,2304,False,884.1324393242824,18,8,1.3333333333333333,768,search plus final local sufficient fits; final pooling and output fit separately timed,1
ghost_s912101_b4,local_multistart_b1_shared,912101,0.0,4.0,768,True,public_development,1.0,0.009676745001343079,0.2003741899970919,0.21005093499843497,4.143634098889613,True,True,0.04257531671846108,0.05089520681852706,0.08765162514256844,1.0,1.0,0.05343454331016556,1.0,0.05837466548714791,0.04257531671846108,0.0283069598281877,,,,,self-report; not geometry-derived layer count or success,0.04023137417844613,0.04229702238279032,0.06252571361966522,0.06252571361966522,,,,/srv/slam-research/grf/map-denoise/runs/multiscan-pilot-v1/reassociation-v7-primary-0frtnsm9/outputs/ghost_s912101_b4__local_multistart_b1_shared.npz,b64dea7b881bcb2fd5583834fda7b93c394a04a357338fff4000a9ae05c6631c,True,finite_surface_reassociation_v7,local_multistart,shared,1,False,1.0,95cad803dcb4ae3d442aec80d790bdb82a764680f864d332686de0110f163c20,0.20035604799340945,1.0,768,768,world metres,point-count-weighted zero-mean scan bias within each connected component,"bias-corrected original measurement, never projected output","conditional prototype; fixed support is attribution choice, not full architecture",uniform among each point's feasible candidates; no equal target mass constraint,"hard component MAP, then original-measurement refit; not posterior geometric mean",3,3,True,1.6565357512401981,1.6565357512401981,"weighted normalized design; null means rank deficient, not infinity hidden","numpy weighted least squares, rcond=1e-12",frozen compatible group,all compatible groups,795.7191231785923,1.0186851723386925,768,2304,APPLY,1,1,3,768,,dictionary IDs comparable only original/reassociate; local pool IDs arbitrary,local MAP nodes then unchanged V4 complete-link pooling,3072,"target is planned search-work proxy, not actual paired wall-time or FLOP equivalence; compare both arms' measured counters","sum of local input BIC-like scores, not comparable to reassociation F",0.0,1.0,"model-conditional ambiguity only, not calibrated correctness probability","end of soft search, before hard assignment and final refit; local responsibilities additionally aggregated by final pooling",0.009331434994237497,0.00019086799875367433,0.009603637998225167,4.143634098889613,1.0,a4efa908867c72cd8795b789a4af52eb2cba9e54ca1a6bf10ce1ed29bbaf89b2,f37c355086b11ffeb1e8de61928e58008f3996416ffdf1b42aa569c731b3512c,0.20995968599163461,1,0.0,2304,False,884.1324393242824,18,8,1.3333333333333333,768,search plus final local sufficient fits; final pooling and output fit separately timed,1
ghost_s912101_b4,reassociate_b1_independent,912101,0.0,4.0,768,True,public_development,1.0,0.0008455139904981479,0.2003741899970919,0.20121970398759004,4.143634098889613,True,True,0.04257531671846108,0.05089520681852706,0.08765162514256844,1.0,1.0,0.05343454331016556,1.0,0.05837466548714791,0.04257531671846108,0.0283069598281877,,,,,self-report; not geometry-derived layer count or success,0.04023137417844613,0.04229702238279032,0.06252571361966522,0.06252571361966522,,,,/srv/slam-research/grf/map-denoise/runs/multiscan-pilot-v1/reassociation-v7-primary-0frtnsm9/outputs/ghost_s912101_b4__reassociate_b1_independent.npz,05788d6669d72ae3334688225ea10f4c09e02449a8148a87ddaac319218908bc,True,finite_surface_reassociation_v7,reassociate,independent,1,False,1.0,95cad803dcb4ae3d442aec80d790bdb82a764680f864d332686de0110f163c20,0.20035604799340945,1.0,768,768,world metres,point-count-weighted zero-mean scan bias within each connected component,"bias-corrected original measurement, never projected output","conditional prototype; fixed support is attribution choice, not full architecture",uniform among each point's feasible candidates; no equal target mass constraint,"hard component MAP, then original-measurement refit; not posterior geometric mean",3,3,True,1.6565357512401981,1.6565357512401981,"weighted normalized design; null means rank deficient, not infinity hidden","numpy weighted least squares, rcond=1e-12",original local node,within each compatible group,795.7191231785923,1.0186851723386925,768,2304,APPLY,1,1,3,768,0.0,dictionary IDs comparable only original/reassociate; local pool IDs arbitrary,MAP original dictionary IDs,2304,"target is planned search-work proxy, not actual paired wall-time or FLOP equivalence; compare both arms' measured counters",fixed-candidate empirical free energy,0.0,1.0,"model-conditional ambiguity only, not calibrated correctness probability","end of soft search, before hard assignment and final refit; local responsibilities additionally aggregated by final pooling",0.0005337180045899004,0.00016699699335731566,0.0007814740092726424,4.143634098889613,1.0,a4efa908867c72cd8795b789a4af52eb2cba9e54ca1a6bf10ce1ed29bbaf89b2,f37c355086b11ffeb1e8de61928e58008f3996416ffdf1b42aa569c731b3512c,0.2011375220026821,1,0.0,,,397.85956158929616,,,,,,1
ghost_s912101_b4,reassociate_b1_shared,912101,0.0,4.0,768,True,public_development,1.0,0.0007679869886487722,0.2003741899970919,0.20114217698574066,4.143634098889613,True,True,0.04257531671846108,0.05089520681852706,0.08765162514256844,1.0,1.0,0.05343454331016556,1.0,0.05837466548714791,0.04257531671846108,0.0283069598281877,,,,,self-report; not geometry-derived layer count or success,0.04023137417844613,0.04229702238279032,0.06252571361966522,0.06252571361966522,,,,/srv/slam-research/grf/map-denoise/runs/multiscan-pilot-v1/reassociation-v7-primary-0frtnsm9/outputs/ghost_s912101_b4__reassociate_b1_shared.npz,05788d6669d72ae3334688225ea10f4c09e02449a8148a87ddaac319218908bc,True,finite_surface_reassociation_v7,reassociate,shared,1,False,1.0,95cad803dcb4ae3d442aec80d790bdb82a764680f864d332686de0110f163c20,0.20035604799340945,1.0,768,768,world metres,point-count-weighted zero-mean scan bias within each connected component,"bias-corrected original measurement, never projected output","conditional prototype; fixed support is attribution choice, not full architecture",uniform among each point's feasible candidates; no equal target mass constraint,"hard component MAP, then original-measurement refit; not posterior geometric mean",3,3,True,1.6565357512401981,1.6565357512401981,"weighted normalized design; null means rank deficient, not infinity hidden","numpy weighted least squares, rcond=1e-12",frozen compatible group,all compatible groups,795.7191231785923,1.0186851723386925,768,2304,APPLY,1,1,3,768,0.0,dictionary IDs comparable only original/reassociate; local pool IDs arbitrary,MAP original dictionary IDs,2304,"target is planned search-work proxy, not actual paired wall-time or FLOP equivalence; compare both arms' measured counters",fixed-candidate empirical free energy,0.0,1.0,"model-conditional ambiguity only, not calibrated correctness probability","end of soft search, before hard assignment and final refit; local responsibilities additionally aggregated by final pooling",0.0004735910042654723,0.00015873998927418143,0.0007066639955155551,4.143634098889613,1.0,a4efa908867c72cd8795b789a4af52eb2cba9e54ca1a6bf10ce1ed29bbaf89b2,f37c355086b11ffeb1e8de61928e58008f3996416ffdf1b42aa569c731b3512c,0.201062711988925,1,0.0,,,397.85956158929616,,,,,,1
ghost_s912101_b4,local_multistart_b3_independent,912101,0.0,4.0,768,True,public_development,1.0,0.01133561298775021,0.2003741899970919,0.2117098029848421,4.143634098889613,True,True,0.04257531671846108,0.05089520681852706,0.08765162514256844,1.0,1.0,0.05343454331016556,1.0,0.05837466548714791,0.04257531671846108,0.0283069598281877,,,,,self-report; not geometry-derived layer count or success,0.04023137417844613,0.04229702238279032,0.06252571361966522,0.06252571361966522,,,,/srv/slam-research/grf/map-denoise/runs/multiscan-pilot-v1/reassociation-v7-primary-0frtnsm9/outputs/ghost_s912101_b4__local_multistart_b3_independent.npz,b64dea7b881bcb2fd5583834fda7b93c394a04a357338fff4000a9ae05c6631c,True,finite_surface_reassociation_v7,local_multistart,independent,3,False,1.0,95cad803dcb4ae3d442aec80d790bdb82a764680f864d332686de0110f163c20,0.20035604799340945,1.0,768,768,world metres,point-count-weighted zero-mean scan bias within each connected component,"bias-corrected original measurement, never projected output","conditional prototype; fixed support is attribution choice, not full architecture",uniform among each point's feasible candidates; no equal target mass constraint,"hard component MAP, then original-measurement refit; not posterior geometric mean",3,3,True,1.6565357512401981,1.6565357512401981,"weighted normalized design; null means rank deficient, not infinity hidden","numpy weighted least squares, rcond=1e-12",original local node,within each compatible group,795.7191231785923,1.0186851723386925,768,2304,APPLY,1,1,3,768,,dictionary IDs comparable only original/reassociate; local pool IDs arbitrary,local MAP nodes then unchanged V4 complete-link pooling,6060,"target is planned search-work proxy, not actual paired wall-time or FLOP equivalence; compare both arms' measured counters","sum of local input BIC-like scores, not comparable to reassociation F",0.0,1.0,"model-conditional ambiguity only, not calibrated correctness probability","end of soft search, before hard assignment and final refit; local responsibilities additionally aggregated by final pooling",0.010979537008097395,0.00019874800636898726,0.01126159900741186,4.143634098889613,1.0,a4efa908867c72cd8795b789a4af52eb2cba9e54ca1a6bf10ce1ed29bbaf89b2,f37c355086b11ffeb1e8de61928e58008f3996416ffdf1b42aa569c731b3512c,0.2116176470008213,1,0.0,5376,False,884.1324393242824,18,8,1.1272321428571428,684,search plus final local sufficient fits; final pooling and output fit separately timed,1
ghost_s912101_b4,local_multistart_b3_shared,912101,0.0,4.0,768,True,public_development,1.0,0.010967088004690595,0.2003741899970919,0.21134127800178248,4.143634098889613,True,True,0.04257531671846108,0.05089520681852706,0.08765162514256844,1.0,1.0,0.05343454331016556,1.0,0.05837466548714791,0.04257531671846108,0.0283069598281877,,,,,self-report; not geometry-derived layer count or success,0.04023137417844613,0.04229702238279032,0.06252571361966522,0.06252571361966522,,,,/srv/slam-research/grf/map-denoise/runs/multiscan-pilot-v1/reassociation-v7-primary-0frtnsm9/outputs/ghost_s912101_b4__local_multistart_b3_shared.npz,b64dea7b881bcb2fd5583834fda7b93c394a04a357338fff4000a9ae05c6631c,True,finite_surface_reassociation_v7,local_multistart,shared,3,False,1.0,95cad803dcb4ae3d442aec80d790bdb82a764680f864d332686de0110f163c20,0.20035604799340945,1.0,768,768,world metres,point-count-weighted zero-mean scan bias within each connected component,"bias-corrected original measurement, never projected output","conditional prototype; fixed support is attribution choice, not full architecture",uniform among each point's feasible candidates; no equal target mass constraint,"hard component MAP, then original-measurement refit; not posterior geometric mean",3,3,True,1.6565357512401981,1.6565357512401981,"weighted normalized design; null means rank deficient, not infinity hidden","numpy weighted least squares, rcond=1e-12",frozen compatible group,all compatible groups,795.7191231785923,1.0186851723386925,768,2304,APPLY,1,1,3,768,,dictionary IDs comparable only original/reassociate; local pool IDs arbitrary,local MAP nodes then unchanged V4 complete-link pooling,6060,"target is planned search-work proxy, not actual paired wall-time or FLOP equivalence; compare both arms' measured counters","sum of local input BIC-like scores, not comparable to reassociation F",0.0,1.0,"model-conditional ambiguity only, not calibrated correctness probability","end of soft search, before hard assignment and final refit; local responsibilities additionally aggregated by final pooling",0.010635746002662927,0.00018053899111691862,0.010895117011386901,4.143634098889613,1.0,a4efa908867c72cd8795b789a4af52eb2cba9e54ca1a6bf10ce1ed29bbaf89b2,f37c355086b11ffeb1e8de61928e58008f3996416ffdf1b42aa569c731b3512c,0.21125116500479635,1,0.0,5376,False,884.1324393242824,18,8,1.1272321428571428,684,search plus final local sufficient fits; final pooling and output fit separately timed,1
ghost_s912101_b4,reassociate_b3_independent,912101,0.0,4.0,768,True,public_development,1.0,0.001221872997120954,0.2003741899970919,0.20159606299421284,4.143634098889613,True,True,0.04257531671846108,0.05089520681852706,0.08765162514256844,1.0,1.0,0.05343454331016556,1.0,0.05837466548714791,0.04257531671846108,0.0283069598281877,,,,,self-report; not geometry-derived layer count or success,0.04023137417844613,0.04229702238279032,0.06252571361966522,0.06252571361966522,,,,/srv/slam-research/grf/map-denoise/runs/multiscan-pilot-v1/reassociation-v7-primary-0frtnsm9/outputs/ghost_s912101_b4__reassociate_b3_independent.npz,d5926e5033d1d733e7243527345efd7bd25828505ff1b1fab21d8f9558c18c3e,True,finite_surface_reassociation_v7,reassociate,independent,3,False,1.0,95cad803dcb4ae3d442aec80d790bdb82a764680f864d332686de0110f163c20,0.20035604799340945,1.0,768,768,world metres,point-count-weighted zero-mean scan bias within each connected component,"bias-corrected original measurement, never projected output","conditional prototype; fixed support is attribution choice, not full architecture",uniform among each point's feasible candidates; no equal target mass constraint,"hard component MAP, then original-measurement refit; not posterior geometric mean",3,3,True,1.6565357512401981,1.6565357512401981,"weighted normalized design; null means rank deficient, not infinity hidden","numpy weighted least squares, rcond=1e-12",original local node,within each compatible group,795.7191231785923,1.0186851723386925,768,2304,APPLY,1,1,3,768,0.0,dictionary IDs comparable only original/reassociate; local pool IDs arbitrary,MAP original dictionary IDs,5376,"target is planned search-work proxy, not actual paired wall-time or FLOP equivalence; compare both arms' measured counters",fixed-candidate empirical free energy,0.0,1.0,"model-conditional ambiguity only, not calibrated correctness probability","end of soft search, before hard assignment and final refit; local responsibilities additionally aggregated by final pooling",0.0009030770015669987,0.0001649020123295486,0.0011556090030353516,4.143634098889613,1.0,a4efa908867c72cd8795b789a4af52eb2cba9e54ca1a6bf10ce1ed29bbaf89b2,f37c355086b11ffeb1e8de61928e58008f3996416ffdf1b42aa569c731b3512c,0.2015116569964448,1,0.0,,,397.85956158929616,,,,,,1
ghost_s912101_b4,reassociate_b3_shared,912101,0.0,4.0,768,True,public_development,1.0,0.0015180189948296174,0.2003741899970919,0.2018922089919215,4.143634098889613,True,True,0.04257531671846108,0.05089520681852706,0.08765162514256844,1.0,1.0,0.05343454331016556,1.0,0.05837466548714791,0.04257531671846108,0.0283069598281877,,,,,self-report; not geometry-derived layer count or success,0.04023137417844613,0.04229702238279032,0.06252571361966522,0.06252571361966522,,,,/srv/slam-research/grf/map-denoise/runs/multiscan-pilot-v1/reassociation-v7-primary-0frtnsm9/outputs/ghost_s912101_b4__reassociate_b3_shared.npz,d5926e5033d1d733e7243527345efd7bd25828505ff1b1fab21d8f9558c18c3e,True,finite_surface_reassociation_v7,reassociate,shared,3,False,1.0,95cad803dcb4ae3d442aec80d790bdb82a764680f864d332686de0110f163c20,0.20035604799340945,1.0,768,768,world metres,point-count-weighted zero-mean scan bias within each connected component,"bias-corrected original measurement, never projected output","conditional prototype; fixed support is attribution choice, not full architecture",uniform among each point's feasible candidates; no equal target mass constraint,"hard component MAP, then original-measurement refit; not posterior geometric mean",3,3,True,1.6565357512401981,1.6565357512401981,"weighted normalized design; null means rank deficient, not infinity hidden","numpy weighted least squares, rcond=1e-12",frozen compatible group,all compatible groups,795.7191231785923,1.0186851723386925,768,2304,APPLY,1,1,3,768,0.0,dictionary IDs comparable only original/reassociate; local pool IDs arbitrary,MAP original dictionary IDs,5376,"target is planned search-work proxy, not actual paired wall-time or FLOP equivalence; compare both arms' measured counters",fixed-candidate empirical free energy,0.0,1.0,"model-conditional ambiguity only, not calibrated correctness probability","end of soft search, before hard assignment and final refit; local responsibilities additionally aggregated by final pooling",0.0010548530117375776,0.00024429900804534554,0.0014294490101747215,4.143634098889613,1.0,a4efa908867c72cd8795b789a4af52eb2cba9e54ca1a6bf10ce1ed29bbaf89b2,f37c355086b11ffeb1e8de61928e58008f3996416ffdf1b42aa569c731b3512c,0.20178549700358417,1,0.0,,,397.85956158929616,,,,,,1
ghost_s912101_b4,local_multistart_b6_independent,912101,0.0,4.0,768,True,public_development,1.0,0.013436558991088532,0.2003741899970919,0.21381074898818042,4.143634098889613,True,True,0.04257531671846108,0.05089520681852706,0.08765162514256844,1.0,1.0,0.05343454331016556,1.0,0.05837466548714791,0.04257531671846108,0.0283069598281877,,,,,self-report; not geometry-derived layer count or success,0.04023137417844613,0.04229702238279032,0.06252571361966522,0.06252571361966522,,,,/srv/slam-research/grf/map-denoise/runs/multiscan-pilot-v1/reassociation-v7-primary-0frtnsm9/outputs/ghost_s912101_b4__local_multistart_b6_independent.npz,b64dea7b881bcb2fd5583834fda7b93c394a04a357338fff4000a9ae05c6631c,True,finite_surface_reassociation_v7,local_multistart,independent,6,False,1.0,95cad803dcb4ae3d442aec80d790bdb82a764680f864d332686de0110f163c20,0.20035604799340945,1.0,768,768,world metres,point-count-weighted zero-mean scan bias within each connected component,"bias-corrected original measurement, never projected output","conditional prototype; fixed support is attribution choice, not full architecture",uniform among each point's feasible candidates; no equal target mass constraint,"hard component MAP, then original-measurement refit; not posterior geometric mean",3,3,True,1.6565357512401981,1.6565357512401981,"weighted normalized design; null means rank deficient, not infinity hidden","numpy weighted least squares, rcond=1e-12",original local node,within each compatible group,795.7191231785923,1.0186851723386925,768,2304,APPLY,1,1,3,768,,dictionary IDs comparable only original/reassociate; local pool IDs arbitrary,local MAP nodes then unchanged V4 complete-link pooling,10668,"target is planned search-work proxy, not actual paired wall-time or FLOP equivalence; compare both arms' measured counters","sum of local input BIC-like scores, not comparable to reassociation F",0.0,1.0,"model-conditional ambiguity only, not calibrated correctness probability","end of soft search, before hard assignment and final refit; local responsibilities additionally aggregated by final pooling",0.013068756990833208,0.00020585200400091708,0.013363265999942087,4.143634098889613,1.0,a4efa908867c72cd8795b789a4af52eb2cba9e54ca1a6bf10ce1ed29bbaf89b2,f37c355086b11ffeb1e8de61928e58008f3996416ffdf1b42aa569c731b3512c,0.21371931399335153,1,0.0,9984,True,884.1324393242824,18,8,1.0685096153846154,684,search plus final local sufficient fits; final pooling and output fit separately timed,1
ghost_s912101_b4,local_multistart_b6_shared,912101,0.0,4.0,768,True,public_development,1.0,0.01463338099711109,0.2003741899970919,0.21500757099420298,4.143634098889613,True,True,0.04257531671846108,0.05089520681852706,0.08765162514256844,1.0,1.0,0.05343454331016556,1.0,0.05837466548714791,0.04257531671846108,0.0283069598281877,,,,,self-report; not geometry-derived layer count or success,0.04023137417844613,0.04229702238279032,0.06252571361966522,0.06252571361966522,,,,/srv/slam-research/grf/map-denoise/runs/multiscan-pilot-v1/reassociation-v7-primary-0frtnsm9/outputs/ghost_s912101_b4__local_multistart_b6_shared.npz,b64dea7b881bcb2fd5583834fda7b93c394a04a357338fff4000a9ae05c6631c,True,finite_surface_reassociation_v7,local_multistart,shared,6,False,1.0,95cad803dcb4ae3d442aec80d790bdb82a764680f864d332686de0110f163c20,0.20035604799340945,1.0,768,768,world metres,point-count-weighted zero-mean scan bias within each connected component,"bias-corrected original measurement, never projected output","conditional prototype; fixed support is attribution choice, not full architecture",uniform among each point's feasible candidates; no equal target mass constraint,"hard component MAP, then original-measurement refit; not posterior geometric mean",3,3,True,1.6565357512401981,1.6565357512401981,"weighted normalized design; null means rank deficient, not infinity hidden","numpy weighted least squares, rcond=1e-12",frozen compatible group,all compatible groups,795.7191231785923,1.0186851723386925,768,2304,APPLY,1,1,3,768,,dictionary IDs comparable only original/reassociate; local pool IDs arbitrary,local MAP nodes then unchanged V4 complete-link pooling,10668,"target is planned search-work proxy, not actual paired wall-time or FLOP equivalence; compare both arms' measured counters","sum of local input BIC-like scores, not comparable to reassociation F",0.0,1.0,"model-conditional ambiguity only, not calibrated correctness probability","end of soft search, before hard assignment and final refit; local responsibilities additionally aggregated by final pooling",0.014264360986999236,0.00020391400903463364,0.01455651898868382,4.143634098889613,1.0,a4efa908867c72cd8795b789a4af52eb2cba9e54ca1a6bf10ce1ed29bbaf89b2,f37c355086b11ffeb1e8de61928e58008f3996416ffdf1b42aa569c731b3512c,0.21491256698209327,1,0.0,9984,True,884.1324393242824,18,8,1.0685096153846154,684,search plus final local sufficient fits; final pooling and output fit separately timed,1
ghost_s912101_b4,reassociate_b6_independent,912101,0.0,4.0,768,True,public_development,1.0,0.001802269005565904,0.2003741899970919,0.2021764590026578,4.143634098889613,True,True,0.04257531671846108,0.05089520681852706,0.08765162514256844,1.0,1.0,0.05343454331016556,1.0,0.05837466548714791,0.04257531671846108,0.0283069598281877,,,,,self-report; not geometry-derived layer count or success,0.04023137417844613,0.04229702238279032,0.06252571361966522,0.06252571361966522,,,,/srv/slam-research/grf/map-denoise/runs/multiscan-pilot-v1/reassociation-v7-primary-0frtnsm9/outputs/ghost_s912101_b4__reassociate_b6_independent.npz,43f95b07b92d5e39472b5916e9827d38dd857bfeb27be646b55aec853508f9cb,True,finite_surface_reassociation_v7,reassociate,independent,6,False,1.0,95cad803dcb4ae3d442aec80d790bdb82a764680f864d332686de0110f163c20,0.20035604799340945,1.0,768,768,world metres,point-count-weighted zero-mean scan bias within each connected component,"bias-corrected original measurement, never projected output","conditional prototype; fixed support is attribution choice, not full architecture",uniform among each point's feasible candidates; no equal target mass constraint,"hard component MAP, then original-measurement refit; not posterior geometric mean",3,3,True,1.6565357512401981,1.6565357512401981,"weighted normalized design; null means rank deficient, not infinity hidden","numpy weighted least squares, rcond=1e-12",original local node,within each compatible group,795.7191231785923,1.0186851723386925,768,2304,APPLY,1,1,3,768,0.0,dictionary IDs comparable only original/reassociate; local pool IDs arbitrary,MAP original dictionary IDs,9984,"target is planned search-work proxy, not actual paired wall-time or FLOP equivalence; compare both arms' measured counters",fixed-candidate empirical free energy,0.0,1.0,"model-conditional ambiguity only, not calibrated correctness probability","end of soft search, before hard assignment and final refit; local responsibilities additionally aggregated by final pooling",0.0014824649988440797,0.00016577100905124098,0.0017332580027868971,4.143634098889613,1.0,a4efa908867c72cd8795b789a4af52eb2cba9e54ca1a6bf10ce1ed29bbaf89b2,f37c355086b11ffeb1e8de61928e58008f3996416ffdf1b42aa569c731b3512c,0.20208930599619634,1,0.0,,,397.85956158929616,,,,,,1
ghost_s912101_b4,reassociate_b6_shared,912101,0.0,4.0,768,True,public_development,1.0,0.0017031229945132509,0.2003741899970919,0.20207731299160514,4.143634098889613,True,True,0.04257531671846108,0.05089520681852706,0.08765162514256844,1.0,1.0,0.05343454331016556,1.0,0.05837466548714791,0.04257531671846108,0.0283069598281877,,,,,self-report; not geometry-derived layer count or success,0.04023137417844613,0.04229702238279032,0.06252571361966522,0.06252571361966522,,,,/srv/slam-research/grf/map-denoise/runs/multiscan-pilot-v1/reassociation-v7-primary-0frtnsm9/outputs/ghost_s912101_b4__reassociate_b6_shared.npz,43f95b07b92d5e39472b5916e9827d38dd857bfeb27be646b55aec853508f9cb,True,finite_surface_reassociation_v7,reassociate,shared,6,False,1.0,95cad803dcb4ae3d442aec80d790bdb82a764680f864d332686de0110f163c20,0.20035604799340945,1.0,768,768,world metres,point-count-weighted zero-mean scan bias within each connected component,"bias-corrected original measurement, never projected output","conditional prototype; fixed support is attribution choice, not full architecture",uniform among each point's feasible candidates; no equal target mass constraint,"hard component MAP, then original-measurement refit; not posterior geometric mean",3,3,True,1.6565357512401981,1.6565357512401981,"weighted normalized design; null means rank deficient, not infinity hidden","numpy weighted least squares, rcond=1e-12",frozen compatible group,all compatible groups,795.7191231785923,1.0186851723386925,768,2304,APPLY,1,1,3,768,0.0,dictionary IDs comparable only original/reassociate; local pool IDs arbitrary,MAP original dictionary IDs,9984,"target is planned search-work proxy, not actual paired wall-time or FLOP equivalence; compare both arms' measured counters",fixed-candidate empirical free energy,0.0,1.0,"model-conditional ambiguity only, not calibrated correctness probability","end of soft search, before hard assignment and final refit; local responsibilities additionally aggregated by final pooling",0.0013932879955973476,0.0001630000042496249,0.0016388119984185323,4.143634098889613,1.0,a4efa908867c72cd8795b789a4af52eb2cba9e54ca1a6bf10ce1ed29bbaf89b2,f37c355086b11ffeb1e8de61928e58008f3996416ffdf1b42aa569c731b3512c,0.20199485999182798,1,0.0,,,397.85956158929616,,,,,,1
