case,method,output,output_sha256,gap_mm,seed,bias_rms_mm,chosen_k,true_k,seconds,supported_fraction,identifiable,geometry_scored,surface_accuracy_mean_mm,surface_accuracy_rms_mm,surface_accuracy_p95_mm,reference_sample_coverage_1mm,reference_sample_coverage_2mm,reference_sample_distance_mean_mm,output_point_count_ratio,matched_point_rms_mm,matched_normal_mae_mm,within_source_layer_rms_mm,source_group_gap_mm,source_group_gap_error_mm,source_group_gap_retention,reported_model_k,model_k_note,global_translation_only_aligned_rms_mm,output_edit_from_reference_centroid_mm,source_surface_tilt_mean_deg,source_surface_tilt_max_deg,fitted_gap_at_same_xy_mm,fitted_gap_at_same_xy_error_mm,fitted_gap_note
dual_g2_s912101_b0,global_free_i12,/srv/slam-research/grf/map-denoise/runs/multiscan-pilot-v1/spatial-v11-development-zh54hd3y/outputs/dual_g2_s912101_b0__global_free_i12.npz,054b79c448768c11e3c6e420245db7530606a08f0aafbfbf9598850da0ea82b1,2.0,912101,0.0,2,2,0.029243550001410767,1.0,True,True,0.4295184370612624,0.5455893710360633,1.074035906598274,0.8671875,1.0,0.45739893637970663,1.0,0.6145545393806768,0.46946213959121846,0.5807852600171077,1.5896190175544775,0.41038098244552246,0.7948095087772388,,self-report; not geometry-derived layer count or success,0.6141003307845807,0.023623412193509892,0.7312362628830962,0.8545874439431432,0.9378871915036884,1.0621128084963116,"GT source-group affine fits evaluated at x=y=0; may extrapolate, not physical layer count"
dual_g2_s912101_b0,global_free_i36,/srv/slam-research/grf/map-denoise/runs/multiscan-pilot-v1/spatial-v11-development-zh54hd3y/outputs/dual_g2_s912101_b0__global_free_i36.npz,19e86536f7431357325e1c709cd16ddbf03dfbf45a05108f6b029062ad4ed81a,2.0,912101,0.0,2,2,0.07998624400352128,1.0,True,True,0.43135251955094,0.5498963797647657,1.0878334653913697,0.8684895833333334,1.0,0.4585689821041081,1.0,0.617876712295605,0.47098296341076495,0.5825145748132581,1.5815343014451444,0.4184656985548556,0.7907671507225722,,self-report; not geometry-derived layer count or success,0.617018943969264,0.03254618841400635,0.7635745194228479,0.8747534861620001,0.8894657981681253,1.1105342018318747,"GT source-group affine fits evaluated at x=y=0; may extrapolate, not physical layer count"
dual_g2_s912101_b0,spatial_free_i12,/srv/slam-research/grf/map-denoise/runs/multiscan-pilot-v1/spatial-v11-development-zh54hd3y/outputs/dual_g2_s912101_b0__spatial_free_i12.npz,6388c1a7bbd13fa76f0de8bc0df2a5be392b1f1a0b4313666c23d9cb28d1359d,2.0,912101,0.0,2,2,0.038406128995120525,1.0,True,True,0.09388127100175321,0.18248554491618016,0.10798756223283511,0.984375,0.9986979166666666,0.11056515300460786,1.0,0.2858582827347636,0.11799721339843224,0.2787093007497801,1.9317139350737784,0.06828606492622158,0.9658569675368892,,self-report; not geometry-derived layer count or success,0.2809978402346437,0.052489728438368695,0.0757697826417469,0.09274288874408827,1.8683632599204556,0.1316367400795444,"GT source-group affine fits evaluated at x=y=0; may extrapolate, not physical layer count"
dual_g2_s912101_b0,spatial_free_i36,/srv/slam-research/grf/map-denoise/runs/multiscan-pilot-v1/spatial-v11-development-zh54hd3y/outputs/dual_g2_s912101_b0__spatial_free_i36.npz,a98039b3a6c692811c27d1cbafd9d757f8452a1ac19c309c8dd51c09d328d9a3,2.0,912101,0.0,2,2,0.10345983099250589,1.0,True,True,0.06633695638481303,0.12702467452741964,0.1147534566530981,0.9895833333333334,0.9986979166666666,0.08195743431169163,1.0,0.2363802689317982,0.08611317300749267,0.2292164544572323,1.9281943037480687,0.07180569625193134,0.9640971518740343,,self-report; not geometry-derived layer count or success,0.2322566203449373,0.04396013928796058,0.036807982585157065,0.05245537803405618,1.9111549790028506,0.08884502099714942,"GT source-group affine fits evaluated at x=y=0; may extrapolate, not physical layer count"
dual_g2_s912101_b0,spatial_fixed_i12,/srv/slam-research/grf/map-denoise/runs/multiscan-pilot-v1/spatial-v11-development-zh54hd3y/outputs/dual_g2_s912101_b0__spatial_fixed_i12.npz,10b2d8dd8a7838452b646e27b57a2ed853f76e0b677d5a6d3be18f19fdbc160d,2.0,912101,0.0,2,2,0.03397455900267232,1.0,True,True,0.09318185812309597,0.17404208877014887,0.15389847019083194,0.984375,1.0,0.10978949575122611,1.0,0.2713382581493289,0.1147569460265524,0.25905693431279886,1.8759870550152096,0.12401294498479043,0.9379935275076048,,self-report; not geometry-derived layer count or success,0.2663047380667667,0.052021503426012736,0.21015620479013483,0.2247939394920415,1.6749339940262284,0.32506600597377155,"GT source-group affine fits evaluated at x=y=0; may extrapolate, not physical layer count"
dual_g2_s912101_b0,spatial_fixed_i36,/srv/slam-research/grf/map-denoise/runs/multiscan-pilot-v1/spatial-v11-development-zh54hd3y/outputs/dual_g2_s912101_b0__spatial_fixed_i36.npz,77af6bbd7f80ae55c95ff1261a59ed9fc67e31d2c596cd9def0e1bafca61f411,2.0,912101,0.0,2,2,0.09019417200761382,1.0,True,True,0.07168641033599227,0.1290452548811887,0.1481647953836863,0.9895833333333334,1.0,0.08626886815776502,1.0,0.2274883975771035,0.08914090573550731,0.21215242952535684,1.8595876699302227,0.14041233006977727,0.9297938349651114,,self-report; not geometry-derived layer count or success,0.2232575665259139,0.04366955485375891,0.1809195917840034,0.19915682338142804,1.690164427546532,0.30983557245346804,"GT source-group affine fits evaluated at x=y=0; may extrapolate, not physical layer count"
dual_g2_s912101_b0,spatial_seed_i12,/srv/slam-research/grf/map-denoise/runs/multiscan-pilot-v1/spatial-v11-development-zh54hd3y/outputs/dual_g2_s912101_b0__spatial_seed_i12.npz,14fbc97b4fb1beec53ef466df6c303644c725e689305ad8eaeac6fd8deee3925,2.0,912101,0.0,2,2,0.03928794799139723,1.0,True,True,0.09573223609304511,0.18249455064257203,0.10634029868719759,0.984375,0.9986979166666666,0.11234674374386412,1.0,0.28545451640855957,0.11973117123475485,0.2780436647279716,1.933927019741119,0.06607298025888109,0.9669635098705595,,self-report; not geometry-derived layer count or success,0.28021271164398986,0.05445288946572781,0.08429170207508875,0.10111569353655901,1.8617964863064487,0.13820351369355133,"GT source-group affine fits evaluated at x=y=0; may extrapolate, not physical layer count"
dual_g2_s912101_b0,spatial_seed_i36,/srv/slam-research/grf/map-denoise/runs/multiscan-pilot-v1/spatial-v11-development-zh54hd3y/outputs/dual_g2_s912101_b0__spatial_seed_i36.npz,3f00371871d45c913a53f3d8239e25b1dde1cd7031ce207f84b31f3bfc8a6b84,2.0,912101,0.0,2,2,0.10480706099770032,1.0,True,True,0.06634437078610277,0.12702956424187453,0.11476533336449053,0.9895833333333334,0.9986979166666666,0.08196455911189876,1.0,0.23638244314640056,0.08612048023631924,0.22921720581598548,1.9281937520490389,0.07180624795096113,0.9640968760245194,,self-report; not geometry-derived layer count or success,0.23225740200910908,0.04396769996077098,0.03680464042276623,0.052446857724042936,1.9111627115302108,0.08883728846978922,"GT source-group affine fits evaluated at x=y=0; may extrapolate, not physical layer count"
dual_g2_s912101_b0,old_original,/srv/slam-research/grf/map-denoise/runs/multiscan-pilot-v1/reassociation-v7-development-vbwoojgf/outputs/dual_g2_s912101_b0__original_b0_independent.npz,dd97cc5954b4e4de7cb79a91fefebc7944c0f2b412bcdce465cdaf00f61278d2,2.0,912101,0.0,,2,,,True,True,0.19755080336582778,0.31664473278869576,0.6979708865589909,0.9596354166666666,1.0,0.20236838780407104,1.0,0.3274865616230388,0.20072933727402945,0.2977052971364532,1.7354994242610586,0.26450057573894137,0.8677497121305293,,self-report; not geometry-derived layer count or success,0.32454886828809437,0.04376619856233277,0.4209864516900144,0.45872525589095275,1.3372488364816326,0.6627511635183674,"GT source-group affine fits evaluated at x=y=0; may extrapolate, not physical layer count"
dual_g2_s912101_b0,old_multistart,/srv/slam-research/grf/map-denoise/runs/multiscan-pilot-v1/reassociation-v7-development-vbwoojgf/outputs/dual_g2_s912101_b0__local_multistart_b6_independent.npz,9c1fe3990cce816155f5dd3feb32e9949b68dc91838303da351cc683c766cf15,2.0,912101,0.0,,2,,,True,True,0.24534294103189988,0.38983536168725136,0.9567765825289505,0.9296875,0.9986979166666666,0.27655845074105506,1.0,0.4711526919381283,0.2797559487770096,0.46450828807490496,1.8671671043468874,0.13283289565311263,0.9335835521734437,,self-report; not geometry-derived layer count or success,0.46914492162726956,0.043449990010215996,0.24294958679895803,0.25290076628066616,1.8989953612645827,0.10100463873541732,"GT source-group affine fits evaluated at x=y=0; may extrapolate, not physical layer count"
dual_g2_s912101_b4,global_free_i12,/srv/slam-research/grf/map-denoise/runs/multiscan-pilot-v1/spatial-v11-development-zh54hd3y/outputs/dual_g2_s912101_b4__global_free_i12.npz,54914c3fbd03635c884ff806d7a765fb8af7a65b7e6da64bf12b4258371bc891,2.0,912101,4.0,2,2,0.028929789012181573,1.0,True,True,0.4295199326800631,0.5455682924365333,1.0753032038844441,0.8671875,1.0,0.46463815931991564,1.0,0.6170476731806935,0.4694992456950174,0.5808156420867286,1.589600054255425,0.41039994574457506,0.7948000271277125,,self-report; not geometry-derived layer count or success,0.6165877871268755,0.023818726743695784,0.731535101278459,0.854828192913576,0.9375047402247284,1.0624952597752717,"GT source-group affine fits evaluated at x=y=0; may extrapolate, not physical layer count"
dual_g2_s912101_b4,global_free_i36,/srv/slam-research/grf/map-denoise/runs/multiscan-pilot-v1/spatial-v11-development-zh54hd3y/outputs/dual_g2_s912101_b4__global_free_i36.npz,0120789478415d9b9ce3fde5d42132b82d977c64e702e21f90af45a196746037,2.0,912101,4.0,2,2,0.0787002880097134,1.0,True,True,0.4313365657322719,0.5498565015354321,1.088693302082773,0.8684895833333334,1.0,0.4656331348880201,1.0,0.6203486261559695,0.4710030786276911,0.5825217573524943,1.5815075212623477,0.4184924787376523,0.7907537606311739,,self-report; not geometry-derived layer count or success,0.6194824655123072,0.032770305100685765,0.7638540982982719,0.8749166406473605,0.8890534901223237,1.1109465098776763,"GT source-group affine fits evaluated at x=y=0; may extrapolate, not physical layer count"
dual_g2_s912101_b4,spatial_free_i12,/srv/slam-research/grf/map-denoise/runs/multiscan-pilot-v1/spatial-v11-development-zh54hd3y/outputs/dual_g2_s912101_b4__spatial_free_i12.npz,db2ca8295b765e34fa33224f3120870e194194ccd50863201c97fe71ebedc0dc,2.0,912101,4.0,2,2,0.03713191900169477,1.0,True,True,0.0938887917686203,0.18251237707095455,0.10820136839660964,0.984375,0.9986979166666666,0.12655484394695407,1.0,0.29117526208566813,0.11800501452040095,0.2787263192479993,1.9317042559374287,0.06829574406257133,0.9658521279687143,,self-report; not geometry-derived layer count or success,0.28640409475534984,0.052495026031293184,0.07564812025198729,0.09251484433261926,1.8683742666948782,0.13162573330512184,"GT source-group affine fits evaluated at x=y=0; may extrapolate, not physical layer count"
dual_g2_s912101_b4,spatial_free_i36,/srv/slam-research/grf/map-denoise/runs/multiscan-pilot-v1/spatial-v11-development-zh54hd3y/outputs/dual_g2_s912101_b4__spatial_free_i36.npz,2421a1e36d90917286fe7750e1144288b15e9681a98608e87e6b9619b1dc7410,2.0,912101,4.0,2,2,0.104659756005276,1.0,True,True,0.06640189613840704,0.12706509184005393,0.11481164866925384,0.9895833333333334,0.9986979166666666,0.1033308449088368,1.0,0.24276922559603573,0.08617662854593522,0.22922233625674238,1.9282225755376994,0.07177742446230062,0.9641112877688497,,self-report; not geometry-derived layer count or success,0.23874430186742504,0.04402334860428835,0.03683857374161772,0.05242648986415489,1.9110574312759747,0.08894256872402528,"GT source-group affine fits evaluated at x=y=0; may extrapolate, not physical layer count"
dual_g2_s912101_b4,spatial_fixed_i12,/srv/slam-research/grf/map-denoise/runs/multiscan-pilot-v1/spatial-v11-development-zh54hd3y/outputs/dual_g2_s912101_b4__spatial_fixed_i12.npz,9a55e727f52f284457c841352606407d91774f41de99f4f73a7a39f50677b283,2.0,912101,4.0,2,2,0.03405055899929721,1.0,True,True,0.09321945246024195,0.17406432118161821,0.1538130175353426,0.984375,1.0,0.1285807604953301,1.0,0.2769213245779121,0.11479289827385906,0.25905569787403726,1.8759572792014216,0.12404272079857837,0.9379786396007108,,self-report; not geometry-derived layer count or success,0.27198497736638866,0.05205374235336397,0.21020261971277945,0.2247548118823144,1.6747831065549728,0.32521689344502724,"GT source-group affine fits evaluated at x=y=0; may extrapolate, not physical layer count"
dual_g2_s912101_b4,spatial_fixed_i36,/srv/slam-research/grf/map-denoise/runs/multiscan-pilot-v1/spatial-v11-development-zh54hd3y/outputs/dual_g2_s912101_b4__spatial_fixed_i36.npz,c47b829e4cf018dcf499294366d4a0fceefdd51639faddc871cb182b29ac4663,2.0,912101,4.0,2,2,0.09147994600061793,1.0,True,True,0.07173234854055731,0.12908108714277483,0.14833407620838704,0.9895833333333334,1.0,0.10841246588913837,1.0,0.23411679387270176,0.08918542999641543,0.21215631909435284,1.8595829491281162,0.14041705087188383,0.9297914745640581,,self-report; not geometry-derived layer count or success,0.22999822727815525,0.043720574357379624,0.18102101113509686,0.1991824462029937,1.690004617588808,0.30999538241119207,"GT source-group affine fits evaluated at x=y=0; may extrapolate, not physical layer count"
dual_g2_s912101_b4,spatial_seed_i12,/srv/slam-research/grf/map-denoise/runs/multiscan-pilot-v1/spatial-v11-development-zh54hd3y/outputs/dual_g2_s912101_b4__spatial_seed_i12.npz,0581397ae83da8afd085d3e433c85081152e1ad659075ff2453d6d824aa4e0d1,2.0,912101,4.0,2,2,0.03918706299737096,1.0,True,True,0.09575486694202463,0.18252514810270515,0.10655530093324583,0.984375,0.9986979166666666,0.12797768978751953,1.0,0.29078020314980446,0.11975387002500974,0.2780600647846869,1.933929382244112,0.06607061775588807,0.966964691122056,,self-report; not geometry-derived layer count or success,0.28563219581131266,0.054473619852635796,0.08419705376815867,0.10091861410223749,1.861799810926204,0.13820018907379605,"GT source-group affine fits evaluated at x=y=0; may extrapolate, not physical layer count"
dual_g2_s912101_b4,spatial_seed_i36,/srv/slam-research/grf/map-denoise/runs/multiscan-pilot-v1/spatial-v11-development-zh54hd3y/outputs/dual_g2_s912101_b4__spatial_seed_i36.npz,3cd7f1cff0c32221b004d2a44d625dbf4ff94253a516d6cb05754b3aa9be36b0,2.0,912101,4.0,2,2,0.10757387299963739,1.0,True,True,0.06640928178777346,0.12706996927169256,0.11482411976081511,0.9895833333333334,0.9986979166666666,0.10333659011578582,1.0,0.24277133805296,0.0861839072296549,0.22922309066617735,1.9282220529007943,0.07177794709920571,0.9641110264503971,,self-report; not geometry-derived layer count or success,0.23874506339083681,0.04403086742876973,0.03683522525256385,0.052417952888876365,1.911065186839756,0.0889348131602441,"GT source-group affine fits evaluated at x=y=0; may extrapolate, not physical layer count"
dual_g2_s912101_b4,old_original,/srv/slam-research/grf/map-denoise/runs/multiscan-pilot-v1/reassociation-v7-development-vbwoojgf/outputs/dual_g2_s912101_b4__original_b0_independent.npz,eb778a0b86cadc6131a21f4a9bfcedcdeaf16fea55db65596e063b0694d74d49,2.0,912101,4.0,,2,,,True,True,0.1975662613200733,0.3165701446031657,0.6975030129804342,0.9596354166666666,1.0,0.21813486173559885,1.0,0.33220085583107484,0.20077722892031846,0.29780114027693805,1.7354094725422293,0.2645905274577707,0.8677047362711147,,self-report; not geometry-derived layer count or success,0.32930550974504497,0.04376402479725381,0.421485643667698,0.45896156652319176,1.3364638597862424,0.6635361402137576,"GT source-group affine fits evaluated at x=y=0; may extrapolate, not physical layer count"
dual_g2_s912101_b4,old_multistart,/srv/slam-research/grf/map-denoise/runs/multiscan-pilot-v1/reassociation-v7-development-vbwoojgf/outputs/dual_g2_s912101_b4__local_multistart_b6_independent.npz,2a00b85b6599b056db95ddd2426769bbf944538a75fe23a4c78149e371c46450,2.0,912101,4.0,,2,,,True,True,0.24514971203811928,0.38948428990497225,0.9574096777479045,0.9296875,0.9986979166666666,0.2902646307403554,1.0,0.47439830398701877,0.2797270788699799,0.46454881395869196,1.8671331805536315,0.13286681944636847,0.9335665902768158,,self-report; not geometry-derived layer count or success,0.4724045500448685,0.04344757671798531,0.24281137878323175,0.25308378247833385,1.898367180600635,0.10163281939936497,"GT source-group affine fits evaluated at x=y=0; may extrapolate, not physical layer count"
dual_g2_s912113_b0,global_free_i12,/srv/slam-research/grf/map-denoise/runs/multiscan-pilot-v1/spatial-v11-development-zh54hd3y/outputs/dual_g2_s912113_b0__global_free_i12.npz,d789b082a6bfd79a14c715304b0d58917e9d67c059d6420476b9fb2e72e8a932,2.0,912113,0.0,2,2,0.028244149012607522,1.0,True,True,0.4425275731394274,0.5422900492116385,1.0042194797075146,0.8919270833333334,1.0,0.4686274201982361,1.0,0.607446935664388,0.47992786249109165,0.5780341988101586,1.6456542451400753,0.3543457548599247,0.8228271225700377,,self-report; not geometry-derived layer count or success,0.6029770801606914,0.07355556028569359,0.934845827356421,0.9546484523029886,0.6784134211689895,1.3215865788310106,"GT source-group affine fits evaluated at x=y=0; may extrapolate, not physical layer count"
dual_g2_s912113_b0,global_free_i36,/srv/slam-research/grf/map-denoise/runs/multiscan-pilot-v1/spatial-v11-development-zh54hd3y/outputs/dual_g2_s912113_b0__global_free_i36.npz,b3e965efbb88384dc8c40c93e63ad0e943e744f5f017bf8b30f443e5eebdbe31,2.0,912113,0.0,2,2,0.07882670800609048,1.0,True,True,0.44555964662020847,0.5450074016302494,1.0069077896091052,0.88671875,1.0,0.4726905399554509,1.0,0.611111090958703,0.4837153279470497,0.5801422073514008,1.63255693252124,0.3674430674787601,0.81627846626062,,self-report; not geometry-derived layer count or success,0.6068211491001378,0.07228318267428707,0.9286197394545797,0.9297757414659106,0.6789833162715204,1.3210166837284796,"GT source-group affine fits evaluated at x=y=0; may extrapolate, not physical layer count"
dual_g2_s912113_b0,spatial_free_i12,/srv/slam-research/grf/map-denoise/runs/multiscan-pilot-v1/spatial-v11-development-zh54hd3y/outputs/dual_g2_s912113_b0__spatial_free_i12.npz,b6936ae18c358f36b8a27209ddc505c428193b1565a254254c933bf1af484324,2.0,912113,0.0,2,2,0.037282106990460306,1.0,True,True,0.12630376255854384,0.21997414781134675,0.27739189748529336,0.9765625,1.0,0.1464545579585609,1.0,0.3194556065118532,0.15304930542712528,0.317746472790097,1.9401307897828894,0.05986921021711056,0.9700653948914447,,self-report; not geometry-derived layer count or success,0.319331506618883,0.008903561779998353,0.37746139969798514,0.38530594636900894,1.5911948264193683,0.40880517358063173,"GT source-group affine fits evaluated at x=y=0; may extrapolate, not physical layer count"
dual_g2_s912113_b0,spatial_free_i36,/srv/slam-research/grf/map-denoise/runs/multiscan-pilot-v1/spatial-v11-development-zh54hd3y/outputs/dual_g2_s912113_b0__spatial_free_i36.npz,0f2e57af76043c543d06ec16efd8073741162ae13a4ff97cc695c50a574b20ed,2.0,912113,0.0,2,2,0.10256836499320343,1.0,True,True,0.09685433016484168,0.1440087928511184,0.1983729839536647,0.9856770833333334,0.9973958333333334,0.11957769774841369,1.0,0.27369802100428414,0.12364480290401687,0.27157498384226186,1.9370658215120817,0.06293417848791827,0.9685329107560409,,self-report; not geometry-derived layer count or success,0.2736021180016659,0.0072448413829478975,0.3128006044680325,0.342669010568712,1.7069666452932086,0.29303335470679137,"GT source-group affine fits evaluated at x=y=0; may extrapolate, not physical layer count"
dual_g2_s912113_b0,spatial_fixed_i12,/srv/slam-research/grf/map-denoise/runs/multiscan-pilot-v1/spatial-v11-development-zh54hd3y/outputs/dual_g2_s912113_b0__spatial_fixed_i12.npz,e97ce1066238d7edd783a5715cc223667ef245bee839824368be19afaaee83fb,2.0,912113,0.0,2,2,0.03495642500638496,1.0,True,True,0.10626687957851011,0.18289412555260232,0.22009358994145525,0.9817708333333334,0.9986979166666666,0.1279158217728076,1.0,0.30168746322915135,0.1348347860178034,0.30019293068230996,1.9443690043168786,0.055630995683121354,0.9721845021584393,,self-report; not geometry-derived layer count or success,0.30168498689943235,0.0012223539298781862,0.3296629878138526,0.3531737070339738,1.675358240817462,0.3246417591825379,"GT source-group affine fits evaluated at x=y=0; may extrapolate, not physical layer count"
dual_g2_s912113_b0,spatial_fixed_i36,/srv/slam-research/grf/map-denoise/runs/multiscan-pilot-v1/spatial-v11-development-zh54hd3y/outputs/dual_g2_s912113_b0__spatial_fixed_i36.npz,9be62b5368232bcee6b2c25ecf17f54f95effd1cf635b192f798bd058e4889e5,2.0,912113,0.0,2,2,0.09115880999888759,1.0,True,True,0.09227485070818248,0.13963526280673333,0.1874101909773876,0.9856770833333334,0.9986979166666666,0.11512616790890211,1.0,0.2714445100515444,0.1191056711646145,0.2660741205502504,1.9034510160447036,0.09654898395529643,0.9517255080223518,,self-report; not geometry-derived layer count or success,0.2704692384526868,0.0229894125185198,0.3008119505271953,0.3307534214642059,1.6805576966196558,0.3194423033803442,"GT source-group affine fits evaluated at x=y=0; may extrapolate, not physical layer count"
dual_g2_s912113_b0,spatial_seed_i12,/srv/slam-research/grf/map-denoise/runs/multiscan-pilot-v1/spatial-v11-development-zh54hd3y/outputs/dual_g2_s912113_b0__spatial_seed_i12.npz,b96a5f819d71fc2a5a4fe06a5e373f5f5577cefe047fa139d1ed4f49d4e0e88b,2.0,912113,0.0,2,2,0.038836009000078775,1.0,True,True,0.16508010446762486,0.2721680222709011,0.37217615155194034,0.96484375,1.0,0.18401441947743416,1.0,0.3567801912784086,0.19160514678572468,0.35480976773293393,1.9355358035389367,0.06446419646106327,0.9677679017694684,,self-report; not geometry-derived layer count or success,0.3564093558223639,0.016262717206710922,0.4429517828311121,0.4795357669554811,1.484432695086503,0.515567304913497,"GT source-group affine fits evaluated at x=y=0; may extrapolate, not physical layer count"
dual_g2_s912113_b0,spatial_seed_i36,/srv/slam-research/grf/map-denoise/runs/multiscan-pilot-v1/spatial-v11-development-zh54hd3y/outputs/dual_g2_s912113_b0__spatial_seed_i36.npz,5c331522d9248056819390d60368f7db177a245547e6ba9fb4f46f88b34dbdc9,2.0,912113,0.0,2,2,0.1044680229970254,1.0,True,True,0.11412262192195122,0.20067430806800476,0.2500153435474178,0.9791666666666666,0.9986979166666666,0.13475151441675126,1.0,0.30925864998291974,0.14169780595814224,0.3075007317541088,1.9376422100737825,0.062357789926217544,0.9688211050368912,,self-report; not geometry-derived layer count or success,0.3092559798442265,0.0012851147207356415,0.35395590180940745,0.3679583089076787,1.622116756418891,0.37788324358110903,"GT source-group affine fits evaluated at x=y=0; may extrapolate, not physical layer count"
dual_g2_s912113_b0,old_original,/srv/slam-research/grf/map-denoise/runs/multiscan-pilot-v1/reassociation-v7-development-vbwoojgf/outputs/dual_g2_s912113_b0__original_b0_independent.npz,6caa32ddadf00ebd6d47e9410b047e8494e3094e008c38522efb6bbf0f086aa5,2.0,912113,0.0,,2,,,True,True,0.24523086062903263,0.3580292615587725,0.8623715264821801,0.9895833333333334,1.0,0.24760980370617366,1.0,0.3610879691221225,0.24622661016854808,0.3328679682158409,1.7136850816423808,0.28631491835761924,0.8568425408211904,,self-report; not geometry-derived layer count or success,0.3607885919803023,0.014700793910870405,0.7390566903162732,0.9239563744091235,0.8895634496178687,1.1104365503821314,"GT source-group affine fits evaluated at x=y=0; may extrapolate, not physical layer count"
dual_g2_s912113_b0,old_multistart,/srv/slam-research/grf/map-denoise/runs/multiscan-pilot-v1/reassociation-v7-development-vbwoojgf/outputs/dual_g2_s912113_b0__local_multistart_b6_independent.npz,6a2123200d2ada600c3be08ffa5be5ffd5e8937934cfbf908a0124bb95c7e2ca,2.0,912113,0.0,,2,,,True,True,0.24523086062903263,0.3580292615587725,0.8623715264821801,0.9895833333333334,1.0,0.24760980370617366,1.0,0.3610879691221225,0.24622661016854808,0.3328679682158409,1.7136850816423808,0.28631491835761924,0.8568425408211904,,self-report; not geometry-derived layer count or success,0.3607885919803023,0.014700793910870405,0.7390566903162732,0.9239563744091235,0.8895634496178687,1.1104365503821314,"GT source-group affine fits evaluated at x=y=0; may extrapolate, not physical layer count"
dual_g2_s912113_b4,global_free_i12,/srv/slam-research/grf/map-denoise/runs/multiscan-pilot-v1/spatial-v11-development-zh54hd3y/outputs/dual_g2_s912113_b4__global_free_i12.npz,0a02c769a966015cdfef02f48dc2c97ab1e45d83bd805b284a4fcc804dc6286e,2.0,912113,4.0,2,2,0.028076785005396232,1.0,True,True,0.44366331357262606,0.5435323701914253,1.0051783722101932,0.8932291666666666,1.0,0.47579694537898004,1.0,0.610776086866582,0.48098715673886855,0.5786456414968101,1.64328208064629,0.35671791935371,0.821641040323145,,self-report; not geometry-derived layer count or success,0.606252764812188,0.0741957778154002,0.936795445842067,0.9541021411033789,0.6755858078701699,1.3244141921298302,"GT source-group affine fits evaluated at x=y=0; may extrapolate, not physical layer count"
dual_g2_s912113_b4,global_free_i36,/srv/slam-research/grf/map-denoise/runs/multiscan-pilot-v1/spatial-v11-development-zh54hd3y/outputs/dual_g2_s912113_b4__global_free_i36.npz,cf6bc9c9fbcc75f8aff348f529e0e3aef47c821427fcf9b8670dc997673ec842,2.0,912113,4.0,2,2,0.07883581799978856,1.0,True,True,0.44415511986979056,0.5434582058185734,1.0019215389146798,0.8893229166666666,1.0,0.4770214108198511,1.0,0.6119554545975096,0.48224026382817214,0.5790251963662922,1.636248134079874,0.363751865920126,0.818124067039937,,self-report; not geometry-derived layer count or success,0.6075905894428819,0.07295994813660389,0.9264460825623742,0.9278422698882304,0.6854744644126338,1.3145255355873662,"GT source-group affine fits evaluated at x=y=0; may extrapolate, not physical layer count"
dual_g2_s912113_b4,spatial_free_i12,/srv/slam-research/grf/map-denoise/runs/multiscan-pilot-v1/spatial-v11-development-zh54hd3y/outputs/dual_g2_s912113_b4__spatial_free_i12.npz,d761952a6a947f80f58a5199f4026aacc27a55f55e4be310d153ff51729c9376,2.0,912113,4.0,2,2,0.0420708099991316,1.0,True,True,0.12631967129978114,0.21999772319449493,0.27768955493006214,0.9765625,1.0,0.16128581314602433,1.0,0.3239128432564042,0.15305814522215355,0.31772515816077407,1.9397455204148957,0.060254479585104326,0.9698727602074478,,self-report; not geometry-derived layer count or success,0.32379205376506504,0.00884510853800824,0.3773440009206692,0.38520086843668316,1.5911278407229643,0.4088721592770357,"GT source-group affine fits evaluated at x=y=0; may extrapolate, not physical layer count"
dual_g2_s912113_b4,spatial_free_i36,/srv/slam-research/grf/map-denoise/runs/multiscan-pilot-v1/spatial-v11-development-zh54hd3y/outputs/dual_g2_s912113_b4__spatial_free_i36.npz,f3f7cc57bd5e6852216434f7fa9750b796f8beaa3fc4b5b27ae5e5181fe68fcc,2.0,912113,4.0,2,2,0.10367914199014194,1.0,True,True,0.09693052763804473,0.14409307761131568,0.1988817718483519,0.9856770833333334,0.9973958333333334,0.13507447153577543,1.0,0.2788448772447317,0.12369621453675217,0.2715093173502678,1.9369633075361556,0.06303669246384436,0.9684816537680778,,self-report; not geometry-derived layer count or success,0.27875746539572427,0.006981479197209398,0.3136972755933187,0.34366553740209904,1.7056204959123016,0.2943795040876984,"GT source-group affine fits evaluated at x=y=0; may extrapolate, not physical layer count"
dual_g2_s912113_b4,spatial_fixed_i12,/srv/slam-research/grf/map-denoise/runs/multiscan-pilot-v1/spatial-v11-development-zh54hd3y/outputs/dual_g2_s912113_b4__spatial_fixed_i12.npz,5120ade7a607d23769df2114b2e00ad04d90d0ab0245a577b1af7208ade4dbd9,2.0,912113,4.0,2,2,0.034099569005775265,1.0,True,True,0.10630040560915116,0.18291953693127197,0.2202424937980153,0.9830729166666666,0.9986979166666666,0.14353636718812843,1.0,0.3064198836185145,0.13486355856638912,0.30018705269947654,1.9442494107734225,0.055750589226577496,0.9721247053867113,,self-report; not geometry-derived layer count or success,0.30641769882913655,0.0011571175569312132,0.32956008032076395,0.35306988781227466,1.6754425184571438,0.32455748154285624,"GT source-group affine fits evaluated at x=y=0; may extrapolate, not physical layer count"
dual_g2_s912113_b4,spatial_fixed_i36,/srv/slam-research/grf/map-denoise/runs/multiscan-pilot-v1/spatial-v11-development-zh54hd3y/outputs/dual_g2_s912113_b4__spatial_fixed_i36.npz,25d3ab720f568101fb75f6f440ede4a9b1317758018bcea4aed64d4b1b3b22c8,2.0,912113,4.0,2,2,0.09146875799342524,1.0,True,True,0.09229486109425206,0.13965538868507402,0.18754690337456,0.9856770833333334,0.9986979166666666,0.13091256968127785,1.0,0.2766955189007345,0.11912243607137422,0.2660665262843206,1.9033405977230309,0.09665940227696912,0.9516702988615154,,self-report; not geometry-derived layer count or success,0.2757426657764058,0.02294324410949926,0.30070145807667953,0.3306325694494884,1.680648200931449,0.31935179906855105,"GT source-group affine fits evaluated at x=y=0; may extrapolate, not physical layer count"
dual_g2_s912113_b4,spatial_seed_i12,/srv/slam-research/grf/map-denoise/runs/multiscan-pilot-v1/spatial-v11-development-zh54hd3y/outputs/dual_g2_s912113_b4__spatial_seed_i12.npz,c33b032751bdd43efb6e0694d5e0331da1ec21a269591f754c495e3929bb28ec,2.0,912113,4.0,2,2,0.039599642012035474,1.0,True,True,0.16509788484267707,0.2722145880400928,0.3717549213589867,0.96484375,1.0,0.19740243634749943,1.0,0.36079242905486036,0.1916137455907628,0.3548054614382323,1.9351466559171095,0.06485334408289045,0.9675733279585548,,self-report; not geometry-derived layer count or success,0.3604281075446462,0.01620975493619149,0.44284503280009596,0.47934635853038965,1.484418855418542,0.515581144581458,"GT source-group affine fits evaluated at x=y=0; may extrapolate, not physical layer count"
dual_g2_s912113_b4,spatial_seed_i36,/srv/slam-research/grf/map-denoise/runs/multiscan-pilot-v1/spatial-v11-development-zh54hd3y/outputs/dual_g2_s912113_b4__spatial_seed_i36.npz,e6dbd8d3f8c2dce669b8325a9e0f05b71bed04ca3c3cfadbadf60905ff8d5fc7,2.0,912113,4.0,2,2,0.10416513099335134,1.0,True,True,0.11424833361091875,0.20071940740711663,0.2503919528908222,0.98046875,0.9986979166666666,0.15027818076721633,1.0,0.31383468407654674,0.14180506272869084,0.307454884168859,1.9374011102827364,0.06259888971726357,0.9687005551413682,,self-report; not geometry-derived layer count or success,0.313831624604203,0.0013857588940818174,0.35441335862945644,0.368445839510408,1.6214698950982949,0.37853010490170513,"GT source-group affine fits evaluated at x=y=0; may extrapolate, not physical layer count"
dual_g2_s912113_b4,old_original,/srv/slam-research/grf/map-denoise/runs/multiscan-pilot-v1/reassociation-v7-development-vbwoojgf/outputs/dual_g2_s912113_b4__original_b0_independent.npz,b0923db5d814bb220d0af0d8c90d49787b839646d700ac5aec2d54b322d4307f,2.0,912113,4.0,,2,,,True,True,0.24464955408748557,0.3593384230204813,0.8778961309804963,0.9908854166666666,1.0,0.2582486830770771,1.0,0.364639941312992,0.2450243514269038,0.3324853130558645,1.7140411836439324,0.28595881635606757,0.8570205918219662,,self-report; not geometry-derived layer count or success,0.36434420285165325,0.014682937346987727,0.7381801544721199,0.929689245113896,0.8884335845157796,1.1115664154842204,"GT source-group affine fits evaluated at x=y=0; may extrapolate, not physical layer count"
dual_g2_s912113_b4,old_multistart,/srv/slam-research/grf/map-denoise/runs/multiscan-pilot-v1/reassociation-v7-development-vbwoojgf/outputs/dual_g2_s912113_b4__local_multistart_b6_independent.npz,cce378f1c02e381eea6ae94c4a50fd024666798b403cf91684fb437a42d8657c,2.0,912113,4.0,,2,,,True,True,0.24464955408748557,0.3593384230204813,0.8778961309804963,0.9908854166666666,1.0,0.2582486830770771,1.0,0.364639941312992,0.2450243514269038,0.3324853130558645,1.7140411836439324,0.28595881635606757,0.8570205918219662,,self-report; not geometry-derived layer count or success,0.36434420285165325,0.014682937346987727,0.7381801544721199,0.929689245113896,0.8884335845157796,1.1115664154842204,"GT source-group affine fits evaluated at x=y=0; may extrapolate, not physical layer count"
dual_g2_s912127_b0,global_free_i12,/srv/slam-research/grf/map-denoise/runs/multiscan-pilot-v1/spatial-v11-development-zh54hd3y/outputs/dual_g2_s912127_b0__global_free_i12.npz,36a1adc1bdb49f497f1149ba908047325dfab142c23114a1f49f36c5b860f486,2.0,912127,0.0,2,2,0.027949958996032365,1.0,True,True,0.4618608406836428,0.5632652883990215,1.0684325840285773,0.9088541666666666,1.0,0.48111449697315195,1.0,0.6147722147678227,0.49213068255257153,0.5917650926588519,1.657467186235995,0.3425328137640049,0.8287335931179975,,self-report; not geometry-derived layer count or success,0.614542858149357,0.016791412929028925,0.5860790046708024,0.6037915679534213,1.0684347533475838,0.9315652466524162,"GT source-group affine fits evaluated at x=y=0; may extrapolate, not physical layer count"
dual_g2_s912127_b0,global_free_i36,/srv/slam-research/grf/map-denoise/runs/multiscan-pilot-v1/spatial-v11-development-zh54hd3y/outputs/dual_g2_s912127_b0__global_free_i36.npz,c96cc10f3f3d8a437654f8f64e0183de7737acba8ce64cc4aa52df3ba8b8d222,2.0,912127,0.0,2,2,0.07793322000361513,1.0,True,True,0.4576371949392013,0.5613725573995387,1.056496127054481,0.9075520833333334,1.0,0.47674094266789685,1.0,0.6132581711899194,0.4880422444206212,0.5917256396302356,1.6680955073912902,0.3319044926087098,0.8340477536956451,,self-report; not geometry-derived layer count or success,0.6131438431437498,0.011841120982287779,0.5612917899512438,0.5896111283275322,1.1107685526998727,0.8892314473001273,"GT source-group affine fits evaluated at x=y=0; may extrapolate, not physical layer count"
dual_g2_s912127_b0,spatial_free_i12,/srv/slam-research/grf/map-denoise/runs/multiscan-pilot-v1/spatial-v11-development-zh54hd3y/outputs/dual_g2_s912127_b0__spatial_free_i12.npz,134cb17a11894d91be96c43cc44b225806bf8bf1038e8caa3a46ec9575da14fe,2.0,912127,0.0,2,2,0.03945569400093518,1.0,True,True,0.11089208577180397,0.1885288082431831,0.21584051905387272,0.9921875,0.9947916666666666,0.11930089957311622,1.0,0.24616343173687946,0.12130875243847065,0.2448250687177806,2.021870911420271,0.02187091142027109,1.0109354557101355,,self-report; not geometry-derived layer count or success,0.24550431648527235,0.018001825229030058,0.26003037887033215,0.26051505310187445,2.2889598722616524,0.28895987226165243,"GT source-group affine fits evaluated at x=y=0; may extrapolate, not physical layer count"
dual_g2_s912127_b0,spatial_free_i36,/srv/slam-research/grf/map-denoise/runs/multiscan-pilot-v1/spatial-v11-development-zh54hd3y/outputs/dual_g2_s912127_b0__spatial_free_i36.npz,ddc278fc620587a83d8406f90e367cece4317a9c67ff125e8a5a25deb5240c6f,2.0,912127,0.0,2,2,0.10205557500012219,1.0,True,True,0.10516599796316668,0.14583020535786137,0.2144795898511738,0.9934895833333334,0.9947916666666666,0.11681077573463498,1.0,0.2149882539885257,0.11558266462983335,0.21264105483416432,2.029609167664224,0.029609167664224056,1.014804583832112,,self-report; not geometry-derived layer count or success,0.21364964902374364,0.023953639077726824,0.2806510952273051,0.3084777210224914,2.3298534425906468,0.32985344259064675,"GT source-group affine fits evaluated at x=y=0; may extrapolate, not physical layer count"
dual_g2_s912127_b0,spatial_fixed_i12,/srv/slam-research/grf/map-denoise/runs/multiscan-pilot-v1/spatial-v11-development-zh54hd3y/outputs/dual_g2_s912127_b0__spatial_fixed_i12.npz,6815370e57411f3dadbfa4b9d47535f8ad09ec500716ef8b66c70f8645a81e1b,2.0,912127,0.0,2,2,0.03362141900288407,1.0,True,True,0.07129180940609862,0.11986544222382954,0.14098944075450046,0.9947916666666666,1.0,0.07959704269662589,1.0,0.16890973349647936,0.07825741381697483,0.15031742286776445,1.8482447953391605,0.15175520466083947,0.9241223976695803,,self-report; not geometry-derived layer count or success,0.16791025472109872,0.01834787261094383,0.16879505932336933,0.1723004593618242,1.6820792698572946,0.3179207301427054,"GT source-group affine fits evaluated at x=y=0; may extrapolate, not physical layer count"
dual_g2_s912127_b0,spatial_fixed_i36,/srv/slam-research/grf/map-denoise/runs/multiscan-pilot-v1/spatial-v11-development-zh54hd3y/outputs/dual_g2_s912127_b0__spatial_fixed_i36.npz,98ba64acb81338957e53c8720792010d83f1b5d8a15c4aff8d8394f9becc9f58,2.0,912127,0.0,2,2,0.09151362799457274,1.0,True,True,0.07512073209631731,0.10505360509411106,0.13298497510125712,0.9934895833333334,1.0,0.08619386785385112,1.0,0.17232913309999104,0.08433422562997706,0.14959567826250997,1.832406832566765,0.16759316743323494,0.9162034162833825,,self-report; not geometry-derived layer count or success,0.1707589315114794,0.02321028703080406,0.16647885049180688,0.17940203776760613,1.6710499490007715,0.32895005099922847,"GT source-group affine fits evaluated at x=y=0; may extrapolate, not physical layer count"
dual_g2_s912127_b0,spatial_seed_i12,/srv/slam-research/grf/map-denoise/runs/multiscan-pilot-v1/spatial-v11-development-zh54hd3y/outputs/dual_g2_s912127_b0__spatial_seed_i12.npz,a0d5a5bb676424f4e25a26303dac84667e4311e6d38d1d3aac0ea98607a7deb5,2.0,912127,0.0,2,2,0.03813186900515575,1.0,True,True,0.11069130328442978,0.1884391404956806,0.2148755080751783,0.9921875,0.9947916666666666,0.11910667702237347,1.0,0.24609264650177642,0.12110796995109645,0.24476080853565882,2.0231233454617374,0.023123345461737443,1.0115616727308687,,self-report; not geometry-derived layer count or success,0.24546699405834846,0.01753697494458527,0.25910230299015347,0.25954921964841504,2.2890839688163904,0.2890839688163904,"GT source-group affine fits evaluated at x=y=0; may extrapolate, not physical layer count"
dual_g2_s912127_b0,spatial_seed_i36,/srv/slam-research/grf/map-denoise/runs/multiscan-pilot-v1/spatial-v11-development-zh54hd3y/outputs/dual_g2_s912127_b0__spatial_seed_i36.npz,db7ffb4c727c7929380277a57c70d19eec237316dbe8bcc97c4066f1df94e66a,2.0,912127,0.0,2,2,0.10385451900947373,1.0,True,True,0.10516599874331127,0.14583020559645568,0.21447959172608042,0.9934895833333334,0.9947916666666666,0.1168107764255049,1.0,0.21498825586604398,0.11558266540997793,0.2126410533542821,2.029609202363688,0.029609202363687803,1.014804601181844,,self-report; not geometry-derived layer count or success,0.21364964867174116,0.02395365906840035,0.2806510782242016,0.30847770670994035,2.329853461224196,0.3298534612241961,"GT source-group affine fits evaluated at x=y=0; may extrapolate, not physical layer count"
dual_g2_s912127_b0,old_original,/srv/slam-research/grf/map-denoise/runs/multiscan-pilot-v1/reassociation-v7-development-vbwoojgf/outputs/dual_g2_s912127_b0__original_b0_independent.npz,6505658d8ba69f3dbf29c7008c0f6fe0774be65cb661ac261d265d21ffcbecf5,2.0,912127,0.0,,2,,,True,True,0.22139923112874382,0.3511308100869952,0.7821729415186693,0.9830729166666666,1.0,0.226693769001676,1.0,0.365132360695308,0.22538167723778665,0.3442994570850598,1.752749617023774,0.24725038297622604,0.876374808511887,,self-report; not geometry-derived layer count or success,0.364767429077479,0.016320646774404434,0.4024996332719615,0.6673735800918538,1.2456315608932576,0.7543684391067424,"GT source-group affine fits evaluated at x=y=0; may extrapolate, not physical layer count"
dual_g2_s912127_b0,old_multistart,/srv/slam-research/grf/map-denoise/runs/multiscan-pilot-v1/reassociation-v7-development-vbwoojgf/outputs/dual_g2_s912127_b0__local_multistart_b6_independent.npz,67e01dc3580e6039554c804b1cd65fab431821b28c03f478ee56d2d0707cb54b,2.0,912127,0.0,,2,,,True,True,0.20563047948292937,0.36016582474351316,0.7209001040468873,0.97265625,0.9973958333333334,0.21463194095454388,1.0,0.3939924415863144,0.21704471096517908,0.38645654642834193,1.8481414511011494,0.15185854889885064,0.9240707255505747,,self-report; not geometry-derived layer count or success,0.39365426520744123,0.016320646774405468,0.22850065083067314,0.41544019870821214,1.6315125169615068,0.3684874830384932,"GT source-group affine fits evaluated at x=y=0; may extrapolate, not physical layer count"
dual_g2_s912127_b4,global_free_i12,/srv/slam-research/grf/map-denoise/runs/multiscan-pilot-v1/spatial-v11-development-zh54hd3y/outputs/dual_g2_s912127_b4__global_free_i12.npz,d7ccbb8ebbdb560537911bf2adceaf62b62fee508a10d20312270892540209cf,2.0,912127,4.0,2,2,0.02817310200771317,1.0,True,True,0.46189950133942737,0.5633852769915868,1.0689895429047818,0.9075520833333334,1.0,0.48866039838933584,1.0,0.6178753386904041,0.4921711435008665,0.5918877229573896,1.6574787603876753,0.3425212396123247,0.8287393801938376,,self-report; not geometry-derived layer count or success,0.6176511004472418,0.016644887446081523,0.5855801760297346,0.6032030398370317,1.068798591187461,0.9312014088125391,"GT source-group affine fits evaluated at x=y=0; may extrapolate, not physical layer count"
dual_g2_s912127_b4,global_free_i36,/srv/slam-research/grf/map-denoise/runs/multiscan-pilot-v1/spatial-v11-development-zh54hd3y/outputs/dual_g2_s912127_b4__global_free_i36.npz,1273c05337b2adbbf4192e878c0e685f5e4f1734b3b7b871d72f23324ab1dd73,2.0,912127,4.0,2,2,0.07812028400076088,1.0,True,True,0.4577077682285342,0.561470117976663,1.0582966812929608,0.9075520833333334,1.0,0.48450664807012306,1.0,0.6163891742009704,0.48814413583032684,0.5918669252425534,1.668089961735019,0.3319100382649811,0.8340449808675094,,self-report; not geometry-derived layer count or success,0.6162723140718568,0.012002040687854197,0.5608106914547902,0.5889943197943116,1.1110690158331287,0.8889309841668713,"GT source-group affine fits evaluated at x=y=0; may extrapolate, not physical layer count"
dual_g2_s912127_b4,spatial_free_i12,/srv/slam-research/grf/map-denoise/runs/multiscan-pilot-v1/spatial-v11-development-zh54hd3y/outputs/dual_g2_s912127_b4__spatial_free_i12.npz,80158b393a0ae15c260074bff227ff378a031e87efed7c5ce988abd13515bac9,2.0,912127,4.0,2,2,0.0374352279904997,1.0,True,True,0.10812655895367344,0.16839252810419697,0.21587059692108207,0.9921875,0.9947916666666666,0.1379584853476272,1.0,0.23891301007121907,0.11853837056715182,0.22922173658703043,2.0299900047423316,0.0299900047423316,1.0149950023711658,,self-report; not geometry-derived layer count or success,0.2379968205814395,0.020903104420552217,0.2658999473526133,0.2729475561957585,2.3073188473198574,0.30731884731985737,"GT source-group affine fits evaluated at x=y=0; may extrapolate, not physical layer count"
dual_g2_s912127_b4,spatial_free_i36,/srv/slam-research/grf/map-denoise/runs/multiscan-pilot-v1/spatial-v11-development-zh54hd3y/outputs/dual_g2_s912127_b4__spatial_free_i36.npz,bd7d8c5760c65009f2115dd9a618fd0116fb49692542b01f6066b30a32114f4b,2.0,912127,4.0,2,2,0.10294107400113717,1.0,True,True,0.10539455515720232,0.14609532753159374,0.21533488670659356,0.9934895833333334,0.9947916666666666,0.13606116728687304,1.0,0.22353285979598958,0.11580667916345518,0.21287431370464863,2.0292420223755157,0.029242022375515653,1.0146210111877578,,self-report; not geometry-derived layer count or success,0.22227949830903623,0.023638190287259303,0.281831929553342,0.30950394431910727,2.3306692668533433,0.3306692668533433,"GT source-group affine fits evaluated at x=y=0; may extrapolate, not physical layer count"
dual_g2_s912127_b4,spatial_fixed_i12,/srv/slam-research/grf/map-denoise/runs/multiscan-pilot-v1/spatial-v11-development-zh54hd3y/outputs/dual_g2_s912127_b4__spatial_fixed_i12.npz,bb822b9605bca6a7eaaefcc2031b485cc5bfe25dc654b74eecb2876cf50ececf,2.0,912127,4.0,2,2,0.03382981500180904,1.0,True,True,0.07140246887229589,0.11991669192923969,0.1410821150774412,0.9947916666666666,1.0,0.10299624930208147,1.0,0.17948672205320132,0.0783480776833244,0.15026182379399378,1.8478247898152105,0.15217521018478952,0.9239123949076052,,self-report; not geometry-derived layer count or success,0.17856793104122784,0.01813773406626135,0.168391404017991,0.1718271719309925,1.6820101152421485,0.3179898847578515,"GT source-group affine fits evaluated at x=y=0; may extrapolate, not physical layer count"
dual_g2_s912127_b4,spatial_fixed_i36,/srv/slam-research/grf/map-denoise/runs/multiscan-pilot-v1/spatial-v11-development-zh54hd3y/outputs/dual_g2_s912127_b4__spatial_fixed_i36.npz,53c4ac4599128827d4a89f631074d3e27975fe8c8f2718f71f43bc2bc7bca3c3,2.0,912127,4.0,2,2,0.09242411400191486,1.0,True,True,0.07527334166649974,0.10512449411394911,0.13293979342519294,0.9934895833333334,1.0,0.10788415225802635,1.0,0.18271169669116072,0.08447064480571838,0.14953754898477964,1.8319941471761714,0.16800585282382863,0.9159970735880857,,self-report; not geometry-derived layer count or success,0.18125431181633686,0.02303125171910613,0.16606421802457447,0.17891384101998525,1.6709793536023358,0.32902064639766415,"GT source-group affine fits evaluated at x=y=0; may extrapolate, not physical layer count"
dual_g2_s912127_b4,spatial_seed_i12,/srv/slam-research/grf/map-denoise/runs/multiscan-pilot-v1/spatial-v11-development-zh54hd3y/outputs/dual_g2_s912127_b4__spatial_seed_i12.npz,af780781c8bce141ee1eda00246f841d2df79d9a57381d76ce6920e2d999fad4,2.0,912127,4.0,2,2,0.03877861000364646,1.0,True,True,0.10792146471368953,0.1682745088412069,0.21477940284240088,0.9921875,0.9947916666666666,0.13779076464372728,1.0,0.23882776564909833,0.11833324213619478,0.22913576913542305,2.0312736645124216,0.03127366451242164,1.0156368322562108,,self-report; not geometry-derived layer count or success,0.2379525723550797,0.02042730903817693,0.264893398033703,0.27189911077252027,2.3074560684427228,0.3074560684427228,"GT source-group affine fits evaluated at x=y=0; may extrapolate, not physical layer count"
dual_g2_s912127_b4,spatial_seed_i36,/srv/slam-research/grf/map-denoise/runs/multiscan-pilot-v1/spatial-v11-development-zh54hd3y/outputs/dual_g2_s912127_b4__spatial_seed_i36.npz,eb111b53830b4698ca309c4fbbde43809dcbb9a5f4e35c55b7b973694dd718e5,2.0,912127,4.0,2,2,0.10379707100219093,1.0,True,True,0.10539455555289785,0.14609532754263874,0.21533488787918645,0.9934895833333334,0.9947916666666666,0.1360611676235485,1.0,0.22353286117242774,0.11580667955765393,0.2128743123648328,2.0292420512816043,0.029242051281604287,1.0146210256408021,,self-report; not geometry-derived layer count or success,0.22227949791024712,0.023638207053419007,0.281831914923809,0.30950393190205594,2.3306692818831407,0.3306692818831407,"GT source-group affine fits evaluated at x=y=0; may extrapolate, not physical layer count"
dual_g2_s912127_b4,old_original,/srv/slam-research/grf/map-denoise/runs/multiscan-pilot-v1/reassociation-v7-development-vbwoojgf/outputs/dual_g2_s912127_b4__original_b0_independent.npz,3c64ce0f48b8f141e6587a9d1da3da8eb647091cfa0da7c118165d08df93f48b,2.0,912127,4.0,,2,,,True,True,0.19997862699138846,0.32722814364805725,0.7799516353973678,0.9830729166666666,0.9986979166666666,0.2220130086512937,1.0,0.34979479916728823,0.204289919493601,0.3227063761931105,1.7550124953096582,0.2449875046903418,0.8775062476548291,,self-report; not geometry-derived layer count or success,0.3494229962774519,0.016123622327855105,0.3946972593913916,0.6560992521291167,1.2558908362851966,0.7441091637148034,"GT source-group affine fits evaluated at x=y=0; may extrapolate, not physical layer count"
dual_g2_s912127_b4,old_multistart,/srv/slam-research/grf/map-denoise/runs/multiscan-pilot-v1/reassociation-v7-development-vbwoojgf/outputs/dual_g2_s912127_b4__local_multistart_b6_independent.npz,acd7429a5a7cfb1310b511583f474ce58114c838832c5682a5ceb0162e1fcee1,2.0,912127,4.0,,2,,,True,True,0.1956397021379248,0.33215948392398603,0.678007052667432,0.9713541666666666,0.9947916666666666,0.22409572655426394,1.0,0.38490125444929907,0.21023737264394382,0.3727185769767843,1.8526345321311977,0.14736546786880234,0.9263172660655988,,self-report; not geometry-derived layer count or success,0.38456612032383447,0.0160584798694699,0.22123177329478647,0.4036605423063027,1.6499635138212627,0.3500364861787373,"GT source-group affine fits evaluated at x=y=0; may extrapolate, not physical layer count"
dual_g4_s912101_b0,global_free_i12,/srv/slam-research/grf/map-denoise/runs/multiscan-pilot-v1/spatial-v11-development-zh54hd3y/outputs/dual_g4_s912101_b0__global_free_i12.npz,2a3e550fd167b97a8cda45a10d905d324b10b8702f4ed6df964acf07986ac40b,4.0,912101,0.0,2,2,0.028314826005953364,0.921875,True,True,0.7326544214695017,0.9182569869673519,1.836657069122909,0.7630208333333334,0.9830729166666666,0.6988251998444269,1.0,0.9390463850061349,0.7423034030110139,0.9079642541048383,3.512297135105377,0.4877028648946231,0.8780742837763442,,self-report; not geometry-derived layer count or success,0.9382915752797019,0.03764349814012696,1.1597050641481121,1.267212678273944,2.2678469589307477,1.7321530410692523,"GT source-group affine fits evaluated at x=y=0; may extrapolate, not physical layer count"
dual_g4_s912101_b0,global_free_i36,/srv/slam-research/grf/map-denoise/runs/multiscan-pilot-v1/spatial-v11-development-zh54hd3y/outputs/dual_g4_s912101_b0__global_free_i36.npz,0d50ee9f5d2c0b46601c1d7cd2f162efafa9e77cff42ee7bd6b904233ad81104,4.0,912101,0.0,2,2,0.0780791750003118,0.921875,True,True,0.7320426018208214,0.9171727206421775,1.8471681464258074,0.765625,0.9817708333333334,0.6989719348840563,1.0,0.9386574281359665,0.7420065416403897,0.9081674841095744,3.5183216004696267,0.4816783995303733,0.8795804001174067,,self-report; not geometry-derived layer count or success,0.9377556845584706,0.041134456032640244,1.1621898200010303,1.2857306368623742,2.263790698958397,1.7362093010416029,"GT source-group affine fits evaluated at x=y=0; may extrapolate, not physical layer count"
dual_g4_s912101_b0,spatial_free_i12,/srv/slam-research/grf/map-denoise/runs/multiscan-pilot-v1/spatial-v11-development-zh54hd3y/outputs/dual_g4_s912101_b0__spatial_free_i12.npz,c364fd2f585fa8751bc7cb4e65451d1d7708b47e851c6caca7d03edadb65c3d6,4.0,912101,0.0,2,2,0.036878454993711784,0.921875,True,True,0.0932796725578765,0.23274789870772633,0.29704572858201334,0.9921875,0.9986979166666666,0.08881938997949677,1.0,0.23821899123489712,0.09391874762632692,0.23294019660942478,3.9475417653249396,0.05245823467506039,0.9868854413312349,,self-report; not geometry-derived layer count or success,0.23436969176082284,0.042651323178875586,0.10385412844299173,0.15922881875906583,3.8412158248985024,0.15878417510149756,"GT source-group affine fits evaluated at x=y=0; may extrapolate, not physical layer count"
dual_g4_s912101_b0,spatial_free_i36,/srv/slam-research/grf/map-denoise/runs/multiscan-pilot-v1/spatial-v11-development-zh54hd3y/outputs/dual_g4_s912101_b0__spatial_free_i36.npz,10a4b12e88b462c256aa2cebc9faa593816d8f1fb6255fbfdf8823eaa6549d54,4.0,912101,0.0,2,2,0.10315455000090878,0.921875,True,True,0.09235499861677599,0.23245490993783002,0.29704572858201334,0.9921875,0.9986979166666666,0.0878938894247699,1.0,0.23793273916449612,0.09299407368522639,0.23278401467688037,3.9474228899792294,0.05257711002077059,0.9868557224948074,,self-report; not geometry-derived layer count or success,0.23422073546530067,0.04186448906189791,0.10270143823726587,0.15728818590818583,3.841028279290939,0.15897172070906107,"GT source-group affine fits evaluated at x=y=0; may extrapolate, not physical layer count"
dual_g4_s912101_b0,spatial_fixed_i12,/srv/slam-research/grf/map-denoise/runs/multiscan-pilot-v1/spatial-v11-development-zh54hd3y/outputs/dual_g4_s912101_b0__spatial_fixed_i12.npz,31d4fee0d50f408c15a91ac19bf1f08ce11a1ef6c6306c7a55827d9d5da6cfee,4.0,912101,0.0,2,2,0.03455230899271555,0.921875,True,True,0.12525105013429885,0.24419046114753892,0.29704572858201334,0.9921875,0.9986979166666666,0.12075804549681317,1.0,0.2494114649222645,0.1258901252027492,0.23459396936170504,3.856927680610627,0.14307231938937282,0.9642319201526568,,self-report; not geometry-derived layer count or success,0.24468834834289588,0.048308291419751105,0.31121426930706925,0.3577224648380924,3.522372300741861,0.47762769925813897,"GT source-group affine fits evaluated at x=y=0; may extrapolate, not physical layer count"
dual_g4_s912101_b0,spatial_fixed_i36,/srv/slam-research/grf/map-denoise/runs/multiscan-pilot-v1/spatial-v11-development-zh54hd3y/outputs/dual_g4_s912101_b0__spatial_fixed_i36.npz,ed343cede123e4f4cd5847d420be5331872dea05eac1721d14bf07621958be6f,4.0,912101,0.0,2,2,0.09347490398795344,0.921875,True,True,0.12468868625393155,0.2439114147524842,0.29704572858201334,0.9921875,0.9986979166666666,0.12019245406022695,1.0,0.2491382651202314,0.1253277613223819,0.23444579930842663,3.856884049241141,0.14311595075885908,0.9642210123102852,,self-report; not geometry-derived layer count or success,0.24455230179134907,0.047582001173465165,0.3106097775033317,0.3570881560194748,3.522424188343048,0.4775758116569522,"GT source-group affine fits evaluated at x=y=0; may extrapolate, not physical layer count"
dual_g4_s912101_b0,spatial_seed_i12,/srv/slam-research/grf/map-denoise/runs/multiscan-pilot-v1/spatial-v11-development-zh54hd3y/outputs/dual_g4_s912101_b0__spatial_seed_i12.npz,004a83c67ecc7611dd54684e556535e8fbf81519c0916a5247685b44cfd98cc0,4.0,912101,0.0,2,2,0.03909771800681483,0.921875,True,True,0.09661102034722717,0.23387018637070525,0.29704572858201334,0.9908854166666666,0.9986979166666666,0.094071934290705,1.0,0.2784065620812965,0.10230969053962946,0.27388822914977756,3.9396327430895766,0.06036725691042344,0.9849081857723941,,self-report; not geometry-derived layer count or success,0.27548619719050355,0.04021901251201696,0.12369997621424293,0.16737172976832776,3.8233195229753996,0.17668047702460044,"GT source-group affine fits evaluated at x=y=0; may extrapolate, not physical layer count"
dual_g4_s912101_b0,spatial_seed_i36,/srv/slam-research/grf/map-denoise/runs/multiscan-pilot-v1/spatial-v11-development-zh54hd3y/outputs/dual_g4_s912101_b0__spatial_seed_i36.npz,336bf51856ffa263d485cce87fc3cc70327d923b3870ad43bfe5cf6b56b2b0b9,4.0,912101,0.0,2,2,0.1046849470003508,0.921875,True,True,0.09235500654275712,0.2324549124139573,0.29704572858201334,0.9921875,0.9986979166666666,0.08789389735289492,1.0,0.23793274158361916,0.09299408161120752,0.23278401597702558,3.947422890883986,0.052577109116013876,0.9868557227209965,,self-report; not geometry-derived layer count or success,0.2342207367096777,0.041864495848787375,0.10270144749272007,0.1572882022056967,3.8410282810114604,0.15897171898853957,"GT source-group affine fits evaluated at x=y=0; may extrapolate, not physical layer count"
dual_g4_s912101_b0,old_original,/srv/slam-research/grf/map-denoise/runs/multiscan-pilot-v1/reassociation-v7-development-vbwoojgf/outputs/dual_g4_s912101_b0__original_b0_independent.npz,7963a2c1e8eeef827fd65583b9e561bb262355e0e93c19583076912d1b5a1b98,4.0,912101,0.0,,2,,,True,True,0.27401357331197074,0.4981743276956096,1.1263671348618052,0.9466145833333334,0.9869791666666666,0.27121744955039195,1.0,0.5243973453573241,0.280531470765593,0.514473747038019,3.811240715243759,0.18875928475624093,0.9528101788109398,,self-report; not geometry-derived layer count or success,0.522578525777236,0.043637830082386954,0.3762185849515909,0.39337562172175156,3.4163846548627306,0.5836153451372694,"GT source-group affine fits evaluated at x=y=0; may extrapolate, not physical layer count"
dual_g4_s912101_b0,old_multistart,/srv/slam-research/grf/map-denoise/runs/multiscan-pilot-v1/reassociation-v7-development-vbwoojgf/outputs/dual_g4_s912101_b0__local_multistart_b6_independent.npz,d98682cbc51b8def86c2e6310dc7601462a7de28d3d3bcae1a2ceccfeb466b60,4.0,912101,0.0,,2,,,True,True,0.26218201832776167,0.438183713971044,0.988860949851872,0.9557291666666666,0.99609375,0.25712714893721306,1.0,0.47143989426069893,0.2697402783684577,0.46713780937298444,3.9204604730478283,0.0795395269521717,0.9801151182619571,,self-report; not geometry-derived layer count or success,0.46874743930533297,0.05031313988643755,0.13879492670905472,0.1712236891334264,3.8700593489980366,0.1299406510019634,"GT source-group affine fits evaluated at x=y=0; may extrapolate, not physical layer count"
dual_g4_s912101_b4,global_free_i12,/srv/slam-research/grf/map-denoise/runs/multiscan-pilot-v1/spatial-v11-development-zh54hd3y/outputs/dual_g4_s912101_b4__global_free_i12.npz,28fb5f6740c2fac808e1ac66b479761d59ac53e64bce5c1f751f990c4d28f442,4.0,912101,4.0,2,2,0.028242487998795696,0.921875,True,True,0.8833204156260672,1.2403705615064944,2.2071759048824253,0.7044270833333334,0.9361979166666666,0.8240585153496336,1.0,1.3805085446263976,0.9571362766372,1.3647538759087354,3.5982209754783696,0.4017790245216304,0.8995552438695924,,self-report; not geometry-derived layer count or success,1.3787190987127373,0.07026726571620862,1.0044977585546189,1.1082968677285308,2.5177768687905835,1.4822231312094165,"GT source-group affine fits evaluated at x=y=0; may extrapolate, not physical layer count"
dual_g4_s912101_b4,global_free_i36,/srv/slam-research/grf/map-denoise/runs/multiscan-pilot-v1/spatial-v11-development-zh54hd3y/outputs/dual_g4_s912101_b4__global_free_i36.npz,06edfdf526d43fbf6824c50501457212d1db66a4beaedb50f3fcaa41a976e64a,4.0,912101,4.0,2,2,0.07897050199972,0.921875,True,True,0.8827071618141024,1.2395635877103586,2.2714286641179706,0.70703125,0.9348958333333334,0.8242860495273203,1.0,1.3802410507782832,0.9568386018679332,1.3647140551965993,3.6042459418163713,0.39575405818362874,0.9010614854540928,,self-report; not geometry-derived layer count or success,1.378269670593511,0.07374329376692142,1.0110612307518403,1.128316510126077,2.5137598037521034,1.4862401962478966,"GT source-group affine fits evaluated at x=y=0; may extrapolate, not physical layer count"
dual_g4_s912101_b4,spatial_free_i12,/srv/slam-research/grf/map-denoise/runs/multiscan-pilot-v1/spatial-v11-development-zh54hd3y/outputs/dual_g4_s912101_b4__spatial_free_i12.npz,2f8403084e31e2b9934ff6c60df05c3e649eee767e54c05a9b87e4ab259a3140,4.0,912101,4.0,2,2,0.03682996200222988,0.921875,True,True,0.24391326377846193,0.865723838710506,1.648502213541618,0.9401041666666666,0.9661458333333334,0.19557713519315803,1.0,1.0395733474465372,0.30871424568657574,1.0365551863966909,4.033495207195772,0.033495207195771926,1.008373801798943,,self-report; not geometry-derived layer count or success,1.036843375679341,0.07528983351733738,0.1273321971367701,0.18002405218823422,4.091229847481777,0.09122984748177743,"GT source-group affine fits evaluated at x=y=0; may extrapolate, not physical layer count"
dual_g4_s912101_b4,spatial_free_i36,/srv/slam-research/grf/map-denoise/runs/multiscan-pilot-v1/spatial-v11-development-zh54hd3y/outputs/dual_g4_s912101_b4__spatial_free_i36.npz,927c87003b6024224f09a93d3fdbe5d9af5584015be966d196ffc89404fa82cc,4.0,912101,4.0,2,2,0.10316628500004299,0.921875,True,True,0.24297851105109913,0.8656442932945773,1.648502213541618,0.9401041666666666,0.9661458333333334,0.19467410511837635,1.0,1.0395071023441522,0.307779492959213,1.0365471403091397,4.033375245131812,0.033375245131812115,1.008343811282953,,self-report; not geometry-derived layer count or success,1.0368344188211753,0.07449432039888343,0.1250462565933692,0.17739529252823233,4.091042320323531,0.0910423203235311,"GT source-group affine fits evaluated at x=y=0; may extrapolate, not physical layer count"
dual_g4_s912101_b4,spatial_fixed_i12,/srv/slam-research/grf/map-denoise/runs/multiscan-pilot-v1/spatial-v11-development-zh54hd3y/outputs/dual_g4_s912101_b4__spatial_fixed_i12.npz,3db739fdf41af4c8caf8a41d7109675ebe7c7f01370db410a95aa873a356cda5,4.0,912101,4.0,2,2,0.03402040600485634,0.921875,True,True,0.27589291159043333,0.8688701908895011,1.648502213541618,0.9401041666666666,0.9661458333333334,0.22625498713511671,1.0,1.042195272245905,0.3406938934985471,1.0385161325590406,3.9428747834276594,0.0571252165723406,0.9857186958569149,,self-report; not geometry-derived layer count or success,1.039046590677071,0.08095163923029154,0.19756176697266692,0.20304598954563965,3.7723708635599964,0.2276291364400036,"GT source-group affine fits evaluated at x=y=0; may extrapolate, not physical layer count"
dual_g4_s912101_b4,spatial_fixed_i36,/srv/slam-research/grf/map-denoise/runs/multiscan-pilot-v1/spatial-v11-development-zh54hd3y/outputs/dual_g4_s912101_b4__spatial_fixed_i36.npz,bb492645fa84df8c77e110daeb82551b4f4e499f053b07e7461cfeb7fb725f96,4.0,912101,4.0,2,2,0.09059298799547832,0.921875,True,True,0.2753237273364041,0.8687907983513864,1.648502213541618,0.9401041666666666,0.9661458333333334,0.22569007915651765,1.0,1.0421290810528685,0.3401247092445179,1.0385062279925872,3.942830041513194,0.05716995848680595,0.9857075103782985,,self-report; not geometry-derived layer count or success,1.0390372676747206,0.08021582112742691,0.19594328845456174,0.20037805895274868,3.7724233576014474,0.22757664239855258,"GT source-group affine fits evaluated at x=y=0; may extrapolate, not physical layer count"
dual_g4_s912101_b4,spatial_seed_i12,/srv/slam-research/grf/map-denoise/runs/multiscan-pilot-v1/spatial-v11-development-zh54hd3y/outputs/dual_g4_s912101_b4__spatial_seed_i12.npz,fd9ea2779c0b83761f5cc28cd7380fbcb31b0db6f02e44b48987e19dd6cf5953,4.0,912101,4.0,2,2,0.038686785992467776,0.921875,True,True,0.2472690132339066,0.8660284373060472,1.648502213541618,0.9388020833333334,0.9661458333333334,0.20077362059521783,1.0,1.0495138768013188,0.3171295061928507,1.0467471109679436,4.025589573767266,0.025589573767265783,1.0063973934418164,,self-report; not geometry-derived layer count or success,1.0469805260338154,0.07287767631098532,0.11106727558992126,0.1494012216163464,4.073330907216511,0.07333090721651114,"GT source-group affine fits evaluated at x=y=0; may extrapolate, not physical layer count"
dual_g4_s912101_b4,spatial_seed_i36,/srv/slam-research/grf/map-denoise/runs/multiscan-pilot-v1/spatial-v11-development-zh54hd3y/outputs/dual_g4_s912101_b4__spatial_seed_i36.npz,4cf77e7a356c6584686120edf7e78806c41af0879e1bfac412c637c675b94757,4.0,912101,4.0,2,2,0.1062204119953094,0.921875,True,True,0.24297851934190762,0.865644293989581,1.648502213541618,0.9401041666666666,0.9661458333333334,0.19467411312691948,1.0,1.0395071029229406,0.30777950125002146,1.0365471403721414,4.033375246076125,0.03337524607612519,1.0083438115190313,,self-report; not geometry-derived layer count or success,1.036834418891336,0.07449432749888323,0.12504627663460305,0.17739531593329494,4.091042322101661,0.09104232210166074,"GT source-group affine fits evaluated at x=y=0; may extrapolate, not physical layer count"
dual_g4_s912101_b4,old_original,/srv/slam-research/grf/map-denoise/runs/multiscan-pilot-v1/reassociation-v7-development-vbwoojgf/outputs/dual_g4_s912101_b4__original_b0_independent.npz,c850e567b58d4c5ad589561f79549e09b4ff6635a0eb6911bad8c180a7d5dadf,4.0,912101,4.0,,2,,,True,True,0.4246613018237249,0.9713639465425354,1.8675065434859126,0.8919270833333334,0.9466145833333334,0.38455932234824614,1.0,1.139711249362274,0.49532458827529374,1.1359137449609082,3.8971760445404673,0.10282395545953271,0.9742940111351168,,self-report; not geometry-derived layer count or success,1.1371551008531642,0.0762889803742718,0.271473249009434,0.2862585652205289,3.666621441771583,0.333378558228417,"GT source-group affine fits evaluated at x=y=0; may extrapolate, not physical layer count"
dual_g4_s912101_b4,old_multistart,/srv/slam-research/grf/map-denoise/runs/multiscan-pilot-v1/reassociation-v7-development-vbwoojgf/outputs/dual_g4_s912101_b4__local_multistart_b6_independent.npz,e34ad1e6886dd44275123a9e0a9a299e1bd7ea148a42a22b37f7e99dca1ed888,4.0,912101,4.0,,2,,,True,True,0.41269582598424276,0.9417897868515764,1.7852825323296433,0.90234375,0.9583333333333334,0.36703508333095874,1.0,1.116247325921823,0.4844492927572885,1.1130047450430434,4.0050696728097765,0.005069672809776549,1.0012674182024441,,self-report; not geometry-derived layer count or success,1.1131550972736282,0.08302904336050115,0.15512487004589393,0.1673043607807856,4.11454241437809,0.11454241437809021,"GT source-group affine fits evaluated at x=y=0; may extrapolate, not physical layer count"
dual_g4_s912113_b0,global_free_i12,/srv/slam-research/grf/map-denoise/runs/multiscan-pilot-v1/spatial-v11-development-zh54hd3y/outputs/dual_g4_s912113_b0__global_free_i12.npz,a1234b8b8f09aabadcf7186fb5d335d8bf6c30cafbd120fc8e3fda0e711822cb,4.0,912113,0.0,2,2,0.02825853599642869,0.9088541666666666,True,True,0.6991388689237507,0.8693457127902358,1.8153561613677962,0.8098958333333334,0.9778645833333334,0.6712089605125634,1.0,0.8960839659476946,0.7109183004734341,0.8720885200553791,3.5916128105562453,0.40838718944375474,0.8979032026390613,,self-report; not geometry-derived layer count or success,0.8946351727134766,0.05093507408924458,1.3950421685586942,1.7662708926319675,1.9724276389257411,2.0275723610742586,"GT source-group affine fits evaluated at x=y=0; may extrapolate, not physical layer count"
dual_g4_s912113_b0,global_free_i36,/srv/slam-research/grf/map-denoise/runs/multiscan-pilot-v1/spatial-v11-development-zh54hd3y/outputs/dual_g4_s912113_b0__global_free_i36.npz,c8a69b832109f9feae27ebce5a7c9dcc787abeb8eb5ccc4ff2c7763e4cfd50ba,4.0,912113,0.0,2,2,0.07592345999728423,0.9088541666666666,True,True,0.6960809394340686,0.8679005471395774,1.800139797175076,0.8125,0.9778645833333334,0.6681001295776451,1.0,0.8930366918540235,0.707124928531839,0.8685678114924442,3.586054879064303,0.413945120935697,0.8965137197660757,,self-report; not geometry-derived layer count or success,0.8918146966821732,0.04670203185367119,1.3959016523813308,1.781555351463577,1.9610307421816706,2.038969257818329,"GT source-group affine fits evaluated at x=y=0; may extrapolate, not physical layer count"
dual_g4_s912113_b0,spatial_free_i12,/srv/slam-research/grf/map-denoise/runs/multiscan-pilot-v1/spatial-v11-development-zh54hd3y/outputs/dual_g4_s912113_b0__spatial_free_i12.npz,d8490d62329cd77b8905f323d954919f9bc1f76163333bfe860dd60846a859a6,4.0,912113,0.0,2,2,0.03660293700522743,0.9088541666666666,True,True,0.1250667322583743,0.2795406698324175,0.5096194142526427,0.9856770833333334,0.9986979166666666,0.122621960356371,1.0,0.2797421855493193,0.12506673172624333,0.27568819151128443,3.9496662637777686,0.05033373622223136,0.9874165659444422,,self-report; not geometry-derived layer count or success,0.27698447059453335,0.039182820538801,0.37528999249303285,0.3976258406205927,3.5727778793908755,0.42722212060912446,"GT source-group affine fits evaluated at x=y=0; may extrapolate, not physical layer count"
dual_g4_s912113_b0,spatial_free_i36,/srv/slam-research/grf/map-denoise/runs/multiscan-pilot-v1/spatial-v11-development-zh54hd3y/outputs/dual_g4_s912113_b0__spatial_free_i36.npz,bf846bdab3ab8e1653e56763f8cdb8f27ba1b3582d2120205a97515af26f1cad,4.0,912113,0.0,2,2,0.10314579999248963,0.9088541666666666,True,True,0.12505681834153604,0.27953799505543314,0.5096194142526427,0.9856770833333334,0.9986979166666666,0.12261210452900768,1.0,0.2797395124062057,0.12505681780943198,0.2756865599107087,3.949654860843288,0.050345139156712015,0.987413715210822,,self-report; not geometry-derived layer count or success,0.2769833403369352,0.03917172420324701,0.3752716107024616,0.397605107441145,3.572780712169911,0.4272192878300891,"GT source-group affine fits evaluated at x=y=0; may extrapolate, not physical layer count"
dual_g4_s912113_b0,spatial_fixed_i12,/srv/slam-research/grf/map-denoise/runs/multiscan-pilot-v1/spatial-v11-development-zh54hd3y/outputs/dual_g4_s912113_b0__spatial_fixed_i12.npz,5f84e697e5261395a77aeea16d2c197165b9c020b8072de55ba1f9de61dfa9a1,4.0,912113,0.0,2,2,0.03411538200452924,0.9088541666666666,True,True,0.18760517776930677,0.30882325472559846,0.5096194142526427,0.9856770833333334,0.9986979166666666,0.18501677450513498,1.0,0.3090093107361128,0.18760517776930682,0.29959856100205595,3.8568255256840684,0.14317447431593155,0.9642063814210171,,self-report; not geometry-derived layer count or success,0.30783037936676827,0.026966862266845918,0.6013441688614011,0.6034303077585127,3.227651455152455,0.7723485448475449,"GT source-group affine fits evaluated at x=y=0; may extrapolate, not physical layer count"
dual_g4_s912113_b0,spatial_fixed_i36,/srv/slam-research/grf/map-denoise/runs/multiscan-pilot-v1/spatial-v11-development-zh54hd3y/outputs/dual_g4_s912113_b0__spatial_fixed_i36.npz,8ab13ce130ba09c429b5d9aeb98022b8aaf91dfba220908ce8df487cf287ed86,4.0,912113,0.0,2,2,0.09173803900193889,0.9088541666666666,True,True,0.1876042171568052,0.308822704690475,0.5096194142526427,0.9856770833333334,0.9986979166666666,0.1850157813249651,1.0,0.3090087609739018,0.18760421715680523,0.2995978768799037,3.8568219596858455,0.1431780403141545,0.9642054899214614,,self-report; not geometry-derived layer count or success,0.30783010877254147,0.02696365130525233,0.6013403020022483,0.6034259909487716,3.227650951371965,0.7723490486280351,"GT source-group affine fits evaluated at x=y=0; may extrapolate, not physical layer count"
dual_g4_s912113_b0,spatial_seed_i12,/srv/slam-research/grf/map-denoise/runs/multiscan-pilot-v1/spatial-v11-development-zh54hd3y/outputs/dual_g4_s912113_b0__spatial_seed_i12.npz,ee25e1846bc9ec7a833e9d8c4c0e6791a30f37707873c665a8e2e8a5219736dd,4.0,912113,0.0,2,2,0.03824940900085494,0.9088541666666666,True,True,0.1257539300981472,0.27973487886214,0.5096194142526427,0.9856770833333334,0.9986979166666666,0.12330162920202294,1.0,0.27993627199354826,0.1257539295902854,0.27588720596509697,3.950207482253951,0.0497925177460492,0.9875518705634877,,self-report; not geometry-derived layer count or success,0.27715927301213256,0.03933260430014778,0.37733830654883066,0.3997092313857917,3.5713060837355246,0.4286939162644754,"GT source-group affine fits evaluated at x=y=0; may extrapolate, not physical layer count"
dual_g4_s912113_b0,spatial_seed_i36,/srv/slam-research/grf/map-denoise/runs/multiscan-pilot-v1/spatial-v11-development-zh54hd3y/outputs/dual_g4_s912113_b0__spatial_seed_i36.npz,482642484ce75ebe2ce7bf004ca7e2f1c84fbe4f247506f8b12046e30cc774e1,4.0,912113,0.0,2,2,0.10454720800044015,0.9088541666666666,True,True,0.12505681834156065,0.2795379950554398,0.5096194142526427,0.9856770833333334,0.9986979166666666,0.12261210452903219,1.0,0.2797395124062123,0.1250568178094566,0.2756865599107128,3.9496548608433164,0.050345139156683594,0.9874137152108291,,self-report; not geometry-derived layer count or success,0.27698334033693806,0.03917172420327426,0.3752716107025103,0.39760510744120153,3.5727807121699042,0.4272192878300958,"GT source-group affine fits evaluated at x=y=0; may extrapolate, not physical layer count"
dual_g4_s912113_b0,old_original,/srv/slam-research/grf/map-denoise/runs/multiscan-pilot-v1/reassociation-v7-development-vbwoojgf/outputs/dual_g4_s912113_b0__original_b0_independent.npz,39fb3c39bfa1e251455627eea4925b5214834850ba33ee072a3bb89694bb995e,4.0,912113,0.0,,2,,,True,True,0.24306332323281177,0.4348030247887259,1.064857647797532,0.9557291666666666,0.9973958333333334,0.2358503037430614,1.0,0.45892629745781643,0.2484286146744399,0.4561632971608329,3.9030630474238417,0.09693695257615831,0.9757657618559604,,self-report; not geometry-derived layer count or success,0.4587187427949465,0.013800779215823513,0.5451403992145644,0.7016872675081537,3.2932634947271593,0.7067365052728407,"GT source-group affine fits evaluated at x=y=0; may extrapolate, not physical layer count"
dual_g4_s912113_b0,old_multistart,/srv/slam-research/grf/map-denoise/runs/multiscan-pilot-v1/reassociation-v7-development-vbwoojgf/outputs/dual_g4_s912113_b0__local_multistart_b6_independent.npz,04fc5ce84a8332fe8e394620ccc62f491f3d7ac1f0dced7fcc7cc7ae463d282b,4.0,912113,0.0,,2,,,True,True,0.21115215560743072,0.38538715117391453,0.8644024757314949,0.9700520833333334,0.9973958333333334,0.20598100133764796,1.0,0.39774500110148076,0.21354604401524582,0.3962985991782626,3.9389000201881443,0.061099979811855665,0.9847250050470361,,self-report; not geometry-derived layer count or success,0.39754793006691336,0.012519153355140594,0.42573816800089775,0.5695729528322174,3.4597988526801253,0.5402011473198747,"GT source-group affine fits evaluated at x=y=0; may extrapolate, not physical layer count"
dual_g4_s912113_b4,global_free_i12,/srv/slam-research/grf/map-denoise/runs/multiscan-pilot-v1/spatial-v11-development-zh54hd3y/outputs/dual_g4_s912113_b4__global_free_i12.npz,d9ff8b303f688424628c3dc1f49cd27f8b50506d073cba6ad0a3bd1fb3a0f723,4.0,912113,4.0,2,2,0.028419859998393804,0.9114583333333334,True,True,0.8795759096695116,1.3111401069493671,2.343589838285697,0.7643229166666666,0.9309895833333334,0.7881381217461197,1.0,1.620507979008714,0.9967260856889949,1.6062246309100177,3.585239863405317,0.4147601365946829,0.8963099658513293,,self-report; not geometry-derived layer count or success,1.6194460496003407,0.05865664893903648,1.4391824578860246,1.7768239301461513,1.9345374704877836,2.0654625295122164,"GT source-group affine fits evaluated at x=y=0; may extrapolate, not physical layer count"
dual_g4_s912113_b4,global_free_i36,/srv/slam-research/grf/map-denoise/runs/multiscan-pilot-v1/spatial-v11-development-zh54hd3y/outputs/dual_g4_s912113_b4__global_free_i36.npz,21482832647fe610b05f3772536675f4b8d66732781cca93adefcc80c86c2702,4.0,912113,4.0,2,2,0.08163078900543042,0.9114583333333334,True,True,0.8710467032760271,1.3045833820716428,2.344036894502196,0.76953125,0.93359375,0.7801900908129897,1.0,1.6143044370805355,0.9874646382596669,1.5997367386250914,3.5822871119214144,0.41771288807858564,0.8955717779803536,,self-report; not geometry-derived layer count or success,1.61319670642332,0.059792992589916,1.414540210275763,1.7518753557485909,1.9569649298341663,2.0430350701658337,"GT source-group affine fits evaluated at x=y=0; may extrapolate, not physical layer count"
dual_g4_s912113_b4,spatial_free_i12,/srv/slam-research/grf/map-denoise/runs/multiscan-pilot-v1/spatial-v11-development-zh54hd3y/outputs/dual_g4_s912113_b4__spatial_free_i12.npz,1be8d4d95e7d01a6d37933a29ac8de9833195782db7103f8584e58bf1ea78fc6,4.0,912113,4.0,2,2,0.03712453799380455,0.9114583333333334,True,True,0.3016117560702247,1.0177865249324018,1.5359296473547206,0.9453125,0.96875,0.22022127772832012,1.0,1.3768031748043672,0.4069312254951099,1.3749041131394844,3.933246209891358,0.06675379010864191,0.9833115524728395,,self-report; not geometry-derived layer count or success,1.3759109710004964,0.049557865489306914,0.41367146512136016,0.4370088907861627,3.5192484684657064,0.4807515315342936,"GT source-group affine fits evaluated at x=y=0; may extrapolate, not physical layer count"
dual_g4_s912113_b4,spatial_free_i36,/srv/slam-research/grf/map-denoise/runs/multiscan-pilot-v1/spatial-v11-development-zh54hd3y/outputs/dual_g4_s912113_b4__spatial_free_i36.npz,114c755f0fbcc257f79646546c0011b1fed50d9aa4ea0a8f5481a679080e4ba2,4.0,912113,4.0,2,2,0.1023641409992706,0.9114583333333334,True,True,0.30160195406789886,1.0177858063755438,1.5359296473547206,0.9453125,0.96875,0.2202124405159546,1.0,1.3768026430662228,0.40692142349901367,1.3749038457808285,3.9332353800510536,0.06676461994894645,0.9833088450127634,,self-report; not geometry-derived layer count or success,1.3759108285435306,0.04954704684228198,0.41365645203011664,0.43698961447321494,3.5192526602472345,0.4807473397527655,"GT source-group affine fits evaluated at x=y=0; may extrapolate, not physical layer count"
dual_g4_s912113_b4,spatial_fixed_i12,/srv/slam-research/grf/map-denoise/runs/multiscan-pilot-v1/spatial-v11-development-zh54hd3y/outputs/dual_g4_s912113_b4__spatial_fixed_i12.npz,c2091b83a730ee24995eeab1555a67fe81af3d1618d83acdc647dc327461af0e,4.0,912113,4.0,2,2,0.03384663799079135,0.9114583333333334,True,True,0.3649244197544345,1.0263301824637736,1.5359296473547206,0.9427083333333334,0.9674479166666666,0.2810549669340248,1.0,1.3831313637917766,0.4702449717091097,1.3797659418771389,3.839539141574979,0.1604608584250209,0.9598847853937448,,self-report; not geometry-derived layer count or success,1.3826058988239713,0.038122146341179074,0.640827752095098,0.6480232031949801,3.1734977389137278,0.8265022610862722,"GT source-group affine fits evaluated at x=y=0; may extrapolate, not physical layer count"
dual_g4_s912113_b4,spatial_fixed_i36,/srv/slam-research/grf/map-denoise/runs/multiscan-pilot-v1/spatial-v11-development-zh54hd3y/outputs/dual_g4_s912113_b4__spatial_fixed_i36.npz,913aa0ae0fa6bd66f22949d0614eb44079a2110b884890a0f6aa99d5196b575a,4.0,912113,4.0,2,2,0.08991033899656031,0.9114583333333334,True,True,0.3649234173291986,1.026330011858054,1.5359296473547206,0.9427083333333334,0.9674479166666666,0.28105395673709377,1.0,1.3831312370374802,0.4702439692858833,1.3797658063021732,3.839535598259972,0.16046440174002807,0.959883899564993,,self-report; not geometry-derived layer count or success,1.382605861378865,0.038118905409753996,0.6408243226452772,0.6480190666748293,3.173497538661076,0.826502461338924,"GT source-group affine fits evaluated at x=y=0; may extrapolate, not physical layer count"
dual_g4_s912113_b4,spatial_seed_i12,/srv/slam-research/grf/map-denoise/runs/multiscan-pilot-v1/spatial-v11-development-zh54hd3y/outputs/dual_g4_s912113_b4__spatial_seed_i12.npz,a70b9502a3245fc44110e955a679c9c42b7753635f9e3ab2e253e65cca389ad0,4.0,912113,4.0,2,2,0.038161218995810486,0.9114583333333334,True,True,0.3023081486537509,1.0178400588129046,1.5359296473547206,0.9453125,0.96875,0.22084580934835482,1.0,1.3768427714554448,0.4076276261630207,1.3749446076817318,3.9337959338463313,0.0662040661536687,0.9834489834615828,,self-report; not geometry-derived layer count or success,1.3759451274421604,0.04970939123834954,0.4156022271172522,0.43907699594737626,3.5177575608956864,0.48224243910431364,"GT source-group affine fits evaluated at x=y=0; may extrapolate, not physical layer count"
dual_g4_s912113_b4,spatial_seed_i36,/srv/slam-research/grf/map-denoise/runs/multiscan-pilot-v1/spatial-v11-development-zh54hd3y/outputs/dual_g4_s912113_b4__spatial_seed_i36.npz,9e26e4351ce138a1faff46b412b3737350bc5fe57d4f5008cd4f807d6bda614c,4.0,912113,4.0,2,2,0.10461177899560425,0.9114583333333334,True,True,0.30160195406791807,1.0177858063755452,1.5359296473547206,0.9453125,0.96875,0.22021244051597197,1.0,1.3768026430662237,0.4069214234990329,1.3749038457808291,3.9332353800510744,0.06676461994892557,0.9833088450127686,,self-report; not geometry-derived layer count or success,1.3759108285435309,0.049547046842303696,0.4136564520301444,0.4369896144732495,3.5192526602472265,0.4807473397527735,"GT source-group affine fits evaluated at x=y=0; may extrapolate, not physical layer count"
dual_g4_s912113_b4,old_original,/srv/slam-research/grf/map-denoise/runs/multiscan-pilot-v1/reassociation-v7-development-vbwoojgf/outputs/dual_g4_s912113_b4__original_b0_independent.npz,1485d78129a9b417cc50d9e3cc56611ae6acb697a21a4514a03101c7a1826221,4.0,912113,4.0,,2,,,True,True,0.4212174567073821,1.0718944794832694,1.7120979102218643,0.9049479166666666,0.9609375,0.3462819967697765,1.0,1.425106173845477,0.5321102233680509,1.4232243364879487,3.886172481628497,0.11382751837150318,0.9715431204071242,,self-report; not geometry-derived layer count or success,1.4248991853453248,0.02428823449172067,0.5848804076650143,0.7476151716354505,3.2412426025917696,0.7587573974082304,"GT source-group affine fits evaluated at x=y=0; may extrapolate, not physical layer count"
dual_g4_s912113_b4,old_multistart,/srv/slam-research/grf/map-denoise/runs/multiscan-pilot-v1/reassociation-v7-development-vbwoojgf/outputs/dual_g4_s912113_b4__local_multistart_b6_independent.npz,2ed7430be4b2d65f0b50ef0722dc757490eceb3175d42d761c1e3193f2d1e80d,4.0,912113,4.0,,2,,,True,True,0.388638514867161,1.0519131288808607,1.7692091280158568,0.9231770833333334,0.96484375,0.3078914659587725,1.0,1.405909276331094,0.49655733984093314,1.4046250592144343,3.921201322956905,0.07879867704309484,0.9803003307392263,,self-report; not geometry-derived layer count or success,1.4057471532262413,0.02135028032929081,0.4745603871809391,0.6390389769550222,3.3952225182347546,0.6047774817652454,"GT source-group affine fits evaluated at x=y=0; may extrapolate, not physical layer count"
dual_g4_s912127_b0,global_free_i12,/srv/slam-research/grf/map-denoise/runs/multiscan-pilot-v1/spatial-v11-development-zh54hd3y/outputs/dual_g4_s912127_b0__global_free_i12.npz,3b1516cbd978d8990bc495e8b0bfe630a3f75c5926f23a5513cc70df9d425de2,4.0,912127,0.0,2,2,0.028186315001221374,0.9361979166666666,True,True,0.7090235586393779,0.8869821170153723,1.7926573472039284,0.7630208333333334,0.9817708333333334,0.6765585436332011,1.0,0.9038183095119723,0.7165556067503962,0.8646285514321331,3.47009517354568,0.5299048264543198,0.86752379338642,,self-report; not geometry-derived layer count or success,0.9024661687379795,0.049420146625361504,0.9672180159775489,1.176720566227022,2.4094469088363395,1.5905530911636605,"GT source-group affine fits evaluated at x=y=0; may extrapolate, not physical layer count"
dual_g4_s912127_b0,global_free_i36,/srv/slam-research/grf/map-denoise/runs/multiscan-pilot-v1/spatial-v11-development-zh54hd3y/outputs/dual_g4_s912127_b0__global_free_i36.npz,fc2cc1168fbde8f279a660656e485b22784131a2340c6a9ce02431c237422ce6,4.0,912127,0.0,2,2,0.07810634099587332,0.9361979166666666,True,True,0.7184968575774082,0.8980104085088305,1.7942899540356547,0.7578125,0.9817708333333334,0.6841078188774153,1.0,0.9152251511884817,0.7262949560705407,0.8750694896240923,3.458425887493628,0.541574112506372,0.864606471873407,,self-report; not geometry-derived layer count or success,0.9141036403685662,0.04529472411786782,0.9630773952236545,1.1159004298157493,2.4226941359650724,1.5773058640349276,"GT source-group affine fits evaluated at x=y=0; may extrapolate, not physical layer count"
dual_g4_s912127_b0,spatial_free_i12,/srv/slam-research/grf/map-denoise/runs/multiscan-pilot-v1/spatial-v11-development-zh54hd3y/outputs/dual_g4_s912127_b0__spatial_free_i12.npz,6c4a550c20165a6d2cb15f45da770debf90b5c5d464aaa1090d6d7675cdf2725,4.0,912127,0.0,2,2,0.03708086800179444,0.9361979166666666,True,True,0.12723750508933032,0.25694083185163125,0.3187580605633867,0.9791666666666666,0.9986979166666666,0.12566877786837652,1.0,0.30124773888402145,0.13305064981415565,0.2909210987517561,3.8851300906391306,0.11486990936086938,0.9712825226597827,,self-report; not geometry-derived layer count or success,0.2963145815739839,0.05429428081640243,0.1332234560649894,0.2414119383094734,4.055294641395187,0.055294641395186694,"GT source-group affine fits evaluated at x=y=0; may extrapolate, not physical layer count"
dual_g4_s912127_b0,spatial_free_i36,/srv/slam-research/grf/map-denoise/runs/multiscan-pilot-v1/spatial-v11-development-zh54hd3y/outputs/dual_g4_s912127_b0__spatial_free_i36.npz,cc7fa9201e107005ad9041eccfd5d0cdf987a0117afef17eceebd2b54ab023f8,4.0,912127,0.0,2,2,0.1031357550091343,0.9361979166666666,True,True,0.12723750392826158,0.2569408313380084,0.3187580605633867,0.9791666666666666,0.9986979166666666,0.12566877669743973,1.0,0.3012477384365017,0.13305064865308688,0.2909210976692757,3.885130089922726,0.1148699100772741,0.9712825224806815,,self-report; not geometry-derived layer count or success,0.296314580577329,0.054294283772682216,0.13322345022269033,0.24141193157001922,4.0552946347160495,0.05529463471604945,"GT source-group affine fits evaluated at x=y=0; may extrapolate, not physical layer count"
dual_g4_s912127_b0,spatial_fixed_i12,/srv/slam-research/grf/map-denoise/runs/multiscan-pilot-v1/spatial-v11-development-zh54hd3y/outputs/dual_g4_s912127_b0__spatial_fixed_i12.npz,88c2ad09a62aaca03a45f7b61b352e0b19a9e63727f5659b4de927c21e4253b6,4.0,912127,0.0,2,2,0.03427841699158307,0.9361979166666666,True,True,0.10804540942992813,0.24819407424879536,0.3187580605633867,0.9791666666666666,0.9986979166666666,0.10662164025462927,1.0,0.2911486083477009,0.11383051990082992,0.27203515591944716,3.81420949894144,0.18579050105855988,0.95355237473536,,self-report; not geometry-derived layer count or success,0.286786438079377,0.050210069473628376,0.09351484462479161,0.10820143219363404,3.802067728451695,0.19793227154830495,"GT source-group affine fits evaluated at x=y=0; may extrapolate, not physical layer count"
dual_g4_s912127_b0,spatial_fixed_i36,/srv/slam-research/grf/map-denoise/runs/multiscan-pilot-v1/spatial-v11-development-zh54hd3y/outputs/dual_g4_s912127_b0__spatial_fixed_i36.npz,2013742bea3e07d473f824d3d2c38697ed201c1549237ae55a583fda1e3d5b8c,4.0,912127,0.0,2,2,0.09146687999600545,0.9361979166666666,True,True,0.10804540941678424,0.24819407424551387,0.3187580605633867,0.9791666666666666,0.9986979166666666,0.10662164024193337,1.0,0.291148608349813,0.1138305198884006,0.2720351558934561,3.814209499022591,0.1857905009774088,0.9535523747556478,,self-report; not geometry-derived layer count or success,0.28678643804220866,0.05021006969817117,0.09351484453207952,0.10820143216275177,3.802067728489257,0.197932271510743,"GT source-group affine fits evaluated at x=y=0; may extrapolate, not physical layer count"
dual_g4_s912127_b0,spatial_seed_i12,/srv/slam-research/grf/map-denoise/runs/multiscan-pilot-v1/spatial-v11-development-zh54hd3y/outputs/dual_g4_s912127_b0__spatial_seed_i12.npz,d23669c4e032ae56d4ba83e40478f2288dbe53df6e26ebb5a1ecf3967f8ba259,4.0,912127,0.0,2,2,0.03865731001133099,0.9361979166666666,True,True,0.1272411881319454,0.25694246100680246,0.3187580605633867,0.9791666666666666,0.9986979166666666,0.12567249224890573,1.0,0.301249160335313,0.13305433285677074,0.29092456406410705,3.8851326163665982,0.11486738363340177,0.9712831540916496,,self-report; not geometry-derived layer count or success,0.2963177507032455,0.05428487101302133,0.13324206084050103,0.24143341365662913,4.055316112268863,0.055316112268863016,"GT source-group affine fits evaluated at x=y=0; may extrapolate, not physical layer count"
dual_g4_s912127_b0,spatial_seed_i36,/srv/slam-research/grf/map-denoise/runs/multiscan-pilot-v1/spatial-v11-development-zh54hd3y/outputs/dual_g4_s912127_b0__spatial_seed_i36.npz,4a184f7b46814b9b85d68d374ab6de6f64a2a56f49d03374e8efe3a85558bcb9,4.0,912127,0.0,2,2,0.10518329100159463,0.9361979166666666,True,True,0.12723750392826205,0.25694083133800855,0.3187580605633867,0.9791666666666666,0.9986979166666666,0.12566877669744017,1.0,0.3012477384365019,0.13305064865308736,0.2909210976692757,3.8851300899227246,0.11486991007727543,0.9712825224806811,,self-report; not geometry-derived layer count or success,0.29631458057732907,0.05429428377268266,0.1332234502226915,0.24141193157002036,4.05529463471605,0.05529463471605034,"GT source-group affine fits evaluated at x=y=0; may extrapolate, not physical layer count"
dual_g4_s912127_b0,old_original,/srv/slam-research/grf/map-denoise/runs/multiscan-pilot-v1/reassociation-v7-development-vbwoojgf/outputs/dual_g4_s912127_b0__original_b0_independent.npz,33a8fc267691d77ea1375cd13406db56a0b88217cfd3d56a5e499e7373198d10,4.0,912127,0.0,,2,,,True,True,0.20984607277439946,0.3460789660562238,0.7452527884461472,0.97265625,0.9973958333333334,0.20694835184587232,1.0,0.3736958606558348,0.2148095313695925,0.3684583826773354,3.8988078750942066,0.10119212490579343,0.9747019687735516,,self-report; not geometry-derived layer count or success,0.37178373314788576,0.037755159090205846,0.2504568741328061,0.37371944198203766,4.152624233333068,0.15262423333306785,"GT source-group affine fits evaluated at x=y=0; may extrapolate, not physical layer count"
dual_g4_s912127_b0,old_multistart,/srv/slam-research/grf/map-denoise/runs/multiscan-pilot-v1/reassociation-v7-development-vbwoojgf/outputs/dual_g4_s912127_b0__local_multistart_b6_independent.npz,47607ece660b49ce571de1f43a46e7f33ff5973284af81d58d3d2fd8956229cc,4.0,912127,0.0,,2,,,True,True,0.21143135396102508,0.3507189338727276,0.7076737680180427,0.96875,0.99609375,0.2081328116017327,1.0,0.3710723234129565,0.21509770958866983,0.3681132471332639,3.912198530805552,0.08780146919444798,0.978049632701388,,self-report; not geometry-derived layer count or success,0.3706317447316114,0.018077029631314797,0.24792076168706056,0.30498843739482534,4.15722090966063,0.15722090966063007,"GT source-group affine fits evaluated at x=y=0; may extrapolate, not physical layer count"
dual_g4_s912127_b4,global_free_i12,/srv/slam-research/grf/map-denoise/runs/multiscan-pilot-v1/spatial-v11-development-zh54hd3y/outputs/dual_g4_s912127_b4__global_free_i12.npz,1bb353b15efb90e56eed014ec34748ab5348e3cf1fe5e9657dfbf6244f7440ca,4.0,912127,4.0,2,2,0.028224713998497464,0.9388020833333334,True,True,0.7961341706780601,1.08159728211628,2.156698905890095,0.73828125,0.9583333333333334,0.7342860767087401,1.0,1.2917076255700506,0.8586394402120071,1.262493271900094,3.4479794101595624,0.5520205898404376,0.8619948525398906,,self-report; not geometry-derived layer count or success,1.2910759806192484,0.04039062049368105,1.0138813674227893,1.2895633677473655,2.3288651625494143,1.6711348374505857,"GT source-group affine fits evaluated at x=y=0; may extrapolate, not physical layer count"
dual_g4_s912127_b4,global_free_i36,/srv/slam-research/grf/map-denoise/runs/multiscan-pilot-v1/spatial-v11-development-zh54hd3y/outputs/dual_g4_s912127_b4__global_free_i36.npz,c4e756603afb1ba626fa64e171bb3dd6f46a8f60b3b0caf26835ff67fb2ae5f2,4.0,912127,4.0,2,2,0.0785426880029263,0.9388020833333334,True,True,0.8003020608953499,1.084042778733554,2.136334721700109,0.734375,0.9583333333333334,0.7394899762795158,1.0,1.2941750664352925,0.8630787524473348,1.2646486844093245,3.4460002621972596,0.5539997378027404,0.8615000655493149,,self-report; not geometry-derived layer count or success,1.2933847190918195,0.045222461261730976,0.9963244628363563,1.2054037450670492,2.369325889436648,1.6306741105633522,"GT source-group affine fits evaluated at x=y=0; may extrapolate, not physical layer count"
dual_g4_s912127_b4,spatial_free_i12,/srv/slam-research/grf/map-denoise/runs/multiscan-pilot-v1/spatial-v11-development-zh54hd3y/outputs/dual_g4_s912127_b4__spatial_free_i12.npz,9f7205753f6999db58f3d88f40dd2aa8db9fb8eb9cc6a103eba3684a48237132,4.0,912127,4.0,2,2,0.037380483001470566,0.9388020833333334,True,True,0.21180270275076576,0.6630057201360321,0.5290965245799674,0.95703125,0.9778645833333334,0.17690012547991452,1.0,0.9659114928693011,0.2726285840685705,0.9623849644210829,3.8721003093883835,0.12789969061161655,0.9680250773470959,,self-report; not geometry-derived layer count or success,0.9646428395322234,0.04948943519793775,0.19250511523981864,0.19436410366171974,4.0056886658463515,0.005688665846351526,"GT source-group affine fits evaluated at x=y=0; may extrapolate, not physical layer count"
dual_g4_s912127_b4,spatial_free_i36,/srv/slam-research/grf/map-denoise/runs/multiscan-pilot-v1/spatial-v11-development-zh54hd3y/outputs/dual_g4_s912127_b4__spatial_free_i36.npz,dcea5c13dccf2571d067ae64387ae6a9edfa00a850cf5cc8bd603e67540e79b7,4.0,912127,4.0,2,2,0.10428538199630566,0.9388020833333334,True,True,0.2118027013276418,0.6630057198907154,0.5290965245799674,0.95703125,0.9778645833333334,0.17690012407211017,1.0,0.965911492697712,0.27262858264544654,0.9623849640403865,3.872100308539127,0.1278996914608732,0.9680250771347817,,self-report; not geometry-derived layer count or success,0.9646428391792269,0.04948943872951638,0.19250510912349125,0.19436409864856907,4.005688657883775,0.00568865788377515,"GT source-group affine fits evaluated at x=y=0; may extrapolate, not physical layer count"
dual_g4_s912127_b4,spatial_fixed_i12,/srv/slam-research/grf/map-denoise/runs/multiscan-pilot-v1/spatial-v11-development-zh54hd3y/outputs/dual_g4_s912127_b4__spatial_fixed_i12.npz,4060317ebf7b706075e103aea3fb593e8f8669532d34218279e812a244197f27,4.0,912127,4.0,2,2,0.03409784799441695,0.9388020833333334,True,True,0.19207070043617977,0.6595658222131391,0.5290965245799674,0.95703125,0.9778645833333334,0.15791331704510578,1.0,0.962734706185959,0.25286826901696924,0.9564513101500736,3.8000931761229486,0.1999068238770514,0.9500232940307372,,self-report; not geometry-derived layer count or success,0.9616492640411937,0.04570347321589112,0.16104302584404992,0.1897654556522529,3.749079750404487,0.25092024959551296,"GT source-group affine fits evaluated at x=y=0; may extrapolate, not physical layer count"
dual_g4_s912127_b4,spatial_fixed_i36,/srv/slam-research/grf/map-denoise/runs/multiscan-pilot-v1/spatial-v11-development-zh54hd3y/outputs/dual_g4_s912127_b4__spatial_fixed_i36.npz,51c1d83913f5950f576b687c1cb4c0b256fb3afaf13a9edf8f2078291598c594,4.0,912127,4.0,2,2,0.0908998579980107,0.9388020833333334,True,True,0.19207070041957588,0.659565822211437,0.5290965245799674,0.95703125,0.9778645833333334,0.15791331702967304,1.0,0.9627347061865393,0.2528682690012059,0.9564513101427521,3.8000931762185317,0.1999068237814683,0.9500232940546329,,self-report; not geometry-derived layer count or success,0.9616492640291819,0.045703473480852505,0.16104302565223877,0.189765455469117,3.7490797504432383,0.25092024955676173,"GT source-group affine fits evaluated at x=y=0; may extrapolate, not physical layer count"
dual_g4_s912127_b4,spatial_seed_i12,/srv/slam-research/grf/map-denoise/runs/multiscan-pilot-v1/spatial-v11-development-zh54hd3y/outputs/dual_g4_s912127_b4__spatial_seed_i12.npz,bc6b35c5da7f24ecf79453896b09b7d67ac6675dcaa262f331fdf9bcc838ff78,4.0,912127,4.0,2,2,0.03872800600947812,0.9388020833333334,True,True,0.2118066838022009,0.6630064061550913,0.5290965245799674,0.95703125,0.9778645833333334,0.17690406394378952,1.0,0.9659119733957868,0.27263256512000567,0.9623860386453458,3.8721029196376744,0.1278970803623256,0.9680257299094186,,self-report; not geometry-derived layer count or success,0.964643828846276,0.04947952928373552,0.19252234870893126,0.19437824744840962,4.00571121585066,0.005711215850659812,"GT source-group affine fits evaluated at x=y=0; may extrapolate, not physical layer count"
dual_g4_s912127_b4,spatial_seed_i36,/srv/slam-research/grf/map-denoise/runs/multiscan-pilot-v1/spatial-v11-development-zh54hd3y/outputs/dual_g4_s912127_b4__spatial_seed_i36.npz,1f498eabb9a008a3056ee1e578f12879ed752471d9d6ad3284fe967c6c65f371,4.0,912127,4.0,2,2,0.10474024400173221,0.9388020833333334,True,True,0.2118027013276418,0.6630057198907154,0.5290965245799674,0.95703125,0.9778645833333334,0.17690012407211017,1.0,0.965911492697712,0.27262858264544654,0.9623849640403865,3.872100308539127,0.1278996914608732,0.9680250771347817,,self-report; not geometry-derived layer count or success,0.9646428391792269,0.04948943872951638,0.19250510912349125,0.19436409864856907,4.005688657883775,0.00568865788377515,"GT source-group affine fits evaluated at x=y=0; may extrapolate, not physical layer count"
dual_g4_s912127_b4,old_original,/srv/slam-research/grf/map-denoise/runs/multiscan-pilot-v1/reassociation-v7-development-vbwoojgf/outputs/dual_g4_s912127_b4__original_b0_independent.npz,60ce73930eea55e1912757a48bb989a8d6230a3ab56d566dcbe7a3808cc589fb,4.0,912127,4.0,,2,,,True,True,0.29440201276092665,0.7025252334935862,1.2049785464688234,0.9505208333333334,0.9765625,0.25939288787482473,1.0,0.9910280350261977,0.35439080019332225,0.9886007317017949,3.8851518746218163,0.11484812537818367,0.9712879686554541,,self-report; not geometry-derived layer count or success,0.9904179327497681,0.0347690191918387,0.3150594234813886,0.32891225699254206,4.108400248889867,0.10840024888986743,"GT source-group affine fits evaluated at x=y=0; may extrapolate, not physical layer count"
dual_g4_s912127_b4,old_multistart,/srv/slam-research/grf/map-denoise/runs/multiscan-pilot-v1/reassociation-v7-development-vbwoojgf/outputs/dual_g4_s912127_b4__local_multistart_b6_independent.npz,5f17dadc359a734641b0910869c82201f4fa72f9b6f7f7afe40600dca29dbef3,4.0,912127,4.0,,2,,,True,True,0.29654170129046725,0.7048962917449223,1.2290391338886932,0.9466145833333334,0.9739583333333334,0.25960938116977,1.0,0.9901172106224455,0.35524487330058685,0.9886019581116029,3.9000597287661964,0.09994027123380356,0.9750149321915491,,self-report; not geometry-derived layer count or success,0.9900347555544784,0.012777854473904882,0.30110193628432186,0.3583092894929812,4.112744821576247,0.11274482157624721,"GT source-group affine fits evaluated at x=y=0; may extrapolate, not physical layer count"
dual_g8_s912101_b0,global_free_i12,/srv/slam-research/grf/map-denoise/runs/multiscan-pilot-v1/spatial-v11-development-zh54hd3y/outputs/dual_g8_s912101_b0__global_free_i12.npz,5f5a4626f7d9a0c341607a8df197869e1c7ee0cfd20adf0927e1dc8190924aa5,8.0,912101,0.0,2,2,0.02786040499631781,0.9856770833333334,True,True,1.1179000269205448,1.338767262524704,2.4411693494926645,0.4934895833333333,0.9075520833333334,1.0726143137339224,1.0,1.3387739728365033,1.1179000269205448,1.3071202386301422,7.398804789259024,0.6011952107409764,0.924850598657378,,self-report; not geometry-derived layer count or success,1.3383771597003706,0.032593384862623476,2.02955439800408,3.3424300203274995,4.7093363333931,3.2906636666069,"GT source-group affine fits evaluated at x=y=0; may extrapolate, not physical layer count"
dual_g8_s912101_b0,global_free_i36,/srv/slam-research/grf/map-denoise/runs/multiscan-pilot-v1/spatial-v11-development-zh54hd3y/outputs/dual_g8_s912101_b0__global_free_i36.npz,6373414b6ed47c02b0bd5dba0a151303bde94810f354be69aab7101320392a4c,8.0,912101,0.0,2,2,0.07719085499411449,0.9856770833333334,True,True,1.1179104972385054,1.3387799559781801,2.4413036771368986,0.4947916666666667,0.9075520833333334,1.0726184299093344,1.0,1.3387866662255845,1.1179104972385054,1.3071441833717283,7.398941125881415,0.6010588741185847,0.9248676407351769,,self-report; not geometry-derived layer count or success,1.3383865389576421,0.032729344637476614,2.0296166018105715,3.342505610186701,4.709402751026241,3.290597248973759,"GT source-group affine fits evaluated at x=y=0; may extrapolate, not physical layer count"
dual_g8_s912101_b0,spatial_free_i12,/srv/slam-research/grf/map-denoise/runs/multiscan-pilot-v1/spatial-v11-development-zh54hd3y/outputs/dual_g8_s912101_b0__spatial_free_i12.npz,7e757bd663cae7caa3796dddb34480f8d328e4490ca3a0f5834bd19f0931650f,8.0,912101,0.0,2,2,0.037386315991170704,0.9856770833333334,True,True,0.06605227868084955,0.1428164274150872,0.12557348479553002,0.99609375,0.9986979166666666,0.06522297718141155,1.0,0.1428528434580851,0.06605227868084966,0.1339790001699671,8.06265262653794,0.06265262653793968,1.0078315783172425,,self-report; not geometry-derived layer count or success,0.13732673218706148,0.039348488038084384,0.0900152986988124,0.09110371397945648,8.018723984950416,0.01872398495041594,"GT source-group affine fits evaluated at x=y=0; may extrapolate, not physical layer count"
dual_g8_s912101_b0,spatial_free_i36,/srv/slam-research/grf/map-denoise/runs/multiscan-pilot-v1/spatial-v11-development-zh54hd3y/outputs/dual_g8_s912101_b0__spatial_free_i36.npz,855e91502f2daac638f6f2df6fbc21b43041d4c2ca382b5ea1bc9690cdc5b23e,8.0,912101,0.0,2,2,0.10323364999203477,0.9856770833333334,True,True,0.06605227868084955,0.1428164274150872,0.12557348479553002,0.99609375,0.9986979166666666,0.06522297718141155,1.0,0.1428528434580851,0.06605227868084966,0.1339790001699671,8.06265262653794,0.06265262653793968,1.0078315783172425,,self-report; not geometry-derived layer count or success,0.13732673218706148,0.039348488038084384,0.0900152986988124,0.09110371397945648,8.018723984950416,0.01872398495041594,"GT source-group affine fits evaluated at x=y=0; may extrapolate, not physical layer count"
dual_g8_s912101_b0,spatial_fixed_i12,/srv/slam-research/grf/map-denoise/runs/multiscan-pilot-v1/spatial-v11-development-zh54hd3y/outputs/dual_g8_s912101_b0__spatial_fixed_i12.npz,eb426553301d7321d4b6788bbc21b64b92d83da90d148844f38459239f3db6c3,8.0,912101,0.0,2,2,0.035003981000045314,0.9856770833333334,True,True,0.06797810924110237,0.14451563284511787,0.14147959852575917,0.99609375,0.9986979166666666,0.06714336011992693,1.0,0.14455169219239733,0.06797810924110247,0.1382950788976776,8.026848155869743,0.026848155869743096,1.0033560194837179,,self-report; not geometry-derived layer count or success,0.13892742070191225,0.03992948149925676,0.14899808011544877,0.1550809795531365,7.89827494337176,0.10172505662823994,"GT source-group affine fits evaluated at x=y=0; may extrapolate, not physical layer count"
dual_g8_s912101_b0,spatial_fixed_i36,/srv/slam-research/grf/map-denoise/runs/multiscan-pilot-v1/spatial-v11-development-zh54hd3y/outputs/dual_g8_s912101_b0__spatial_fixed_i36.npz,b8cfc0d037c8d1cdc6c70687001c1faf15418d9616c4ee6b61cb6b7c64f0c077,8.0,912101,0.0,2,2,0.09318368000094779,0.9856770833333334,True,True,0.06797810924110237,0.14451563284511787,0.14147959852575917,0.99609375,0.9986979166666666,0.06714336011992693,1.0,0.14455169219239733,0.06797810924110247,0.1382950788976776,8.026848155869743,0.026848155869743096,1.0033560194837179,,self-report; not geometry-derived layer count or success,0.13892742070191225,0.03992948149925676,0.14899808011544877,0.1550809795531365,7.89827494337176,0.10172505662823994,"GT source-group affine fits evaluated at x=y=0; may extrapolate, not physical layer count"
dual_g8_s912101_b0,spatial_seed_i12,/srv/slam-research/grf/map-denoise/runs/multiscan-pilot-v1/spatial-v11-development-zh54hd3y/outputs/dual_g8_s912101_b0__spatial_seed_i12.npz,f02e0d60c3763e1b71372b441b3ff729863bfd527f2d96835098e8ab9da7893b,8.0,912101,0.0,2,2,0.03951122400758322,0.9856770833333334,True,True,1.0319243732531251,1.2318315140524152,2.200098788209658,0.5286458333333334,0.93359375,1.0126270806235185,1.0,1.2318393406106527,1.0319243732531251,1.2026899867653027,7.446960249442327,0.553039750557673,0.9308700311802909,,self-report; not geometry-derived layer count or success,1.2314386062947915,0.03141846595283306,2.187166016119687,4.518861375232284,4.1446917595244805,3.8553082404755195,"GT source-group affine fits evaluated at x=y=0; may extrapolate, not physical layer count"
dual_g8_s912101_b0,spatial_seed_i36,/srv/slam-research/grf/map-denoise/runs/multiscan-pilot-v1/spatial-v11-development-zh54hd3y/outputs/dual_g8_s912101_b0__spatial_seed_i36.npz,f10df69cb3cbe7ad95b5d335c4d29df2b3e0f53e5a4c6e24015756f5215f2953,8.0,912101,0.0,2,2,0.10472624200338032,0.9856770833333334,True,True,1.0027951779806081,1.1988609798140382,2.1483183054465114,0.5416666666666666,0.9244791666666666,0.9880753106286128,1.0,1.1988694021822968,1.0027951779806081,1.1652123889601993,7.418900373403579,0.581099626596421,0.9273625466754474,,self-report; not geometry-derived layer count or success,1.1979055913108458,0.04806285254903996,2.2508860490714135,4.952278118862434,3.888784662342746,4.111215337657255,"GT source-group affine fits evaluated at x=y=0; may extrapolate, not physical layer count"
dual_g8_s912101_b0,old_original,/srv/slam-research/grf/map-denoise/runs/multiscan-pilot-v1/reassociation-v7-development-vbwoojgf/outputs/dual_g8_s912101_b0__original_b0_independent.npz,f97e34b6aa2ba3c4f83bd8ca0b1281938df1fc6c21832e3e0193d88c0f012ccc,8.0,912101,0.0,,2,,,True,True,0.2909059926253884,0.5131480205240252,1.0525334867942557,0.9453125,0.9895833333333334,0.2833543284437694,1.0,0.5131577869061842,0.29090599262538847,0.5113753692090518,8.001600434273616,0.0016004342736160027,1.000200054284202,,self-report; not geometry-derived layer count or success,0.5113857422739837,0.04260911711523192,0.20411489208979375,0.22649838987915583,7.886106196391206,0.11389380360879375,"GT source-group affine fits evaluated at x=y=0; may extrapolate, not physical layer count"
dual_g8_s912101_b0,old_multistart,/srv/slam-research/grf/map-denoise/runs/multiscan-pilot-v1/reassociation-v7-development-vbwoojgf/outputs/dual_g8_s912101_b0__local_multistart_b6_independent.npz,2d1e87847b6bf833d68e02443ab6b69bf8b442f6ed23a467ed55565aaa86beaa,8.0,912101,0.0,,2,,,True,True,0.18767304830686812,0.3853869466481408,0.7587143453801146,0.9674479166666666,0.9921875,0.18147996079864062,1.0,0.38539950867934925,0.18767304830686826,0.3829198605608281,8.046969082806664,0.046969082806663565,1.005871135350833,,self-report; not geometry-derived layer count or success,0.3835908078521286,0.037294415421550535,0.19251104936772498,0.25360397240148014,8.099826802596647,0.09982680259664711,"GT source-group affine fits evaluated at x=y=0; may extrapolate, not physical layer count"
dual_g8_s912101_b4,global_free_i12,/srv/slam-research/grf/map-denoise/runs/multiscan-pilot-v1/spatial-v11-development-zh54hd3y/outputs/dual_g8_s912101_b4__global_free_i12.npz,fc022927f828608cba91dfc273aa9de7f18b8cc183c7b434c65ae83dbb502748,8.0,912101,4.0,2,2,0.02814511199539993,0.9856770833333334,True,True,1.152638506693257,1.408577732911255,2.6045519601548617,0.4895833333333333,0.9010416666666666,1.0888101713059493,1.0,1.456203508303884,1.169670125170425,1.4260711266134607,7.386613540801264,0.6133864591987361,0.923326692600158,,self-report; not geometry-derived layer count or success,1.4559953219468598,0.024622755032689323,2.0628631179767485,3.342532558335803,4.6745058794275565,3.3254941205724435,"GT source-group affine fits evaluated at x=y=0; may extrapolate, not physical layer count"
dual_g8_s912101_b4,global_free_i36,/srv/slam-research/grf/map-denoise/runs/multiscan-pilot-v1/spatial-v11-development-zh54hd3y/outputs/dual_g8_s912101_b4__global_free_i36.npz,691d915905fda1a638e9fda58af3720387ed4d30dc81f0440816cdc66e97b189,8.0,912101,4.0,2,2,0.07699352699273732,0.9856770833333334,True,True,1.1526490888438017,1.4085899190280367,2.6045414363883554,0.4895833333333333,0.9010416666666666,1.0888145301017524,1.0,1.45621529583095,1.1696807073209696,1.4260943605229697,7.386751557135972,0.6132484428640277,0.9233439446419965,,self-report; not geometry-derived layer count or success,1.4560047805468408,0.024760186525286033,2.0629251846293934,3.342609175059469,4.674572989429257,3.325427010570743,"GT source-group affine fits evaluated at x=y=0; may extrapolate, not physical layer count"
dual_g8_s912101_b4,spatial_free_i12,/srv/slam-research/grf/map-denoise/runs/multiscan-pilot-v1/spatial-v11-development-zh54hd3y/outputs/dual_g8_s912101_b4__spatial_free_i12.npz,bca29a0a62d8fc2512e7f11b1d4eab9554e4b583b399d98e384f6a01d0a5f85e,8.0,912101,4.0,2,2,0.037121724992175587,0.9856770833333334,True,True,0.10085694551022456,0.4608155907831739,0.12553730639021685,0.9908854166666666,0.9934895833333334,0.0803187037934796,1.0,0.5905718248794553,0.11788853267061562,0.5890987392230341,8.050395982999287,0.05039598299928727,1.006299497874911,,self-report; not geometry-derived layer count or success,0.5897366977099706,0.03139598247528988,0.1082340408489798,0.11933978776872721,7.9840952917949854,0.01590470820501455,"GT source-group affine fits evaluated at x=y=0; may extrapolate, not physical layer count"
dual_g8_s912101_b4,spatial_free_i36,/srv/slam-research/grf/map-denoise/runs/multiscan-pilot-v1/spatial-v11-development-zh54hd3y/outputs/dual_g8_s912101_b4__spatial_free_i36.npz,958ff9a97aed77f61f4c221947ebe24c61b27fccba1af1a946b9bdd0335de095,8.0,912101,4.0,2,2,0.10263948900683317,0.9856770833333334,True,True,0.10085694551022456,0.4608155907831739,0.12553730639021685,0.9908854166666666,0.9934895833333334,0.0803187037934796,1.0,0.5905718248794553,0.11788853267061562,0.5890987392230341,8.050395982999287,0.05039598299928727,1.006299497874911,,self-report; not geometry-derived layer count or success,0.5897366977099706,0.03139598247528988,0.1082340408489798,0.11933978776872721,7.9840952917949854,0.01590470820501455,"GT source-group affine fits evaluated at x=y=0; may extrapolate, not physical layer count"
dual_g8_s912101_b4,spatial_fixed_i12,/srv/slam-research/grf/map-denoise/runs/multiscan-pilot-v1/spatial-v11-development-zh54hd3y/outputs/dual_g8_s912101_b4__spatial_fixed_i12.npz,aca9e6cdef7508a63a5828fb4f02e1d1b1be252097e762f2fb4e5b56c73fd021,8.0,912101,4.0,2,2,0.03432090100250207,0.9856770833333334,True,True,0.10277303175002156,0.4613436880796836,0.14144559509863697,0.9908854166666666,0.9934895833333334,0.08225338006972133,1.0,0.5909841513584626,0.11980463595119735,0.5899323517149194,8.01450884979183,0.014508849791830869,1.0018136062239789,,self-report; not geometry-derived layer count or success,0.590118335265684,0.031978391769130046,0.17692684578701112,0.1983306062830774,7.863359466932329,0.13664053306767077,"GT source-group affine fits evaluated at x=y=0; may extrapolate, not physical layer count"
dual_g8_s912101_b4,spatial_fixed_i36,/srv/slam-research/grf/map-denoise/runs/multiscan-pilot-v1/spatial-v11-development-zh54hd3y/outputs/dual_g8_s912101_b4__spatial_fixed_i36.npz,47fedd81adc268abe8db97941ebd83171ffaa2eb57a0768d5f5d28ccee30e1ec,8.0,912101,4.0,2,2,0.09169878999819048,0.9856770833333334,True,True,0.10277303175002156,0.4613436880796836,0.14144559509863697,0.9908854166666666,0.9934895833333334,0.08225338006972133,1.0,0.5909841513584626,0.11980463595119735,0.5899323517149194,8.01450884979183,0.014508849791830869,1.0018136062239789,,self-report; not geometry-derived layer count or success,0.590118335265684,0.031978391769130046,0.17692684578701112,0.1983306062830774,7.863359466932329,0.13664053306767077,"GT source-group affine fits evaluated at x=y=0; may extrapolate, not physical layer count"
dual_g8_s912101_b4,spatial_seed_i12,/srv/slam-research/grf/map-denoise/runs/multiscan-pilot-v1/spatial-v11-development-zh54hd3y/outputs/dual_g8_s912101_b4__spatial_seed_i12.npz,a8785fc0b4d8563bb14211d313e829e30946f52b82ef8d84a3d0433007c07bb9,8.0,912101,4.0,2,2,0.038432676999946125,0.9856770833333334,True,True,1.0666744063005371,1.3073846527991615,2.24509254842362,0.5234375,0.9270833333333334,1.0260455854130184,1.0,1.3585626777190565,1.0837060247777048,1.3311386901618383,7.4349615207333155,0.5650384792666845,0.9293701900916644,,self-report; not geometry-derived layer count or success,1.3583601520083153,0.02345733844917199,2.226767455354981,4.519231133204321,4.109809087785073,3.890190912214927,"GT source-group affine fits evaluated at x=y=0; may extrapolate, not physical layer count"
dual_g8_s912101_b4,spatial_seed_i36,/srv/slam-research/grf/map-denoise/runs/multiscan-pilot-v1/spatial-v11-development-zh54hd3y/outputs/dual_g8_s912101_b4__spatial_seed_i36.npz,14c6a75d6aaa60626f147417881b07d294abff190073efcc938a90a9914c9da3,8.0,912101,4.0,2,2,0.1187100100069074,0.9856770833333334,True,True,1.0375265758211467,1.276359311172711,2.224329128074683,0.5364583333333334,0.9192708333333334,1.0013933617606205,1.0,1.328733498900319,1.0545581942983144,1.2973919752708065,7.406727162286981,0.5932728377130188,0.9258408952858727,,self-report; not geometry-derived layer count or success,1.3281265921761136,0.0401555258282944,2.288160006242936,4.952344024814157,3.853987864357054,4.1460121356429465,"GT source-group affine fits evaluated at x=y=0; may extrapolate, not physical layer count"
dual_g8_s912101_b4,old_original,/srv/slam-research/grf/map-denoise/runs/multiscan-pilot-v1/reassociation-v7-development-vbwoojgf/outputs/dual_g8_s912101_b4__original_b0_independent.npz,f4d823dad89dee795249f17f6f009e4012a4f9ea1b446a0adaac93993fa755cd,8.0,912101,4.0,,2,,,True,True,0.32566042198258455,0.6746210520922855,1.173448306291375,0.9361979166666666,0.9817708333333334,0.3029424305976092,1.0,0.7691167618436708,0.3426920353445617,0.7682051685781496,7.98937796824271,0.010622031757289818,0.9986722460303388,,self-report; not geometry-derived layer count or success,0.7683352597792303,0.034662976341865236,0.23488639758351892,0.27418459951601426,7.851611810789634,0.14838818921036623,"GT source-group affine fits evaluated at x=y=0; may extrapolate, not physical layer count"
dual_g8_s912101_b4,old_multistart,/srv/slam-research/grf/map-denoise/runs/multiscan-pilot-v1/reassociation-v7-development-vbwoojgf/outputs/dual_g8_s912101_b4__local_multistart_b6_independent.npz,114fb870c440740ec1f99260b9f4aea9b647a28d32d987a2b4f9b906298b8480,8.0,912101,4.0,,2,,,True,True,0.22248406898701523,0.5834153072992895,0.7731940127133623,0.9622395833333334,0.9869791666666666,0.19614625959982926,1.0,0.6905057935273942,0.23951568234899243,0.6895572373745742,8.034735470581941,0.03473547058194093,1.0043419338227426,,self-report; not geometry-derived layer count or success,0.6898819060222902,0.029346322392224882,0.2394923239244183,0.2537462074506431,8.065249816878243,0.06524981687824294,"GT source-group affine fits evaluated at x=y=0; may extrapolate, not physical layer count"
dual_g8_s912113_b0,global_free_i12,/srv/slam-research/grf/map-denoise/runs/multiscan-pilot-v1/spatial-v11-development-zh54hd3y/outputs/dual_g8_s912113_b0__global_free_i12.npz,7ba8fc7ed891a59ae49faa1813da8e9330afb96eb20777b70d0ff36e5700f6b0,8.0,912113,0.0,2,2,0.028392973996233195,0.9778645833333334,True,True,1.0838211579337227,1.3241279363826801,2.4059213232581462,0.5182291666666666,0.9153645833333334,1.0396993545766426,1.0,1.3241512450323165,1.0838211579337227,1.2817451998213345,7.3039351263439976,0.6960648736560024,0.9129918907929997,,self-report; not geometry-derived layer count or success,1.3240828861340979,0.013454752596434305,1.833844447172888,2.6575254016050827,4.944229381741197,3.055770618258803,"GT source-group affine fits evaluated at x=y=0; may extrapolate, not physical layer count"
dual_g8_s912113_b0,global_free_i36,/srv/slam-research/grf/map-denoise/runs/multiscan-pilot-v1/spatial-v11-development-zh54hd3y/outputs/dual_g8_s912113_b0__global_free_i36.npz,2d013bfd2842eb9b65dfcd584bfd35231d079e81949ec45202ee9d01c623003b,8.0,912113,0.0,2,2,0.07732568999927025,0.9778645833333334,True,True,1.0837537964042034,1.3242286213574868,2.402148737367595,0.5182291666666666,0.9153645833333334,1.0396167547158057,1.0,1.3242519274515,1.0837537964042034,1.2822493200266287,7.306883075209739,0.6931169247902611,0.9133603844012174,,self-report; not geometry-derived layer count or success,1.3242190383600605,0.00933304900714283,1.8362994299277904,2.659603353303025,4.944709855724874,3.0552901442751264,"GT source-group affine fits evaluated at x=y=0; may extrapolate, not physical layer count"
dual_g8_s912113_b0,spatial_free_i12,/srv/slam-research/grf/map-denoise/runs/multiscan-pilot-v1/spatial-v11-development-zh54hd3y/outputs/dual_g8_s912113_b0__spatial_free_i12.npz,09de1e0fbe6293bcf65dea56ce89f2346525a20463e80bfc32dd6ba5ebee46c5,8.0,912113,0.0,2,2,0.03961124600027688,0.9778645833333334,True,True,0.07207055147285975,0.17298270937893293,0.141205123306669,0.9934895833333334,1.0,0.07022007486274441,1.0,0.17310167956322015,0.07207055147285973,0.1669644965974799,7.922134321569679,0.07786567843032088,0.9902667901962099,,self-report; not geometry-derived layer count or success,0.171166971900363,0.025808122714914096,0.17982064442124002,0.18995682771506292,7.748884895611655,0.2511151043883446,"GT source-group affine fits evaluated at x=y=0; may extrapolate, not physical layer count"
dual_g8_s912113_b0,spatial_free_i36,/srv/slam-research/grf/map-denoise/runs/multiscan-pilot-v1/spatial-v11-development-zh54hd3y/outputs/dual_g8_s912113_b0__spatial_free_i36.npz,94252e1734808daeca20fc9a885ccb87a0d9ff020f84c5934adea16f2ef44261,8.0,912113,0.0,2,2,0.10222824198717717,0.9778645833333334,True,True,0.07207055147286044,0.17298270937893329,0.14120512330667015,0.9934895833333334,1.0,0.07022007486274512,1.0,0.17310167956322048,0.07207055147286041,0.16696449659747953,7.922134321569674,0.07786567843032621,0.9902667901962092,,self-report; not geometry-derived layer count or success,0.17116697190036323,0.025808122714914866,0.17982064442124043,0.18995682771506409,7.748884895611651,0.25111510438834905,"GT source-group affine fits evaluated at x=y=0; may extrapolate, not physical layer count"
dual_g8_s912113_b0,spatial_fixed_i12,/srv/slam-research/grf/map-denoise/runs/multiscan-pilot-v1/spatial-v11-development-zh54hd3y/outputs/dual_g8_s912113_b0__spatial_fixed_i12.npz,021f76703dd926ce1ef74f62ab1149b8c22f8fd9b375c3e4a19c9eb6c0637434,8.0,912113,0.0,2,2,0.03461472399067134,0.9778645833333334,True,True,0.10002685694776607,0.1881036541214862,0.20365633768291455,0.9934895833333334,1.0,0.09792607089499272,1.0,0.18821333294367085,0.10002685694776603,0.17757452852730302,7.880900593126786,0.11909940687321363,0.9851125741408483,,self-report; not geometry-derived layer count or success,0.186553215978332,0.0249430612777762,0.2688743663312688,0.2796020419548795,7.608179601482753,0.3918203985172468,"GT source-group affine fits evaluated at x=y=0; may extrapolate, not physical layer count"
dual_g8_s912113_b0,spatial_fixed_i36,/srv/slam-research/grf/map-denoise/runs/multiscan-pilot-v1/spatial-v11-development-zh54hd3y/outputs/dual_g8_s912113_b0__spatial_fixed_i36.npz,5f7ae196c0f7f3d3f6eadf613c6367789ad6043678710aa45f236ace7a534c9f,8.0,912113,0.0,2,2,0.09336127000278793,0.9778645833333334,True,True,0.10002685694776607,0.1881036541214862,0.20365633768291455,0.9934895833333334,1.0,0.09792607089499272,1.0,0.18821333294367085,0.10002685694776603,0.17757452852730302,7.880900593126786,0.11909940687321363,0.9851125741408483,,self-report; not geometry-derived layer count or success,0.186553215978332,0.0249430612777762,0.2688743663312688,0.2796020419548795,7.608179601482753,0.3918203985172468,"GT source-group affine fits evaluated at x=y=0; may extrapolate, not physical layer count"
dual_g8_s912113_b0,spatial_seed_i12,/srv/slam-research/grf/map-denoise/runs/multiscan-pilot-v1/spatial-v11-development-zh54hd3y/outputs/dual_g8_s912113_b0__spatial_seed_i12.npz,1b1fcac177056864042ce57e10f733daf3e3b24ca26ef62fb30a95504db799ac,8.0,912113,0.0,2,2,0.03810735400475096,0.9778645833333334,True,True,0.990122595098022,1.168852850424364,2.0653887672515854,0.53125,0.9440104166666666,0.9769836507872144,1.0,1.1688823789323899,0.990122595098022,1.1259147118697301,7.345110322590727,0.6548896774092734,0.9181387903238408,,self-report; not geometry-derived layer count or success,1.1684848081786914,0.030483911072070023,2.028016258498656,4.359114307267028,4.067086319397465,3.9329136806025353,"GT source-group affine fits evaluated at x=y=0; may extrapolate, not physical layer count"
dual_g8_s912113_b0,spatial_seed_i36,/srv/slam-research/grf/map-denoise/runs/multiscan-pilot-v1/spatial-v11-development-zh54hd3y/outputs/dual_g8_s912113_b0__spatial_seed_i36.npz,c13d93128fd59df5df4ea0261164e9c62112e2b6de564ec24e38e61241c64f74,8.0,912113,0.0,2,2,0.10199065798951779,0.9778645833333334,True,True,0.9685314777920974,1.1492708711224302,2.0378004106526015,0.5377604166666666,0.9466145833333334,0.9579857275329983,1.0,1.1493010972275475,0.9685314777920974,1.105491175003521,7.345346660024214,0.6546533399757859,0.9181683325030268,,self-report; not geometry-derived layer count or success,1.148787862967444,0.03434323786624999,2.0187266337679346,4.443682174133159,4.03187065025279,3.96812934974721,"GT source-group affine fits evaluated at x=y=0; may extrapolate, not physical layer count"
dual_g8_s912113_b0,old_original,/srv/slam-research/grf/map-denoise/runs/multiscan-pilot-v1/reassociation-v7-development-vbwoojgf/outputs/dual_g8_s912113_b0__original_b0_independent.npz,ff6ef2ba9bca7512af3f09ec22df130c3af630ecb72b7ec12c85b9d620769fdd,8.0,912113,0.0,,2,,,True,True,0.25357849370139646,0.48859567447213914,0.9137001262453575,0.9674479166666666,0.9947916666666666,0.23415575244231768,1.0,0.5061574049775301,0.25575703589944837,0.5022427545631166,7.869528232073977,0.13047176792602322,0.9836910290092471,,self-report; not geometry-derived layer count or success,0.5061255413429347,0.005679349778693086,0.3757189573748443,0.506319323055764,7.442037995509507,0.5579620044904932,"GT source-group affine fits evaluated at x=y=0; may extrapolate, not physical layer count"
dual_g8_s912113_b0,old_multistart,/srv/slam-research/grf/map-denoise/runs/multiscan-pilot-v1/reassociation-v7-development-vbwoojgf/outputs/dual_g8_s912113_b0__local_multistart_b6_independent.npz,2ee0c0998711bf7f99d8d0113bf9ccd5d4aac97043e5332028d0dac72d0e3886,8.0,912113,0.0,,2,,,True,True,0.13929755286716297,0.3643066232847483,0.6446169940147131,0.9739583333333334,0.9973958333333334,0.12689274540159126,1.0,0.3751145806501318,0.14029155337801838,0.37229646519831766,7.91120025216729,0.08879974783271027,0.9889000315209112,,self-report; not geometry-derived layer count or success,0.3747516905394082,0.016496031467594575,0.2336722584042035,0.24477071838674158,7.6749293057201555,0.3250706942798445,"GT source-group affine fits evaluated at x=y=0; may extrapolate, not physical layer count"
dual_g8_s912113_b4,global_free_i12,/srv/slam-research/grf/map-denoise/runs/multiscan-pilot-v1/spatial-v11-development-zh54hd3y/outputs/dual_g8_s912113_b4__global_free_i12.npz,75141fbd4224ef235c70566d225597df8a94a8d7ade5346a22f5cf2f874ecf94,8.0,912113,4.0,2,2,0.02749890300037805,0.9713541666666666,True,True,1.140529340979611,1.4437178130610586,2.609871402213683,0.5065104166666666,0.9114583333333334,1.0571662974524128,1.0,1.5113570762927686,1.165430257693676,1.4807774541770131,7.369028010137385,0.6309719898626147,0.9211285012671732,,self-report; not geometry-derived layer count or success,1.5112836433537544,0.014898368757255588,1.7778370654389788,2.6911544735806947,5.028352854247321,2.971647145752679,"GT source-group affine fits evaluated at x=y=0; may extrapolate, not physical layer count"
dual_g8_s912113_b4,global_free_i36,/srv/slam-research/grf/map-denoise/runs/multiscan-pilot-v1/spatial-v11-development-zh54hd3y/outputs/dual_g8_s912113_b4__global_free_i36.npz,2a5e6e6d59a40e0dd3c20c94b269e596f47f22395f440f609449997173ccd8ac,8.0,912113,4.0,2,2,0.07578945100249257,0.9713541666666666,True,True,1.1404380291504945,1.4438075426492967,2.6073407725230306,0.5065104166666666,0.9114583333333334,1.0570365795005363,1.0,1.511442801031687,1.1653389458645598,1.4811143657004564,7.372117585912459,0.6278824140875408,0.9215146982390574,,self-report; not geometry-derived layer count or success,1.5113209593755652,0.019191105821013046,1.7801577891231084,2.693397561804047,5.028799451375788,2.9712005486242123,"GT source-group affine fits evaluated at x=y=0; may extrapolate, not physical layer count"
dual_g8_s912113_b4,spatial_free_i12,/srv/slam-research/grf/map-denoise/runs/multiscan-pilot-v1/spatial-v11-development-zh54hd3y/outputs/dual_g8_s912113_b4__spatial_free_i12.npz,efdf8c5943bb7e17fb67ad539ff8e0fb5519d638cb73c42c93b9e1f37473d724,8.0,912113,4.0,2,2,0.0366903209942393,0.9713541666666666,True,True,0.13332020821652252,0.6148651763998001,0.13873957771089362,0.9817708333333334,0.9934895833333334,0.09683613031704574,1.0,0.7602131193719258,0.15822112493058768,0.7596381486814883,7.972107185070611,0.02789281492938933,0.9965133981338263,,self-report; not geometry-derived layer count or success,0.7601872302771296,0.006273897415487823,0.1435406104350955,0.15143727813690067,7.844438350745058,0.15556164925494187,"GT source-group affine fits evaluated at x=y=0; may extrapolate, not physical layer count"
dual_g8_s912113_b4,spatial_free_i36,/srv/slam-research/grf/map-denoise/runs/multiscan-pilot-v1/spatial-v11-development-zh54hd3y/outputs/dual_g8_s912113_b4__spatial_free_i36.npz,908ea3f23b3c78a4230973a9d224571e3fb9c087f590818395938a53a6ddacdd,8.0,912113,4.0,2,2,0.10342569800559431,0.9713541666666666,True,True,0.13332020821652252,0.6148651763998001,0.13873957771089362,0.9817708333333334,0.9934895833333334,0.09683613031704574,1.0,0.7602131193719258,0.15822112493058768,0.7596381486814883,7.972107185070611,0.02789281492938933,0.9965133981338263,,self-report; not geometry-derived layer count or success,0.7601872302771296,0.006273897415487823,0.1435406104350955,0.15143727813690067,7.844438350745058,0.15556164925494187,"GT source-group affine fits evaluated at x=y=0; may extrapolate, not physical layer count"
dual_g8_s912113_b4,spatial_fixed_i12,/srv/slam-research/grf/map-denoise/runs/multiscan-pilot-v1/spatial-v11-development-zh54hd3y/outputs/dual_g8_s912113_b4__spatial_fixed_i12.npz,26efdb2d89add765ceb1529a3ca72991e4f37f1ca9c806a13f0d5dba16e0b8ee,8.0,912113,4.0,2,2,0.03410198200435843,0.9713541666666666,True,True,0.163058167507956,0.6194712384888205,0.21006270815640574,0.9817708333333334,0.9934895833333334,0.12465626273451813,1.0,0.7639435549726108,0.18795908422202112,0.7627125687048099,7.9284319849958,0.07156801500419974,0.991053998124475,,self-report; not geometry-derived layer count or success,0.7639069965071286,0.007473678588785955,0.2260005408148201,0.24581866380212986,7.694705542400998,0.3052944575990022,"GT source-group affine fits evaluated at x=y=0; may extrapolate, not physical layer count"
dual_g8_s912113_b4,spatial_fixed_i36,/srv/slam-research/grf/map-denoise/runs/multiscan-pilot-v1/spatial-v11-development-zh54hd3y/outputs/dual_g8_s912113_b4__spatial_fixed_i36.npz,92d8315a0fef2f628b30dee21789afbe039c427fce5ba33efbf218005b806278,8.0,912113,4.0,2,2,0.09122148501046468,0.9713541666666666,True,True,0.163058167507956,0.6194712384888205,0.21006270815640574,0.9817708333333334,0.9934895833333334,0.12465626273451813,1.0,0.7639435549726108,0.18795908422202112,0.7627125687048099,7.9284319849958,0.07156801500419974,0.991053998124475,,self-report; not geometry-derived layer count or success,0.7639069965071286,0.007473678588785955,0.2260005408148201,0.24581866380212986,7.694705542400998,0.3052944575990022,"GT source-group affine fits evaluated at x=y=0; may extrapolate, not physical layer count"
dual_g8_s912113_b4,spatial_seed_i12,/srv/slam-research/grf/map-denoise/runs/multiscan-pilot-v1/spatial-v11-development-zh54hd3y/outputs/dual_g8_s912113_b4__spatial_seed_i12.npz,425072dfe8eebf903f7af0330148e16d7c2fc03dd71bc6b5999b179e3ce38131,8.0,912113,4.0,2,2,0.03818106499966234,0.9713541666666666,True,True,1.0497376823594455,1.3084295810694146,2.1261825158926055,0.5221354166666666,0.9375,0.9969831325344679,1.0,1.38270110184765,1.074638599073511,1.3520770740708052,7.395794631392918,0.6042053686070821,0.9244743289241147,,self-report; not geometry-derived layer count or success,1.3827002651485119,0.0015211209485526723,1.9552139731446976,4.372478951624173,4.153130724887291,3.8468692751127094,"GT source-group affine fits evaluated at x=y=0; may extrapolate, not physical layer count"
dual_g8_s912113_b4,spatial_seed_i36,/srv/slam-research/grf/map-denoise/runs/multiscan-pilot-v1/spatial-v11-development-zh54hd3y/outputs/dual_g8_s912113_b4__spatial_seed_i36.npz,032341ba44d379600065ae607a9dff532544d5a4d4f4c343a4a95c9dc6db31b5,8.0,912113,4.0,2,2,0.1024180870008422,0.9713541666666666,True,True,1.029839608183149,1.2917395021830371,2.078500422275678,0.5247395833333334,0.9361979166666666,0.9799218781265119,1.0,1.3669184863978523,1.054740524897214,1.336545072078688,7.401782855313769,0.598217144686231,0.9252228569142211,,self-report; not geometry-derived layer count or success,1.3669171625670578,0.0019024026437454592,1.9620165133046257,4.446549249170817,4.124532114603573,3.875467885396427,"GT source-group affine fits evaluated at x=y=0; may extrapolate, not physical layer count"
dual_g8_s912113_b4,old_original,/srv/slam-research/grf/map-denoise/runs/multiscan-pilot-v1/reassociation-v7-development-vbwoojgf/outputs/dual_g8_s912113_b4__original_b0_independent.npz,cd8cd4a929fbb5f2b4359faa82432c40310ec9c1f3b94c6c08f3c21a9e80eed2,8.0,912113,4.0,,2,,,True,True,0.2996109917951345,0.74145973821609,0.944412495813671,0.9583333333333334,0.9895833333333334,0.24813442469751626,1.0,0.8756998620060058,0.3266664706687879,0.8741249573761027,7.935651772467303,0.06434822753269742,0.9919564715584128,,self-report; not geometry-derived layer count or success,0.8750317425670469,0.03420084527340264,0.24677096913607355,0.48928781685106204,7.573732018712587,0.4262679812874133,"GT source-group affine fits evaluated at x=y=0; may extrapolate, not physical layer count"
dual_g8_s912113_b4,old_multistart,/srv/slam-research/grf/map-denoise/runs/multiscan-pilot-v1/reassociation-v7-development-vbwoojgf/outputs/dual_g8_s912113_b4__local_multistart_b6_independent.npz,52300da4ee18c6479adb90fb7c7141572bfb91a78a504a9d8f694c18250839f5,8.0,912113,4.0,,2,,,True,True,0.23542881233920412,0.7012390919526108,0.8943052780712555,0.9622395833333334,0.9921875,0.18534005518875854,1.0,0.8361430758531502,0.261272416687564,0.8353736186238293,7.957183479624298,0.04281652037570183,0.9946479349530373,,self-report; not geometry-derived layer count or success,0.8360122013010209,0.014793328664908888,0.14672593002418452,0.25796057101361414,7.751072373343173,0.248927626656827,"GT source-group affine fits evaluated at x=y=0; may extrapolate, not physical layer count"
dual_g8_s912127_b0,global_free_i12,/srv/slam-research/grf/map-denoise/runs/multiscan-pilot-v1/spatial-v11-development-zh54hd3y/outputs/dual_g8_s912127_b0__global_free_i12.npz,1988a1206ff7d107082e73bca88b5e0cacfb9796f11571fc400a3b23626f246c,8.0,912127,0.0,2,2,0.027825737997773103,0.9908854166666666,True,True,1.04826429963964,1.2884788609617763,2.449222883370916,0.52734375,0.9166666666666666,1.0011798773474292,1.0,1.2997435327226017,1.0519062928997707,1.2567070061027497,7.315670468031996,0.6843295319680038,0.9144588085039995,,self-report; not geometry-derived layer count or success,1.2992875788471498,0.034424385364737256,1.7980740532265411,3.0407439681083335,4.974433655339661,3.025566344660339,"GT source-group affine fits evaluated at x=y=0; may extrapolate, not physical layer count"
dual_g8_s912127_b0,global_free_i36,/srv/slam-research/grf/map-denoise/runs/multiscan-pilot-v1/spatial-v11-development-zh54hd3y/outputs/dual_g8_s912127_b0__global_free_i36.npz,7cb7a303f62e5e475252387dbf5ed9ba2a1362a3405d63433afffdc2849b8ddb,8.0,912127,0.0,2,2,0.07629921799525619,0.9908854166666666,True,True,1.0450112379245522,1.2834503827587724,2.429977649178694,0.5299479166666666,0.9166666666666666,0.999004977797016,1.0,1.2947929095089348,1.048664272447166,1.2520937546224118,7.319107520555279,0.6808924794447213,0.9148884400694098,,self-report; not geometry-derived layer count or success,1.2944049429464015,0.03169419805794356,1.7904703228888768,3.036811121044027,4.985606483191593,3.014393516808407,"GT source-group affine fits evaluated at x=y=0; may extrapolate, not physical layer count"
dual_g8_s912127_b0,spatial_free_i12,/srv/slam-research/grf/map-denoise/runs/multiscan-pilot-v1/spatial-v11-development-zh54hd3y/outputs/dual_g8_s912127_b0__spatial_free_i12.npz,4dff8e47bee1091a3f52faa4eb77ff6774a25b041f814038eee04bdeab7296d6,8.0,912127,0.0,2,2,0.03705301399168093,0.9908854166666666,True,True,0.08215923079740484,0.14069565320291982,0.16920917643308003,0.9947916666666666,1.0,0.08186894387484825,1.0,0.1407371458531169,0.08215923079740482,0.13434401502731866,7.935982211949504,0.06401778805049574,0.991997776493688,,self-report; not geometry-derived layer count or success,0.13788498798902374,0.028189968253764647,0.230088566344854,0.2321107426464735,8.112296033481783,0.1122960334817833,"GT source-group affine fits evaluated at x=y=0; may extrapolate, not physical layer count"
dual_g8_s912127_b0,spatial_free_i36,/srv/slam-research/grf/map-denoise/runs/multiscan-pilot-v1/spatial-v11-development-zh54hd3y/outputs/dual_g8_s912127_b0__spatial_free_i36.npz,24ae6a73d3fca8e0c0cc12a37eca9b281a9ed240ec3f4dcc61c57ec2b50dde1c,8.0,912127,0.0,2,2,0.10197379300370812,0.9908854166666666,True,True,0.08215923079740484,0.14069565320291982,0.16920917643308003,0.9947916666666666,1.0,0.08186894387484825,1.0,0.1407371458531169,0.08215923079740482,0.13434401502731866,7.935982211949504,0.06401778805049574,0.991997776493688,,self-report; not geometry-derived layer count or success,0.13788498798902374,0.028189968253764647,0.230088566344854,0.2321107426464735,8.112296033481783,0.1122960334817833,"GT source-group affine fits evaluated at x=y=0; may extrapolate, not physical layer count"
dual_g8_s912127_b0,spatial_fixed_i12,/srv/slam-research/grf/map-denoise/runs/multiscan-pilot-v1/spatial-v11-development-zh54hd3y/outputs/dual_g8_s912127_b0__spatial_fixed_i12.npz,15ffb81fbbc19756093bdef2df56586f91092a8541c074413eb52d7f7fa69ae9,8.0,912127,0.0,2,2,0.03445920099329669,0.9908854166666666,True,True,0.07563309857988734,0.13569854199103537,0.1575687345988595,0.9947916666666666,1.0,0.07539768284636249,1.0,0.1357416387873399,0.0756330985798873,0.1224011867490185,7.893041281671685,0.10695871832831472,0.9866301602089607,,self-report; not geometry-derived layer count or success,0.13286080959839855,0.027817220808893383,0.17187956357887405,0.18037423271690395,7.966250436989192,0.033749563010808004,"GT source-group affine fits evaluated at x=y=0; may extrapolate, not physical layer count"
dual_g8_s912127_b0,spatial_fixed_i36,/srv/slam-research/grf/map-denoise/runs/multiscan-pilot-v1/spatial-v11-development-zh54hd3y/outputs/dual_g8_s912127_b0__spatial_fixed_i36.npz,e0d961bde9a41b9f030e4a010bcd89498150353ae0c0ea7cf366194ee98b55c7,8.0,912127,0.0,2,2,0.09204293199582025,0.9908854166666666,True,True,0.07563309857988734,0.13569854199103537,0.1575687345988595,0.9947916666666666,1.0,0.07539768284636249,1.0,0.1357416387873399,0.0756330985798873,0.1224011867490185,7.893041281671685,0.10695871832831472,0.9866301602089607,,self-report; not geometry-derived layer count or success,0.13286080959839855,0.027817220808893383,0.17187956357887405,0.18037423271690395,7.966250436989192,0.033749563010808004,"GT source-group affine fits evaluated at x=y=0; may extrapolate, not physical layer count"
dual_g8_s912127_b0,spatial_seed_i12,/srv/slam-research/grf/map-denoise/runs/multiscan-pilot-v1/spatial-v11-development-zh54hd3y/outputs/dual_g8_s912127_b0__spatial_seed_i12.npz,e0a1765385844f2c937f4a9d1180ce7450adaf4b6eb70a365a29a5769774efbb,8.0,912127,0.0,2,2,0.03859125799499452,0.9908854166666666,True,True,0.9711492436429977,1.1671197513682825,2.1165504144267566,0.546875,0.9322916666666666,0.9600243005397747,1.0,1.1671288998904787,0.9711492436429977,1.1253788873915744,7.359297758668173,0.6407022413318266,0.9199122198335217,,self-report; not geometry-derived layer count or success,1.1669974171365807,0.01751848612490114,2.036447743817935,4.634126620344866,4.18809756125248,3.81190243874752,"GT source-group affine fits evaluated at x=y=0; may extrapolate, not physical layer count"
dual_g8_s912127_b0,spatial_seed_i36,/srv/slam-research/grf/map-denoise/runs/multiscan-pilot-v1/spatial-v11-development-zh54hd3y/outputs/dual_g8_s912127_b0__spatial_seed_i36.npz,ab4ad6077b320f2b895acd6f275b02b938affbe6239da84586394a94f8555159,8.0,912127,0.0,2,2,0.10355464099848177,0.9908854166666666,True,True,0.9641411492751023,1.1572098993904967,2.106511845161418,0.5533854166666666,0.9348958333333334,0.956578026651806,1.0,1.1572191986515252,0.9641411492751023,1.110629669326692,7.3302284303267475,0.6697715696732525,0.9162785537908434,,self-report; not geometry-derived layer count or success,1.1566137856410348,0.03742759133037224,2.0060515451569216,4.672144959385092,4.157945618473251,3.842054381526749,"GT source-group affine fits evaluated at x=y=0; may extrapolate, not physical layer count"
dual_g8_s912127_b0,old_original,/srv/slam-research/grf/map-denoise/runs/multiscan-pilot-v1/reassociation-v7-development-vbwoojgf/outputs/dual_g8_s912127_b0__original_b0_independent.npz,8b70017e86d759bce84dde7fdbe8beb3fc90589c98e1e7af137bc90bab0aa4eb,8.0,912127,0.0,,2,,,True,True,0.10980370303917024,0.18849012863405099,0.2676836869814038,0.9921875,1.0,0.10801846451780665,1.0,0.1885206316153949,0.10980370303917024,0.1858510905907817,7.945641145337443,0.0543588546625573,0.9932051431671803,,self-report; not geometry-derived layer count or success,0.18771981080583308,0.017358029141859632,0.24319224623576255,0.40216059299164086,8.19297663282905,0.19297663282904942,"GT source-group affine fits evaluated at x=y=0; may extrapolate, not physical layer count"
dual_g8_s912127_b0,old_multistart,/srv/slam-research/grf/map-denoise/runs/multiscan-pilot-v1/reassociation-v7-development-vbwoojgf/outputs/dual_g8_s912127_b0__local_multistart_b6_independent.npz,3cc3430cebf680920299ee7dd81456e9a8772074675c11b7036e23fbf32b9f81,8.0,912127,0.0,,2,,,True,True,0.1865963348637567,0.40578276341530434,0.5646538718797838,0.9765625,0.99609375,0.17313960319821495,1.0,0.41440362828002913,0.18747879184831265,0.4117811066307936,7.916632608237207,0.08336739176279284,0.9895790760296509,,self-report; not geometry-derived layer count or success,0.4137507413045934,0.023252767610587578,0.19416624687516773,0.3318147947868951,8.084301707290283,0.08430170729028319,"GT source-group affine fits evaluated at x=y=0; may extrapolate, not physical layer count"
dual_g8_s912127_b4,global_free_i12,/srv/slam-research/grf/map-denoise/runs/multiscan-pilot-v1/spatial-v11-development-zh54hd3y/outputs/dual_g8_s912127_b4__global_free_i12.npz,90f3ea57e38a93de88d5f53ae8045a3f623e523363e54d9612ab63ceb846b59e,8.0,912127,4.0,2,2,0.027428225002950057,0.9895833333333334,True,True,1.0563716443891369,1.3005507884538006,2.466745643962173,0.5234375,0.91015625,1.012638093073008,1.0,1.3891787685113883,1.0861431780422242,1.3428398049745773,7.273664581741222,0.7263354182587776,0.9092080727176528,,self-report; not geometry-derived layer count or success,1.3878100600788472,0.06165134245710457,1.8429272236382097,3.040015859474543,4.904449046841451,3.095550953158549,"GT source-group affine fits evaluated at x=y=0; may extrapolate, not physical layer count"
dual_g8_s912127_b4,global_free_i36,/srv/slam-research/grf/map-denoise/runs/multiscan-pilot-v1/spatial-v11-development-zh54hd3y/outputs/dual_g8_s912127_b4__global_free_i36.npz,4758822045727448afafd60aa2047961ff9c60a3a97adbaba9d54117fd567895,8.0,912127,4.0,2,2,0.07612112400238402,0.9895833333333334,True,True,1.0564661594516298,1.300663370038216,2.46976529208891,0.5247395833333334,0.91015625,1.0127952285856667,1.0,1.3893170597567708,1.0862491191959955,1.342258658266879,7.26885250184766,0.7311474981523398,0.9086065627309575,,self-report; not geometry-derived layer count or success,1.387834996174409,0.0641554044861116,1.838759761107329,3.0359954078713773,4.9043027098318825,3.0956972901681175,"GT source-group affine fits evaluated at x=y=0; may extrapolate, not physical layer count"
dual_g8_s912127_b4,spatial_free_i12,/srv/slam-research/grf/map-denoise/runs/multiscan-pilot-v1/spatial-v11-development-zh54hd3y/outputs/dual_g8_s912127_b4__spatial_free_i12.npz,8cc91f9097d554a90ebfb637c226d914d86a0b4285f97ed57785a8d050459f64,8.0,912127,4.0,2,2,0.03660880800453015,0.9895833333333334,True,True,0.09053067659939472,0.2247701204684446,0.16954997048705542,0.9908854166666666,0.9947916666666666,0.0951789908712336,1.0,0.5096040642423606,0.1166531067273111,0.5041643998781454,7.89711603214808,0.10288396785191978,0.98713950401851,,self-report; not geometry-derived layer count or success,0.5067904374774037,0.05347667504430067,0.2639698021732602,0.2853276235393292,8.04569690514934,0.045696905149339884,"GT source-group affine fits evaluated at x=y=0; may extrapolate, not physical layer count"
dual_g8_s912127_b4,spatial_free_i36,/srv/slam-research/grf/map-denoise/runs/multiscan-pilot-v1/spatial-v11-development-zh54hd3y/outputs/dual_g8_s912127_b4__spatial_free_i36.npz,0e790f5ef8f1f2c42585ffa835d1ec1cccfc91b3224ceb0546bf48caf4564be9,8.0,912127,4.0,2,2,0.10185947499121539,0.9895833333333334,True,True,0.09053067659939472,0.2247701204684446,0.16954997048705542,0.9908854166666666,0.9947916666666666,0.0951789908712336,1.0,0.5096040642423606,0.1166531067273111,0.5041643998781454,7.89711603214808,0.10288396785191978,0.98713950401851,,self-report; not geometry-derived layer count or success,0.5067904374774037,0.05347667504430067,0.2639698021732602,0.2853276235393292,8.04569690514934,0.045696905149339884,"GT source-group affine fits evaluated at x=y=0; may extrapolate, not physical layer count"
dual_g8_s912127_b4,spatial_fixed_i12,/srv/slam-research/grf/map-denoise/runs/multiscan-pilot-v1/spatial-v11-development-zh54hd3y/outputs/dual_g8_s912127_b4__spatial_fixed_i12.npz,b4d7803ce06e77a62469aea8b17d3a1fc333109099f5f3b7edc1d7f9ba11a9e5,8.0,912127,4.0,2,2,0.034453136002412066,0.9895833333333334,True,True,0.08378905645047645,0.2215779618699694,0.15728020530166764,0.9908854166666666,0.9947916666666666,0.08864177543863572,1.0,0.5082044157814891,0.10991148657839282,0.5002890524120248,7.8537266675429835,0.14627333245701646,0.9817158334428729,,self-report; not geometry-derived layer count or success,0.5054267332873875,0.05306171405302191,0.22828704034972971,0.269635176369393,7.898015602729907,0.10198439727009312,"GT source-group affine fits evaluated at x=y=0; may extrapolate, not physical layer count"
dual_g8_s912127_b4,spatial_fixed_i36,/srv/slam-research/grf/map-denoise/runs/multiscan-pilot-v1/spatial-v11-development-zh54hd3y/outputs/dual_g8_s912127_b4__spatial_fixed_i36.npz,e712b3370e3eb7f253387e1067f692de12512b9ad67c55a4abea6842f114f7bf,8.0,912127,4.0,2,2,0.09199659898877144,0.9895833333333334,True,True,0.08378905645047645,0.2215779618699694,0.15728020530166764,0.9908854166666666,0.9947916666666666,0.08864177543863572,1.0,0.5082044157814891,0.10991148657839282,0.5002890524120248,7.8537266675429835,0.14627333245701646,0.9817158334428729,,self-report; not geometry-derived layer count or success,0.5054267332873875,0.05306171405302191,0.22828704034972971,0.269635176369393,7.898015602729907,0.10198439727009312,"GT source-group affine fits evaluated at x=y=0; may extrapolate, not physical layer count"
dual_g8_s912127_b4,spatial_seed_i12,/srv/slam-research/grf/map-denoise/runs/multiscan-pilot-v1/spatial-v11-development-zh54hd3y/outputs/dual_g8_s912127_b4__spatial_seed_i12.npz,39ec9768b4181ee03af4b3719a17b62e791d0181c18753e80df6b66467b0de38,8.0,912127,4.0,2,2,0.038174164001247846,0.9895833333333334,True,True,0.9836798928063586,1.1875274320774076,2.156507872403487,0.5416666666666666,0.921875,0.9765506497011659,1.0,1.2725625090225767,1.009802322934275,1.227097914934375,7.3089540528156745,0.6910459471843255,0.9136192566019593,,self-report; not geometry-derived layer count or success,1.2715920806098138,0.049688226978237916,2.0888716967750773,4.632466772561201,4.107498212533423,3.8925017874665766,"GT source-group affine fits evaluated at x=y=0; may extrapolate, not physical layer count"
dual_g8_s912127_b4,spatial_seed_i36,/srv/slam-research/grf/map-denoise/runs/multiscan-pilot-v1/spatial-v11-development-zh54hd3y/outputs/dual_g8_s912127_b4__spatial_seed_i36.npz,3def50ce833b7c5f2cd386fcf8d6ad33b6e4d167b7c6c02e66a7b61390784157,8.0,912127,4.0,2,2,0.10367000300902873,0.9895833333333334,True,True,0.9724547645231101,1.1706081805056487,2.114460616187883,0.5494791666666666,0.9296875,0.9679852878588425,1.0,1.2567882461536273,0.9985771946510265,1.2071520069007504,7.287660434447918,0.7123395655520817,0.9109575543059898,,self-report; not geometry-derived layer count or success,1.2551238990388955,0.06465828432080631,2.05802099428534,4.670087348028899,4.089350974444489,3.910649025555511,"GT source-group affine fits evaluated at x=y=0; may extrapolate, not physical layer count"
dual_g8_s912127_b4,old_original,/srv/slam-research/grf/map-denoise/runs/multiscan-pilot-v1/reassociation-v7-development-vbwoojgf/outputs/dual_g8_s912127_b4__original_b0_independent.npz,d11640b3e084f5639fbf8e5f5a1f0292ca2a9389d0b328fe8fa8a25ee4fa3fd5,8.0,912127,4.0,,2,,,True,True,0.11782314961200985,0.25967450854452145,0.26851981784520773,0.9895833333333334,0.9947916666666666,0.120331517554501,1.0,0.5259329473617429,0.1439455797399263,0.5217916592051569,7.904201290668982,0.0957987093310182,0.9880251613336227,,self-report; not geometry-derived layer count or success,0.52401733570929,0.0448474859579327,0.2476767576297647,0.40672378121926117,8.12662149269052,0.1266214926905196,"GT source-group affine fits evaluated at x=y=0; may extrapolate, not physical layer count"
dual_g8_s912127_b4,old_multistart,/srv/slam-research/grf/map-denoise/runs/multiscan-pilot-v1/reassociation-v7-development-vbwoojgf/outputs/dual_g8_s912127_b4__local_multistart_b6_independent.npz,b45b118db02e7fb3c3eac27d974bbc474a7b49b1fc96cea59a67d548e6de78b5,8.0,912127,4.0,,2,,,True,True,0.195308640573804,0.44154299034526157,0.6100191919807979,0.9713541666666666,0.9908854166666666,0.1860127177083434,1.0,0.6412213355456421,0.22230977690001097,0.6365121577506574,7.878122225387637,0.12187777461236315,0.9847652781734546,,self-report; not geometry-derived layer count or success,0.6393705868311862,0.04868319888916143,0.2285122938311446,0.3368666873542856,8.02179309159367,0.021793091593670155,"GT source-group affine fits evaluated at x=y=0; may extrapolate, not physical layer count"
ghost_s912101_b0,global_free_i12,/srv/slam-research/grf/map-denoise/runs/multiscan-pilot-v1/spatial-v11-development-zh54hd3y/outputs/ghost_s912101_b0__global_free_i12.npz,850d8b7737308af93d58b6f6a23002a54305811a6272e10c3c3663470262a533,0.0,912101,0.0,1,1,0.028268506997847,1.0,True,True,0.04261261794345316,0.05094473651350809,0.08771686507084253,1.0,1.0,0.04376696889692324,1.0,0.05142901161062785,0.04261261794345316,0.02834111413680963,,,,,self-report; not geometry-derived layer count or success,0.029202667811879777,0.042333762269789965,0.06261134116272736,0.06261134116272736,,,
ghost_s912101_b0,global_free_i36,/srv/slam-research/grf/map-denoise/runs/multiscan-pilot-v1/spatial-v11-development-zh54hd3y/outputs/ghost_s912101_b0__global_free_i36.npz,850d8b7737308af93d58b6f6a23002a54305811a6272e10c3c3663470262a533,0.0,912101,0.0,1,1,0.07625013501092326,1.0,True,True,0.04261261794345316,0.05094473651350809,0.08771686507084253,1.0,1.0,0.04376696889692324,1.0,0.05142901161062785,0.04261261794345316,0.02834111413680963,,,,,self-report; not geometry-derived layer count or success,0.029202667811879777,0.042333762269789965,0.06261134116272736,0.06261134116272736,,,
ghost_s912101_b0,spatial_free_i12,/srv/slam-research/grf/map-denoise/runs/multiscan-pilot-v1/spatial-v11-development-zh54hd3y/outputs/ghost_s912101_b0__spatial_free_i12.npz,e6a35e7f04e3350fd78fcf2735d1dfc9c17fa90b86cb3b13d77c30277b42e9b4,0.0,912101,0.0,1,1,0.036816225008806214,1.0,True,True,0.04261261794345316,0.05094473651350809,0.08771686507084253,1.0,1.0,0.04376696889692324,1.0,0.05142901161062785,0.04261261794345316,0.02834111413680963,,,,,self-report; not geometry-derived layer count or success,0.029202667811879777,0.042333762269789965,0.06261134116272736,0.06261134116272736,,,
ghost_s912101_b0,spatial_free_i36,/srv/slam-research/grf/map-denoise/runs/multiscan-pilot-v1/spatial-v11-development-zh54hd3y/outputs/ghost_s912101_b0__spatial_free_i36.npz,e6a35e7f04e3350fd78fcf2735d1dfc9c17fa90b86cb3b13d77c30277b42e9b4,0.0,912101,0.0,1,1,0.10191991599276662,1.0,True,True,0.04261261794345316,0.05094473651350809,0.08771686507084253,1.0,1.0,0.04376696889692324,1.0,0.05142901161062785,0.04261261794345316,0.02834111413680963,,,,,self-report; not geometry-derived layer count or success,0.029202667811879777,0.042333762269789965,0.06261134116272736,0.06261134116272736,,,
ghost_s912101_b0,spatial_fixed_i12,/srv/slam-research/grf/map-denoise/runs/multiscan-pilot-v1/spatial-v11-development-zh54hd3y/outputs/ghost_s912101_b0__spatial_fixed_i12.npz,c7e2c7e8d26a5f5d5cee15ca1396086f436400fa755950caa0ad4a51e4dd0d5e,0.0,912101,0.0,2,1,0.03385082999011502,1.0,True,True,0.3546006149852256,0.4436902047086648,0.8659798964688046,0.9817708333333334,1.0,0.3531693359512335,1.0,0.44373420405752134,0.3546006149852256,0.4404130620297789,,,,,self-report; not geometry-derived layer count or success,0.44045738160997655,0.053826934111515914,0.05781027171425348,0.05781027171425347,,,
ghost_s912101_b0,spatial_fixed_i36,/srv/slam-research/grf/map-denoise/runs/multiscan-pilot-v1/spatial-v11-development-zh54hd3y/outputs/ghost_s912101_b0__spatial_fixed_i36.npz,44e049cbd69b2bd21cb381d1e36db109d8e3998bd4833bce8b90d8eb4f71dbce,0.0,912101,0.0,2,1,0.09248829699936323,1.0,True,True,0.20627043656911268,0.2966949854393669,0.2986441057822684,0.97265625,1.0,0.2020015681935202,1.0,0.2967676709449606,0.20627043656911268,0.271657764633562,,,,,self-report; not geometry-derived layer count or success,0.271736628574953,0.11929063336580314,0.05538569648600917,0.05538569648600917,,,
ghost_s912101_b0,spatial_seed_i12,/srv/slam-research/grf/map-denoise/runs/multiscan-pilot-v1/spatial-v11-development-zh54hd3y/outputs/ghost_s912101_b0__spatial_seed_i12.npz,35d6d50d9dbd5f87899075885040b40830aae45bfbc00e09358cfb360f238f61,0.0,912101,0.0,1,1,0.03818215300270822,1.0,True,True,0.04261261794345316,0.05094473651350809,0.08771686507084253,1.0,1.0,0.04376696889692324,1.0,0.05142901161062785,0.04261261794345316,0.02834111413680963,,,,,self-report; not geometry-derived layer count or success,0.029202667811879777,0.042333762269789965,0.06261134116272736,0.06261134116272736,,,
ghost_s912101_b0,spatial_seed_i36,/srv/slam-research/grf/map-denoise/runs/multiscan-pilot-v1/spatial-v11-development-zh54hd3y/outputs/ghost_s912101_b0__spatial_seed_i36.npz,35d6d50d9dbd5f87899075885040b40830aae45bfbc00e09358cfb360f238f61,0.0,912101,0.0,1,1,0.10329301000456326,1.0,True,True,0.04261261794345316,0.05094473651350809,0.08771686507084253,1.0,1.0,0.04376696889692324,1.0,0.05142901161062785,0.04261261794345316,0.02834111413680963,,,,,self-report; not geometry-derived layer count or success,0.029202667811879777,0.042333762269789965,0.06261134116272736,0.06261134116272736,,,
ghost_s912101_b0,old_original,/srv/slam-research/grf/map-denoise/runs/multiscan-pilot-v1/reassociation-v7-development-vbwoojgf/outputs/ghost_s912101_b0__original_b0_independent.npz,9b36098654ac6d95490f01c0d828d80e6039a288d97e41bb07a262ca979afb10,0.0,912101,0.0,,1,,,True,True,0.04259948388323872,0.05092123794141834,0.08767595216657237,1.0,1.0,0.04375386721030452,1.0,0.05140573428547497,0.04259948388323872,0.02831594544809564,,,,,self-report; not geometry-derived layer count or success,0.029178242074457166,0.04232233106615506,0.06254876399133667,0.06254876399133667,,,
ghost_s912101_b0,old_multistart,/srv/slam-research/grf/map-denoise/runs/multiscan-pilot-v1/reassociation-v7-development-vbwoojgf/outputs/ghost_s912101_b0__local_multistart_b6_independent.npz,3f9f65386633414c2e25ed4b52c45c7aeb2d1861ce70be5c30376f3a311162ec,0.0,912101,0.0,,1,,,True,True,0.04259948388323872,0.05092123794141834,0.08767595216657237,1.0,1.0,0.04375386721030452,1.0,0.05140573428547497,0.04259948388323872,0.02831594544809564,,,,,self-report; not geometry-derived layer count or success,0.029178242074457166,0.04232233106615506,0.06254876399133667,0.06254876399133667,,,
ghost_s912101_b4,global_free_i12,/srv/slam-research/grf/map-denoise/runs/multiscan-pilot-v1/spatial-v11-development-zh54hd3y/outputs/ghost_s912101_b4__global_free_i12.npz,3b395721a7fa072bbaea33086432cb1cb288850fb80c0d017fd55869638c1dd0,0.0,912101,4.0,1,1,0.027506298007210717,1.0,True,True,0.04260978644387051,0.05093550203091084,0.08769901569590992,1.0,1.0,0.05346589271659031,1.0,0.058409792653145755,0.04260978644387051,0.028324511279558467,,,,,self-report; not geometry-derived layer count or success,0.04024371317197732,0.0423337622697899,0.06257255046486243,0.06257255046486243,,,
ghost_s912101_b4,global_free_i36,/srv/slam-research/grf/map-denoise/runs/multiscan-pilot-v1/spatial-v11-development-zh54hd3y/outputs/ghost_s912101_b4__global_free_i36.npz,3b395721a7fa072bbaea33086432cb1cb288850fb80c0d017fd55869638c1dd0,0.0,912101,4.0,1,1,0.07616687098925468,1.0,True,True,0.04260978644387051,0.05093550203091084,0.08769901569590992,1.0,1.0,0.05346589271659031,1.0,0.058409792653145755,0.04260978644387051,0.028324511279558467,,,,,self-report; not geometry-derived layer count or success,0.04024371317197732,0.0423337622697899,0.06257255046486243,0.06257255046486243,,,
ghost_s912101_b4,spatial_free_i12,/srv/slam-research/grf/map-denoise/runs/multiscan-pilot-v1/spatial-v11-development-zh54hd3y/outputs/ghost_s912101_b4__spatial_free_i12.npz,baf78e66f7b502b69d5b13d72ebeaf0c6832bf888a83167beee07f8ad8484661,0.0,912101,4.0,1,1,0.03709656100545544,1.0,True,True,0.04260978644387051,0.05093550203091084,0.08769901569590992,1.0,1.0,0.05346589271659031,1.0,0.058409792653145755,0.04260978644387051,0.028324511279558467,,,,,self-report; not geometry-derived layer count or success,0.04024371317197732,0.0423337622697899,0.06257255046486243,0.06257255046486243,,,
ghost_s912101_b4,spatial_free_i36,/srv/slam-research/grf/map-denoise/runs/multiscan-pilot-v1/spatial-v11-development-zh54hd3y/outputs/ghost_s912101_b4__spatial_free_i36.npz,baf78e66f7b502b69d5b13d72ebeaf0c6832bf888a83167beee07f8ad8484661,0.0,912101,4.0,1,1,0.10475944398785941,1.0,True,True,0.04260978644387051,0.05093550203091084,0.08769901569590992,1.0,1.0,0.05346589271659031,1.0,0.058409792653145755,0.04260978644387051,0.028324511279558467,,,,,self-report; not geometry-derived layer count or success,0.04024371317197732,0.0423337622697899,0.06257255046486243,0.06257255046486243,,,
ghost_s912101_b4,spatial_fixed_i12,/srv/slam-research/grf/map-denoise/runs/multiscan-pilot-v1/spatial-v11-development-zh54hd3y/outputs/ghost_s912101_b4__spatial_fixed_i12.npz,384d75be641081e28d33eed9b9a693fae9aa355727503311d0d7f1f691c3a28b,0.0,912101,4.0,2,1,0.03183870100474451,1.0,True,True,0.35458561163559593,0.4436725908928169,0.86599319602457,0.9817708333333334,1.0,0.3556918657656842,1.0,0.444594290105965,0.35458561163559593,0.44039389003846674,,,,,self-report; not geometry-derived layer count or success,0.44132242971306085,0.0538386090736691,0.05776479162733531,0.05776479162733532,,,
ghost_s912101_b4,spatial_fixed_i36,/srv/slam-research/grf/map-denoise/runs/multiscan-pilot-v1/spatial-v11-development-zh54hd3y/outputs/ghost_s912101_b4__spatial_fixed_i36.npz,b0900d56b5a8d076a3cb7eafd64003e0d096eeca930a6228044ec8232281bb3c,0.0,912101,4.0,2,1,0.08954068599268794,1.0,True,True,0.2062315909262642,0.29667673203929285,0.2984376323793154,0.97265625,1.0,0.20465186537698155,1.0,0.29804701981081433,0.2062315909262642,0.2716580231114573,,,,,self-report; not geometry-derived layer count or success,0.27315333172534306,0.11924463671567219,0.0553794902888379,0.0553794902888379,,,
ghost_s912101_b4,spatial_seed_i12,/srv/slam-research/grf/map-denoise/runs/multiscan-pilot-v1/spatial-v11-development-zh54hd3y/outputs/ghost_s912101_b4__spatial_seed_i12.npz,fb7bef0f4fa05aa1e1e08f709178e8a75f0dd348e048ef8840fe3147e7c652fa,0.0,912101,4.0,1,1,0.0371199439978227,1.0,True,True,0.04260978644387051,0.05093550203091084,0.08769901569590992,1.0,1.0,0.05346589271659031,1.0,0.058409792653145755,0.04260978644387051,0.028324511279558467,,,,,self-report; not geometry-derived layer count or success,0.04024371317197732,0.0423337622697899,0.06257255046486243,0.06257255046486243,,,
ghost_s912101_b4,spatial_seed_i36,/srv/slam-research/grf/map-denoise/runs/multiscan-pilot-v1/spatial-v11-development-zh54hd3y/outputs/ghost_s912101_b4__spatial_seed_i36.npz,fb7bef0f4fa05aa1e1e08f709178e8a75f0dd348e048ef8840fe3147e7c652fa,0.0,912101,4.0,1,1,0.10350849298993126,1.0,True,True,0.04260978644387051,0.05093550203091084,0.08769901569590992,1.0,1.0,0.05346589271659031,1.0,0.058409792653145755,0.04260978644387051,0.028324511279558467,,,,,self-report; not geometry-derived layer count or success,0.04024371317197732,0.0423337622697899,0.06257255046486243,0.06257255046486243,,,
ghost_s912101_b4,old_original,/srv/slam-research/grf/map-denoise/runs/multiscan-pilot-v1/reassociation-v7-development-vbwoojgf/outputs/ghost_s912101_b4__original_b0_independent.npz,68330b0419cd12c4e4508475d5247478af75292ca048b752254339cbaacffe1d,0.0,912101,4.0,,1,,,True,True,0.04257531671846108,0.05089520681852706,0.08765162514256844,1.0,1.0,0.05343454331016556,1.0,0.05837466548714791,0.04257531671846108,0.0283069598281877,,,,,self-report; not geometry-derived layer count or success,0.04023137417844613,0.04229702238279032,0.06252571361966522,0.06252571361966522,,,
ghost_s912101_b4,old_multistart,/srv/slam-research/grf/map-denoise/runs/multiscan-pilot-v1/reassociation-v7-development-vbwoojgf/outputs/ghost_s912101_b4__local_multistart_b6_independent.npz,b64dea7b881bcb2fd5583834fda7b93c394a04a357338fff4000a9ae05c6631c,0.0,912101,4.0,,1,,,True,True,0.04257531671846108,0.05089520681852706,0.08765162514256844,1.0,1.0,0.05343454331016556,1.0,0.05837466548714791,0.04257531671846108,0.0283069598281877,,,,,self-report; not geometry-derived layer count or success,0.04023137417844613,0.04229702238279032,0.06252571361966522,0.06252571361966522,,,
ghost_s912113_b0,global_free_i12,/srv/slam-research/grf/map-denoise/runs/multiscan-pilot-v1/spatial-v11-development-zh54hd3y/outputs/ghost_s912113_b0__global_free_i12.npz,430f3e0cb97df23458887947fe3f3bb1982ceebe706ea3267bfb081a3f79a308,0.0,912113,0.0,1,1,0.027418359008152038,1.0,True,True,0.043977966401007686,0.05228049995973958,0.09776774319426113,1.0,1.0,0.04418807954296199,1.0,0.05235789933602565,0.043977966401007686,0.050154092778410035,,,,,self-report; not geometry-derived layer count or success,0.05023476853003731,0.014758646740638813,0.08885836555593014,0.08885836555593014,,,
ghost_s912113_b0,global_free_i36,/srv/slam-research/grf/map-denoise/runs/multiscan-pilot-v1/spatial-v11-development-zh54hd3y/outputs/ghost_s912113_b0__global_free_i36.npz,430f3e0cb97df23458887947fe3f3bb1982ceebe706ea3267bfb081a3f79a308,0.0,912113,0.0,1,1,0.07605475599120837,1.0,True,True,0.043977966401007686,0.05228049995973958,0.09776774319426113,1.0,1.0,0.04418807954296199,1.0,0.05235789933602565,0.043977966401007686,0.050154092778410035,,,,,self-report; not geometry-derived layer count or success,0.05023476853003731,0.014758646740638813,0.08885836555593014,0.08885836555593014,,,
ghost_s912113_b0,spatial_free_i12,/srv/slam-research/grf/map-denoise/runs/multiscan-pilot-v1/spatial-v11-development-zh54hd3y/outputs/ghost_s912113_b0__spatial_free_i12.npz,cbca303f73857bc64b899628cabe62812437a438252156a8d35463f912203130,0.0,912113,0.0,1,1,0.036554922990035266,1.0,True,True,0.043977966401007686,0.05228049995973958,0.09776774319426113,1.0,1.0,0.04418807954296199,1.0,0.05235789933602565,0.043977966401007686,0.050154092778410035,,,,,self-report; not geometry-derived layer count or success,0.05023476853003731,0.014758646740638813,0.08885836555593014,0.08885836555593014,,,
ghost_s912113_b0,spatial_free_i36,/srv/slam-research/grf/map-denoise/runs/multiscan-pilot-v1/spatial-v11-development-zh54hd3y/outputs/ghost_s912113_b0__spatial_free_i36.npz,cbca303f73857bc64b899628cabe62812437a438252156a8d35463f912203130,0.0,912113,0.0,1,1,0.10177740499784704,1.0,True,True,0.043977966401007686,0.05228049995973958,0.09776774319426113,1.0,1.0,0.04418807954296199,1.0,0.05235789933602565,0.043977966401007686,0.050154092778410035,,,,,self-report; not geometry-derived layer count or success,0.05023476853003731,0.014758646740638813,0.08885836555593014,0.08885836555593014,,,
ghost_s912113_b0,spatial_fixed_i12,/srv/slam-research/grf/map-denoise/runs/multiscan-pilot-v1/spatial-v11-development-zh54hd3y/outputs/ghost_s912113_b0__spatial_fixed_i12.npz,4c7f2e12b3a38fad5c03135a22bc825f3de3703f61afe90a5fcb83e0844b9454,0.0,912113,0.0,1,1,0.0019686309969983995,1.0,True,True,0.043977966401007686,0.05228049995973958,0.09776774319426113,1.0,1.0,0.04418807954296199,1.0,0.05235789933602565,0.043977966401007686,0.050154092778410035,,,,,self-report; not geometry-derived layer count or success,0.05023476853003731,0.014758646740638813,0.08885836555593014,0.08885836555593014,,,
ghost_s912113_b0,spatial_fixed_i36,/srv/slam-research/grf/map-denoise/runs/multiscan-pilot-v1/spatial-v11-development-zh54hd3y/outputs/ghost_s912113_b0__spatial_fixed_i36.npz,4c7f2e12b3a38fad5c03135a22bc825f3de3703f61afe90a5fcb83e0844b9454,0.0,912113,0.0,1,1,0.0019055500015383586,1.0,True,True,0.043977966401007686,0.05228049995973958,0.09776774319426113,1.0,1.0,0.04418807954296199,1.0,0.05235789933602565,0.043977966401007686,0.050154092778410035,,,,,self-report; not geometry-derived layer count or success,0.05023476853003731,0.014758646740638813,0.08885836555593014,0.08885836555593014,,,
ghost_s912113_b0,spatial_seed_i12,/srv/slam-research/grf/map-denoise/runs/multiscan-pilot-v1/spatial-v11-development-zh54hd3y/outputs/ghost_s912113_b0__spatial_seed_i12.npz,4c7f2e12b3a38fad5c03135a22bc825f3de3703f61afe90a5fcb83e0844b9454,0.0,912113,0.0,1,1,0.03820860700216144,1.0,True,True,0.043977966401007686,0.05228049995973958,0.09776774319426113,1.0,1.0,0.04418807954296199,1.0,0.05235789933602565,0.043977966401007686,0.050154092778410035,,,,,self-report; not geometry-derived layer count or success,0.05023476853003731,0.014758646740638813,0.08885836555593014,0.08885836555593014,,,
ghost_s912113_b0,spatial_seed_i36,/srv/slam-research/grf/map-denoise/runs/multiscan-pilot-v1/spatial-v11-development-zh54hd3y/outputs/ghost_s912113_b0__spatial_seed_i36.npz,4c7f2e12b3a38fad5c03135a22bc825f3de3703f61afe90a5fcb83e0844b9454,0.0,912113,0.0,1,1,0.10420339700067416,1.0,True,True,0.043977966401007686,0.05228049995973958,0.09776774319426113,1.0,1.0,0.04418807954296199,1.0,0.05235789933602565,0.043977966401007686,0.050154092778410035,,,,,self-report; not geometry-derived layer count or success,0.05023476853003731,0.014758646740638813,0.08885836555593014,0.08885836555593014,,,
ghost_s912113_b0,old_original,/srv/slam-research/grf/map-denoise/runs/multiscan-pilot-v1/reassociation-v7-development-vbwoojgf/outputs/ghost_s912113_b0__original_b0_independent.npz,cbd69bf07f942941dfc8712d163b3aaa7b1c82a4836f7e4261282f884ed6f475,0.0,912113,0.0,,1,,,True,True,0.09832035359670195,0.1257877371327537,0.2580685502353303,1.0,1.0,0.0984326177407137,1.0,0.12581954551731903,0.09832035359670195,0.12491729619180351,,,,,self-report; not geometry-derived layer count or success,0.12494932616495093,0.014772404174995514,0.08881459947806371,0.08881459947806371,,,
ghost_s912113_b0,old_multistart,/srv/slam-research/grf/map-denoise/runs/multiscan-pilot-v1/reassociation-v7-development-vbwoojgf/outputs/ghost_s912113_b0__local_multistart_b6_independent.npz,2a2daf43b67d2c6795fb03c5207bdbe522295446a48bf320e36c7e6e5413a6dc,0.0,912113,0.0,,1,,,True,True,0.09832035359670195,0.1257877371327537,0.2580685502353303,1.0,1.0,0.0984326177407137,1.0,0.12581954551731903,0.09832035359670195,0.12491729619180351,,,,,self-report; not geometry-derived layer count or success,0.12494932616495093,0.014772404174995514,0.08881459947806371,0.08881459947806371,,,
ghost_s912113_b4,global_free_i12,/srv/slam-research/grf/map-denoise/runs/multiscan-pilot-v1/spatial-v11-development-zh54hd3y/outputs/ghost_s912113_b4__global_free_i12.npz,dc4682d77769768f2963443b15791bde7abf1b79fd7d915fa074b382fe7f64cc,0.0,912113,4.0,1,1,0.027610821998678148,1.0,True,True,0.04397561916892039,0.052277591726420526,0.09775940295441858,1.0,1.0,0.046169658083483944,1.0,0.05351118920328834,0.04397561916892039,0.05015106123602304,,,,,self-report; not geometry-derived layer count or success,0.0514356852422046,0.014758646740639161,0.08885253509299999,0.08885253509299998,,,
ghost_s912113_b4,global_free_i36,/srv/slam-research/grf/map-denoise/runs/multiscan-pilot-v1/spatial-v11-development-zh54hd3y/outputs/ghost_s912113_b4__global_free_i36.npz,dc4682d77769768f2963443b15791bde7abf1b79fd7d915fa074b382fe7f64cc,0.0,912113,4.0,1,1,0.07647908900980838,1.0,True,True,0.04397561916892039,0.052277591726420526,0.09775940295441858,1.0,1.0,0.046169658083483944,1.0,0.05351118920328834,0.04397561916892039,0.05015106123602304,,,,,self-report; not geometry-derived layer count or success,0.0514356852422046,0.014758646740639161,0.08885253509299999,0.08885253509299998,,,
ghost_s912113_b4,spatial_free_i12,/srv/slam-research/grf/map-denoise/runs/multiscan-pilot-v1/spatial-v11-development-zh54hd3y/outputs/ghost_s912113_b4__spatial_free_i12.npz,a0c3264a5364804959f5765acac7ecb747f1e7e47f7a6933a2591ce9fbdef101,0.0,912113,4.0,1,1,0.03677313998923637,1.0,True,True,0.04397561916892039,0.052277591726420526,0.09775940295441858,1.0,1.0,0.046169658083483944,1.0,0.05351118920328834,0.04397561916892039,0.05015106123602304,,,,,self-report; not geometry-derived layer count or success,0.0514356852422046,0.014758646740639161,0.08885253509299999,0.08885253509299998,,,
ghost_s912113_b4,spatial_free_i36,/srv/slam-research/grf/map-denoise/runs/multiscan-pilot-v1/spatial-v11-development-zh54hd3y/outputs/ghost_s912113_b4__spatial_free_i36.npz,a0c3264a5364804959f5765acac7ecb747f1e7e47f7a6933a2591ce9fbdef101,0.0,912113,4.0,1,1,0.1068389650026802,1.0,True,True,0.04397561916892039,0.052277591726420526,0.09775940295441858,1.0,1.0,0.046169658083483944,1.0,0.05351118920328834,0.04397561916892039,0.05015106123602304,,,,,self-report; not geometry-derived layer count or success,0.0514356852422046,0.014758646740639161,0.08885253509299999,0.08885253509299998,,,
ghost_s912113_b4,spatial_fixed_i12,/srv/slam-research/grf/map-denoise/runs/multiscan-pilot-v1/spatial-v11-development-zh54hd3y/outputs/ghost_s912113_b4__spatial_fixed_i12.npz,44e180d1a07ada6785ef8f5a0dfc0d7623c423b65301e7be06f8222067bd4ec9,0.0,912113,4.0,1,1,0.002001411994569935,1.0,True,True,0.04397561916892039,0.052277591726420526,0.09775940295441858,1.0,1.0,0.046169658083483944,1.0,0.05351118920328834,0.04397561916892039,0.05015106123602304,,,,,self-report; not geometry-derived layer count or success,0.0514356852422046,0.014758646740639161,0.08885253509299999,0.08885253509299998,,,
ghost_s912113_b4,spatial_fixed_i36,/srv/slam-research/grf/map-denoise/runs/multiscan-pilot-v1/spatial-v11-development-zh54hd3y/outputs/ghost_s912113_b4__spatial_fixed_i36.npz,44e180d1a07ada6785ef8f5a0dfc0d7623c423b65301e7be06f8222067bd4ec9,0.0,912113,4.0,1,1,0.0019058049947489053,1.0,True,True,0.04397561916892039,0.052277591726420526,0.09775940295441858,1.0,1.0,0.046169658083483944,1.0,0.05351118920328834,0.04397561916892039,0.05015106123602304,,,,,self-report; not geometry-derived layer count or success,0.0514356852422046,0.014758646740639161,0.08885253509299999,0.08885253509299998,,,
ghost_s912113_b4,spatial_seed_i12,/srv/slam-research/grf/map-denoise/runs/multiscan-pilot-v1/spatial-v11-development-zh54hd3y/outputs/ghost_s912113_b4__spatial_seed_i12.npz,44e180d1a07ada6785ef8f5a0dfc0d7623c423b65301e7be06f8222067bd4ec9,0.0,912113,4.0,1,1,0.03850051900371909,1.0,True,True,0.04397561916892039,0.052277591726420526,0.09775940295441858,1.0,1.0,0.046169658083483944,1.0,0.05351118920328834,0.04397561916892039,0.05015106123602304,,,,,self-report; not geometry-derived layer count or success,0.0514356852422046,0.014758646740639161,0.08885253509299999,0.08885253509299998,,,
ghost_s912113_b4,spatial_seed_i36,/srv/slam-research/grf/map-denoise/runs/multiscan-pilot-v1/spatial-v11-development-zh54hd3y/outputs/ghost_s912113_b4__spatial_seed_i36.npz,44e180d1a07ada6785ef8f5a0dfc0d7623c423b65301e7be06f8222067bd4ec9,0.0,912113,4.0,1,1,0.10359416701248847,1.0,True,True,0.04397561916892039,0.052277591726420526,0.09775940295441858,1.0,1.0,0.046169658083483944,1.0,0.05351118920328834,0.04397561916892039,0.05015106123602304,,,,,self-report; not geometry-derived layer count or success,0.0514356852422046,0.014758646740639161,0.08885253509299999,0.08885253509299998,,,
ghost_s912113_b4,old_original,/srv/slam-research/grf/map-denoise/runs/multiscan-pilot-v1/reassociation-v7-development-vbwoojgf/outputs/ghost_s912113_b4__original_b0_independent.npz,485feb7180e1c6254a0866243d16b9d71eee5bd37531aada2f8893bde5e1e50e,0.0,912113,4.0,,1,,,True,True,0.0983105065512574,0.12577524061420972,0.2580594155585459,1.0,1.0,0.09968966100979275,1.0,0.12629418398097875,0.0983105065512574,0.12490470994168,,,,,self-report; not geometry-derived layer count or success,0.1254272550982151,0.014772426542331829,0.08880870112982264,0.08880870112982264,,,
ghost_s912113_b4,old_multistart,/srv/slam-research/grf/map-denoise/runs/multiscan-pilot-v1/reassociation-v7-development-vbwoojgf/outputs/ghost_s912113_b4__local_multistart_b6_independent.npz,c7563b97c19066879413069cbfc58d21311f18c6b7b4c828f20aa435d4bafb0b,0.0,912113,4.0,,1,,,True,True,0.0983105065512574,0.12577524061420972,0.2580594155585459,1.0,1.0,0.09968966100979275,1.0,0.12629418398097875,0.0983105065512574,0.12490470994168,,,,,self-report; not geometry-derived layer count or success,0.1254272550982151,0.014772426542331829,0.08880870112982264,0.08880870112982264,,,
ghost_s912127_b0,global_free_i12,/srv/slam-research/grf/map-denoise/runs/multiscan-pilot-v1/spatial-v11-development-zh54hd3y/outputs/ghost_s912127_b0__global_free_i12.npz,48a5c796f81c2ddd52bc098d2b8b1c7588e64cde9c3d5a6d2258129c603b25a5,0.0,912127,0.0,1,1,0.027496990995132364,1.0,True,True,0.02196596223216729,0.026678937445693843,0.05090986986038716,1.0,1.0,0.022327423908100424,1.0,0.026827686386840847,0.02196596223216729,0.018631196877083357,,,,,self-report; not geometry-derived layer count or success,0.018843581154124642,0.019095659353858544,0.03850956999843674,0.03850956999843674,,,
ghost_s912127_b0,global_free_i36,/srv/slam-research/grf/map-denoise/runs/multiscan-pilot-v1/spatial-v11-development-zh54hd3y/outputs/ghost_s912127_b0__global_free_i36.npz,48a5c796f81c2ddd52bc098d2b8b1c7588e64cde9c3d5a6d2258129c603b25a5,0.0,912127,0.0,1,1,0.07510551100131124,1.0,True,True,0.02196596223216729,0.026678937445693843,0.05090986986038716,1.0,1.0,0.022327423908100424,1.0,0.026827686386840847,0.02196596223216729,0.018631196877083357,,,,,self-report; not geometry-derived layer count or success,0.018843581154124642,0.019095659353858544,0.03850956999843674,0.03850956999843674,,,
ghost_s912127_b0,spatial_free_i12,/srv/slam-research/grf/map-denoise/runs/multiscan-pilot-v1/spatial-v11-development-zh54hd3y/outputs/ghost_s912127_b0__spatial_free_i12.npz,a5d64e7f6f70afa1b1df7805731e7b3409f808e8cdf7dcace4bb06f3d0dcbb71,0.0,912127,0.0,1,1,0.03689059200405609,1.0,True,True,0.02196596223216729,0.026678937445693843,0.05090986986038716,1.0,1.0,0.022327423908100424,1.0,0.026827686386840847,0.02196596223216729,0.018631196877083357,,,,,self-report; not geometry-derived layer count or success,0.018843581154124642,0.019095659353858544,0.03850956999843674,0.03850956999843674,,,
ghost_s912127_b0,spatial_free_i36,/srv/slam-research/grf/map-denoise/runs/multiscan-pilot-v1/spatial-v11-development-zh54hd3y/outputs/ghost_s912127_b0__spatial_free_i36.npz,a5d64e7f6f70afa1b1df7805731e7b3409f808e8cdf7dcace4bb06f3d0dcbb71,0.0,912127,0.0,1,1,0.10165276400221046,1.0,True,True,0.02196596223216729,0.026678937445693843,0.05090986986038716,1.0,1.0,0.022327423908100424,1.0,0.026827686386840847,0.02196596223216729,0.018631196877083357,,,,,self-report; not geometry-derived layer count or success,0.018843581154124642,0.019095659353858544,0.03850956999843674,0.03850956999843674,,,
ghost_s912127_b0,spatial_fixed_i12,/srv/slam-research/grf/map-denoise/runs/multiscan-pilot-v1/spatial-v11-development-zh54hd3y/outputs/ghost_s912127_b0__spatial_fixed_i12.npz,e05a6c71ff5050efd205ed06582fa0cbf84c02c8f3ac7c7c4cbb05ad31c9d324,0.0,912127,0.0,1,1,0.0019623730040621012,1.0,True,True,0.02196596223216729,0.026678937445693843,0.05090986986038716,1.0,1.0,0.022327423908100424,1.0,0.026827686386840847,0.02196596223216729,0.018631196877083357,,,,,self-report; not geometry-derived layer count or success,0.018843581154124642,0.019095659353858544,0.03850956999843674,0.03850956999843674,,,
ghost_s912127_b0,spatial_fixed_i36,/srv/slam-research/grf/map-denoise/runs/multiscan-pilot-v1/spatial-v11-development-zh54hd3y/outputs/ghost_s912127_b0__spatial_fixed_i36.npz,e05a6c71ff5050efd205ed06582fa0cbf84c02c8f3ac7c7c4cbb05ad31c9d324,0.0,912127,0.0,1,1,0.0019009800016647205,1.0,True,True,0.02196596223216729,0.026678937445693843,0.05090986986038716,1.0,1.0,0.022327423908100424,1.0,0.026827686386840847,0.02196596223216729,0.018631196877083357,,,,,self-report; not geometry-derived layer count or success,0.018843581154124642,0.019095659353858544,0.03850956999843674,0.03850956999843674,,,
ghost_s912127_b0,spatial_seed_i12,/srv/slam-research/grf/map-denoise/runs/multiscan-pilot-v1/spatial-v11-development-zh54hd3y/outputs/ghost_s912127_b0__spatial_seed_i12.npz,e05a6c71ff5050efd205ed06582fa0cbf84c02c8f3ac7c7c4cbb05ad31c9d324,0.0,912127,0.0,1,1,0.03808727899740916,1.0,True,True,0.02196596223216729,0.026678937445693843,0.05090986986038716,1.0,1.0,0.022327423908100424,1.0,0.026827686386840847,0.02196596223216729,0.018631196877083357,,,,,self-report; not geometry-derived layer count or success,0.018843581154124642,0.019095659353858544,0.03850956999843674,0.03850956999843674,,,
ghost_s912127_b0,spatial_seed_i36,/srv/slam-research/grf/map-denoise/runs/multiscan-pilot-v1/spatial-v11-development-zh54hd3y/outputs/ghost_s912127_b0__spatial_seed_i36.npz,e05a6c71ff5050efd205ed06582fa0cbf84c02c8f3ac7c7c4cbb05ad31c9d324,0.0,912127,0.0,1,1,0.10344869400432799,1.0,True,True,0.02196596223216729,0.026678937445693843,0.05090986986038716,1.0,1.0,0.022327423908100424,1.0,0.026827686386840847,0.02196596223216729,0.018631196877083357,,,,,self-report; not geometry-derived layer count or success,0.018843581154124642,0.019095659353858544,0.03850956999843674,0.03850956999843674,,,
ghost_s912127_b0,old_original,/srv/slam-research/grf/map-denoise/runs/multiscan-pilot-v1/reassociation-v7-development-vbwoojgf/outputs/ghost_s912127_b0__original_b0_independent.npz,e15039935f762672e77860e1a057e2df77f503af66524bae635c95ffbe7d8eab,0.0,912127,0.0,,1,,,True,True,0.04475843992090144,0.12685699824799515,0.3247297676435749,1.0,1.0,0.04524556769815132,1.0,0.12688787286917666,0.04475843992090144,0.12547030421021915,,,,,self-report; not geometry-derived layer count or success,0.12550151996756487,0.018705634634923723,0.03702049834578161,0.03702049834578161,,,
ghost_s912127_b0,old_multistart,/srv/slam-research/grf/map-denoise/runs/multiscan-pilot-v1/reassociation-v7-development-vbwoojgf/outputs/ghost_s912127_b0__local_multistart_b6_independent.npz,97c1daf8751d5b00b5bf854c336f99851291ce084198820ee570b4a51d2d37bb,0.0,912127,0.0,,1,,,True,True,0.04475843992090144,0.12685699824799515,0.3247297676435749,1.0,1.0,0.04524556769815132,1.0,0.12688787286917666,0.04475843992090144,0.12547030421021915,,,,,self-report; not geometry-derived layer count or success,0.12550151996756487,0.018705634634923723,0.03702049834578161,0.03702049834578161,,,
ghost_s912127_b4,global_free_i12,/srv/slam-research/grf/map-denoise/runs/multiscan-pilot-v1/spatial-v11-development-zh54hd3y/outputs/ghost_s912127_b4__global_free_i12.npz,1323871f7da7a23b6e62f90421949d0aed44f0612c8db5d4ab6c4ff80f5b047f,0.0,912127,4.0,1,1,0.027930377997108735,1.0,True,True,0.02196453929549055,0.026676904279743435,0.05091342750670853,1.0,1.0,0.025764854279342674,1.0,0.02906115734069004,0.02196453929549055,0.01862828536908284,,,,,self-report; not geometry-derived layer count or success,0.021906772008256605,0.0190956593538586,0.03850217805606588,0.03850217805606588,,,
ghost_s912127_b4,global_free_i36,/srv/slam-research/grf/map-denoise/runs/multiscan-pilot-v1/spatial-v11-development-zh54hd3y/outputs/ghost_s912127_b4__global_free_i36.npz,1323871f7da7a23b6e62f90421949d0aed44f0612c8db5d4ab6c4ff80f5b047f,0.0,912127,4.0,1,1,0.07612961399718188,1.0,True,True,0.02196453929549055,0.026676904279743435,0.05091342750670853,1.0,1.0,0.025764854279342674,1.0,0.02906115734069004,0.02196453929549055,0.01862828536908284,,,,,self-report; not geometry-derived layer count or success,0.021906772008256605,0.0190956593538586,0.03850217805606588,0.03850217805606588,,,
ghost_s912127_b4,spatial_free_i12,/srv/slam-research/grf/map-denoise/runs/multiscan-pilot-v1/spatial-v11-development-zh54hd3y/outputs/ghost_s912127_b4__spatial_free_i12.npz,4fadf3149a813d082f156981c9268e00b32fe06428697d8550a631d412469b41,0.0,912127,4.0,1,1,0.03646848200878594,1.0,True,True,0.02196453929549055,0.026676904279743435,0.05091342750670853,1.0,1.0,0.025764854279342674,1.0,0.02906115734069004,0.02196453929549055,0.01862828536908284,,,,,self-report; not geometry-derived layer count or success,0.021906772008256605,0.0190956593538586,0.03850217805606588,0.03850217805606588,,,
ghost_s912127_b4,spatial_free_i36,/srv/slam-research/grf/map-denoise/runs/multiscan-pilot-v1/spatial-v11-development-zh54hd3y/outputs/ghost_s912127_b4__spatial_free_i36.npz,4fadf3149a813d082f156981c9268e00b32fe06428697d8550a631d412469b41,0.0,912127,4.0,1,1,0.10156386099697556,1.0,True,True,0.02196453929549055,0.026676904279743435,0.05091342750670853,1.0,1.0,0.025764854279342674,1.0,0.02906115734069004,0.02196453929549055,0.01862828536908284,,,,,self-report; not geometry-derived layer count or success,0.021906772008256605,0.0190956593538586,0.03850217805606588,0.03850217805606588,,,
ghost_s912127_b4,spatial_fixed_i12,/srv/slam-research/grf/map-denoise/runs/multiscan-pilot-v1/spatial-v11-development-zh54hd3y/outputs/ghost_s912127_b4__spatial_fixed_i12.npz,691ccba237dad1a3c2b2cf01c4894509d5625c6fa95e2f5c3b3d9c79f7e2b189,0.0,912127,4.0,1,1,0.0019664310093503445,1.0,True,True,0.02196453929549055,0.026676904279743435,0.05091342750670853,1.0,1.0,0.025764854279342674,1.0,0.02906115734069004,0.02196453929549055,0.01862828536908284,,,,,self-report; not geometry-derived layer count or success,0.021906772008256605,0.0190956593538586,0.03850217805606588,0.03850217805606588,,,
ghost_s912127_b4,spatial_fixed_i36,/srv/slam-research/grf/map-denoise/runs/multiscan-pilot-v1/spatial-v11-development-zh54hd3y/outputs/ghost_s912127_b4__spatial_fixed_i36.npz,691ccba237dad1a3c2b2cf01c4894509d5625c6fa95e2f5c3b3d9c79f7e2b189,0.0,912127,4.0,1,1,0.0019029790128115565,1.0,True,True,0.02196453929549055,0.026676904279743435,0.05091342750670853,1.0,1.0,0.025764854279342674,1.0,0.02906115734069004,0.02196453929549055,0.01862828536908284,,,,,self-report; not geometry-derived layer count or success,0.021906772008256605,0.0190956593538586,0.03850217805606588,0.03850217805606588,,,
ghost_s912127_b4,spatial_seed_i12,/srv/slam-research/grf/map-denoise/runs/multiscan-pilot-v1/spatial-v11-development-zh54hd3y/outputs/ghost_s912127_b4__spatial_seed_i12.npz,691ccba237dad1a3c2b2cf01c4894509d5625c6fa95e2f5c3b3d9c79f7e2b189,0.0,912127,4.0,1,1,0.03780601000471506,1.0,True,True,0.02196453929549055,0.026676904279743435,0.05091342750670853,1.0,1.0,0.025764854279342674,1.0,0.02906115734069004,0.02196453929549055,0.01862828536908284,,,,,self-report; not geometry-derived layer count or success,0.021906772008256605,0.0190956593538586,0.03850217805606588,0.03850217805606588,,,
ghost_s912127_b4,spatial_seed_i36,/srv/slam-research/grf/map-denoise/runs/multiscan-pilot-v1/spatial-v11-development-zh54hd3y/outputs/ghost_s912127_b4__spatial_seed_i36.npz,691ccba237dad1a3c2b2cf01c4894509d5625c6fa95e2f5c3b3d9c79f7e2b189,0.0,912127,4.0,1,1,0.10229277699545491,1.0,True,True,0.02196453929549055,0.026676904279743435,0.05091342750670853,1.0,1.0,0.025764854279342674,1.0,0.02906115734069004,0.02196453929549055,0.01862828536908284,,,,,self-report; not geometry-derived layer count or success,0.021906772008256605,0.0190956593538586,0.03850217805606588,0.03850217805606588,,,
ghost_s912127_b4,old_original,/srv/slam-research/grf/map-denoise/runs/multiscan-pilot-v1/reassociation-v7-development-vbwoojgf/outputs/ghost_s912127_b4__original_b0_independent.npz,3c8fb96cb4901aa4f195bfb80aa555df1fc7af2b67b64f4c8b4211310dd9e3e4,0.0,912127,4.0,,1,,,True,True,0.04475279271385202,0.1268496777837374,0.32479705378918533,1.0,1.0,0.04934737368355674,1.0,0.12737149940912573,0.04475279271385202,0.1254629543770153,,,,,self-report; not geometry-derived layer count or success,0.1259905195944895,0.018705288932263975,0.03701137673601337,0.03701137673601337,,,
ghost_s912127_b4,old_multistart,/srv/slam-research/grf/map-denoise/runs/multiscan-pilot-v1/reassociation-v7-development-vbwoojgf/outputs/ghost_s912127_b4__local_multistart_b6_independent.npz,d352ad399137cdc1dce2774fef59d51e12b138a7df03cb78c9081b995c89e236,0.0,912127,4.0,,1,,,True,True,0.04475279271385202,0.1268496777837374,0.32479705378918533,1.0,1.0,0.04934737368355674,1.0,0.12737149940912573,0.04475279271385202,0.1254629543770153,,,,,self-report; not geometry-derived layer count or success,0.1259905195944895,0.018705288932263975,0.03701137673601337,0.03701137673601337,,,
