case,domain,method,output,output_sha256,prepare_seconds,decode_seconds,association_change_fraction,fallback_components,gap_mm,identifiable,geometry_scored,surface_accuracy_mean_mm,surface_accuracy_rms_mm,surface_accuracy_p95_mm,reference_sample_coverage_1mm,reference_sample_coverage_2mm,reference_sample_distance_mean_mm,output_point_count_ratio,matched_point_rms_mm,matched_normal_mae_mm,within_source_layer_rms_mm,reported_model_k,model_k_note,global_translation_only_aligned_rms_mm,output_edit_from_reference_centroid_mm,source_surface_tilt_mean_deg,source_surface_tilt_max_deg,source_group_gap_mm,source_group_gap_error_mm,source_group_gap_retention,fitted_gap_at_same_xy_mm,fitted_gap_at_same_xy_error_mm,fitted_gap_note
ghost_s9133011_b0,synthetic,global_hard,/srv/slam-research/grf/map-denoise/runs/multiscan-pilot-v1/atlas-v13-confirmation-q9ixevii/outputs/ghost_s9133011_b0__global_hard.npz,0ce1c932ae83dc24fcd5e7040931affb8fd3e0d5305fc85f5080be96f086e8ac,0.044848890000025676,0.00013888900002712035,0.0,0,0.0,True,True,0.052793252767108355,0.06530376903386553,0.12317140041214357,1.0,1.0,0.05293975323707186,1.0,0.06534721280020113,0.052793252767108355,0.0646331759884032,,self-report; not geometry-derived layer count or success,0.06467707019550448,0.009334602920347325,0.13086706066303036,0.13086706066303036,,,,,,
ghost_s9133011_b0,synthetic,atlas_hard_96,/srv/slam-research/grf/map-denoise/runs/multiscan-pilot-v1/atlas-v13-confirmation-q9ixevii/outputs/ghost_s9133011_b0__atlas_hard_96.npz,2dc31eca7715313b1263cda3e82011c7c7895b5b06517e70b7a35277aece180e,0.044848890000025676,0.0017991480000318916,0.0,0,0.0,True,True,0.15868238115079517,0.20514531546670584,0.4319265332403199,1.0,1.0,0.16045381708827663,1.0,0.20591177871580732,0.15868238115079517,0.2030451698284818,,self-report; not geometry-derived layer count or success,0.20381932436296638,0.029280430839239733,0.12732182977975975,0.12732182977975975,,,,,,
ghost_s9133011_b0,synthetic,atlas_hard_256,/srv/slam-research/grf/map-denoise/runs/multiscan-pilot-v1/atlas-v13-confirmation-q9ixevii/outputs/ghost_s9133011_b0__atlas_hard_256.npz,a8b0b3d362936ab731aa60541954c189a8d6177c658db508b3c37147711e19fa,0.044848890000025676,0.0011319640000237996,0.0,0,0.0,True,True,0.05691469589695647,0.07625049843732348,0.16292475248369692,1.0,1.0,0.057150076563841246,1.0,0.07633912700351632,0.05691469589695647,0.07624429219094966,,self-report; not geometry-derived layer count or success,0.07633290114155662,0.0009749435739247484,0.1213148992924028,0.1213148992924028,,,,,,
ghost_s9133011_b0,synthetic,atlas_tied_96,/srv/slam-research/grf/map-denoise/runs/multiscan-pilot-v1/atlas-v13-confirmation-q9ixevii/outputs/ghost_s9133011_b0__atlas_tied_96.npz,9f9b0145eb4b0a8a81e5dc643eb91a3f676e8a76196a7812322b72cb889fde11,0.044848890000025676,0.0015459160000546035,0.0,0,0.0,True,True,0.08670661833369825,0.10560308684120381,0.1961973615268215,1.0,1.0,0.08680689891234288,1.0,0.10562978971529113,0.08670661833369825,0.10033317641881542,,self-report; not geometry-derived layer count or success,0.1003612669678962,0.03294341463624089,0.11197603117484593,0.11197603117484592,,,,,,
ghost_s9133011_b0,synthetic,atlas_tied_256,/srv/slam-research/grf/map-denoise/runs/multiscan-pilot-v1/atlas-v13-confirmation-q9ixevii/outputs/ghost_s9133011_b0__atlas_tied_256.npz,c8046da61e53a702c891b4924feafe234d570541c80a8f5b6acb1961ee287139,0.044848890000025676,0.001030488999958834,0.0,0,0.0,True,True,0.04770214688050121,0.05795981289346893,0.1061007908593951,1.0,1.0,0.04786043736907856,1.0,0.0580087743108637,0.04770214688050121,0.05714424910644682,,self-report; not geometry-derived layer count or success,0.05719389219454238,0.0096889933784571,0.11545449558903614,0.11545449558903614,,,,,,
ghost_s9133011_b0,synthetic,atlas_relax_96,/srv/slam-research/grf/map-denoise/runs/multiscan-pilot-v1/atlas-v13-confirmation-q9ixevii/outputs/ghost_s9133011_b0__atlas_relax_96.npz,2dc31eca7715313b1263cda3e82011c7c7895b5b06517e70b7a35277aece180e,0.044848890000025676,0.012260234999985187,0.0,0,0.0,True,True,0.15868238115079517,0.20514531546670584,0.4319265332403199,1.0,1.0,0.16045381708827663,1.0,0.20591177871580732,0.15868238115079517,0.2030451698284818,,self-report; not geometry-derived layer count or success,0.20381932436296638,0.029280430839239733,0.12732182977975975,0.12732182977975975,,,,,,
ghost_s9133011_b0,synthetic,atlas_relax_256,/srv/slam-research/grf/map-denoise/runs/multiscan-pilot-v1/atlas-v13-confirmation-q9ixevii/outputs/ghost_s9133011_b0__atlas_relax_256.npz,a8b0b3d362936ab731aa60541954c189a8d6177c658db508b3c37147711e19fa,0.044848890000025676,0.0057353290000037305,0.0,0,0.0,True,True,0.05691469589695647,0.07625049843732348,0.16292475248369692,1.0,1.0,0.057150076563841246,1.0,0.07633912700351632,0.05691469589695647,0.07624429219094966,,self-report; not geometry-derived layer count or success,0.07633290114155662,0.0009749435739247484,0.1213148992924028,0.1213148992924028,,,,,,
ghost_s9133011_b0,synthetic,bias_only,/srv/slam-research/grf/map-denoise/runs/multiscan-pilot-v1/atlas-v13-confirmation-q9ixevii/outputs/ghost_s9133011_b0__bias_only.npz,b842d465277bb62dadad5448822155de913eb703a75a620db2ebdf99f8956cbb,,,,,0.0,True,True,0.8118452731674006,1.019108772359499,2.0459562351567,0.7213541666666666,0.9700520833333334,0.7531502903447792,1.0,1.019108917018668,0.8118452731674006,1.0190660209664555,,self-report; not geometry-derived layer count or success,1.0190661656316933,0.009334602920347315,0.1306874375283306,0.1306874375283306,,,,,,
ghost_s9133011_b0,synthetic,old_original,/srv/slam-research/grf/map-denoise/runs/multiscan-pilot-v1/atlas-v13-confirmation-q9ixevii/outputs/ghost_s9133011_b0__old_original.npz,2e6665b95382ca32740a036661b02199b245034bddc0ac903faaa0d5d22783f0,,,0.0,,0.0,True,True,0.05284133508756212,0.06537592539410385,0.12373267549503196,1.0,1.0,0.053448371889261236,1.0,0.06560220041116145,0.05284133508756212,0.06467117748031936,,self-report; not geometry-derived layer count or success,0.06489990965110164,0.009573422902234847,0.1312357275777313,0.1312357275777313,,,,,,
ghost_s9133011_b0,synthetic,whole_spatial,/srv/slam-research/grf/map-denoise/runs/multiscan-pilot-v1/atlas-v13-confirmation-q9ixevii/outputs/ghost_s9133011_b0__whole_spatial.npz,e461070acbd22faa47eb6af05e9ac60ec54221e3de02e75ed8c24faa2186c11d,,,,,0.0,True,True,0.052842240906209086,0.06536626536672056,0.12333652942076052,1.0,1.0,0.053453324940913004,1.0,0.06559257448407209,0.052842240906209086,0.06469632011414542,,self-report; not geometry-derived layer count or success,0.06492496450340184,0.009334602920347249,0.1310614832476976,0.1310614832476976,,,,,,
ghost_s9133011_b0,synthetic,local_spatial_96,/srv/slam-research/grf/map-denoise/runs/multiscan-pilot-v1/atlas-v13-confirmation-q9ixevii/outputs/ghost_s9133011_b0__local_spatial_96.npz,b38db1e178613ae6dc323d8027c90a44bb56d0eeff263a034e8bea2d94796315,,,,,0.0,True,True,0.15868238115079533,0.20514531546670597,0.43192653324032004,1.0,1.0,0.16045381708827677,1.0,0.2059117787158074,0.15868238115079533,0.20304516982848192,,self-report; not geometry-derived layer count or success,0.2038193243629665,0.02928043083923969,0.1273218297797599,0.1273218297797599,,,,,,
ghost_s9133011_b0,synthetic,apss_2,/srv/slam-research/grf/map-denoise/runs/multiscan-pilot-v1/atlas-v13-confirmation-q9ixevii/outputs/ghost_s9133011_b0__apss_2.npz,659261db1acb49b23eeda3c78b9b0cd17e3d6a7861870456f89515ec1b093703,,,,,0.0,True,True,0.3651275951666064,0.4647816273600826,0.8500624590936013,0.9661458333333334,0.9986979166666666,0.3677054169440453,1.0,0.4656689706016071,0.3651275951666064,0.4647562933033626,,self-report; not geometry-derived layer count or success,0.46564347857274113,0.004872478202883694,0.13981493035811715,0.13981493035811715,,,,,,
ghost_s9133011_b0,synthetic,rimls_2,/srv/slam-research/grf/map-denoise/runs/multiscan-pilot-v1/atlas-v13-confirmation-q9ixevii/outputs/ghost_s9133011_b0__rimls_2.npz,0e25863a87d6325461e011fc5c7b6743d1da08c473bfec0f9f003af878ab5a57,,,,,0.0,True,True,0.3749783777064088,0.47700446364015,0.8717461653158797,0.9635416666666666,0.9986979166666666,0.39643754194277664,1.0,0.4915904489242759,0.3749783777064088,0.47698759823698944,,self-report; not geometry-derived layer count or success,0.49157325652323586,0.004111319096350568,0.1391594406965858,0.1391594406965858,,,,,,
ghost_s9133011_b4,synthetic,global_hard,/srv/slam-research/grf/map-denoise/runs/multiscan-pilot-v1/atlas-v13-confirmation-q9ixevii/outputs/ghost_s9133011_b4__global_hard.npz,7d9eb66447efb71d3db2e33014d2275aa03796ccfcdfa4b7fb3f84089df7f697,0.039111253999976725,0.00012531599998055754,0.0,0,0.0,True,True,0.05279871674590123,0.065311406369277,0.12318265750737174,1.0,1.0,0.05902086665202663,1.0,0.06879285974280225,0.05279871674590123,0.06464089255457629,,self-report; not geometry-derived layer count or success,0.06815660452158914,0.009334602920347379,0.1308832792989129,0.1308832792989129,,,,,,
ghost_s9133011_b4,synthetic,atlas_hard_96,/srv/slam-research/grf/map-denoise/runs/multiscan-pilot-v1/atlas-v13-confirmation-q9ixevii/outputs/ghost_s9133011_b4__atlas_hard_96.npz,84d5f4824f80274005ec8c90bb200dff2c52baae1dcb61bf9f99ab1e3a03d747,0.039111253999976725,0.002278540000020257,0.0,0,0.0,True,True,0.1587301775208649,0.20620218718427105,0.43965295618478667,1.0,1.0,0.16357104475790454,1.0,0.20808325668230726,0.1587301775208649,0.20410096449580037,,self-report; not geometry-derived layer count or success,0.2060009998326962,0.029363749410531065,0.12763686951584674,0.12763686951584674,,,,,,
ghost_s9133011_b4,synthetic,atlas_hard_256,/srv/slam-research/grf/map-denoise/runs/multiscan-pilot-v1/atlas-v13-confirmation-q9ixevii/outputs/ghost_s9133011_b4__atlas_hard_256.npz,8f00519e30a55f9c5c5c363c702113caa77e4df7bd908f91d13e346cf2757a85,0.039111253999976725,0.0011459909999302909,0.0,0,0.0,True,True,0.056611444533113085,0.07596557345535554,0.16296251721002408,1.0,1.0,0.06297774446740066,1.0,0.07900466139578527,0.056611444533113085,0.07596073224285063,,self-report; not geometry-derived layer count or success,0.07899998051967408,0.0008600000894182192,0.12096804347131111,0.1209680434713111,,,,,,
ghost_s9133011_b4,synthetic,atlas_tied_96,/srv/slam-research/grf/map-denoise/runs/multiscan-pilot-v1/atlas-v13-confirmation-q9ixevii/outputs/ghost_s9133011_b4__atlas_tied_96.npz,e07adc2a145390595c5e99283b650202ca7a2e0827939b80ed36b858cd4688a0,0.039111253999976725,0.0015382939999426526,0.0,0,0.0,True,True,0.08637249717928146,0.1051077848901912,0.19620491364608797,1.0,1.0,0.09076155751575483,1.0,0.1073066755838597,0.08637249717928146,0.09993828827750265,,self-report; not geometry-derived layer count or success,0.10224839768906037,0.0325574537530112,0.11049929392866026,0.11049929392866026,,,,,,
ghost_s9133011_b4,synthetic,atlas_tied_256,/srv/slam-research/grf/map-denoise/runs/multiscan-pilot-v1/atlas-v13-confirmation-q9ixevii/outputs/ghost_s9133011_b4__atlas_tied_256.npz,e629a8a5580c078e04b18f3d28e8c50812e3b7f8a349f918756701d8f94cbf23,0.039111253999976725,0.0010144739999304875,0.0,0,0.0,True,True,0.04769526845075852,0.057956818679842,0.10608817830264172,1.0,1.0,0.05420221320765541,1.0,0.061853762864981995,0.04769526845075852,0.057148388696767444,,self-report; not geometry-derived layer count or success,0.06109690335581049,0.009646573530957733,0.1154969816669641,0.1154969816669641,,,,,,
ghost_s9133011_b4,synthetic,atlas_relax_96,/srv/slam-research/grf/map-denoise/runs/multiscan-pilot-v1/atlas-v13-confirmation-q9ixevii/outputs/ghost_s9133011_b4__atlas_relax_96.npz,84d5f4824f80274005ec8c90bb200dff2c52baae1dcb61bf9f99ab1e3a03d747,0.039111253999976725,0.012376863999975285,0.0,0,0.0,True,True,0.1587301775208649,0.20620218718427105,0.43965295618478667,1.0,1.0,0.16357104475790454,1.0,0.20808325668230726,0.1587301775208649,0.20410096449580037,,self-report; not geometry-derived layer count or success,0.2060009998326962,0.029363749410531065,0.12763686951584674,0.12763686951584674,,,,,,
ghost_s9133011_b4,synthetic,atlas_relax_256,/srv/slam-research/grf/map-denoise/runs/multiscan-pilot-v1/atlas-v13-confirmation-q9ixevii/outputs/ghost_s9133011_b4__atlas_relax_256.npz,8f00519e30a55f9c5c5c363c702113caa77e4df7bd908f91d13e346cf2757a85,0.039111253999976725,0.005716695000046457,0.0,0,0.0,True,True,0.056611444533113085,0.07596557345535554,0.16296251721002408,1.0,1.0,0.06297774446740066,1.0,0.07900466139578527,0.056611444533113085,0.07596073224285063,,self-report; not geometry-derived layer count or success,0.07899998051967408,0.0008600000894182192,0.12096804347131111,0.1209680434713111,,,,,,
ghost_s9133011_b4,synthetic,bias_only,/srv/slam-research/grf/map-denoise/runs/multiscan-pilot-v1/atlas-v13-confirmation-q9ixevii/outputs/ghost_s9133011_b4__bias_only.npz,72440a7fd47ffb71dfe99c30202889d1645a8950a510ab4292737cfc016a5b7a,,,,,0.0,True,True,0.8118451434271629,1.019109710706347,2.0459063106564197,0.7213541666666666,0.9700520833333334,0.7538803634041749,1.0,1.0193361700110295,0.8118451434271629,1.0190669593526687,,self-report; not geometry-derived layer count or success,1.0192934281555404,0.009334602920347384,0.13070363719257472,0.13070363719257472,,,,,,
ghost_s9133011_b4,synthetic,old_original,/srv/slam-research/grf/map-denoise/runs/multiscan-pilot-v1/atlas-v13-confirmation-q9ixevii/outputs/ghost_s9133011_b4__old_original.npz,3c11c8b4cc95ac1b9a6ba558900c81cf16db3ddb1caaddfaf64c9865bbdb36bf,,,0.0,,0.0,True,True,0.052846631251549446,0.06538338922292306,0.12372721503031828,1.0,1.0,0.05925370079422688,1.0,0.06903293237961244,0.052846631251549446,0.06467877309532255,,self-report; not geometry-derived layer count or success,0.06836594074648697,0.009573081989410537,0.1312512044017752,0.1312512044017752,,,,,,
ghost_s9133011_b4,synthetic,whole_spatial,/srv/slam-research/grf/map-denoise/runs/multiscan-pilot-v1/atlas-v13-confirmation-q9ixevii/outputs/ghost_s9133011_b4__whole_spatial.npz,25486246c2ea7be7416d3c76218eb81a51f02d6e8cd12d2818e098902ccabbb6,,,,,0.0,True,True,0.05284769124063393,0.06537390043279302,0.1233520532553764,1.0,1.0,0.05924734531479778,1.0,0.06902398033848083,0.05284769124063393,0.06470403423370275,,self-report; not geometry-derived layer count or success,0.06838987534779126,0.009334602920347409,0.13107767307227783,0.13107767307227783,,,,,,
ghost_s9133011_b4,synthetic,local_spatial_96,/srv/slam-research/grf/map-denoise/runs/multiscan-pilot-v1/atlas-v13-confirmation-q9ixevii/outputs/ghost_s9133011_b4__local_spatial_96.npz,bf25351920a83be43ba8e3da757f563d988ba7e0c39e5fc54dcb10d04377e5f4,,,,,0.0,True,True,0.15873017752086493,0.20620218718427108,0.4396529561847874,1.0,1.0,0.16357104475790454,1.0,0.2080832566823073,0.15873017752086493,0.2041009644958004,,self-report; not geometry-derived layer count or success,0.20600099983269624,0.02936374941053107,0.1276368695158467,0.1276368695158467,,,,,,
ghost_s9133011_b4,synthetic,apss_2,/srv/slam-research/grf/map-denoise/runs/multiscan-pilot-v1/atlas-v13-confirmation-q9ixevii/outputs/ghost_s9133011_b4__apss_2.npz,36ea080ff7b94595c688050fec79c66ad3f98b6f1e026e01e8cffd018444f7d5,,,,,0.0,True,True,0.3653018568331241,0.46489045071549595,0.8476688165140558,0.9661458333333334,0.9986979166666666,0.3691781636365196,1.0,0.4662504906702533,0.3653018568331241,0.46486475611202727,,self-report; not geometry-derived layer count or success,0.4662246779018027,0.0049060947414712825,0.13970370408786012,0.13970370408786012,,,,,,
ghost_s9133011_b4,synthetic,rimls_2,/srv/slam-research/grf/map-denoise/runs/multiscan-pilot-v1/atlas-v13-confirmation-q9ixevii/outputs/ghost_s9133011_b4__rimls_2.npz,154faf6a953454ee7e8523009037af22d0533d5e6ec154db677558b9481d5317,,,,,0.0,True,True,0.37515694770731595,0.47713977962310283,0.8709747024259848,0.9635416666666666,0.9973958333333334,0.3976096768469502,1.0,0.492191477960717,0.37515694770731595,0.4771226192453809,,self-report; not geometry-derived layer count or success,0.49217390653735,0.004158930261358898,0.139210743849053,0.139210743849053,,,,,,
dual_g2_s9133011_b0,synthetic,global_hard,/srv/slam-research/grf/map-denoise/runs/multiscan-pilot-v1/atlas-v13-confirmation-q9ixevii/outputs/dual_g2_s9133011_b0__global_hard.npz,d2b11ac5b05b61562532a7e513a404e81dfb65191c4bcf7a34bc6e7d8a7d3fb6,0.03903428099999928,0.00013777599997411016,0.0,0,2,True,True,0.07986359669443968,0.21692516619423677,0.10903588988787095,0.9830729166666666,0.9947916666666666,0.09089323030351988,1.0,0.29475186870563613,0.09809276336110635,0.29454873995720543,,self-report; not geometry-derived layer count or success,0.2946040211772134,0.009334602920345757,0.2103356507534175,0.3087460362854262,1.9891513287617917,0.010848671238208318,0.9945756643808958,1.749672853665977,0.2503271463340231,"GT source-group affine fits evaluated at x=y=0; may extrapolate, not physical layer count"
dual_g2_s9133011_b0,synthetic,atlas_hard_96,/srv/slam-research/grf/map-denoise/runs/multiscan-pilot-v1/atlas-v13-confirmation-q9ixevii/outputs/dual_g2_s9133011_b0__atlas_hard_96.npz,6495b5fbde2c794250dcb2c1f1d8ca62bbcca34a20ec2943529854b502ec5de9,0.03903428099999928,0.001912842000024284,0.0,13,2,True,True,0.12094903678923673,0.26317758174419364,0.27859874796286627,0.9830729166666666,0.98828125,0.13230641182837657,1.0,0.33275559360495205,0.13917820345590337,0.33059867625251615,,self-report; not geometry-derived layer count or success,0.33213603405944786,0.020296303965138696,0.20254706290995536,0.2563401846850647,1.9396763341256864,0.06032366587431359,0.9698381670628432,1.7182950710598583,0.28170492894014165,"GT source-group affine fits evaluated at x=y=0; may extrapolate, not physical layer count"
dual_g2_s9133011_b0,synthetic,atlas_hard_256,/srv/slam-research/grf/map-denoise/runs/multiscan-pilot-v1/atlas-v13-confirmation-q9ixevii/outputs/dual_g2_s9133011_b0__atlas_hard_256.npz,2bf79b8bddb6953e6781a51e4fedea2bcff54acd485439603f37312f1bd479c5,0.03903428099999928,0.0012439990000530088,0.0,2,2,True,True,0.08711367070801801,0.2207336149972587,0.1453414617259545,0.9830729166666666,0.9947916666666666,0.09837610238861645,1.0,0.29398157821429866,0.10505284730472121,0.2938016397905406,,self-report; not geometry-derived layer count or success,0.29393210504901374,0.005393139236600738,0.23570068427019142,0.36275180766382314,1.9832963715653333,0.016703628434666662,0.9916481857826667,1.7034359224578648,0.2965640775421352,"GT source-group affine fits evaluated at x=y=0; may extrapolate, not physical layer count"
dual_g2_s9133011_b0,synthetic,atlas_tied_96,/srv/slam-research/grf/map-denoise/runs/multiscan-pilot-v1/atlas-v13-confirmation-q9ixevii/outputs/dual_g2_s9133011_b0__atlas_tied_96.npz,fe3cccd3d47bf95d9fa0e965cf1a4ff683f9e7fdf988eb7f274b732ca5712009,0.03903428099999928,0.001660678000007465,0.0,13,2,True,True,0.08257038828398065,0.21892258311306684,0.14420390889828602,0.9830729166666666,0.99609375,0.09327562787752353,1.0,0.2975038693271736,0.10079955495064731,0.29657097125132564,,self-report; not geometry-derived layer count or success,0.29705332543471263,0.01636686020037674,0.21922687247036113,0.3189323877780129,1.9650962613705576,0.034903738629442405,0.9825481306852788,1.7095373018144646,0.2904626981855354,"GT source-group affine fits evaluated at x=y=0; may extrapolate, not physical layer count"
dual_g2_s9133011_b0,synthetic,atlas_tied_256,/srv/slam-research/grf/map-denoise/runs/multiscan-pilot-v1/atlas-v13-confirmation-q9ixevii/outputs/dual_g2_s9133011_b0__atlas_tied_256.npz,b825c2eb75181eea011fc0081e6c4b3a8b9d611038cca45a22f586d533ead4c8,0.03903428099999928,0.0010947020000457997,0.0,2,2,True,True,0.07943468885047264,0.2190364399490634,0.12777913490639872,0.9830729166666666,0.9934895833333334,0.09057457975218129,1.0,0.2940013750480378,0.0976638555171393,0.29388510786419797,,self-report; not geometry-derived layer count or success,0.2939941021818216,0.002067948848901505,0.23004470329852544,0.36476732905267817,1.9840517166697536,0.01594828333024645,0.9920258583348768,1.7118580576541953,0.2881419423458047,"GT source-group affine fits evaluated at x=y=0; may extrapolate, not physical layer count"
dual_g2_s9133011_b0,synthetic,atlas_relax_96,/srv/slam-research/grf/map-denoise/runs/multiscan-pilot-v1/atlas-v13-confirmation-q9ixevii/outputs/dual_g2_s9133011_b0__atlas_relax_96.npz,9f534c8051b5a7fa26f7ef62f043935177dcc53b7b72c91ad5b145588c3b89b7,0.03903428099999928,0.015369914000075369,0.013020833333333334,13,2,True,True,0.13209535914683584,0.230792524187327,0.34161568329621655,0.9908854166666666,0.9986979166666666,0.13442249985234514,1.0,0.2593846240858662,0.13821578519422772,0.2584790384848721,,self-report; not geometry-derived layer count or success,0.25906230414692377,0.012926940173640305,0.21209614721714684,0.3032490451085099,1.9900180419948093,0.00998195800519075,0.9950090209974046,1.744200320832421,0.25579967916757895,"GT source-group affine fits evaluated at x=y=0; may extrapolate, not physical layer count"
dual_g2_s9133011_b0,synthetic,atlas_relax_256,/srv/slam-research/grf/map-denoise/runs/multiscan-pilot-v1/atlas-v13-confirmation-q9ixevii/outputs/dual_g2_s9133011_b0__atlas_relax_256.npz,ca4aa956ed7982edad4f6058e1500fb7bfb014e3abc1bff0ece399bf94371ba1,0.03903428099999928,0.00915377899991654,0.0026041666666666665,2,2,True,True,0.10699791803404997,0.21027932073244754,0.20027231826544992,0.9856770833333334,0.9986979166666666,0.11372144957715795,1.0,0.2515477538961767,0.11649263144072979,0.25135625333246914,,self-report; not geometry-derived layer count or success,0.2514973788861571,0.005033974930827908,0.3419244257186747,0.6169615511132562,1.9974012152746288,0.002598784725371228,0.9987006076373144,1.53868780237401,0.46131219762598996,"GT source-group affine fits evaluated at x=y=0; may extrapolate, not physical layer count"
dual_g2_s9133011_b0,synthetic,bias_only,/srv/slam-research/grf/map-denoise/runs/multiscan-pilot-v1/atlas-v13-confirmation-q9ixevii/outputs/dual_g2_s9133011_b0__bias_only.npz,e2e5e7b19803c6c3c1623d5a1a0b89ee92a8bb30c0260818ce64f10f5a450554,,,,,2,True,True,0.7636160243922325,0.9630673297335257,1.9670298649436042,0.7265625,0.9713541666666666,0.7511940364365017,1.0,1.019233413675241,0.8118022681932203,1.019189076358319,,self-report; not geometry-derived layer count or success,1.0191906675104538,0.009334602920347273,0.1992623188884072,0.26285421921251073,1.9971289517405484,0.002871048259451614,0.9985644758702742,1.793565756400205,0.206434243599795,"GT source-group affine fits evaluated at x=y=0; may extrapolate, not physical layer count"
dual_g2_s9133011_b0,synthetic,old_original,/srv/slam-research/grf/map-denoise/runs/multiscan-pilot-v1/atlas-v13-confirmation-q9ixevii/outputs/dual_g2_s9133011_b0__old_original.npz,8d3d2d3426daf7ecc1aef38d7721b701392d885e3baf9f1b23b6384c1ba9e6ff,,,0.0,,2,True,True,0.16582467751665794,0.29544380454253016,0.6416825822868414,0.9765625,1.0,0.17303445036867593,1.0,0.3190448269389988,0.17148755283571324,0.30173403872752735,,self-report; not geometry-derived layer count or success,0.3189153579502977,0.009088237451189307,0.7368490278936152,1.2233523194915323,1.7871077332137846,0.21289226678621542,0.8935538666068923,0.7990466194413767,1.2009533805586234,"GT source-group affine fits evaluated at x=y=0; may extrapolate, not physical layer count"
dual_g2_s9133011_b0,synthetic,whole_spatial,/srv/slam-research/grf/map-denoise/runs/multiscan-pilot-v1/atlas-v13-confirmation-q9ixevii/outputs/dual_g2_s9133011_b0__whole_spatial.npz,45f80551c8f4f4aaf0a90901997cfdfa8dc759a67b63d5c239a6428d07dd3d23,,,,,2,True,True,0.06942048590856421,0.205762973721122,0.12117009638946045,0.9830729166666666,0.9986979166666666,0.08371366256765979,1.0,0.2798353593604011,0.0871088191702953,0.279307288223466,,self-report; not geometry-derived layer count or success,0.27975885453934846,0.006543061607268807,0.3143269840621941,0.44993232963948526,1.9824540969977629,0.01754590300223713,0.9912270484988814,1.596071253447208,0.4039287465527921,"GT source-group affine fits evaluated at x=y=0; may extrapolate, not physical layer count"
dual_g2_s9133011_b0,synthetic,local_spatial_96,/srv/slam-research/grf/map-denoise/runs/multiscan-pilot-v1/atlas-v13-confirmation-q9ixevii/outputs/dual_g2_s9133011_b0__local_spatial_96.npz,14191204a5f7b00a9529c17193827efdd7a47f7d80425bfc2692c0fdb86b9200,,,,,2,True,True,0.21928636750388866,0.3366026533356682,0.7958730320746761,0.9895833333333334,1.0,0.22581461917321452,1.0,0.35200222452771185,0.22320481868086328,0.3252559941582674,,self-report; not geometry-derived layer count or success,0.3505994486493009,0.03139415039882216,0.7461191575105381,1.2599873081321518,1.7367772720364445,0.2632227279635555,0.8683886360182222,0.727919895936552,1.272080104063448,"GT source-group affine fits evaluated at x=y=0; may extrapolate, not physical layer count"
dual_g2_s9133011_b0,synthetic,apss_2,/srv/slam-research/grf/map-denoise/runs/multiscan-pilot-v1/atlas-v13-confirmation-q9ixevii/outputs/dual_g2_s9133011_b0__apss_2.npz,d1a640b3d7b6ade79d936f68cbf8fe2a561f4d62746bbeef7676d8d8b387b90f,,,,,2,True,True,0.3456284599085591,0.43429166010225445,0.8686470222939876,0.9752604166666666,1.0,0.3513639030611965,1.0,0.439160103906254,0.34674128708200885,0.43669400439238504,,self-report; not geometry-derived layer count or success,0.4391113829720136,0.006541422426158585,0.23293919671224206,0.3711425767352712,1.9801872539789256,0.019812746021074412,0.9900936269894628,1.6964444422159675,0.30355555778403254,"GT source-group affine fits evaluated at x=y=0; may extrapolate, not physical layer count"
dual_g2_s9133011_b0,synthetic,rimls_2,/srv/slam-research/grf/map-denoise/runs/multiscan-pilot-v1/atlas-v13-confirmation-q9ixevii/outputs/dual_g2_s9133011_b0__rimls_2.npz,fcddc478b30cb8d4801c94cdc277edfd37db540e487f4f511472e23e225d3458,,,,,2,True,True,0.35622224120557017,0.44811612824352964,0.9043203698583481,0.96484375,1.0,0.3848580679550612,1.0,0.47155802926978074,0.357219391460013,0.45025165931621103,,self-report; not geometry-derived layer count or success,0.47151941925516294,0.006034255055366752,0.2180146532524545,0.3377196081425738,1.9865831217773815,0.0134168782226185,0.9932915608886907,1.7281312986134139,0.27186870138658614,"GT source-group affine fits evaluated at x=y=0; may extrapolate, not physical layer count"
dual_g2_s9133011_b4,synthetic,global_hard,/srv/slam-research/grf/map-denoise/runs/multiscan-pilot-v1/atlas-v13-confirmation-q9ixevii/outputs/dual_g2_s9133011_b4__global_hard.npz,526673775b317270ca0f8cd130f08cabb144600516a6043b2bc97b8a4463cd20,0.03873836599996139,0.00013176899994959967,0.0,0,2,True,True,0.07993705297171988,0.21695896356276517,0.10916321824885786,0.9830729166666666,0.9947916666666666,0.11223295261799648,1.0,0.29986871381327435,0.09810290575371584,0.29457459352721266,,self-report; not geometry-derived layer count or success,0.2997233903323978,0.009334602920347166,0.2103625258428715,0.3088126535364025,1.9891577121215624,0.010842287878437551,0.9945788560607812,1.7496430165153534,0.25035698348464663,"GT source-group affine fits evaluated at x=y=0; may extrapolate, not physical layer count"
dual_g2_s9133011_b4,synthetic,atlas_hard_96,/srv/slam-research/grf/map-denoise/runs/multiscan-pilot-v1/atlas-v13-confirmation-q9ixevii/outputs/dual_g2_s9133011_b4__atlas_hard_96.npz,e6e5bcdb4177ed7b2dcddd5358c1d7a54e0b3dd24fbfeada55e5f3ba35e259ac,0.03873836599996139,0.0018943590000617405,0.0,13,2,True,True,0.12006402760796402,0.26222384949542554,0.2639197478673064,0.9830729166666666,0.9895833333333334,0.149220877452278,1.0,0.3363508136169536,0.13828347166419938,0.32985749970662426,,self-report; not geometry-derived layer count or success,0.33580250975411163,0.019197506703382643,0.19930205123362119,0.2531942976983489,1.942015644290171,0.05798435570982896,0.9710078221450855,1.723081864859277,0.27691813514072305,"GT source-group affine fits evaluated at x=y=0; may extrapolate, not physical layer count"
dual_g2_s9133011_b4,synthetic,atlas_hard_256,/srv/slam-research/grf/map-denoise/runs/multiscan-pilot-v1/atlas-v13-confirmation-q9ixevii/outputs/dual_g2_s9133011_b4__atlas_hard_256.npz,6928342747ad9c4f5cbe633b75bff44641ac00a6a7d87db233271f312d271b47,0.03873836599996139,0.0012439500000027692,0.0,2,2,True,True,0.08709831607823586,0.22078112179948672,0.14519488845231257,0.9830729166666666,0.9947916666666666,0.11861494136598254,1.0,0.2991609712561601,0.10501816154416954,0.29388859377229276,,self-report; not geometry-derived layer count or success,0.29911369358188056,0.005318367675701291,0.23562862705949597,0.3625630401056468,1.983384284295508,0.01661571570449194,0.991692142147754,1.703629435125706,0.29637056487429403,"GT source-group affine fits evaluated at x=y=0; may extrapolate, not physical layer count"
dual_g2_s9133011_b4,synthetic,atlas_tied_96,/srv/slam-research/grf/map-denoise/runs/multiscan-pilot-v1/atlas-v13-confirmation-q9ixevii/outputs/dual_g2_s9133011_b4__atlas_tied_96.npz,b14655b39b2cda20f8031ad1dd0f1888425f85acefae5a2303901b8d7d0a1b31,0.03873836599996139,0.0017018340000731769,0.0,13,2,True,True,0.08145335258047705,0.218972958535046,0.14301618373258418,0.9830729166666666,0.99609375,0.11494474272999168,1.0,0.30261808382009003,0.09965906468853092,0.29675657500251074,,self-report; not geometry-derived layer count or success,0.30223959546748697,0.015130485338972492,0.21672641888006397,0.31728153743838133,1.9669597332705544,0.0330402667294456,0.9834798666352772,1.7129216570951784,0.2870783429048216,"GT source-group affine fits evaluated at x=y=0; may extrapolate, not physical layer count"
dual_g2_s9133011_b4,synthetic,atlas_tied_256,/srv/slam-research/grf/map-denoise/runs/multiscan-pilot-v1/atlas-v13-confirmation-q9ixevii/outputs/dual_g2_s9133011_b4__atlas_tied_256.npz,782cce6827aee2c0dabd3225a02ac03a970495f9e0fa379a3c4802707d628a6a,0.03873836599996139,0.0015775409999605472,0.0,2,2,True,True,0.07947353470979966,0.2190544423860865,0.12779566668421763,0.9830729166666666,0.9934895833333334,0.11238795775996901,1.0,0.29912185622181564,0.09762779026102342,0.2939037111787203,,self-report; not geometry-derived layer count or success,0.29911509502178857,0.0020111687375567425,0.23004065720962374,0.3647863238185525,1.9841790527544947,0.015820947245505312,0.9920895263772473,1.711911043123712,0.2880889568762881,"GT source-group affine fits evaluated at x=y=0; may extrapolate, not physical layer count"
dual_g2_s9133011_b4,synthetic,atlas_relax_96,/srv/slam-research/grf/map-denoise/runs/multiscan-pilot-v1/atlas-v13-confirmation-q9ixevii/outputs/dual_g2_s9133011_b4__atlas_relax_96.npz,0a0019130faaaa3c7c1a5433e5cd364ae803129474fe2e7e8e6920fc13e3e789,0.03873836599996139,0.015257993999966857,0.013020833333333334,13,2,True,True,0.1311006930968621,0.22959896019669818,0.33425418235839294,0.9908854166666666,0.9986979166666666,0.15028649793920165,1.0,0.264482776862631,0.1372826061925473,0.25782705679373047,,self-report; not geometry-derived layer count or success,0.2642284761811053,0.011595328023791386,0.2085407597004764,0.29911936878086826,1.9919184068986893,0.008081593101310736,0.9959592034493446,1.7490825097370573,0.25091749026294274,"GT source-group affine fits evaluated at x=y=0; may extrapolate, not physical layer count"
dual_g2_s9133011_b4,synthetic,atlas_relax_256,/srv/slam-research/grf/map-denoise/runs/multiscan-pilot-v1/atlas-v13-confirmation-q9ixevii/outputs/dual_g2_s9133011_b4__atlas_relax_256.npz,d3c8e55570c8def233c6ffdd83d0bdbb3d97cd7a9047790cfb9bc8f6c0d177be,0.03873836599996139,0.008462140999995427,0.0026041666666666665,2,2,True,True,0.10687520698542113,0.2102017230356609,0.19922021351474728,0.9856770833333334,0.9986979166666666,0.13036764880628415,1.0,0.2575610377914242,0.11638211954601592,0.2514218040948439,,self-report; not geometry-derived layer count or success,0.2575073317268432,0.005259495709378902,0.3416424666021982,0.616327284802656,1.9977534041410805,0.002246595858919509,0.9988767020705402,1.539280580615549,0.46071941938445105,"GT source-group affine fits evaluated at x=y=0; may extrapolate, not physical layer count"
dual_g2_s9133011_b4,synthetic,bias_only,/srv/slam-research/grf/map-denoise/runs/multiscan-pilot-v1/atlas-v13-confirmation-q9ixevii/outputs/dual_g2_s9133011_b4__bias_only.npz,463ee05ba8e81134970be62c868c722ffc57ca19948365c4468c91ed726f3c01,,,,,2,True,True,0.7634714754043216,0.9628616434372105,1.9659171267203632,0.7265625,0.9713541666666666,0.7546598479914604,1.0,1.0207209126922978,0.8117840592869742,1.019192531582517,,self-report; not geometry-derived layer count or success,1.0206782288242053,0.009334602920347724,0.19936282669394348,0.2631392707091146,1.9971195777712512,0.002880422228748847,0.9985597888856256,1.7933593481934866,0.20664065180651336,"GT source-group affine fits evaluated at x=y=0; may extrapolate, not physical layer count"
dual_g2_s9133011_b4,synthetic,old_original,/srv/slam-research/grf/map-denoise/runs/multiscan-pilot-v1/atlas-v13-confirmation-q9ixevii/outputs/dual_g2_s9133011_b4__old_original.npz,20f1515921f2b4ac1dd2fdffccdc27331c937e09f5fc47403fadd90b6c866ec7,,,0.0,,2,True,True,0.16565891851919612,0.2952785028441818,0.6397556190520669,0.9765625,1.0,0.18822269185750842,1.0,0.3237116053845017,0.1714262113696091,0.3017036401328149,,self-report; not geometry-derived layer count or success,0.32358388202469046,0.009092565888822818,0.7365935660111397,1.2230759709501118,1.787229017467776,0.21277098253222393,0.893614508733888,0.799461530232578,1.200538469767422,"GT source-group affine fits evaluated at x=y=0; may extrapolate, not physical layer count"
dual_g2_s9133011_b4,synthetic,whole_spatial,/srv/slam-research/grf/map-denoise/runs/multiscan-pilot-v1/atlas-v13-confirmation-q9ixevii/outputs/dual_g2_s9133011_b4__whole_spatial.npz,f70875e55790b7447ebb4196a5a2a2f3aa8b9a4a2d0386213406a6561b3fe402,,,,,2,True,True,0.06937226000389253,0.20579972445829647,0.12114675828132318,0.9830729166666666,0.9986979166666666,0.1065720679036641,1.0,0.2852068087979601,0.08704570689525089,0.27936184133965,,self-report; not geometry-derived layer count or success,0.2851326488709325,0.006503563066636325,0.31397911538372075,0.4496998981287353,1.9824724927875215,0.017527507212478532,0.9912362463937607,1.5964455642234443,0.4035544357765557,"GT source-group affine fits evaluated at x=y=0; may extrapolate, not physical layer count"
dual_g2_s9133011_b4,synthetic,local_spatial_96,/srv/slam-research/grf/map-denoise/runs/multiscan-pilot-v1/atlas-v13-confirmation-q9ixevii/outputs/dual_g2_s9133011_b4__local_spatial_96.npz,ba429691e1f6859c4e18ab58e249e7ffe30bc3cf7de82afeaf17ae7e9de3932d,,,,,2,True,True,0.2189240685772417,0.33693685895696285,0.7934711745174108,0.9895833333333334,1.0,0.23990474654668356,1.0,0.35659528307882665,0.22291302049571557,0.3255146337383849,,self-report; not geometry-derived layer count or success,0.3553583903313206,0.029675079363015763,0.7469604626790666,1.2613812639690543,1.7354429500155093,0.2645570499844907,0.8677214750077547,0.7249048618259301,1.2750951381740698,"GT source-group affine fits evaluated at x=y=0; may extrapolate, not physical layer count"
dual_g2_s9133011_b4,synthetic,apss_2,/srv/slam-research/grf/map-denoise/runs/multiscan-pilot-v1/atlas-v13-confirmation-q9ixevii/outputs/dual_g2_s9133011_b4__apss_2.npz,c11b49744b37e6da07b44215f12dd1acd949add18be31ea0194f78ed4d8dfc63,,,,,2,True,True,0.3450282655005314,0.4337428076272458,0.8770218869028382,0.9739583333333334,1.0,0.35802946820596765,1.0,0.44192230952762523,0.346121147630475,0.4361024515822187,,self-report; not geometry-derived layer count or success,0.4418694071460875,0.006837739874796571,0.23076377034399928,0.3686230850792582,1.9791636504100547,0.02083634958994529,0.9895818252050274,1.6966845975722995,0.3033154024277005,"GT source-group affine fits evaluated at x=y=0; may extrapolate, not physical layer count"
dual_g2_s9133011_b4,synthetic,rimls_2,/srv/slam-research/grf/map-denoise/runs/multiscan-pilot-v1/atlas-v13-confirmation-q9ixevii/outputs/dual_g2_s9133011_b4__rimls_2.npz,926f9f46d2cad3775bae3967b1d3bddc941c915a599c434a28e14bf8722f6106,,,,,2,True,True,0.3559655807109509,0.4478652374130046,0.9052300243061627,0.96484375,1.0,0.38968979377422713,1.0,0.47407053292054613,0.35688747222977385,0.44984170224608355,,self-report; not geometry-derived layer count or success,0.47402855469142446,0.0063086861334056745,0.21598505597163808,0.3354132976563056,1.985855457313507,0.014144542686493011,0.9929277286567535,1.7284827967623297,0.27151720323767026,"GT source-group affine fits evaluated at x=y=0; may extrapolate, not physical layer count"
dual_g4_s9133011_b0,synthetic,global_hard,/srv/slam-research/grf/map-denoise/runs/multiscan-pilot-v1/atlas-v13-confirmation-q9ixevii/outputs/dual_g4_s9133011_b0__global_hard.npz,2bdaecac4a4dfd422737faf9bbdbd819c65d681daf39dab9c3348e0810671556,0.03933657899995069,0.00015218199996525072,0.0,0,4,True,True,0.1161231207940071,0.25997157514935787,0.17133142350220346,0.9830729166666666,0.9986979166666666,0.11175408954356254,1.0,0.26005861054627544,0.1161318179758161,0.2541642347667547,,self-report; not geometry-derived layer count or success,0.25703296696119804,0.03955420097009979,0.27786077187885627,0.35457804290081646,3.9210138842621456,0.07898611573785441,0.9802534710655364,3.785604916776933,0.21439508322306722,"GT source-group affine fits evaluated at x=y=0; may extrapolate, not physical layer count"
dual_g4_s9133011_b0,synthetic,atlas_hard_96,/srv/slam-research/grf/map-denoise/runs/multiscan-pilot-v1/atlas-v13-confirmation-q9ixevii/outputs/dual_g4_s9133011_b0__atlas_hard_96.npz,5570b0a207dc658de1306b7b56c4304e9fd81c56123cec69400d33cbc0e3d285,0.03933657899995069,0.001960080999992897,0.0,12,4,True,True,0.1779552936517508,0.29700685255897186,0.4500189139757811,0.9830729166666666,0.9986979166666666,0.1754152318672384,1.0,0.2975861192529866,0.17796399083355982,0.29350972089685223,,self-report; not geometry-derived layer count or success,0.29535953305407125,0.036335170374360064,0.25978996601184995,0.31661981452529037,3.9422003197081206,0.05779968029187943,0.9855500799270301,3.8188017111193227,0.18119828888067735,"GT source-group affine fits evaluated at x=y=0; may extrapolate, not physical layer count"
dual_g4_s9133011_b0,synthetic,atlas_hard_256,/srv/slam-research/grf/map-denoise/runs/multiscan-pilot-v1/atlas-v13-confirmation-q9ixevii/outputs/dual_g4_s9133011_b0__atlas_hard_256.npz,e63e0ba3b6347c63a02ca97c8b2c957be92297ef0fe4c39ca4d4ebef1c71263f,0.03933657899995069,0.0012537850000171602,0.0,2,4,True,True,0.13558193781502925,0.27116837989842646,0.38536221427822787,0.9830729166666666,0.9986979166666666,0.13146420449696117,1.0,0.2713675325716293,0.13559063499683824,0.2681494627669162,,self-report; not geometry-derived layer count or success,0.2692762462211171,0.03362500490823133,0.2824255721142512,0.3525111448023493,3.9522398241784282,0.04776017582157177,0.9880599560446071,3.807116442754301,0.19288355724569906,"GT source-group affine fits evaluated at x=y=0; may extrapolate, not physical layer count"
dual_g4_s9133011_b0,synthetic,atlas_tied_96,/srv/slam-research/grf/map-denoise/runs/multiscan-pilot-v1/atlas-v13-confirmation-q9ixevii/outputs/dual_g4_s9133011_b0__atlas_tied_96.npz,86a74f3ab776211b89e4fe099adcc6c8393294c53956d89a79b0c8f48a39dc13,0.03933657899995069,0.0017738610000606059,0.0,12,4,True,True,0.13748400725408985,0.2709154718112577,0.2705468625530487,0.9830729166666666,0.9986979166666666,0.133105604641283,1.0,0.27099890245112257,0.13749270443589884,0.2624904252574629,,self-report; not geometry-derived layer count or success,0.2630566424018104,0.06512762868398544,0.2721915684897899,0.3624095219777889,3.964920953782648,0.035079046217351806,0.991230238445662,3.844822890197538,0.1551771098024619,"GT source-group affine fits evaluated at x=y=0; may extrapolate, not physical layer count"
dual_g4_s9133011_b0,synthetic,atlas_tied_256,/srv/slam-research/grf/map-denoise/runs/multiscan-pilot-v1/atlas-v13-confirmation-q9ixevii/outputs/dual_g4_s9133011_b0__atlas_tied_256.npz,fbe7e0d7cd9655a02e08a3d68562382cf6cf66342513955ee0a0bc41e0ef3dad,0.03933657899995069,0.0014771119999750226,0.0,2,4,True,True,0.12540905735452346,0.2649350797482152,0.2690323563831876,0.9817708333333334,0.9986979166666666,0.12114117953460361,1.0,0.2650205339156497,0.12541775453633242,0.2581952159448336,,self-report; not geometry-derived layer count or success,0.25930674738016335,0.0547347618982322,0.26686296455682557,0.3759649406369507,3.9508081770384997,0.049191822961500264,0.9877020442596249,3.858886951836536,0.14111304816346415,"GT source-group affine fits evaluated at x=y=0; may extrapolate, not physical layer count"
dual_g4_s9133011_b0,synthetic,atlas_relax_96,/srv/slam-research/grf/map-denoise/runs/multiscan-pilot-v1/atlas-v13-confirmation-q9ixevii/outputs/dual_g4_s9133011_b0__atlas_relax_96.npz,5f3a0ceaa2c5e29a2ae63e9afb14c57fbafd01a749f3babbafc6308b8016e9b8,0.03933657899995069,0.0156258939999816,0.0,12,4,True,True,0.1765308269228676,0.2954955242563827,0.4407043732277468,0.9830729166666666,0.9986979166666666,0.1739428603066154,1.0,0.29607665984640336,0.17653952410467658,0.2922981285998948,,self-report; not geometry-derived layer count or success,0.29355850310200565,0.038533021712714985,0.2756435890347389,0.3173330640221534,3.9570987612234334,0.0429012387765666,0.9892746903058584,3.7874685021024987,0.21253149789750125,"GT source-group affine fits evaluated at x=y=0; may extrapolate, not physical layer count"
dual_g4_s9133011_b0,synthetic,atlas_relax_256,/srv/slam-research/grf/map-denoise/runs/multiscan-pilot-v1/atlas-v13-confirmation-q9ixevii/outputs/dual_g4_s9133011_b0__atlas_relax_256.npz,5b818f64adf48d6507ec4f54ffa49ba3af9bd6a12f2f3265c9f519308f3af204,0.03933657899995069,0.0101528430000144,0.0026041666666666665,2,4,True,True,0.15595915539080638,0.31336327303914935,0.5134973030461276,0.98046875,0.9973958333333334,0.14913075258053946,1.0,0.3136379192667075,0.1559678525726154,0.311272336583861,,self-report; not geometry-derived layer count or success,0.31241584493537444,0.02766015609619357,0.3226702220528728,0.3591509841879673,3.9503279944319387,0.049672005568061284,0.9875819986079847,3.7245565287086877,0.2754434712913123,"GT source-group affine fits evaluated at x=y=0; may extrapolate, not physical layer count"
dual_g4_s9133011_b0,synthetic,bias_only,/srv/slam-research/grf/map-denoise/runs/multiscan-pilot-v1/atlas-v13-confirmation-q9ixevii/outputs/dual_g4_s9133011_b0__bias_only.npz,04d5deae8d9948930e6877eabb1ec5e4939785d4a8c23e5533c01b9ecaa82d49,,,,,4,True,True,0.8086624384708129,1.0087038833331892,1.9665367541949346,0.7122395833333334,0.9661458333333334,0.7633756018503468,1.0,1.0200246619450744,0.8144041017268404,1.019984668793432,,self-report; not geometry-derived layer count or success,1.0199856543784522,0.008920529038325103,0.18698190916642518,0.22217411648973256,4.002835840344194,0.0028358403441943736,1.0007089600860486,4.024083308819563,0.024083308819562887,"GT source-group affine fits evaluated at x=y=0; may extrapolate, not physical layer count"
dual_g4_s9133011_b0,synthetic,old_original,/srv/slam-research/grf/map-denoise/runs/multiscan-pilot-v1/atlas-v13-confirmation-q9ixevii/outputs/dual_g4_s9133011_b0__old_original.npz,d8aa5c984212eb49f18094244f06e15a90fdfaee19e94d0045592318efb0c4e7,,,0.0,,4,True,True,0.24558835674661075,0.46861215538776335,1.1420972024114489,0.9518229166666666,0.98828125,0.24273734188579418,1.0,0.5208490462068966,0.25790993408099167,0.5125028469740699,,self-report; not geometry-derived layer count or success,0.5208077225718304,0.006560872211637872,0.5653748705843381,0.9009278053429896,3.8083596481245663,0.1916403518754337,0.9520899120311416,3.112941587655235,0.8870584123447651,"GT source-group affine fits evaluated at x=y=0; may extrapolate, not physical layer count"
dual_g4_s9133011_b0,synthetic,whole_spatial,/srv/slam-research/grf/map-denoise/runs/multiscan-pilot-v1/atlas-v13-confirmation-q9ixevii/outputs/dual_g4_s9133011_b0__whole_spatial.npz,7a8e613f87e265dd7e9978e189f32e30eae28c648f9fc437d68ddfc9e06b0234,,,,,4,True,True,0.11425497089727692,0.25849009039946835,0.14331630042310978,0.9830729166666666,0.9986979166666666,0.10987727509202365,1.0,0.2585762474210256,0.1142636680790859,0.2522571916783539,,self-report; not geometry-derived layer count or success,0.2551710697736142,0.04182583987117004,0.2736632767128407,0.3246424551757419,3.9206674084365716,0.07933259156342842,0.9801668521091429,3.7847213962307684,0.21527860376923158,"GT source-group affine fits evaluated at x=y=0; may extrapolate, not physical layer count"
dual_g4_s9133011_b0,synthetic,local_spatial_96,/srv/slam-research/grf/map-denoise/runs/multiscan-pilot-v1/atlas-v13-confirmation-q9ixevii/outputs/dual_g4_s9133011_b0__local_spatial_96.npz,27dc071186e700a81a8edd90dcd38ccb3ba3179851a0d5aaceab40c607af03c3,,,,,4,True,True,0.20885857380692693,0.34677405231960245,0.8167612320224377,0.9713541666666666,0.9986979166666666,0.21587296807199963,1.0,0.35336541719973313,0.20886727098873592,0.34131096055732807,,self-report; not geometry-derived layer count or success,0.3498959631745042,0.049395678221150145,0.29648911859189214,0.35772524672578443,3.9235850000133894,0.07641499998661061,0.9808962500033473,3.7174314804453497,0.28256851955465034,"GT source-group affine fits evaluated at x=y=0; may extrapolate, not physical layer count"
dual_g4_s9133011_b0,synthetic,apss_2,/srv/slam-research/grf/map-denoise/runs/multiscan-pilot-v1/atlas-v13-confirmation-q9ixevii/outputs/dual_g4_s9133011_b0__apss_2.npz,b4810234581a2bc4bd295ff6f68979cb109797862aebb5525bfe2a46a972efe5,,,,,4,True,True,0.35933959963605705,0.48729201707512126,0.9943231473216869,0.953125,0.99609375,0.36366940183793756,1.0,0.49765842814401784,0.36074813532084304,0.4885587088354634,,self-report; not geometry-derived layer count or success,0.496108680372694,0.03924395955607306,0.3104428426785358,0.31053932154275776,3.884535368439362,0.1154646315606378,0.9711338421098406,3.6155510565455895,0.3844489434544105,"GT source-group affine fits evaluated at x=y=0; may extrapolate, not physical layer count"
dual_g4_s9133011_b0,synthetic,rimls_2,/srv/slam-research/grf/map-denoise/runs/multiscan-pilot-v1/atlas-v13-confirmation-q9ixevii/outputs/dual_g4_s9133011_b0__rimls_2.npz,70ce67aae6275e8be7d22ae9cc13d44a17071735a8041b71b811efef0e160554,,,,,4,True,True,0.36544052291990986,0.4927622623016589,0.9944868070604025,0.9518229166666666,0.99609375,0.39079132528242466,1.0,0.5158798287902217,0.36546445038601144,0.48968988133339075,,self-report; not geometry-derived layer count or success,0.5143106166277087,0.040206807590934875,0.2584600645565733,0.29042404025616014,3.919690371462161,0.08030962853783885,0.9799225928655403,3.7425466734856117,0.25745332651438835,"GT source-group affine fits evaluated at x=y=0; may extrapolate, not physical layer count"
dual_g4_s9133011_b4,synthetic,global_hard,/srv/slam-research/grf/map-denoise/runs/multiscan-pilot-v1/atlas-v13-confirmation-q9ixevii/outputs/dual_g4_s9133011_b4__global_hard.npz,62be2ca2a7b529d717e95ab92d29fbf40dcf9f917d046fe953f34a804695db76,0.039584321999996064,0.00015284699998119322,0.0,0,4,True,True,0.20841904960919946,0.7524921585483839,0.3351917722258177,0.9583333333333334,0.9817708333333334,0.16822279595359893,1.0,0.9437195819252832,0.25936975758498976,0.9432661185728702,,self-report; not geometry-derived layer count or success,0.9433853774118524,0.025113323052273796,0.19934615414868526,0.21263245367805525,4.0162598490780885,0.01625984907808853,1.0040649622695221,3.9431387265335363,0.056861273466463746,"GT source-group affine fits evaluated at x=y=0; may extrapolate, not physical layer count"
dual_g4_s9133011_b4,synthetic,atlas_hard_96,/srv/slam-research/grf/map-denoise/runs/multiscan-pilot-v1/atlas-v13-confirmation-q9ixevii/outputs/dual_g4_s9133011_b4__atlas_hard_96.npz,62a0f5f1df5441630c16c28ba326bd88ccc56313b6ac24f5803289adfcf82f0a,0.039584321999996064,0.0019382469999982277,0.0,12,4,True,True,0.2702528334541118,0.7660813873629438,0.5321443685172799,0.9583333333333334,0.9817708333333334,0.23129501306023928,1.0,0.9547499433404084,0.32120354142990204,0.9539131513535333,,self-report; not geometry-derived layer count or success,0.9543297660059029,0.028322288460357913,0.17743104570348422,0.18503835932848683,4.037442237178503,0.037442237178503035,1.0093605592946258,3.9762937402947474,0.02370625970525264,"GT source-group affine fits evaluated at x=y=0; may extrapolate, not physical layer count"
dual_g4_s9133011_b4,synthetic,atlas_hard_256,/srv/slam-research/grf/map-denoise/runs/multiscan-pilot-v1/atlas-v13-confirmation-q9ixevii/outputs/dual_g4_s9133011_b4__atlas_hard_256.npz,281d46bfd8d218032564aece37b66adcae09932cc5b20aa32b7ad3fdc4045f3b,0.039584321999996064,0.0015825529999347054,0.0,2,4,True,True,0.2279059760988249,0.756440118979205,0.48006164578310645,0.9583333333333334,0.9817708333333334,0.18753236087106998,1.0,0.9469056525788083,0.27885668407461517,0.9459971128506225,,self-report; not geometry-derived layer count or success,0.9463967685892601,0.03103983391555199,0.21446702494134787,0.2255905068057716,4.04750491188606,0.047504911886059986,1.011876227971515,3.9647057693953225,0.03529423060467751,"GT source-group affine fits evaluated at x=y=0; may extrapolate, not physical layer count"
dual_g4_s9133011_b4,synthetic,atlas_tied_96,/srv/slam-research/grf/map-denoise/runs/multiscan-pilot-v1/atlas-v13-confirmation-q9ixevii/outputs/dual_g4_s9133011_b4__atlas_tied_96.npz,35b991f3fe6ba55a6c6181295b939839c0eac9ea73fa97561724c9ed5166ecce,0.039584321999996064,0.0017003389999672436,0.0,12,4,True,True,0.22978453945064956,0.7563435219198593,0.37065631770816027,0.9583333333333334,0.9817708333333334,0.18933491354003565,1.0,0.9467933548106051,0.28073524742643985,0.9462604916297579,,self-report; not geometry-derived layer count or success,0.9467932070784676,0.0005289079220543934,0.21039729622564038,0.2438904031345481,4.060180492972601,0.06018049297260131,1.0150451232431503,4.002489657024612,0.002489657024612235,"GT source-group affine fits evaluated at x=y=0; may extrapolate, not physical layer count"
dual_g4_s9133011_b4,synthetic,atlas_tied_256,/srv/slam-research/grf/map-denoise/runs/multiscan-pilot-v1/atlas-v13-confirmation-q9ixevii/outputs/dual_g4_s9133011_b4__atlas_tied_256.npz,003cd493b05c0a16d403e56c395e0d8f7b879202303f4d961fec9cc5a5e3312d,0.039584321999996064,0.0011153270000932025,0.0,2,4,True,True,0.2177110214707645,0.7542219882884887,0.3699440101962555,0.95703125,0.9817708333333334,0.17742084584898765,1.0,0.9450994659927451,0.26866172944655475,0.9446987435313061,,self-report; not geometry-derived layer count or success,0.9450473890477638,0.009921344353283167,0.19243006851816422,0.24211046669070518,4.046080473089359,0.0460804730893587,1.0115201182723397,4.016514034038415,0.01651403403841467,"GT source-group affine fits evaluated at x=y=0; may extrapolate, not physical layer count"
dual_g4_s9133011_b4,synthetic,atlas_relax_96,/srv/slam-research/grf/map-denoise/runs/multiscan-pilot-v1/atlas-v13-confirmation-q9ixevii/outputs/dual_g4_s9133011_b4__atlas_relax_96.npz,9d49fbfa0803a34589388d84bea1a337c6af7c70b6b9eeb02dd807a01b4e7ed2,0.039584321999996064,0.015388777999987724,0.0,12,4,True,True,0.26881492294851683,0.7654903375707723,0.5433845682038068,0.9583333333333334,0.9817708333333334,0.2297791413980889,1.0,0.9542757728942682,0.3197656309243071,0.9533381958011491,,self-report; not geometry-derived layer count or success,0.9539187308727217,0.02610183179642479,0.18650656061483914,0.23321525641679233,4.052338875945445,0.05233887594544484,1.0130847189863612,3.9450061450693745,0.054993854930625474,"GT source-group affine fits evaluated at x=y=0; may extrapolate, not physical layer count"
dual_g4_s9133011_b4,synthetic,atlas_relax_256,/srv/slam-research/grf/map-denoise/runs/multiscan-pilot-v1/atlas-v13-confirmation-q9ixevii/outputs/dual_g4_s9133011_b4__atlas_relax_256.npz,7e91716f12aba684b35029ef7db1861971d9f253410cb4cf94942820fea921f8,0.039584321999996064,0.008562633999986247,0.0026041666666666665,2,4,True,True,0.2482644101275029,0.7725684329988537,0.7865228639087393,0.9557291666666666,0.98046875,0.20547998945484638,1.0,0.9598740889712485,0.2992151181032932,0.9587527600588901,,self-report; not geometry-derived layer count or success,0.9591605168028262,0.037004995404938255,0.2489080335252316,0.29765824167237886,4.045576750677891,0.04557675067789102,1.0113941876694728,3.8823529929729577,0.11764700702704234,"GT source-group affine fits evaluated at x=y=0; may extrapolate, not physical layer count"
dual_g4_s9133011_b4,synthetic,bias_only,/srv/slam-research/grf/map-denoise/runs/multiscan-pilot-v1/atlas-v13-confirmation-q9ixevii/outputs/dual_g4_s9133011_b4__bias_only.npz,846d17223f99db4cab5750c600c60316b95d44d7992c900989814509a183d4bb,,,,,4,True,True,0.9009545767819375,1.2313160543732444,2.2036862414676963,0.68359375,0.9440104166666666,0.8306402967774756,1.0,1.3650733269523323,0.9576388248230906,1.3630552507864218,,self-report; not geometry-derived layer count or success,1.3639345853469633,0.05574616445206093,0.1950330936203494,0.24303771660791998,4.098079019585934,0.09807901958593401,1.0245197548964835,4.181621191582544,0.1816211915825443,"GT source-group affine fits evaluated at x=y=0; may extrapolate, not physical layer count"
dual_g4_s9133011_b4,synthetic,old_original,/srv/slam-research/grf/map-denoise/runs/multiscan-pilot-v1/atlas-v13-confirmation-q9ixevii/outputs/dual_g4_s9133011_b4__old_original.npz,7981fd31e69756c293d368e258bf64453e02a8a267d82f742b32b19ac19831b2,,,0.0,,4,True,True,0.33791429250927174,0.8475883196950041,1.4596004065863988,0.9270833333333334,0.9713541666666666,0.30031330553873303,1.0,1.0460653623267169,0.40114593599163095,1.0433335664389614,,self-report; not geometry-derived layer count or success,1.0444505274539406,0.05810196176473721,0.41436080314568496,0.9367788979916359,3.90361755347274,0.0963824465272598,0.975904388368185,3.2706559651363287,0.7293440348636713,"GT source-group affine fits evaluated at x=y=0; may extrapolate, not physical layer count"
dual_g4_s9133011_b4,synthetic,whole_spatial,/srv/slam-research/grf/map-denoise/runs/multiscan-pilot-v1/atlas-v13-confirmation-q9ixevii/outputs/dual_g4_s9133011_b4__whole_spatial.npz,7bd3d1facb14212ad8abda0da0e6e93c45ac395f6b6f5118f4afcc3cea3c2a02,,,,,4,True,True,0.206536750921245,0.7519799021152579,0.32616897572938425,0.9583333333333334,0.9817708333333334,0.16626527315676876,1.0,0.9433108611947484,0.25748745889703534,0.9429171322540219,,self-report; not geometry-derived layer count or success,0.9430348052288461,0.022819662025770297,0.18421135408934033,0.20760471825267054,4.015923992639501,0.015923992639501172,1.0039809981598753,3.9425594615897848,0.057440538410215236,"GT source-group affine fits evaluated at x=y=0; may extrapolate, not physical layer count"
dual_g4_s9133011_b4,synthetic,local_spatial_96,/srv/slam-research/grf/map-denoise/runs/multiscan-pilot-v1/atlas-v13-confirmation-q9ixevii/outputs/dual_g4_s9133011_b4__local_spatial_96.npz,bffc6bc8408c9c8b330726c3b7fe7c587e448a14f9962567f8d127c57acbe07a,,,,,4,True,True,0.3011703643355849,0.7867170783106139,1.0990193355110776,0.9466145833333334,0.9817708333333334,0.2716983604306542,1.0,0.9736059985586261,0.35212107231137524,0.9709816116838204,,self-report; not geometry-derived layer count or success,0.9734820652114411,0.01553412826671707,0.16633093370201615,0.22450560022170468,4.0189416826088245,0.01894168260882445,1.0047354206522061,3.875484500727286,0.12451549927271399,"GT source-group affine fits evaluated at x=y=0; may extrapolate, not physical layer count"
dual_g4_s9133011_b4,synthetic,apss_2,/srv/slam-research/grf/map-denoise/runs/multiscan-pilot-v1/atlas-v13-confirmation-q9ixevii/outputs/dual_g4_s9133011_b4__apss_2.npz,71393c3c44d24900db4a41e4941a06d6554416dceaa9c3d4880ea740d692b802,,,,,4,True,True,0.45157476562958604,0.8577745965709619,1.2235586760553157,0.9296875,0.9791666666666666,0.41943565601602034,1.0,1.0346991997718324,0.5039843862415813,1.0321482515654483,,self-report; not geometry-derived layer count or success,1.0343850941655588,0.025493351615242545,0.21564323048489364,0.34735995117767204,3.9799399239029585,0.020060076097041524,0.9949849809757396,3.773764310592576,0.226235689407424,"GT source-group affine fits evaluated at x=y=0; may extrapolate, not physical layer count"
dual_g4_s9133011_b4,synthetic,rimls_2,/srv/slam-research/grf/map-denoise/runs/multiscan-pilot-v1/atlas-v13-confirmation-q9ixevii/outputs/dual_g4_s9133011_b4__rimls_2.npz,3eb56cc3ed209ae814e8caad490e0cb84e5eb80ed770cf794f38135491575b0f,,,,,4,True,True,0.4577883625308558,0.8609401661025184,1.1724436404829066,0.92578125,0.9791666666666666,0.4473300446008839,1.0,1.0435479842028523,0.5087974754716685,1.0319957199760041,,self-report; not geometry-derived layer count or success,1.0432592596118588,0.024546131425394368,0.19093339039656654,0.2388459803617185,4.01530003810984,0.015300038109839598,1.00382500952746,3.900918405626619,0.09908159437338115,"GT source-group affine fits evaluated at x=y=0; may extrapolate, not physical layer count"
dual_g8_s9133011_b0,synthetic,global_hard,/srv/slam-research/grf/map-denoise/runs/multiscan-pilot-v1/atlas-v13-confirmation-q9ixevii/outputs/dual_g8_s9133011_b0__global_hard.npz,8b66fd10b098c459e65a43c8e5c84d62cd7ff1b75b791e0edf8b0aac178b80cb,0.04218376599999374,0.0001593829999819718,0.0,0,8,True,True,0.05457848597911294,0.15355161613205703,0.09776718522646828,0.9947916666666666,1.0,0.051381437775030216,1.0,0.15357322754831246,0.05457848597911293,0.15281795220953925,,self-report; not geometry-derived layer count or success,0.1528601290308651,0.014782326348482318,0.14289147457782955,0.19662572211535503,7.9948643922725235,0.0051356077274764544,0.9993580490340654,8.063879949530808,0.06387994953080778,"GT source-group affine fits evaluated at x=y=0; may extrapolate, not physical layer count"
dual_g8_s9133011_b0,synthetic,atlas_hard_96,/srv/slam-research/grf/map-denoise/runs/multiscan-pilot-v1/atlas-v13-confirmation-q9ixevii/outputs/dual_g8_s9133011_b0__atlas_hard_96.npz,547d156c8269adaa23c890496eff057d481d70fd58fb7dbeb36044d96f425a8e,0.04218376599999374,0.0019400520000090182,0.0,11,8,True,True,0.1504014171670156,0.23867540901214115,0.4530533260865007,0.9947916666666666,1.0,0.14971277911165745,1.0,0.23963720722795637,0.15040141716701563,0.23758658623024362,,self-report; not geometry-derived layer count or success,0.23856690630367566,0.022623490108905676,0.17928415544851575,0.22514476133688407,7.994664845903191,0.005335154096808736,0.9993331057378989,8.08073486171948,0.08073486171947941,"GT source-group affine fits evaluated at x=y=0; may extrapolate, not physical layer count"
dual_g8_s9133011_b0,synthetic,atlas_hard_256,/srv/slam-research/grf/map-denoise/runs/multiscan-pilot-v1/atlas-v13-confirmation-q9ixevii/outputs/dual_g8_s9133011_b0__atlas_hard_256.npz,79542e3a710bbf917a7b71d92db2f3736fa3338c4358b73652065aab9cc1443c,0.04218376599999374,0.0012406470000314584,0.0,2,8,True,True,0.08863862364603985,0.1774443384322303,0.20274671854545442,0.9947916666666666,1.0,0.08561512051662384,1.0,0.17752789205967243,0.08863862364603985,0.1771065202336157,,self-report; not geometry-derived layer count or success,0.1772004445478885,0.010777518785944622,0.2224298441541103,0.35111847925431483,8.003908678704372,0.003908678704371837,1.0004885848380465,8.153715783292462,0.15371578329246205,"GT source-group affine fits evaluated at x=y=0; may extrapolate, not physical layer count"
dual_g8_s9133011_b0,synthetic,atlas_tied_96,/srv/slam-research/grf/map-denoise/runs/multiscan-pilot-v1/atlas-v13-confirmation-q9ixevii/outputs/dual_g8_s9133011_b0__atlas_tied_96.npz,f3335e65ccb8ca78463f3e506531e26dc8739b1871c9607b9c1958956c683d14,0.04218376599999374,0.0016973320000488457,0.0,11,8,True,True,0.10608539982261238,0.1898861543866587,0.23746713483807644,0.9947916666666666,1.0,0.10300216175760607,1.0,0.1899035214950578,0.1060853998226124,0.1868524589046478,,self-report; not geometry-derived layer count or success,0.18770802317778593,0.028793150416577488,0.25959296174830504,0.3282926558785686,8.036378516638433,0.0363785166384325,1.004547314579804,8.15562299045379,0.15562299045378936,"GT source-group affine fits evaluated at x=y=0; may extrapolate, not physical layer count"
dual_g8_s9133011_b0,synthetic,atlas_tied_256,/srv/slam-research/grf/map-denoise/runs/multiscan-pilot-v1/atlas-v13-confirmation-q9ixevii/outputs/dual_g8_s9133011_b0__atlas_tied_256.npz,16a6ebc644524dad6a7ea3852b8f33f28f18861c3b19f32caf0a938f9d7aa39a,0.04218376599999374,0.001267107999979089,0.0,2,8,True,True,0.07010601169318499,0.16328796694312667,0.16776847550999457,0.9947916666666666,1.0,0.06690599252136754,1.0,0.16330827288024713,0.07010601169318499,0.15764015835355025,,self-report; not geometry-derived layer count or success,0.15918400378434594,0.03646978105657608,0.19082569980846661,0.3180441096763109,8.045104550931068,0.04510455093106813,1.0056380688663835,8.197247133636287,0.19724713363628688,"GT source-group affine fits evaluated at x=y=0; may extrapolate, not physical layer count"
dual_g8_s9133011_b0,synthetic,atlas_relax_96,/srv/slam-research/grf/map-denoise/runs/multiscan-pilot-v1/atlas-v13-confirmation-q9ixevii/outputs/dual_g8_s9133011_b0__atlas_relax_96.npz,d72fa3a75046db7fd9a3cf15c4dff3953a4cda1a8a16b6dc5d0cce81efd820a2,0.04218376599999374,0.015658431000019846,0.0013020833333333333,11,8,True,True,0.153789141374216,0.26438812619507196,0.45737250282710873,0.9934895833333334,1.0,0.15105495527649138,1.0,0.26538349903188985,0.15378914137421604,0.26345856703678383,,self-report; not geometry-derived layer count or success,0.26446586684923573,0.022050098187795027,0.1757187919749014,0.22514512945036913,7.995604426192639,0.00439557380736133,0.9994505532740798,8.083365587664758,0.08336558766475832,"GT source-group affine fits evaluated at x=y=0; may extrapolate, not physical layer count"
dual_g8_s9133011_b0,synthetic,atlas_relax_256,/srv/slam-research/grf/map-denoise/runs/multiscan-pilot-v1/atlas-v13-confirmation-q9ixevii/outputs/dual_g8_s9133011_b0__atlas_relax_256.npz,b9d16c63e3c6ee77bd7f510d76ef956f08a54874f83ef6b20065c1bd0d9e54e4,0.04218376599999374,0.009191674000021521,0.0,2,8,True,True,0.0886387720713374,0.1774446258163138,0.20274723958260127,0.9947916666666666,1.0,0.08561527128381775,1.0,0.17752818056375572,0.08863877207133737,0.17710681376756846,,self-report; not geometry-derived layer count or success,0.17720073801406216,0.01077744596595864,0.22242913994803024,0.3511162830365977,8.003908454982549,0.003908454982548548,1.0004885568728186,8.153713391499569,0.15371339149956853,"GT source-group affine fits evaluated at x=y=0; may extrapolate, not physical layer count"
dual_g8_s9133011_b0,synthetic,bias_only,/srv/slam-research/grf/map-denoise/runs/multiscan-pilot-v1/atlas-v13-confirmation-q9ixevii/outputs/dual_g8_s9133011_b0__bias_only.npz,ad663e940fdd065550bdbe43c9fe8cb514a3f67e063b9afb729ecd2d0a7c4996,,,,,8,True,True,0.8216371988006866,1.0286466117280513,2.1196538165023076,0.7044270833333334,0.9778645833333334,0.7579904270301805,1.0,1.028647402082893,0.8216371988006866,1.0286043826618911,,self-report; not geometry-derived layer count or success,1.0286132811624984,0.008378283117937467,0.12239989792586876,0.1469498458930384,7.991613645015307,0.008386354984692979,0.9989517056269134,8.031907031402632,0.03190703140263196,"GT source-group affine fits evaluated at x=y=0; may extrapolate, not physical layer count"
dual_g8_s9133011_b0,synthetic,old_original,/srv/slam-research/grf/map-denoise/runs/multiscan-pilot-v1/atlas-v13-confirmation-q9ixevii/outputs/dual_g8_s9133011_b0__old_original.npz,3d6061112c32bf57fe68d750507e0a9f771b2aa519aec9c4e089937d3a64a507,,,0.0,,8,True,True,0.22627170046172507,0.49112037531388625,1.1809737858952338,0.9453125,0.9908854166666666,0.21284458094631278,1.0,0.505357200147634,0.2280387541011931,0.5044790302810989,,self-report; not geometry-derived layer count or success,0.5053571921066706,9.015052619110708e-05,0.2411085712771961,0.2723256466410456,7.940609065584988,0.05939093441501164,0.9925761331981235,7.780463653663313,0.21953634633668706,"GT source-group affine fits evaluated at x=y=0; may extrapolate, not physical layer count"
dual_g8_s9133011_b0,synthetic,whole_spatial,/srv/slam-research/grf/map-denoise/runs/multiscan-pilot-v1/atlas-v13-confirmation-q9ixevii/outputs/dual_g8_s9133011_b0__whole_spatial.npz,b5dd3c19a24821870972afb567aac073c759aacac75856f205bc32fb34395ecc,,,,,8,True,True,0.029513110402208862,0.14694969669799318,0.03872421470187217,0.9947916666666666,1.0,0.028190355911499442,1.0,0.14712229436099633,0.029513110402208786,0.1461376474876358,,self-report; not geometry-derived layer count or success,0.1463348059896541,0.015201777988575712,0.039265784198624,0.0566300510876282,7.99460265705958,0.00539734294042038,0.9993253321324475,7.978543924361125,0.021456075638875305,"GT source-group affine fits evaluated at x=y=0; may extrapolate, not physical layer count"
dual_g8_s9133011_b0,synthetic,local_spatial_96,/srv/slam-research/grf/map-denoise/runs/multiscan-pilot-v1/atlas-v13-confirmation-q9ixevii/outputs/dual_g8_s9133011_b0__local_spatial_96.npz,ebc9ff2672febc0b70a18e31e3f8081a45eab6cd92cbda65ec9a6d4c0ddd51aa,,,,,8,True,True,0.4483472804837066,0.7395821675919155,1.6412125558830957,0.8138020833333334,0.9778645833333334,0.4559153966249938,1.0,0.7543923567165223,0.4483472804837067,0.7360096674598967,,self-report; not geometry-derived layer count or success,0.7533404361516273,0.03982480547579077,0.4207554301888397,0.4353690505230926,7.8747841600759845,0.12521583992401553,0.9843480200094981,7.4565382393146695,0.5434617606853305,"GT source-group affine fits evaluated at x=y=0; may extrapolate, not physical layer count"
dual_g8_s9133011_b0,synthetic,apss_2,/srv/slam-research/grf/map-denoise/runs/multiscan-pilot-v1/atlas-v13-confirmation-q9ixevii/outputs/dual_g8_s9133011_b0__apss_2.npz,12b79ada64e5b966abe7fcb11321d33ccbb2088956ee1ae851e9bf38b6198ae1,,,,,8,True,True,0.37069171427770436,0.4822440282566484,0.9516676440429243,0.9609375,0.9986979166666666,0.3846400516236607,1.0,0.49988921391819174,0.3706917142777044,0.48206571959128414,,self-report; not geometry-derived layer count or success,0.4998412608448033,0.006923882496478543,0.08957542366534495,0.17052174819832433,8.022902296483883,0.022902296483882978,1.0028627870604854,8.09963038243843,0.09963038243843059,"GT source-group affine fits evaluated at x=y=0; may extrapolate, not physical layer count"
dual_g8_s9133011_b0,synthetic,rimls_2,/srv/slam-research/grf/map-denoise/runs/multiscan-pilot-v1/atlas-v13-confirmation-q9ixevii/outputs/dual_g8_s9133011_b0__rimls_2.npz,b3b125f979d6f9731fb8a57b86d876bc006c5efbf9c6ca753a3a7a78e2f91ab3,,,,,8,True,True,0.383737648339536,0.5008847733636675,0.9992985848080771,0.94921875,0.9986979166666666,0.4113049169016711,1.0,0.5248028350586909,0.38373764833953605,0.49995571660653476,,self-report; not geometry-derived layer count or success,0.524753137358969,0.007222223865155717,0.13662359398050808,0.2863101963963756,8.060865295504954,0.060865295504953565,1.0076081619381192,8.23953856729619,0.23953856729619005,"GT source-group affine fits evaluated at x=y=0; may extrapolate, not physical layer count"
dual_g8_s9133011_b4,synthetic,global_hard,/srv/slam-research/grf/map-denoise/runs/multiscan-pilot-v1/atlas-v13-confirmation-q9ixevii/outputs/dual_g8_s9133011_b4__global_hard.npz,b47cda7ea797c688ddbd14d5f442a7c01cbd2221c637fabf6184589eda66ffdb,0.040378356000019267,0.00019480200000998593,0.0,0,8,True,True,0.07313219658064797,0.32814869945057973,0.09821974601449361,0.9921875,0.9973958333333334,0.07108315039435271,1.0,0.34891452862328765,0.07478389246977223,0.34712643610160193,,self-report; not geometry-derived layer count or success,0.3484740243076563,0.01752719792887588,0.15159725676953348,0.15907751821947508,7.980393467988283,0.019606532011716915,0.9975491834985354,8.014009834095788,0.01400983409578771,"GT source-group affine fits evaluated at x=y=0; may extrapolate, not physical layer count"
dual_g8_s9133011_b4,synthetic,atlas_hard_96,/srv/slam-research/grf/map-denoise/runs/multiscan-pilot-v1/atlas-v13-confirmation-q9ixevii/outputs/dual_g8_s9133011_b4__atlas_hard_96.npz,470f774b4f9fbbcb7ecf5714aeb561fd98949a291ce031887017ad6bb25b8493,0.040378356000019267,0.0019447250000439453,0.0,11,8,True,True,0.16901275303556895,0.3755230320923278,0.46716026767075725,0.9921875,0.9973958333333334,0.16405952905625631,1.0,0.39429258030421716,0.17066444892469324,0.3918048289248115,,self-report; not geometry-derived layer count or success,0.393493001105947,0.02509774817773014,0.1874296440958286,0.18919579802171502,7.980497846535587,0.019502153464412864,0.9975622308169484,8.030683089455087,0.030683089455086687,"GT source-group affine fits evaluated at x=y=0; may extrapolate, not physical layer count"
dual_g8_s9133011_b4,synthetic,atlas_hard_256,/srv/slam-research/grf/map-denoise/runs/multiscan-pilot-v1/atlas-v13-confirmation-q9ixevii/outputs/dual_g8_s9133011_b4__atlas_hard_256.npz,a6a162461e87ef965e142ac47d5ad6e4964623b450f54ea75794398e81cef197,0.040378356000019267,0.0012478410000085205,0.0,2,8,True,True,0.10677778356073524,0.3399388454716989,0.20864037823751114,0.9921875,0.9973958333333334,0.1026209047282014,1.0,0.36006202818363975,0.10842947944985949,0.3585693193816715,,self-report; not geometry-derived layer count or success,0.35981747090976435,0.013268450090989356,0.22892306963421682,0.31143240257372334,7.989944671825492,0.010055328174508382,0.9987430839781865,8.104397726342713,0.10439772634271272,"GT source-group affine fits evaluated at x=y=0; may extrapolate, not physical layer count"
dual_g8_s9133011_b4,synthetic,atlas_tied_96,/srv/slam-research/grf/map-denoise/runs/multiscan-pilot-v1/atlas-v13-confirmation-q9ixevii/outputs/dual_g8_s9133011_b4__atlas_tied_96.npz,b01c525fdfc2f408d246da1e5a64156352a59345e67deb926ba40d59eaeb420a,0.040378356000019267,0.0017207480000251962,0.0,11,8,True,True,0.1248860239701201,0.34671456292898767,0.23958063288864545,0.9921875,0.9973958333333334,0.11991760448131517,1.0,0.3664294075609007,0.12653771985924436,0.36377207525177124,,self-report; not geometry-derived layer count or success,0.3650931884858229,0.03126458774217362,0.2671281998930265,0.28815242966112947,8.022207137202782,0.022207137202782334,1.0027758921503478,8.105868400553568,0.10586840055356816,"GT source-group affine fits evaluated at x=y=0; may extrapolate, not physical layer count"
dual_g8_s9133011_b4,synthetic,atlas_tied_256,/srv/slam-research/grf/map-denoise/runs/multiscan-pilot-v1/atlas-v13-confirmation-q9ixevii/outputs/dual_g8_s9133011_b4__atlas_tied_256.npz,6bc153d9333c7c5e0d9ec13afdb6f87cfa2ef27465ebed4d0458658220d8d994,0.040378356000019267,0.0011041870000099152,0.0,2,8,True,True,0.0886104360093349,0.33282425339333693,0.17184459121693327,0.9921875,0.9973958333333334,0.0855217782477078,1.0,0.35331570139031476,0.09026213189845915,0.34962819418270574,,self-report; not geometry-derived layer count or success,0.35116690062319184,0.0389074897112537,0.19769450754874027,0.2776090335961676,8.031268792203784,0.0312687922037842,1.003908599025473,8.148552903099313,0.14855290309931313,"GT source-group affine fits evaluated at x=y=0; may extrapolate, not physical layer count"
dual_g8_s9133011_b4,synthetic,atlas_relax_96,/srv/slam-research/grf/map-denoise/runs/multiscan-pilot-v1/atlas-v13-confirmation-q9ixevii/outputs/dual_g8_s9133011_b4__atlas_relax_96.npz,06e11d805f85ae1a26a466f73e3f59e5c8a069be7c5ac5568cade5aa9199f045,0.040378356000019267,0.015768371999911324,0.0013020833333333333,11,8,True,True,0.17245064654630168,0.39246108408804115,0.46988266909500503,0.9908854166666666,0.9973958333333334,0.16544387485047887,1.0,0.410589312701096,0.1741023424354259,0.40811209988724934,,self-report; not geometry-derived layer count or success,0.4098555012237045,0.024536744303683324,0.1838688957971736,0.18462912565664524,7.981417932236247,0.01858206776375315,0.9976772415295309,8.033278979986276,0.03327897998627627,"GT source-group affine fits evaluated at x=y=0; may extrapolate, not physical layer count"
dual_g8_s9133011_b4,synthetic,atlas_relax_256,/srv/slam-research/grf/map-denoise/runs/multiscan-pilot-v1/atlas-v13-confirmation-q9ixevii/outputs/dual_g8_s9133011_b4__atlas_relax_256.npz,20ff950a125b19981e62b3d14a1b11e629dd748456e03bd17733414b00fb8a9c,0.040378356000019267,0.009229361999928187,0.0,2,8,True,True,0.10677793534497958,0.3399389978553044,0.20864042578302128,0.9921875,0.9973958333333334,0.10262106559926887,1.0,0.36006217247074357,0.10842963123410383,0.3585694651239041,,self-report; not geometry-derived layer count or success,0.35981761812560514,0.013268373327868281,0.22892240214540482,0.3114303177326746,7.989944436659989,0.010055563340010565,0.9987430545824987,8.104395334902792,0.10439533490279196,"GT source-group affine fits evaluated at x=y=0; may extrapolate, not physical layer count"
dual_g8_s9133011_b4,synthetic,bias_only,/srv/slam-research/grf/map-denoise/runs/multiscan-pilot-v1/atlas-v13-confirmation-q9ixevii/outputs/dual_g8_s9133011_b4__bias_only.npz,5354f8995149e47b2bc1d8a65956c924a4464e44bbdea30da95459acc5318ca4,,,,,8,True,True,0.8403373345311898,1.068832052896881,2.1471517449970636,0.69921875,0.9700520833333334,0.7754220193781854,1.0,1.075384775644424,0.841989030420314,1.074880167058813,,self-report; not geometry-derived layer count or success,1.0753271140877887,0.011136130182238751,0.1328160010933362,0.14533081479692742,7.977121671745893,0.02287832825410696,0.9971402089682366,7.982028704852516,0.017971295147484412,"GT source-group affine fits evaluated at x=y=0; may extrapolate, not physical layer count"
dual_g8_s9133011_b4,synthetic,old_original,/srv/slam-research/grf/map-denoise/runs/multiscan-pilot-v1/atlas-v13-confirmation-q9ixevii/outputs/dual_g8_s9133011_b4__old_original.npz,6606ec0303a930ffa19da826c14420c87e31bdd4c7df9209f48f88c2fe6b5985,,,0.0,,8,True,True,0.24500826927805086,0.5707097757035147,1.2867924787381175,0.9375,0.9869791666666666,0.23199768081289418,1.0,0.5950521143251672,0.2484470198068859,0.5932211450258907,,self-report; not geometry-derived layer count or success,0.5950460732862267,0.002681311152113853,0.27113143785627974,0.2893096812796321,7.92593138045954,0.07406861954046029,0.9907414225574425,7.7295228520240435,0.27047714797595646,"GT source-group affine fits evaluated at x=y=0; may extrapolate, not physical layer count"
dual_g8_s9133011_b4,synthetic,whole_spatial,/srv/slam-research/grf/map-denoise/runs/multiscan-pilot-v1/atlas-v13-confirmation-q9ixevii/outputs/dual_g8_s9133011_b4__whole_spatial.npz,3c2a71fa2adc262f1bd3f5c2a8ebbf97da86fcffcf51eb97aa24b0d5017e751b,,,,,8,True,True,0.04819459798839446,0.3251209987243018,0.03895691435912565,0.9921875,0.9973958333333334,0.051672953118501785,1.0,0.3460735891024938,0.049846293877518655,0.34424051749131634,,self-report; not geometry-derived layer count or success,0.3456079399883136,0.017946612251785718,0.06464120638696515,0.08583651377383265,7.980131895070442,0.01986810492955815,0.9975164868838052,7.928457973792164,0.0715420262078359,"GT source-group affine fits evaluated at x=y=0; may extrapolate, not physical layer count"
dual_g8_s9133011_b4,synthetic,local_spatial_96,/srv/slam-research/grf/map-denoise/runs/multiscan-pilot-v1/atlas-v13-confirmation-q9ixevii/outputs/dual_g8_s9133011_b4__local_spatial_96.npz,588e44ac508e9d33a84f234449d735aa41f9ffce25a48bf4f0f3e42833602ce2,,,,,8,True,True,0.46727396541307337,0.7946680605800142,1.7564373731575855,0.8098958333333334,0.9739583333333334,0.47170930384837123,1.0,0.8168140534363361,0.46892566130219765,0.7989539768825663,,self-report; not geometry-derived layer count or success,0.8157202082319367,0.042258014306677735,0.4562072183025377,0.46815866282704466,7.860272123120556,0.13972787687944432,0.9825340153900695,7.405591050311981,0.5944089496880194,"GT source-group affine fits evaluated at x=y=0; may extrapolate, not physical layer count"
dual_g8_s9133011_b4,synthetic,apss_2,/srv/slam-research/grf/map-denoise/runs/multiscan-pilot-v1/atlas-v13-confirmation-q9ixevii/outputs/dual_g8_s9133011_b4__apss_2.npz,f46af35087f9c509e909d45010ff975dc35d820abfb6aab31582b5a5654cf686,,,,,8,True,True,0.3889675824859688,0.5625498820211831,0.9659479946024809,0.95703125,0.99609375,0.39698609836505133,1.0,0.5891721988611921,0.3906192783750931,0.5740802200731031,,self-report; not geometry-derived layer count or success,0.5890913885561561,0.009757860416708095,0.09867635316675001,0.13233383298782295,8.007396467592901,0.007396467592901246,1.0009245584491127,8.047670076073606,0.04767007607360618,"GT source-group affine fits evaluated at x=y=0; may extrapolate, not physical layer count"
dual_g8_s9133011_b4,synthetic,rimls_2,/srv/slam-research/grf/map-denoise/runs/multiscan-pilot-v1/atlas-v13-confirmation-q9ixevii/outputs/dual_g8_s9133011_b4__rimls_2.npz,970f2e6c693c3437983dd8e76141c45f7fbf8f95857cd0231d30ebf7bdb07a8a,,,,,8,True,True,0.40196756745766216,0.5784647768649211,1.0178369004972008,0.9440104166666666,0.9947916666666666,0.4236554649021736,1.0,0.6104116815043497,0.4036192633467864,0.5892743079973362,,self-report; not geometry-derived layer count or success,0.6103295793512834,0.010011267944321984,0.13130052981623422,0.24519595786226783,8.04554091019001,0.0455409101900095,1.0056926137737512,8.188375442852692,0.18837544285269203,"GT source-group affine fits evaluated at x=y=0; may extrapolate, not physical layer count"
ghost_s9133021_b0,synthetic,global_hard,/srv/slam-research/grf/map-denoise/runs/multiscan-pilot-v1/atlas-v13-confirmation-q9ixevii/outputs/ghost_s9133021_b0__global_hard.npz,2c84ba12aec9a3865a10ddec745654320c7d3df4508fe8444b9c3f35e397e5f4,0.039503119999949377,0.0001339810000899888,0.0,0,0.0,True,True,0.032517845290045234,0.04011341250026144,0.0804961744289905,1.0,1.0,0.03256940947670874,1.0,0.040129561655405675,0.032517845290045234,0.03423195090448349,,self-report; not geometry-derived layer count or success,0.034250873258441804,0.020910748424892944,0.06496604757005765,0.06496604757005765,,,,,,
ghost_s9133021_b0,synthetic,atlas_hard_96,/srv/slam-research/grf/map-denoise/runs/multiscan-pilot-v1/atlas-v13-confirmation-q9ixevii/outputs/ghost_s9133021_b0__atlas_hard_96.npz,41109735ed6772f5300ae313c0878685bb3d9953fc947630b32aa2225a2ab8d7,0.039503119999949377,0.0017711420000523503,0.0,0,0.0,True,True,0.14190546624773678,0.17521832103517163,0.3383584051411072,1.0,1.0,0.14355090348084673,1.0,0.1760007364486782,0.14190546624773678,0.1752145618249137,,self-report; not geometry-derived layer count or success,0.17599651329290364,0.0012192371458715672,0.04158091362822793,0.04158091362822793,,,,,,
ghost_s9133021_b0,synthetic,atlas_hard_256,/srv/slam-research/grf/map-denoise/runs/multiscan-pilot-v1/atlas-v13-confirmation-q9ixevii/outputs/ghost_s9133021_b0__atlas_hard_256.npz,a7b093065f8444c1597475b7d88c179198db694a11aa796a2c18aba6182c89c2,0.039503119999949377,0.0011082659999601674,0.0,0,0.0,True,True,0.07296495528030211,0.0961894684319014,0.19771872331962892,1.0,1.0,0.07323614456432449,1.0,0.09629306435683235,0.07296495528030211,0.09589664608671447,,self-report; not geometry-derived layer count or success,0.09600055068448379,0.007499900766338071,0.06183659803275598,0.06183659803275598,,,,,,
ghost_s9133021_b0,synthetic,atlas_tied_96,/srv/slam-research/grf/map-denoise/runs/multiscan-pilot-v1/atlas-v13-confirmation-q9ixevii/outputs/ghost_s9133021_b0__atlas_tied_96.npz,2d28caa9b607490c296a66204e229bc016b6ca459959205406f43cf43741e04a,0.039503119999949377,0.0015253760000177863,0.0,0,0.0,True,True,0.07763771361690319,0.08850730223292998,0.1635455927011153,1.0,1.0,0.077660535099147,1.0,0.08851461922251366,0.07763771361690319,0.08843643137911703,,self-report; not geometry-derived layer count or success,0.08844375203903414,0.0035412626793885483,0.04188292308201636,0.04188292308201636,,,,,,
ghost_s9133021_b0,synthetic,atlas_tied_256,/srv/slam-research/grf/map-denoise/runs/multiscan-pilot-v1/atlas-v13-confirmation-q9ixevii/outputs/ghost_s9133021_b0__atlas_tied_256.npz,c4ee16ee2189a8e5b30d92bfc797257c324c5321aadbeeb5a7fa785ad123f6ce,0.039503119999949377,0.0010020699999131466,0.0,0,0.0,True,True,0.04070202984663641,0.048095707714526724,0.0838690840784981,1.0,1.0,0.04074698113453618,1.0,0.04810918926027587,0.04070202984663641,0.04808857674149816,,self-report; not geometry-derived layer count or success,0.04810205489604154,0.000828496263871759,0.08054917043272142,0.08054917043272142,,,,,,
ghost_s9133021_b0,synthetic,atlas_relax_96,/srv/slam-research/grf/map-denoise/runs/multiscan-pilot-v1/atlas-v13-confirmation-q9ixevii/outputs/ghost_s9133021_b0__atlas_relax_96.npz,41109735ed6772f5300ae313c0878685bb3d9953fc947630b32aa2225a2ab8d7,0.039503119999949377,0.012475429000005533,0.0,0,0.0,True,True,0.14190546624773678,0.17521832103517163,0.3383584051411072,1.0,1.0,0.14355090348084673,1.0,0.1760007364486782,0.14190546624773678,0.1752145618249137,,self-report; not geometry-derived layer count or success,0.17599651329290364,0.0012192371458715672,0.04158091362822793,0.04158091362822793,,,,,,
ghost_s9133021_b0,synthetic,atlas_relax_256,/srv/slam-research/grf/map-denoise/runs/multiscan-pilot-v1/atlas-v13-confirmation-q9ixevii/outputs/ghost_s9133021_b0__atlas_relax_256.npz,a7b093065f8444c1597475b7d88c179198db694a11aa796a2c18aba6182c89c2,0.039503119999949377,0.00593762800008335,0.0,0,0.0,True,True,0.07296495528030211,0.0961894684319014,0.19771872331962892,1.0,1.0,0.07323614456432449,1.0,0.09629306435683235,0.07296495528030211,0.09589664608671447,,self-report; not geometry-derived layer count or success,0.09600055068448379,0.007499900766338071,0.06183659803275598,0.06183659803275598,,,,,,
ghost_s9133021_b0,synthetic,bias_only,/srv/slam-research/grf/map-denoise/runs/multiscan-pilot-v1/atlas-v13-confirmation-q9ixevii/outputs/ghost_s9133021_b0__bias_only.npz,c0c5e3866e80527efcf52df25479e09d5d2689431a976e6c35dee4875f2bd040,,,,,0.0,True,True,0.7972960670791854,0.9991815628884345,1.961263801605704,0.7330729166666666,0.9765625,0.7356330353243029,1.0,0.9991815699687848,0.7972960670791854,0.9989627301438655,,self-report; not geometry-derived layer count or success,0.9989627372257669,0.020910748424892947,0.06488803815563783,0.06488803815563783,,,,,,
ghost_s9133021_b0,synthetic,old_original,/srv/slam-research/grf/map-denoise/runs/multiscan-pilot-v1/atlas-v13-confirmation-q9ixevii/outputs/ghost_s9133021_b0__old_original.npz,c5c005d76e0783ecc5326dc572ed7ed31ef9c773505d8c3e2dbabb68156b4cfa,,,0.0,,0.0,True,True,0.03237025872052591,0.0399406029797556,0.08053184988801809,1.0,1.0,0.03244189731382855,1.0,0.039963809264694505,0.03237025872052591,0.03427443832004153,,self-report; not geometry-derived layer count or success,0.03430147819571446,0.020506453728858367,0.06536881818828484,0.06536881818828484,,,,,,
ghost_s9133021_b0,synthetic,whole_spatial,/srv/slam-research/grf/map-denoise/runs/multiscan-pilot-v1/atlas-v13-confirmation-q9ixevii/outputs/ghost_s9133021_b0__whole_spatial.npz,858a4611a56f35a04893cce15a39eb8b11c96ddbf4eb4d6f7fd340e4560e687a,,,,,0.0,True,True,0.032509787338437936,0.04010246980793819,0.08045875684108457,1.0,1.0,0.03258085360756422,1.0,0.040125582311675824,0.032509787338437936,0.03421912747291241,,self-report; not geometry-derived layer count or success,0.03424621082925683,0.02091074842489299,0.06491661678125175,0.06491661678125175,,,,,,
ghost_s9133021_b0,synthetic,local_spatial_96,/srv/slam-research/grf/map-denoise/runs/multiscan-pilot-v1/atlas-v13-confirmation-q9ixevii/outputs/ghost_s9133021_b0__local_spatial_96.npz,9cdd58e9374fdcd48236219c74eaf52f474ea156b5946c1f0c0e089dc81e16b7,,,,,0.0,True,True,0.1419054662477367,0.17521832103517151,0.3383584051411073,1.0,1.0,0.14355090348084665,1.0,0.17600073644867809,0.1419054662477367,0.1752145618249136,,self-report; not geometry-derived layer count or success,0.17599651329290353,0.0012192371458716223,0.04158091362822789,0.04158091362822789,,,,,,
ghost_s9133021_b0,synthetic,apss_2,/srv/slam-research/grf/map-denoise/runs/multiscan-pilot-v1/atlas-v13-confirmation-q9ixevii/outputs/ghost_s9133021_b0__apss_2.npz,99d404b876f8e27ce2daab58d9bc524ca641ea6802d307bc2eff397b4eefa7c6,,,,,0.0,True,True,0.38028821207797225,0.4755181080536586,0.9027070428720881,0.9713541666666666,1.0,0.3831840303186302,1.0,0.47667984559213544,0.38028821207797225,0.475463680748198,,self-report; not geometry-derived layer count or success,0.4766255381410135,0.007195247426695454,0.06807192240405713,0.06807192240405713,,,,,,
ghost_s9133021_b0,synthetic,rimls_2,/srv/slam-research/grf/map-denoise/runs/multiscan-pilot-v1/atlas-v13-confirmation-q9ixevii/outputs/ghost_s9133021_b0__rimls_2.npz,e125e8651ccce4aa01e2022151eb2baf5198034b7db7f7484a70e44a39f15310,,,,,0.0,True,True,0.39157719960515164,0.490869778976691,0.9261863123846638,0.9609375,1.0,0.4113820275419284,1.0,0.5042434896130593,0.39157719960515164,0.49077163371241894,,self-report; not geometry-derived layer count or success,0.504131518980788,0.010625835839070803,0.06450312776865627,0.06450312776865627,,,,,,
ghost_s9133021_b4,synthetic,global_hard,/srv/slam-research/grf/map-denoise/runs/multiscan-pilot-v1/atlas-v13-confirmation-q9ixevii/outputs/ghost_s9133021_b4__global_hard.npz,6c859009320e95acfa78620d84e47af9dd636a698e55956c1edb2e091a08fb4e,0.04749157399999149,0.00015173099995990924,0.0,0,0.0,True,True,0.032574141092170474,0.04018008203889612,0.08060274446199697,1.0,1.0,0.03346782432373071,1.0,0.040559155490240896,0.032574141092170474,0.03431005090295367,,self-report; not geometry-derived layer count or success,0.034753211281727446,0.02091074842489266,0.06506498661185274,0.06506498661185274,,,,,,
ghost_s9133021_b4,synthetic,atlas_hard_96,/srv/slam-research/grf/map-denoise/runs/multiscan-pilot-v1/atlas-v13-confirmation-q9ixevii/outputs/ghost_s9133021_b4__atlas_hard_96.npz,8b6be25c2699d4554339d1a3f3987ddee557be886b972335e58cbb2d5bb9a51e,0.04749157399999149,0.0018486870000060662,0.0,0,0.0,True,True,0.14142537358997628,0.17461839513188612,0.3382407825537764,1.0,1.0,0.1432380031802979,1.0,0.17549341311834676,0.14142537358997628,0.17461220360877863,,self-report; not geometry-derived layer count or success,0.17548677945559857,0.0015258716292116826,0.04112176646720959,0.04112176646720959,,,,,,
ghost_s9133021_b4,synthetic,atlas_hard_256,/srv/slam-research/grf/map-denoise/runs/multiscan-pilot-v1/atlas-v13-confirmation-q9ixevii/outputs/ghost_s9133021_b4__atlas_hard_256.npz,0d791f8d81f9e615463f2858d4847a9a0853614d960123401e05a80991b0a893,0.04749157399999149,0.0011796320000030391,0.0,0,0.0,True,True,0.07304464359053554,0.09628181339506732,0.1978093830562292,1.0,1.0,0.0738492559506002,1.0,0.09654102957592828,0.07304464359053554,0.0959895521270947,,self-report; not geometry-derived layer count or success,0.09624954817190522,0.007496323651254079,0.06193075158520101,0.06193075158520101,,,,,,
ghost_s9133021_b4,synthetic,atlas_tied_96,/srv/slam-research/grf/map-denoise/runs/multiscan-pilot-v1/atlas-v13-confirmation-q9ixevii/outputs/ghost_s9133021_b4__atlas_tied_96.npz,4133f2541c2d8c2ce2989b28b1bbaacc5b4383b4294f42d97fc3daa6b7e1f5a0,0.04749157399999149,0.0015889790000755966,0.0,0,0.0,True,True,0.07769932412662049,0.0885892704996874,0.16376084407807048,1.0,1.0,0.07810091854921379,1.0,0.08876175912330982,0.07769932412662049,0.08852087486631724,,self-report; not geometry-derived layer count or success,0.08869349429524448,0.0034805103596895134,0.04182404959006278,0.04182404959006278,,,,,,
ghost_s9133021_b4,synthetic,atlas_tied_256,/srv/slam-research/grf/map-denoise/runs/multiscan-pilot-v1/atlas-v13-confirmation-q9ixevii/outputs/ghost_s9133021_b4__atlas_tied_256.npz,04a6d91500af7b65fc5eb40f83152b223b7f64cdde00dec71571c3ddefc21866,0.04749157399999149,0.001012110999909055,0.0,0,0.0,True,True,0.04068371218937077,0.04809038709645087,0.08396009906033107,1.0,1.0,0.04142633947163835,1.0,0.04840754439866742,0.04068371218937077,0.04808276838629195,,self-report; not geometry-derived layer count or success,0.048399970254638346,0.0008562908729404839,0.08056259156984681,0.08056259156984681,,,,,,
ghost_s9133021_b4,synthetic,atlas_relax_96,/srv/slam-research/grf/map-denoise/runs/multiscan-pilot-v1/atlas-v13-confirmation-q9ixevii/outputs/ghost_s9133021_b4__atlas_relax_96.npz,8b6be25c2699d4554339d1a3f3987ddee557be886b972335e58cbb2d5bb9a51e,0.04749157399999149,0.012148181000043223,0.0,0,0.0,True,True,0.14142537358997628,0.17461839513188612,0.3382407825537764,1.0,1.0,0.1432380031802979,1.0,0.17549341311834676,0.14142537358997628,0.17461220360877863,,self-report; not geometry-derived layer count or success,0.17548677945559857,0.0015258716292116826,0.04112176646720959,0.04112176646720959,,,,,,
ghost_s9133021_b4,synthetic,atlas_relax_256,/srv/slam-research/grf/map-denoise/runs/multiscan-pilot-v1/atlas-v13-confirmation-q9ixevii/outputs/ghost_s9133021_b4__atlas_relax_256.npz,0d791f8d81f9e615463f2858d4847a9a0853614d960123401e05a80991b0a893,0.04749157399999149,0.005801918999964073,0.0,0,0.0,True,True,0.07304464359053554,0.09628181339506732,0.1978093830562292,1.0,1.0,0.0738492559506002,1.0,0.09654102957592828,0.07304464359053554,0.0959895521270947,,self-report; not geometry-derived layer count or success,0.09624954817190522,0.007496323651254079,0.06193075158520101,0.06193075158520101,,,,,,
ghost_s9133021_b4,synthetic,bias_only,/srv/slam-research/grf/map-denoise/runs/multiscan-pilot-v1/atlas-v13-confirmation-q9ixevii/outputs/ghost_s9133021_b4__bias_only.npz,c9677aaee1bbffed145f22e677ce7d7b9d51825121b23cb26699def579677820,,,,,0.0,True,True,0.7972981175356457,0.9991735308411005,1.9616983841161613,0.7317708333333334,0.9765625,0.7357715830604447,1.0,0.9991882076182763,0.7972981175356457,0.9989546963370173,,self-report; not geometry-derived layer count or success,0.9989693763292921,0.020910748424892656,0.06498697191978943,0.06498697191978943,,,,,,
ghost_s9133021_b4,synthetic,old_original,/srv/slam-research/grf/map-denoise/runs/multiscan-pilot-v1/atlas-v13-confirmation-q9ixevii/outputs/ghost_s9133021_b4__old_original.npz,8f70ca09b018f131da96d21c6bc11ccc0afeec1360fe458b038dec6a90d1c4fb,,,0.0,,0.0,True,True,0.03242584250320343,0.040006024251294854,0.08060066936332509,1.0,1.0,0.033325668494050324,1.0,0.040393466010776626,0.03242584250320343,0.0343512410797077,,self-report; not geometry-derived layer count or success,0.03480169368553233,0.020505467880108118,0.06546616102496522,0.06546616102496522,,,,,,
ghost_s9133021_b4,synthetic,whole_spatial,/srv/slam-research/grf/map-denoise/runs/multiscan-pilot-v1/atlas-v13-confirmation-q9ixevii/outputs/ghost_s9133021_b4__whole_spatial.npz,ddb865cde98733ada76645e1fa467ea8f0f76f9f0a9142a425ee727837493568,,,,,0.0,True,True,0.032566041931824226,0.04016917124153144,0.0805696967574863,1.0,1.0,0.03346100541079406,1.0,0.040555053258963525,0.032566041931824226,0.034297272756624884,,self-report; not geometry-derived layer count or success,0.03474842363544303,0.020910748424892687,0.06501569522916065,0.06501569522916065,,,,,,
ghost_s9133021_b4,synthetic,local_spatial_96,/srv/slam-research/grf/map-denoise/runs/multiscan-pilot-v1/atlas-v13-confirmation-q9ixevii/outputs/ghost_s9133021_b4__local_spatial_96.npz,5122b85a507f7ddf980b38cd70709866916ab598198e6e22f201c2e84a869e91,,,,,0.0,True,True,0.14142537358997614,0.17461839513188596,0.3382407825537763,1.0,1.0,0.14323800318029775,1.0,0.17549341311834663,0.14142537358997614,0.17461220360877847,,self-report; not geometry-derived layer count or success,0.17548677945559843,0.0015258716292116787,0.041121766467209754,0.041121766467209754,,,,,,
ghost_s9133021_b4,synthetic,apss_2,/srv/slam-research/grf/map-denoise/runs/multiscan-pilot-v1/atlas-v13-confirmation-q9ixevii/outputs/ghost_s9133021_b4__apss_2.npz,ab6284990b124dfaa225d2754f7f3caef30ebb758aaa713767a403c2fece26d7,,,,,0.0,True,True,0.3801722921487552,0.47541333284292236,0.9027191189122098,0.9713541666666666,1.0,0.38312450264698034,1.0,0.4765941522687736,0.3801722921487552,0.4753594860922474,,self-report; not geometry-derived layer count or success,0.47654042678303027,0.0071559498487851255,0.06826748449917754,0.06826748449917754,,,,,,
ghost_s9133021_b4,synthetic,rimls_2,/srv/slam-research/grf/map-denoise/runs/multiscan-pilot-v1/atlas-v13-confirmation-q9ixevii/outputs/ghost_s9133021_b4__rimls_2.npz,75bb4d2ef69c4d48314f6df6cd5e4707a4716067ff19e23036c3d8e6de914126,,,,,0.0,True,True,0.3914537341315536,0.49074536512138905,0.926832411679885,0.9609375,1.0,0.41128669447760485,1.0,0.5041202476087426,0.3914537341315536,0.4906479318068487,,self-report; not geometry-derived layer count or success,0.5040089793313983,0.010591166244661223,0.06467869166900793,0.06467869166900793,,,,,,
dual_g2_s9133021_b0,synthetic,global_hard,/srv/slam-research/grf/map-denoise/runs/multiscan-pilot-v1/atlas-v13-confirmation-q9ixevii/outputs/dual_g2_s9133021_b0__global_hard.npz,96dab8a7e8c3fb64e6bf330126e4d6d35d91aa5eaeb79ecb49ddbd3b589a4792,0.03870878999998695,0.00015403700001570542,0.0,0,2,True,True,0.08292966308437331,0.14706080622785764,0.22547712921650756,0.9947916666666666,0.9986979166666666,0.08808052030760327,1.0,0.21294917531995125,0.09320784512034401,0.20582190692066593,,self-report; not geometry-derived layer count or success,0.21192001290524254,0.02091074842489298,0.18078076235588067,0.42981818114304543,1.8962559720652001,0.10374402793479987,0.9481279860326001,2.1214437649422546,0.12144376494225462,"GT source-group affine fits evaluated at x=y=0; may extrapolate, not physical layer count"
dual_g2_s9133021_b0,synthetic,atlas_hard_96,/srv/slam-research/grf/map-denoise/runs/multiscan-pilot-v1/atlas-v13-confirmation-q9ixevii/outputs/dual_g2_s9133021_b0__atlas_hard_96.npz,2a83728d978c76cc93ea0598962c321e978b1fb72f5430e17dd2af697c3ff6c6,0.03870878999998695,0.0019329699999843797,0.0,12,2,True,True,0.1508018916126426,0.20798930363360582,0.3739523535558532,0.9947916666666666,1.0,0.15753812448672352,1.0,0.25647400145194205,0.16066907658300697,0.25055465723155096,,self-report; not geometry-derived layer count or success,0.25632322876130503,0.008792941382180753,0.1655524376113744,0.3498895623188372,1.8956357865026008,0.10436421349739922,0.9478178932513004,2.1129370391383056,0.11293703913830555,"GT source-group affine fits evaluated at x=y=0; may extrapolate, not physical layer count"
dual_g2_s9133021_b0,synthetic,atlas_hard_256,/srv/slam-research/grf/map-denoise/runs/multiscan-pilot-v1/atlas-v13-confirmation-q9ixevii/outputs/dual_g2_s9133021_b0__atlas_hard_256.npz,3602a1c1beca4e850a13b7b35e3efe9a1f311cd68513ac1cf6c03e45ecc5f21c,0.03870878999998695,0.0012357289999727072,0.0,2,2,True,True,0.09371388900787553,0.15627700955819968,0.25030093133933323,0.9947916666666666,0.9986979166666666,0.09875623892351015,1.0,0.21058553777719846,0.1033094867921129,0.2015078976169848,,self-report; not geometry-derived layer count or success,0.20857326139430696,0.029042440535429922,0.14857253668288392,0.3541615829403714,1.8894707668853599,0.11052923311464014,0.9447353834426799,2.0291222857217552,0.029122285721755237,"GT source-group affine fits evaluated at x=y=0; may extrapolate, not physical layer count"
dual_g2_s9133021_b0,synthetic,atlas_tied_96,/srv/slam-research/grf/map-denoise/runs/multiscan-pilot-v1/atlas-v13-confirmation-q9ixevii/outputs/dual_g2_s9133021_b0__atlas_tied_96.npz,67d5fdd5a7d84e17724fb3781302dfd76f140db4796ec9844f83cae674fc1a0e,0.03870878999998695,0.0017351640000242696,0.0,12,2,True,True,0.08008597970349564,0.1454264663339813,0.17879582397425098,0.9947916666666666,0.9986979166666666,0.08491909891449823,1.0,0.19850896470654236,0.08876749756464246,0.19555370467000127,,self-report; not geometry-derived layer count or success,0.19812484247886525,0.012343251661864146,0.14235045292692414,0.2956682203856026,1.935154338935842,0.0648456610641579,0.967577169467921,2.0442486745041335,0.0442486745041335,"GT source-group affine fits evaluated at x=y=0; may extrapolate, not physical layer count"
dual_g2_s9133021_b0,synthetic,atlas_tied_256,/srv/slam-research/grf/map-denoise/runs/multiscan-pilot-v1/atlas-v13-confirmation-q9ixevii/outputs/dual_g2_s9133021_b0__atlas_tied_256.npz,1bf3189f3a5cedd28e1a9dbc939874f9b4898f7ec414973d8e6a82241317421e,0.03870878999998695,0.001317156000027353,0.0,2,2,True,True,0.08521284757279744,0.14898392009402678,0.24280235038302447,0.9947916666666666,0.9986979166666666,0.09024640743139443,1.0,0.21664597446946504,0.09557714894153607,0.2100495210093291,,self-report; not geometry-derived layer count or success,0.21414779772147585,0.03280547187384968,0.1863102390774013,0.47957320823116506,1.9145218414704603,0.08547815852953966,0.9572609207352302,2.164257709790548,0.1642577097905482,"GT source-group affine fits evaluated at x=y=0; may extrapolate, not physical layer count"
dual_g2_s9133021_b0,synthetic,atlas_relax_96,/srv/slam-research/grf/map-denoise/runs/multiscan-pilot-v1/atlas-v13-confirmation-q9ixevii/outputs/dual_g2_s9133021_b0__atlas_relax_96.npz,a013af1fa11a9911308e1057e60416ed8e905814cb4693ab16382213b72b4a8b,0.03870878999998695,0.015872926000042753,0.010416666666666666,12,2,True,True,0.1770602731842598,0.2665308062505877,0.4504436613559553,0.9908854166666666,0.9973958333333334,0.18050883529730877,1.0,0.2756749550820405,0.17927766462238418,0.2706825481712115,,self-report; not geometry-derived layer count or success,0.2754048699671004,0.012199936798587807,0.12490863702255318,0.2854462723688475,1.9062674774590054,0.09373252254099462,0.9531337387295027,2.0383012172767807,0.03830121727678071,"GT source-group affine fits evaluated at x=y=0; may extrapolate, not physical layer count"
dual_g2_s9133021_b0,synthetic,atlas_relax_256,/srv/slam-research/grf/map-denoise/runs/multiscan-pilot-v1/atlas-v13-confirmation-q9ixevii/outputs/dual_g2_s9133021_b0__atlas_relax_256.npz,181d671cd0b80e2541e34442ba2830be4c94e0a1acc2d1962b343ecab6bed73f,0.03870878999998695,0.008646800999940751,0.00390625,2,2,True,True,0.10320573904254206,0.2148543545972263,0.2818729513122626,0.9908854166666666,0.99609375,0.10766488091416089,1.0,0.24729376831795874,0.11064488595938678,0.24064650846892416,,self-report; not geometry-derived layer count or success,0.24601709362554755,0.025095766434496524,0.1431169755754264,0.3070413254831517,1.8966448800224978,0.10335511997750224,0.9483224400112489,1.8857811667020705,0.11421883329792948,"GT source-group affine fits evaluated at x=y=0; may extrapolate, not physical layer count"
dual_g2_s9133021_b0,synthetic,bias_only,/srv/slam-research/grf/map-denoise/runs/multiscan-pilot-v1/atlas-v13-confirmation-q9ixevii/outputs/dual_g2_s9133021_b0__bias_only.npz,9e027bd272584210865caeb6290e60369af0a8c5b4f71f8b0cc25296c9b17315,,,,,2,True,True,0.7652624885320369,0.964953316494166,1.9481622641308354,0.71484375,0.9791666666666666,0.7383412983230423,1.0,0.9996973546809813,0.7967678147433257,0.9984088269478031,,self-report; not geometry-derived layer count or success,0.9994786348674306,0.020910748424892937,0.20231353000767616,0.4662737815919125,1.9044415843212186,0.09555841567878143,0.9522207921606093,2.165770007651302,0.165770007651302,"GT source-group affine fits evaluated at x=y=0; may extrapolate, not physical layer count"
dual_g2_s9133021_b0,synthetic,old_original,/srv/slam-research/grf/map-denoise/runs/multiscan-pilot-v1/atlas-v13-confirmation-q9ixevii/outputs/dual_g2_s9133021_b0__old_original.npz,ce29730e0d381dcede7d48de8aa2491dfd12dc4d3dab171b0784a8a801d7ccb1,,,0.0,,2,True,True,0.21483545047152544,0.3369365229318206,0.8852254720433208,0.9817708333333334,1.0,0.21540170359455016,1.0,0.33809069152865473,0.2151968776025889,0.29768503293085724,,self-report; not geometry-derived layer count or success,0.3374873817359748,0.02018868166375371,0.5011334337526956,0.6297308374015914,1.6715383168276343,0.3284616831723657,0.8357691584138172,1.121970749062619,0.878029250937381,"GT source-group affine fits evaluated at x=y=0; may extrapolate, not physical layer count"
dual_g2_s9133021_b0,synthetic,whole_spatial,/srv/slam-research/grf/map-denoise/runs/multiscan-pilot-v1/atlas-v13-confirmation-q9ixevii/outputs/dual_g2_s9133021_b0__whole_spatial.npz,f80f8a1aac480bd6dc526dceb7db7478d4af2d7076861cf4ecc60b3366e79451,,,,,2,True,True,0.0637703905454433,0.12794319353460357,0.13246836573020068,0.9947916666666666,0.9986979166666666,0.06954440913732979,1.0,0.19285851521158656,0.07394948028131103,0.18672567902142212,,self-report; not geometry-derived layer count or success,0.19264266788219095,0.00912191870439777,0.14261091503545972,0.16299768901107747,1.902655780256761,0.09734421974323904,0.9513278901283805,1.9084262319871983,0.0915737680128017,"GT source-group affine fits evaluated at x=y=0; may extrapolate, not physical layer count"
dual_g2_s9133021_b0,synthetic,local_spatial_96,/srv/slam-research/grf/map-denoise/runs/multiscan-pilot-v1/atlas-v13-confirmation-q9ixevii/outputs/dual_g2_s9133021_b0__local_spatial_96.npz,26dd97c76240c643aa205e5ae3c2f47f5df66fbdfe8688e0317e46ab4fff82de,,,,,2,True,True,0.19662013035218115,0.28871893437930757,0.5887718599069552,0.98046875,0.99609375,0.2106201780735075,1.0,0.3313501157369441,0.20804571620161702,0.30216782235857903,,self-report; not geometry-derived layer count or success,0.33067490822176004,0.02114247552716576,0.2874994146359666,0.34805970397973013,1.7301730577923937,0.2698269422076063,0.8650865288961969,1.4546249507567957,0.5453750492432043,"GT source-group affine fits evaluated at x=y=0; may extrapolate, not physical layer count"
dual_g2_s9133021_b0,synthetic,apss_2,/srv/slam-research/grf/map-denoise/runs/multiscan-pilot-v1/atlas-v13-confirmation-q9ixevii/outputs/dual_g2_s9133021_b0__apss_2.npz,502f8e09fc4afd150c48ed07f6f43f6154e33b5b4936559a31acef7a46253e35,,,,,2,True,True,0.38373778370655237,0.47845307422126515,0.9295114064105039,0.9635416666666666,1.0,0.38940320456205296,1.0,0.4822239150587017,0.38440471666107673,0.47543624830406234,,self-report; not geometry-derived layer count or success,0.48222097894733695,0.001682770814428504,0.16840048423934859,0.4224685496370366,1.865901143032797,0.13409885696720303,0.9329505715163985,2.069967672565204,0.06996767256520409,"GT source-group affine fits evaluated at x=y=0; may extrapolate, not physical layer count"
dual_g2_s9133021_b0,synthetic,rimls_2,/srv/slam-research/grf/map-denoise/runs/multiscan-pilot-v1/atlas-v13-confirmation-q9ixevii/outputs/dual_g2_s9133021_b0__rimls_2.npz,63cde7aa22c515edd7eb6d02726d95b95bdbe53f4ea33614259fe18c0493f888,,,,,2,True,True,0.3957845535316389,0.4930961888534202,0.9540894756275756,0.95703125,0.9986979166666666,0.4187212274278301,1.0,0.5101094316233411,0.39671821840704613,0.49170582880173386,,self-report; not geometry-derived layer count or success,0.5100977016696773,0.0034593326525587326,0.18894695313553825,0.45505169187945976,1.8824982261148524,0.1175017738851476,0.9412491130574262,2.124686127910349,0.12468612791034905,"GT source-group affine fits evaluated at x=y=0; may extrapolate, not physical layer count"
dual_g2_s9133021_b4,synthetic,global_hard,/srv/slam-research/grf/map-denoise/runs/multiscan-pilot-v1/atlas-v13-confirmation-q9ixevii/outputs/dual_g2_s9133021_b4__global_hard.npz,2263d6bd239155c4893aab6fd18938feba080ee7e6fe5d9c7dc6e141a2580994,0.037867416999915804,0.0001397430000906752,0.0,0,2,True,True,0.08288983674422244,0.1469892871596197,0.2253202841981489,0.9947916666666666,0.9986979166666666,0.09311327674354208,1.0,0.21391971004904542,0.09316724234210594,0.2057380743175372,,self-report; not geometry-derived layer count or success,0.212895239373215,0.02091074842489261,0.18050538718398892,0.42893845350009513,1.8961684776474301,0.10383152235256987,0.9480842388237151,2.1207398005869034,0.12073980058690337,"GT source-group affine fits evaluated at x=y=0; may extrapolate, not physical layer count"
dual_g2_s9133021_b4,synthetic,atlas_hard_96,/srv/slam-research/grf/map-denoise/runs/multiscan-pilot-v1/atlas-v13-confirmation-q9ixevii/outputs/dual_g2_s9133021_b4__atlas_hard_96.npz,0832b1cb6a697bf475c66cebe39770a73c8a684bc391e1c217f4535e0e9b1253,0.037867416999915804,0.0019382360000008703,0.0,12,2,True,True,0.15100007539906327,0.20808617739238142,0.37443933872760266,0.9947916666666666,1.0,0.16024923238266028,1.0,0.25748276267337145,0.1608743453869376,0.2505975277517978,,self-report; not geometry-derived layer count or success,0.25734088911921527,0.00854633612979599,0.16618803909676233,0.3515395493063508,1.8948589302876198,0.10514106971238024,0.9474294651438099,2.1130590680229395,0.11305906802293952,"GT source-group affine fits evaluated at x=y=0; may extrapolate, not physical layer count"
dual_g2_s9133021_b4,synthetic,atlas_hard_256,/srv/slam-research/grf/map-denoise/runs/multiscan-pilot-v1/atlas-v13-confirmation-q9ixevii/outputs/dual_g2_s9133021_b4__atlas_hard_256.npz,21e5c213f624666621808ca81dcea0b7f774a97625c0801c91ca5882de990d1c,0.037867416999915804,0.001260364000017944,0.0,2,2,True,True,0.0937796249067072,0.1562606862314804,0.24998362881257138,0.9947916666666666,0.9986979166666666,0.10309648803946482,1.0,0.2115937205280944,0.10337586878599782,0.2014411279018144,,self-report; not geometry-derived layer count or success,0.20961231720293796,0.028889081739235323,0.14829300697046785,0.35362412441135277,1.888865277107075,0.11113472289292492,0.9444326385535375,2.0275153810064706,0.027515381006470552,"GT source-group affine fits evaluated at x=y=0; may extrapolate, not physical layer count"
dual_g2_s9133021_b4,synthetic,atlas_tied_96,/srv/slam-research/grf/map-denoise/runs/multiscan-pilot-v1/atlas-v13-confirmation-q9ixevii/outputs/dual_g2_s9133021_b4__atlas_tied_96.npz,f421d83da64b57ed28957f7a63cb9124e5a360591fa2f8d88f40b5e2854bac69,0.037867416999915804,0.0016718150000087917,0.0,12,2,True,True,0.0799204481607408,0.14528071588035926,0.1780556035328073,0.9947916666666666,0.9986979166666666,0.0891032590897864,1.0,0.19949143930400876,0.08859785418971805,0.19541527044826623,,self-report; not geometry-derived layer count or success,0.19910887698218235,0.012348662376111288,0.1418603952124086,0.2943380919199592,1.9351182569239174,0.06488174307608263,0.9675591284619587,2.0432765749022046,0.0432765749022046,"GT source-group affine fits evaluated at x=y=0; may extrapolate, not physical layer count"
dual_g2_s9133021_b4,synthetic,atlas_tied_256,/srv/slam-research/grf/map-denoise/runs/multiscan-pilot-v1/atlas-v13-confirmation-q9ixevii/outputs/dual_g2_s9133021_b4__atlas_tied_256.npz,18e8981c749b470a868cd775939fdd8e26203c97256c9f04a1fcf95d0bed65b2,0.037867416999915804,0.0010889459999816609,0.0,2,2,True,True,0.08521896798276861,0.14892130552587057,0.242459925461759,0.9947916666666666,0.9986979166666666,0.09502311650929574,1.0,0.21760777472777695,0.09558240617950975,0.2099702399790113,,self-report; not geometry-derived layer count or success,0.21512119670900734,0.03280265764323811,0.18593250105801226,0.4786212198916757,1.9143589494624749,0.08564105053752513,0.9571794747312374,2.163348080576541,0.16334808057654104,"GT source-group affine fits evaluated at x=y=0; may extrapolate, not physical layer count"
dual_g2_s9133021_b4,synthetic,atlas_relax_96,/srv/slam-research/grf/map-denoise/runs/multiscan-pilot-v1/atlas-v13-confirmation-q9ixevii/outputs/dual_g2_s9133021_b4__atlas_relax_96.npz,08a7c08288dcdbe4b158409ed8af783c4a924749a5ccdf61f2b7d7f72169ead6,0.037867416999915804,0.015023630999962734,0.010416666666666666,12,2,True,True,0.17716891796551715,0.2665205416446782,0.4501788127890104,0.9908854166666666,0.9973958333333334,0.18284676852560333,1.0,0.27643430173206424,0.17938098148763712,0.27059695940056544,,self-report; not geometry-derived layer count or success,0.2761760854675018,0.011945417110385463,0.1253234508012279,0.2867649567786796,1.90544270118656,0.09455729881344,0.95272135059328,2.0382458306665687,0.038245830666568725,"GT source-group affine fits evaluated at x=y=0; may extrapolate, not physical layer count"
dual_g2_s9133021_b4,synthetic,atlas_relax_256,/srv/slam-research/grf/map-denoise/runs/multiscan-pilot-v1/atlas-v13-confirmation-q9ixevii/outputs/dual_g2_s9133021_b4__atlas_relax_256.npz,9bbac090ed7349e27fb16e3a5e52560f8b116d576b1c024a1d3c1c76e012b80e,0.037867416999915804,0.008534795000059603,0.00390625,2,2,True,True,0.1032418963352076,0.21477222176718974,0.2818077500566766,0.9908854166666666,0.99609375,0.11227168277866806,1.0,0.24806484584681776,0.11068180005330093,0.2405317453106567,,self-report; not geometry-derived layer count or success,0.24681042405880407,0.024915503625629425,0.14326467733417178,0.3075804465299958,1.8960171208436083,0.1039828791563917,0.9480085604218041,1.8841809257720123,0.11581907422798765,"GT source-group affine fits evaluated at x=y=0; may extrapolate, not physical layer count"
dual_g2_s9133021_b4,synthetic,bias_only,/srv/slam-research/grf/map-denoise/runs/multiscan-pilot-v1/atlas-v13-confirmation-q9ixevii/outputs/dual_g2_s9133021_b4__bias_only.npz,3768b29fb44350c3b9b2439378092b31d4bbc1ce13d73b8f740e57b72dcad6e0,,,,,2,True,True,0.7652610971796615,0.9649002954309013,1.947905521042707,0.7161458333333334,0.9791666666666666,0.7393492996298416,1.0,0.999935045534808,0.7968198085329824,0.9984231529912428,,self-report; not geometry-derived layer count or success,0.999716377723707,0.020910748424892548,0.20198209975961479,0.46527995960757607,1.9043374770153008,0.09566252298469924,0.9521687385076504,2.164976961775705,0.1649769617757051,"GT source-group affine fits evaluated at x=y=0; may extrapolate, not physical layer count"
dual_g2_s9133021_b4,synthetic,old_original,/srv/slam-research/grf/map-denoise/runs/multiscan-pilot-v1/atlas-v13-confirmation-q9ixevii/outputs/dual_g2_s9133021_b4__old_original.npz,c1a4659a5a154ab3eae6d2c2d2b9b5c4e505afaaeb8c1f7c459b1d269cc45456,,,0.0,,2,True,True,0.2147769714111142,0.33689914664066906,0.8847960239349176,0.98046875,1.0,0.21793672025832855,1.0,0.3386684010418287,0.21512581672258113,0.29759923309940767,,self-report; not geometry-derived layer count or success,0.33806607136842254,0.020189533272207204,0.5013425355965556,0.6308377783786889,1.6715310152697902,0.3284689847302098,0.8357655076348951,1.1212836175282719,0.8787163824717281,"GT source-group affine fits evaluated at x=y=0; may extrapolate, not physical layer count"
dual_g2_s9133021_b4,synthetic,whole_spatial,/srv/slam-research/grf/map-denoise/runs/multiscan-pilot-v1/atlas-v13-confirmation-q9ixevii/outputs/dual_g2_s9133021_b4__whole_spatial.npz,470fc0f44f05e76a5649886fdabde34535ce817ca6ca3058135417a4fe15a053,,,,,2,True,True,0.06374538163724915,0.1279186028117657,0.13242037964961179,0.9947916666666666,0.9986979166666666,0.07459169432080637,1.0,0.19396276417846997,0.07392420988027652,0.18668783798853322,,self-report; not geometry-derived layer count or success,0.19374804620722788,0.009124060424757585,0.1425356768731984,0.16292351061726254,1.9025533415829807,0.09744665841701927,0.9512766707914904,1.9080784036269365,0.09192159637306352,"GT source-group affine fits evaluated at x=y=0; may extrapolate, not physical layer count"
dual_g2_s9133021_b4,synthetic,local_spatial_96,/srv/slam-research/grf/map-denoise/runs/multiscan-pilot-v1/atlas-v13-confirmation-q9ixevii/outputs/dual_g2_s9133021_b4__local_spatial_96.npz,b2e966b8e044ea3b8034ac1e51a0be54ba703178fb3fe925db7b90b6d731a9a5,,,,,2,True,True,0.19663198983997657,0.28876267054175137,0.5892798441394221,0.98046875,0.99609375,0.21307575196595094,1.0,0.3319387896113916,0.20802392217285592,0.30190734694182986,,self-report; not geometry-derived layer count or success,0.3312923758108576,0.020705597752135166,0.2867148478159805,0.3462473399403738,1.7289828461716399,0.2710171538283601,0.8644914230858199,1.455928165460958,0.5440718345390421,"GT source-group affine fits evaluated at x=y=0; may extrapolate, not physical layer count"
dual_g2_s9133021_b4,synthetic,apss_2,/srv/slam-research/grf/map-denoise/runs/multiscan-pilot-v1/atlas-v13-confirmation-q9ixevii/outputs/dual_g2_s9133021_b4__apss_2.npz,a277672b092488611d8e970a7805fed26a4c56c3b8b15bcc73fcda9462c08bb7,,,,,2,True,True,0.383565649296211,0.47837394081811946,0.9295659265257602,0.9661458333333334,1.0,0.3903499640389316,1.0,0.48254678493762426,0.38423513742336207,0.4753595986808484,,self-report; not geometry-derived layer count or success,0.48254247065461287,0.0020405068438633846,0.1680403324858032,0.420593400003336,1.865886139821801,0.13411386017819904,0.9329430699109005,2.0683848662093682,0.06838486620936823,"GT source-group affine fits evaluated at x=y=0; may extrapolate, not physical layer count"
dual_g2_s9133021_b4,synthetic,rimls_2,/srv/slam-research/grf/map-denoise/runs/multiscan-pilot-v1/atlas-v13-confirmation-q9ixevii/outputs/dual_g2_s9133021_b4__rimls_2.npz,202f033e6b037496ab3012ee13542d8397c80d6aa045856d8c4a7d32b22dbaf3,,,,,2,True,True,0.3955539011525457,0.4929043024856452,0.9525289277969996,0.95703125,0.9986979166666666,0.41904020087883787,1.0,0.5102049791701572,0.3964915656065404,0.4915246863517237,,self-report; not geometry-derived layer count or success,0.510194897396177,0.0032074040788500576,0.18877122289032097,0.4527277812536076,1.882522413341706,0.117477586658294,0.941261206670853,2.123150225585581,0.1231502255855812,"GT source-group affine fits evaluated at x=y=0; may extrapolate, not physical layer count"
dual_g4_s9133021_b0,synthetic,global_hard,/srv/slam-research/grf/map-denoise/runs/multiscan-pilot-v1/atlas-v13-confirmation-q9ixevii/outputs/dual_g4_s9133021_b0__global_hard.npz,45a9d2bba6e4e5dfc380f1e767f8ab11964b88a5db2a66bf5f87c3daad5f3e81,0.040680820999909884,0.0001481870000361596,0.0,0,4,True,True,0.1286650743771063,0.28947663005117086,0.39725587997143286,0.9869791666666666,0.9986979166666666,0.11981681638632219,1.0,0.28949023245090977,0.1286650743771063,0.266936168843476,,self-report; not geometry-derived layer count or success,0.28698534204802323,0.03800010702696578,0.2864781474564255,0.3387504961557335,3.7865067349135804,0.21349326508641964,0.9466266837283951,3.475751008597282,0.5242489914027182,"GT source-group affine fits evaluated at x=y=0; may extrapolate, not physical layer count"
dual_g4_s9133021_b0,synthetic,atlas_hard_96,/srv/slam-research/grf/map-denoise/runs/multiscan-pilot-v1/atlas-v13-confirmation-q9ixevii/outputs/dual_g4_s9133021_b0__atlas_hard_96.npz,40f53e3e0ab3205c0092916bf02e784e71f59026f2456ff09664a40928625c10,0.040680820999909884,0.002301917000067988,0.0,10,4,True,True,0.1847186315027185,0.3148302532819508,0.48275641390726276,0.9869791666666666,0.9986979166666666,0.17828499310922674,1.0,0.3152054710692592,0.1847186315027185,0.2898499506061813,,self-report; not geometry-derived layer count or success,0.31490367154808974,0.013790092005726767,0.3471885844225045,0.3603598475553878,3.7524988441741627,0.24750115582583732,0.9381247110435407,3.390932771751719,0.6090672282482812,"GT source-group affine fits evaluated at x=y=0; may extrapolate, not physical layer count"
dual_g4_s9133021_b0,synthetic,atlas_hard_256,/srv/slam-research/grf/map-denoise/runs/multiscan-pilot-v1/atlas-v13-confirmation-q9ixevii/outputs/dual_g4_s9133021_b0__atlas_hard_256.npz,2fac4aa26db18910edf2518a88c065f7fb09998e3fdffaab4d7aaad6a992997f,0.040680820999909884,0.0012942979999479576,0.0,2,4,True,True,0.14119117620423371,0.2957218960457079,0.39725587997143286,0.9869791666666666,0.9986979166666666,0.1325275134453844,1.0,0.29577959611940435,0.1411911762042337,0.2727547227651343,,self-report; not geometry-derived layer count or success,0.2947401581549035,0.02477516198494784,0.30081403422955394,0.39803931824091493,3.7739421049753052,0.22605789502469475,0.9434855262438263,3.4303460844896523,0.5696539155103477,"GT source-group affine fits evaluated at x=y=0; may extrapolate, not physical layer count"
dual_g4_s9133021_b0,synthetic,atlas_tied_96,/srv/slam-research/grf/map-denoise/runs/multiscan-pilot-v1/atlas-v13-confirmation-q9ixevii/outputs/dual_g4_s9133021_b0__atlas_tied_96.npz,7bdc6e8d92dd930978de23911894e6f5df217ec37e6e981003c53bc6559ef230,0.040680820999909884,0.0018466610000587025,0.0,10,4,True,True,0.16208514487926132,0.30717248771587763,0.43605644497765,0.9869791666666666,0.9986979166666666,0.15326573429331072,1.0,0.3071853371004016,0.16208514487926132,0.28440834023093764,,self-report; not geometry-derived layer count or success,0.30608552788152155,0.025970771089392358,0.3695087450143973,0.45216706998095213,3.7707860395014685,0.2292139604985315,0.9426965098753671,3.3694493334119917,0.6305506665880083,"GT source-group affine fits evaluated at x=y=0; may extrapolate, not physical layer count"
dual_g4_s9133021_b0,synthetic,atlas_tied_256,/srv/slam-research/grf/map-denoise/runs/multiscan-pilot-v1/atlas-v13-confirmation-q9ixevii/outputs/dual_g4_s9133021_b0__atlas_tied_256.npz,863e77934260db0063b5a9f7c0679875884be401c4c22c7ad140e96a91c742de,0.040680820999909884,0.0016543819999697007,0.0,2,4,True,True,0.1360280255608277,0.2942027035283386,0.39725587997143286,0.9869791666666666,0.9986979166666666,0.1271953534198117,1.0,0.2942161081593994,0.13602802556082763,0.268997248204765,,self-report; not geometry-derived layer count or success,0.292545197775642,0.03131174793705864,0.3071172069494459,0.3670682361234919,3.7670277811416857,0.23297221885831432,0.9417569452854214,3.438496785918681,0.561503214081319,"GT source-group affine fits evaluated at x=y=0; may extrapolate, not physical layer count"
dual_g4_s9133021_b0,synthetic,atlas_relax_96,/srv/slam-research/grf/map-denoise/runs/multiscan-pilot-v1/atlas-v13-confirmation-q9ixevii/outputs/dual_g4_s9133021_b0__atlas_relax_96.npz,f3b6f1f6bd31de142f7335a3576fdfae0969e63b17da1eb30eae1e6e38007561,0.040680820999909884,0.015916790000005676,0.00390625,10,4,True,True,0.18713639829061038,0.3600777282940564,0.5128598358218217,0.984375,0.99609375,0.1784241403997291,1.0,0.36059878747029755,0.18713639829061032,0.33805951714580773,,self-report; not geometry-derived layer count or success,0.3601219282734343,0.018538670439712295,0.3541817963053954,0.3764377353634965,3.7515539615352345,0.24844603846476554,0.9378884903838086,3.3800960762996084,0.6199039237003916,"GT source-group affine fits evaluated at x=y=0; may extrapolate, not physical layer count"
dual_g4_s9133021_b0,synthetic,atlas_relax_256,/srv/slam-research/grf/map-denoise/runs/multiscan-pilot-v1/atlas-v13-confirmation-q9ixevii/outputs/dual_g4_s9133021_b0__atlas_relax_256.npz,dd0703599d91bddd1c8462c9f6d67900fab23eb3c3388262d3b4b6ac8a570c80,0.040680820999909884,0.00904334300003029,0.005208333333333333,2,4,True,True,0.14736635601149764,0.34353680586548935,0.4315660925334954,0.984375,0.99609375,0.13573086149977417,1.0,0.3464891563227533,0.14766771269550436,0.3282126394978814,,self-report; not geometry-derived layer count or success,0.34526796555063066,0.029064882827595614,0.3421826930581311,0.49807850745534543,3.7832539033712007,0.2167460966287993,0.9458134758428002,3.378982975851787,0.6210170241482129,"GT source-group affine fits evaluated at x=y=0; may extrapolate, not physical layer count"
dual_g4_s9133021_b0,synthetic,bias_only,/srv/slam-research/grf/map-denoise/runs/multiscan-pilot-v1/atlas-v13-confirmation-q9ixevii/outputs/dual_g4_s9133021_b0__bias_only.npz,4a30e5164c48cfc79278bc0e4b4f06a25efcef2d6dcd8525a32766e2974430ee,,,,,4,True,True,0.7950283114120621,0.9958345210719118,1.9772839208645054,0.7265625,0.9713541666666666,0.7395822562949915,1.0,1.0005855842362512,0.7973990371680801,0.9974480902040009,,self-report; not geometry-derived layer count or success,1.0003439046780547,0.02199053784842965,0.13867752300715203,0.2273129512759667,3.8458856038034663,0.15411439619653367,0.9614714009508666,3.6821174674849653,0.31788253251503473,"GT source-group affine fits evaluated at x=y=0; may extrapolate, not physical layer count"
dual_g4_s9133021_b0,synthetic,old_original,/srv/slam-research/grf/map-denoise/runs/multiscan-pilot-v1/atlas-v13-confirmation-q9ixevii/outputs/dual_g4_s9133021_b0__old_original.npz,3cd803b4782f0b0d015360aecceb0e5537bb6ea173dd1e156ca4c02f2ced75e5,,,0.0,,4,True,True,0.2484692998605068,0.43772881002025454,0.9459201621025608,0.9674479166666666,0.9986979166666666,0.23587383164777465,1.0,0.45523374936391664,0.25233836584816455,0.43877210040219794,,self-report; not geometry-derived layer count or success,0.45497194553526576,0.015436817540686256,0.42620888705362897,0.6322409317858964,3.757455811624458,0.24254418837554192,0.9393639529061145,3.2407051862834315,0.7592948137165685,"GT source-group affine fits evaluated at x=y=0; may extrapolate, not physical layer count"
dual_g4_s9133021_b0,synthetic,whole_spatial,/srv/slam-research/grf/map-denoise/runs/multiscan-pilot-v1/atlas-v13-confirmation-q9ixevii/outputs/dual_g4_s9133021_b0__whole_spatial.npz,f0a279c30d5c183fabb4e413a26b6b81bd6e8a5cf3f773d6b9b6ecd1c6b4fae3,,,,,4,True,True,0.12622611025027938,0.28890040110381315,0.39725587997143286,0.9869791666666666,0.9986979166666666,0.11908517251529127,1.0,0.28920119424334284,0.12622611025027936,0.2663945925081041,,self-report; not geometry-derived layer count or success,0.28702104941807116,0.035443588175082114,0.27265841413660347,0.2746127495652306,3.785132219679945,0.21486778032005516,0.9462830549199862,3.5079319541409175,0.4920680458590825,"GT source-group affine fits evaluated at x=y=0; may extrapolate, not physical layer count"
dual_g4_s9133021_b0,synthetic,local_spatial_96,/srv/slam-research/grf/map-denoise/runs/multiscan-pilot-v1/atlas-v13-confirmation-q9ixevii/outputs/dual_g4_s9133021_b0__local_spatial_96.npz,39f58e52475c06018ea70490aaa2b257975d69d8daefea55a634357ac830701d,,,,,4,True,True,0.3251102915829234,0.5289295456773946,1.3877744452397003,0.9114583333333334,0.9921875,0.3301166570675838,1.0,0.5367491232589764,0.32551485201562697,0.4786989174801127,,self-report; not geometry-derived layer count or success,0.5366664105404888,0.00942258546617008,0.9474549297089557,1.378746610007886,3.5372063026144684,0.46279369738553155,0.8843015756536171,2.394368635957586,1.6056313640424138,"GT source-group affine fits evaluated at x=y=0; may extrapolate, not physical layer count"
dual_g4_s9133021_b0,synthetic,apss_2,/srv/slam-research/grf/map-denoise/runs/multiscan-pilot-v1/atlas-v13-confirmation-q9ixevii/outputs/dual_g4_s9133021_b0__apss_2.npz,0dbeb179627498129067b316394ab4c2637615e5950ba128ae6a030c197b9501,,,,,4,True,True,0.3996127682552692,0.517287815251933,1.0072945629589227,0.9505208333333334,0.9986979166666666,0.40266551931306704,1.0,0.5227294051885183,0.3996127682552692,0.5057365249196191,,self-report; not geometry-derived layer count or success,0.5216714335321109,0.03324073533023193,0.3357442149786755,0.45607733716157417,3.790246776853392,0.20975322314660794,0.947561694213348,3.402589598819103,0.5974104011808969,"GT source-group affine fits evaluated at x=y=0; may extrapolate, not physical layer count"
dual_g4_s9133021_b0,synthetic,rimls_2,/srv/slam-research/grf/map-denoise/runs/multiscan-pilot-v1/atlas-v13-confirmation-q9ixevii/outputs/dual_g4_s9133021_b0__rimls_2.npz,3af8912c00a8511ad2a682d29c3987f95b88d12d04498c1a5217df5a0c1c426b,,,,,4,True,True,0.4111260832820154,0.5312628998146179,1.0453536014240508,0.9427083333333334,0.9986979166666666,0.42857213196175925,1.0,0.5466576898692908,0.4111260832820154,0.5221481116115189,,self-report; not geometry-derived layer count or success,0.5454302506108193,0.03661245159571547,0.2997292332175527,0.3948465003085275,3.8154248524328,0.18457514756719995,0.9538562131082,3.4757951719840805,0.5242048280159195,"GT source-group affine fits evaluated at x=y=0; may extrapolate, not physical layer count"
dual_g4_s9133021_b4,synthetic,global_hard,/srv/slam-research/grf/map-denoise/runs/multiscan-pilot-v1/atlas-v13-confirmation-q9ixevii/outputs/dual_g4_s9133021_b4__global_hard.npz,6d4d812ad33da0e2bc623bc91607c3196e7bdf4cecbd5eb38edff5d0dbbec0ab,0.040248088999987885,0.00014363100001446583,0.0,0,4,True,True,0.2594934059541964,0.8085265646726243,1.5041254898760235,0.9388020833333334,0.97265625,0.2209309833614206,1.0,1.1936691765228031,0.3605610898341763,1.1829290680567983,,self-report; not geometry-derived layer count or success,1.1927631645308598,0.04649877760712178,0.515557425064462,0.5823794555187046,3.708465807572349,0.2915341924276511,0.9271164518930872,3.195480652438634,0.8045193475613659,"GT source-group affine fits evaluated at x=y=0; may extrapolate, not physical layer count"
dual_g4_s9133021_b4,synthetic,atlas_hard_96,/srv/slam-research/grf/map-denoise/runs/multiscan-pilot-v1/atlas-v13-confirmation-q9ixevii/outputs/dual_g4_s9133021_b4__atlas_hard_96.npz,55e09071a60ccd48375a5c0db4f5808b202403fd719d0bde45c7069bceb02d1c,0.040248088999987885,0.0020427210000661944,0.0,8,4,True,True,0.2924695522627216,0.8111845699534551,1.539211910418478,0.9375,0.97265625,0.25451084573181343,1.0,1.1955037921266802,0.39353723614270164,1.1861217134877733,,self-report; not geometry-derived layer count or success,1.194902085384913,0.037925233447661376,0.5159590409754964,0.5252516094614577,3.72690148018285,0.27309851981714983,0.9317253700457125,3.2427406889948864,0.7572593110051136,"GT source-group affine fits evaluated at x=y=0; may extrapolate, not physical layer count"
dual_g4_s9133021_b4,synthetic,atlas_hard_256,/srv/slam-research/grf/map-denoise/runs/multiscan-pilot-v1/atlas-v13-confirmation-q9ixevii/outputs/dual_g4_s9133021_b4__atlas_hard_256.npz,5b83be57b7e6193b444a07421f09c24becd239b769f9ec5508b278252e630120,0.040248088999987885,0.0012607860001025983,0.0,2,4,True,True,0.2735642278079787,0.8110337468777564,1.5041254898760235,0.9388020833333334,0.97265625,0.2339505497038874,1.0,1.1953866070151773,0.3746319116879587,1.1841923158154137,,self-report; not geometry-derived layer count or success,1.194957541264027,0.032025221427647715,0.5426099735878719,0.6598233620520414,3.6933151740388834,0.30668482596111657,0.9233287935097209,3.137593225364647,0.8624067746353532,"GT source-group affine fits evaluated at x=y=0; may extrapolate, not physical layer count"
dual_g4_s9133021_b4,synthetic,atlas_tied_96,/srv/slam-research/grf/map-denoise/runs/multiscan-pilot-v1/atlas-v13-confirmation-q9ixevii/outputs/dual_g4_s9133021_b4__atlas_tied_96.npz,ae4f912fbd688256679f210d7f926ea4f240b63620eabe1bc6efb6440937cbba,0.040248088999987885,0.0016942249999374326,0.0,8,4,True,True,0.27774131886722997,0.8106245177988096,1.5041254898760235,0.9388020833333334,0.97265625,0.23916697506764825,1.0,1.1950908996546599,0.37880900274720997,1.1860492440227839,,self-report; not geometry-derived layer count or success,1.19430878877136,0.04322933611416739,0.5641238159257719,0.6641522340265282,3.7358212066830365,0.2641787933169635,0.9339553016707591,3.1694021587577086,0.8305978412422914,"GT source-group affine fits evaluated at x=y=0; may extrapolate, not physical layer count"
dual_g4_s9133021_b4,synthetic,atlas_tied_256,/srv/slam-research/grf/map-denoise/runs/multiscan-pilot-v1/atlas-v13-confirmation-q9ixevii/outputs/dual_g4_s9133021_b4__atlas_tied_256.npz,61c174a0f521f6e33d76e5e600fcc784e9377158ca9b0610eaa4f917b452abfd,0.040248088999987885,0.001093876000027194,0.0,2,4,True,True,0.2667352321565187,0.8102316050764549,1.5041254898760235,0.9388020833333334,0.9713541666666666,0.2284908716411036,1.0,1.1948247461871206,0.3678029160364987,1.183213002231165,,self-report; not geometry-derived layer count or success,1.1941240944702134,0.04091235885170041,0.53982796078777,0.6003214105432302,3.6908492770811194,0.30915072291888057,0.9227123192702799,3.1664342134756565,0.8335657865243435,"GT source-group affine fits evaluated at x=y=0; may extrapolate, not physical layer count"
dual_g4_s9133021_b4,synthetic,atlas_relax_96,/srv/slam-research/grf/map-denoise/runs/multiscan-pilot-v1/atlas-v13-confirmation-q9ixevii/outputs/dual_g4_s9133021_b4__atlas_relax_96.npz,ae657e004056c3873144fac181f90983754d7a1818a21dca8864b0ebb7e36b21,0.040248088999987885,0.016007507999916015,0.00390625,8,4,True,True,0.29595925359787484,0.8300487712251275,1.6633740550325682,0.9348958333333334,0.9713541666666666,0.25574012264807067,1.0,1.2084005643618108,0.3970269374778548,1.199209238410199,,self-report; not geometry-derived layer count or success,1.2078148287577106,0.03761998648225458,0.5053355607492777,0.5055315291190065,3.728670082598648,0.2713299174013519,0.932167520649662,3.2553832579425,0.7446167420575001,"GT source-group affine fits evaluated at x=y=0; may extrapolate, not physical layer count"
dual_g4_s9133021_b4,synthetic,atlas_relax_256,/srv/slam-research/grf/map-denoise/runs/multiscan-pilot-v1/atlas-v13-confirmation-q9ixevii/outputs/dual_g4_s9133021_b4__atlas_relax_256.npz,bac517beb20d0049271d2e4873a7dc77f7debfe0e6ea3acc0587b83e10867e76,0.040248088999987885,0.00883854500000325,0.005208333333333333,2,4,True,True,0.27902123966326897,0.8292967193382885,1.660448988949059,0.9361979166666666,0.9700520833333334,0.23749844855548044,1.0,1.2088941532659112,0.38047422178093454,1.1983697105328086,,self-report; not geometry-derived layer count or success,1.2083277314677794,0.03700225893692129,0.5834719287649174,0.7485799182571395,3.7044806090574793,0.29551939094252067,0.9261201522643698,3.09529157387714,0.90470842612286,"GT source-group affine fits evaluated at x=y=0; may extrapolate, not physical layer count"
dual_g4_s9133021_b4,synthetic,bias_only,/srv/slam-research/grf/map-denoise/runs/multiscan-pilot-v1/atlas-v13-confirmation-q9ixevii/outputs/dual_g4_s9133021_b4__bias_only.npz,30532a1bfd0a306d69df7aea6206ee82b4c74a5e0fe5a67463b4d9939cd058ea,,,,,4,True,True,0.9239573684614006,1.248178119383118,2.3165578368922253,0.6666666666666666,0.9296875,0.8557603788009036,1.0,1.5291976826284237,1.0273685485726733,1.5240228296603895,,self-report; not geometry-derived layer count or success,1.5289226627773727,0.029000755195170046,0.37758455980812156,0.4444627120887253,3.7752566154733915,0.22474338452660847,0.9438141538683479,3.426517253145106,0.5734827468548942,"GT source-group affine fits evaluated at x=y=0; may extrapolate, not physical layer count"
dual_g4_s9133021_b4,synthetic,old_original,/srv/slam-research/grf/map-denoise/runs/multiscan-pilot-v1/atlas-v13-confirmation-q9ixevii/outputs/dual_g4_s9133021_b4__old_original.npz,daa7bb0f1a785965fc2d8f655f777dad81870802753d7b8509eee2a09873a829,,,0.0,,4,True,True,0.37514532406831375,0.8678398921023456,1.8120279854375343,0.9153645833333334,0.9661458333333334,0.3418642197067239,1.0,1.2415574980303996,0.48047333896175015,1.230205156902752,,self-report; not geometry-derived layer count or success,1.2412991818522032,0.025325126822131245,0.6387161196058219,0.8573989944984054,3.682118896646208,0.31788110335379205,0.920529724161552,2.9751300780504306,1.0248699219495694,"GT source-group affine fits evaluated at x=y=0; may extrapolate, not physical layer count"
dual_g4_s9133021_b4,synthetic,whole_spatial,/srv/slam-research/grf/map-denoise/runs/multiscan-pilot-v1/atlas-v13-confirmation-q9ixevii/outputs/dual_g4_s9133021_b4__whole_spatial.npz,685501129613cfb5486a6f17d0e4d44f78cae7385959a3c726b7920b89414f4e,,,,,4,True,True,0.25711348669889533,0.8083330979933021,1.5041254898760235,0.9388020833333334,0.9713541666666666,0.22024418058298065,1.0,1.1936084443688006,0.3581811705788753,1.18281064217164,,self-report; not geometry-derived layer count or success,1.1927979937825768,0.04397800014517524,0.5074425025670347,0.518566494501355,3.7070918912026656,0.2929081087973344,0.9267729728006664,3.22638574918885,0.7736142508111499,"GT source-group affine fits evaluated at x=y=0; may extrapolate, not physical layer count"
dual_g4_s9133021_b4,synthetic,local_spatial_96,/srv/slam-research/grf/map-denoise/runs/multiscan-pilot-v1/atlas-v13-confirmation-q9ixevii/outputs/dual_g4_s9133021_b4__local_spatial_96.npz,d87d1024e6c0e8d18ffe434434db5908277585e3c69a21bd2d4e453eda47043e,,,,,4,True,True,0.46556121728250255,0.9099267829777251,1.670623631424266,0.8723958333333334,0.9674479166666666,0.4377093838272533,1.0,1.2754430663319918,0.5725715111045049,1.2494148778801921,,self-report; not geometry-derived layer count or success,1.2753599633802717,0.014559507581837593,1.1282460814356599,1.736979174095679,3.50511372511931,0.4948862748806899,0.8762784312798275,2.132969583562574,1.867030416437426,"GT source-group affine fits evaluated at x=y=0; may extrapolate, not physical layer count"
dual_g4_s9133021_b4,synthetic,apss_2,/srv/slam-research/grf/map-denoise/runs/multiscan-pilot-v1/atlas-v13-confirmation-q9ixevii/outputs/dual_g4_s9133021_b4__apss_2.npz,039fd46d25caf77abcff551cb2d52cb65d3445f4d04bc76c9248b1c8f34d7015,,,,,4,True,True,0.5286898321645662,0.9139914175584095,1.674724948970084,0.8997395833333334,0.9700520833333334,0.4975407887508548,1.0,1.2696466640738562,0.6297575160445462,1.2579181549032146,,self-report; not geometry-derived layer count or success,1.2689370176656651,0.0424440430642409,0.5530341252193587,0.6809770164080305,3.7156763090486353,0.28432369095136467,0.9289190772621588,3.1392323143174816,0.8607676856825184,"GT source-group affine fits evaluated at x=y=0; may extrapolate, not physical layer count"
dual_g4_s9133021_b4,synthetic,rimls_2,/srv/slam-research/grf/map-denoise/runs/multiscan-pilot-v1/atlas-v13-confirmation-q9ixevii/outputs/dual_g4_s9133021_b4__rimls_2.npz,98afa1038027e88439dd20dcc305980779356be8b492d07df4885f3b99453fd7,,,,,4,True,True,0.5398900244765272,0.9219083391672406,1.724953677471717,0.890625,0.9700520833333334,0.5226757545350201,1.0,1.2794767205088984,0.6409577083565073,1.2648974666578543,,self-report; not geometry-derived layer count or success,1.2786632763600556,0.045616926818597345,0.520458467823472,0.6190431399233686,3.7407694821924458,0.25923051780755424,0.9351923705481114,3.212492361844906,0.7875076381550938,"GT source-group affine fits evaluated at x=y=0; may extrapolate, not physical layer count"
dual_g8_s9133021_b0,synthetic,global_hard,/srv/slam-research/grf/map-denoise/runs/multiscan-pilot-v1/atlas-v13-confirmation-q9ixevii/outputs/dual_g8_s9133021_b0__global_hard.npz,ad5e3fb0dc8080e5085dbccaeb38984d68f9db5edcb40d81cbd3ac056d324092,0.04714437099994484,0.00016666900000927853,0.0,0,8,True,True,0.07883037429958671,0.16302509515107208,0.1277772133820087,0.9934895833333334,1.0,0.07785279796293786,1.0,0.16304125071476444,0.07883037429958661,0.1467114402705351,,self-report; not geometry-derived layer count or success,0.16015520362023541,0.030541122900044126,0.13963018085053372,0.16089332408509738,7.866007558370761,0.13399244162923907,0.9832509447963451,7.829719192166599,0.17028080783340105,"GT source-group affine fits evaluated at x=y=0; may extrapolate, not physical layer count"
dual_g8_s9133021_b0,synthetic,atlas_hard_96,/srv/slam-research/grf/map-denoise/runs/multiscan-pilot-v1/atlas-v13-confirmation-q9ixevii/outputs/dual_g8_s9133021_b0__atlas_hard_96.npz,b765efe359c63f0423e5cebae43b6efba7625a7c1df5503a7236adf6e797e8fd,0.04714437099994484,0.0021417759999167174,0.0,12,8,True,True,0.16519199397149906,0.26270059159278075,0.4100543296386113,0.98828125,0.9973958333333334,0.16809859228926358,1.0,0.26856632590310686,0.165191993971499,0.2522170850362388,,self-report; not geometry-derived layer count or success,0.2650099906598254,0.04356117835381713,0.1857967331665269,0.27051786126253796,7.876492694442036,0.12350730555796385,0.9845615868052545,7.958360283691346,0.04163971630865415,"GT source-group affine fits evaluated at x=y=0; may extrapolate, not physical layer count"
dual_g8_s9133021_b0,synthetic,atlas_hard_256,/srv/slam-research/grf/map-denoise/runs/multiscan-pilot-v1/atlas-v13-confirmation-q9ixevii/outputs/dual_g8_s9133021_b0__atlas_hard_256.npz,b13ed437a1292e249e870a9bec9826c464277ca4ba507be3d41b9e5cc29d64da,0.04714437099994484,0.0013153190000139148,0.0,2,8,True,True,0.09254415149448342,0.17674086667116454,0.23456903610308869,0.9934895833333334,1.0,0.09197092459751875,1.0,0.1768991195113804,0.09254415149448336,0.16642842806652547,,self-report; not geometry-derived layer count or success,0.1725921184398863,0.038797669212645824,0.15364695689490251,0.1563012951673959,7.905862700462983,0.09413729953701733,0.9882328375578728,7.8006060020984975,0.19939399790150247,"GT source-group affine fits evaluated at x=y=0; may extrapolate, not physical layer count"
dual_g8_s9133021_b0,synthetic,atlas_tied_96,/srv/slam-research/grf/map-denoise/runs/multiscan-pilot-v1/atlas-v13-confirmation-q9ixevii/outputs/dual_g8_s9133021_b0__atlas_tied_96.npz,f6fcc865ff8819de8498abb09c8b03254082bde1628a1892fd53cc1bf5fc9011,0.04714437099994484,0.0020002159999421565,0.0,12,8,True,True,0.10609854478795222,0.1934528766714025,0.21695400930625924,0.9934895833333334,1.0,0.10503731333162702,1.0,0.19346641536455667,0.10609854478795211,0.17193573967476822,,self-report; not geometry-derived layer count or success,0.18579116080584368,0.05395274265899991,0.11235880805286262,0.12516265048146552,7.85311460386494,0.14688539613506002,0.9816393254831175,7.768858177772038,0.2311418222279622,"GT source-group affine fits evaluated at x=y=0; may extrapolate, not physical layer count"
dual_g8_s9133021_b0,synthetic,atlas_tied_256,/srv/slam-research/grf/map-denoise/runs/multiscan-pilot-v1/atlas-v13-confirmation-q9ixevii/outputs/dual_g8_s9133021_b0__atlas_tied_256.npz,17be7e9b91e6c6645a7cd4b656c865a500230d8e0e6f3c8dd5513ab22d89c825,0.04714437099994484,0.001215268000009928,0.0,2,8,True,True,0.07993509409383412,0.1667130301080479,0.1621250431933878,0.9934895833333334,1.0,0.07895517004262402,1.0,0.16672881632652745,0.07993509409383406,0.15099271677500806,,self-report; not geometry-derived layer count or success,0.16672736378887243,0.0006959580863101711,0.15001272038555188,0.16166783857380437,7.85248215656986,0.14751784343013963,0.9815602695712325,7.798936305177913,0.2010636948220874,"GT source-group affine fits evaluated at x=y=0; may extrapolate, not physical layer count"
dual_g8_s9133021_b0,synthetic,atlas_relax_96,/srv/slam-research/grf/map-denoise/runs/multiscan-pilot-v1/atlas-v13-confirmation-q9ixevii/outputs/dual_g8_s9133021_b0__atlas_relax_96.npz,627b238085187ce7744f2ebe4b12a84ba5200c2a3f1dc008065be6aa8a87c3ac,0.04714437099994484,0.016662995999922714,0.0,12,8,True,True,0.16519200321984243,0.2627005988921152,0.41005433745791153,0.98828125,0.9973958333333334,0.16809860137825283,1.0,0.26856633304891436,0.16519200321984237,0.25221708961510236,,self-report; not geometry-derived layer count or success,0.26500999586472296,0.04356119074497259,0.18579678004772546,0.27051788476345084,7.876492686577994,0.12350731342200572,0.9845615858222493,7.958360261092398,0.04163973890760175,"GT source-group affine fits evaluated at x=y=0; may extrapolate, not physical layer count"
dual_g8_s9133021_b0,synthetic,atlas_relax_256,/srv/slam-research/grf/map-denoise/runs/multiscan-pilot-v1/atlas-v13-confirmation-q9ixevii/outputs/dual_g8_s9133021_b0__atlas_relax_256.npz,78e6cffc7103d59103ee7aee160ca00250b5e464b6adb7c94d2edf4c0c95de94,0.04714437099994484,0.009335725000028106,0.0,2,8,True,True,0.09254449015305943,0.17674122892790972,0.23456957649707014,0.9934895833333334,1.0,0.09197126887444133,1.0,0.17689948638058353,0.09254449015305936,0.1664288066783683,,self-report; not geometry-derived layer count or success,0.1725924860755478,0.03879770652984639,0.15364800897137118,0.15630328520390652,7.905862720553864,0.09413727944613637,0.988232840069233,7.800603704092882,0.1993962959071176,"GT source-group affine fits evaluated at x=y=0; may extrapolate, not physical layer count"
dual_g8_s9133021_b0,synthetic,bias_only,/srv/slam-research/grf/map-denoise/runs/multiscan-pilot-v1/atlas-v13-confirmation-q9ixevii/outputs/dual_g8_s9133021_b0__bias_only.npz,b0b28bc780a5d325312364e1c18e829e37f1645fd4f5819ec4f7ac190b42cf3d,,,,,8,True,True,0.8044305449870942,1.006815725395228,2.0110211838692345,0.7109375,0.97265625,0.7535575997101919,1.0,1.0068167717806384,0.8044305449870942,1.0049615306189268,,self-report; not geometry-derived layer count or success,1.006592671801227,0.021241586919387673,0.10638794473970027,0.10935140237477223,7.880465127967654,0.1195348720323457,0.9850581409959568,7.866338104617498,0.1336618953825024,"GT source-group affine fits evaluated at x=y=0; may extrapolate, not physical layer count"
dual_g8_s9133021_b0,synthetic,old_original,/srv/slam-research/grf/map-denoise/runs/multiscan-pilot-v1/atlas-v13-confirmation-q9ixevii/outputs/dual_g8_s9133021_b0__old_original.npz,7da5c1411c6dee1cee859859cd2f52f109778e781aafc6fe058983e54b7617a2,,,0.0,,8,True,True,0.11372920758876974,0.31279162286182904,0.4928685329334296,0.98046875,0.99609375,0.10772456677203956,1.0,0.31290312837631273,0.11372920758876974,0.30425066122320604,,self-report; not geometry-derived layer count or success,0.31246399510129386,0.016571647866819937,0.1528898208701478,0.1601446008965326,7.852459022817464,0.147540977182536,0.981557377852183,7.71784637227938,0.2821536277206196,"GT source-group affine fits evaluated at x=y=0; may extrapolate, not physical layer count"
dual_g8_s9133021_b0,synthetic,whole_spatial,/srv/slam-research/grf/map-denoise/runs/multiscan-pilot-v1/atlas-v13-confirmation-q9ixevii/outputs/dual_g8_s9133021_b0__whole_spatial.npz,3e62eaeb4cd181f334d5b8343f0609b80683f650446b7f97723fe9a75e88c35b,,,,,8,True,True,0.07757533820570957,0.16056872888092014,0.11928227719136351,0.9934895833333334,1.0,0.0772989476528197,1.0,0.1607899769946587,0.07757533820570947,0.14399861352408497,,self-report; not geometry-derived layer count or success,0.15787042127490658,0.030501586654244236,0.12558504913393245,0.14534777042453187,7.866069350275993,0.13393064972400737,0.9832586687844991,7.7528829819058585,0.24711701809414155,"GT source-group affine fits evaluated at x=y=0; may extrapolate, not physical layer count"
dual_g8_s9133021_b0,synthetic,local_spatial_96,/srv/slam-research/grf/map-denoise/runs/multiscan-pilot-v1/atlas-v13-confirmation-q9ixevii/outputs/dual_g8_s9133021_b0__local_spatial_96.npz,49002f553c320a8d25b7dc5504e7521405894e263b01097866999d590348439d,,,,,8,True,True,0.3185725673478192,0.5608627583995119,1.4834966169539094,0.9049479166666666,0.9856770833333334,0.3359500862486648,1.0,0.5752868746198053,0.3185725673478192,0.5467891305752327,,self-report; not geometry-derived layer count or success,0.5733724739509897,0.0468934347765788,0.41031254568365333,0.48689386817912417,7.7582983891117,0.2417016108882999,0.9697872986389625,7.407081537997195,0.592918462002805,"GT source-group affine fits evaluated at x=y=0; may extrapolate, not physical layer count"
dual_g8_s9133021_b0,synthetic,apss_2,/srv/slam-research/grf/map-denoise/runs/multiscan-pilot-v1/atlas-v13-confirmation-q9ixevii/outputs/dual_g8_s9133021_b0__apss_2.npz,77c739a9761147594445c5c961bca50136ec15dbf5626edc4e55c5b9a6fbf809,,,,,8,True,True,0.38749477271946314,0.5001398843901592,1.0011700003353696,0.9505208333333334,0.9973958333333334,0.40000928421118404,1.0,0.5120242607162586,0.38749477271946325,0.4953987640483557,,self-report; not geometry-derived layer count or success,0.5108479029936757,0.03468808972825267,0.13631039268572034,0.14069031972915524,7.876186477314696,0.1238135226853041,0.984523309664337,7.860444414570437,0.13955558542956314,"GT source-group affine fits evaluated at x=y=0; may extrapolate, not physical layer count"
dual_g8_s9133021_b0,synthetic,rimls_2,/srv/slam-research/grf/map-denoise/runs/multiscan-pilot-v1/atlas-v13-confirmation-q9ixevii/outputs/dual_g8_s9133021_b0__rimls_2.npz,0a29321d669c1d2ae0686c67a7e2ce8ffd5e554829633c6fd38e1dc5a188f70f,,,,,8,True,True,0.40100096619658104,0.5141026477198738,1.0027258949481215,0.94140625,0.9973958333333334,0.4263905943666833,1.0,0.5354441258736453,0.40100079111325765,0.5114083034868547,,self-report; not geometry-derived layer count or success,0.5345234404079726,0.03138635988796097,0.14490647632028134,0.24104355204619055,7.911882326699585,0.08811767330041498,0.9889852908374481,8.020654320184594,0.0206543201845939,"GT source-group affine fits evaluated at x=y=0; may extrapolate, not physical layer count"
dual_g8_s9133021_b4,synthetic,global_hard,/srv/slam-research/grf/map-denoise/runs/multiscan-pilot-v1/atlas-v13-confirmation-q9ixevii/outputs/dual_g8_s9133021_b4__global_hard.npz,93fe213d3c1357b77707f4284a5dac2ab432e426346e067c5ddf6301e7054b54,0.03915989400002218,0.0001458799999909388,0.0,0,8,True,True,0.14631435326682593,0.5450654599912413,0.1271965079056609,0.97265625,0.9856770833333334,0.125128884793009,1.0,0.5963524648693939,0.15349374044531575,0.5940695928978402,,self-report; not geometry-derived layer count or success,0.5963422296369244,0.0034939243642819412,0.12756748149866395,0.1435990089174215,7.916484759230593,0.0835152407694073,0.9895605949038241,7.925135840419802,0.07486415958019776,"GT source-group affine fits evaluated at x=y=0; may extrapolate, not physical layer count"
dual_g8_s9133021_b4,synthetic,atlas_hard_96,/srv/slam-research/grf/map-denoise/runs/multiscan-pilot-v1/atlas-v13-confirmation-q9ixevii/outputs/dual_g8_s9133021_b4__atlas_hard_96.npz,ef9a55c720587f25ce15f9baa931b1db521ec0264980afd07a121e4978ca5aa6,0.03915989400002218,0.0019330069999341504,0.0,12,8,True,True,0.23051614332879464,0.5819321262787013,0.4512421204327209,0.96875,0.9830729166666666,0.20879377627633344,1.0,0.6326389909253165,0.23769553050728454,0.6283285483994366,,self-report; not geometry-derived layer count or success,0.6325773786413359,0.008829092266969915,0.2052996519634566,0.2703943012338816,7.927521240207385,0.07247875979261487,0.9909401550259231,8.052673847628833,0.052673847628833315,"GT source-group affine fits evaluated at x=y=0; may extrapolate, not physical layer count"
dual_g8_s9133021_b4,synthetic,atlas_hard_256,/srv/slam-research/grf/map-denoise/runs/multiscan-pilot-v1/atlas-v13-confirmation-q9ixevii/outputs/dual_g8_s9133021_b4__atlas_hard_256.npz,13363f3f7b55e3949ab179fed1262c15673b1d83da9dd0f2c6cf3bcaedede797,0.03915989400002218,0.0012372620000178358,0.0,2,8,True,True,0.1589506758147714,0.5492081040300039,0.28328514209777245,0.97265625,0.9856770833333334,0.13779028428600812,1.0,0.6001907991834827,0.16613006299326127,0.59883430527557,,self-report; not geometry-derived layer count or success,0.6001738928434365,0.00450486111472484,0.14097252412212422,0.15458103398728415,7.956120669733039,0.04387933026696089,0.9945150837166299,7.895484729767788,0.10451527023221185,"GT source-group affine fits evaluated at x=y=0; may extrapolate, not physical layer count"
dual_g8_s9133021_b4,synthetic,atlas_tied_96,/srv/slam-research/grf/map-denoise/runs/multiscan-pilot-v1/atlas-v13-confirmation-q9ixevii/outputs/dual_g8_s9133021_b4__atlas_tied_96.npz,bfdd6e2a9e0d17103cf61a102589172538ed55842abe5c1839adf2702779ac6b,0.03915989400002218,0.0016603399999439716,0.0,12,8,True,True,0.17268209495985032,0.554459900403896,0.2930376333372285,0.97265625,0.9856770833333334,0.149764703818545,1.0,0.604950570420237,0.17986148213834016,0.6020005243223143,,self-report; not geometry-derived layer count or success,0.6046282810864332,0.01974422351563529,0.12400059099639611,0.14608466510930126,7.90510668817185,0.09489331182814986,0.9881383360214813,7.86860816938154,0.13139183061846005,"GT source-group affine fits evaluated at x=y=0; may extrapolate, not physical layer count"
dual_g8_s9133021_b4,synthetic,atlas_tied_256,/srv/slam-research/grf/map-denoise/runs/multiscan-pilot-v1/atlas-v13-confirmation-q9ixevii/outputs/dual_g8_s9133021_b4__atlas_tied_256.npz,5d1a8da9aba5ff5a002ac66239a8bfdbcb8d92d52809d859bb282b13bd6c3bd4,0.03915989400002218,0.001575516000002608,0.0,2,8,True,True,0.14730345137915501,0.5463023861499651,0.16623888601509532,0.97265625,0.9856770833333334,0.12741532167530906,1.0,0.5974832381004022,0.15448283855764489,0.5937326871135128,,self-report; not geometry-derived layer count or success,0.5965522289169867,0.03334153543430569,0.12370815677485843,0.12680749651207385,7.900953626316344,0.09904637368365599,0.987619203289543,7.889592811137206,0.11040718886279421,"GT source-group affine fits evaluated at x=y=0; may extrapolate, not physical layer count"
dual_g8_s9133021_b4,synthetic,atlas_relax_96,/srv/slam-research/grf/map-denoise/runs/multiscan-pilot-v1/atlas-v13-confirmation-q9ixevii/outputs/dual_g8_s9133021_b4__atlas_relax_96.npz,2ae741c7b0540d1d2d8bc8773f8f9dbcecff73fccfda46b8df9e3172cdd249d7,0.03915989400002218,0.014848197999981494,0.0,12,8,True,True,0.23051615245203458,0.5819321298669979,0.45124212908831574,0.96875,0.9830729166666666,0.20879378526337655,1.0,0.6326389942361609,0.23769553963052448,0.628328551304765,,self-report; not geometry-derived layer count or success,0.6325773817654499,0.008829105668726049,0.20529966462103064,0.27039432614769726,7.927521231533382,0.07247876846661772,0.9909401539416728,8.05267382332313,0.0526738233231292,"GT source-group affine fits evaluated at x=y=0; may extrapolate, not physical layer count"
dual_g8_s9133021_b4,synthetic,atlas_relax_256,/srv/slam-research/grf/map-denoise/runs/multiscan-pilot-v1/atlas-v13-confirmation-q9ixevii/outputs/dual_g8_s9133021_b4__atlas_relax_256.npz,9f98bfa258286fc163e621e7d5d2794422b165b2475ef410ce47aa5e425cff54,0.03915989400002218,0.008314593000022796,0.0,2,8,True,True,0.15895085978297047,0.5492081747602074,0.2832861141387149,0.97265625,0.9856770833333334,0.1377904771596565,1.0,0.6001908647996034,0.16613024696146036,0.5988343701681527,,self-report; not geometry-derived layer count or success,0.6001739579469433,0.004504929655005501,0.1409729975984508,0.15458204125482858,7.956120701816541,0.043879298183458815,0.9945150877270676,7.8954834952429485,0.10451650475705154,"GT source-group affine fits evaluated at x=y=0; may extrapolate, not physical layer count"
dual_g8_s9133021_b4,synthetic,bias_only,/srv/slam-research/grf/map-denoise/runs/multiscan-pilot-v1/atlas-v13-confirmation-q9ixevii/outputs/dual_g8_s9133021_b4__bias_only.npz,79a85ae092419b7686f1cdfef2dc3f6263102bfcd4569be390fdeb05339dbb66,,,,,8,True,True,0.8667172566682696,1.1269451610562777,2.1268563415040163,0.6888020833333334,0.9635416666666666,0.7953084655791235,1.0,1.1526233809803035,0.8738966438467596,1.1514852446597086,,self-report; not geometry-derived layer count or success,1.1526111492222169,0.005310091440529976,0.11643485803117555,0.12642675446119422,7.919311987516801,0.08068801248319879,0.9899139984396002,7.941203603827109,0.05879639617289101,"GT source-group affine fits evaluated at x=y=0; may extrapolate, not physical layer count"
dual_g8_s9133021_b4,synthetic,old_original,/srv/slam-research/grf/map-denoise/runs/multiscan-pilot-v1/atlas-v13-confirmation-q9ixevii/outputs/dual_g8_s9133021_b4__old_original.npz,d5f3e2d87778aebec08eb08270dfabd830a50cd5be4e5ad459bf42c2aa23c33e,,,0.0,,8,True,True,0.2094110844822108,0.6488244930151694,1.2395185056040576,0.9427083333333334,0.98046875,0.18519333771596833,1.0,0.692523555722964,0.21659047166070064,0.6894007937537834,,self-report; not geometry-derived layer count or success,0.6922882355057786,0.018051986358095323,0.1696263956592953,0.1866989371526349,7.88936152849038,0.11063847150961958,0.9861701910612976,7.7436936348260454,0.25630636517395455,"GT source-group affine fits evaluated at x=y=0; may extrapolate, not physical layer count"
dual_g8_s9133021_b4,synthetic,whole_spatial,/srv/slam-research/grf/map-denoise/runs/multiscan-pilot-v1/atlas-v13-confirmation-q9ixevii/outputs/dual_g8_s9133021_b4__whole_spatial.npz,c8cbf640792225e10374180d2a8b36148fc941a701c70dc9bfd0579dccea5f77,,,,,8,True,True,0.14549485962547018,0.544371385622552,0.1203666205006887,0.97265625,0.9856770833333334,0.12373832026356352,1.0,0.5957939935765715,0.15267424680396,0.5934325393814328,,self-report; not geometry-derived layer count or success,0.5957837939338984,0.003486211073616928,0.09386963227046861,0.0990844293514235,7.916474331641556,0.083525668358444,0.9895592914551945,7.851607461301275,0.14839253869872504,"GT source-group affine fits evaluated at x=y=0; may extrapolate, not physical layer count"
dual_g8_s9133021_b4,synthetic,local_spatial_96,/srv/slam-research/grf/map-denoise/runs/multiscan-pilot-v1/atlas-v13-confirmation-q9ixevii/outputs/dual_g8_s9133021_b4__local_spatial_96.npz,c4ee0831312d2f31d2d6c1c6f4de8b2e13c14e88d4b20fb44177b029328a8feb,,,,,8,True,True,0.3814358870911321,0.7644264889344202,1.6974530997966175,0.8828125,0.9700520833333334,0.3764281016152249,1.0,0.8117265749890676,0.388615274269622,0.7953960125442799,,self-report; not geometry-derived layer count or success,0.811627141911916,0.01270492248607317,0.4174931869176648,0.5034254386602064,7.802227300274578,0.1977726997254221,0.9752784125343222,7.482693515083238,0.5173064849167623,"GT source-group affine fits evaluated at x=y=0; may extrapolate, not physical layer count"
dual_g8_s9133021_b4,synthetic,apss_2,/srv/slam-research/grf/map-denoise/runs/multiscan-pilot-v1/atlas-v13-confirmation-q9ixevii/outputs/dual_g8_s9133021_b4__apss_2.npz,09bf1698f2992b153176c9c7ddc27f68ddae56befcb8bd6d0e88a16af59363e2,,,,,8,True,True,0.45350738345219116,0.7209212488961887,1.2034928596018324,0.9296875,0.9830729166666666,0.43815122995861727,1.0,0.7681165659671645,0.46068677063068114,0.7588487217699145,,self-report; not geometry-derived layer count or success,0.7681124264875212,0.002521743175227147,0.13537977536012727,0.1406146809708421,7.924545110955776,0.0754548890442237,0.990568138869472,7.950701791468512,0.04929820853148836,"GT source-group affine fits evaluated at x=y=0; may extrapolate, not physical layer count"
dual_g8_s9133021_b4,synthetic,rimls_2,/srv/slam-research/grf/map-denoise/runs/multiscan-pilot-v1/atlas-v13-confirmation-q9ixevii/outputs/dual_g8_s9133021_b4__rimls_2.npz,27c3a36257fbcf32a469cbb3e60f0f20a1b1cdc6d868289dc15e0917a735a0e3,,,,,8,True,True,0.4673301060604585,0.7308296703118824,1.1977146818241797,0.92578125,0.9830729166666666,0.4644200757224272,1.0,0.783889036930753,0.474509451090054,0.7688736121588369,,self-report; not geometry-derived layer count or success,0.7838858702722,0.0022281399908592858,0.16897581416046348,0.2370290124428755,7.959334957363267,0.040665042636732984,0.9949168696704084,8.108445125477479,0.10844512547747875,"GT source-group affine fits evaluated at x=y=0; may extrapolate, not physical layer count"
ghost_s9133033_b0,synthetic,global_hard,/srv/slam-research/grf/map-denoise/runs/multiscan-pilot-v1/atlas-v13-confirmation-q9ixevii/outputs/ghost_s9133033_b0__global_hard.npz,f8b1ec3e24ae69cda61591362f67a24ebe2bfb271297cc964ff1e7bc9a7d36cb,0.038435843000002023,0.00012298700005430874,0.0,0,0.0,True,True,0.04321916257388153,0.05173412219941501,0.09280165594035805,1.0,1.0,0.04330714424904012,1.0,0.05176261426608093,0.04321916257388153,0.051733699650146084,,self-report; not geometry-derived layer count or success,0.05176219194940074,0.00020909388436692015,0.10160719865684299,0.10160719865684299,,,,,,
ghost_s9133033_b0,synthetic,atlas_hard_96,/srv/slam-research/grf/map-denoise/runs/multiscan-pilot-v1/atlas-v13-confirmation-q9ixevii/outputs/ghost_s9133033_b0__atlas_hard_96.npz,240624b21ce11e23c116c45277e78567534ecf019543d4b0f4319e7e3aeb486a,0.038435843000002023,0.001756918000069163,0.0,0,0.0,True,True,0.11624701235625905,0.14139378366011454,0.2574619401125363,1.0,1.0,0.11744398148357228,1.0,0.14196103821125722,0.11624701235625905,0.14081904885167798,,self-report; not geometry-derived layer count or success,0.14138848186320582,0.012737094112706732,0.08254857736462726,0.08254857736462726,,,,,,
ghost_s9133033_b0,synthetic,atlas_hard_256,/srv/slam-research/grf/map-denoise/runs/multiscan-pilot-v1/atlas-v13-confirmation-q9ixevii/outputs/ghost_s9133033_b0__atlas_hard_256.npz,96c22607e3dccf7083a9f5414fedbc79411fa774e3e0407a15b8cbe917f8fbb8,0.038435843000002023,0.001116158000058931,0.0,0,0.0,True,True,0.10993492931024719,0.1460017540687256,0.30742897216115267,1.0,1.0,0.11031797140187101,1.0,0.14611623378975555,0.10993492931024719,0.14496404723891407,,self-report; not geometry-derived layer count or success,0.14507929891276758,0.01737673168010399,0.17385837577801722,0.17385837577801722,,,,,,
ghost_s9133033_b0,synthetic,atlas_tied_96,/srv/slam-research/grf/map-denoise/runs/multiscan-pilot-v1/atlas-v13-confirmation-q9ixevii/outputs/ghost_s9133033_b0__atlas_tied_96.npz,2c059cc37609aa9dbd84d8ac738ed2376f9d3299098da04373fb67960d56cc68,0.038435843000002023,0.0015327710000292427,0.0,0,0.0,True,True,0.07572030962926503,0.09420962928158964,0.19030551729677705,1.0,1.0,0.07579539083686568,1.0,0.09422519450651574,0.07572030962926503,0.09393072226414659,,self-report; not geometry-derived layer count or success,0.09394633276926008,0.007243882867507775,0.11753137142440288,0.11753137142440287,,,,,,
ghost_s9133033_b0,synthetic,atlas_tied_256,/srv/slam-research/grf/map-denoise/runs/multiscan-pilot-v1/atlas-v13-confirmation-q9ixevii/outputs/ghost_s9133033_b0__atlas_tied_256.npz,73f73241ba1424869b2c3ea40915fda769b7e08d36eeabf63afe73c8ebc7c9e6,0.038435843000002023,0.0010485120000112147,0.0,0,0.0,True,True,0.0974946793622851,0.10854732542752932,0.18143906808939392,1.0,1.0,0.09753363972394387,1.0,0.1085608393376785,0.0974946793622851,0.09705987407444598,,self-report; not geometry-derived layer count or success,0.09707494924771891,0.04859948627561859,0.15805716703059405,0.15805716703059405,,,,,,
ghost_s9133033_b0,synthetic,atlas_relax_96,/srv/slam-research/grf/map-denoise/runs/multiscan-pilot-v1/atlas-v13-confirmation-q9ixevii/outputs/ghost_s9133033_b0__atlas_relax_96.npz,240624b21ce11e23c116c45277e78567534ecf019543d4b0f4319e7e3aeb486a,0.038435843000002023,0.012671353999962776,0.0,0,0.0,True,True,0.11624701235625905,0.14139378366011454,0.2574619401125363,1.0,1.0,0.11744398148357228,1.0,0.14196103821125722,0.11624701235625905,0.14081904885167798,,self-report; not geometry-derived layer count or success,0.14138848186320582,0.012737094112706732,0.08254857736462726,0.08254857736462726,,,,,,
ghost_s9133033_b0,synthetic,atlas_relax_256,/srv/slam-research/grf/map-denoise/runs/multiscan-pilot-v1/atlas-v13-confirmation-q9ixevii/outputs/ghost_s9133033_b0__atlas_relax_256.npz,96c22607e3dccf7083a9f5414fedbc79411fa774e3e0407a15b8cbe917f8fbb8,0.038435843000002023,0.005685610999989876,0.0,0,0.0,True,True,0.10993492931024719,0.1460017540687256,0.30742897216115267,1.0,1.0,0.11031797140187101,1.0,0.14611623378975555,0.10993492931024719,0.14496404723891407,,self-report; not geometry-derived layer count or success,0.14507929891276758,0.01737673168010399,0.17385837577801722,0.17385837577801722,,,,,,
ghost_s9133033_b0,synthetic,bias_only,/srv/slam-research/grf/map-denoise/runs/multiscan-pilot-v1/atlas-v13-confirmation-q9ixevii/outputs/ghost_s9133033_b0__bias_only.npz,c91af5fe4897c36fc3f8bee3f5f3a455135df7f789050fc97a8ace5a8a48aec7,,,,,0.0,True,True,0.7679374639242437,0.9687180655386899,1.8820226507593907,0.7278645833333334,0.98046875,0.7139160038226856,1.0,0.9687180680869822,0.7679374639242437,0.9687180429726541,,self-report; not geometry-derived layer count or success,0.9687180455209465,0.00020909388436693636,0.10148823743048185,0.10148823743048185,,,,,,
ghost_s9133033_b0,synthetic,old_original,/srv/slam-research/grf/map-denoise/runs/multiscan-pilot-v1/atlas-v13-confirmation-q9ixevii/outputs/ghost_s9133033_b0__old_original.npz,3af7b55dfaeaa190110fa190072bfafffa774c72b2f64e0fdf2f907ae9729c3a,,,0.0,,0.0,True,True,0.042770503397964954,0.05116198703735702,0.0915100630458629,1.0,1.0,0.04278170037770321,1.0,0.051164873395421105,0.042770503397964954,0.05116028001372106,,self-report; not geometry-derived layer count or success,0.05116316646795387,0.0004179312645776925,0.10062148986325335,0.10062148986325335,,,,,,
ghost_s9133033_b0,synthetic,whole_spatial,/srv/slam-research/grf/map-denoise/runs/multiscan-pilot-v1/atlas-v13-confirmation-q9ixevii/outputs/ghost_s9133033_b0__whole_spatial.npz,cfff55e586181d5a6fa2c7849c8fd78adfad763e956a739de18d455fc565ca04,,,,,0.0,True,True,0.043164599549507715,0.051669050696278036,0.09268510843654613,1.0,1.0,0.043175200539837255,1.0,0.051671908729401084,0.043164599549507715,0.0516686276148503,,self-report; not geometry-derived layer count or success,0.051671485671374646,0.00020909388436697918,0.10147825957168423,0.10147825957168423,,,,,,
ghost_s9133033_b0,synthetic,local_spatial_96,/srv/slam-research/grf/map-denoise/runs/multiscan-pilot-v1/atlas-v13-confirmation-q9ixevii/outputs/ghost_s9133033_b0__local_spatial_96.npz,c0906db81976fec4c40cad05e55fd68ca0a003969eb0dad8967fef79da41ad6f,,,,,0.0,True,True,0.11624701235625907,0.14139378366011457,0.2574619401125364,1.0,1.0,0.11744398148357232,1.0,0.14196103821125722,0.11624701235625907,0.14081904885167798,,self-report; not geometry-derived layer count or success,0.14138848186320585,0.012737094112706725,0.08254857736462731,0.08254857736462731,,,,,,
ghost_s9133033_b0,synthetic,apss_2,/srv/slam-research/grf/map-denoise/runs/multiscan-pilot-v1/atlas-v13-confirmation-q9ixevii/outputs/ghost_s9133033_b0__apss_2.npz,27b5ff68b81d0955fb5885f3f583c46ddafab08602c295a34c050930450edf8d,,,,,0.0,True,True,0.325239072132919,0.413879745956455,0.8111911578233526,0.9778645833333334,1.0,0.3274928755281078,1.0,0.4148297975206628,0.325239072132919,0.4138734508417449,,self-report; not geometry-derived layer count or success,0.41482348849617207,0.0022878598952534757,0.0991356856589344,0.0991356856589344,,,,,,
ghost_s9133033_b0,synthetic,rimls_2,/srv/slam-research/grf/map-denoise/runs/multiscan-pilot-v1/atlas-v13-confirmation-q9ixevii/outputs/ghost_s9133033_b0__rimls_2.npz,ac09995ddc9295d8dbe9c91cb08a41e052e46ce0c85d2d2c14a662887b89f453,,,,,0.0,True,True,0.33547472678895907,0.42714951456188244,0.8432556693240295,0.9700520833333334,1.0,0.35418159662340837,1.0,0.441458543374834,0.33547470564492027,0.4271408234811055,,self-report; not geometry-derived layer count or success,0.4414479359527958,0.0030602878371933733,0.10004151725521536,0.10004151725521536,,,,,,
ghost_s9133033_b4,synthetic,global_hard,/srv/slam-research/grf/map-denoise/runs/multiscan-pilot-v1/atlas-v13-confirmation-q9ixevii/outputs/ghost_s9133033_b4__global_hard.npz,59f5316a51ff3458bfdbe011e481e128c75923d86e1a2948b646764588f0c5f0,0.03993149600000834,0.00012897400006295356,0.0,0,0.0,True,True,0.043219606872463505,0.05173477323851308,0.09280202030390564,1.0,1.0,0.043448807374874665,1.0,0.05181284412724423,0.043219606872463505,0.05173435069456163,,self-report; not geometry-derived layer count or success,0.051812422219981454,0.00020909388436691478,0.10160793714920209,0.1016079371492021,,,,,,
ghost_s9133033_b4,synthetic,atlas_hard_96,/srv/slam-research/grf/map-denoise/runs/multiscan-pilot-v1/atlas-v13-confirmation-q9ixevii/outputs/ghost_s9133033_b4__atlas_hard_96.npz,d691ec3e49a0f550e7bef66e1f2154fcd8085e629f801ad988ece2ad12e8a244,0.03993149600000834,0.001950546000102804,0.0,0,0.0,True,True,0.11624989572494943,0.14139554486593903,0.2574503869969206,1.0,1.0,0.11749781518343971,1.0,0.14198292574217444,0.11624989572494943,0.1408207674308761,,self-report; not geometry-derived layer count or success,0.14141040840334368,0.01273764489642323,0.08255577307802603,0.08255577307802603,,,,,,
ghost_s9133033_b4,synthetic,atlas_hard_256,/srv/slam-research/grf/map-denoise/runs/multiscan-pilot-v1/atlas-v13-confirmation-q9ixevii/outputs/ghost_s9133033_b4__atlas_hard_256.npz,63e61040e56b8d995403540062cc585f648276546472578b651b1ba196e5fd4c,0.03993149600000834,0.0012026580000110698,0.0,0,0.0,True,True,0.10993520712265598,0.1460022728908698,0.3074305150740061,1.0,1.0,0.11039119714553092,1.0,0.1461323331718019,0.10993520712265598,0.14496449750240542,,self-report; not geometry-derived layer count or success,0.1450954411456506,0.017377334576498076,0.17385807862814448,0.17385807862814448,,,,,,
ghost_s9133033_b4,synthetic,atlas_tied_96,/srv/slam-research/grf/map-denoise/runs/multiscan-pilot-v1/atlas-v13-confirmation-q9ixevii/outputs/ghost_s9133033_b4__atlas_tied_96.npz,a9d5319dfcb30d46b192b87dacccb18bb5f68d634e979d224909d82e90a55ce3,0.03993149600000834,0.0016826469999386973,0.0,0,0.0,True,True,0.07572035943907744,0.09420968664156455,0.19030349377686595,1.0,1.0,0.07588844917289136,1.0,0.0942525043821002,0.07572035943907744,0.09393077054940809,,self-report; not geometry-derived layer count or success,0.0939737144445486,0.007244002746565897,0.11753158440226824,0.11753158440226824,,,,,,
ghost_s9133033_b4,synthetic,atlas_tied_256,/srv/slam-research/grf/map-denoise/runs/multiscan-pilot-v1/atlas-v13-confirmation-q9ixevii/outputs/ghost_s9133033_b4__atlas_tied_256.npz,fe2d027cd4770aed61ad91d32d06c1d6f228a568ef0a8418aae305ae5b0ec8d1,0.03993149600000834,0.001215232000049582,0.0,0,0.0,True,True,0.09749482374636603,0.1085475106618376,0.18144144450911906,1.0,1.0,0.09760837715413902,1.0,0.10858468544510538,0.09749482374636603,0.09706007583699228,,self-report; not geometry-derived layer count or success,0.09710161069504303,0.048599497051315076,0.1580574191418855,0.1580574191418855,,,,,,
ghost_s9133033_b4,synthetic,atlas_relax_96,/srv/slam-research/grf/map-denoise/runs/multiscan-pilot-v1/atlas-v13-confirmation-q9ixevii/outputs/ghost_s9133033_b4__atlas_relax_96.npz,d691ec3e49a0f550e7bef66e1f2154fcd8085e629f801ad988ece2ad12e8a244,0.03993149600000834,0.013043824999954268,0.0,0,0.0,True,True,0.11624989572494943,0.14139554486593903,0.2574503869969206,1.0,1.0,0.11749781518343971,1.0,0.14198292574217444,0.11624989572494943,0.1408207674308761,,self-report; not geometry-derived layer count or success,0.14141040840334368,0.01273764489642323,0.08255577307802603,0.08255577307802603,,,,,,
ghost_s9133033_b4,synthetic,atlas_relax_256,/srv/slam-research/grf/map-denoise/runs/multiscan-pilot-v1/atlas-v13-confirmation-q9ixevii/outputs/ghost_s9133033_b4__atlas_relax_256.npz,63e61040e56b8d995403540062cc585f648276546472578b651b1ba196e5fd4c,0.03993149600000834,0.005618578000053276,0.0,0,0.0,True,True,0.10993520712265598,0.1460022728908698,0.3074305150740061,1.0,1.0,0.11039119714553092,1.0,0.1461323331718019,0.10993520712265598,0.14496449750240542,,self-report; not geometry-derived layer count or success,0.1450954411456506,0.017377334576498076,0.17385807862814448,0.17385807862814448,,,,,,
ghost_s9133033_b4,synthetic,bias_only,/srv/slam-research/grf/map-denoise/runs/multiscan-pilot-v1/atlas-v13-confirmation-q9ixevii/outputs/ghost_s9133033_b4__bias_only.npz,d1663e93bd504423136d11f3dbeda37112079029d791944d34c9be5cff466e8c,,,,,0.0,True,True,0.7679374553579761,0.9687181428680871,1.8820209874728788,0.7278645833333334,0.9791666666666666,0.7139103037159185,1.0,0.96872077538676,0.7679374553579761,0.9687181203020532,,self-report; not geometry-derived layer count or success,0.9687207528207873,0.0002090938843669427,0.10148897588216166,0.10148897588216166,,,,,,
ghost_s9133033_b4,synthetic,old_original,/srv/slam-research/grf/map-denoise/runs/multiscan-pilot-v1/atlas-v13-confirmation-q9ixevii/outputs/ghost_s9133033_b4__old_original.npz,0e5b2e36444918894eea693fe4fa374e2da43848270896843a3103832fd1cc5a,,,0.0,,0.0,True,True,0.04277083241208716,0.05116250391842018,0.09150970280089593,1.0,1.0,0.04293071211870334,1.0,0.051214891637078604,0.04277083241208716,0.05116079767890902,,self-report; not geometry-derived layer count or success,0.05121318714280579,0.0004178373770450932,0.10062198678031335,0.10062198678031335,,,,,,
ghost_s9133033_b4,synthetic,whole_spatial,/srv/slam-research/grf/map-denoise/runs/multiscan-pilot-v1/atlas-v13-confirmation-q9ixevii/outputs/ghost_s9133033_b4__whole_spatial.npz,8f7eb66374ecabcfef135b536dc9cb7bc7e28bf2343fc99af2915f7e9dd3618c,,,,,0.0,True,True,0.04316504367049706,0.05166970148072212,0.09268547338011578,1.0,1.0,0.043321586127421395,1.0,0.05172157641151587,0.04316504367049706,0.05166927840462317,,self-report; not geometry-derived layer count or success,0.051721153759750914,0.00020909388436705142,0.10147899790719413,0.10147899790719413,,,,,,
ghost_s9133033_b4,synthetic,local_spatial_96,/srv/slam-research/grf/map-denoise/runs/multiscan-pilot-v1/atlas-v13-confirmation-q9ixevii/outputs/ghost_s9133033_b4__local_spatial_96.npz,fc0187bb26ea42d3db8bca1ee58cb468c1cc538786556a33257c6728b7a25e66,,,,,0.0,True,True,0.11624989572494947,0.14139554486593908,0.2574503869969206,1.0,1.0,0.11749781518343975,1.0,0.1419829257421745,0.11624989572494947,0.14082076743087615,,self-report; not geometry-derived layer count or success,0.14141040840334373,0.012737644896423133,0.08255577307802607,0.08255577307802607,,,,,,
ghost_s9133033_b4,synthetic,apss_2,/srv/slam-research/grf/map-denoise/runs/multiscan-pilot-v1/atlas-v13-confirmation-q9ixevii/outputs/ghost_s9133033_b4__apss_2.npz,131b7de511e5a045e181ec4c480d19c1759872b48a78e94b3e9d44438ac7e319,,,,,0.0,True,True,0.3252141347270307,0.4138495647555861,0.8110380296741846,0.9778645833333334,1.0,0.3275093416167882,1.0,0.41480170130943733,0.3252141347270307,0.4138433416997813,,self-report; not geometry-derived layer count or success,0.41479546487042146,0.0022745839475904962,0.0991255281498627,0.0991255281498627,,,,,,
ghost_s9133033_b4,synthetic,rimls_2,/srv/slam-research/grf/map-denoise/runs/multiscan-pilot-v1/atlas-v13-confirmation-q9ixevii/outputs/ghost_s9133033_b4__rimls_2.npz,76855e544eb80506836b03b3173833c395d3e8d53f04c68a23e5abff36cbd9ec,,,,,0.0,True,True,0.3354529319788768,0.42711526854735965,0.8436621616161166,0.9700520833333334,1.0,0.35416517937219744,1.0,0.44142416725094813,0.33545292274514993,0.42710673658457754,,self-report; not geometry-derived layer count or success,0.44141369853867307,0.00304009466998299,0.10004194990404036,0.10004194990404036,,,,,,
dual_g2_s9133033_b0,synthetic,global_hard,/srv/slam-research/grf/map-denoise/runs/multiscan-pilot-v1/atlas-v13-confirmation-q9ixevii/outputs/dual_g2_s9133033_b0__global_hard.npz,165e13291c3a0e8fcbffe78e70d9a739dec1db94b0ac7baccd37058e6e9cfb2c,0.049766624999961095,0.00020444799997676455,0.0,0,2,True,True,0.1300268166412853,0.20320230900185682,0.2758615317634486,0.9947916666666666,0.9986979166666666,0.13123348540001228,1.0,0.23651490833555383,0.1356352269184836,0.22764984489655624,,self-report; not geometry-derived layer count or success,0.23651481590953863,0.00020909388436678687,0.25337456636058436,0.2944758423942366,2.132625238208045,0.13262523820804484,1.0663126191040224,2.222670241219898,0.2226702412198982,"GT source-group affine fits evaluated at x=y=0; may extrapolate, not physical layer count"
dual_g2_s9133033_b0,synthetic,atlas_hard_96,/srv/slam-research/grf/map-denoise/runs/multiscan-pilot-v1/atlas-v13-confirmation-q9ixevii/outputs/dual_g2_s9133033_b0__atlas_hard_96.npz,7ad614b6df6253458a3ed4a0d6692f0488cbd349f8cfa1a5b529110437373ef7,0.049766624999961095,0.0027575140001090404,0.0,12,2,True,True,0.1671483890757822,0.2314526878668469,0.3687191672821261,0.9947916666666666,1.0,0.1692909376305045,1.0,0.2596297416906297,0.17247480700358683,0.2538588606156071,,self-report; not geometry-derived layer count or success,0.25962817711004443,0.0009013439179923349,0.2750914867529047,0.314974287152335,2.10982716252699,0.10982716252699021,1.054913581263495,2.2935953464913634,0.29359534649136343,"GT source-group affine fits evaluated at x=y=0; may extrapolate, not physical layer count"
dual_g2_s9133033_b0,synthetic,atlas_hard_256,/srv/slam-research/grf/map-denoise/runs/multiscan-pilot-v1/atlas-v13-confirmation-q9ixevii/outputs/dual_g2_s9133033_b0__atlas_hard_256.npz,7fe94968ffc5d0e01f7004a2831d3e4166aaf006b1db135383faff8398d43c7e,0.049766624999961095,0.0013056149999783884,0.0,2,2,True,True,0.1389060020692686,0.21365146073433797,0.28462498991260593,0.9947916666666666,0.9986979166666666,0.13981925968779788,1.0,0.2478525098550095,0.14428529088467693,0.242137913751227,,self-report; not geometry-derived layer count or success,0.24784268567192821,0.0022067624143497057,0.24518896626467127,0.2768749973129932,2.1085957966552518,0.10859579665525176,1.0542978983276259,2.180809055780387,0.18080905578038697,"GT source-group affine fits evaluated at x=y=0; may extrapolate, not physical layer count"
dual_g2_s9133033_b0,synthetic,atlas_tied_96,/srv/slam-research/grf/map-denoise/runs/multiscan-pilot-v1/atlas-v13-confirmation-q9ixevii/outputs/dual_g2_s9133033_b0__atlas_tied_96.npz,6ebb6788aa4f82667ada6af3730c62040008d60aaf146f516977f29bc1daf082,0.049766624999961095,0.0017070640000156345,0.0,12,2,True,True,0.14172571941722947,0.2178887301649328,0.30918907070265067,0.9947916666666666,0.9986979166666666,0.14302394702157858,1.0,0.2489792196169537,0.1473165568610254,0.24228195024550905,,self-report; not geometry-derived layer count or success,0.2487869598500567,0.009782658617858977,0.30551374274965176,0.36483405931999874,2.1167444429348787,0.11674444293487873,1.0583722214674394,2.224538746453911,0.22453874645391103,"GT source-group affine fits evaluated at x=y=0; may extrapolate, not physical layer count"
dual_g2_s9133033_b0,synthetic,atlas_tied_256,/srv/slam-research/grf/map-denoise/runs/multiscan-pilot-v1/atlas-v13-confirmation-q9ixevii/outputs/dual_g2_s9133033_b0__atlas_tied_256.npz,ef9f38785b87d695a376c43ead8149e9ba54c4afce6faea0cb637dafaee7f24d,0.049766624999961095,0.0011823639999875013,0.0,2,2,True,True,0.13410314233573709,0.2034254052698085,0.27033839099414336,0.9947916666666666,0.9986979166666666,0.135266364036943,1.0,0.23663059237547468,0.13969068552301753,0.22846605592196426,,self-report; not geometry-derived layer count or success,0.23663058255125322,6.818667452417434e-05,0.262783363144333,0.316035626564141,2.1273700833819897,0.12737008338198974,1.0636850416909949,2.226124843944602,0.2261248439446022,"GT source-group affine fits evaluated at x=y=0; may extrapolate, not physical layer count"
dual_g2_s9133033_b0,synthetic,atlas_relax_96,/srv/slam-research/grf/map-denoise/runs/multiscan-pilot-v1/atlas-v13-confirmation-q9ixevii/outputs/dual_g2_s9133033_b0__atlas_relax_96.npz,6aa3428370f54b6027e765d5f96b41cc51f2c5ac240806fbcb64ceabc2fbfee9,0.049766624999961095,0.015666088999978456,0.005208333333333333,12,2,True,True,0.1680125046602238,0.23617121164905142,0.3839107308910118,0.9934895833333334,0.9973958333333334,0.17141101450746818,1.0,0.2725000289958874,0.17559627453449458,0.26624457498204607,,self-report; not geometry-derived layer count or success,0.2721834166214852,0.013132155916470436,0.2231808677908054,0.24335093633977803,2.1113969107678545,0.11139691076785452,1.0556984553839273,2.2613706486160137,0.26137064861601367,"GT source-group affine fits evaluated at x=y=0; may extrapolate, not physical layer count"
dual_g2_s9133033_b0,synthetic,atlas_relax_256,/srv/slam-research/grf/map-denoise/runs/multiscan-pilot-v1/atlas-v13-confirmation-q9ixevii/outputs/dual_g2_s9133033_b0__atlas_relax_256.npz,0ac5a647b82d4bbafd48f16d45217c6add7bc64402a09303e78ce8b2237f8f45,0.049766624999961095,0.009036402999981874,0.005208333333333333,2,2,True,True,0.14321404022247472,0.20671796557808375,0.28087151943481314,0.9921875,0.9986979166666666,0.14979492347732773,1.0,0.2507794439722172,0.15280144502621942,0.24240816140129973,,self-report; not geometry-derived layer count or success,0.25077768387369476,0.0009395690286765734,0.25060253227053414,0.2688535044250616,2.13234241443537,0.13234241443536998,1.066171207217685,2.1010580085238693,0.10105800852386926,"GT source-group affine fits evaluated at x=y=0; may extrapolate, not physical layer count"
dual_g2_s9133033_b0,synthetic,bias_only,/srv/slam-research/grf/map-denoise/runs/multiscan-pilot-v1/atlas-v13-confirmation-q9ixevii/outputs/dual_g2_s9133033_b0__bias_only.npz,c0b5e6dad3d1bbdc798668bdb7a526134b9a4a01e950d0536b217226e85d8b65,,,,,2,True,True,0.7445475507160492,0.9402715987560325,1.8650712430247425,0.7278645833333334,0.9791666666666666,0.7159149876486565,1.0,0.9691011198920052,0.7684184796417174,0.9667595060051952,,self-report; not geometry-derived layer count or success,0.9691010973348891,0.00020909388436696221,0.2604466682492143,0.3048691168308963,2.139653105266432,0.13965310526643204,1.069826552633216,2.2604235389654987,0.26042353896549875,"GT source-group affine fits evaluated at x=y=0; may extrapolate, not physical layer count"
dual_g2_s9133033_b0,synthetic,old_original,/srv/slam-research/grf/map-denoise/runs/multiscan-pilot-v1/atlas-v13-confirmation-q9ixevii/outputs/dual_g2_s9133033_b0__old_original.npz,50df7ac45a1b0eb0b4d5c109239f12a3bc401e7c2b00abab9664a90e43a8d3fb,,,0.0,,2,True,True,0.23672403745648585,0.3557641278706847,0.9732626437459386,0.9466145833333334,1.0,0.23840929025117816,1.0,0.35962727140194845,0.23795727770707353,0.35591050426867876,,self-report; not geometry-derived layer count or success,0.3596272713046304,8.366383551058033e-06,0.5013076052799503,1.0715867865267656,1.8943837918968662,0.10561620810313377,0.9471918959484331,1.1254416114391024,0.8745583885608976,"GT source-group affine fits evaluated at x=y=0; may extrapolate, not physical layer count"
dual_g2_s9133033_b0,synthetic,whole_spatial,/srv/slam-research/grf/map-denoise/runs/multiscan-pilot-v1/atlas-v13-confirmation-q9ixevii/outputs/dual_g2_s9133033_b0__whole_spatial.npz,a489ef357b4ce8816722d6cffa25f64e9127874ebf7bb773302a4c6a8f0b0945,,,,,2,True,True,0.10567504131219851,0.17800450558796796,0.20373016399577415,0.9947916666666666,0.9986979166666666,0.10731651604402333,1.0,0.21375425444278068,0.11113978478194686,0.20354878218815806,,self-report; not geometry-derived layer count or success,0.213752897849202,0.0007615467534180183,0.1636910646472521,0.20387389186932228,2.134445129720386,0.13444512972038591,1.067222564860193,2.2779497389950776,0.2779497389950776,"GT source-group affine fits evaluated at x=y=0; may extrapolate, not physical layer count"
dual_g2_s9133033_b0,synthetic,local_spatial_96,/srv/slam-research/grf/map-denoise/runs/multiscan-pilot-v1/atlas-v13-confirmation-q9ixevii/outputs/dual_g2_s9133033_b0__local_spatial_96.npz,4d71ba74f6990ab6e75e4c1fc6e948841369fa09ab8869b82dd5c387cc76b75e,,,,,2,True,True,0.22001575457620104,0.3201200261291489,0.7884231890566755,0.9895833333333334,1.0,0.22247831794463216,1.0,0.32238621806419004,0.22001575457620104,0.30953599696618483,,self-report; not geometry-derived layer count or success,0.3223831425042934,0.0014081998394977677,0.46603762523636966,1.051341651380924,1.8306541042911202,0.1693458957088798,0.9153270521455601,1.1010927962649677,0.8989072037350323,"GT source-group affine fits evaluated at x=y=0; may extrapolate, not physical layer count"
dual_g2_s9133033_b0,synthetic,apss_2,/srv/slam-research/grf/map-denoise/runs/multiscan-pilot-v1/atlas-v13-confirmation-q9ixevii/outputs/dual_g2_s9133033_b0__apss_2.npz,0b3eeccb304cfdddc8858e28c76cbb596af7f5fe220403501f76d65613f2bbd7,,,,,2,True,True,0.33959788269669194,0.43325213730462053,0.8114550729354569,0.9661458333333334,1.0,0.345249003913116,1.0,0.4362974571171745,0.33988171339485745,0.42876555346143186,,self-report; not geometry-derived layer count or success,0.4362850792679876,0.003286441090061135,0.2246016251682492,0.2534765285763969,2.137989806431595,0.13798980643159497,1.0689949032157975,2.172558219686369,0.17255821968636909,"GT source-group affine fits evaluated at x=y=0; may extrapolate, not physical layer count"
dual_g2_s9133033_b0,synthetic,rimls_2,/srv/slam-research/grf/map-denoise/runs/multiscan-pilot-v1/atlas-v13-confirmation-q9ixevii/outputs/dual_g2_s9133033_b0__rimls_2.npz,e4dc09514a77493e47f1664113f71e9991e251ea4279a182706f55038e674726,,,,,2,True,True,0.3486082487131073,0.4479156713936649,0.8404109608521446,0.9622395833333334,1.0,0.3708144890612452,1.0,0.4637347244973574,0.3490651500120507,0.4431045671564305,,self-report; not geometry-derived layer count or success,0.46372477996009964,0.0030369648659792914,0.2345606586494604,0.28132292200217873,2.149588282582436,0.14958828258243617,1.074794141291218,2.233389095570618,0.23338909557061793,"GT source-group affine fits evaluated at x=y=0; may extrapolate, not physical layer count"
dual_g2_s9133033_b4,synthetic,global_hard,/srv/slam-research/grf/map-denoise/runs/multiscan-pilot-v1/atlas-v13-confirmation-q9ixevii/outputs/dual_g2_s9133033_b4__global_hard.npz,bf2c46b7b867437c0c308d5dfc0d43d33c1b821a73741eafdf827f968868227c,0.039409322999972574,0.00013534999993680685,0.0,0,2,True,True,0.13004723398798057,0.20296395900697897,0.2760440098572113,0.9947916666666666,0.9986979166666666,0.13790210246305357,1.0,0.23874480493947028,0.13568522392078572,0.22760597540554192,,self-report; not geometry-derived layer count or success,0.2387447133767222,0.0002090938843665297,0.25295912113076946,0.2938134270480972,2.133411523288888,0.13341152328888795,1.066705761644444,2.223459794798106,0.22345979479810607,"GT source-group affine fits evaluated at x=y=0; may extrapolate, not physical layer count"
dual_g2_s9133033_b4,synthetic,atlas_hard_96,/srv/slam-research/grf/map-denoise/runs/multiscan-pilot-v1/atlas-v13-confirmation-q9ixevii/outputs/dual_g2_s9133033_b4__atlas_hard_96.npz,bddc46a63763615c08d10f62e1291199032452309132ab37b937f7b0ce49b4dd,0.039409322999972574,0.001953628000023855,0.0,12,2,True,True,0.1678387150030047,0.23093595279364373,0.3691394573396275,0.9947916666666666,1.0,0.17554974999077622,1.0,0.2617747152941275,0.17322430644533715,0.2538400993861719,,self-report; not geometry-derived layer count or success,0.2617726414484827,0.0010419963558579003,0.2780576613450564,0.3176511934990249,2.112292694033526,0.11229269403352582,1.056146347016763,2.300729924414316,0.3007299244143158,"GT source-group affine fits evaluated at x=y=0; may extrapolate, not physical layer count"
dual_g2_s9133033_b4,synthetic,atlas_hard_256,/srv/slam-research/grf/map-denoise/runs/multiscan-pilot-v1/atlas-v13-confirmation-q9ixevii/outputs/dual_g2_s9133033_b4__atlas_hard_256.npz,e19afb3f9abc23182a49703f9f2eff330908daea8601dc690234ac2db37db7ec,0.039409322999972574,0.0012517930000512933,0.0,2,2,True,True,0.13886716962588944,0.21343357305442676,0.2850907191730549,0.9947916666666666,0.9986979166666666,0.14614046116388474,1.0,0.24996693507807818,0.14427660327161793,0.24215580825088734,,self-report; not geometry-derived layer count or success,0.2499587367714302,0.002024486097511852,0.24520570922079557,0.27709706055801125,2.109119935109763,0.10911993510976314,1.0545599675548816,2.181983261326688,0.18198326132668807,"GT source-group affine fits evaluated at x=y=0; may extrapolate, not physical layer count"
dual_g2_s9133033_b4,synthetic,atlas_tied_96,/srv/slam-research/grf/map-denoise/runs/multiscan-pilot-v1/atlas-v13-confirmation-q9ixevii/outputs/dual_g2_s9133033_b4__atlas_tied_96.npz,37afcf469f529b1ce3df9c4f7df228785718019a833a0c20a2eb6de4fccf90bd,0.039409322999972574,0.0017355350000798353,0.0,12,2,True,True,0.14362841773871401,0.2203891860371334,0.3132524306319677,0.9947916666666666,0.9986979166666666,0.1516296011162426,1.0,0.2537843823486202,0.14927284536463073,0.24474817225183898,,self-report; not geometry-derived layer count or success,0.2536321441710306,0.00878909365499058,0.31016283353602364,0.3730113015556603,2.120415385278968,0.12041538527896778,1.060207692639484,2.2349261974085604,0.23492619740856036,"GT source-group affine fits evaluated at x=y=0; may extrapolate, not physical layer count"
dual_g2_s9133033_b4,synthetic,atlas_tied_256,/srv/slam-research/grf/map-denoise/runs/multiscan-pilot-v1/atlas-v13-confirmation-q9ixevii/outputs/dual_g2_s9133033_b4__atlas_tied_256.npz,e04f02a3cbe07697a992392f6e57dc30b5c343ceb7ac26127d367e1843dc3805,0.039409322999972574,0.0012058959999876606,0.0,2,2,True,True,0.13404523349481337,0.20316059643993653,0.27047101535371,0.9947916666666666,0.9986979166666666,0.14165926226131423,1.0,0.23884782551231135,0.13966258408243806,0.2283437724484705,,self-report; not geometry-derived layer count or success,0.2388476423818099,0.00029577121327677326,0.2617001799592555,0.3143736018951723,2.1286972588829034,0.1286972588829034,1.0643486294414517,2.2271246066824486,0.2271246066824486,"GT source-group affine fits evaluated at x=y=0; may extrapolate, not physical layer count"
dual_g2_s9133033_b4,synthetic,atlas_relax_96,/srv/slam-research/grf/map-denoise/runs/multiscan-pilot-v1/atlas-v13-confirmation-q9ixevii/outputs/dual_g2_s9133033_b4__atlas_relax_96.npz,820e620d168ff5d0e3d896c77d18191d91c0afa6a404ac6e5e24b177974db933,0.039409322999972574,0.015355024000086814,0.005208333333333333,12,2,True,True,0.16897804293862015,0.23743920946094477,0.3864150802647001,0.9934895833333334,0.9973958333333334,0.1774094394649758,1.0,0.2759443099011072,0.17659171715532018,0.2675034517608845,,self-report; not geometry-derived layer count or success,0.27564455079414163,0.012858607401042705,0.22931963053151247,0.24941917253337856,2.1153202507091673,0.1153202507091673,1.0576601253545836,2.2727391481055563,0.27273914810555633,"GT source-group affine fits evaluated at x=y=0; may extrapolate, not physical layer count"
dual_g2_s9133033_b4,synthetic,atlas_relax_256,/srv/slam-research/grf/map-denoise/runs/multiscan-pilot-v1/atlas-v13-confirmation-q9ixevii/outputs/dual_g2_s9133033_b4__atlas_relax_256.npz,aa5e6d5c4aeb4dcfe45d4c3990a05fe92d838a635497d8b6cec5afd6ccf5375d,0.039409322999972574,0.008604105000017626,0.005208333333333333,2,2,True,True,0.14317367676194268,0.2067594454888493,0.2812939420068426,0.9921875,0.9986979166666666,0.1555715057174293,1.0,0.2529679485553118,0.15277356667874922,0.2424798540381624,,self-report; not geometry-derived layer count or success,0.25296702729133946,0.0006827149226410063,0.25024222610746844,0.2677129941569275,2.1329774495122193,0.13297744951221935,1.0664887247561097,2.10285571891251,0.10285571891250989,"GT source-group affine fits evaluated at x=y=0; may extrapolate, not physical layer count"
dual_g2_s9133033_b4,synthetic,bias_only,/srv/slam-research/grf/map-denoise/runs/multiscan-pilot-v1/atlas-v13-confirmation-q9ixevii/outputs/dual_g2_s9133033_b4__bias_only.npz,ce625e4f02b65c91bcde58cdd5aa9e4166a663cfc0b96f991c14dc1d5a439bac,,,,,2,True,True,0.7446701422038228,0.9402806474343687,1.8620502674231982,0.7278645833333334,0.9791666666666666,0.7179839133438702,1.0,0.9696552170622258,0.7685576413408026,0.9667549801809278,,self-report; not geometry-derived layer count or success,0.9696551945179995,0.0002090938843672976,0.2600141144194706,0.3041399445395209,2.1404156529385734,0.1404156529385734,1.0702078264692867,2.26117543458975,0.2611754345897501,"GT source-group affine fits evaluated at x=y=0; may extrapolate, not physical layer count"
dual_g2_s9133033_b4,synthetic,old_original,/srv/slam-research/grf/map-denoise/runs/multiscan-pilot-v1/atlas-v13-confirmation-q9ixevii/outputs/dual_g2_s9133033_b4__old_original.npz,fc836dd5645cd5d203d86b6a51f6f555cf04765ca4d2044fad93942148e8a422,,,0.0,,2,True,True,0.2343803830311603,0.35373021675257105,0.9402780513141873,0.94921875,1.0,0.23999077837928498,1.0,0.35886526358965826,0.23553666055895509,0.3538279989059707,,self-report; not geometry-derived layer count or success,0.35886526335992325,1.2840866247838462e-05,0.4982124911099086,1.0669827593288523,1.896504639699,0.10349536030100004,0.9482523198495,1.1313901784300282,0.8686098215699718,"GT source-group affine fits evaluated at x=y=0; may extrapolate, not physical layer count"
dual_g2_s9133033_b4,synthetic,whole_spatial,/srv/slam-research/grf/map-denoise/runs/multiscan-pilot-v1/atlas-v13-confirmation-q9ixevii/outputs/dual_g2_s9133033_b4__whole_spatial.npz,557d48aed9d75a089f82c71319b0269a9c3074ec0fd0330d7281d617025e536e,,,,,2,True,True,0.10584379339347723,0.17779575349744306,0.20405023292746874,0.9947916666666666,0.9986979166666666,0.11436248626461347,1.0,0.21628765545320763,0.11133855787704992,0.20354131669168968,,self-report; not geometry-derived layer count or success,0.21628635476436314,0.0007500961201902115,0.16330475871100925,0.20345898401574744,2.1352991015748026,0.13529910157480263,1.0676495507874013,2.278423717820265,0.2784237178202651,"GT source-group affine fits evaluated at x=y=0; may extrapolate, not physical layer count"
dual_g2_s9133033_b4,synthetic,local_spatial_96,/srv/slam-research/grf/map-denoise/runs/multiscan-pilot-v1/atlas-v13-confirmation-q9ixevii/outputs/dual_g2_s9133033_b4__local_spatial_96.npz,7819ffbec6d75cd98f47f5673aabe526270a4cdb5914fa376c64b32dc111ded9,,,,,2,True,True,0.21883697486268447,0.3191574480199912,0.7832299172925467,0.9869791666666666,1.0,0.2265227140346752,1.0,0.3230688599398974,0.21883697486268447,0.3088134617634584,,self-report; not geometry-derived layer count or success,0.32305133156299387,0.00336532884598667,0.46629450202713724,1.0628378606016535,1.8329220566946598,0.1670779433053402,0.9164610283473299,1.1003177630063647,0.8996822369936353,"GT source-group affine fits evaluated at x=y=0; may extrapolate, not physical layer count"
dual_g2_s9133033_b4,synthetic,apss_2,/srv/slam-research/grf/map-denoise/runs/multiscan-pilot-v1/atlas-v13-confirmation-q9ixevii/outputs/dual_g2_s9133033_b4__apss_2.npz,65c245f8ba8822bab0d05482cea1b374742b7a7c9f0cf341c837bd9b5a0d5ccb,,,,,2,True,True,0.3396490170627782,0.43298085856213486,0.8076974188441665,0.9661458333333334,1.0,0.3478367535568993,1.0,0.437113479541458,0.3399490830502421,0.42844931971930733,,self-report; not geometry-derived layer count or success,0.43710303107866133,0.003022286996210153,0.22393109920614696,0.2525192726220575,2.1390805630111975,0.13908056301119753,1.0695402815055988,2.173383554756181,0.17338355475618084,"GT source-group affine fits evaluated at x=y=0; may extrapolate, not physical layer count"
dual_g2_s9133033_b4,synthetic,rimls_2,/srv/slam-research/grf/map-denoise/runs/multiscan-pilot-v1/atlas-v13-confirmation-q9ixevii/outputs/dual_g2_s9133033_b4__rimls_2.npz,536dbc846042a0a3a14d64d993d26ff1c73f00f902f10c12d79428438497fa8e,,,,,2,True,True,0.3486086636121531,0.44762490149058964,0.8380119845324426,0.9635416666666666,1.0,0.37311375486652315,1.0,0.46440717312719026,0.34907711944049363,0.44273354076009,,self-report; not geometry-derived layer count or success,0.4643982856181072,0.0028731110230948978,0.23370544997863277,0.2799583601742734,2.150907245973994,0.1509072459739942,1.075453622986997,2.2336700645042344,0.23367006450423444,"GT source-group affine fits evaluated at x=y=0; may extrapolate, not physical layer count"
dual_g4_s9133033_b0,synthetic,global_hard,/srv/slam-research/grf/map-denoise/runs/multiscan-pilot-v1/atlas-v13-confirmation-q9ixevii/outputs/dual_g4_s9133033_b0__global_hard.npz,fb7354d895e92a30f48fa4d918bf16b0030694a50d3140ac587dbbe522eb00bf,0.03847828099992512,0.0001451690000067174,0.0,0,4,True,True,0.0801830239660754,0.1112238454081996,0.2507012737875914,0.9986979166666666,0.9986979166666666,0.08260359691975046,1.0,0.17272911863109042,0.08454441466265372,0.16916208396672122,,self-report; not geometry-derived layer count or success,0.17272619785297286,0.0010044890885325508,0.2040977383189719,0.3938374150455178,3.9271462245408895,0.07285377545911054,0.9817865561352224,3.813833460773064,0.18616653922693605,"GT source-group affine fits evaluated at x=y=0; may extrapolate, not physical layer count"
dual_g4_s9133033_b0,synthetic,atlas_hard_96,/srv/slam-research/grf/map-denoise/runs/multiscan-pilot-v1/atlas-v13-confirmation-q9ixevii/outputs/dual_g4_s9133033_b0__atlas_hard_96.npz,cbacc9755dcc61c0517d04a1343ccb18dd93b6ed6bf53c0e948621d1caa76792,0.03847828099992512,0.001941216999966855,0.0,13,4,True,True,0.14451236936264547,0.19322188006420063,0.3971036218602617,0.9986979166666666,0.9986979166666666,0.14868474418650526,1.0,0.22989489438815583,0.1482431578032915,0.22679736043459478,,self-report; not geometry-derived layer count or success,0.229877087545888,0.0028613086449181873,0.19555451144514616,0.36044889641921657,3.9400343462251377,0.05996565377486229,0.9850085865562844,3.8886735891594117,0.11132641084058825,"GT source-group affine fits evaluated at x=y=0; may extrapolate, not physical layer count"
dual_g4_s9133033_b0,synthetic,atlas_hard_256,/srv/slam-research/grf/map-denoise/runs/multiscan-pilot-v1/atlas-v13-confirmation-q9ixevii/outputs/dual_g4_s9133033_b0__atlas_hard_256.npz,d30334813853a3cdee2c5d8c0c5f0272c1d222e7d38334fca64121fa156d56d8,0.03847828099992512,0.0012751120000302762,0.0,2,4,True,True,0.11865374185018368,0.15859193711341435,0.345473955423369,0.9986979166666666,0.9986979166666666,0.1214021749863149,1.0,0.20227200398370704,0.12257077791439847,0.19297922049950847,,self-report; not geometry-derived layer count or success,0.20224695098020096,0.0031834595642140496,0.2346082571202379,0.4119596395879372,3.8743404559939814,0.12565954400601864,0.9685851139984953,3.7567605098377426,0.24323949016225743,"GT source-group affine fits evaluated at x=y=0; may extrapolate, not physical layer count"
dual_g4_s9133033_b0,synthetic,atlas_tied_96,/srv/slam-research/grf/map-denoise/runs/multiscan-pilot-v1/atlas-v13-confirmation-q9ixevii/outputs/dual_g4_s9133033_b0__atlas_tied_96.npz,adcdac1cfbeb6a37298d57d578aa345c6fc0eacc688ff16e5ef2169d92d6bf60,0.03847828099992512,0.0016622299999653478,0.0,13,4,True,True,0.10717435410316582,0.13487350629852948,0.2496502158209689,0.9986979166666666,0.9986979166666666,0.10964346341296338,1.0,0.19020744655505506,0.11166662678640722,0.1874283329804584,,self-report; not geometry-derived layer count or success,0.18759171778545777,0.031435968941568956,0.1956244993637811,0.4176070962944922,3.986305417741355,0.01369458225864495,0.9965763544353388,3.809428148874109,0.19057185112589092,"GT source-group affine fits evaluated at x=y=0; may extrapolate, not physical layer count"
dual_g4_s9133033_b0,synthetic,atlas_tied_256,/srv/slam-research/grf/map-denoise/runs/multiscan-pilot-v1/atlas-v13-confirmation-q9ixevii/outputs/dual_g4_s9133033_b0__atlas_tied_256.npz,dd795601daa519a369a2e960c581b07db3c919c34b60ad45517f839ea37dead1,0.03847828099992512,0.0011090809999814155,0.0,2,4,True,True,0.07701766034933243,0.10218482292140649,0.21127857722949558,0.9986979166666666,0.9986979166666666,0.07961246890309627,1.0,0.169176217259798,0.08155760529686899,0.16231368422190093,,self-report; not geometry-derived layer count or success,0.16481684885093953,0.03815755260994761,0.1574905036895725,0.35190621826069773,3.9405099366336116,0.0594900633663884,0.9851274841584029,3.8151018512389347,0.18489814876106525,"GT source-group affine fits evaluated at x=y=0; may extrapolate, not physical layer count"
dual_g4_s9133033_b0,synthetic,atlas_relax_96,/srv/slam-research/grf/map-denoise/runs/multiscan-pilot-v1/atlas-v13-confirmation-q9ixevii/outputs/dual_g4_s9133033_b0__atlas_relax_96.npz,23a9b316716efd0e382f601da244b73618f767bb63a58e760c9c598fa1ef041f,0.03847828099992512,0.015412665999974706,0.00390625,13,4,True,True,0.15529550837703854,0.26647775435573756,0.43084373502885265,0.9973958333333334,0.9986979166666666,0.15372278856508206,1.0,0.2682483175733012,0.15529550837703854,0.26500075568103104,,self-report; not geometry-derived layer count or success,0.26824691979938203,0.0008659671186374825,0.2115705309602308,0.35295328417661165,3.9410900483961133,0.05890995160388668,0.9852725120990283,3.8738953709525843,0.1261046290474157,"GT source-group affine fits evaluated at x=y=0; may extrapolate, not physical layer count"
dual_g4_s9133033_b0,synthetic,atlas_relax_256,/srv/slam-research/grf/map-denoise/runs/multiscan-pilot-v1/atlas-v13-confirmation-q9ixevii/outputs/dual_g4_s9133033_b0__atlas_relax_256.npz,201ba981be7022fa52572dee6239785c6a7ba11d96a1c1cfc7b38d0ad925d614,0.03847828099992512,0.00858414599997559,0.0026041666666666665,2,4,True,True,0.13401459858873715,0.2490997140317677,0.40184442077522176,0.99609375,0.9973958333333334,0.1324653493477514,1.0,0.27279554095553993,0.1370414408644744,0.26594133378885954,,self-report; not geometry-derived layer count or success,0.27276185967780875,0.004286615253203729,0.2983776319967918,0.5210525518274118,3.8770737246774094,0.1229262753225906,0.9692684311693524,3.6537572840686368,0.34624271593136324,"GT source-group affine fits evaluated at x=y=0; may extrapolate, not physical layer count"
dual_g4_s9133033_b0,synthetic,bias_only,/srv/slam-research/grf/map-denoise/runs/multiscan-pilot-v1/atlas-v13-confirmation-q9ixevii/outputs/dual_g4_s9133033_b0__bias_only.npz,8ecb88e6e00152e0824a4312ea644b170f845ab78e5d4570876815857b86e46f,,,,,4,True,True,0.7688162686544713,0.9666308103712625,1.825008443903427,0.72265625,0.9830729166666666,0.713488162256633,1.0,0.9721154045479821,0.7714744388218682,0.9715785599447699,,self-report; not geometry-derived layer count or success,0.972115383716577,0.00020124874942077916,0.20327926062979537,0.368056046851954,3.932068929573965,0.06793107042603497,0.9830172323934913,3.838516351268171,0.1614836487318292,"GT source-group affine fits evaluated at x=y=0; may extrapolate, not physical layer count"
dual_g4_s9133033_b0,synthetic,old_original,/srv/slam-research/grf/map-denoise/runs/multiscan-pilot-v1/atlas-v13-confirmation-q9ixevii/outputs/dual_g4_s9133033_b0__old_original.npz,ab195553a6764ce6047c8cd9a4e17edb5679bc2138814fd303e593260bcceb45,,,0.0,,4,True,True,0.18434420779705185,0.37096014143827255,0.4871073660648667,0.97265625,0.9817708333333334,0.20825655933313728,1.0,0.528006991721627,0.21233528616775174,0.5047244392383556,,self-report; not geometry-derived layer count or success,0.528006989791476,4.514716533914064e-05,0.7386310867623044,1.5327845934565707,3.674136628085769,0.325863371914231,0.9185341570214423,2.5483443993391464,1.4516556006608536,"GT source-group affine fits evaluated at x=y=0; may extrapolate, not physical layer count"
dual_g4_s9133033_b0,synthetic,whole_spatial,/srv/slam-research/grf/map-denoise/runs/multiscan-pilot-v1/atlas-v13-confirmation-q9ixevii/outputs/dual_g4_s9133033_b0__whole_spatial.npz,bf5e971732359bdb512b33617afd0beb2e90501cf52fdd44a10e5a3585309fde,,,,,4,True,True,0.05680779286911514,0.07371850276286611,0.12828303651621423,0.9986979166666666,0.9986979166666666,0.060089969484600846,1.0,0.15940007199855966,0.06179154066579048,0.1551677881993097,,self-report; not geometry-derived layer count or success,0.15937954390614364,0.00255811208034823,0.11905170877707867,0.14897990406077188,3.9245698731149274,0.07543012688507256,0.9811424682787319,3.9938537203167166,0.006146279683283407,"GT source-group affine fits evaluated at x=y=0; may extrapolate, not physical layer count"
dual_g4_s9133033_b0,synthetic,local_spatial_96,/srv/slam-research/grf/map-denoise/runs/multiscan-pilot-v1/atlas-v13-confirmation-q9ixevii/outputs/dual_g4_s9133033_b0__local_spatial_96.npz,1bfe9f4e78fad970e99184b7c0b559706d6c212902786071faf88efedcbf4872,,,,,4,True,True,0.21978962747402395,0.411927916959639,0.8492946785122032,0.95703125,0.9895833333333334,0.23415740733043658,1.0,0.4394020949459421,0.224071746115354,0.41537572581950866,,self-report; not geometry-derived layer count or success,0.43931582335374464,0.008706801588656408,0.532095994388211,1.2435811850746448,3.740087981116225,0.2599120188837749,0.9350219952790563,2.9321462129939855,1.0678537870060145,"GT source-group affine fits evaluated at x=y=0; may extrapolate, not physical layer count"
dual_g4_s9133033_b0,synthetic,apss_2,/srv/slam-research/grf/map-denoise/runs/multiscan-pilot-v1/atlas-v13-confirmation-q9ixevii/outputs/dual_g4_s9133033_b0__apss_2.npz,1ed5372397917e686ca2cef1069bf93dde11fc2465ec310e6885f1fa525e5fb6,,,,,4,True,True,0.38339905416054104,0.4874017598042904,0.9554381038397068,0.9544270833333334,0.9986979166666666,0.38913797576094017,1.0,0.4919047562794201,0.38345047795757364,0.48552401579381743,,self-report; not geometry-derived layer count or success,0.491842667415411,0.00781535411923406,0.18363177835669928,0.4282692960648557,3.9062658275157465,0.09373417248425353,0.9765664568789366,3.708829358938748,0.2911706410612518,"GT source-group affine fits evaluated at x=y=0; may extrapolate, not physical layer count"
dual_g4_s9133033_b0,synthetic,rimls_2,/srv/slam-research/grf/map-denoise/runs/multiscan-pilot-v1/atlas-v13-confirmation-q9ixevii/outputs/dual_g4_s9133033_b0__rimls_2.npz,00124a49e0135eec64187ce5c09329517ea8283c338122b7a56564e415b67534,,,,,4,True,True,0.3956149618096286,0.5023558785022914,0.9923522262060652,0.9453125,0.9986979166666666,0.41862173682463455,1.0,0.5246723170737722,0.3956149618096287,0.5012340122961196,,self-report; not geometry-derived layer count or success,0.5246474817632626,0.00510491753390297,0.18447518485037182,0.35622197971657465,3.9302128657741457,0.06978713422585425,0.9825532164435364,3.8227225176302704,0.17727748236972962,"GT source-group affine fits evaluated at x=y=0; may extrapolate, not physical layer count"
dual_g4_s9133033_b4,synthetic,global_hard,/srv/slam-research/grf/map-denoise/runs/multiscan-pilot-v1/atlas-v13-confirmation-q9ixevii/outputs/dual_g4_s9133033_b4__global_hard.npz,b5af1b1e72ff32448566688abb8c7b79dda238205957102cdf7a4e67a02dbd54,0.037860683999952016,0.0001474639999514693,0.0,0,4,True,True,0.0817181096615726,0.1296295448100999,0.25078160202027,0.9973958333333334,0.9986979166666666,0.09014810285584252,1.0,0.1869079488875853,0.08607955053411875,0.18072985358652505,,self-report; not geometry-derived layer count or success,0.1868883878850235,0.002704039774339233,0.2206023605216508,0.4418113962498256,3.916411966914174,0.08358803308582585,0.9791029917285435,3.7473730757078103,0.2526269242921897,"GT source-group affine fits evaluated at x=y=0; may extrapolate, not physical layer count"
dual_g4_s9133033_b4,synthetic,atlas_hard_96,/srv/slam-research/grf/map-denoise/runs/multiscan-pilot-v1/atlas-v13-confirmation-q9ixevii/outputs/dual_g4_s9133033_b4__atlas_hard_96.npz,64dd0eaa08bc6d380dd3da23d8471baaf2d746305ffaa09650cebe55d5b04d14,0.037860683999952016,0.0019754390000343847,0.0,13,4,True,True,0.14685676565119635,0.2045710396299039,0.3991423154812499,0.9973958333333334,0.9986979166666666,0.15516584476620893,1.0,0.24086320800351424,0.1505859566332346,0.23597774789141446,,self-report; not geometry-derived layer count or success,0.24086190376723263,0.0007926432795074977,0.21590366588715582,0.41886243925129446,3.9308710520687624,0.06912894793123758,0.9827177630171906,3.7955506735600526,0.2044493264399474,"GT source-group affine fits evaluated at x=y=0; may extrapolate, not physical layer count"
dual_g4_s9133033_b4,synthetic,atlas_hard_256,/srv/slam-research/grf/map-denoise/runs/multiscan-pilot-v1/atlas-v13-confirmation-q9ixevii/outputs/dual_g4_s9133033_b4__atlas_hard_256.npz,fe9087114d78441ea9c6bf6251b47057827f46ae61fe7f0f7980ae323694839a,0.037860683999952016,0.0012642489999734607,0.0,2,4,True,True,0.12013858864649728,0.17197140937852776,0.3455312744874572,0.9973958333333334,0.9986979166666666,0.12703572657803877,1.0,0.2144821387667848,0.12405577382726451,0.20257519675777122,,self-report; not geometry-derived layer count or success,0.2144813202035879,0.0005925653553297653,0.2517850034660501,0.4619645736380302,3.8635783151800505,0.13642168481994954,0.9658945787950126,3.69030905293005,0.3096909470699498,"GT source-group affine fits evaluated at x=y=0; may extrapolate, not physical layer count"
dual_g4_s9133033_b4,synthetic,atlas_tied_96,/srv/slam-research/grf/map-denoise/runs/multiscan-pilot-v1/atlas-v13-confirmation-q9ixevii/outputs/dual_g4_s9133033_b4__atlas_tied_96.npz,bd20fe54eaf955d3d4f81ade8d8665dc3ededb27ebdbea1905fcc8873441cc27,0.037860683999952016,0.001668021000000408,0.0,13,4,True,True,0.10782350797123731,0.1497728326097865,0.24816003312707538,0.9973958333333334,0.9986979166666666,0.11532498698963507,1.0,0.20269074308105756,0.11231563977848875,0.19857983809425764,,self-report; not geometry-derived layer count or success,0.20065990603082307,0.028620612195628118,0.21628318051136927,0.47868300870974506,3.9744643842401963,0.025535615759803676,0.9936160960600491,3.7409394005057583,0.25906059949424165,"GT source-group affine fits evaluated at x=y=0; may extrapolate, not physical layer count"
dual_g4_s9133033_b4,synthetic,atlas_tied_256,/srv/slam-research/grf/map-denoise/runs/multiscan-pilot-v1/atlas-v13-confirmation-q9ixevii/outputs/dual_g4_s9133033_b4__atlas_tied_256.npz,b173b938e2dc77999ec3df52ad1077633846651989f97468d2c04e07619a3410,0.037860683999952016,0.0011115419999896403,0.0,2,4,True,True,0.07856540401076838,0.1219713586811581,0.21115585060204498,0.9973958333333334,0.9986979166666666,0.08705081786834805,1.0,0.18363202498172765,0.08310503885489749,0.17531358472105094,,self-report; not geometry-derived layer count or success,0.18037463574292192,0.03443416006668502,0.17518172946245392,0.4032305068359551,3.929758924620579,0.07024107537942115,0.9824397311551447,3.7485236662633907,0.25147633373660927,"GT source-group affine fits evaluated at x=y=0; may extrapolate, not physical layer count"
dual_g4_s9133033_b4,synthetic,atlas_relax_96,/srv/slam-research/grf/map-denoise/runs/multiscan-pilot-v1/atlas-v13-confirmation-q9ixevii/outputs/dual_g4_s9133033_b4__atlas_relax_96.npz,c638ec7a312b237f26a22e6f609def754834314ceeb34076f958a92ee88f393e,0.037860683999952016,0.01449612499993691,0.00390625,13,4,True,True,0.15752704660563252,0.27474970937409043,0.4303717156245248,0.99609375,0.9986979166666666,0.16017487596765645,1.0,0.27758590837849223,0.15752704660563252,0.27281605781339624,,self-report; not geometry-derived layer count or success,0.2775704234134702,0.002931991879176103,0.2365274625367292,0.4245854552626829,3.931829853208286,0.06817014679171418,0.9829574633020715,3.780726721010302,0.21927327898969784,"GT source-group affine fits evaluated at x=y=0; may extrapolate, not physical layer count"
dual_g4_s9133033_b4,synthetic,atlas_relax_256,/srv/slam-research/grf/map-denoise/runs/multiscan-pilot-v1/atlas-v13-confirmation-q9ixevii/outputs/dual_g4_s9133033_b4__atlas_relax_256.npz,7bbd3c97ab7a7021a227f2ec636439d3629365ea72af22c97ad5a5382638783a,0.037860683999952016,0.008384236999972927,0.0026041666666666665,2,4,True,True,0.13545525537247738,0.25778764795506803,0.40176563035341156,0.9947916666666666,0.9973958333333334,0.13817613559465602,1.0,0.2819026237973198,0.13848216321347206,0.2728733323776972,,self-report; not geometry-derived layer count or success,0.2817896509264696,0.007980096149272132,0.32122429575908146,0.5876434799542806,3.866318487253592,0.13368151274640816,0.966579621813398,3.5874719298633684,0.4125280701366316,"GT source-group affine fits evaluated at x=y=0; may extrapolate, not physical layer count"
dual_g4_s9133033_b4,synthetic,bias_only,/srv/slam-research/grf/map-denoise/runs/multiscan-pilot-v1/atlas-v13-confirmation-q9ixevii/outputs/dual_g4_s9133033_b4__bias_only.npz,7e69e3777f41ff0423cb7c825b87e4b251749a01d7241cf599a8be80bd91b064,,,,,4,True,True,0.770375080985095,0.9689220010740933,1.8287619177776007,0.7200520833333334,0.9830729166666666,0.7162421223739116,1.0,0.9747392275247638,0.773033425144423,0.9736681044476984,,self-report; not geometry-derived layer count or success,0.9747313878837532,0.00390936692898486,0.2193541259934436,0.4147979195078812,3.921338200027139,0.07866179997286116,0.9803345500067847,3.772092184186946,0.22790781581305408,"GT source-group affine fits evaluated at x=y=0; may extrapolate, not physical layer count"
dual_g4_s9133033_b4,synthetic,old_original,/srv/slam-research/grf/map-denoise/runs/multiscan-pilot-v1/atlas-v13-confirmation-q9ixevii/outputs/dual_g4_s9133033_b4__old_original.npz,21ada63f03e8b6e868260c213005b27627965210e8b746f1484e86e395920d97,,,0.0,,4,True,True,0.18597594481128474,0.37734190088974684,0.48347807001426063,0.9713541666666666,0.9791666666666666,0.21474819103959789,1.0,0.5328216691682818,0.21390745967756375,0.5075071316087136,,self-report; not geometry-derived layer count or success,0.5328090918259014,0.003660983874872484,0.7664509148951094,1.6133269888005002,3.6634043161095815,0.3365956838904185,0.9158510790273954,2.4821976660233425,1.5178023339766575,"GT source-group affine fits evaluated at x=y=0; may extrapolate, not physical layer count"
dual_g4_s9133033_b4,synthetic,whole_spatial,/srv/slam-research/grf/map-denoise/runs/multiscan-pilot-v1/atlas-v13-confirmation-q9ixevii/outputs/dual_g4_s9133033_b4__whole_spatial.npz,2e3180d2eef46542561980e11b8bb2a24deaaf370828b944128ea5dc4201eaeb,,,,,4,True,True,0.05835904441035594,0.09935314747328305,0.1282772891416615,0.9973958333333334,0.9986979166666666,0.0680373306765211,1.0,0.17469622806421223,0.06334288670880188,0.16771282622638334,,self-report; not geometry-derived layer count or success,0.17469252750091313,0.0011370730873407362,0.10699976141532774,0.11406544051465692,3.913843169579348,0.08615683042065214,0.978460792394837,3.927092849100503,0.07290715089949718,"GT source-group affine fits evaluated at x=y=0; may extrapolate, not physical layer count"
dual_g4_s9133033_b4,synthetic,local_spatial_96,/srv/slam-research/grf/map-denoise/runs/multiscan-pilot-v1/atlas-v13-confirmation-q9ixevii/outputs/dual_g4_s9133033_b4__local_spatial_96.npz,fc4eb92a5e692893bc84388ad6d0c6827b16b9a6f9f36cd6010b4a951d319481,,,,,4,True,True,0.22257905334678463,0.417624301323058,0.8857972618153185,0.9544270833333334,0.9895833333333334,0.240342679296954,1.0,0.4454118248952755,0.22688579112631876,0.4204935025245836,,self-report; not geometry-derived layer count or success,0.44531328418202554,0.009368707891597184,0.5702470522699227,1.3533485500509512,3.734937818540903,0.265062181459097,0.9337344546352258,2.8415210569041602,1.1584789430958398,"GT source-group affine fits evaluated at x=y=0; may extrapolate, not physical layer count"
dual_g4_s9133033_b4,synthetic,apss_2,/srv/slam-research/grf/map-denoise/runs/multiscan-pilot-v1/atlas-v13-confirmation-q9ixevii/outputs/dual_g4_s9133033_b4__apss_2.npz,1bf6da123115bc4d183b8f66b2ed9847556ab723128fa6054a714bb16c5de622,,,,,4,True,True,0.38479521440694114,0.4919491799084122,0.9778481576863677,0.953125,0.9986979166666666,0.39186600270259114,1.0,0.4966345588791323,0.38479521440694114,0.48930026946243843,,self-report; not geometry-derived layer count or success,0.4964960009280041,0.011730564162463989,0.20446123613060804,0.4909075413140187,3.8956301221738605,0.10436987782613949,0.9739075305434651,3.641095522095023,0.3589044779049768,"GT source-group affine fits evaluated at x=y=0; may extrapolate, not physical layer count"
dual_g4_s9133033_b4,synthetic,rimls_2,/srv/slam-research/grf/map-denoise/runs/multiscan-pilot-v1/atlas-v13-confirmation-q9ixevii/outputs/dual_g4_s9133033_b4__rimls_2.npz,2312e74624b2f140cad93deddd4dd095f32f7be19398cf04b3e6f9ce4be1b7b3,,,,,4,True,True,0.39717894448347885,0.5067497039393223,1.0099873022010686,0.9440104166666666,0.9986979166666666,0.421027441264731,1.0,0.5294367805263992,0.39717894448347885,0.5052252777637839,,self-report; not geometry-derived layer count or success,0.5293605104726835,0.008986352222037133,0.20060337426779862,0.40535365893572434,3.9195409542576174,0.0804590457423826,0.9798852385644043,3.755403227636696,0.24459677236330402,"GT source-group affine fits evaluated at x=y=0; may extrapolate, not physical layer count"
dual_g8_s9133033_b0,synthetic,global_hard,/srv/slam-research/grf/map-denoise/runs/multiscan-pilot-v1/atlas-v13-confirmation-q9ixevii/outputs/dual_g8_s9133033_b0__global_hard.npz,1f95704d0b7e340674a32e5d589f55e33463837352cfb0b32dbcee8dce583829,0.03856167900005403,0.00014432199998282158,0.0,0,8,True,True,0.11039683784298887,0.14668120709396837,0.22796271363718446,0.9973958333333334,1.0,0.1107073219346843,1.0,0.1467901207624207,0.11039683784298891,0.12612741363100965,,self-report; not geometry-derived layer count or success,0.14676005644711831,0.0029707549688116784,0.3223806258330725,0.42735793629884883,8.155455214638405,0.15545521463840473,1.0194319018298006,7.77054141737437,0.22945858262562968,"GT source-group affine fits evaluated at x=y=0; may extrapolate, not physical layer count"
dual_g8_s9133033_b0,synthetic,atlas_hard_96,/srv/slam-research/grf/map-denoise/runs/multiscan-pilot-v1/atlas-v13-confirmation-q9ixevii/outputs/dual_g8_s9133033_b0__atlas_hard_96.npz,57825f4cb6403f5cc0d5ac0799ecd15f135614e40e657ffb1215ad3da4d0adb5,0.03856167900005403,0.0019826139999850056,0.0,12,8,True,True,0.18651244877846873,0.23797130949496492,0.44609550123059,0.9973958333333334,1.0,0.18708962136385784,1.0,0.2388373533400509,0.18651244877846876,0.21734442993792202,,self-report; not geometry-derived layer count or success,0.23864933917116882,0.009474928160401538,0.32075622078847527,0.41725872270671954,8.200385477309595,0.20038547730959522,1.0250481846636994,7.8201023006020725,0.17989769939792755,"GT source-group affine fits evaluated at x=y=0; may extrapolate, not physical layer count"
dual_g8_s9133033_b0,synthetic,atlas_hard_256,/srv/slam-research/grf/map-denoise/runs/multiscan-pilot-v1/atlas-v13-confirmation-q9ixevii/outputs/dual_g8_s9133033_b0__atlas_hard_256.npz,1a84241fa5c8ac22325cb985e67c77513c65fe3ccf1f443f60e9f598365a1dd1,0.03856167900005403,0.0012859509999998409,0.0,2,8,True,True,0.12494069782731605,0.1604223887988859,0.2628597723816727,0.9973958333333334,1.0,0.12541298332610518,1.0,0.16063302982967795,0.1249406978273161,0.15091683999846564,,self-report; not geometry-derived layer count or success,0.16053284030661824,0.005672517549733177,0.27313911917098205,0.3377137243528264,8.112409819158211,0.11240981915821102,1.0140512273947764,7.792960769111155,0.2070392308888449,"GT source-group affine fits evaluated at x=y=0; may extrapolate, not physical layer count"
dual_g8_s9133033_b0,synthetic,atlas_tied_96,/srv/slam-research/grf/map-denoise/runs/multiscan-pilot-v1/atlas-v13-confirmation-q9ixevii/outputs/dual_g8_s9133033_b0__atlas_tied_96.npz,fe3343af2cad71a5f49707c4961829089a4cad78b46833aedef7e64235d37a8d,0.03856167900005403,0.00167579999992995,0.0,12,8,True,True,0.13103645987450951,0.18115379956498387,0.3673747297297222,0.9973958333333334,1.0,0.13133110939855278,1.0,0.18124082943438546,0.13103645987450954,0.15026239640660544,,self-report; not geometry-derived layer count or success,0.17875646087576813,0.02990595173596698,0.32685184110914994,0.577008429085381,8.200830245782587,0.200830245782587,1.0251037807228234,7.741765633732738,0.2582343662672617,"GT source-group affine fits evaluated at x=y=0; may extrapolate, not physical layer count"
dual_g8_s9133033_b0,synthetic,atlas_tied_256,/srv/slam-research/grf/map-denoise/runs/multiscan-pilot-v1/atlas-v13-confirmation-q9ixevii/outputs/dual_g8_s9133033_b0__atlas_tied_256.npz,5d8c70d19b1ea12c28adc3a73043790d1f281ee6be6086baf772d01d448fe3ac,0.03856167900005403,0.0011161269999320211,0.0,2,8,True,True,0.12464010872375843,0.1616460387268721,0.26223759777966743,0.9973958333333334,1.0,0.12492076254730315,1.0,0.1617448140642364,0.12464010872375848,0.12571381496497647,,self-report; not geometry-derived layer count or success,0.16133132219264879,0.011558086184406872,0.3223303550496975,0.4083356266503858,8.209748993684522,0.2097489936845225,1.0262186242105653,7.8323776677537245,0.16762233224627554,"GT source-group affine fits evaluated at x=y=0; may extrapolate, not physical layer count"
dual_g8_s9133033_b0,synthetic,atlas_relax_96,/srv/slam-research/grf/map-denoise/runs/multiscan-pilot-v1/atlas-v13-confirmation-q9ixevii/outputs/dual_g8_s9133033_b0__atlas_relax_96.npz,6d065d1a171a91528d707ced1db1c7c22c98ba70f6b5cb9ce514427f1fb99f2a,0.03856167900005403,0.014988695999932133,0.0,12,8,True,True,0.18651169852923846,0.2379741968426786,0.4460955061872719,0.9973958333333334,1.0,0.1870892992401265,1.0,0.23884023012380362,0.18651169852923852,0.21735301274774924,,self-report; not geometry-derived layer count or success,0.23865303608948935,0.009454305413956691,0.3208212953945423,0.41750908990277724,8.200364295460163,0.20036429546016343,1.0250455369325204,7.8199109644367315,0.1800890355632685,"GT source-group affine fits evaluated at x=y=0; may extrapolate, not physical layer count"
dual_g8_s9133033_b0,synthetic,atlas_relax_256,/srv/slam-research/grf/map-denoise/runs/multiscan-pilot-v1/atlas-v13-confirmation-q9ixevii/outputs/dual_g8_s9133033_b0__atlas_relax_256.npz,7321e713c4e35b77a8dcab03917e8dc756b1acda20ff7fea1df7234c7812d711,0.03856167900005403,0.008766967000042314,0.0,2,8,True,True,0.12495487767904685,0.16045420972310476,0.26326033915905556,0.9973958333333334,1.0,0.12542754609883378,1.0,0.16066505914083115,0.1249548776790469,0.15095865134460795,,self-report; not geometry-derived layer count or success,0.16056341845090655,0.005714007707892839,0.27327636328177624,0.33821758767672744,8.112354437757704,0.1123544377577037,1.014044304719713,7.792552864726147,0.20744713527385272,"GT source-group affine fits evaluated at x=y=0; may extrapolate, not physical layer count"
dual_g8_s9133033_b0,synthetic,bias_only,/srv/slam-research/grf/map-denoise/runs/multiscan-pilot-v1/atlas-v13-confirmation-q9ixevii/outputs/dual_g8_s9133033_b0__bias_only.npz,8c0e046094b1e8068ccb3385cbd1b36d7e4c53bf37c0a67053480e553e7f4202,,,,,8,True,True,0.7705259514398811,0.9728380504904097,1.920114198053346,0.73046875,0.9856770833333334,0.706488211117839,1.0,0.9728381760013742,0.7705259514398811,0.9700555919723117,,self-report; not geometry-derived layer count or success,0.9728373798823693,0.0012445839815920596,0.32217643216137964,0.42487122232604646,8.152738643205424,0.1527386432054243,1.019092330400678,7.768745587771395,0.23125441222860488,"GT source-group affine fits evaluated at x=y=0; may extrapolate, not physical layer count"
dual_g8_s9133033_b0,synthetic,old_original,/srv/slam-research/grf/map-denoise/runs/multiscan-pilot-v1/atlas-v13-confirmation-q9ixevii/outputs/dual_g8_s9133033_b0__old_original.npz,8a14a50dd26e0048791a4898e7bb8ad75fb4edd7c6e42afbc430ff2bc238f95a,,,0.0,,8,True,True,0.23528893760233352,0.4360539269497478,0.7888148570240859,0.9596354166666666,0.9934895833333334,0.2306694047763392,1.0,0.43606493483304615,0.23528893760233352,0.4328650758688391,,self-report; not geometry-derived layer count or success,0.4359553396004521,0.009775953396129437,0.477635849939277,0.7233519111523276,8.107462593216727,0.10746259321672724,1.013432824152091,7.492086452778147,0.507913547221853,"GT source-group affine fits evaluated at x=y=0; may extrapolate, not physical layer count"
dual_g8_s9133033_b0,synthetic,whole_spatial,/srv/slam-research/grf/map-denoise/runs/multiscan-pilot-v1/atlas-v13-confirmation-q9ixevii/outputs/dual_g8_s9133033_b0__whole_spatial.npz,786c85c19cc7618528bd3a76a0c7b79ded0721ca57355e616524b5419aa5a71e,,,,,8,True,True,0.10933142181396498,0.14455469783423197,0.22038119310172177,0.9973958333333334,1.0,0.10944953513648292,1.0,0.14458684927089946,0.109331421813965,0.123646330619866,,self-report; not geometry-derived layer count or success,0.14455624786621207,0.0029745898756090004,0.29461638270022616,0.29704272298345524,8.15546036128058,0.15546036128058027,1.0194325451600725,7.845404471553863,0.1545955284461371,"GT source-group affine fits evaluated at x=y=0; may extrapolate, not physical layer count"
dual_g8_s9133033_b0,synthetic,local_spatial_96,/srv/slam-research/grf/map-denoise/runs/multiscan-pilot-v1/atlas-v13-confirmation-q9ixevii/outputs/dual_g8_s9133033_b0__local_spatial_96.npz,83b514365d703be0ddb4f102c19a43d4a50c6b298a706f3cc62834602dce8b78,,,,,8,True,True,0.27456209078481514,0.42594507830227385,0.8142322173082939,0.9661458333333334,0.9934895833333334,0.2900800761455599,1.0,0.43796265087071445,0.27456209078481525,0.4245142878974082,,self-report; not geometry-derived layer count or success,0.4377250551798412,0.014424272096304076,0.6352673405651782,1.0876572183909776,8.066100049397303,0.06610004939730274,1.0082625061746628,7.181724316017035,0.8182756839829652,"GT source-group affine fits evaluated at x=y=0; may extrapolate, not physical layer count"
dual_g8_s9133033_b0,synthetic,apss_2,/srv/slam-research/grf/map-denoise/runs/multiscan-pilot-v1/atlas-v13-confirmation-q9ixevii/outputs/dual_g8_s9133033_b0__apss_2.npz,9c4761a70adfc1aacccb4a05c8c2ba3237100f7699e61b97d209da5fe08945b9,,,,,8,True,True,0.4099097919098947,0.5127242092659758,1.0055972309033134,0.94140625,1.0,0.42414326684851006,1.0,0.5250006379992566,0.4099097919098948,0.5065028876188029,,self-report; not geometry-derived layer count or success,0.5249876882671878,0.0036874201687119267,0.34396194763299975,0.4898008986559759,8.165354156038747,0.16535415603874704,1.0206692695048434,7.733784719454563,0.2662152805454374,"GT source-group affine fits evaluated at x=y=0; may extrapolate, not physical layer count"
dual_g8_s9133033_b0,synthetic,rimls_2,/srv/slam-research/grf/map-denoise/runs/multiscan-pilot-v1/atlas-v13-confirmation-q9ixevii/outputs/dual_g8_s9133033_b0__rimls_2.npz,ad935b7f04c788baf93769d21ea6d3e474f4300e674a8f1344fe8ccb404dbda4,,,,,8,True,True,0.41745609523956456,0.5212206255118562,1.0121351400552707,0.9322916666666666,1.0,0.4411836472844251,1.0,0.5399722269771386,0.41745609523956473,0.5116897000164053,,self-report; not geometry-derived layer count or success,0.5399658327250823,0.0026278120478920902,0.2661549872813218,0.37249530905880174,8.206142231292333,0.20614223129233267,1.0257677789115416,7.875906313846316,0.12409368615368432,"GT source-group affine fits evaluated at x=y=0; may extrapolate, not physical layer count"
dual_g8_s9133033_b4,synthetic,global_hard,/srv/slam-research/grf/map-denoise/runs/multiscan-pilot-v1/atlas-v13-confirmation-q9ixevii/outputs/dual_g8_s9133033_b4__global_hard.npz,f8663d73373b6de610d4aa1f58645800fb444478ced8a5438e6bddd47850c0d3,0.03839264499993078,0.00015496200001052785,0.0,0,8,True,True,0.12007955129034768,0.25821130627798305,0.23012606022330537,0.99609375,0.9973958333333334,0.1185822602147563,1.0,0.28072912993533855,0.1215724022453147,0.2729833388076512,,self-report; not geometry-derived layer count or success,0.28045292185413906,0.012450020792286881,0.34724695586118126,0.43139822288746466,8.130429100904593,0.1304291009045926,1.016303637613074,7.726408136034881,0.2735918639651187,"GT source-group affine fits evaluated at x=y=0; may extrapolate, not physical layer count"
dual_g8_s9133033_b4,synthetic,atlas_hard_96,/srv/slam-research/grf/map-denoise/runs/multiscan-pilot-v1/atlas-v13-confirmation-q9ixevii/outputs/dual_g8_s9133033_b4__atlas_hard_96.npz,9d6cb65f5a54fb97b6d49b9d681c650c4763f91ba7f7dc0db833a0e5bbcfbddf,0.03839264499993078,0.001940528999966773,0.0,12,8,True,True,0.1962700728587453,0.31872614874685895,0.44202113106524704,0.99609375,0.9973958333333334,0.19460804939015777,1.0,0.33780227799623747,0.19776292381371227,0.325222800086465,,self-report; not geometry-derived layer count or success,0.336908775127603,0.024553131398368466,0.346694731760898,0.4244999460026748,8.175762894874794,0.17576289487479357,1.0219703618593492,7.775060917801895,0.2249390821981052,"GT source-group affine fits evaluated at x=y=0; may extrapolate, not physical layer count"
dual_g8_s9133033_b4,synthetic,atlas_hard_256,/srv/slam-research/grf/map-denoise/runs/multiscan-pilot-v1/atlas-v13-confirmation-q9ixevii/outputs/dual_g8_s9133033_b4__atlas_hard_256.npz,263465be2c209e4cdd9b7086935eb12bcbf40bde70468e4935c85d6461399e4b,0.03839264499993078,0.0012379730000020572,0.0,2,8,True,True,0.13398070476718926,0.2659314162904072,0.2644166092693164,0.99609375,0.9973958333333334,0.1325466913189446,1.0,0.28791092581731814,0.13547355572215627,0.2841712570612345,,self-report; not geometry-derived layer count or success,0.2877606740320098,0.00930030567393756,0.30024003697714136,0.34492458062464154,8.08869734480085,0.08869734480085079,1.0110871681001063,7.748439237350097,0.2515607626499028,"GT source-group affine fits evaluated at x=y=0; may extrapolate, not physical layer count"
dual_g8_s9133033_b4,synthetic,atlas_tied_96,/srv/slam-research/grf/map-denoise/runs/multiscan-pilot-v1/atlas-v13-confirmation-q9ixevii/outputs/dual_g8_s9133033_b4__atlas_tied_96.npz,4e7ed63c0bd1fefd21935d3cedcb2c8904a8fdb512dbeae1fd88de948a32c8c8,0.03839264499993078,0.0016893299999765077,0.0,12,8,True,True,0.14033605718798228,0.279352009054906,0.36936804943112594,0.99609375,0.9973958333333334,0.13887617140238542,1.0,0.30028817752527004,0.14182890814294927,0.28417593339124986,,self-report; not geometry-derived layer count or success,0.2968501852713483,0.045309569252137714,0.3516584490295345,0.5813164721199479,8.175945118891056,0.17594511889105569,1.021993139861382,7.697335205316023,0.30266479468397733,"GT source-group affine fits evaluated at x=y=0; may extrapolate, not physical layer count"
dual_g8_s9133033_b4,synthetic,atlas_tied_256,/srv/slam-research/grf/map-denoise/runs/multiscan-pilot-v1/atlas-v13-confirmation-q9ixevii/outputs/dual_g8_s9133033_b4__atlas_tied_256.npz,a1fa2f9d93e83d17a161928abaa607796dc92f67936041fb43d3b0966c41935e,0.03839264499993078,0.0011315320000448992,0.0,2,8,True,True,0.13414765081208077,0.2669517412588476,0.26505173332174586,0.99609375,0.9973958333333334,0.13249621320785426,1.0,0.28878886243114177,0.13564050176704776,0.27303685139389744,,self-report; not geometry-derived layer count or success,0.28750291915448584,0.027222757794207807,0.34556306861920083,0.4137106965829497,8.184850842889093,0.1848508428890927,1.0231063553611366,7.7874950429291925,0.21250495707080752,"GT source-group affine fits evaluated at x=y=0; may extrapolate, not physical layer count"
dual_g8_s9133033_b4,synthetic,atlas_relax_96,/srv/slam-research/grf/map-denoise/runs/multiscan-pilot-v1/atlas-v13-confirmation-q9ixevii/outputs/dual_g8_s9133033_b4__atlas_relax_96.npz,cb1f50e1748486688dc43d8f1a45d8152026cb70aba120126387357d5b83e21e,0.03839264499993078,0.014721045999976923,0.0,12,8,True,True,0.1962672853744926,0.3187279083986011,0.4420211310065347,0.99609375,0.9973958333333334,0.1946066123915363,1.0,0.3378039184451182,0.19776013632945957,0.32522826459873405,,self-report; not geometry-derived layer count or success,0.336911739500575,0.024535017904471504,0.34675432960641744,0.4247213056158167,8.17574393783338,0.1757439378333796,1.0219679922291725,7.7748909418000425,0.22510905819995752,"GT source-group affine fits evaluated at x=y=0; may extrapolate, not physical layer count"
dual_g8_s9133033_b4,synthetic,atlas_relax_256,/srv/slam-research/grf/map-denoise/runs/multiscan-pilot-v1/atlas-v13-confirmation-q9ixevii/outputs/dual_g8_s9133033_b4__atlas_relax_256.npz,bbdda6ae8a4735baf9541fc4a0957b4321b03a4c255d05575fa823060ea25542,0.03839264499993078,0.008507513999916227,0.0,2,8,True,True,0.13399448601690833,0.2659491925478708,0.2644429883880908,0.99609375,0.9973958333333334,0.13256095371992516,1.0,0.2879274927845042,0.13548733697187534,0.2841929501054929,,self-report; not geometry-derived layer count or success,0.2877785134670549,0.009261116987858115,0.3003744986882924,0.3454044593842778,8.088645077174624,0.08864507717462367,1.011080634646828,7.748049000079459,0.25195099992054093,"GT source-group affine fits evaluated at x=y=0; may extrapolate, not physical layer count"
dual_g8_s9133033_b4,synthetic,bias_only,/srv/slam-research/grf/map-denoise/runs/multiscan-pilot-v1/atlas-v13-confirmation-q9ixevii/outputs/dual_g8_s9133033_b4__bias_only.npz,c80cfe47ba9e4a790c494a3b7be8d968dec03395eb90ed94810dfa9bd87cc811,,,,,8,True,True,0.7821409118653534,0.9964071588002134,1.941180834916694,0.7252604166666666,0.9830729166666666,0.7178166895642376,1.0,1.00246296947196,0.7836337628203204,1.0003263266091436,,self-report; not geometry-derived layer count or success,1.0023893516244826,0.01214878234183002,0.3440734867356611,0.42889172146658233,8.13090317731186,0.1309031773118594,1.0163628971639824,7.730196023023554,0.269803976976446,"GT source-group affine fits evaluated at x=y=0; may extrapolate, not physical layer count"
dual_g8_s9133033_b4,synthetic,old_original,/srv/slam-research/grf/map-denoise/runs/multiscan-pilot-v1/atlas-v13-confirmation-q9ixevii/outputs/dual_g8_s9133033_b4__old_original.npz,5e0b5f67cc16dd003a05c60ae72e93d71dd0a652d34d147d8dbf5df1387fc1a8,,,0.0,,8,True,True,0.2448161298331717,0.48293339366154237,0.8497745946695681,0.9596354166666666,0.9908854166666666,0.23847938093659402,1.0,0.4953150280861291,0.2463089807881387,0.49352742267621236,,self-report; not geometry-derived layer count or success,0.4952960316021585,0.004337986527922054,0.5061086945844137,0.7372301763098695,8.082567567835556,0.08256756783555552,1.0103209459794444,7.442180316709725,0.5578196832902753,"GT source-group affine fits evaluated at x=y=0; may extrapolate, not physical layer count"
dual_g8_s9133033_b4,synthetic,whole_spatial,/srv/slam-research/grf/map-denoise/runs/multiscan-pilot-v1/atlas-v13-confirmation-q9ixevii/outputs/dual_g8_s9133033_b4__whole_spatial.npz,fa8b74f3420727522ccee9b4e059b0448c9488f33bbbf6e7cb10bbaa9d8039c6,,,,,8,True,True,0.11891965735540404,0.2568871467115989,0.2200534208382941,0.99609375,0.9973958333333334,0.11725532787611966,1.0,0.27947203323461356,0.12041250831037104,0.2717289320207384,,self-report; not geometry-derived layer count or success,0.279195387694856,0.012431928660026457,0.3165004962598127,0.32932170012649536,8.130456705756899,0.13045670575689883,1.0163070882196124,7.805215144509573,0.19478485549042723,"GT source-group affine fits evaluated at x=y=0; may extrapolate, not physical layer count"
dual_g8_s9133033_b4,synthetic,local_spatial_96,/srv/slam-research/grf/map-denoise/runs/multiscan-pilot-v1/atlas-v13-confirmation-q9ixevii/outputs/dual_g8_s9133033_b4__local_spatial_96.npz,92eb80318ec55582682a6fd70f78d19fedcb09631a69d06b318fe02b3d78fdc1,,,,,8,True,True,0.2882973158338326,0.48583860940506535,0.8445293918356792,0.9635416666666666,0.9908854166666666,0.30027431815640604,1.0,0.5082656622455949,0.2897901667887996,0.4976731748391309,,self-report; not geometry-derived layer count or success,0.5082390240114238,0.005203641981200352,0.6706507893893372,1.0949726728657287,8.034603062772693,0.03460306277269254,1.0043253828465866,7.123500493787322,0.8764995062126779,"GT source-group affine fits evaluated at x=y=0; may extrapolate, not physical layer count"
dual_g8_s9133033_b4,synthetic,apss_2,/srv/slam-research/grf/map-denoise/runs/multiscan-pilot-v1/atlas-v13-confirmation-q9ixevii/outputs/dual_g8_s9133033_b4__apss_2.npz,7ddbdbaa0a5f0cd7e3e89839f7da94dfb3f8b2bfe8ac8eea8ea83763b24288ac,,,,,8,True,True,0.4190798627027377,0.5537736884558055,1.023263674728838,0.9388020833333334,0.9973958333333334,0.43090413482416196,1.0,0.5758246790055943,0.4205727136577048,0.5600526548207224,,self-report; not geometry-derived layer count or success,0.5755459271596972,0.017914984838961465,0.3683298435880151,0.4926557508952013,8.141438599587202,0.14143859958720206,1.0176798249484003,7.692022760451421,0.30797723954857936,"GT source-group affine fits evaluated at x=y=0; may extrapolate, not physical layer count"
dual_g8_s9133033_b4,synthetic,rimls_2,/srv/slam-research/grf/map-denoise/runs/multiscan-pilot-v1/atlas-v13-confirmation-q9ixevii/outputs/dual_g8_s9133033_b4__rimls_2.npz,2d4ae5f3bada76d84684c89fd61ad91e89420345e480e542030b346e68069001,,,,,8,True,True,0.42652967185852475,0.561505043405031,1.0338170769577875,0.9361979166666666,0.9973958333333334,0.4477380457866352,1.0,0.5893351811144677,0.4280225228134917,0.5650530180426058,,self-report; not geometry-derived layer count or success,0.5891236212051837,0.015789700355409813,0.2906900219074438,0.3757010598850939,8.182362521480302,0.18236252148030196,1.0227953151850377,7.83441262525128,0.16558737474872043,"GT source-group affine fits evaluated at x=y=0; may extrapolate, not physical layer count"
