case,base_case,source,method,stage,sampling,family,gap_mm,bias_rms_mm,seed,n_points,n_frames,sigma_mm,ok,method_seconds,identifiable,geometry_scored,surface_accuracy_mean_mm,surface_accuracy_rms_mm,surface_accuracy_p95_mm,reference_sample_coverage_1mm,reference_sample_coverage_2mm,reference_sample_distance_mean_mm,output_point_count_ratio,matched_point_rms_mm,matched_normal_mae_mm,within_source_layer_rms_mm,reported_model_k,model_k_note,global_translation_only_aligned_rms_mm,output_edit_from_reference_centroid_mm,source_surface_tilt_mean_deg,source_surface_tilt_max_deg,input_edit_rms_mm,input_edit_p95_mm,moved_fraction,output,output_sha256,source_group_gap_mm,source_group_gap_error_mm,source_group_gap_retention,fitted_gap_at_same_xy_mm,fitted_gap_at_same_xy_error_mm,fitted_gap_note
ghost_s912601_b0,ghost_s912601_b0,/srv/slam-research/grf/map-denoise/runs/multiscan-pilot-v1/exploration-v5-confirmation-p0oymcit/synthetics/ghost_s912601_b0.json,identity,confirmation,full,ghost_monolayer,0.0,0.0,912601,768,8,1.0,True,7.437993190251291e-06,True,True,0.7771792721104509,0.9804993800989729,1.9778672038108973,0.70703125,0.9869791666666666,0.7254258278187079,1.0,0.9804993800989729,0.7771792721104509,0.9803830753599089,,self-report; not geometry-derived layer count or success,0.9803830753599089,0.015101652966387264,0.04647021291686775,0.04647021291686775,0.0,0.0,0.0,/srv/slam-research/grf/map-denoise/runs/multiscan-pilot-v1/exploration-v5-confirmation-p0oymcit/outputs/ghost_s912601_b0__identity.npz,90c8b1e4f48ce4b4e8989f748acd136c518853cd1900783cadb94054079d8a36,,,,,,
ghost_s912601_b0,ghost_s912601_b0,/srv/slam-research/grf/map-denoise/runs/multiscan-pilot-v1/exploration-v5-confirmation-p0oymcit/synthetics/ghost_s912601_b0.json,fast,confirmation,full,ghost_monolayer,0.0,0.0,912601,768,8,1.0,True,0.010932046003290452,True,True,0.02396448354253022,0.029175845369248058,0.05743395003512209,1.0,1.0,0.023992548445187372,1.0,0.02918669501819471,0.02396448354253022,0.024963373784268002,1,self-report; not geometry-derived layer count or success,0.02497605340657161,0.015101652966387316,0.04652029964237684,0.04652029964237684,0.9800655272146523,1.944016128896839,1.0,/srv/slam-research/grf/map-denoise/runs/multiscan-pilot-v1/exploration-v5-confirmation-p0oymcit/outputs/ghost_s912601_b0__fast.npz,81a8c080027030537bfc07fe16d5a1404e32334c00a546bac29f29013457c0f2,,,,,,
ghost_s912601_b0,ghost_s912601_b0,/srv/slam-research/grf/map-denoise/runs/multiscan-pilot-v1/exploration-v5-confirmation-p0oymcit/synthetics/ghost_s912601_b0.json,open3d_icp_then_xyz,confirmation,full,ghost_monolayer,0.0,0.0,912601,768,8,1.0,True,0.025483471996267326,True,True,0.06272618499093631,0.37846952726082833,0.05857190462985352,0.3971354166666667,0.74609375,1.4159356746797471,1.0,3.8656541333604353,0.023947661937497634,0.024954266849944087,1,self-report; not geometry-derived layer count or success,3.865624635016222,0.015101652966387305,0.04652029964237678,0.04652029964237678,3.987835014953448,7.775792832753914,1.0,/srv/slam-research/grf/map-denoise/runs/multiscan-pilot-v1/exploration-v5-confirmation-p0oymcit/outputs/ghost_s912601_b0__open3d_icp_then_xyz.npz,b6fc96cf09ff5fa96d7d3ede87f9dfa6f59a460801ff7612a99f3c25a6a1ed18,,,,,,
ghost_s912601_b0,ghost_s912601_b0,/srv/slam-research/grf/map-denoise/runs/multiscan-pilot-v1/exploration-v5-confirmation-p0oymcit/synthetics/ghost_s912601_b0.json,graph_shared,confirmation,full,ghost_monolayer,0.0,0.0,912601,768,8,1.0,True,0.10201290000986774,True,True,0.16173273319035292,0.20966749807181953,0.4326078098873882,1.0,1.0,0.1619082433194596,1.0,0.20970914927309722,0.16173273319035292,0.2091229299368661,,self-report; not geometry-derived layer count or success,0.20916468957864073,0.01510165296638215,0.04520240784569939,0.04520240784569939,0.9575363924449524,1.8713597935902708,1.0,/srv/slam-research/grf/map-denoise/runs/multiscan-pilot-v1/exploration-v5-confirmation-p0oymcit/outputs/ghost_s912601_b0__graph_shared.npz,2b351daf2b17c5122f5b021f5541a1d75e18f87f774e4235001021590a4fc825,,,,,,
ghost_s912601_b0,ghost_s912601_b0,/srv/slam-research/grf/map-denoise/runs/multiscan-pilot-v1/exploration-v5-confirmation-p0oymcit/synthetics/ghost_s912601_b0.json,pool_independent,confirmation,full,ghost_monolayer,0.0,0.0,912601,768,8,1.0,True,0.12382226999034174,True,True,0.16597065431392155,0.2153171844247521,0.44406142253131325,1.0,1.0,0.16613810090887993,1.0,0.215357099080673,0.16597065431392155,0.21478694091188483,,self-report; not geometry-derived layer count or success,0.21482695408659874,0.01510165296638725,0.04558876273668953,0.04558876273668953,0.957553278341218,1.8682411705000344,1.0,/srv/slam-research/grf/map-denoise/runs/multiscan-pilot-v1/exploration-v5-confirmation-p0oymcit/outputs/ghost_s912601_b0__pool_independent.npz,4816a15f00f6183e4648595dc124393740964d1331a455deb4d757755c0449cd,,,,,,
ghost_s912601_b0,ghost_s912601_b0,/srv/slam-research/grf/map-denoise/runs/multiscan-pilot-v1/exploration-v5-confirmation-p0oymcit/synthetics/ghost_s912601_b0.json,pool_compatible,confirmation,full,ghost_monolayer,0.0,0.0,912601,768,8,1.0,True,0.14769427600549534,True,True,0.0237317246924416,0.028893231802226842,0.05676770480288361,1.0,1.0,0.024336726844675433,1.0,0.029203203404893498,0.0237317246924416,0.02463247696964351,,self-report; not geometry-derived layer count or success,0.024995342902036533,0.015101652966387302,0.04560159866020161,0.04560159866020161,0.9800719946172084,1.9446268550404373,1.0,/srv/slam-research/grf/map-denoise/runs/multiscan-pilot-v1/exploration-v5-confirmation-p0oymcit/outputs/ghost_s912601_b0__pool_compatible.npz,b8a7e1ce9a6cd93fa77b3cf8597b2849f96e5bac0df4a19f77c513c9371f445a,,,,,,
ghost_s912601_b0,ghost_s912601_b0,/srv/slam-research/grf/map-denoise/runs/multiscan-pilot-v1/exploration-v5-confirmation-p0oymcit/synthetics/ghost_s912601_b0.json,shared_group_slope,confirmation,full,ghost_monolayer,0.0,0.0,912601,768,8,1.0,True,0.14679018800961785,True,True,0.023731724692441652,0.02889323180222691,0.0567677048028838,1.0,1.0,0.02433672684467549,1.0,0.029203203404893557,0.023731724692441652,0.02463247696964358,,self-report; not geometry-derived layer count or success,0.024995342902036602,0.01510165296638732,0.04560159866020171,0.045601598660201706,0.9800719946172084,1.9446268550404373,1.0,/srv/slam-research/grf/map-denoise/runs/multiscan-pilot-v1/exploration-v5-confirmation-p0oymcit/outputs/ghost_s912601_b0__shared_group_slope.npz,ba103b7b9efa596acf5863db4718531a34d549e8204d879cdf3c24ff1e9968b4,,,,,,
ghost_s912601_b0,ghost_s912601_b0,/srv/slam-research/grf/map-denoise/runs/multiscan-pilot-v1/exploration-v5-confirmation-p0oymcit/synthetics/ghost_s912601_b0.json,node_intercepts,confirmation,full,ghost_monolayer,0.0,0.0,912601,768,8,1.0,True,0.14751656400039792,True,True,0.09380738502881748,0.11023135752966226,0.19013354512534522,1.0,1.0,0.09404170634427338,1.0,0.11031201181559502,0.09380738502881748,0.10919199723658796,,self-report; not geometry-derived layer count or success,0.10927341867300931,0.015101652966387361,0.04559840809195274,0.04559840809195274,0.9740539470179862,1.9369062732756075,1.0,/srv/slam-research/grf/map-denoise/runs/multiscan-pilot-v1/exploration-v5-confirmation-p0oymcit/outputs/ghost_s912601_b0__node_intercepts.npz,33d93aa37062946e4ff8b55be1c71459a408600ed6dccd7a0baf8540967bed52,,,,,,
ghost_s912601_b0,ghost_s912601_b0,/srv/slam-research/grf/map-denoise/runs/multiscan-pilot-v1/exploration-v5-confirmation-p0oymcit/synthetics/ghost_s912601_b0.json,official_gicp,confirmation,full,ghost_monolayer,0.0,0.0,912601,768,8,1.0,True,0.02683591700042598,True,True,2.1454613330538237,4.909908031745055,12.685577389604289,0.078125,0.4401041666666667,2.47019396796493,1.0,22.103067013254627,0.8592346315056405,1.07593179499125,,self-report; not geometry-derived layer count or success,22.103061854243236,0.015101652966387283,0.6251953005663902,0.6251953005663902,22.081926741934463,39.94938790943056,1.0,/srv/slam-research/grf/map-denoise/runs/multiscan-pilot-v1/exploration-v5-confirmation-p0oymcit/outputs/ghost_s912601_b0__official_gicp.npz,c8f74f66b279e1a94da7fef3cced75a3c19416573421db449bfe1ef89ed4feaf,,,,,,
ghost_s912601_b4,ghost_s912601_b4,/srv/slam-research/grf/map-denoise/runs/multiscan-pilot-v1/exploration-v5-confirmation-p0oymcit/synthetics/ghost_s912601_b4.json,identity,confirmation,full,ghost_monolayer,0.0,4.0,912601,768,8,1.0,True,1.4937992091290653e-05,True,True,3.450199266792334,4.158519648037767,7.408006057830386,0.2109375,0.47265625,2.173611877948621,1.0,4.158519648037767,3.450199266792334,4.158492227141206,,self-report; not geometry-derived layer count or success,4.158492227141206,0.015101652966387,0.5815648393745567,0.5815648393745567,0.0,0.0,0.0,/srv/slam-research/grf/map-denoise/runs/multiscan-pilot-v1/exploration-v5-confirmation-p0oymcit/outputs/ghost_s912601_b4__identity.npz,013aa1b9f17cec7dd49b5775738943106d17f4cbd9b1b8c663846d9e68357c3f,,,,,,
ghost_s912601_b4,ghost_s912601_b4,/srv/slam-research/grf/map-denoise/runs/multiscan-pilot-v1/exploration-v5-confirmation-p0oymcit/synthetics/ghost_s912601_b4.json,fast,confirmation,full,ghost_monolayer,0.0,4.0,912601,768,8,1.0,True,0.010251667001284659,True,True,0.23949471926184954,0.27647201461722043,0.44999959911668036,1.0,1.0,0.24606074097942998,1.0,0.2798235720642362,0.23949471926184954,0.2760592598414104,1,self-report; not geometry-derived layer count or success,0.2794157682745761,0.015101652966387448,0.5962196201149321,0.5962196201149321,4.149543751410018,7.396501032338883,1.0,/srv/slam-research/grf/map-denoise/runs/multiscan-pilot-v1/exploration-v5-confirmation-p0oymcit/outputs/ghost_s912601_b4__fast.npz,abb0aacc8e803c0de05f81b12f36b8b06eb1516da4d8b0cc9a72cc7a0d57014c,,,,,,
ghost_s912601_b4,ghost_s912601_b4,/srv/slam-research/grf/map-denoise/runs/multiscan-pilot-v1/exploration-v5-confirmation-p0oymcit/synthetics/ghost_s912601_b4.json,open3d_icp_then_xyz,confirmation,full,ghost_monolayer,0.0,4.0,912601,768,8,1.0,True,0.026208110008155927,True,True,0.2766044734591981,0.46836232522830085,0.4622220504038632,0.3658854166666667,0.7434895833333334,1.4744125504519634,1.0,3.8790168702327694,0.23995193202768306,0.27689797297140095,1,self-report; not geometry-derived layer count or success,3.878987473507502,0.01510165296638727,0.5962196201149321,0.5962196201149321,5.665672638916164,10.000996098273207,1.0,/srv/slam-research/grf/map-denoise/runs/multiscan-pilot-v1/exploration-v5-confirmation-p0oymcit/outputs/ghost_s912601_b4__open3d_icp_then_xyz.npz,fb5d585be6f63cc34fc66bc950bcb34bad6f19f3c7344485830260647be4fab6,,,,,,
ghost_s912601_b4,ghost_s912601_b4,/srv/slam-research/grf/map-denoise/runs/multiscan-pilot-v1/exploration-v5-confirmation-p0oymcit/synthetics/ghost_s912601_b4.json,graph_shared,confirmation,full,ghost_monolayer,0.0,4.0,912601,768,8,1.0,True,0.13291663498966955,True,True,0.16169312014010828,0.2096356973742665,0.433095366421304,1.0,1.0,0.1639808513104051,1.0,0.21041901255477805,0.16169312014010828,0.20909104641585688,,self-report; not geometry-derived layer count or success,0.20987639439015243,0.015101652966381827,0.04520680169494579,0.04520680169494579,4.155857066151826,7.322857931938091,1.0,/srv/slam-research/grf/map-denoise/runs/multiscan-pilot-v1/exploration-v5-confirmation-p0oymcit/outputs/ghost_s912601_b4__graph_shared.npz,b003bcffe2afaa2c735a7cc144ebeced314ce54ff2ba64d8c3105eb4096ec036,,,,,,
ghost_s912601_b4,ghost_s912601_b4,/srv/slam-research/grf/map-denoise/runs/multiscan-pilot-v1/exploration-v5-confirmation-p0oymcit/synthetics/ghost_s912601_b4.json,pool_independent,confirmation,full,ghost_monolayer,0.0,4.0,912601,768,8,1.0,True,0.15272079900023527,True,True,0.16592759668544993,0.21528006796973986,0.4445650285090722,1.0,1.0,0.1681486882982783,1.0,0.2160308314205752,0.16592759668544993,0.214749732811798,,self-report; not geometry-derived layer count or success,0.2155023438432812,0.01510165296638686,0.04559210994762928,0.04559210994762928,4.1559380014065,7.322462986237134,1.0,/srv/slam-research/grf/map-denoise/runs/multiscan-pilot-v1/exploration-v5-confirmation-p0oymcit/outputs/ghost_s912601_b4__pool_independent.npz,9a88cb1faf3ec6780a13273a2ff363763a54fa8f65fec1b8e64f4db67725a5e4,,,,,,
ghost_s912601_b4,ghost_s912601_b4,/srv/slam-research/grf/map-denoise/runs/multiscan-pilot-v1/exploration-v5-confirmation-p0oymcit/synthetics/ghost_s912601_b4.json,pool_compatible,confirmation,full,ghost_monolayer,0.0,4.0,912601,768,8,1.0,True,0.17995574200176634,True,True,0.023732514600594695,0.02889428421820607,0.05675499515984475,1.0,1.0,0.030278567204578628,1.0,0.03404315011360997,0.023732514600594695,0.02463371141678181,,self-report; not geometry-derived layer count or success,0.030510262983799347,0.015101652966387038,0.045604941643856596,0.045604941643856596,4.157503182159994,7.392275744975403,1.0,/srv/slam-research/grf/map-denoise/runs/multiscan-pilot-v1/exploration-v5-confirmation-p0oymcit/outputs/ghost_s912601_b4__pool_compatible.npz,772b094e83d0bee2abef2714eb76eec4669e8e151a9cc692e985c67236d406e4,,,,,,
ghost_s912601_b4,ghost_s912601_b4,/srv/slam-research/grf/map-denoise/runs/multiscan-pilot-v1/exploration-v5-confirmation-p0oymcit/synthetics/ghost_s912601_b4.json,shared_group_slope,confirmation,full,ghost_monolayer,0.0,4.0,912601,768,8,1.0,True,0.17804530599096324,True,True,0.02373251460059465,0.028894284218206022,0.05675499515984471,1.0,1.0,0.030278567204578593,1.0,0.03404315011360992,0.02373251460059465,0.024633711416781758,,self-report; not geometry-derived layer count or success,0.030510262983799306,0.015101652966387031,0.0456049416438565,0.0456049416438565,4.157503182159994,7.392275744975403,1.0,/srv/slam-research/grf/map-denoise/runs/multiscan-pilot-v1/exploration-v5-confirmation-p0oymcit/outputs/ghost_s912601_b4__shared_group_slope.npz,17823253e729222d0139fcdd13951ca31c57feb8c5403333cbcdbaf669d39c4d,,,,,,
ghost_s912601_b4,ghost_s912601_b4,/srv/slam-research/grf/map-denoise/runs/multiscan-pilot-v1/exploration-v5-confirmation-p0oymcit/synthetics/ghost_s912601_b4.json,node_intercepts,confirmation,full,ghost_monolayer,0.0,4.0,912601,768,8,1.0,True,0.17896436600130983,True,True,0.09380732353728909,0.1102285894545388,0.19018572855148497,1.0,1.0,0.09661872976354839,1.0,0.11168958638546155,0.09380732353728909,0.10918920281245795,,self-report; not geometry-derived layer count or success,0.11066392268774088,0.015101652966387028,0.04560175119133917,0.04560175119133917,4.15856382519065,7.404470034608501,1.0,/srv/slam-research/grf/map-denoise/runs/multiscan-pilot-v1/exploration-v5-confirmation-p0oymcit/outputs/ghost_s912601_b4__node_intercepts.npz,4e2490109ac8b42ea50a883297a71234c4e40459055d097c392586cafafe2608,,,,,,
ghost_s912601_b4,ghost_s912601_b4,/srv/slam-research/grf/map-denoise/runs/multiscan-pilot-v1/exploration-v5-confirmation-p0oymcit/synthetics/ghost_s912601_b4.json,official_gicp,confirmation,full,ghost_monolayer,0.0,4.0,912601,768,8,1.0,True,0.02675483100756537,True,True,1.8504040362456962,4.018099771793595,10.191657644761557,0.07942708333333333,0.4153645833333333,2.4732327158855387,1.0,20.198956207664683,0.8224540112818826,1.0238020243054902,,self-report; not geometry-derived layer count or success,20.1989505623246,0.015101652966387056,0.4867888279552444,0.4867888279552445,20.56956934083867,34.326251366368716,1.0,/srv/slam-research/grf/map-denoise/runs/multiscan-pilot-v1/exploration-v5-confirmation-p0oymcit/outputs/ghost_s912601_b4__official_gicp.npz,0f532fe32988a073751f6fdedf2277cc937f06e0464e823456798430e460912a,,,,,,
dual_g2_s912601_b0,dual_g2_s912601_b0,/srv/slam-research/grf/map-denoise/runs/multiscan-pilot-v1/exploration-v5-confirmation-p0oymcit/synthetics/dual_g2_s912601_b0.json,identity,confirmation,full,true_bilayer,2.0,0.0,912601,768,8,1.0,True,1.4688004739582539e-05,True,True,0.7231453836380197,0.913016412088047,1.8552874258546916,0.7161458333333334,0.9791666666666666,0.7209437342913417,1.0,0.9804993800989729,0.7771792721104509,0.979587582804117,,self-report; not geometry-derived layer count or success,0.9803830753599089,0.015101652966387305,0.12903310207285426,0.17092062163162383,0.0,0.0,0.0,/srv/slam-research/grf/map-denoise/runs/multiscan-pilot-v1/exploration-v5-confirmation-p0oymcit/outputs/dual_g2_s912601_b0__identity.npz,b29a5f0483a14af7ac240afd29a707fa1e0f4a442dc600253d18ac19f8fc8809,1.9183811298939026,0.08161887010609736,0.9591905649469513,1.9833624167346953,0.016637583265304734,"GT source-group affine fits evaluated at x=y=0; may extrapolate, not physical layer count"
dual_g2_s912601_b0,dual_g2_s912601_b0,/srv/slam-research/grf/map-denoise/runs/multiscan-pilot-v1/exploration-v5-confirmation-p0oymcit/synthetics/dual_g2_s912601_b0.json,fast,confirmation,full,true_bilayer,2.0,0.0,912601,768,8,1.0,True,0.00922137699672021,True,True,0.42750661447953925,0.5127602467536664,0.9279308322687305,0.9778645833333334,1.0,0.4312630570508738,1.0,0.5175896490310787,0.42967596491929516,0.4204446699051734,1,self-report; not geometry-derived layer count or success,0.5173692925385097,0.015101652966387326,1.320636708814354,1.3206367088143551,1.0953188686074535,2.1582978232619117,1.0,/srv/slam-research/grf/map-denoise/runs/multiscan-pilot-v1/exploration-v5-confirmation-p0oymcit/outputs/dual_g2_s912601_b0__fast.npz,e8886543aa8cca8d521c15ffe2aa9945603f42df91f6cb051035bd3b8298d7e9,1.3789945997714248,0.6210054002285752,0.6894972998857124,-8.881784197001252e-16,2.000000000000001,"GT source-group affine fits evaluated at x=y=0; may extrapolate, not physical layer count"
dual_g2_s912601_b0,dual_g2_s912601_b0,/srv/slam-research/grf/map-denoise/runs/multiscan-pilot-v1/exploration-v5-confirmation-p0oymcit/synthetics/dual_g2_s912601_b0.json,open3d_icp_then_xyz,confirmation,full,true_bilayer,2.0,0.0,912601,768,8,1.0,True,0.02642406799714081,True,True,0.40250264969444965,0.519792005582457,0.8851549730347674,0.296875,0.7864583333333334,1.458846102366266,1.0,2.763529830296833,0.39048319877216725,0.38789351414782886,2,self-report; not geometry-derived layer count or success,2.763485452270528,0.015661354654071504,1.0813617291362614,1.0958329052765254,2.8736995481519223,4.568899600590434,1.0,/srv/slam-research/grf/map-denoise/runs/multiscan-pilot-v1/exploration-v5-confirmation-p0oymcit/outputs/dual_g2_s912601_b0__open3d_icp_then_xyz.npz,41e785607edbb6880631e6d5595690c66ef543503fb6c0d527c0ff053a13e547,1.4494427583119198,0.5505572416880802,0.7247213791559599,0.33956637592502603,1.660433624074974,"GT source-group affine fits evaluated at x=y=0; may extrapolate, not physical layer count"
dual_g2_s912601_b0,dual_g2_s912601_b0,/srv/slam-research/grf/map-denoise/runs/multiscan-pilot-v1/exploration-v5-confirmation-p0oymcit/synthetics/dual_g2_s912601_b0.json,graph_shared,confirmation,full,true_bilayer,2.0,0.0,912601,768,8,1.0,True,0.10059334799007047,True,True,0.2189092810792279,0.33005963424003104,0.7028434822339065,0.9700520833333334,1.0,0.2254549354932638,1.0,0.35042210468040014,0.22498294289676135,0.330633157317833,,self-report; not geometry-derived layer count or success,0.35012701061988843,0.014378034741292506,0.43072412557763745,0.5903148175490459,0.9893335715849079,1.9661051497209083,1.0,/srv/slam-research/grf/map-denoise/runs/multiscan-pilot-v1/exploration-v5-confirmation-p0oymcit/outputs/dual_g2_s912601_b0__graph_shared.npz,860d5d450eefe015f31151db4e7f0733755ce3a4978b260018c6a81cb8934e23,1.7622963497816984,0.23770365021830164,0.8811481748908492,1.2588671242587353,0.7411328757412647,"GT source-group affine fits evaluated at x=y=0; may extrapolate, not physical layer count"
dual_g2_s912601_b0,dual_g2_s912601_b0,/srv/slam-research/grf/map-denoise/runs/multiscan-pilot-v1/exploration-v5-confirmation-p0oymcit/synthetics/dual_g2_s912601_b0.json,pool_independent,confirmation,full,true_bilayer,2.0,0.0,912601,768,8,1.0,True,0.12156329999561422,True,True,0.22273587583640161,0.333509466817248,0.712222140563156,0.9700520833333334,1.0,0.22925415967287532,1.0,0.35359012722092165,0.2287966349532885,0.33436921687488935,,self-report; not geometry-derived layer count or success,0.3532977589136969,0.014376077861046069,0.41948719167717696,0.5609079342721229,0.9893282987782737,1.9637027241018299,1.0,/srv/slam-research/grf/map-denoise/runs/multiscan-pilot-v1/exploration-v5-confirmation-p0oymcit/outputs/dual_g2_s912601_b0__pool_independent.npz,c33b8097d03be2b0b09e8897c8e798b5f21462daa3c48352d7c7d74c3ed4c14c,1.76458720186133,0.23541279813867,0.882293600930665,1.2807303180574547,0.7192696819425453,"GT source-group affine fits evaluated at x=y=0; may extrapolate, not physical layer count"
dual_g2_s912601_b0,dual_g2_s912601_b0,/srv/slam-research/grf/map-denoise/runs/multiscan-pilot-v1/exploration-v5-confirmation-p0oymcit/synthetics/dual_g2_s912601_b0.json,pool_compatible,confirmation,full,true_bilayer,2.0,0.0,912601,768,8,1.0,True,0.14500530301302206,True,True,0.1681148776674786,0.2979061952114997,0.6546305787417438,0.9700520833333334,1.0,0.17989041848011297,1.0,0.3408874170215278,0.17935700162650292,0.3155033511619391,,self-report; not geometry-derived layer count or success,0.34058414447672425,0.014376077861045904,0.5030035547475197,0.6849322426221646,1.0069661946702053,2.0426237591740843,1.0,/srv/slam-research/grf/map-denoise/runs/multiscan-pilot-v1/exploration-v5-confirmation-p0oymcit/outputs/dual_g2_s912601_b0__pool_compatible.npz,c1967d16eaa11e9354d4209039a3df75da48a9e07d3f99ce8eef8e911d3129c2,1.7352278688410183,0.2647721311589817,0.8676139344205092,1.1433821064782497,0.8566178935217503,"GT source-group affine fits evaluated at x=y=0; may extrapolate, not physical layer count"
dual_g2_s912601_b0,dual_g2_s912601_b0,/srv/slam-research/grf/map-denoise/runs/multiscan-pilot-v1/exploration-v5-confirmation-p0oymcit/synthetics/dual_g2_s912601_b0.json,shared_group_slope,confirmation,full,true_bilayer,2.0,0.0,912601,768,8,1.0,True,0.14504899900930468,True,True,0.169888411830083,0.3109148063987638,0.3630757299709786,0.9622395833333334,1.0,0.1825237765204395,1.0,0.3548557277215341,0.18203629762451068,0.32053561344089604,,self-report; not geometry-derived layer count or success,0.35456102967173064,0.0144590364444417,0.7435881921845277,1.3598408510228386,1.0243016944720233,2.072886758387852,1.0,/srv/slam-research/grf/map-denoise/runs/multiscan-pilot-v1/exploration-v5-confirmation-p0oymcit/outputs/dual_g2_s912601_b0__shared_group_slope.npz,433314d5c0f773e97a4b14984ac9c380b1186bd55a9002b2686490fb20a5afaf,1.6870551109535095,0.31294488904649054,0.8435275554767547,0.6601746947815355,1.3398253052184645,"GT source-group affine fits evaluated at x=y=0; may extrapolate, not physical layer count"
dual_g2_s912601_b0,dual_g2_s912601_b0,/srv/slam-research/grf/map-denoise/runs/multiscan-pilot-v1/exploration-v5-confirmation-p0oymcit/synthetics/dual_g2_s912601_b0.json,node_intercepts,confirmation,full,true_bilayer,2.0,0.0,912601,768,8,1.0,True,0.1471032249974087,True,True,0.19484302990506822,0.3134514744263005,0.6546305787417418,0.9700520833333334,1.0,0.20597531918919806,1.0,0.3523542719575527,0.2055512793052253,0.3282710597856095,,self-report; not geometry-derived layer count or success,0.3520608773380964,0.014376077861045698,0.49664457399448,0.6758671400252014,1.0017354639598692,2.020572202642519,1.0,/srv/slam-research/grf/map-denoise/runs/multiscan-pilot-v1/exploration-v5-confirmation-p0oymcit/outputs/dual_g2_s912601_b0__node_intercepts.npz,72309496ed7f2b34607bfb9bf270210ca100c320ddee1f4642d2275d8143766b,1.737413210752447,0.2625867892475531,0.8687066053762235,1.1536650080332131,0.8463349919667869,"GT source-group affine fits evaluated at x=y=0; may extrapolate, not physical layer count"
dual_g2_s912601_b0,dual_g2_s912601_b0,/srv/slam-research/grf/map-denoise/runs/multiscan-pilot-v1/exploration-v5-confirmation-p0oymcit/synthetics/dual_g2_s912601_b0.json,official_gicp,confirmation,full,true_bilayer,2.0,0.0,912601,768,8,1.0,True,0.02655520300322678,True,True,1.2428969169377833,2.552586297043567,3.9467520400822105,0.08072916666666667,0.4361979166666667,2.2769540756617146,1.0,17.15126080355896,0.8466447388130444,1.0564010841444769,,self-report; not geometry-derived layer count or success,17.151254155069115,0.015101652966387222,0.36734820569325755,0.547790707290547,17.125800412807937,35.78156689407184,1.0,/srv/slam-research/grf/map-denoise/runs/multiscan-pilot-v1/exploration-v5-confirmation-p0oymcit/outputs/dual_g2_s912601_b0__official_gicp.npz,aa85d3b6835b332ab07009db67103581aefd470ef30b4f19907178ad8c2991f7,1.7496247413051076,0.2503752586948924,0.8748123706525538,1.365694919984259,0.634305080015741,"GT source-group affine fits evaluated at x=y=0; may extrapolate, not physical layer count"
dual_g2_s912601_b4,dual_g2_s912601_b4,/srv/slam-research/grf/map-denoise/runs/multiscan-pilot-v1/exploration-v5-confirmation-p0oymcit/synthetics/dual_g2_s912601_b4.json,identity,confirmation,full,true_bilayer,2.0,4.0,912601,768,8,1.0,True,1.4374993043020368e-05,True,True,3.2243861692979876,3.97545496620794,7.221242413440948,0.21614583333333334,0.4466145833333333,2.2164507780006955,1.0,4.158519648037767,3.450199266792334,4.15720369091835,,self-report; not geometry-derived layer count or success,4.158492227141206,0.015101652966387,0.2709367710658018,0.2979867234817843,0.0,0.0,0.0,/srv/slam-research/grf/map-denoise/runs/multiscan-pilot-v1/exploration-v5-confirmation-p0oymcit/outputs/dual_g2_s912601_b4__identity.npz,39c9ffebdecac4a26f8e5581bc96e1eddad1836ccff0b5d30f6c37a0aff8f220,1.7860337134781823,0.2139662865218177,0.8930168567390911,1.7945357032111087,0.20546429678889133,"GT source-group affine fits evaluated at x=y=0; may extrapolate, not physical layer count"
dual_g2_s912601_b4,dual_g2_s912601_b4,/srv/slam-research/grf/map-denoise/runs/multiscan-pilot-v1/exploration-v5-confirmation-p0oymcit/synthetics/dual_g2_s912601_b4.json,fast,confirmation,full,true_bilayer,2.0,4.0,912601,768,8,1.0,True,0.0092305300058797,True,True,0.43162759071088547,0.5163289109530446,0.9330355344610712,0.9752604166666666,1.0,0.4519472792199409,1.0,0.5300240326793334,0.43430183643332576,0.41620242459011364,1,self-report; not geometry-derived layer count or success,0.529808847883221,0.015101652966386686,1.3004480523411874,1.3004480523411892,4.175801894300438,7.468403894256737,1.0,/srv/slam-research/grf/map-denoise/runs/multiscan-pilot-v1/exploration-v5-confirmation-p0oymcit/outputs/dual_g2_s912601_b4__fast.npz,5628257e790fc7c903168abf8d436d27b4a5d1ae0a6bd7b8eb32dca34b843b95,1.3512951452919517,0.6487048547080483,0.6756475726459759,4.440892098500626e-16,1.9999999999999996,"GT source-group affine fits evaluated at x=y=0; may extrapolate, not physical layer count"
dual_g2_s912601_b4,dual_g2_s912601_b4,/srv/slam-research/grf/map-denoise/runs/multiscan-pilot-v1/exploration-v5-confirmation-p0oymcit/synthetics/dual_g2_s912601_b4.json,open3d_icp_then_xyz,confirmation,full,true_bilayer,2.0,4.0,912601,768,8,1.0,True,0.026341215998400003,True,True,0.40704582284445706,0.524360672346397,0.8895239388016439,0.2942708333333333,0.78515625,1.4607566850997882,1.0,2.764386888286385,0.39480362369107574,0.38563182539241875,2,self-report; not geometry-derived layer count or success,2.76434291648372,0.015591927910317794,1.072052968402225,1.0857230916278942,4.947831176267982,7.909175866120339,1.0,/srv/slam-research/grf/map-denoise/runs/multiscan-pilot-v1/exploration-v5-confirmation-p0oymcit/outputs/dual_g2_s912601_b4__open3d_icp_then_xyz.npz,045bff3fcb44668d74005261aaa79499f08515f2eabb8fe0e7adba474c220792,1.4255939834206452,0.5744060165793548,0.7127969917103226,0.3323546295737292,1.6676453704262708,"GT source-group affine fits evaluated at x=y=0; may extrapolate, not physical layer count"
dual_g2_s912601_b4,dual_g2_s912601_b4,/srv/slam-research/grf/map-denoise/runs/multiscan-pilot-v1/exploration-v5-confirmation-p0oymcit/synthetics/dual_g2_s912601_b4.json,graph_shared,confirmation,full,true_bilayer,2.0,4.0,912601,768,8,1.0,True,0.1487762730102986,True,True,0.21894163590046004,0.330100424902675,0.7031269476487247,0.9700520833333334,1.0,0.23030619792742227,1.0,0.35152022378961045,0.22499647268169345,0.3306432725027493,,self-report; not geometry-derived layer count or success,0.3512260507251282,0.014378074458267873,0.43068248879310717,0.590131735972934,4.1485422224780555,7.392360377995555,1.0,/srv/slam-research/grf/map-denoise/runs/multiscan-pilot-v1/exploration-v5-confirmation-p0oymcit/outputs/dual_g2_s912601_b4__graph_shared.npz,1751c3be894d4951bb8c4d050355fb2794e3c8ba4d5043469f005994d617f940,1.7623192352598145,0.2376807647401855,0.8811596176299072,1.258994458073875,0.741005541926125,"GT source-group affine fits evaluated at x=y=0; may extrapolate, not physical layer count"
dual_g2_s912601_b4,dual_g2_s912601_b4,/srv/slam-research/grf/map-denoise/runs/multiscan-pilot-v1/exploration-v5-confirmation-p0oymcit/synthetics/dual_g2_s912601_b4.json,pool_independent,confirmation,full,true_bilayer,2.0,4.0,912601,768,8,1.0,True,0.16815073300676886,True,True,0.2227621511375606,0.3335491934438175,0.7115689577684094,0.9700520833333334,1.0,0.2339628159369257,1.0,0.3546688857748717,0.2288050037635115,0.33437938938279466,,self-report; not geometry-derived layer count or success,0.35437740608368423,0.014376111928772221,0.4194414040370898,0.5607201078269659,4.148665043309976,7.394316982754406,1.0,/srv/slam-research/grf/map-denoise/runs/multiscan-pilot-v1/exploration-v5-confirmation-p0oymcit/outputs/dual_g2_s912601_b4__pool_independent.npz,dc19f78b50d62fb42dc5add9dd5771a0bbb1c63da32470419371d7d106a14080,1.764607835016956,0.23539216498304394,0.882303917508478,1.2808595632710744,0.7191404367289256,"GT source-group affine fits evaluated at x=y=0; may extrapolate, not physical layer count"
dual_g2_s912601_b4,dual_g2_s912601_b4,/srv/slam-research/grf/map-denoise/runs/multiscan-pilot-v1/exploration-v5-confirmation-p0oymcit/synthetics/dual_g2_s912601_b4.json,pool_compatible,confirmation,full,true_bilayer,2.0,4.0,912601,768,8,1.0,True,0.19179569100379013,True,True,0.16799175840234334,0.2970899141884575,0.656534178419155,0.9700520833333334,1.0,0.18534091014537588,1.0,0.3420197878088168,0.17937796957244911,0.3155328227036944,,self-report; not geometry-derived layer count or success,0.341717518805518,0.014376111928769924,0.5029162947617277,0.684735018064923,4.152732352301805,7.343245979277205,1.0,/srv/slam-research/grf/map-denoise/runs/multiscan-pilot-v1/exploration-v5-confirmation-p0oymcit/outputs/dual_g2_s912601_b4__pool_compatible.npz,e51f8c041c288d123ce0f185bae356cf53df725680e2bb7dcb1424ca5853671b,1.7352660919750278,0.2647339080249722,0.8676330459875139,1.143566457868614,0.856433542131386,"GT source-group affine fits evaluated at x=y=0; may extrapolate, not physical layer count"
dual_g2_s912601_b4,dual_g2_s912601_b4,/srv/slam-research/grf/map-denoise/runs/multiscan-pilot-v1/exploration-v5-confirmation-p0oymcit/synthetics/dual_g2_s912601_b4.json,shared_group_slope,confirmation,full,true_bilayer,2.0,4.0,912601,768,8,1.0,True,0.1956615319941193,True,True,0.1697980748537747,0.31037342759815856,0.3631715558026778,0.9622395833333334,1.0,0.18766797665997278,1.0,0.35592973750106316,0.1820378214920233,0.32053809642729897,,self-report; not geometry-derived layer count or success,0.35563592777399056,0.014459077214977464,0.7436299333672771,1.3599245693100859,4.162929255337834,7.4357110231233525,1.0,/srv/slam-research/grf/map-denoise/runs/multiscan-pilot-v1/exploration-v5-confirmation-p0oymcit/outputs/dual_g2_s912601_b4__shared_group_slope.npz,09c5b249059d7a183f88864165311aa3882742240f668b6cb3c21b90f1af6fb1,1.6870548708222417,0.3129451291777583,0.8435274354111209,0.6601273944682227,1.3398726055317773,"GT source-group affine fits evaluated at x=y=0; may extrapolate, not physical layer count"
dual_g2_s912601_b4,dual_g2_s912601_b4,/srv/slam-research/grf/map-denoise/runs/multiscan-pilot-v1/exploration-v5-confirmation-p0oymcit/synthetics/dual_g2_s912601_b4.json,node_intercepts,confirmation,full,true_bilayer,2.0,4.0,912601,768,8,1.0,True,0.19185503100743517,True,True,0.19473219001680422,0.3126831631924238,0.6565341784191531,0.9700520833333334,1.0,0.21077734401195183,1.0,0.3534601139783006,0.2055857333765808,0.32831132548460046,,self-report; not geometry-derived layer count or success,0.3531676366534237,0.014376111928770967,0.4965758560245881,0.6756953798353688,4.1476516117859585,7.381705285392425,1.0,/srv/slam-research/grf/map-denoise/runs/multiscan-pilot-v1/exploration-v5-confirmation-p0oymcit/outputs/dual_g2_s912601_b4__node_intercepts.npz,fd63eda82a856867a76ee5c1c27e72b974b74193780b42c59b43f54586553c15,1.7374447830939717,0.26255521690602834,0.8687223915469858,1.1538194438880869,0.8461805561119131,"GT source-group affine fits evaluated at x=y=0; may extrapolate, not physical layer count"
dual_g2_s912601_b4,dual_g2_s912601_b4,/srv/slam-research/grf/map-denoise/runs/multiscan-pilot-v1/exploration-v5-confirmation-p0oymcit/synthetics/dual_g2_s912601_b4.json,official_gicp,confirmation,full,true_bilayer,2.0,4.0,912601,768,8,1.0,True,0.02823468399583362,True,True,1.288911245218063,2.727828936894111,4.6910613900601,0.06770833333333333,0.4309895833333333,2.309439398037405,1.0,17.967526926084815,0.8461266368669734,1.0575999291555347,,self-report; not geometry-derived layer count or success,17.96752057963648,0.015101652966387014,0.37489515645049415,0.5570775555401255,18.39389988489629,37.66265567043488,1.0,/srv/slam-research/grf/map-denoise/runs/multiscan-pilot-v1/exploration-v5-confirmation-p0oymcit/outputs/dual_g2_s912601_b4__official_gicp.npz,7aae57cf833c7f0b0f4542397c1ebb95fcbc52b6ab84bf14620027f1c05c743d,1.737587181174113,0.26241281882588696,0.8687935905870565,1.367349456890994,0.6326505431090059,"GT source-group affine fits evaluated at x=y=0; may extrapolate, not physical layer count"
dual_g4_s912601_b0,dual_g4_s912601_b0,/srv/slam-research/grf/map-denoise/runs/multiscan-pilot-v1/exploration-v5-confirmation-p0oymcit/synthetics/dual_g4_s912601_b0.json,identity,confirmation,full,true_bilayer,4.0,0.0,912601,768,8,1.0,True,1.3707001926377416e-05,True,True,0.7675790588389355,0.9607175346002634,1.8945795709038376,0.7109375,0.9765625,0.7306568308019932,1.0,0.9804993800989729,0.7771792721104509,0.9801552317678789,,self-report; not geometry-derived layer count or success,0.9803830753599089,0.015101652966387352,0.1409043198112094,0.24097135741261647,0.0,0.0,0.0,/srv/slam-research/grf/map-denoise/runs/multiscan-pilot-v1/exploration-v5-confirmation-p0oymcit/outputs/dual_g4_s912601_b0__identity.npz,94c7fdf919c8a77aa3b741befc2d4387795525bd6ac12207fcaab8dfdd8938a4,3.9560884902640603,0.04391150973593971,0.9890221225660151,4.0788931054927,0.07889310549269979,"GT source-group affine fits evaluated at x=y=0; may extrapolate, not physical layer count"
dual_g4_s912601_b0,dual_g4_s912601_b0,/srv/slam-research/grf/map-denoise/runs/multiscan-pilot-v1/exploration-v5-confirmation-p0oymcit/synthetics/dual_g4_s912601_b0.json,fast,confirmation,full,true_bilayer,4.0,0.0,912601,768,8,1.0,True,0.00945104198763147,True,True,1.0269936523511813,1.3122574315836242,2.693417769197167,0.5833333333333334,0.88671875,0.975512180569606,1.0,1.436219993432763,1.1093766433245746,1.3798560250791858,2,self-report; not geometry-derived layer count or success,1.4361405953505,0.015101652966387373,1.5566469872488728,1.904953197220731,1.5210341941965266,2.9402876879246476,1.0,/srv/slam-research/grf/map-denoise/runs/multiscan-pilot-v1/exploration-v5-confirmation-p0oymcit/outputs/dual_g4_s912601_b0__fast.npz,5940fc36d0c4dfdeeee18543fb18170d42cce8873ee8de141e2be2b2a55cd835,3.186536688204693,0.813463311795307,0.7966341720511733,1.4308054860806683,2.5691945139193315,"GT source-group affine fits evaluated at x=y=0; may extrapolate, not physical layer count"
dual_g4_s912601_b0,dual_g4_s912601_b0,/srv/slam-research/grf/map-denoise/runs/multiscan-pilot-v1/exploration-v5-confirmation-p0oymcit/synthetics/dual_g4_s912601_b0.json,open3d_icp_then_xyz,confirmation,full,true_bilayer,4.0,0.0,912601,768,8,1.0,True,0.02579894800146576,True,True,0.5911329685242201,0.7274633409981015,1.3382503216731334,0.2838541666666667,0.8203125,1.4241941708693477,1.0,2.8874649361676656,0.5914118586094332,0.6720596625413272,2,self-report; not geometry-derived layer count or success,2.887426586936935,0.014881621130170351,1.4731271094664546,1.5111367877563326,2.9081107877994365,5.8598516257173365,1.0,/srv/slam-research/grf/map-denoise/runs/multiscan-pilot-v1/exploration-v5-confirmation-p0oymcit/outputs/dual_g4_s912601_b0__open3d_icp_then_xyz.npz,bf978ce206fc554b00ad05b68aab123988138317cfda0c6a11e02af7f5603d1d,3.4040890590954778,0.5959109409045222,0.8510222647738694,1.8632180235129707,2.136781976487029,"GT source-group affine fits evaluated at x=y=0; may extrapolate, not physical layer count"
dual_g4_s912601_b0,dual_g4_s912601_b0,/srv/slam-research/grf/map-denoise/runs/multiscan-pilot-v1/exploration-v5-confirmation-p0oymcit/synthetics/dual_g4_s912601_b0.json,graph_shared,confirmation,full,true_bilayer,4.0,0.0,912601,768,8,1.0,True,0.115486779002822,True,True,0.34125391337762084,0.5725938650268924,1.4451653551308266,0.9114583333333334,0.9830729166666666,0.34278783075293195,1.0,0.594544604152029,0.3472973771982695,0.5726792614988939,,self-report; not geometry-derived layer count or success,0.5941624568069157,0.021313405346466186,0.7588896489889064,1.0485657948278104,1.0358993496978874,2.0821273668591007,0.9895833333333334,/srv/slam-research/grf/map-denoise/runs/multiscan-pilot-v1/exploration-v5-confirmation-p0oymcit/outputs/dual_g4_s912601_b0__graph_shared.npz,eb4767f973511972a45667b22b290414c3975948b79192ad7712ecd3c7ca257d,3.672853779811525,0.32714622018847495,0.9182134449528813,2.78303746334953,1.21696253665047,"GT source-group affine fits evaluated at x=y=0; may extrapolate, not physical layer count"
dual_g4_s912601_b0,dual_g4_s912601_b0,/srv/slam-research/grf/map-denoise/runs/multiscan-pilot-v1/exploration-v5-confirmation-p0oymcit/synthetics/dual_g4_s912601_b0.json,pool_independent,confirmation,full,true_bilayer,4.0,0.0,912601,768,8,1.0,True,0.1378890570049407,True,True,0.33396512572082476,0.5577065595593552,1.2871527708321462,0.9153645833333334,0.9830729166666666,0.3360279909724837,1.0,0.5861354211061008,0.34176717572076704,0.566149254320342,,self-report; not geometry-derived layer count or success,0.586068174051933,0.008878470513507226,0.690021936214313,0.8965056155984595,1.0289265685006697,2.085387352647688,0.9895833333333334,/srv/slam-research/grf/map-denoise/runs/multiscan-pilot-v1/exploration-v5-confirmation-p0oymcit/outputs/dual_g4_s912601_b0__pool_independent.npz,920d167bc4e4850f8b24adfeb0007b3a0de6bc25fd32a5af1778039bfccd16d3,3.687104317792244,0.3128956822077562,0.921776079448061,2.9114648267397976,1.0885351732602024,"GT source-group affine fits evaluated at x=y=0; may extrapolate, not physical layer count"
dual_g4_s912601_b0,dual_g4_s912601_b0,/srv/slam-research/grf/map-denoise/runs/multiscan-pilot-v1/exploration-v5-confirmation-p0oymcit/synthetics/dual_g4_s912601_b0.json,pool_compatible,confirmation,full,true_bilayer,4.0,0.0,912601,768,8,1.0,True,0.16158393200021237,True,True,0.28510367328350494,0.5343303353400497,1.2731289396103127,0.9140625,0.9817708333333334,0.291548459519523,1.0,0.5899590603319025,0.3004101157841174,0.5679869008166409,,self-report; not geometry-derived layer count or success,0.5898730108720787,0.010075907522887846,0.7619862579900994,1.0892647641753885,1.0422707645137708,2.0885792737592848,0.9895833333333334,/srv/slam-research/grf/map-denoise/runs/multiscan-pilot-v1/exploration-v5-confirmation-p0oymcit/outputs/dual_g4_s912601_b0__pool_compatible.npz,7dec675d9a338a51bd866b28084858b6a3575382765fbc6c5e5b6f50e92d2992,3.671076757282452,0.3289232427175479,0.917769189320613,2.763462091389224,1.2365379086107762,"GT source-group affine fits evaluated at x=y=0; may extrapolate, not physical layer count"
dual_g4_s912601_b0,dual_g4_s912601_b0,/srv/slam-research/grf/map-denoise/runs/multiscan-pilot-v1/exploration-v5-confirmation-p0oymcit/synthetics/dual_g4_s912601_b0.json,shared_group_slope,confirmation,full,true_bilayer,4.0,0.0,912601,768,8,1.0,True,0.16136183000344317,True,True,0.2945598492924352,0.5482525332882133,0.7272868023529628,0.9609375,0.9713541666666666,0.31265589673598,1.0,0.6744621343624038,0.3294478384307319,0.6323907742381548,,self-report; not geometry-derived layer count or success,0.674302891256784,0.014655426688797005,1.2669783803197583,2.070352787818139,1.1322684253128223,2.1725986978903093,0.9895833333333334,/srv/slam-research/grf/map-denoise/runs/multiscan-pilot-v1/exploration-v5-confirmation-p0oymcit/outputs/dual_g4_s912601_b0__shared_group_slope.npz,0977af02e4a33a495e11dbd35db4d915a77fd0dda632a9cf6a63cfe87fba0586,3.5152396482995276,0.4847603517004724,0.8788099120748819,1.8937059512956917,2.1062940487043083,"GT source-group affine fits evaluated at x=y=0; may extrapolate, not physical layer count"
dual_g4_s912601_b0,dual_g4_s912601_b0,/srv/slam-research/grf/map-denoise/runs/multiscan-pilot-v1/exploration-v5-confirmation-p0oymcit/synthetics/dual_g4_s912601_b0.json,node_intercepts,confirmation,full,true_bilayer,4.0,0.0,912601,768,8,1.0,True,0.16106031098752283,True,True,0.3101593887419849,0.5413356263647634,1.273128939610312,0.9127604166666666,0.9817708333333334,0.316252093058345,1.0,0.5958330980349076,0.3253239266069143,0.5740567107890574,,self-report; not geometry-derived layer count or success,0.5957570199650698,0.009521232914660354,0.7604876359816167,1.0843948506820107,1.0378608505747828,2.105498399473714,0.9895833333333334,/srv/slam-research/grf/map-denoise/runs/multiscan-pilot-v1/exploration-v5-confirmation-p0oymcit/outputs/dual_g4_s912601_b0__node_intercepts.npz,1eeb2bdbd21a8fe3b73735a58d59bd6f0ec93f9b87d669589d763c87b65d2c0c,3.6707710293635487,0.3292289706364513,0.9176927573408872,2.766150152903838,1.2338498470961619,"GT source-group affine fits evaluated at x=y=0; may extrapolate, not physical layer count"
dual_g4_s912601_b0,dual_g4_s912601_b0,/srv/slam-research/grf/map-denoise/runs/multiscan-pilot-v1/exploration-v5-confirmation-p0oymcit/synthetics/dual_g4_s912601_b0.json,official_gicp,confirmation,full,true_bilayer,4.0,0.0,912601,768,8,1.0,True,0.029403009000816382,True,True,1.1843523495917478,2.409066074026993,2.904530328643262,0.09635416666666667,0.4622395833333333,2.272252899984417,1.0,13.53592510293235,0.8130732219842667,1.0308815494841364,,self-report; not geometry-derived layer count or success,13.535916678683858,0.015101652966387569,0.19769042165596853,0.23124941221301087,13.50182672238404,30.086638900263047,1.0,/srv/slam-research/grf/map-denoise/runs/multiscan-pilot-v1/exploration-v5-confirmation-p0oymcit/outputs/dual_g4_s912601_b0__official_gicp.npz,255b797d327ce701e0310df98ad9f8eafc79ac7c9478f6a1344b5a1a95eca06b,3.9478898428308815,0.05211015716911849,0.9869724607077204,3.819571702892068,0.18042829710793207,"GT source-group affine fits evaluated at x=y=0; may extrapolate, not physical layer count"
dual_g4_s912601_b4,dual_g4_s912601_b4,/srv/slam-research/grf/map-denoise/runs/multiscan-pilot-v1/exploration-v5-confirmation-p0oymcit/synthetics/dual_g4_s912601_b4.json,identity,confirmation,full,true_bilayer,4.0,4.0,912601,768,8,1.0,True,1.4523000572808087e-05,True,True,3.151987930334121,3.910090678123684,7.228756314336308,0.21744791666666666,0.453125,2.222339695096713,1.0,4.158519648037767,3.450199266792334,4.15791904798178,,self-report; not geometry-derived layer count or success,4.158492227141206,0.015101652966387005,1.4623553460408276,2.3367197308648726,0.0,0.0,0.0,/srv/slam-research/grf/map-denoise/runs/multiscan-pilot-v1/exploration-v5-confirmation-p0oymcit/outputs/dual_g4_s912601_b4__identity.npz,edd0f1981c6848449deb918ea763a3d636b02acf6161c86f6cea11424a1a4f03,3.8565549823570064,0.14344501764299356,0.9641387455892516,4.8841686719339386,0.8841686719339386,"GT source-group affine fits evaluated at x=y=0; may extrapolate, not physical layer count"
dual_g4_s912601_b4,dual_g4_s912601_b4,/srv/slam-research/grf/map-denoise/runs/multiscan-pilot-v1/exploration-v5-confirmation-p0oymcit/synthetics/dual_g4_s912601_b4.json,fast,confirmation,full,true_bilayer,4.0,4.0,912601,768,8,1.0,True,0.009541698003886268,True,True,0.9632150872356702,1.2365412132156057,2.5070925661313064,0.6184895833333334,0.9270833333333334,0.9551155086255179,1.0,1.3489382083523243,1.022044683861132,1.2807099066501726,2,self-report; not geometry-derived layer count or success,1.3488536725792244,0.015101652966386922,1.6148692343363553,2.1044641712500747,4.471591725957875,7.855229608082194,1.0,/srv/slam-research/grf/map-denoise/runs/multiscan-pilot-v1/exploration-v5-confirmation-p0oymcit/outputs/dual_g4_s912601_b4__fast.npz,b5846ec7b06b0c38d758edc08061f42ee1be56f2780977db32fb622cba19c200,3.252344184160655,0.7476558158393449,0.8130860460401638,1.4662240183137216,2.5337759816862784,"GT source-group affine fits evaluated at x=y=0; may extrapolate, not physical layer count"
dual_g4_s912601_b4,dual_g4_s912601_b4,/srv/slam-research/grf/map-denoise/runs/multiscan-pilot-v1/exploration-v5-confirmation-p0oymcit/synthetics/dual_g4_s912601_b4.json,open3d_icp_then_xyz,confirmation,full,true_bilayer,4.0,4.0,912601,768,8,1.0,True,0.026222075990517624,True,True,0.6082997607353525,0.7519939879497669,1.4362109030102312,0.2604166666666667,0.7825520833333334,1.4896676956249089,1.0,2.9306356538519482,0.6085851986775138,0.705465225285706,2,self-report; not geometry-derived layer count or success,2.9305976767105086,0.01491954715155644,1.5157565076161763,1.591754811731814,4.987438343268206,8.250651057518573,1.0,/srv/slam-research/grf/map-denoise/runs/multiscan-pilot-v1/exploration-v5-confirmation-p0oymcit/outputs/dual_g4_s912601_b4__open3d_icp_then_xyz.npz,819cf5e76c8a515d50d5bdc54ca3f13805c0d4a63d0e6f1a8f261d6191a906d9,3.4373869066710196,0.5626130933289804,0.8593467266677549,1.8852398854799481,2.1147601145200516,"GT source-group affine fits evaluated at x=y=0; may extrapolate, not physical layer count"
dual_g4_s912601_b4,dual_g4_s912601_b4,/srv/slam-research/grf/map-denoise/runs/multiscan-pilot-v1/exploration-v5-confirmation-p0oymcit/synthetics/dual_g4_s912601_b4.json,graph_shared,confirmation,full,true_bilayer,4.0,4.0,912601,768,8,1.0,True,0.16303859099571127,True,True,0.3485188401712806,0.6146626968080284,1.4588351645920945,0.9114583333333334,0.98046875,0.3596991646981727,1.0,0.7367810110280658,0.37510490538695135,0.7157587326282767,,self-report; not geometry-derived layer count or success,0.7365868583710226,0.016913257718311592,0.7817664085890778,1.049408565830292,4.1441035453934525,7.385113049889835,0.9895833333333334,/srv/slam-research/grf/map-denoise/runs/multiscan-pilot-v1/exploration-v5-confirmation-p0oymcit/outputs/dual_g4_s912601_b4__graph_shared.npz,30173ede2146041a36506b7c4d744f4e577fc179612fd444d6580c6f67ebb261,3.6658543893697604,0.3341456106302396,0.9164635973424401,2.7610821400714247,1.2389178599285753,"GT source-group affine fits evaluated at x=y=0; may extrapolate, not physical layer count"
dual_g4_s912601_b4,dual_g4_s912601_b4,/srv/slam-research/grf/map-denoise/runs/multiscan-pilot-v1/exploration-v5-confirmation-p0oymcit/synthetics/dual_g4_s912601_b4.json,pool_independent,confirmation,full,true_bilayer,4.0,4.0,912601,768,8,1.0,True,0.18451339199964423,True,True,0.3412650540677959,0.6008545693745946,1.3169845893740004,0.9166666666666666,0.98046875,0.3525750806088738,1.0,0.7300228430706908,0.3696022443525823,0.7105162011287296,,self-report; not geometry-derived layer count or success,0.7300087350663704,0.0045385164770104965,0.7131053799637191,0.8974621176748929,4.142120201723899,7.386357077318958,0.9895833333333334,/srv/slam-research/grf/map-denoise/runs/multiscan-pilot-v1/exploration-v5-confirmation-p0oymcit/outputs/dual_g4_s912601_b4__pool_independent.npz,fb1fdff33d45e879f85cb32e65157a4b08991cb607304b5eb6f907c67f40d580,3.680160427032925,0.3198395729670751,0.9200401067582312,2.8895255624546525,1.1104744375453475,"GT source-group affine fits evaluated at x=y=0; may extrapolate, not physical layer count"
dual_g4_s912601_b4,dual_g4_s912601_b4,/srv/slam-research/grf/map-denoise/runs/multiscan-pilot-v1/exploration-v5-confirmation-p0oymcit/synthetics/dual_g4_s912601_b4.json,pool_compatible,confirmation,full,true_bilayer,4.0,4.0,912601,768,8,1.0,True,0.2082399820064893,True,True,0.2924916861973942,0.5792593894070205,1.278796670385588,0.9153645833333334,0.9791666666666666,0.31211795781324186,1.0,0.733122505245283,0.32833039221848004,0.7119711060413483,,self-report; not geometry-derived layer count or success,0.7330999914020675,0.005745459373156474,0.7853335856575788,1.0907914282469793,4.1487174059201415,7.421824346123832,0.9895833333333334,/srv/slam-research/grf/map-denoise/runs/multiscan-pilot-v1/exploration-v5-confirmation-p0oymcit/outputs/dual_g4_s912601_b4__pool_compatible.npz,a4bba8a29a1292246de30aae3a2afa92cea70f3b1ee5d1f0b8109846a0a79b78,3.6641029199219455,0.3358970800780545,0.9160257299804864,2.741109516203104,1.258890483796896,"GT source-group affine fits evaluated at x=y=0; may extrapolate, not physical layer count"
dual_g4_s912601_b4,dual_g4_s912601_b4,/srv/slam-research/grf/map-denoise/runs/multiscan-pilot-v1/exploration-v5-confirmation-p0oymcit/synthetics/dual_g4_s912601_b4.json,shared_group_slope,confirmation,full,true_bilayer,4.0,4.0,912601,768,8,1.0,True,0.20822647199383937,True,True,0.3019631969083214,0.5919801753052204,0.7255503169621353,0.9622395833333334,0.96875,0.3295579279017524,1.0,0.8026929162797762,0.3574201717256879,0.7640421501344985,,self-report; not geometry-derived layer count or success,0.8026265879896823,0.010318822499326655,1.2896095065146487,2.071284568508224,4.177904402392541,7.414843591712828,0.9895833333333334,/srv/slam-research/grf/map-denoise/runs/multiscan-pilot-v1/exploration-v5-confirmation-p0oymcit/outputs/dual_g4_s912601_b4__shared_group_slope.npz,a5cb89255f2096fddb10e0ee43c59a90425b1bebd18619d42f109614cd2ce9d8,3.5083737319923234,0.4916262680076766,0.8770934329980808,1.8718534416381498,2.12814655836185,"GT source-group affine fits evaluated at x=y=0; may extrapolate, not physical layer count"
dual_g4_s912601_b4,dual_g4_s912601_b4,/srv/slam-research/grf/map-denoise/runs/multiscan-pilot-v1/exploration-v5-confirmation-p0oymcit/synthetics/dual_g4_s912601_b4.json,node_intercepts,confirmation,full,true_bilayer,4.0,4.0,912601,768,8,1.0,True,0.21009920600045007,True,True,0.31751690348637,0.5857195047677781,1.2787966703855922,0.9140625,0.9791666666666666,0.33339244226911785,1.0,0.7378419304308595,0.3532091485018209,0.7168009005008898,,self-report; not geometry-derived layer count or success,0.7378236906615208,0.005188044000375951,0.7837943723213957,1.0857580614764364,4.1496860643134905,7.414664565428727,0.9895833333333334,/srv/slam-research/grf/map-denoise/runs/multiscan-pilot-v1/exploration-v5-confirmation-p0oymcit/outputs/dual_g4_s912601_b4__node_intercepts.npz,719f1a12d9b65046c4bd393fe7f69123076724f716c64266f1c081991dd526c5,3.6638108389141633,0.33618916108583674,0.9159527097285408,2.743922430107206,1.2560775698927942,"GT source-group affine fits evaluated at x=y=0; may extrapolate, not physical layer count"
dual_g4_s912601_b4,dual_g4_s912601_b4,/srv/slam-research/grf/map-denoise/runs/multiscan-pilot-v1/exploration-v5-confirmation-p0oymcit/synthetics/dual_g4_s912601_b4.json,official_gicp,confirmation,full,true_bilayer,4.0,4.0,912601,768,8,1.0,True,0.02755753199744504,True,True,1.0152067058509846,1.5656985322781594,2.5585204764955107,0.10546875,0.4609375,2.214786459117624,1.0,11.01424735762032,0.8390615301113197,1.058315125286034,,self-report; not geometry-derived layer count or success,11.014237004664638,0.01510165296638725,0.31664641001039534,0.37447762251007566,11.703882585151007,23.79516550115475,1.0,/srv/slam-research/grf/map-denoise/runs/multiscan-pilot-v1/exploration-v5-confirmation-p0oymcit/outputs/dual_g4_s912601_b4__official_gicp.npz,029344154378c7049bca93cd5740e587bda5dfffa748a44d428827011389b4af,3.9910669216736534,0.0089330783263466,0.9977667304184134,3.767938982830337,0.23206101716966288,"GT source-group affine fits evaluated at x=y=0; may extrapolate, not physical layer count"
dual_g8_s912601_b0,dual_g8_s912601_b0,/srv/slam-research/grf/map-denoise/runs/multiscan-pilot-v1/exploration-v5-confirmation-p0oymcit/synthetics/dual_g8_s912601_b0.json,identity,confirmation,full,true_bilayer,8.0,0.0,912601,768,8,1.0,True,1.474599412176758e-05,True,True,0.7771792721104509,0.9804993800989729,1.9778672038108973,0.7096354166666666,0.98046875,0.7250032662741047,1.0,0.9804993800989731,0.777179272110451,0.9803667120035605,,self-report; not geometry-derived layer count or success,0.980383075359909,0.015101652966387399,0.1566560287564689,0.18239100013018394,0.0,0.0,0.0,/srv/slam-research/grf/map-denoise/runs/multiscan-pilot-v1/exploration-v5-confirmation-p0oymcit/outputs/dual_g8_s912601_b0__identity.npz,0a24b50133235c7fe243da16ed2c3bbb3dcd2f8cb9e2cc3e69900bbf4b612808,8.011904627906171,0.011904627906170973,1.0014880784882714,8.019326054897574,0.019326054897573997,"GT source-group affine fits evaluated at x=y=0; may extrapolate, not physical layer count"
dual_g8_s912601_b0,dual_g8_s912601_b0,/srv/slam-research/grf/map-denoise/runs/multiscan-pilot-v1/exploration-v5-confirmation-p0oymcit/synthetics/dual_g8_s912601_b0.json,fast,confirmation,full,true_bilayer,8.0,0.0,912601,768,8,1.0,True,0.009635833004722372,True,True,1.1147199774874716,1.3840987504014122,2.811748227069002,0.5260416666666666,0.9036458333333334,1.046098809530819,1.0,1.394351826351205,1.1162715671333534,1.355509380613942,2,self-report; not geometry-derived layer count or success,1.3942700440469282,0.01510165296638747,2.0387993299961398,3.3177511531360437,1.3491422843460155,2.397390533739114,1.0,/srv/slam-research/grf/map-denoise/runs/multiscan-pilot-v1/exploration-v5-confirmation-p0oymcit/outputs/dual_g8_s912601_b0__fast.npz,1d3857949e97f0236539233cbe1cb0f3c587a167aaf17220c86c152588724601,7.367715097205027,0.6322849027949733,0.9209643871506283,4.691419234476928,3.3085807655230717,"GT source-group affine fits evaluated at x=y=0; may extrapolate, not physical layer count"
dual_g8_s912601_b0,dual_g8_s912601_b0,/srv/slam-research/grf/map-denoise/runs/multiscan-pilot-v1/exploration-v5-confirmation-p0oymcit/synthetics/dual_g8_s912601_b0.json,open3d_icp_then_xyz,confirmation,full,true_bilayer,8.0,0.0,912601,768,8,1.0,True,0.02150425300351344,True,True,0.9466038462192722,1.1561118157121095,2.1993966981546618,0.1328125,0.66796875,1.7751011966995478,1.0,2.814863571583585,0.943766747828016,1.093704220964367,2,self-report; not geometry-derived layer count or success,2.8148230635741904,0.015101238330193856,2.2004534340415196,3.7616708248838933,2.820709017317707,5.205575221193527,1.0,/srv/slam-research/grf/map-denoise/runs/multiscan-pilot-v1/exploration-v5-confirmation-p0oymcit/outputs/dual_g8_s912601_b0__open3d_icp_then_xyz.npz,c51bb1dff4a5f03d1adb80c53695ad868fe0e1d86ec48c97ec61cea476dce519,7.247510351795208,0.7524896482047918,0.905938793974401,4.27635740243476,3.72364259756524,"GT source-group affine fits evaluated at x=y=0; may extrapolate, not physical layer count"
dual_g8_s912601_b0,dual_g8_s912601_b0,/srv/slam-research/grf/map-denoise/runs/multiscan-pilot-v1/exploration-v5-confirmation-p0oymcit/synthetics/dual_g8_s912601_b0.json,graph_shared,confirmation,full,true_bilayer,8.0,0.0,912601,768,8,1.0,True,0.1938455319905188,True,True,0.3667677293751315,0.6951454132352469,1.7016599056066648,0.87890625,0.9791666666666666,0.34655284702598493,1.0,0.6951660869219902,0.36676772937513163,0.6880253992223266,,self-report; not geometry-derived layer count or success,0.6949199147176625,0.018498663065988196,0.6529666135915527,0.8905694086752899,1.0455575445719343,2.0470066928587545,0.9830729166666666,/srv/slam-research/grf/map-denoise/runs/multiscan-pilot-v1/exploration-v5-confirmation-p0oymcit/outputs/dual_g8_s912601_b0__graph_shared.npz,bb9292b869cb41b2c2d60491622e409d978e629b73ae023349106095169333c9,7.795088023882387,0.20491197611761258,0.9743860029852984,7.05063932362493,0.9493606763750702,"GT source-group affine fits evaluated at x=y=0; may extrapolate, not physical layer count"
dual_g8_s912601_b0,dual_g8_s912601_b0,/srv/slam-research/grf/map-denoise/runs/multiscan-pilot-v1/exploration-v5-confirmation-p0oymcit/synthetics/dual_g8_s912601_b0.json,pool_independent,confirmation,full,true_bilayer,8.0,0.0,912601,768,8,1.0,True,0.21999145900190342,True,True,0.2712595070506161,0.5225417936713033,0.9539696130041734,0.9622395833333334,0.9921875,0.2515448431427418,1.0,0.5225643362874652,0.27125950705061613,0.5217215368460315,,self-report; not geometry-derived layer count or success,0.5221238843605787,0.02145075615870218,0.2642254396542856,0.29979295933421046,0.9538150373762189,1.9246215114125234,0.9830729166666666,/srv/slam-research/grf/map-denoise/runs/multiscan-pilot-v1/exploration-v5-confirmation-p0oymcit/outputs/dual_g8_s912601_b0__pool_independent.npz,611e4ebb5f1cd4ac55985596c0fc9eacc1a4b0ed32dffa5f77b9240f11ffe386,7.958154195236086,0.04184580476391364,0.9947692744045108,7.73536234715177,0.26463765284823015,"GT source-group affine fits evaluated at x=y=0; may extrapolate, not physical layer count"
dual_g8_s912601_b0,dual_g8_s912601_b0,/srv/slam-research/grf/map-denoise/runs/multiscan-pilot-v1/exploration-v5-confirmation-p0oymcit/synthetics/dual_g8_s912601_b0.json,pool_compatible,confirmation,full,true_bilayer,8.0,0.0,912601,768,8,1.0,True,0.24393824499566108,True,True,0.23397428342889245,0.4909538676104367,0.9083952068917809,0.9635416666666666,0.9908854166666666,0.2138893864393238,1.0,0.49097889635387293,0.2339742834288926,0.4899148953721068,,self-report; not geometry-derived layer count or success,0.490254520568153,0.026660490005953594,0.26059668831531185,0.33379878561906134,0.9741867272293117,1.9347434565003416,0.9830729166666666,/srv/slam-research/grf/map-denoise/runs/multiscan-pilot-v1/exploration-v5-confirmation-p0oymcit/outputs/dual_g8_s912601_b0__pool_compatible.npz,b45b50a0937d8ec15f07d0df5f6e8eed6a9ddc727ce1856e95576008a3d0ff90,7.9630965148834765,0.03690348511652353,0.9953870643604346,7.727924627633901,0.2720753723660989,"GT source-group affine fits evaluated at x=y=0; may extrapolate, not physical layer count"
dual_g8_s912601_b0,dual_g8_s912601_b0,/srv/slam-research/grf/map-denoise/runs/multiscan-pilot-v1/exploration-v5-confirmation-p0oymcit/synthetics/dual_g8_s912601_b0.json,shared_group_slope,confirmation,full,true_bilayer,8.0,0.0,912601,768,8,1.0,True,0.24398696000571363,True,True,0.6695621738260282,1.2322024992815743,2.9541970266901787,0.8802083333333334,0.90234375,0.6275736229667443,1.0,1.2734573542742986,0.6821077684841222,1.2155545099261318,,self-report; not geometry-derived layer count or success,1.2728505039840174,0.03930938390421731,2.42385539535359,3.927572432835687,1.5103292612318266,3.1523064137999617,0.9830729166666666,/srv/slam-research/grf/map-denoise/runs/multiscan-pilot-v1/exploration-v5-confirmation-p0oymcit/outputs/dual_g8_s912601_b0__shared_group_slope.npz,41caab0d079e2aae4c2289dafcef46ccc321c8165013c919d10d56643b93095e,7.206583472953381,0.7934165270466194,0.9008229341191726,4.171610986952543,3.828389013047457,"GT source-group affine fits evaluated at x=y=0; may extrapolate, not physical layer count"
dual_g8_s912601_b0,dual_g8_s912601_b0,/srv/slam-research/grf/map-denoise/runs/multiscan-pilot-v1/exploration-v5-confirmation-p0oymcit/synthetics/dual_g8_s912601_b0.json,node_intercepts,confirmation,full,true_bilayer,8.0,0.0,912601,768,8,1.0,True,0.24427305300196167,True,True,0.24887830266319563,0.5068230086837828,0.9217098670074233,0.9622395833333334,0.9921875,0.22870193790876858,1.0,0.5068467586995439,0.2488783026631957,0.5058340206409374,,self-report; not geometry-derived layer count or success,0.5061663966270467,0.026252918501090634,0.26056062252443163,0.3305008907617012,0.9641886334312018,1.9103299396726796,0.9830729166666666,/srv/slam-research/grf/map-denoise/runs/multiscan-pilot-v1/exploration-v5-confirmation-p0oymcit/outputs/dual_g8_s912601_b0__node_intercepts.npz,16420a6908dabd1a1112e78672f24d3e4a278a3cda4d30626c55b5cd769eef23,7.962859324701926,0.0371406752980743,0.9953574155877407,7.730419909169118,0.26958009083088186,"GT source-group affine fits evaluated at x=y=0; may extrapolate, not physical layer count"
dual_g8_s912601_b0,dual_g8_s912601_b0,/srv/slam-research/grf/map-denoise/runs/multiscan-pilot-v1/exploration-v5-confirmation-p0oymcit/synthetics/dual_g8_s912601_b0.json,official_gicp,confirmation,full,true_bilayer,8.0,0.0,912601,768,8,1.0,True,0.027499643998453394,True,True,1.138240347918184,1.9315743981864641,3.3445885117429035,0.09244791666666667,0.41796875,2.344843031008365,1.0,13.620555609934254,0.8046963844333245,1.0157330112776026,,self-report; not geometry-derived layer count or success,13.620547238029356,0.015101652966387621,0.33627365199095527,0.6466475710444411,13.587131120466893,25.71364851561917,1.0,/srv/slam-research/grf/map-denoise/runs/multiscan-pilot-v1/exploration-v5-confirmation-p0oymcit/outputs/dual_g8_s912601_b0__official_gicp.npz,b5b843a3bdd751103fa235a04313a49fa34bd96624781dc6b033b275ec8ef1cd,8.007498943593584,0.007498943593583718,1.000937367949198,7.566486870902542,0.43351312909745765,"GT source-group affine fits evaluated at x=y=0; may extrapolate, not physical layer count"
dual_g8_s912601_b4,dual_g8_s912601_b4,/srv/slam-research/grf/map-denoise/runs/multiscan-pilot-v1/exploration-v5-confirmation-p0oymcit/synthetics/dual_g8_s912601_b4.json,identity,confirmation,full,true_bilayer,8.0,4.0,912601,768,8,1.0,True,1.638299727346748e-05,True,True,3.1954466507268813,3.896492067980522,7.228756314336308,0.20703125,0.4583333333333333,2.203235085855878,1.0,4.158519648037767,3.450199266792334,4.1581914020020045,,self-report; not geometry-derived layer count or success,4.158492227141207,0.015101652966387005,0.39400471960344285,0.5120139972899542,0.0,0.0,0.0,/srv/slam-research/grf/map-denoise/runs/multiscan-pilot-v1/exploration-v5-confirmation-p0oymcit/outputs/dual_g8_s912601_b4__identity.npz,42d551246c1009965a21430ace10cbf20564c665ef80bbe74fd4ab5c0b6a6f7c,7.894876285807639,0.1051237141923611,0.9868595357259549,7.923246588225529,0.07675341177447059,"GT source-group affine fits evaluated at x=y=0; may extrapolate, not physical layer count"
dual_g8_s912601_b4,dual_g8_s912601_b4,/srv/slam-research/grf/map-denoise/runs/multiscan-pilot-v1/exploration-v5-confirmation-p0oymcit/synthetics/dual_g8_s912601_b4.json,fast,confirmation,full,true_bilayer,8.0,4.0,912601,768,8,1.0,True,0.009625435006455518,True,True,1.1774088303752865,1.4708224476487934,3.056448848165541,0.4635416666666667,0.8567708333333334,1.1831876384467224,1.0,1.5352879524112253,1.181738083747728,1.438983255153411,2,self-report; not geometry-derived layer count or success,1.5352136779278436,0.015101652966386733,1.8471479306753282,2.4880689906037485,4.23624040288248,7.520672285812386,1.0,/srv/slam-research/grf/map-denoise/runs/multiscan-pilot-v1/exploration-v5-confirmation-p0oymcit/outputs/dual_g8_s912601_b4__fast.npz,311fe3238bc722741172124fb89d31dd91369fcc70f6a154ccf218cbbb156f6a,7.2502909945629925,0.7497090054370075,0.9062863743203741,5.041660582188619,2.9583394178113807,"GT source-group affine fits evaluated at x=y=0; may extrapolate, not physical layer count"
dual_g8_s912601_b4,dual_g8_s912601_b4,/srv/slam-research/grf/map-denoise/runs/multiscan-pilot-v1/exploration-v5-confirmation-p0oymcit/synthetics/dual_g8_s912601_b4.json,open3d_icp_then_xyz,confirmation,full,true_bilayer,8.0,4.0,912601,768,8,1.0,True,0.0220085740002105,True,True,0.9475961545982248,1.1616790098548824,2.2295171464685604,0.1328125,0.6575520833333334,1.8034295840231185,1.0,2.825859190182093,0.9437161248452478,1.0951150870483446,2,self-report; not geometry-derived layer count or success,2.8258188401262463,0.015101176250641054,2.131453187092551,3.504167806964695,4.934885752095824,7.911066029290274,1.0,/srv/slam-research/grf/map-denoise/runs/multiscan-pilot-v1/exploration-v5-confirmation-p0oymcit/outputs/dual_g8_s912601_b4__open3d_icp_then_xyz.npz,377de5e3f81a88ceb374c511005c8436b259575aaa5bca35487a398ecdd905e7,7.228768949904223,0.7712310500957766,0.9035961187380279,4.408184844456271,3.5918151555437294,"GT source-group affine fits evaluated at x=y=0; may extrapolate, not physical layer count"
dual_g8_s912601_b4,dual_g8_s912601_b4,/srv/slam-research/grf/map-denoise/runs/multiscan-pilot-v1/exploration-v5-confirmation-p0oymcit/synthetics/dual_g8_s912601_b4.json,graph_shared,confirmation,full,true_bilayer,8.0,4.0,912601,768,8,1.0,True,0.19767772300110664,True,True,0.406965099801895,0.8458228255968961,1.8024042899389752,0.8645833333333334,0.9661458333333334,0.3762650309668724,1.0,0.87517105976179,0.4132213630563635,0.869954338831154,,self-report; not geometry-derived layer count or success,0.8750246624210758,0.016006998452452865,0.6618187383027544,0.8374487333525978,4.173762661309117,7.422614151932778,0.9830729166666666,/srv/slam-research/grf/map-denoise/runs/multiscan-pilot-v1/exploration-v5-confirmation-p0oymcit/outputs/dual_g8_s912601_b4__graph_shared.npz,3daafc1de2eb7aa32bcebb540a2523e61d60f2481afa964aaec08e5095cc271b,7.807496458767205,0.1925035412327949,0.9759370573459006,7.092047411938029,0.9079525880619714,"GT source-group affine fits evaluated at x=y=0; may extrapolate, not physical layer count"
dual_g8_s912601_b4,dual_g8_s912601_b4,/srv/slam-research/grf/map-denoise/runs/multiscan-pilot-v1/exploration-v5-confirmation-p0oymcit/synthetics/dual_g8_s912601_b4.json,pool_independent,confirmation,full,true_bilayer,8.0,4.0,912601,768,8,1.0,True,0.21785548799380194,True,True,0.3090053241366919,0.7089735274588241,0.9951327550870165,0.9544270833333334,0.9817708333333334,0.27283315158608423,1.0,0.7437335201022373,0.31526158739116045,0.7431120501685058,,self-report; not geometry-derived layer count or success,0.7435488903304664,0.01657095688235111,0.2799389467528809,0.2860647737613303,4.149919027628721,7.293039107681786,0.9830729166666666,/srv/slam-research/grf/map-denoise/runs/multiscan-pilot-v1/exploration-v5-confirmation-p0oymcit/outputs/dual_g8_s912601_b4__pool_independent.npz,f7aa3971b1e2d799c346e5e658405d7e3dc20bf3f04d3a664890e97d95d9a7cf,7.97002214156558,0.029977858434420135,0.9962527676956975,7.785607060452613,0.2143929395473867,"GT source-group affine fits evaluated at x=y=0; may extrapolate, not physical layer count"
dual_g8_s912601_b4,dual_g8_s912601_b4,/srv/slam-research/grf/map-denoise/runs/multiscan-pilot-v1/exploration-v5-confirmation-p0oymcit/synthetics/dual_g8_s912601_b4.json,pool_compatible,confirmation,full,true_bilayer,8.0,4.0,912601,768,8,1.0,True,0.2452530599985039,True,True,0.27170506177456727,0.6856834974252555,0.9942813783099096,0.9583333333333334,0.98046875,0.23455047746941857,1.0,0.7215677732117337,0.27796132502903587,0.7208313442803526,,self-report; not geometry-derived layer count or success,0.7212394710762865,0.02176411494497872,0.27604833272197216,0.30266729638289047,4.159707728136192,7.372946290837649,0.9830729166666666,/srv/slam-research/grf/map-denoise/runs/multiscan-pilot-v1/exploration-v5-confirmation-p0oymcit/outputs/dual_g8_s912601_b4__pool_compatible.npz,777f0dd80f5d1bdf0d5f58088e4bcb57a896e5b4b1dd0e672b7595b8adba7c6a,7.975091457093531,0.024908542906469044,0.9968864321366914,7.778867114362716,0.22113288563728428,"GT source-group affine fits evaluated at x=y=0; may extrapolate, not physical layer count"
dual_g8_s912601_b4,dual_g8_s912601_b4,/srv/slam-research/grf/map-denoise/runs/multiscan-pilot-v1/exploration-v5-confirmation-p0oymcit/synthetics/dual_g8_s912601_b4.json,shared_group_slope,confirmation,full,true_bilayer,8.0,4.0,912601,768,8,1.0,True,0.2527564939955482,True,True,0.7041832200074124,1.322417108678566,3.0510565059422157,0.8736979166666666,0.88671875,0.6576395813170982,1.0,1.377399508579714,0.722342892398867,1.326298613038662,,self-report; not geometry-derived layer count or success,1.3769623361306835,0.03470059240371094,2.4060480497547587,3.820938152508133,4.327431986377884,7.647870110769062,0.9830729166666666,/srv/slam-research/grf/map-denoise/runs/multiscan-pilot-v1/exploration-v5-confirmation-p0oymcit/outputs/dual_g8_s912601_b4__shared_group_slope.npz,a0a9d06f7f8e97e4d5c7bf2381c75d96a1b41863343046050f6663b74dc975d0,7.223590506412483,0.7764094935875168,0.9029488133015604,4.248985812976654,3.7510141870233458,"GT source-group affine fits evaluated at x=y=0; may extrapolate, not physical layer count"
dual_g8_s912601_b4,dual_g8_s912601_b4,/srv/slam-research/grf/map-denoise/runs/multiscan-pilot-v1/exploration-v5-confirmation-p0oymcit/synthetics/dual_g8_s912601_b4.json,node_intercepts,confirmation,full,true_bilayer,8.0,4.0,912601,768,8,1.0,True,0.24889596800494473,True,True,0.2867547474097892,0.6971486284271488,1.0125782624031041,0.9544270833333334,0.9817708333333334,0.251198905304515,1.0,0.7324702637848669,0.2930110106642578,0.7317561534663491,,self-report; not geometry-derived layer count or success,0.7321583586778198,0.02137346830239927,0.27619176881835755,0.30008475705027593,4.151737439519556,7.3552297381647636,0.9830729166666666,/srv/slam-research/grf/map-denoise/runs/multiscan-pilot-v1/exploration-v5-confirmation-p0oymcit/outputs/dual_g8_s912601_b4__node_intercepts.npz,3107607b533ff8b36a82db24351bd88d85a55b0d38948cf82340a4b20b2dd6c1,7.974918127057093,0.025081872942907424,0.9968647658821366,7.781545046563859,0.21845495343614107,"GT source-group affine fits evaluated at x=y=0; may extrapolate, not physical layer count"
dual_g8_s912601_b4,dual_g8_s912601_b4,/srv/slam-research/grf/map-denoise/runs/multiscan-pilot-v1/exploration-v5-confirmation-p0oymcit/synthetics/dual_g8_s912601_b4.json,official_gicp,confirmation,full,true_bilayer,8.0,4.0,912601,768,8,1.0,True,0.02970905401161872,True,True,1.126809267052624,1.9308426541895114,3.6180013031760305,0.1015625,0.4583333333333333,2.2088876473571855,1.0,13.87929287932314,0.7860647908786392,0.9933687952354193,,self-report; not geometry-derived layer count or success,13.879284663487079,0.015101652966386811,0.2097423880826823,0.37362139886447937,14.422615311872889,26.180851881917487,1.0,/srv/slam-research/grf/map-denoise/runs/multiscan-pilot-v1/exploration-v5-confirmation-p0oymcit/outputs/dual_g8_s912601_b4__official_gicp.npz,153df158f45755dd5b8498bf47303f59117e37298cff31aa7c6aee13ecb63594,7.8382689396294545,0.16173106037054552,0.9797836174536818,7.755822861666497,0.2441771383335034,"GT source-group affine fits evaluated at x=y=0; may extrapolate, not physical layer count"
ghost_s912613_b0,ghost_s912613_b0,/srv/slam-research/grf/map-denoise/runs/multiscan-pilot-v1/exploration-v5-confirmation-p0oymcit/synthetics/ghost_s912613_b0.json,identity,confirmation,full,ghost_monolayer,0.0,0.0,912613,768,8,1.0,True,1.3950004358775914e-05,True,True,0.7897159534502368,0.9959522967639793,1.9802099182520974,0.71484375,0.9765625,0.7341364967779057,1.0,0.9959522967639793,0.7897159534502368,0.9959476734006093,,self-report; not geometry-derived layer count or success,0.9959476734006093,0.0030346791195623307,0.1700704554651328,0.17007045546513283,0.0,0.0,0.0,/srv/slam-research/grf/map-denoise/runs/multiscan-pilot-v1/exploration-v5-confirmation-p0oymcit/outputs/ghost_s912613_b0__identity.npz,4e1836ae1a47555399a215297218f73d024cec64f2e905aa3e8c31f3a03a9380,,,,,,
ghost_s912613_b0,ghost_s912613_b0,/srv/slam-research/grf/map-denoise/runs/multiscan-pilot-v1/exploration-v5-confirmation-p0oymcit/synthetics/ghost_s912613_b0.json,fast,confirmation,full,ghost_monolayer,0.0,0.0,912613,768,8,1.0,True,0.01053867100563366,True,True,0.06857320428999951,0.08038721467020872,0.13829937681362078,1.0,1.0,0.06872762011901153,1.0,0.08044135148490886,0.06857320428999951,0.0803299135134323,1,self-report; not geometry-derived layer count or success,0.08038408891913836,0.0030346791195622735,0.17030603809394151,0.17030603809394151,0.9927071974622204,1.9934606081702977,1.0,/srv/slam-research/grf/map-denoise/runs/multiscan-pilot-v1/exploration-v5-confirmation-p0oymcit/outputs/ghost_s912613_b0__fast.npz,21b19ce37f0dc0aa8d9b20277331317297693c497fab1991f1138db9d0bc82da,,,,,,
ghost_s912613_b0,ghost_s912613_b0,/srv/slam-research/grf/map-denoise/runs/multiscan-pilot-v1/exploration-v5-confirmation-p0oymcit/synthetics/ghost_s912613_b0.json,open3d_icp_then_xyz,confirmation,full,ghost_monolayer,0.0,0.0,912613,768,8,1.0,True,0.02636822799104266,True,True,0.08953778357510149,0.25208219617425154,0.13968681469559843,0.22005208333333334,0.6705729166666666,1.7295880443834382,1.0,4.192891742363984,0.06847716058429414,0.07994299491888118,1,self-report; not geometry-derived layer count or success,4.192890644162655,0.003034679119562367,0.1703060380939417,0.17030603809394168,4.307898599929157,7.378731865038778,1.0,/srv/slam-research/grf/map-denoise/runs/multiscan-pilot-v1/exploration-v5-confirmation-p0oymcit/outputs/ghost_s912613_b0__open3d_icp_then_xyz.npz,3e3f533e137e5c5e94dab0d5f61c70c2e2b2c8a328960c438d0a7f646987cee2,,,,,,
ghost_s912613_b0,ghost_s912613_b0,/srv/slam-research/grf/map-denoise/runs/multiscan-pilot-v1/exploration-v5-confirmation-p0oymcit/synthetics/ghost_s912613_b0.json,graph_shared,confirmation,full,ghost_monolayer,0.0,0.0,912613,768,8,1.0,True,0.10210185899632052,True,True,0.11755271790738997,0.17425052282174633,0.4107287729657464,1.0,1.0,0.11846913934912662,1.0,0.17445155588559563,0.11755271790738997,0.17422347900126023,,self-report; not geometry-derived layer count or success,0.1744245432342175,0.0030698645637376024,0.17014830413083062,0.17014830413083065,0.9802187598989629,1.9670097121194006,1.0,/srv/slam-research/grf/map-denoise/runs/multiscan-pilot-v1/exploration-v5-confirmation-p0oymcit/outputs/ghost_s912613_b0__graph_shared.npz,69256f5a2dc63e15a8f1746991b427bdfe6f4840e4f0fbcddbe87fd9ef7c478f,,,,,,
ghost_s912613_b0,ghost_s912613_b0,/srv/slam-research/grf/map-denoise/runs/multiscan-pilot-v1/exploration-v5-confirmation-p0oymcit/synthetics/ghost_s912613_b0.json,pool_independent,confirmation,full,ghost_monolayer,0.0,0.0,912613,768,8,1.0,True,0.12223641198943369,True,True,0.12026809485237604,0.17850302088793835,0.42323604620042804,1.0,1.0,0.12119482502242007,1.0,0.1787001037757913,0.12026809485237604,0.1784766221319318,,self-report; not geometry-derived layer count or success,0.1786737341382126,0.0030698238688721376,0.170322219418786,0.170322219418786,0.9801993413681134,1.9704889544109456,1.0,/srv/slam-research/grf/map-denoise/runs/multiscan-pilot-v1/exploration-v5-confirmation-p0oymcit/outputs/ghost_s912613_b0__pool_independent.npz,1f6ef938cf9ca721184be36878cd7dcf432df09ae8b05b716c09f06d82fb9e40,,,,,,
ghost_s912613_b0,ghost_s912613_b0,/srv/slam-research/grf/map-denoise/runs/multiscan-pilot-v1/exploration-v5-confirmation-p0oymcit/synthetics/ghost_s912613_b0.json,pool_compatible,confirmation,full,ghost_monolayer,0.0,0.0,912613,768,8,1.0,True,0.1485974429961061,True,True,0.06846999422866766,0.08012209964124033,0.13723617146071876,1.0,1.0,0.06944244168025372,1.0,0.08057147323266932,0.06846999422866766,0.0800631752467547,,self-report; not geometry-derived layer count or success,0.08051287771810749,0.003072266334778787,0.1703283862481613,0.1703283862481613,0.9927396084454623,1.9948476234405697,1.0,/srv/slam-research/grf/map-denoise/runs/multiscan-pilot-v1/exploration-v5-confirmation-p0oymcit/outputs/ghost_s912613_b0__pool_compatible.npz,f919d033a8a2cdd0749fbbb76fd80277aa540c3455e33086e12b9496ecebe50b,,,,,,
ghost_s912613_b0,ghost_s912613_b0,/srv/slam-research/grf/map-denoise/runs/multiscan-pilot-v1/exploration-v5-confirmation-p0oymcit/synthetics/ghost_s912613_b0.json,shared_group_slope,confirmation,full,ghost_monolayer,0.0,0.0,912613,768,8,1.0,True,0.14912974499748088,True,True,0.06846999422866774,0.08012209964124041,0.13723617146071881,1.0,1.0,0.06944244168025378,1.0,0.0805714732326694,0.06846999422866774,0.08006317524675477,,self-report; not geometry-derived layer count or success,0.08051287771810758,0.0030722663347788953,0.1703283862481614,0.17032838624816143,0.9927396084454623,1.9948476234405697,1.0,/srv/slam-research/grf/map-denoise/runs/multiscan-pilot-v1/exploration-v5-confirmation-p0oymcit/outputs/ghost_s912613_b0__shared_group_slope.npz,0a86bf990aa80fe421d1e43afe2d629f6630412dda9d07b814d45ed13d3cb399,,,,,,
ghost_s912613_b0,ghost_s912613_b0,/srv/slam-research/grf/map-denoise/runs/multiscan-pilot-v1/exploration-v5-confirmation-p0oymcit/synthetics/ghost_s912613_b0.json,node_intercepts,confirmation,full,ghost_monolayer,0.0,0.0,912613,768,8,1.0,True,0.14790928000002168,True,True,0.08017402836792628,0.09516255992926738,0.17396835922471957,1.0,1.0,0.0810505122254877,1.0,0.09554018518939723,0.08017402836792628,0.09511298797729159,,self-report; not geometry-derived layer count or success,0.09549080927295328,0.00307120992782607,0.17032862718520111,0.17032862718520111,0.9913826499272063,1.983840072664605,1.0,/srv/slam-research/grf/map-denoise/runs/multiscan-pilot-v1/exploration-v5-confirmation-p0oymcit/outputs/ghost_s912613_b0__node_intercepts.npz,4b2a71e21aefe7da87fd60f58cedf48354b24f3bb81c67f07c62d11a548df588,,,,,,
ghost_s912613_b0,ghost_s912613_b0,/srv/slam-research/grf/map-denoise/runs/multiscan-pilot-v1/exploration-v5-confirmation-p0oymcit/synthetics/ghost_s912613_b0.json,official_gicp,confirmation,full,ghost_monolayer,0.0,0.0,912613,768,8,1.0,True,0.023942799991345964,True,True,1.2654567430890173,2.4311934448684194,3.7008008663544256,0.1015625,0.4375,2.3525080857943164,1.0,15.439990941787173,0.8217758552360591,1.0234122403616301,,self-report; not geometry-derived layer count or success,15.439990643559103,0.0030346791195625133,0.35725180443205534,0.35725180443205534,15.408951491836678,25.78198531718699,1.0,/srv/slam-research/grf/map-denoise/runs/multiscan-pilot-v1/exploration-v5-confirmation-p0oymcit/outputs/ghost_s912613_b0__official_gicp.npz,12107bc2f521be1cb38262523c8efdcba919ca1692bde15cfb2bf65f513a4462,,,,,,
ghost_s912613_b4,ghost_s912613_b4,/srv/slam-research/grf/map-denoise/runs/multiscan-pilot-v1/exploration-v5-confirmation-p0oymcit/synthetics/ghost_s912613_b4.json,identity,confirmation,full,ghost_monolayer,0.0,4.0,912613,768,8,1.0,True,1.4609002391807735e-05,True,True,3.6154497237024437,4.166790439292345,7.239542345185877,0.15104166666666666,0.37109375,2.4853762930595886,1.0,4.166790439292345,3.6154497237024437,4.166789334211743,,self-report; not geometry-derived layer count or success,4.166789334211743,0.0030346791195621585,0.21874364711028696,0.218743647110287,0.0,0.0,0.0,/srv/slam-research/grf/map-denoise/runs/multiscan-pilot-v1/exploration-v5-confirmation-p0oymcit/outputs/ghost_s912613_b4__identity.npz,581421a8699308cc032bcc6d7d4fba1127ec3c1dad9c6e97fb01542c1c4c069a,,,,,,
ghost_s912613_b4,ghost_s912613_b4,/srv/slam-research/grf/map-denoise/runs/multiscan-pilot-v1/exploration-v5-confirmation-p0oymcit/synthetics/ghost_s912613_b4.json,fast,confirmation,full,ghost_monolayer,0.0,4.0,912613,768,8,1.0,True,0.009970598999643698,True,True,0.08898039219439037,0.10273179396368351,0.16771575631706337,1.0,1.0,0.09152599859945228,1.0,0.10401924473430244,0.08898039219439037,0.10268696223785184,1,self-report; not geometry-derived layer count or success,0.10397496813048797,0.0030346791195628507,0.22440883678432608,0.22440883678432608,4.165555776276583,7.197553858353325,1.0,/srv/slam-research/grf/map-denoise/runs/multiscan-pilot-v1/exploration-v5-confirmation-p0oymcit/outputs/ghost_s912613_b4__fast.npz,c95f2073a97ec9ec2653482a33e28facaeaa0761d083100a1ee4d80b4e3f331c,,,,,,
ghost_s912613_b4,ghost_s912613_b4,/srv/slam-research/grf/map-denoise/runs/multiscan-pilot-v1/exploration-v5-confirmation-p0oymcit/synthetics/ghost_s912613_b4.json,open3d_icp_then_xyz,confirmation,full,ghost_monolayer,0.0,4.0,912613,768,8,1.0,True,0.02627110999310389,True,True,0.1021620665807903,0.18863843479973197,0.17902911096681967,0.23307291666666666,0.7109375,1.6782749720928372,1.0,4.014723453810427,0.0884202371667668,0.10276637975712012,1,self-report; not geometry-derived layer count or success,4.014722306872315,0.003034679119557972,0.22440883678432602,0.22440883678432602,5.785367769495563,8.25484317403505,1.0,/srv/slam-research/grf/map-denoise/runs/multiscan-pilot-v1/exploration-v5-confirmation-p0oymcit/outputs/ghost_s912613_b4__open3d_icp_then_xyz.npz,0793f820f044bf27c6b8cf8d48c266a711d536c60e8ee1da354c62a50aea5696,,,,,,
ghost_s912613_b4,ghost_s912613_b4,/srv/slam-research/grf/map-denoise/runs/multiscan-pilot-v1/exploration-v5-confirmation-p0oymcit/synthetics/ghost_s912613_b4.json,graph_shared,confirmation,full,ghost_monolayer,0.0,4.0,912613,768,8,1.0,True,0.15046242700191215,True,True,0.11759226875954969,0.17423835195762835,0.410815514165944,1.0,1.0,0.12764861054940888,1.0,0.17783038806136722,0.11759226875954969,0.17421131754375194,,self-report; not geometry-derived layer count or success,0.17780389980365727,0.00306922346326682,0.17014924287899116,0.17014924287899116,4.16338023004127,7.202696622833944,1.0,/srv/slam-research/grf/map-denoise/runs/multiscan-pilot-v1/exploration-v5-confirmation-p0oymcit/outputs/ghost_s912613_b4__graph_shared.npz,fe8169dd96206bc802ea995db26b568ceee6b734d3205f78a8d4f458b5051e9e,,,,,,
ghost_s912613_b4,ghost_s912613_b4,/srv/slam-research/grf/map-denoise/runs/multiscan-pilot-v1/exploration-v5-confirmation-p0oymcit/synthetics/ghost_s912613_b4.json,pool_independent,confirmation,full,ghost_monolayer,0.0,4.0,912613,768,8,1.0,True,0.1723905879916856,True,True,0.12030516391186512,0.17849175872652043,0.4230976866982118,1.0,1.0,0.13033438183333665,1.0,0.1820148587069134,0.12030516391186512,0.17846536933979248,,self-report; not geometry-derived layer count or success,0.18198898018922072,0.0030691822665111206,0.17032154055450135,0.17032154055450135,4.163431536858067,7.198062831932822,1.0,/srv/slam-research/grf/map-denoise/runs/multiscan-pilot-v1/exploration-v5-confirmation-p0oymcit/outputs/ghost_s912613_b4__pool_independent.npz,858e2ad1ea9c4da822e718f22891440fce2ec3e67e38c5b512c02184670d4d43,,,,,,
ghost_s912613_b4,ghost_s912613_b4,/srv/slam-research/grf/map-denoise/runs/multiscan-pilot-v1/exploration-v5-confirmation-p0oymcit/synthetics/ghost_s912613_b4.json,pool_compatible,confirmation,full,ghost_monolayer,0.0,4.0,912613,768,8,1.0,True,0.19341536599677056,True,True,0.06847030492713697,0.08012230874846854,0.13723654285685505,1.0,1.0,0.07970939878402075,1.0,0.0876993583824007,0.06847030492713697,0.08006341056578965,,self-report; not geometry-derived layer count or success,0.08764555215654832,0.0030715871888223525,0.17032774459037756,0.17032774459037753,4.165876631969706,7.209545704320389,1.0,/srv/slam-research/grf/map-denoise/runs/multiscan-pilot-v1/exploration-v5-confirmation-p0oymcit/outputs/ghost_s912613_b4__pool_compatible.npz,6464b185c1aa159d5f805084c96d36ef61cf87206c7e407b75705a377f42820b,,,,,,
ghost_s912613_b4,ghost_s912613_b4,/srv/slam-research/grf/map-denoise/runs/multiscan-pilot-v1/exploration-v5-confirmation-p0oymcit/synthetics/ghost_s912613_b4.json,shared_group_slope,confirmation,full,ghost_monolayer,0.0,4.0,912613,768,8,1.0,True,0.19351821398595348,True,True,0.06847030492713685,0.08012230874846836,0.1372365428568545,1.0,1.0,0.07970939878402063,1.0,0.08769935838240055,0.06847030492713685,0.08006341056578947,,self-report; not geometry-derived layer count or success,0.08764555215654815,0.003071587188822331,0.17032774459037728,0.17032774459037728,4.165876631969706,7.20954570432039,1.0,/srv/slam-research/grf/map-denoise/runs/multiscan-pilot-v1/exploration-v5-confirmation-p0oymcit/outputs/ghost_s912613_b4__shared_group_slope.npz,17353c71115ebef0955312d725cebd1b037f798295582da0645eafa342171d3a,,,,,,
ghost_s912613_b4,ghost_s912613_b4,/srv/slam-research/grf/map-denoise/runs/multiscan-pilot-v1/exploration-v5-confirmation-p0oymcit/synthetics/ghost_s912613_b4.json,node_intercepts,confirmation,full,ghost_monolayer,0.0,4.0,912613,768,8,1.0,True,0.19351608998840675,True,True,0.08017636740020935,0.0951655891197076,0.1739522734081831,1.0,1.0,0.09034143845172604,1.0,0.1016324895406616,0.08017636740020935,0.09511604006992493,,self-report; not geometry-derived layer count or success,0.10158609479757043,0.0030705494641401015,0.17032796580568624,0.17032796580568624,4.167646134702323,7.275318561048755,1.0,/srv/slam-research/grf/map-denoise/runs/multiscan-pilot-v1/exploration-v5-confirmation-p0oymcit/outputs/ghost_s912613_b4__node_intercepts.npz,a6267f52a38a285981e5da61bdcc2aef73b6b6c64984bbb589110f6eb62087ec,,,,,,
ghost_s912613_b4,ghost_s912613_b4,/srv/slam-research/grf/map-denoise/runs/multiscan-pilot-v1/exploration-v5-confirmation-p0oymcit/synthetics/ghost_s912613_b4.json,official_gicp,confirmation,full,ghost_monolayer,0.0,4.0,912613,768,8,1.0,True,0.023318128995015286,True,True,1.4656058891979313,3.006704668791953,5.430170166338668,0.08333333333333333,0.4309895833333333,2.364298464232551,1.0,17.58805398807912,0.7997111917275744,0.9987088977046945,,self-report; not geometry-derived layer count or success,17.588053726274218,0.003034679119562868,0.19142727446812635,0.19142727446812635,18.00605705546455,29.36205289492403,1.0,/srv/slam-research/grf/map-denoise/runs/multiscan-pilot-v1/exploration-v5-confirmation-p0oymcit/outputs/ghost_s912613_b4__official_gicp.npz,298ac47db7ab9189ad0c4cfc4df72440bbb85161f13475362c684fef79153d06,,,,,,
dual_g2_s912613_b0,dual_g2_s912613_b0,/srv/slam-research/grf/map-denoise/runs/multiscan-pilot-v1/exploration-v5-confirmation-p0oymcit/synthetics/dual_g2_s912613_b0.json,identity,confirmation,full,true_bilayer,2.0,0.0,912613,768,8,1.0,True,1.367799995932728e-05,True,True,0.7520508136913366,0.9541019496264123,1.9308657827562168,0.7109375,0.9739583333333334,0.7371090187690609,1.0,0.9959522967639793,0.7897159534502368,0.9958861773192192,,self-report; not geometry-derived layer count or success,0.9959476734006093,0.0030346791195623476,0.20322429595213368,0.3928065723764559,0.0,0.0,0.0,/srv/slam-research/grf/map-denoise/runs/multiscan-pilot-v1/exploration-v5-confirmation-p0oymcit/outputs/dual_g2_s912613_b0__identity.npz,f7cc7641cf0b50e751cf03e112569eb35007db790bf1e74c87bfeeca2f75a3f6,2.0229428522761936,0.022942852276193637,1.0114714261380968,2.272897406006183,0.27289740600618284,"GT source-group affine fits evaluated at x=y=0; may extrapolate, not physical layer count"
dual_g2_s912613_b0,dual_g2_s912613_b0,/srv/slam-research/grf/map-denoise/runs/multiscan-pilot-v1/exploration-v5-confirmation-p0oymcit/synthetics/dual_g2_s912613_b0.json,fast,confirmation,full,true_bilayer,2.0,0.0,912613,768,8,1.0,True,0.009123876996454783,True,True,0.42845159296284496,0.5098116281960996,0.9230937324874905,0.9700520833333334,1.0,0.43242843223884314,1.0,0.5154380690959265,0.43098740293750365,0.428920201040914,1,self-report; not geometry-derived layer count or success,0.5154291355714947,0.003034679119562272,1.327637245497371,1.327637245497371,1.1393658902048152,2.245960082976089,1.0,/srv/slam-research/grf/map-denoise/runs/multiscan-pilot-v1/exploration-v5-confirmation-p0oymcit/outputs/dual_g2_s912613_b0__fast.npz,4514e9a5e96ae5ebc6e2e4a3d3c769f61ef28ce2136a6853341720ac861e56b5,1.4100249321909397,0.5899750678090603,0.7050124660954699,6.661338147750939e-16,1.9999999999999993,"GT source-group affine fits evaluated at x=y=0; may extrapolate, not physical layer count"
dual_g2_s912613_b0,dual_g2_s912613_b0,/srv/slam-research/grf/map-denoise/runs/multiscan-pilot-v1/exploration-v5-confirmation-p0oymcit/synthetics/dual_g2_s912613_b0.json,open3d_icp_then_xyz,confirmation,full,true_bilayer,2.0,0.0,912613,768,8,1.0,True,0.026086613986990415,True,True,0.36863224754025703,0.4532864374770284,0.8757992463821932,0.23307291666666666,0.8671875,1.3779832701120889,1.0,1.8811578871205137,0.36503971645106725,0.40339155536445637,2,self-report; not geometry-derived layer count or success,1.8811546201935243,0.003505880812557914,1.0272471583986598,1.0547747230164524,2.033759344861534,3.360121601406464,1.0,/srv/slam-research/grf/map-denoise/runs/multiscan-pilot-v1/exploration-v5-confirmation-p0oymcit/outputs/dual_g2_s912613_b0__open3d_icp_then_xyz.npz,4e9b6eced15e73cff11661ece69220dd33881c16b526ec58c1242f4e47466a50,1.5893950954379763,0.4106049045620237,0.7946975477189882,0.5162339788659046,1.4837660211340955,"GT source-group affine fits evaluated at x=y=0; may extrapolate, not physical layer count"
dual_g2_s912613_b0,dual_g2_s912613_b0,/srv/slam-research/grf/map-denoise/runs/multiscan-pilot-v1/exploration-v5-confirmation-p0oymcit/synthetics/dual_g2_s912613_b0.json,graph_shared,confirmation,full,true_bilayer,2.0,0.0,912613,768,8,1.0,True,0.10001503401144873,True,True,0.22995930402086961,0.31966457491792144,0.728852074758287,0.984375,1.0,0.23916831860678767,1.0,0.3451078074394065,0.23834811967703964,0.3360955487734967,,self-report; not geometry-derived layer count or success,0.3450978067773471,0.002627263424045759,0.3964479302082055,0.5541368541545658,1.0227427843216088,2.0073114019454095,1.0,/srv/slam-research/grf/map-denoise/runs/multiscan-pilot-v1/exploration-v5-confirmation-p0oymcit/outputs/dual_g2_s912613_b0__graph_shared.npz,2fb72f89d5f4370afdbd4a0e69a6d324aa0d9c820bc63392dd34466673c3af11,1.8394795256811514,0.16052047431884864,0.9197397628405757,1.4083062499653192,0.5916937500346808,"GT source-group affine fits evaluated at x=y=0; may extrapolate, not physical layer count"
dual_g2_s912613_b0,dual_g2_s912613_b0,/srv/slam-research/grf/map-denoise/runs/multiscan-pilot-v1/exploration-v5-confirmation-p0oymcit/synthetics/dual_g2_s912613_b0.json,pool_independent,confirmation,full,true_bilayer,2.0,0.0,912613,768,8,1.0,True,0.12267116499424446,True,True,0.2336468628367304,0.32294762023465684,0.731178809627082,0.9830729166666666,1.0,0.24326279780299162,1.0,0.34936501540446563,0.24245930505973914,0.3410717225795963,,self-report; not geometry-derived layer count or success,0.34935514715108806,0.002625861307099994,0.3809115554066637,0.5218875335055584,1.0227098626177518,2.003579121202096,1.0,/srv/slam-research/grf/map-denoise/runs/multiscan-pilot-v1/exploration-v5-confirmation-p0oymcit/outputs/dual_g2_s912613_b0__pool_independent.npz,5f75971ee9fe1acd9b35180e0d03f2b8697d44e34f16a308c622529bf6bfdacc,1.8451025582784175,0.15489744172158249,0.9225512791392088,1.4397522605104336,0.5602477394895664,"GT source-group affine fits evaluated at x=y=0; may extrapolate, not physical layer count"
dual_g2_s912613_b0,dual_g2_s912613_b0,/srv/slam-research/grf/map-denoise/runs/multiscan-pilot-v1/exploration-v5-confirmation-p0oymcit/synthetics/dual_g2_s912613_b0.json,pool_compatible,confirmation,full,true_bilayer,2.0,0.0,912613,768,8,1.0,True,0.14862500500748865,True,True,0.18918752743822456,0.28837041412377684,0.673311251115965,0.9778645833333334,0.9986979166666666,0.20006562147874077,1.0,0.3205314048061709,0.19889066884540132,0.3098855405825533,,self-report; not geometry-derived layer count or success,0.32052053223727284,0.0026400532859670355,0.42617227085328563,0.5823723588902768,1.038522162969141,2.094842001500113,1.0,/srv/slam-research/grf/map-denoise/runs/multiscan-pilot-v1/exploration-v5-confirmation-p0oymcit/outputs/dual_g2_s912613_b0__pool_compatible.npz,203d8739369b66859db063b8c4c367407c33f98c8da849cf586502e6eee3ca7d,1.8320446446452383,0.1679553553547617,0.9160223223226192,1.3821876089375458,0.6178123910624542,"GT source-group affine fits evaluated at x=y=0; may extrapolate, not physical layer count"
dual_g2_s912613_b0,dual_g2_s912613_b0,/srv/slam-research/grf/map-denoise/runs/multiscan-pilot-v1/exploration-v5-confirmation-p0oymcit/synthetics/dual_g2_s912613_b0.json,shared_group_slope,confirmation,full,true_bilayer,2.0,0.0,912613,768,8,1.0,True,0.14738861900696065,True,True,0.238059014476491,0.37743944082865405,0.8365784834092428,0.9427083333333334,1.0,0.24679296477103888,1.0,0.40041693239689813,0.24622904417667457,0.358615771299324,,self-report; not geometry-derived layer count or success,0.40040758096941725,0.0027365767596880843,1.0148146211483529,1.704241205033943,1.095606551227313,2.22394472229239,1.0,/srv/slam-research/grf/map-denoise/runs/multiscan-pilot-v1/exploration-v5-confirmation-p0oymcit/outputs/dual_g2_s912613_b0__shared_group_slope.npz,de1837877701285f313eb3070f3a7a35afba9c445b90cb7928fa43b566106b57,1.6317005001734604,0.36829949982653964,0.8158502500867302,0.25105882644290634,1.7489411735570937,"GT source-group affine fits evaluated at x=y=0; may extrapolate, not physical layer count"
dual_g2_s912613_b0,dual_g2_s912613_b0,/srv/slam-research/grf/map-denoise/runs/multiscan-pilot-v1/exploration-v5-confirmation-p0oymcit/synthetics/dual_g2_s912613_b0.json,node_intercepts,confirmation,full,true_bilayer,2.0,0.0,912613,768,8,1.0,True,0.14622458000667393,True,True,0.1993692174837904,0.2929358163116936,0.6936457376097576,0.9791666666666666,0.9986979166666666,0.2112184315575886,1.0,0.32834972843773913,0.2102060860886991,0.31843063962218476,,self-report; not geometry-derived layer count or success,0.3283389802325206,0.002656732016113188,0.41584190449161573,0.5627734166006392,1.0344617751522658,2.094656616085995,1.0,/srv/slam-research/grf/map-denoise/runs/multiscan-pilot-v1/exploration-v5-confirmation-p0oymcit/outputs/dual_g2_s912613_b0__node_intercepts.npz,0fe9643e718c0f80a75440c44553960d3cd9157b0a212bfb1967a68feba5d8bc,1.8358600721197913,0.1641399278802087,0.9179300360598956,1.4049606546412812,0.5950393453587188,"GT source-group affine fits evaluated at x=y=0; may extrapolate, not physical layer count"
dual_g2_s912613_b0,dual_g2_s912613_b0,/srv/slam-research/grf/map-denoise/runs/multiscan-pilot-v1/exploration-v5-confirmation-p0oymcit/synthetics/dual_g2_s912613_b0.json,official_gicp,confirmation,full,true_bilayer,2.0,0.0,912613,768,8,1.0,True,0.024156636995030567,True,True,1.1485665817323552,2.4844594045195243,2.8835521068295784,0.08463541666666667,0.45703125,2.2152724192607818,1.0,15.125588668755151,0.8049744254848097,1.0122913230299624,,self-report; not geometry-derived layer count or success,15.125588364328074,0.003034679119562293,0.2981333751441155,0.39512578972375506,15.094998860194254,32.03836069945595,1.0,/srv/slam-research/grf/map-denoise/runs/multiscan-pilot-v1/exploration-v5-confirmation-p0oymcit/outputs/dual_g2_s912613_b0__official_gicp.npz,89b0490a4b370140dff6ae0125fe3e14629e0e1680726ce25eb7b417af8e5f65,2.0349122586256465,0.03491225862564651,1.0174561293128233,2.069719461878356,0.06971946187835609,"GT source-group affine fits evaluated at x=y=0; may extrapolate, not physical layer count"
dual_g2_s912613_b4,dual_g2_s912613_b4,/srv/slam-research/grf/map-denoise/runs/multiscan-pilot-v1/exploration-v5-confirmation-p0oymcit/synthetics/dual_g2_s912613_b4.json,identity,confirmation,full,true_bilayer,2.0,4.0,912613,768,8,1.0,True,1.4488003216683865e-05,True,True,3.3858141641581967,3.9627747971021563,7.190101277186171,0.14192708333333334,0.3736979166666667,2.481524354038551,1.0,4.166790439292345,3.6154497237024437,4.16678626438623,,self-report; not geometry-derived layer count or success,4.166789334211743,0.0030346791195621585,0.9083935930808659,1.373673173898101,0.0,0.0,0.0,/srv/slam-research/grf/map-denoise/runs/multiscan-pilot-v1/exploration-v5-confirmation-p0oymcit/outputs/dual_g2_s912613_b4__identity.npz,0cb22028c2cc1f3f75a09043410f5a902ed0aa07c418d589af0c98dec761ae8f,1.9895149702204833,0.010485029779516708,0.9947574851102416,1.2269516542187842,0.7730483457812158,"GT source-group affine fits evaluated at x=y=0; may extrapolate, not physical layer count"
dual_g2_s912613_b4,dual_g2_s912613_b4,/srv/slam-research/grf/map-denoise/runs/multiscan-pilot-v1/exploration-v5-confirmation-p0oymcit/synthetics/dual_g2_s912613_b4.json,fast,confirmation,full,true_bilayer,2.0,4.0,912613,768,8,1.0,True,0.00972413299314212,True,True,0.43074345906077843,0.5112639095944218,0.9150090445238168,0.9622395833333334,1.0,0.4565201178115148,1.0,0.53308203831012,0.4370732822642463,0.45282785723969404,1,self-report; not geometry-derived layer count or success,0.5330734004726868,0.0030346791195628095,1.3736219648202443,1.3736219648202448,4.194675084702483,7.349080052434293,1.0,/srv/slam-research/grf/map-denoise/runs/multiscan-pilot-v1/exploration-v5-confirmation-p0oymcit/outputs/dual_g2_s912613_b4__fast.npz,101cfe3ddf79cf873620307220259dc436c0f29640066428181259246af9f0cf,1.4554583944236474,0.5445416055763526,0.7277291972118237,4.440892098500626e-16,1.9999999999999996,"GT source-group affine fits evaluated at x=y=0; may extrapolate, not physical layer count"
dual_g2_s912613_b4,dual_g2_s912613_b4,/srv/slam-research/grf/map-denoise/runs/multiscan-pilot-v1/exploration-v5-confirmation-p0oymcit/synthetics/dual_g2_s912613_b4.json,open3d_icp_then_xyz,confirmation,full,true_bilayer,2.0,4.0,912613,768,8,1.0,True,0.02672721300041303,True,True,0.3731732910135837,0.4608302967932547,0.8881942582114536,0.2591145833333333,0.86328125,1.3966221137504717,1.0,1.9146846356715232,0.36918328143080553,0.42048827412622974,2,self-report; not geometry-derived layer count or success,1.9146809009301042,0.0037817575384441328,1.0534548525264558,1.0819954277310337,4.526099256323482,7.453480006695359,1.0,/srv/slam-research/grf/map-denoise/runs/multiscan-pilot-v1/exploration-v5-confirmation-p0oymcit/outputs/dual_g2_s912613_b4__open3d_icp_then_xyz.npz,823e0838b42e790eebb177c382de15e5ce2e8905c532c44f6d3ad96380e95067,1.6341974598715763,0.3658025401284237,0.8170987299357881,0.5368306975209716,1.4631693024790284,"GT source-group affine fits evaluated at x=y=0; may extrapolate, not physical layer count"
dual_g2_s912613_b4,dual_g2_s912613_b4,/srv/slam-research/grf/map-denoise/runs/multiscan-pilot-v1/exploration-v5-confirmation-p0oymcit/synthetics/dual_g2_s912613_b4.json,graph_shared,confirmation,full,true_bilayer,2.0,4.0,912613,768,8,1.0,True,0.15695967199280858,True,True,0.23010184651024623,0.31976305896874124,0.7285866056933463,0.984375,1.0,0.24883639168840796,1.0,0.34821925859460673,0.2384354836193773,0.33610850399228975,,self-report; not geometry-derived layer count or success,0.34820936441535283,0.0026249932635408666,0.3962580893345386,0.554102411485779,4.192086644318458,7.237623032741257,1.0,/srv/slam-research/grf/map-denoise/runs/multiscan-pilot-v1/exploration-v5-confirmation-p0oymcit/outputs/dual_g2_s912613_b4__graph_shared.npz,61a0fda1c56271a678bd605aef13f91b723ec8f585e67a4142c53cfb124ddfea,1.839528419018391,0.16047158098160907,0.9197642095091955,1.4085000280423454,0.5914999719576546,"GT source-group affine fits evaluated at x=y=0; may extrapolate, not physical layer count"
dual_g2_s912613_b4,dual_g2_s912613_b4,/srv/slam-research/grf/map-denoise/runs/multiscan-pilot-v1/exploration-v5-confirmation-p0oymcit/synthetics/dual_g2_s912613_b4.json,pool_independent,confirmation,full,true_bilayer,2.0,4.0,912613,768,8,1.0,True,0.16777490101230796,True,True,0.23378052724192222,0.3230512631674807,0.7306925460537279,0.9830729166666666,1.0,0.25275076100986743,1.0,0.3524404262459152,0.24253078640229617,0.3410970085093675,,self-report; not geometry-derived layer count or success,0.3524306612191497,0.002623563423162839,0.38070817435634935,0.5218116211749533,4.19235840401964,7.237050840353662,1.0,/srv/slam-research/grf/map-denoise/runs/multiscan-pilot-v1/exploration-v5-confirmation-p0oymcit/outputs/dual_g2_s912613_b4__pool_independent.npz,ea1298781dad7347efb596897d5efd986742c32fe66edb950c5cfb710c91af90,1.8451635611928485,0.15483643880715148,0.9225817805964243,1.439991188582469,0.560008811417531,"GT source-group affine fits evaluated at x=y=0; may extrapolate, not physical layer count"
dual_g2_s912613_b4,dual_g2_s912613_b4,/srv/slam-research/grf/map-denoise/runs/multiscan-pilot-v1/exploration-v5-confirmation-p0oymcit/synthetics/dual_g2_s912613_b4.json,pool_compatible,confirmation,full,true_bilayer,2.0,4.0,912613,768,8,1.0,True,0.19146233299397863,True,True,0.18921172131747407,0.2883553082361583,0.674001742258825,0.9778645833333334,0.9986979166666666,0.2115776507960844,1.0,0.3238223482185636,0.19882101699652568,0.30984975966359524,,self-report; not geometry-derived layer count or success,0.32381160366806383,0.0026379036565913694,0.4258619783035617,0.5821515520682347,4.199985705739313,7.238146649794668,1.0,/srv/slam-research/grf/map-denoise/runs/multiscan-pilot-v1/exploration-v5-confirmation-p0oymcit/outputs/dual_g2_s912613_b4__pool_compatible.npz,9a2c919d72d8bd1f015337efe092dc170be89cfa1364ea1064c59d2abdf766d7,1.8321324254537887,0.16786757454621126,0.9160662127268944,1.3825472699842158,0.6174527300157842,"GT source-group affine fits evaluated at x=y=0; may extrapolate, not physical layer count"
dual_g2_s912613_b4,dual_g2_s912613_b4,/srv/slam-research/grf/map-denoise/runs/multiscan-pilot-v1/exploration-v5-confirmation-p0oymcit/synthetics/dual_g2_s912613_b4.json,shared_group_slope,confirmation,full,true_bilayer,2.0,4.0,912613,768,8,1.0,True,0.189366588005214,True,True,0.23796999814829453,0.37721427874522495,0.8156905822170603,0.9427083333333334,1.0,0.2563624987749862,1.0,0.4030612575701258,0.24622616523818885,0.3586070995382111,,self-report; not geometry-derived layer count or success,0.40305197905523776,0.002734873610879323,1.0145108046678406,1.7035020934175031,4.192876230959866,7.316023026719648,1.0,/srv/slam-research/grf/map-denoise/runs/multiscan-pilot-v1/exploration-v5-confirmation-p0oymcit/outputs/dual_g2_s912613_b4__shared_group_slope.npz,a527738d08eb7be08cc3f7dbe2c8d9b8558e88fdccedaddec43ff7042ce24b95,1.6316721139680892,0.3683278860319108,0.8158360569840446,0.2515610644120665,1.7484389355879335,"GT source-group affine fits evaluated at x=y=0; may extrapolate, not physical layer count"
dual_g2_s912613_b4,dual_g2_s912613_b4,/srv/slam-research/grf/map-denoise/runs/multiscan-pilot-v1/exploration-v5-confirmation-p0oymcit/synthetics/dual_g2_s912613_b4.json,node_intercepts,confirmation,full,true_bilayer,2.0,4.0,912613,768,8,1.0,True,0.19462766499782447,True,True,0.19939715859895704,0.2929637946469755,0.6927724766154014,0.9791666666666666,0.9986979166666666,0.221889898241331,1.0,0.3315821203077668,0.21017192638206242,0.3184137076149537,,self-report; not geometry-derived layer count or success,0.3315714938204918,0.002654617381458886,0.4155308204057448,0.562555226751035,4.200042492838472,7.192742158563032,1.0,/srv/slam-research/grf/map-denoise/runs/multiscan-pilot-v1/exploration-v5-confirmation-p0oymcit/outputs/dual_g2_s912613_b4__node_intercepts.npz,b2c44708ac743aedc42c69e94f2e06b7a216f248bb32a1231a20ba1395b10879,1.8359488410408544,0.16405115895914557,0.9179744205204272,1.4053164472552977,0.5946835527447023,"GT source-group affine fits evaluated at x=y=0; may extrapolate, not physical layer count"
dual_g2_s912613_b4,dual_g2_s912613_b4,/srv/slam-research/grf/map-denoise/runs/multiscan-pilot-v1/exploration-v5-confirmation-p0oymcit/synthetics/dual_g2_s912613_b4.json,official_gicp,confirmation,full,true_bilayer,2.0,4.0,912613,768,8,1.0,True,0.025910315991495736,True,True,1.0443819540557655,2.266044367471069,2.432798538966155,0.07421875,0.46484375,2.2120061131631488,1.0,12.72916647668817,0.7992167972693759,1.0032286320646209,,self-report; not geometry-derived layer count or success,12.729166114948951,0.0030346791195605565,0.29161647490794795,0.34176951007871986,13.319021784140386,26.796923960018518,1.0,/srv/slam-research/grf/map-denoise/runs/multiscan-pilot-v1/exploration-v5-confirmation-p0oymcit/outputs/dual_g2_s912613_b4__official_gicp.npz,858f12b236f4d485b108f3c398f02288a359cbc69ab46c9ba379703ecb859d1c,2.1171556972374193,0.11715569723741925,1.0585778486187096,2.2400724397374456,0.24007243973744563,"GT source-group affine fits evaluated at x=y=0; may extrapolate, not physical layer count"
dual_g4_s912613_b0,dual_g4_s912613_b0,/srv/slam-research/grf/map-denoise/runs/multiscan-pilot-v1/exploration-v5-confirmation-p0oymcit/synthetics/dual_g4_s912613_b0.json,identity,confirmation,full,true_bilayer,4.0,0.0,912613,768,8,1.0,True,1.387100201100111e-05,True,True,0.7863540767897647,0.9891410406388473,1.930865782756217,0.7135416666666666,0.9765625,0.7352527672768233,1.0,0.9959522967639793,0.7897159534502372,0.9957560074226736,,self-report; not geometry-derived layer count or success,0.9959476734006095,0.0030346791195623828,0.22390533095954415,0.2896523652283959,0.0,0.0,0.0,/srv/slam-research/grf/map-denoise/runs/multiscan-pilot-v1/exploration-v5-confirmation-p0oymcit/outputs/dual_g4_s912613_b0__identity.npz,b9ae87bedb5d2ac5b275e8a013b80ff6e345cb984909b473feccce3a66596736,4.040785645661226,0.04078564566122633,1.0101964114153066,4.168530892815464,0.16853089281546385,"GT source-group affine fits evaluated at x=y=0; may extrapolate, not physical layer count"
dual_g4_s912613_b0,dual_g4_s912613_b0,/srv/slam-research/grf/map-denoise/runs/multiscan-pilot-v1/exploration-v5-confirmation-p0oymcit/synthetics/dual_g4_s912613_b0.json,fast,confirmation,full,true_bilayer,4.0,0.0,912613,768,8,1.0,True,0.00953469799424056,True,True,0.916531470907584,1.1437297433232587,2.110331475362359,0.6419270833333334,0.9348958333333334,0.8785659842830992,1.0,1.2007501987536293,0.9489459915067421,1.1537697446337585,2,self-report; not geometry-derived layer count or success,1.2007463639459923,0.003034679119562284,1.662779939698865,1.8549507843068536,1.27319507312923,2.479620976403636,1.0,/srv/slam-research/grf/map-denoise/runs/multiscan-pilot-v1/exploration-v5-confirmation-p0oymcit/outputs/dual_g4_s912613_b0__fast.npz,6183c773f2d4cc996e9e09432bc9005d5f208c2e7f7a971d1c1ba86d126e09b1,3.3177609494758036,0.6822390505241964,0.8294402373689509,1.4938092734599102,2.5061907265400896,"GT source-group affine fits evaluated at x=y=0; may extrapolate, not physical layer count"
dual_g4_s912613_b0,dual_g4_s912613_b0,/srv/slam-research/grf/map-denoise/runs/multiscan-pilot-v1/exploration-v5-confirmation-p0oymcit/synthetics/dual_g4_s912613_b0.json,open3d_icp_then_xyz,confirmation,full,true_bilayer,4.0,0.0,912613,768,8,1.0,True,0.0266162269981578,True,True,0.6043219287422824,0.7549363130169222,1.5075010844875756,0.23177083333333334,0.71484375,1.6585555489422468,1.0,3.257671195809961,0.6025808668451123,0.7062254180882397,2,self-report; not geometry-derived layer count or success,3.257670017556346,0.0027706902269400233,1.5532382849338215,1.644985271410905,3.2763316033650467,5.813414585937983,1.0,/srv/slam-research/grf/map-denoise/runs/multiscan-pilot-v1/exploration-v5-confirmation-p0oymcit/outputs/dual_g4_s912613_b0__open3d_icp_then_xyz.npz,6baab7974d7ea79887abadf8b1bffcb8603b405e1b59db2f404ac59080d1d1a7,3.4540216679419626,0.5459783320580374,0.8635054169854907,1.7922290613417806,2.2077709386582196,"GT source-group affine fits evaluated at x=y=0; may extrapolate, not physical layer count"
dual_g4_s912613_b0,dual_g4_s912613_b0,/srv/slam-research/grf/map-denoise/runs/multiscan-pilot-v1/exploration-v5-confirmation-p0oymcit/synthetics/dual_g4_s912613_b0.json,graph_shared,confirmation,full,true_bilayer,4.0,0.0,912613,768,8,1.0,True,0.16327941500640009,True,True,0.3086331462579746,0.5135027682892099,1.1737746549339936,0.9388020833333334,0.9817708333333334,0.31070070263803057,1.0,0.5438076879946926,0.3162497795854742,0.5324237609450625,,self-report; not geometry-derived layer count or success,0.5437717855185824,0.006248743558965361,0.7803886484249242,0.9427801413629185,1.057118035090875,2.2166468250469578,0.9674479166666666,/srv/slam-research/grf/map-denoise/runs/multiscan-pilot-v1/exploration-v5-confirmation-p0oymcit/outputs/dual_g4_s912613_b0__graph_shared.npz,f2ba39ad9134bdb3ceaf139b42005de7c678b932fe7303d5bb69fc1c7a9e5c7e,3.77031916487191,0.2296808351280899,0.9425797912179775,2.8848763386103555,1.1151236613896445,"GT source-group affine fits evaluated at x=y=0; may extrapolate, not physical layer count"
dual_g4_s912613_b0,dual_g4_s912613_b0,/srv/slam-research/grf/map-denoise/runs/multiscan-pilot-v1/exploration-v5-confirmation-p0oymcit/synthetics/dual_g4_s912613_b0.json,pool_independent,confirmation,full,true_bilayer,4.0,0.0,912613,768,8,1.0,True,0.18607601600524504,True,True,0.3181217463320336,0.5179515984038296,1.1847596523979744,0.9348958333333334,0.9830729166666666,0.3218138567947771,1.0,0.5502640687187244,0.32638755989645823,0.5433186605090758,,self-report; not geometry-derived layer count or success,0.550079370411154,0.01425593107985418,0.6798392951908921,0.7864937228020873,1.044759049891806,2.1324336954452923,0.9674479166666666,/srv/slam-research/grf/map-denoise/runs/multiscan-pilot-v1/exploration-v5-confirmation-p0oymcit/outputs/dual_g4_s912613_b0__pool_independent.npz,baeeaef06b907076104c5e81bec611a7049bbdcbf2d868f80dc8b10669317db5,3.821800031984796,0.1781999680152042,0.955450007996199,3.072923064047349,0.927076935952651,"GT source-group affine fits evaluated at x=y=0; may extrapolate, not physical layer count"
dual_g4_s912613_b0,dual_g4_s912613_b0,/srv/slam-research/grf/map-denoise/runs/multiscan-pilot-v1/exploration-v5-confirmation-p0oymcit/synthetics/dual_g4_s912613_b0.json,pool_compatible,confirmation,full,true_bilayer,4.0,0.0,912613,768,8,1.0,True,0.2097841870127013,True,True,0.2874430325082149,0.5147716674610918,1.1896469585666942,0.9283854166666666,0.9778645833333334,0.28967716349600775,1.0,0.5401975517873545,0.29393461692772166,0.5329147577735265,,self-report; not geometry-derived layer count or success,0.5398792845961818,0.01854057768696327,0.6875080780359496,0.8090214940729813,1.0595440457856655,2.111454673276217,0.9674479166666666,/srv/slam-research/grf/map-denoise/runs/multiscan-pilot-v1/exploration-v5-confirmation-p0oymcit/outputs/dual_g4_s912613_b0__pool_compatible.npz,0d9eaab6db3de07b028b58b33372475eb348c6f88b9cbbc3853b8e5a143e0529,3.8208685963618243,0.1791314036381757,0.9552171490904561,3.057621436383359,0.9423785636166411,"GT source-group affine fits evaluated at x=y=0; may extrapolate, not physical layer count"
dual_g4_s912613_b0,dual_g4_s912613_b0,/srv/slam-research/grf/map-denoise/runs/multiscan-pilot-v1/exploration-v5-confirmation-p0oymcit/synthetics/dual_g4_s912613_b0.json,shared_group_slope,confirmation,full,true_bilayer,4.0,0.0,912613,768,8,1.0,True,0.20950462999462616,True,True,0.39219105229463236,0.64521745619008,1.71327996718638,0.9205729166666666,0.9765625,0.40239567335429854,1.0,0.7021824104012302,0.407816676568496,0.6678651957752119,,self-report; not geometry-derived layer count or success,0.7010213578883939,0.04036326623545262,1.563763376050929,2.6500208583319442,1.1878879830304252,2.3743067774553217,0.9674479166666666,/srv/slam-research/grf/map-denoise/runs/multiscan-pilot-v1/exploration-v5-confirmation-p0oymcit/outputs/dual_g4_s912613_b0__shared_group_slope.npz,5821dc43f87344b870e617173e33ac917bfc8656215c229d09a6a9bffd17b133,3.5559418777785154,0.44405812222148455,0.8889854694446289,1.4539624175767218,2.546037582423278,"GT source-group affine fits evaluated at x=y=0; may extrapolate, not physical layer count"
dual_g4_s912613_b0,dual_g4_s912613_b0,/srv/slam-research/grf/map-denoise/runs/multiscan-pilot-v1/exploration-v5-confirmation-p0oymcit/synthetics/dual_g4_s912613_b0.json,node_intercepts,confirmation,full,true_bilayer,4.0,0.0,912613,768,8,1.0,True,0.21216873299272265,True,True,0.2981269900396339,0.5211969708159016,1.1738810339716914,0.9283854166666666,0.9778645833333334,0.29990319975617136,1.0,0.5467553791232442,0.3047091826228924,0.5392238797129447,,self-report; not geometry-derived layer count or success,0.5465643718436822,0.01445102180897933,0.6944984396956099,0.8075107052373527,1.053665986898706,2.0556962601200874,0.9674479166666666,/srv/slam-research/grf/map-denoise/runs/multiscan-pilot-v1/exploration-v5-confirmation-p0oymcit/outputs/dual_g4_s912613_b0__node_intercepts.npz,1fd367d1be04d9f19fb689970c48f1e959971641610ed28cf0276259b9cb6a1e,3.814888118726186,0.18511188127381395,0.9537220296815465,3.0462629847709866,0.9537370152290134,"GT source-group affine fits evaluated at x=y=0; may extrapolate, not physical layer count"
dual_g4_s912613_b0,dual_g4_s912613_b0,/srv/slam-research/grf/map-denoise/runs/multiscan-pilot-v1/exploration-v5-confirmation-p0oymcit/synthetics/dual_g4_s912613_b0.json,official_gicp,confirmation,full,true_bilayer,4.0,0.0,912613,768,8,1.0,True,0.026294298993889242,True,True,1.353463780155322,2.652215185962465,4.316861033944443,0.08072916666666667,0.4010416666666667,2.3771705244360395,1.0,16.70349794547357,0.8300171571502126,1.0454193888159076,,self-report; not geometry-derived layer count or success,16.703497669804438,0.0030346791195623095,0.2775905745895637,0.4505823553624929,16.676215053381608,30.49854404476464,1.0,/srv/slam-research/grf/map-denoise/runs/multiscan-pilot-v1/exploration-v5-confirmation-p0oymcit/outputs/dual_g4_s912613_b0__official_gicp.npz,39cb4269c7006a8ef745e5945a659a12c5efcc48c8b20b1a925fef4ca3fc30b9,3.843278464459428,0.156721535540572,0.960819616114857,3.703045526979833,0.296954473020167,"GT source-group affine fits evaluated at x=y=0; may extrapolate, not physical layer count"
dual_g4_s912613_b4,dual_g4_s912613_b4,/srv/slam-research/grf/map-denoise/runs/multiscan-pilot-v1/exploration-v5-confirmation-p0oymcit/synthetics/dual_g4_s912613_b4.json,identity,confirmation,full,true_bilayer,4.0,4.0,912613,768,8,1.0,True,1.4227000065147877e-05,True,True,3.274826774655414,3.841222603671485,6.8904620346428525,0.14192708333333334,0.3697916666666667,2.4762548778987123,1.0,4.166790439292346,3.6154497237024437,4.166730054819147,,self-report; not geometry-derived layer count or success,4.166789334211743,0.003034679119562371,0.5402851536957208,0.6455284941182577,0.0,0.0,0.0,/srv/slam-research/grf/map-denoise/runs/multiscan-pilot-v1/exploration-v5-confirmation-p0oymcit/outputs/dual_g4_s912613_b4__identity.npz,2bcde91799bc5f3b4b58f38cc9b87b29d7a27d67ae2b97a3824ca13de6dccf82,3.953603142995161,0.0463968570048392,0.9884007857487902,4.240908954015249,0.24090895401524914,"GT source-group affine fits evaluated at x=y=0; may extrapolate, not physical layer count"
dual_g4_s912613_b4,dual_g4_s912613_b4,/srv/slam-research/grf/map-denoise/runs/multiscan-pilot-v1/exploration-v5-confirmation-p0oymcit/synthetics/dual_g4_s912613_b4.json,fast,confirmation,full,true_bilayer,4.0,4.0,912613,768,8,1.0,True,0.009382620992255397,True,True,1.0848869071872858,1.375074708925112,2.8071288720588763,0.5494791666666666,0.875,1.0599964626519744,1.0,1.5206050327285285,1.1760271919156666,1.4462216748591141,2,self-report; not geometry-derived layer count or success,1.5206020045633148,0.0030346791195630094,1.730164291775272,1.778813130749324,4.5192298742498265,9.158537018444537,1.0,/srv/slam-research/grf/map-denoise/runs/multiscan-pilot-v1/exploration-v5-confirmation-p0oymcit/outputs/dual_g4_s912613_b4__fast.npz,2301f6fe6a1b8b2d3db2f83a8c9916b7f5d1910cf3a537d7d20530c4af4ba21b,3.1300859218962196,0.8699140781037804,0.7825214804740549,1.4010380569863523,2.5989619430136477,"GT source-group affine fits evaluated at x=y=0; may extrapolate, not physical layer count"
dual_g4_s912613_b4,dual_g4_s912613_b4,/srv/slam-research/grf/map-denoise/runs/multiscan-pilot-v1/exploration-v5-confirmation-p0oymcit/synthetics/dual_g4_s912613_b4.json,open3d_icp_then_xyz,confirmation,full,true_bilayer,4.0,4.0,912613,768,8,1.0,True,0.02596105200063903,True,True,0.600507771385037,0.7520606716656115,1.5118664042543595,0.2643229166666667,0.74609375,1.5955789138801617,1.0,3.1959538661927684,0.60015663572247,0.6990759593517412,2,self-report; not geometry-derived layer count or success,3.195952605344908,0.0028388768194008464,1.4617424263626126,1.5002026242253848,5.180434774404283,8.489866990446943,1.0,/srv/slam-research/grf/map-denoise/runs/multiscan-pilot-v1/exploration-v5-confirmation-p0oymcit/outputs/dual_g4_s912613_b4__open3d_icp_then_xyz.npz,5f8b2c7acd3f966eb845a0eb3c606ff0271c01c024e205f44ba005be1361ad0a,3.415779062024549,0.5842209379754508,0.8539447655061373,1.8839734337609175,2.1160265662390825,"GT source-group affine fits evaluated at x=y=0; may extrapolate, not physical layer count"
dual_g4_s912613_b4,dual_g4_s912613_b4,/srv/slam-research/grf/map-denoise/runs/multiscan-pilot-v1/exploration-v5-confirmation-p0oymcit/synthetics/dual_g4_s912613_b4.json,graph_shared,confirmation,full,true_bilayer,4.0,4.0,912613,768,8,1.0,True,0.19453289799275808,True,True,0.3589278308341783,0.6745463209442525,1.4367594577666665,0.9192708333333334,0.9674479166666666,0.3611736115497309,1.0,0.8849153896113631,0.4044623421398697,0.8747787781469295,,self-report; not geometry-derived layer count or success,0.8848458456230466,0.011093973799581582,0.8412856373503391,0.9827038455235181,4.126253528316885,7.28769430615882,0.9674479166666666,/srv/slam-research/grf/map-denoise/runs/multiscan-pilot-v1/exploration-v5-confirmation-p0oymcit/outputs/dual_g4_s912613_b4__graph_shared.npz,f587fc831077bac19b9ba07e0ec48b78881806e006c1dd2ed2f9fca7db4b039f,3.735207630563395,0.2647923694366048,0.9338019076408488,2.7934697525405454,1.2065302474594546,"GT source-group affine fits evaluated at x=y=0; may extrapolate, not physical layer count"
dual_g4_s912613_b4,dual_g4_s912613_b4,/srv/slam-research/grf/map-denoise/runs/multiscan-pilot-v1/exploration-v5-confirmation-p0oymcit/synthetics/dual_g4_s912613_b4.json,pool_independent,confirmation,full,true_bilayer,4.0,4.0,912613,768,8,1.0,True,0.21721389300364535,True,True,0.36846966607168047,0.6779610713279528,1.4323193216992538,0.9153645833333334,0.96875,0.3727065182023746,1.0,0.8889071843248836,0.4146483031880878,0.8820878723733295,,self-report; not geometry-derived layer count or success,0.8889022960022257,0.0029479664794595938,0.7343244738389284,0.8276372487053747,4.123280875399585,7.271545971176657,0.9674479166666666,/srv/slam-research/grf/map-denoise/runs/multiscan-pilot-v1/exploration-v5-confirmation-p0oymcit/outputs/dual_g4_s912613_b4__pool_independent.npz,6c47cf2883482ff92642dbc965f0d3d51d54c2527ca2e3327f9590eaa9f4326f,3.7867501383419553,0.21324986165804471,0.9466875345854888,2.981365906753889,1.0186340932461109,"GT source-group affine fits evaluated at x=y=0; may extrapolate, not physical layer count"
dual_g4_s912613_b4,dual_g4_s912613_b4,/srv/slam-research/grf/map-denoise/runs/multiscan-pilot-v1/exploration-v5-confirmation-p0oymcit/synthetics/dual_g4_s912613_b4.json,pool_compatible,confirmation,full,true_bilayer,4.0,4.0,912613,768,8,1.0,True,0.24006612700759433,True,True,0.33779006649173765,0.675790276558382,1.3378949280059615,0.9088541666666666,0.9635416666666666,0.3409858013374291,1.0,0.8827079138374777,0.38212095658520334,0.8757857808288056,,self-report; not geometry-derived layer count or success,0.8827069042121529,0.001335068353606364,0.7414555536685801,0.850081808139369,4.133540218043714,7.251826933154192,0.9674479166666666,/srv/slam-research/grf/map-denoise/runs/multiscan-pilot-v1/exploration-v5-confirmation-p0oymcit/outputs/dual_g4_s912613_b4__pool_compatible.npz,8c55aa7c5a85cd1fe44943794eda051dfac73a3e590090fdb3881157f234d34a,3.785788516093212,0.21421148390678812,0.946447129023303,2.96594365392776,1.0340563460722398,"GT source-group affine fits evaluated at x=y=0; may extrapolate, not physical layer count"
dual_g4_s912613_b4,dual_g4_s912613_b4,/srv/slam-research/grf/map-denoise/runs/multiscan-pilot-v1/exploration-v5-confirmation-p0oymcit/synthetics/dual_g4_s912613_b4.json,shared_group_slope,confirmation,full,true_bilayer,4.0,4.0,912613,768,8,1.0,True,0.24116649699863046,True,True,0.4425616045822691,0.7798532326708231,1.8947667166103934,0.9010416666666666,0.9622395833333334,0.45035919811234787,1.0,0.9901551165141654,0.49599847545422365,0.962038963721773,,self-report; not geometry-derived layer count or success,0.989884251857779,0.023158641651572803,1.6294039299165881,2.6893687211112463,4.173831091393689,7.278658681735227,0.9674479166666666,/srv/slam-research/grf/map-denoise/runs/multiscan-pilot-v1/exploration-v5-confirmation-p0oymcit/outputs/dual_g4_s912613_b4__shared_group_slope.npz,030e55b45f3848a4da316448e7acf93547f8788c1a48cdc60559caec05c2c0d0,3.520881945379876,0.47911805462012413,0.880220486344969,1.3622566928799085,2.6377433071200915,"GT source-group affine fits evaluated at x=y=0; may extrapolate, not physical layer count"
dual_g4_s912613_b4,dual_g4_s912613_b4,/srv/slam-research/grf/map-denoise/runs/multiscan-pilot-v1/exploration-v5-confirmation-p0oymcit/synthetics/dual_g4_s912613_b4.json,node_intercepts,confirmation,full,true_bilayer,4.0,4.0,912613,768,8,1.0,True,0.23935170599725097,True,True,0.34849227484074846,0.6806915727592459,1.3514009406997458,0.9088541666666666,0.9635416666666666,0.35185869258232455,1.0,0.886731267302132,0.39291480442113036,0.8795011680797129,,self-report; not geometry-derived layer count or success,0.886726997291635,0.0027518512688522053,0.7499922908191419,0.8485650333047947,4.129003230692788,7.285253127100221,0.9674479166666666,/srv/slam-research/grf/map-denoise/runs/multiscan-pilot-v1/exploration-v5-confirmation-p0oymcit/outputs/dual_g4_s912613_b4__node_intercepts.npz,aea00fd37b66810a202bb744bdcb2906599b8cbc25d28e508ce564711cc4b0c8,3.7798166375288536,0.22018336247114645,0.9449541593822134,2.954605662127999,1.045394337872001,"GT source-group affine fits evaluated at x=y=0; may extrapolate, not physical layer count"
dual_g4_s912613_b4,dual_g4_s912613_b4,/srv/slam-research/grf/map-denoise/runs/multiscan-pilot-v1/exploration-v5-confirmation-p0oymcit/synthetics/dual_g4_s912613_b4.json,official_gicp,confirmation,full,true_bilayer,4.0,4.0,912613,768,8,1.0,True,0.027697537007043138,True,True,1.338712084371523,2.6193408932467377,4.605630341271497,0.07291666666666667,0.4153645833333333,2.3842374815854597,1.0,16.517820321174668,0.8284179918358103,1.0379961254213808,,self-report; not geometry-derived layer count or success,16.51782004240673,0.0030346791195604936,0.3036591838787334,0.40454804499876457,16.999392288896647,30.765807013210676,1.0,/srv/slam-research/grf/map-denoise/runs/multiscan-pilot-v1/exploration-v5-confirmation-p0oymcit/outputs/dual_g4_s912613_b4__official_gicp.npz,d045a83642b5be9ec227c5316f779fc477ea0300c6eff04712c19ff0dad03e61,3.770532579073545,0.2294674209264551,0.9426331447683862,3.7759792499686373,0.22402075003136268,"GT source-group affine fits evaluated at x=y=0; may extrapolate, not physical layer count"
dual_g8_s912613_b0,dual_g8_s912613_b0,/srv/slam-research/grf/map-denoise/runs/multiscan-pilot-v1/exploration-v5-confirmation-p0oymcit/synthetics/dual_g8_s912613_b0.json,identity,confirmation,full,true_bilayer,8.0,0.0,912613,768,8,1.0,True,1.3804004993289709e-05,True,True,0.7897159534502368,0.9959522967639793,1.9802099182520974,0.7252604166666666,0.9752604166666666,0.7256796204820833,1.0,0.9959522967639793,0.7897159534502372,0.9953193783147498,,self-report; not geometry-derived layer count or success,0.9959476734006094,0.0030346791195624244,0.333672570206921,0.4802676585810748,0.0,0.0,0.0,/srv/slam-research/grf/map-denoise/runs/multiscan-pilot-v1/exploration-v5-confirmation-p0oymcit/outputs/dual_g8_s912613_b0__identity.npz,ada23dc93e80c46d7ee0c80c20c4b108f64bbc88934b426ac33b6c348e85f2f9,8.072816062413276,0.07281606241327587,1.0091020078016595,7.689384016855924,0.3106159831440758,"GT source-group affine fits evaluated at x=y=0; may extrapolate, not physical layer count"
dual_g8_s912613_b0,dual_g8_s912613_b0,/srv/slam-research/grf/map-denoise/runs/multiscan-pilot-v1/exploration-v5-confirmation-p0oymcit/synthetics/dual_g8_s912613_b0.json,fast,confirmation,full,true_bilayer,8.0,0.0,912613,768,8,1.0,True,0.00935164000838995,True,True,1.0515990000676048,1.2940334384955425,2.400567819615898,0.5455729166666666,0.9075520833333334,1.0166374523694144,1.0,1.3007858678082205,1.0518275524069631,1.2773447986621063,2,self-report; not geometry-derived layer count or success,1.3007823279135624,0.0030346791195623433,2.4159628543468625,4.192281764856076,1.2922389079090306,2.3807063684124166,1.0,/srv/slam-research/grf/map-denoise/runs/multiscan-pilot-v1/exploration-v5-confirmation-p0oymcit/outputs/dual_g8_s912613_b0__fast.npz,da56df5f0bd8b17c17479f98300a0c344f202647e3f799118b566171d7583b8e,7.564598586535932,0.435401413464068,0.9455748233169915,4.297192385039715,3.7028076149602853,"GT source-group affine fits evaluated at x=y=0; may extrapolate, not physical layer count"
dual_g8_s912613_b0,dual_g8_s912613_b0,/srv/slam-research/grf/map-denoise/runs/multiscan-pilot-v1/exploration-v5-confirmation-p0oymcit/synthetics/dual_g8_s912613_b0.json,open3d_icp_then_xyz,confirmation,full,true_bilayer,8.0,0.0,912613,768,8,1.0,True,0.01713504799408838,True,True,0.9370773662365321,1.142417380942638,2.094964509291049,0.27734375,0.8046875,1.4514707472450157,1.0,2.017717029466816,0.9368762238774355,1.1342893897594943,2,self-report; not geometry-derived layer count or success,2.0177147478634514,0.0030343458468143686,2.6681324128429584,4.410880731398222,2.00501144334064,4.08626310649213,1.0,/srv/slam-research/grf/map-denoise/runs/multiscan-pilot-v1/exploration-v5-confirmation-p0oymcit/outputs/dual_g8_s912613_b0__open3d_icp_then_xyz.npz,25819e5257b773dbb219209030470489bbe1eca5111ca12388c42430d2515b86,7.726859797202053,0.27314020279794704,0.9658574746502566,4.209394827940368,3.7906051720596317,"GT source-group affine fits evaluated at x=y=0; may extrapolate, not physical layer count"
dual_g8_s912613_b0,dual_g8_s912613_b0,/srv/slam-research/grf/map-denoise/runs/multiscan-pilot-v1/exploration-v5-confirmation-p0oymcit/synthetics/dual_g8_s912613_b0.json,graph_shared,confirmation,full,true_bilayer,8.0,0.0,912613,768,8,1.0,True,0.14782178300083615,True,True,0.390995835101785,0.6313176718858194,1.4543370376377642,0.89453125,0.9895833333333334,0.3772449605553338,1.0,0.6313808791684646,0.390995835101785,0.6279448510034772,,self-report; not geometry-derived layer count or success,0.6313466416491683,0.006575154588300769,0.8922992894109801,1.3960277024252121,1.0120345530898804,1.957006482656751,0.9752604166666666,/srv/slam-research/grf/map-denoise/runs/multiscan-pilot-v1/exploration-v5-confirmation-p0oymcit/outputs/dual_g8_s912613_b0__graph_shared.npz,926a210084ab27d02859ab54e32eaa991ab2c505129cab79233abd040ed6d764,7.866520644556876,0.13347935544312417,0.9833150805696095,6.74174154012529,1.2582584598747104,"GT source-group affine fits evaluated at x=y=0; may extrapolate, not physical layer count"
dual_g8_s912613_b0,dual_g8_s912613_b0,/srv/slam-research/grf/map-denoise/runs/multiscan-pilot-v1/exploration-v5-confirmation-p0oymcit/synthetics/dual_g8_s912613_b0.json,pool_independent,confirmation,full,true_bilayer,8.0,0.0,912613,768,8,1.0,True,0.17005733300175052,True,True,0.303525770919937,0.48334019080265256,0.9116058753097934,0.9596354166666666,0.9973958333333334,0.292889267916618,1.0,0.48341660392921365,0.303525770919937,0.48321899569142784,,self-report; not geometry-derived layer count or success,0.4833779992168596,0.006109241160725793,0.6017421579677011,0.9314026634827951,0.9746031735387718,1.8991099255068098,0.9752604166666666,/srv/slam-research/grf/map-denoise/runs/multiscan-pilot-v1/exploration-v5-confirmation-p0oymcit/outputs/dual_g8_s912613_b0__pool_independent.npz,9209b322639b65766e297ad223fb78f63c1bdfe30bd4375b7634b86aad765b47,7.981606999633766,0.018393000366233814,0.9977008749542208,7.233325817060946,0.7666741829390542,"GT source-group affine fits evaluated at x=y=0; may extrapolate, not physical layer count"
dual_g8_s912613_b0,dual_g8_s912613_b0,/srv/slam-research/grf/map-denoise/runs/multiscan-pilot-v1/exploration-v5-confirmation-p0oymcit/synthetics/dual_g8_s912613_b0.json,pool_compatible,confirmation,full,true_bilayer,8.0,0.0,912613,768,8,1.0,True,0.19300250201195013,True,True,0.2338315946068795,0.4492296416838443,0.864302347878489,0.9622395833333334,0.9947916666666666,0.22379853168861796,1.0,0.4493149880295268,0.23383159460687955,0.44912509476469165,,self-report; not geometry-derived layer count or success,0.44928994926513655,0.004743411989782521,0.6044375303010766,0.9383828742520705,0.9929960281474203,1.9515368000928763,0.9752604166666666,/srv/slam-research/grf/map-denoise/runs/multiscan-pilot-v1/exploration-v5-confirmation-p0oymcit/outputs/dual_g8_s912613_b0__pool_compatible.npz,226ed452492d912272f955755b497861d1d137aaa288cd722c32094dfaeb24df,7.9826017474307545,0.017398252569245543,0.9978252184288443,7.229877071571335,0.7701229284286653,"GT source-group affine fits evaluated at x=y=0; may extrapolate, not physical layer count"
dual_g8_s912613_b0,dual_g8_s912613_b0,/srv/slam-research/grf/map-denoise/runs/multiscan-pilot-v1/exploration-v5-confirmation-p0oymcit/synthetics/dual_g8_s912613_b0.json,shared_group_slope,confirmation,full,true_bilayer,8.0,0.0,912613,768,8,1.0,True,0.19655344499915373,True,True,0.8214619129263562,1.163232385472223,2.9284225824005974,0.7434895833333334,0.9114583333333334,0.7901160117408009,1.0,1.1632976901809866,0.8214619129263562,1.1298473931671669,,self-report; not geometry-derived layer count or success,1.1632512352911748,0.01039613264507714,2.694574962795304,5.017006571747254,1.3976930439434978,2.9476486791876506,0.9752604166666666,/srv/slam-research/grf/map-denoise/runs/multiscan-pilot-v1/exploration-v5-confirmation-p0oymcit/outputs/dual_g8_s912613_b0__shared_group_slope.npz,efe8f286d8e842e5be39132b348a036c8e59af200394479ca761b7df79c20df8,7.430807650071381,0.5691923499286187,0.9288509562589227,3.693860985012304,4.306139014987696,"GT source-group affine fits evaluated at x=y=0; may extrapolate, not physical layer count"
dual_g8_s912613_b0,dual_g8_s912613_b0,/srv/slam-research/grf/map-denoise/runs/multiscan-pilot-v1/exploration-v5-confirmation-p0oymcit/synthetics/dual_g8_s912613_b0.json,node_intercepts,confirmation,full,true_bilayer,8.0,0.0,912613,768,8,1.0,True,0.19450277600844856,True,True,0.2913372311603843,0.47037783220873974,0.8727809407585857,0.96484375,0.99609375,0.2809684393988327,1.0,0.47045791197296377,0.2913372311603843,0.4702809257097432,,self-report; not geometry-derived layer count or success,0.47043337046286227,0.004805298420738706,0.6026028526474055,0.9345936967220659,0.9842456792926515,1.929290414977929,0.9752604166666666,/srv/slam-research/grf/map-denoise/runs/multiscan-pilot-v1/exploration-v5-confirmation-p0oymcit/outputs/dual_g8_s912613_b0__node_intercepts.npz,9607a0ce5a836027f6bea5e893a256058cd647b283787ab99d88a8749c9d4927,7.98301529722285,0.01698470277715014,0.9978769121528562,7.2336375104508015,0.7663624895491985,"GT source-group affine fits evaluated at x=y=0; may extrapolate, not physical layer count"
dual_g8_s912613_b0,dual_g8_s912613_b0,/srv/slam-research/grf/map-denoise/runs/multiscan-pilot-v1/exploration-v5-confirmation-p0oymcit/synthetics/dual_g8_s912613_b0.json,official_gicp,confirmation,full,true_bilayer,8.0,0.0,912613,768,8,1.0,True,0.028555501005030237,True,True,1.169273349615661,2.1588107669271244,3.2042761751362705,0.09635416666666667,0.4466145833333333,2.2899183381843664,1.0,13.03117209896788,0.8179007881322856,1.0326296156276187,,self-report; not geometry-derived layer count or success,13.031171745612196,0.003034679119562317,0.6465272415809821,0.8835369058033847,12.995316311803034,24.517083516446764,1.0,/srv/slam-research/grf/map-denoise/runs/multiscan-pilot-v1/exploration-v5-confirmation-p0oymcit/outputs/dual_g8_s912613_b0__official_gicp.npz,72f7c2045dc691750e488d118dbd65b0976b831eaaadd388ff88863829664296,8.221165856766977,0.22116585676697653,1.027645732095872,7.490053260401563,0.509946739598437,"GT source-group affine fits evaluated at x=y=0; may extrapolate, not physical layer count"
dual_g8_s912613_b4,dual_g8_s912613_b4,/srv/slam-research/grf/map-denoise/runs/multiscan-pilot-v1/exploration-v5-confirmation-p0oymcit/synthetics/dual_g8_s912613_b4.json,identity,confirmation,full,true_bilayer,8.0,4.0,912613,768,8,1.0,True,1.4456003555096686e-05,True,True,3.326478876060513,3.873672541944514,6.984702520517066,0.13802083333333334,0.3606770833333333,2.4980744276534783,1.0,4.166790439292345,3.6154497237024437,4.166581854354547,,self-report; not geometry-derived layer count or success,4.166789334211743,0.003034679119562502,0.7083380987843914,1.174490868267909,0.0,0.0,0.0,/srv/slam-research/grf/map-denoise/runs/multiscan-pilot-v1/exploration-v5-confirmation-p0oymcit/outputs/dual_g8_s912613_b4__identity.npz,832c48607d803b0bdc61c7d3b92228c173f85c9383f81678c5e91a3722c5e44f,8.0856010198004,0.08560101980040002,1.01070012747505,8.798458671669282,0.7984586716692821,"GT source-group affine fits evaluated at x=y=0; may extrapolate, not physical layer count"
dual_g8_s912613_b4,dual_g8_s912613_b4,/srv/slam-research/grf/map-denoise/runs/multiscan-pilot-v1/exploration-v5-confirmation-p0oymcit/synthetics/dual_g8_s912613_b4.json,fast,confirmation,full,true_bilayer,8.0,4.0,912613,768,8,1.0,True,0.009382536998600699,True,True,1.068875816101336,1.3149599542681605,2.4075588429438723,0.4856770833333333,0.8932291666666666,1.1245540534322247,1.0,1.3847365922402313,1.0692395600467635,1.2951855934761831,2,self-report; not geometry-derived layer count or success,1.3847332669549501,0.00303467911956245,2.3552780632914905,3.972192879348829,4.443336448185982,8.038714475011503,1.0,/srv/slam-research/grf/map-denoise/runs/multiscan-pilot-v1/exploration-v5-confirmation-p0oymcit/outputs/dual_g8_s912613_b4__fast.npz,723bca9ac05cc684dc785c20ae0a4c5757366af90bc80722d89c0c9647bf86b6,7.518403676568327,0.48159632343167313,0.9398004595710409,4.393966944699605,3.6060330553003954,"GT source-group affine fits evaluated at x=y=0; may extrapolate, not physical layer count"
dual_g8_s912613_b4,dual_g8_s912613_b4,/srv/slam-research/grf/map-denoise/runs/multiscan-pilot-v1/exploration-v5-confirmation-p0oymcit/synthetics/dual_g8_s912613_b4.json,open3d_icp_then_xyz,confirmation,full,true_bilayer,8.0,4.0,912613,768,8,1.0,True,0.01742074399953708,True,True,0.9436284951472222,1.1474777961554787,2.0503180551963447,0.21354166666666666,0.7265625,1.6103456679687442,1.0,2.4610998874820753,0.9420809302141273,1.1334996001946478,2,self-report; not geometry-derived layer count or success,2.461098017040387,0.0030342518285885155,2.6470847561365605,4.343436892632404,4.799848358383791,7.643475262454485,1.0,/srv/slam-research/grf/map-denoise/runs/multiscan-pilot-v1/exploration-v5-confirmation-p0oymcit/outputs/dual_g8_s912613_b4__open3d_icp_then_xyz.npz,db77751a1e32ac1afa7f68e29ef79b40fd5109ebb27222211611b1893a619930,7.683950537402219,0.316049462597781,0.9604938171752774,4.214924262391907,3.785075737608093,"GT source-group affine fits evaluated at x=y=0; may extrapolate, not physical layer count"
dual_g8_s912613_b4,dual_g8_s912613_b4,/srv/slam-research/grf/map-denoise/runs/multiscan-pilot-v1/exploration-v5-confirmation-p0oymcit/synthetics/dual_g8_s912613_b4.json,graph_shared,confirmation,full,true_bilayer,8.0,4.0,912613,768,8,1.0,True,0.1782525419985177,True,True,0.4454791172909771,0.83584102183139,1.655138819353009,0.87890625,0.9752604166666666,0.4239023473237,1.0,0.9181918555642803,0.46336961448684183,0.9158359134082048,,self-report; not geometry-derived layer count or success,0.9181448197721978,0.009293737141474398,0.8438257874885808,1.2547995273403876,4.119009792191679,7.177747283663689,0.9752604166666666,/srv/slam-research/grf/map-denoise/runs/multiscan-pilot-v1/exploration-v5-confirmation-p0oymcit/outputs/dual_g8_s912613_b4__graph_shared.npz,a62c8c168d009fb162528efa1ead6d6ea7f4bb6b6c912d7bb55f65b7f11fdac7,7.888901853561462,0.11109814643853788,0.9861127316951828,6.884536082026984,1.115463917973016,"GT source-group affine fits evaluated at x=y=0; may extrapolate, not physical layer count"
dual_g8_s912613_b4,dual_g8_s912613_b4,/srv/slam-research/grf/map-denoise/runs/multiscan-pilot-v1/exploration-v5-confirmation-p0oymcit/synthetics/dual_g8_s912613_b4.json,pool_independent,confirmation,full,true_bilayer,8.0,4.0,912613,768,8,1.0,True,0.19970057699538302,True,True,0.35782616249990135,0.7303275343205142,1.0515492346433384,0.9479166666666666,0.984375,0.3368118238994883,1.0,0.8232967840656451,0.375716659695766,0.8224489067064521,,self-report; not geometry-derived layer count or success,0.8232508593777954,0.008695814312344737,0.5607820832374419,0.8001173916920596,4.112436745747756,7.124322955661215,0.9752604166666666,/srv/slam-research/grf/map-denoise/runs/multiscan-pilot-v1/exploration-v5-confirmation-p0oymcit/outputs/dual_g8_s912613_b4__pool_independent.npz,9349312fe197fd40110df82bb063b6a4260e4729e331361a33d8dc11e2715a84,8.004354561405691,0.004354561405691015,1.0005443201757114,7.37725723888118,0.6227427611188201,"GT source-group affine fits evaluated at x=y=0; may extrapolate, not physical layer count"
dual_g8_s912613_b4,dual_g8_s912613_b4,/srv/slam-research/grf/map-denoise/runs/multiscan-pilot-v1/exploration-v5-confirmation-p0oymcit/synthetics/dual_g8_s912613_b4.json,pool_compatible,confirmation,full,true_bilayer,8.0,4.0,912613,768,8,1.0,True,0.2258113200077787,True,True,0.2886466207016725,0.7084749718811298,1.0149132811598691,0.9505208333333334,0.9817708333333334,0.2698798327906841,1.0,0.8039743193050796,0.3065371178975373,0.8031190243599898,,self-report; not geometry-derived layer count or success,0.8039408260825985,0.007338546156783051,0.5635240306079073,0.8066358743457938,4.110299248973014,7.193110036693987,0.9752604166666666,/srv/slam-research/grf/map-denoise/runs/multiscan-pilot-v1/exploration-v5-confirmation-p0oymcit/outputs/dual_g8_s912613_b4__pool_compatible.npz,862562fbdd008ec6e622e029f7588508df3a1ed58e6a0c870df8df4b27de4f9a,8.005348572872261,0.005348572872261315,1.0006685716090327,7.373907965055597,0.6260920349444028,"GT source-group affine fits evaluated at x=y=0; may extrapolate, not physical layer count"
dual_g8_s912613_b4,dual_g8_s912613_b4,/srv/slam-research/grf/map-denoise/runs/multiscan-pilot-v1/exploration-v5-confirmation-p0oymcit/synthetics/dual_g8_s912613_b4.json,shared_group_slope,confirmation,full,true_bilayer,8.0,4.0,912613,768,8,1.0,True,0.22875501200906,True,True,0.8761442449795114,1.2857936886977575,2.9735233824613827,0.73046875,0.8958333333333334,0.8373187053461031,1.0,1.3408167763485845,0.8940347421753759,1.313720273963475,,self-report; not geometry-derived layer count or success,1.3407942172517742,0.007777835303710677,2.643065001171166,4.868433506526287,4.243131608182144,7.615714339018596,0.9752604166666666,/srv/slam-research/grf/map-denoise/runs/multiscan-pilot-v1/exploration-v5-confirmation-p0oymcit/outputs/dual_g8_s912613_b4__shared_group_slope.npz,e8860475502d7e51f503f523f82297af89717a4f8ecc0dc25f14437102785647,7.4535173460084945,0.5464826539915055,0.9316896682510618,3.8360433223915535,4.1639566776084465,"GT source-group affine fits evaluated at x=y=0; may extrapolate, not physical layer count"
dual_g8_s912613_b4,dual_g8_s912613_b4,/srv/slam-research/grf/map-denoise/runs/multiscan-pilot-v1/exploration-v5-confirmation-p0oymcit/synthetics/dual_g8_s912613_b4.json,node_intercepts,confirmation,full,true_bilayer,8.0,4.0,912613,768,8,1.0,True,0.22417913700337522,True,True,0.345397058239016,0.721829674155003,0.9630294933594417,0.953125,0.9830729166666666,0.32424743911948967,1.0,0.8157692789321392,0.3632875554348807,0.8149229652512209,,self-report; not geometry-derived layer count or success,0.8157356573415161,0.007406334523021565,0.5621857446558014,0.8036988239908307,4.115797541577975,7.162677538055967,0.9752604166666666,/srv/slam-research/grf/map-denoise/runs/multiscan-pilot-v1/exploration-v5-confirmation-p0oymcit/outputs/dual_g8_s912613_b4__node_intercepts.npz,6f532e9bb9172fd05951359183d3236d6cd51211a6f5b419b083a97dbce03470,8.005738939653982,0.0057389396539822,1.0007173674567478,7.377567134696335,0.622432865303665,"GT source-group affine fits evaluated at x=y=0; may extrapolate, not physical layer count"
dual_g8_s912613_b4,dual_g8_s912613_b4,/srv/slam-research/grf/map-denoise/runs/multiscan-pilot-v1/exploration-v5-confirmation-p0oymcit/synthetics/dual_g8_s912613_b4.json,official_gicp,confirmation,full,true_bilayer,8.0,4.0,912613,768,8,1.0,True,0.027422643004683778,True,True,1.139532648089993,2.075580363239235,2.759347620273437,0.0859375,0.4596354166666667,2.2340674754837466,1.0,12.403102214781843,0.8232921344620855,1.0352797247312755,,self-report; not geometry-derived layer count or success,12.403101843532886,0.0030346791195625528,0.5859441899542492,0.800392009887041,13.02678754321426,24.296477682466286,1.0,/srv/slam-research/grf/map-denoise/runs/multiscan-pilot-v1/exploration-v5-confirmation-p0oymcit/outputs/dual_g8_s912613_b4__official_gicp.npz,7bb06a0b88e0f90b4902fb0b812f95aa28c7cd06eb3c940339252cb02b1cf836,8.200116230812196,0.20011623081219554,1.0250145288515244,7.570548011172289,0.42945198882771063,"GT source-group affine fits evaluated at x=y=0; may extrapolate, not physical layer count"
ghost_s912627_b0,ghost_s912627_b0,/srv/slam-research/grf/map-denoise/runs/multiscan-pilot-v1/exploration-v5-confirmation-p0oymcit/synthetics/ghost_s912627_b0.json,identity,confirmation,full,ghost_monolayer,0.0,0.0,912627,768,8,1.0,True,1.5192010323517025e-05,True,True,0.822143559574795,1.0157203726907194,2.010857578637144,0.71875,0.9778645833333334,0.7593754465532809,1.0,1.0157203726907194,0.822143559574795,1.014889131229103,,self-report; not geometry-derived layer count or success,1.014889131229103,0.04108438647479268,0.01921328632019467,0.01921328632019467,0.0,0.0,0.0,/srv/slam-research/grf/map-denoise/runs/multiscan-pilot-v1/exploration-v5-confirmation-p0oymcit/outputs/ghost_s912627_b0__identity.npz,9671ef6bb2acb15afc8974464ec607ecbdbeeb6e6e448b3faaac4615a1aa7ad2,,,,,,
ghost_s912627_b0,ghost_s912627_b0,/srv/slam-research/grf/map-denoise/runs/multiscan-pilot-v1/exploration-v5-confirmation-p0oymcit/synthetics/ghost_s912627_b0.json,fast,confirmation,full,ghost_monolayer,0.0,0.0,912627,768,8,1.0,True,0.010356184997363016,True,True,0.0410843864747927,0.042344502426811946,0.05797392255474089,1.0,1.0,0.04108593223920058,1.0,0.042345873214480176,0.0410843864747927,0.010253295751325716,1,self-report; not geometry-derived layer count or success,0.010258955418886486,0.0410843864747927,0.01923659951167786,0.01923659951167786,1.0148373932338728,2.0122229642822687,1.0,/srv/slam-research/grf/map-denoise/runs/multiscan-pilot-v1/exploration-v5-confirmation-p0oymcit/outputs/ghost_s912627_b0__fast.npz,e0d2c0f99bcf5af78d839a6459516e79a4f45f50f917201f5c6d371f2c11b219,,,,,,
ghost_s912627_b0,ghost_s912627_b0,/srv/slam-research/grf/map-denoise/runs/multiscan-pilot-v1/exploration-v5-confirmation-p0oymcit/synthetics/ghost_s912627_b0.json,open3d_icp_then_xyz,confirmation,full,ghost_monolayer,0.0,0.0,912627,768,8,1.0,True,0.0259275160060497,True,True,0.04441246894295794,0.07631007227162151,0.058131101347907534,0.51171875,0.8346354166666666,1.0960078368098496,1.0,2.0910562129116417,0.041084386474792685,0.010258911773400084,1,self-report; not geometry-derived layer count or success,2.0906525676793764,0.04108438647479272,0.019236599511678137,0.019236599511678137,2.323925946048825,4.249294736343969,1.0,/srv/slam-research/grf/map-denoise/runs/multiscan-pilot-v1/exploration-v5-confirmation-p0oymcit/outputs/ghost_s912627_b0__open3d_icp_then_xyz.npz,4bf0900571f4f4bef6cd4f0c188ec00639910d06ca6a0da3bf323203050a6e3f,,,,,,
ghost_s912627_b0,ghost_s912627_b0,/srv/slam-research/grf/map-denoise/runs/multiscan-pilot-v1/exploration-v5-confirmation-p0oymcit/synthetics/ghost_s912627_b0.json,graph_shared,confirmation,full,ghost_monolayer,0.0,0.0,912627,768,8,1.0,True,0.09921256700181402,True,True,0.1283328788932356,0.15923629686020757,0.31876422314014613,1.0,1.0,0.12847137585103804,1.0,0.1592733519350084,0.1283328788932356,0.153844959052097,,self-report; not geometry-derived layer count or success,0.15388331236557878,0.04108438647480025,0.015867778655352365,0.015867778655352365,1.0027904922704776,1.9251159428013178,1.0,/srv/slam-research/grf/map-denoise/runs/multiscan-pilot-v1/exploration-v5-confirmation-p0oymcit/outputs/ghost_s912627_b0__graph_shared.npz,177a7cb145a96e58cba08cd06802e044c8ef4999c05e919fda00c3d095a9e919,,,,,,
ghost_s912627_b0,ghost_s912627_b0,/srv/slam-research/grf/map-denoise/runs/multiscan-pilot-v1/exploration-v5-confirmation-p0oymcit/synthetics/ghost_s912627_b0.json,pool_independent,confirmation,full,ghost_monolayer,0.0,0.0,912627,768,8,1.0,True,0.12138608501118142,True,True,0.1315333858499683,0.1628883251297059,0.32811893919475654,1.0,1.0,0.13167561704168387,1.0,0.16292454882915555,0.1315333858499683,0.15762195168043908,,self-report; not geometry-derived layer count or success,0.15765938538245597,0.041084386474792574,0.015454642088259746,0.015454642088259746,1.0027798190077712,1.9162959150693237,0.9986979166666666,/srv/slam-research/grf/map-denoise/runs/multiscan-pilot-v1/exploration-v5-confirmation-p0oymcit/outputs/ghost_s912627_b0__pool_independent.npz,9a20e592ff69c3744b0ee625bff2ce846a8586494c35db8fed362942efca63d7,,,,,,
ghost_s912627_b0,ghost_s912627_b0,/srv/slam-research/grf/map-denoise/runs/multiscan-pilot-v1/exploration-v5-confirmation-p0oymcit/synthetics/ghost_s912627_b0.json,pool_compatible,confirmation,full,ghost_monolayer,0.0,0.0,912627,768,8,1.0,True,0.14713690799544565,True,True,0.04108438647479267,0.04184169798260123,0.05413276034367958,1.0,1.0,0.04123874814964737,1.0,0.04198589722109923,0.04108438647479267,0.00792470050267444,,self-report; not geometry-derived layer count or success,0.008653828831828168,0.04108438647479269,0.015460318865146441,0.015460318865146441,1.0148457823106614,2.0128848675589377,1.0,/srv/slam-research/grf/map-denoise/runs/multiscan-pilot-v1/exploration-v5-confirmation-p0oymcit/outputs/ghost_s912627_b0__pool_compatible.npz,f2c1bbf71c688f04321e9f60c65927b70f6139a5253dd7cce2ae54c398fafabe,,,,,,
ghost_s912627_b0,ghost_s912627_b0,/srv/slam-research/grf/map-denoise/runs/multiscan-pilot-v1/exploration-v5-confirmation-p0oymcit/synthetics/ghost_s912627_b0.json,shared_group_slope,confirmation,full,ghost_monolayer,0.0,0.0,912627,768,8,1.0,True,0.1495156640012283,True,True,0.04108438647479267,0.04184169798260121,0.054132760343679545,1.0,1.0,0.04123874814964736,1.0,0.041985897221099217,0.04108438647479267,0.007924700502674424,,self-report; not geometry-derived layer count or success,0.008653828831828154,0.04108438647479267,0.0154603188651463,0.0154603188651463,1.0148457823106614,2.0128848675589377,1.0,/srv/slam-research/grf/map-denoise/runs/multiscan-pilot-v1/exploration-v5-confirmation-p0oymcit/outputs/ghost_s912627_b0__shared_group_slope.npz,274bab617c4dc479f015ebda5882313093688ae36a3981c1529b8ef46d0540a2,,,,,,
ghost_s912627_b0,ghost_s912627_b0,/srv/slam-research/grf/map-denoise/runs/multiscan-pilot-v1/exploration-v5-confirmation-p0oymcit/synthetics/ghost_s912627_b0.json,node_intercepts,confirmation,full,ghost_monolayer,0.0,0.0,912627,768,8,1.0,True,0.14656339900102466,True,True,0.07209109250141725,0.09949576516834308,0.23260520983922756,1.0,1.0,0.07233357226653475,1.0,0.09955603217999494,0.07209109250141725,0.09061721952490014,,self-report; not geometry-derived layer count or success,0.09068338729565661,0.04108438647479267,0.015458452247910351,0.015458452247910351,1.0109925244956037,1.9837397107593397,1.0,/srv/slam-research/grf/map-denoise/runs/multiscan-pilot-v1/exploration-v5-confirmation-p0oymcit/outputs/ghost_s912627_b0__node_intercepts.npz,0c857bfca2a920f03be497b888af4bfce6a95a9678ceeb4209aafab2a6a5f995,,,,,,
ghost_s912627_b0,ghost_s912627_b0,/srv/slam-research/grf/map-denoise/runs/multiscan-pilot-v1/exploration-v5-confirmation-p0oymcit/synthetics/ghost_s912627_b0.json,official_gicp,confirmation,full,ghost_monolayer,0.0,0.0,912627,768,8,1.0,True,0.024443919988698326,True,True,1.4481523574795372,2.809895833292839,5.722208087739129,0.08203125,0.4596354166666667,2.2808740458410504,1.0,15.989277874826534,0.8700038333880348,1.0806579849896845,,self-report; not geometry-derived layer count or success,15.989225091654857,0.04108438647479271,0.3683529032465767,0.3683529032465767,15.959171649516577,30.77567274448673,1.0,/srv/slam-research/grf/map-denoise/runs/multiscan-pilot-v1/exploration-v5-confirmation-p0oymcit/outputs/ghost_s912627_b0__official_gicp.npz,ea75adf142eeffdfbdf77168b52bf71ebd8aab950a8220ecdaf7020fa1fcef60,,,,,,
ghost_s912627_b4,ghost_s912627_b4,/srv/slam-research/grf/map-denoise/runs/multiscan-pilot-v1/exploration-v5-confirmation-p0oymcit/synthetics/ghost_s912627_b4.json,identity,confirmation,full,ghost_monolayer,0.0,4.0,912627,768,8,1.0,True,1.4882985851727426e-05,True,True,3.188684413853777,4.094446886212659,8.474328670149832,0.2578125,0.58984375,1.8856776307591687,1.0,4.094446886212659,3.188684413853777,4.094240757112915,,self-report; not geometry-derived layer count or success,4.094240757112915,0.04108438647479266,0.4057794722911094,0.40577947229110933,0.0,0.0,0.0,/srv/slam-research/grf/map-denoise/runs/multiscan-pilot-v1/exploration-v5-confirmation-p0oymcit/outputs/ghost_s912627_b4__identity.npz,b14d753aa16b46309b06eda12ab83be979425deb9d6ff25b796c5c7c13c94307,,,,,,
ghost_s912627_b4,ghost_s912627_b4,/srv/slam-research/grf/map-denoise/runs/multiscan-pilot-v1/exploration-v5-confirmation-p0oymcit/synthetics/ghost_s912627_b4.json,fast,confirmation,full,ghost_monolayer,0.0,4.0,912627,768,8,1.0,True,0.010254100998281501,True,True,0.1692828701207739,0.20619657484217674,0.398758256861198,1.0,1.0,0.17376387597080942,1.0,0.20831592268928864,0.1692828701207739,0.20206212080604125,1,self-report; not geometry-derived layer count or success,0.20422437864730913,0.041084386474793365,0.41528011475182697,0.4152801147518269,4.089358968433701,8.523093854390357,1.0,/srv/slam-research/grf/map-denoise/runs/multiscan-pilot-v1/exploration-v5-confirmation-p0oymcit/outputs/ghost_s912627_b4__fast.npz,ca0dc9079e2c11a61082e4fda3b8493545cd3a1c57e0ce4568f00facf20d93c5,,,,,,
ghost_s912627_b4,ghost_s912627_b4,/srv/slam-research/grf/map-denoise/runs/multiscan-pilot-v1/exploration-v5-confirmation-p0oymcit/synthetics/ghost_s912627_b4.json,open3d_icp_then_xyz,confirmation,full,ghost_monolayer,0.0,4.0,912627,768,8,1.0,True,0.025798410002607852,True,True,0.1727887626418908,0.2154298939752702,0.4011212722394302,0.4322916666666667,0.8385416666666666,1.236138534756529,1.0,2.1678380068035294,0.17049120596229028,0.20273711061268365,1,self-report; not geometry-derived layer count or success,2.1674486607368326,0.04108438647479563,0.4152801147518274,0.41528011475182736,4.629774171864422,9.579688702499004,1.0,/srv/slam-research/grf/map-denoise/runs/multiscan-pilot-v1/exploration-v5-confirmation-p0oymcit/outputs/ghost_s912627_b4__open3d_icp_then_xyz.npz,1f6d4d1989451e5c5418d6e4179b4b41c08cca9a6879652a121770a64fdeef3e,,,,,,
ghost_s912627_b4,ghost_s912627_b4,/srv/slam-research/grf/map-denoise/runs/multiscan-pilot-v1/exploration-v5-confirmation-p0oymcit/synthetics/ghost_s912627_b4.json,graph_shared,confirmation,full,ghost_monolayer,0.0,4.0,912627,768,8,1.0,True,0.1310602250014199,True,True,0.12579764581490735,0.1557270010164246,0.3013796427935274,1.0,1.0,0.1273807821713415,1.0,0.15635806999430704,0.12579750045491966,0.15020959929607922,,self-report; not geometry-derived layer count or success,0.15086390966806448,0.04108438647479956,0.015759581690207296,0.015759581690207296,4.096879952440065,8.616035670170662,1.0,/srv/slam-research/grf/map-denoise/runs/multiscan-pilot-v1/exploration-v5-confirmation-p0oymcit/outputs/ghost_s912627_b4__graph_shared.npz,5fbd8db3c1a1e2d23dda04880823bf34ae4abaf563cb399499d798c2dc26b77b,,,,,,
ghost_s912627_b4,ghost_s912627_b4,/srv/slam-research/grf/map-denoise/runs/multiscan-pilot-v1/exploration-v5-confirmation-p0oymcit/synthetics/ghost_s912627_b4.json,pool_independent,confirmation,full,ghost_monolayer,0.0,4.0,912627,768,8,1.0,True,0.15405849099624902,True,True,0.12892339446182546,0.15928498333061925,0.3063698917324149,1.0,1.0,0.1304810230987009,1.0,0.1599020680197625,0.12892325272650673,0.15389519466838303,,self-report; not geometry-derived layer count or success,0.154533959196633,0.04108438647479265,0.015442103576656088,0.015442103576656086,4.0970679859012575,8.619794915823086,1.0,/srv/slam-research/grf/map-denoise/runs/multiscan-pilot-v1/exploration-v5-confirmation-p0oymcit/outputs/ghost_s912627_b4__pool_independent.npz,defb2dfca38df8b711eced1bce7390cf1cbc2d559f602fd5ae91ac3bcb5b90e5,,,,,,
ghost_s912627_b4,ghost_s912627_b4,/srv/slam-research/grf/map-denoise/runs/multiscan-pilot-v1/exploration-v5-confirmation-p0oymcit/synthetics/ghost_s912627_b4.json,pool_compatible,confirmation,full,ghost_monolayer,0.0,4.0,912627,768,8,1.0,True,0.18023935100063682,True,True,0.041084976231011434,0.0418449933057849,0.05415820605330819,1.0,1.0,0.04338385324927722,1.0,0.04413262628921363,0.041084386474792615,0.00793871807920529,,self-report; not geometry-derived layer count or success,0.016117130364096,0.04108438647479263,0.015447510064501463,0.015447510064501463,4.094208008412544,8.518589589551807,1.0,/srv/slam-research/grf/map-denoise/runs/multiscan-pilot-v1/exploration-v5-confirmation-p0oymcit/outputs/ghost_s912627_b4__pool_compatible.npz,ee41484510807d891a94bdc5dea1272fac433646c7ab0e3b4307a1d20b6cba3a,,,,,,
ghost_s912627_b4,ghost_s912627_b4,/srv/slam-research/grf/map-denoise/runs/multiscan-pilot-v1/exploration-v5-confirmation-p0oymcit/synthetics/ghost_s912627_b4.json,shared_group_slope,confirmation,full,ghost_monolayer,0.0,4.0,912627,768,8,1.0,True,0.17918755199934822,True,True,0.041084976231011434,0.0418449933057849,0.05415820605330819,1.0,1.0,0.04338385324927721,1.0,0.04413262628921363,0.041084386474792615,0.007938718079205286,,self-report; not geometry-derived layer count or success,0.016117130364095997,0.04108438647479262,0.015447510064501341,0.015447510064501341,4.094208008412544,8.518589589551807,1.0,/srv/slam-research/grf/map-denoise/runs/multiscan-pilot-v1/exploration-v5-confirmation-p0oymcit/outputs/ghost_s912627_b4__shared_group_slope.npz,7681955f4bb094ada98c3fbd34e6a81550b34ae36fa4335d635499f049f8aa71,,,,,,
ghost_s912627_b4,ghost_s912627_b4,/srv/slam-research/grf/map-denoise/runs/multiscan-pilot-v1/exploration-v5-confirmation-p0oymcit/synthetics/ghost_s912627_b4.json,node_intercepts,confirmation,full,ghost_monolayer,0.0,4.0,912627,768,8,1.0,True,0.18059072800679132,True,True,0.07039360722208272,0.09622545309728421,0.22168401136792598,1.0,1.0,0.07303787796976306,1.0,0.09724223682083262,0.07039328015221348,0.08701355681712385,,self-report; not geometry-derived layer count or success,0.08813697186713852,0.04108438647479274,0.015445791497315153,0.015445791497315151,4.09450031642853,8.527740662123366,1.0,/srv/slam-research/grf/map-denoise/runs/multiscan-pilot-v1/exploration-v5-confirmation-p0oymcit/outputs/ghost_s912627_b4__node_intercepts.npz,fc300b86be8b086c0f4b94f763038667c142e872790f8cc5a648e5cb1d102adc,,,,,,
ghost_s912627_b4,ghost_s912627_b4,/srv/slam-research/grf/map-denoise/runs/multiscan-pilot-v1/exploration-v5-confirmation-p0oymcit/synthetics/ghost_s912627_b4.json,official_gicp,confirmation,full,ghost_monolayer,0.0,4.0,912627,768,8,1.0,True,0.04394677600066643,True,True,2.040471561395698,4.617326804146341,9.761725598780744,0.08333333333333333,0.4166666666666667,2.391255490903857,1.0,20.783266601135303,0.8466006692779869,1.0542525260003326,,self-report; not geometry-derived layer count or success,20.783225993263276,0.04108438647479198,0.3787334233995107,0.3787334233995107,21.13781135769225,38.524841609020086,1.0,/srv/slam-research/grf/map-denoise/runs/multiscan-pilot-v1/exploration-v5-confirmation-p0oymcit/outputs/ghost_s912627_b4__official_gicp.npz,42e9c1913f64503040fbc868a3a0762709f63d49837779e1cd93c51c99faff05,,,,,,
dual_g2_s912627_b0,dual_g2_s912627_b0,/srv/slam-research/grf/map-denoise/runs/multiscan-pilot-v1/exploration-v5-confirmation-p0oymcit/synthetics/dual_g2_s912627_b0.json,identity,confirmation,full,true_bilayer,2.0,0.0,912627,768,8,1.0,True,2.592999953776598e-05,True,True,0.7891684932720565,0.980733547840255,1.9877583811854087,0.7005208333333334,0.97265625,0.7760786289242608,1.0,1.0157203726907194,0.822143559574795,1.0142090260246783,,self-report; not geometry-derived layer count or success,1.014889131229103,0.041084386474792706,0.157137456449361,0.19112725541922113,0.0,0.0,0.0,/srv/slam-research/grf/map-denoise/runs/multiscan-pilot-v1/exploration-v5-confirmation-p0oymcit/outputs/dual_g2_s912627_b0__identity.npz,d3dd0e396006485c79e9c7c4e6a795bb9eadbd1f8d665d232a07329d28ad0982,2.076233127343101,0.07623312734310117,1.0381165636715506,2.19064583644114,0.19064583644113986,"GT source-group affine fits evaluated at x=y=0; may extrapolate, not physical layer count"
dual_g2_s912627_b0,dual_g2_s912627_b0,/srv/slam-research/grf/map-denoise/runs/multiscan-pilot-v1/exploration-v5-confirmation-p0oymcit/synthetics/dual_g2_s912627_b0.json,fast,confirmation,full,true_bilayer,2.0,0.0,912627,768,8,1.0,True,0.009863546991255134,True,True,0.44873794643046444,0.5305140052208006,0.9257388388986539,0.9817708333333334,1.0,0.4521362308578973,1.0,0.5342829152079757,0.450355881245196,0.452183529718028,1,self-report; not geometry-derived layer count or success,0.5327009542615094,0.041084386474792685,1.3665624368058757,1.3665624368058762,1.1689300192906258,2.1912776112298213,1.0,/srv/slam-research/grf/map-denoise/runs/multiscan-pilot-v1/exploration-v5-confirmation-p0oymcit/outputs/dual_g2_s912627_b0__fast.npz,0b0d34390205b846e8bc2ee933ed9d8ec301679c5277f2af3d5d6190ee86ca1c,1.4249532277810517,0.5750467722189483,0.7124766138905259,1.3322676295501878e-15,1.9999999999999987,"GT source-group affine fits evaluated at x=y=0; may extrapolate, not physical layer count"
dual_g2_s912627_b0,dual_g2_s912627_b0,/srv/slam-research/grf/map-denoise/runs/multiscan-pilot-v1/exploration-v5-confirmation-p0oymcit/synthetics/dual_g2_s912627_b0.json,open3d_icp_then_xyz,confirmation,full,true_bilayer,2.0,0.0,912627,768,8,1.0,True,0.030364110993104987,True,True,0.42239271353993985,0.6457342194875217,0.9383420755533226,0.2942708333333333,0.7747395833333334,1.5216656621993259,1.0,3.296615900270598,0.3907183958650193,0.4379449689659889,2,self-report; not geometry-derived layer count or success,3.296364257135057,0.040731783650748365,0.9652243998646376,1.050371924756228,3.370097552926008,7.498656808493979,1.0,/srv/slam-research/grf/map-denoise/runs/multiscan-pilot-v1/exploration-v5-confirmation-p0oymcit/outputs/dual_g2_s912627_b0__open3d_icp_then_xyz.npz,ee51390c7f986d9caa3b0cc3d787c3e81e0b7619e559fc481c6bd002ed7d113b,1.5845000784082846,0.41549992159171545,0.7922500392041423,0.5383964675043864,1.4616035324956136,"GT source-group affine fits evaluated at x=y=0; may extrapolate, not physical layer count"
dual_g2_s912627_b0,dual_g2_s912627_b0,/srv/slam-research/grf/map-denoise/runs/multiscan-pilot-v1/exploration-v5-confirmation-p0oymcit/synthetics/dual_g2_s912627_b0.json,graph_shared,confirmation,full,true_bilayer,2.0,0.0,912627,768,8,1.0,True,0.11489312199410051,True,True,0.24510290080058417,0.35763822062916734,0.8454716995229808,0.9739583333333334,1.0,0.24822718317682088,1.0,0.3655481621136967,0.24782040976319578,0.3522920723008138,,self-report; not geometry-derived layer count or success,0.3632320635801471,0.04108438647478422,0.6306849802066431,1.0634457496209877,1.067509730966229,2.0597363634731543,1.0,/srv/slam-research/grf/map-denoise/runs/multiscan-pilot-v1/exploration-v5-confirmation-p0oymcit/outputs/dual_g2_s912627_b0__graph_shared.npz,83aa27531e08eb2497e013030715ec069cb6610c74df3ad6a6f2e48ebe37fb8c,1.8190623690762637,0.18093763092373627,0.9095311845381319,0.9782886122744506,1.0217113877255493,"GT source-group affine fits evaluated at x=y=0; may extrapolate, not physical layer count"
dual_g2_s912627_b0,dual_g2_s912627_b0,/srv/slam-research/grf/map-denoise/runs/multiscan-pilot-v1/exploration-v5-confirmation-p0oymcit/synthetics/dual_g2_s912627_b0.json,pool_independent,confirmation,full,true_bilayer,2.0,0.0,912627,768,8,1.0,True,0.1366563240007963,True,True,0.2495302778898267,0.3616921706324317,0.8613063801337073,0.97265625,1.0,0.25234228587314117,1.0,0.36863639162381984,0.25194035380220087,0.35597926479636033,,self-report; not geometry-derived layer count or success,0.36633981822540124,0.04108438647479359,0.62262274634774,1.0435810919533621,1.0675299874648985,2.060394996480891,1.0,/srv/slam-research/grf/map-denoise/runs/multiscan-pilot-v1/exploration-v5-confirmation-p0oymcit/outputs/dual_g2_s912627_b0__pool_independent.npz,36935a86c70eb5c7886c18da3c5f0c5465c1c02e9dc4a98a4f1a734f5ab1e34f,1.82312522256054,0.1768747774394599,0.91156261128027,0.9959550955660423,1.0040449044339577,"GT source-group affine fits evaluated at x=y=0; may extrapolate, not physical layer count"
dual_g2_s912627_b0,dual_g2_s912627_b0,/srv/slam-research/grf/map-denoise/runs/multiscan-pilot-v1/exploration-v5-confirmation-p0oymcit/synthetics/dual_g2_s912627_b0.json,pool_compatible,confirmation,full,true_bilayer,2.0,0.0,912627,768,8,1.0,True,0.1614535560074728,True,True,0.21685318095500117,0.34266076920325433,0.8248402243421771,0.9622395833333334,1.0,0.2197225033489312,1.0,0.349562977291883,0.2191445722426427,0.3355680611140207,,self-report; not geometry-derived layer count or success,0.3471402429583113,0.04108438647479281,0.6371204999347911,1.0605462096311162,1.0758620773189331,2.0819438198281945,1.0,/srv/slam-research/grf/map-denoise/runs/multiscan-pilot-v1/exploration-v5-confirmation-p0oymcit/outputs/dual_g2_s912627_b0__pool_compatible.npz,d4cdac5cbec5c35c422d5cd97cd3623a273e73cfe73bd4e0837c45f4def23853,1.818241069413494,0.18175893058650594,0.909120534706747,0.9750944837116315,1.0249055162883685,"GT source-group affine fits evaluated at x=y=0; may extrapolate, not physical layer count"
dual_g2_s912627_b0,dual_g2_s912627_b0,/srv/slam-research/grf/map-denoise/runs/multiscan-pilot-v1/exploration-v5-confirmation-p0oymcit/synthetics/dual_g2_s912627_b0.json,shared_group_slope,confirmation,full,true_bilayer,2.0,0.0,912627,768,8,1.0,True,0.16073456400772557,True,True,0.2213413816448613,0.35917333260696027,0.45349277493871953,0.9505208333333334,1.0,0.23288264557836094,1.0,0.3918328956942519,0.2324962696522046,0.36486942776251624,,self-report; not geometry-derived layer count or success,0.38967305697999244,0.04108438647479265,1.0036923694394246,1.8929527030616458,1.10295760565323,2.178016361742552,1.0,/srv/slam-research/grf/map-denoise/runs/multiscan-pilot-v1/exploration-v5-confirmation-p0oymcit/outputs/dual_g2_s912627_b0__shared_group_slope.npz,7f6e0b2a16161a2d7fc5be97352494ffa7fecad4e7c9335e711e59a6cb40a469,1.7196990653403188,0.2803009346596812,0.8598495326701594,0.28483374155903607,1.715166258440964,"GT source-group affine fits evaluated at x=y=0; may extrapolate, not physical layer count"
dual_g2_s912627_b0,dual_g2_s912627_b0,/srv/slam-research/grf/map-denoise/runs/multiscan-pilot-v1/exploration-v5-confirmation-p0oymcit/synthetics/dual_g2_s912627_b0.json,node_intercepts,confirmation,full,true_bilayer,2.0,0.0,912627,768,8,1.0,True,0.16227436400367878,True,True,0.21989886920192048,0.3434288371027752,0.8586932045081501,0.96875,1.0,0.22298757627716725,1.0,0.3511134881911689,0.2224305467441586,0.33743404107221414,,self-report; not geometry-derived layer count or success,0.34870152677864774,0.04108438647479201,0.632261079649717,1.0518300774906815,1.0748732756806185,2.070507673569313,1.0,/srv/slam-research/grf/map-denoise/runs/multiscan-pilot-v1/exploration-v5-confirmation-p0oymcit/outputs/dual_g2_s912627_b0__node_intercepts.npz,24fa7509b7baec7ce86c56f4406356229ca6d52aecca345a1fbd39de236366a3,1.8202130439012842,0.17978695609871576,0.9101065219506421,0.9840854480641976,1.0159145519358024,"GT source-group affine fits evaluated at x=y=0; may extrapolate, not physical layer count"
dual_g2_s912627_b0,dual_g2_s912627_b0,/srv/slam-research/grf/map-denoise/runs/multiscan-pilot-v1/exploration-v5-confirmation-p0oymcit/synthetics/dual_g2_s912627_b0.json,official_gicp,confirmation,full,true_bilayer,2.0,0.0,912627,768,8,1.0,True,0.023821544004022144,True,True,1.3927741129769216,2.7980752576511216,4.925052449194122,0.08072916666666667,0.3880208333333333,2.389012155694496,1.0,16.679842106331442,0.8707807169875564,1.0708130436905134,,self-report; not geometry-derived layer count or success,16.679791508449238,0.0410843864747927,0.3904807035336509,0.7574621556318938,16.65093908487673,31.104399708281452,1.0,/srv/slam-research/grf/map-denoise/runs/multiscan-pilot-v1/exploration-v5-confirmation-p0oymcit/outputs/dual_g2_s912627_b0__official_gicp.npz,da06fb3402b0210c2b485197d48a2b44a3ac9593cd04b2e1efed803c8f16ca86,2.0861364745107744,0.08613647451077444,1.0430682372553872,1.6950397396018453,0.3049602603981547,"GT source-group affine fits evaluated at x=y=0; may extrapolate, not physical layer count"
dual_g2_s912627_b4,dual_g2_s912627_b4,/srv/slam-research/grf/map-denoise/runs/multiscan-pilot-v1/exploration-v5-confirmation-p0oymcit/synthetics/dual_g2_s912627_b4.json,identity,confirmation,full,true_bilayer,2.0,4.0,912627,768,8,1.0,True,1.3402997865341604e-05,True,True,3.029125600209133,3.9160373902821473,8.258595632059714,0.24869791666666666,0.54296875,2.0033927838457655,1.0,4.094446886212659,3.188684413853777,4.083817095940147,,self-report; not geometry-derived layer count or success,4.094240757112915,0.04108438647479266,0.8041290345124841,1.2716475631276156,0.0,0.0,0.0,/srv/slam-research/grf/map-denoise/runs/multiscan-pilot-v1/exploration-v5-confirmation-p0oymcit/outputs/dual_g2_s912627_b4__identity.npz,4adeb68c60591c7c0831f617ac5f2ff978772a2da3199d95316232cee5761d8e,2.5991552805483464,0.5991552805483464,1.2995776402741732,1.6914304551424695,0.3085695448575305,"GT source-group affine fits evaluated at x=y=0; may extrapolate, not physical layer count"
dual_g2_s912627_b4,dual_g2_s912627_b4,/srv/slam-research/grf/map-denoise/runs/multiscan-pilot-v1/exploration-v5-confirmation-p0oymcit/synthetics/dual_g2_s912627_b4.json,fast,confirmation,full,true_bilayer,2.0,4.0,912627,768,8,1.0,True,0.009140070993453264,True,True,0.5382171164154178,0.641130968141982,1.1673637806220882,0.8645833333333334,1.0,0.5760492144719501,1.0,0.6710786138795322,0.5478688009653282,0.654293698096455,1,self-report; not geometry-derived layer count or success,0.6698198109898394,0.041084386474792366,1.972485069630067,1.972485069630068,4.108155887812254,8.592209592799382,1.0,/srv/slam-research/grf/map-denoise/runs/multiscan-pilot-v1/exploration-v5-confirmation-p0oymcit/outputs/dual_g2_s912627_b4__fast.npz,26029ebb80c79c0921aa159a58e5e13ea88e613d36eb7b6a8e561a1bbc897ca7,2.0487403721985684,0.048740372198568416,1.0243701860992842,8.881784197001252e-16,1.9999999999999991,"GT source-group affine fits evaluated at x=y=0; may extrapolate, not physical layer count"
dual_g2_s912627_b4,dual_g2_s912627_b4,/srv/slam-research/grf/map-denoise/runs/multiscan-pilot-v1/exploration-v5-confirmation-p0oymcit/synthetics/dual_g2_s912627_b4.json,open3d_icp_then_xyz,confirmation,full,true_bilayer,2.0,4.0,912627,768,8,1.0,True,0.026689021004131064,True,True,0.4688351002338025,0.6921367285675666,1.046087266532325,0.27734375,0.76953125,1.5051030993319152,1.0,3.264515548415754,0.44562466915651594,0.5549649561606547,2,self-report; not geometry-derived layer count or success,3.264254481187885,0.04128495964667483,1.2166101542352061,1.2870758652069458,5.1248052645613935,9.273393484941032,1.0,/srv/slam-research/grf/map-denoise/runs/multiscan-pilot-v1/exploration-v5-confirmation-p0oymcit/outputs/dual_g2_s912627_b4__open3d_icp_then_xyz.npz,3edbe93247891e48f697cb301f646d8f130ef626c06c865e2b6dd1824b5d3c63,2.013088482868268,0.013088482868267803,1.006544241434134,0.7133022321392317,1.2866977678607683,"GT source-group affine fits evaluated at x=y=0; may extrapolate, not physical layer count"
dual_g2_s912627_b4,dual_g2_s912627_b4,/srv/slam-research/grf/map-denoise/runs/multiscan-pilot-v1/exploration-v5-confirmation-p0oymcit/synthetics/dual_g2_s912627_b4.json,graph_shared,confirmation,full,true_bilayer,2.0,4.0,912627,768,8,1.0,True,0.13154736900469288,True,True,0.2451209773029671,0.3576473205072515,0.8414060408540613,0.9739583333333334,1.0,0.25216327453423526,1.0,0.36657014325254483,0.2478397271985763,0.3523068242247102,,self-report; not geometry-derived layer count or success,0.3642605428977751,0.041084386474783935,0.6306891386056801,1.0632454579702257,4.105004879915303,8.62847960307026,1.0,/srv/slam-research/grf/map-denoise/runs/multiscan-pilot-v1/exploration-v5-confirmation-p0oymcit/outputs/dual_g2_s912627_b4__graph_shared.npz,d2420637802c2d59cf6a64028434af86d0a9f688c713d80729b34d24b0625b1d,1.819098369630202,0.1809016303697979,0.909549184815101,0.9783576455571906,1.0216423544428093,"GT source-group affine fits evaluated at x=y=0; may extrapolate, not physical layer count"
dual_g2_s912627_b4,dual_g2_s912627_b4,/srv/slam-research/grf/map-denoise/runs/multiscan-pilot-v1/exploration-v5-confirmation-p0oymcit/synthetics/dual_g2_s912627_b4.json,pool_independent,confirmation,full,true_bilayer,2.0,4.0,912627,768,8,1.0,True,0.15355921900481917,True,True,0.2495476355934123,0.3617039628992996,0.8577842128170022,0.9739583333333334,1.0,0.2562980583354972,1.0,0.36966469699671023,0.25195657729877513,0.3559893457811594,,self-report; not geometry-derived layer count or success,0.36737455191351975,0.0410843864747928,0.6226286065968871,1.043389221041042,4.1050666496726045,8.631429340930842,1.0,/srv/slam-research/grf/map-denoise/runs/multiscan-pilot-v1/exploration-v5-confirmation-p0oymcit/outputs/dual_g2_s912627_b4__pool_independent.npz,bcec0331a12a1c4a608cb5dc5894d21b9a1644fb8d18ee87750a9f1405bb7ae5,1.8231575882473459,0.17684241175265414,0.9115787941236729,0.9960161624818058,1.0039838375181942,"GT source-group affine fits evaluated at x=y=0; may extrapolate, not physical layer count"
dual_g2_s912627_b4,dual_g2_s912627_b4,/srv/slam-research/grf/map-denoise/runs/multiscan-pilot-v1/exploration-v5-confirmation-p0oymcit/synthetics/dual_g2_s912627_b4.json,pool_compatible,confirmation,full,true_bilayer,2.0,4.0,912627,768,8,1.0,True,0.17886461199668702,True,True,0.2168429072872805,0.3426732444514755,0.824166790387442,0.9622395833333334,1.0,0.22458114772671514,1.0,0.350650451510382,0.21913638144387818,0.3355863615918303,,self-report; not geometry-derived layer count or success,0.3482352830090952,0.04108438647479281,0.6371375192345288,1.0604016251524016,4.0997333616434695,8.51833092488057,1.0,/srv/slam-research/grf/map-denoise/runs/multiscan-pilot-v1/exploration-v5-confirmation-p0oymcit/outputs/dual_g2_s912627_b4__pool_compatible.npz,252c70437471f95409b7a5f375088fb57ad7d76374053ea06b68c4704dfaf352,1.8182711767549404,0.18172882324505957,0.9091355883774702,0.9751241760663466,1.0248758239336535,"GT source-group affine fits evaluated at x=y=0; may extrapolate, not physical layer count"
dual_g2_s912627_b4,dual_g2_s912627_b4,/srv/slam-research/grf/map-denoise/runs/multiscan-pilot-v1/exploration-v5-confirmation-p0oymcit/synthetics/dual_g2_s912627_b4.json,shared_group_slope,confirmation,full,true_bilayer,2.0,4.0,912627,768,8,1.0,True,0.1759112690051552,True,True,0.2213849238212193,0.35937403391063566,0.4526551277375843,0.9505208333333334,1.0,0.23658380891208966,1.0,0.3927988941591465,0.23248835663791098,0.36488593707197614,,self-report; not geometry-derived layer count or success,0.39064439640245485,0.04108438647479248,1.0036137287871718,1.8927279870062417,4.110670947305933,8.474574770328362,1.0,/srv/slam-research/grf/map-denoise/runs/multiscan-pilot-v1/exploration-v5-confirmation-p0oymcit/outputs/dual_g2_s912627_b4__shared_group_slope.npz,8691af5ad000f1c71d09f67983122aff6c7f820b0590c70c32eb0a6fc69cbf0f,1.7197543048472395,0.28024569515276054,0.8598771524236197,0.28494716818752197,1.715052831812478,"GT source-group affine fits evaluated at x=y=0; may extrapolate, not physical layer count"
dual_g2_s912627_b4,dual_g2_s912627_b4,/srv/slam-research/grf/map-denoise/runs/multiscan-pilot-v1/exploration-v5-confirmation-p0oymcit/synthetics/dual_g2_s912627_b4.json,node_intercepts,confirmation,full,true_bilayer,2.0,4.0,912627,768,8,1.0,True,0.17626563498924952,True,True,0.21991812096991573,0.34346951992149666,0.8591877799011671,0.96875,1.0,0.2275760688847357,1.0,0.35218970581080883,0.22243681201294938,0.3374453372720541,,self-report; not geometry-derived layer count or success,0.34978516559038614,0.04108438647479347,0.6322549824299202,1.051641576868721,4.101336636905444,8.550055091610071,1.0,/srv/slam-research/grf/map-denoise/runs/multiscan-pilot-v1/exploration-v5-confirmation-p0oymcit/outputs/dual_g2_s912627_b4__node_intercepts.npz,96b6f46349826f200e4f46e2b626d5aa21063c3f66e2e5bfb2a8db5c8fa3e154,1.8202508806204172,0.17974911937958282,0.9101254403102086,0.9841568604501035,1.0158431395498964,"GT source-group affine fits evaluated at x=y=0; may extrapolate, not physical layer count"
dual_g2_s912627_b4,dual_g2_s912627_b4,/srv/slam-research/grf/map-denoise/runs/multiscan-pilot-v1/exploration-v5-confirmation-p0oymcit/synthetics/dual_g2_s912627_b4.json,official_gicp,confirmation,full,true_bilayer,2.0,4.0,912627,768,8,1.0,True,0.024193520992412232,True,True,1.356100306507929,2.6698342085907574,4.682833081830712,0.07942708333333333,0.39453125,2.383955590198976,1.0,16.12839341955924,0.8703888621974519,1.0713402987603304,,self-report; not geometry-derived layer count or success,16.128341091670585,0.04108438647479105,0.3653424163538684,0.7027014316573933,16.592620762262786,30.523121302108542,1.0,/srv/slam-research/grf/map-denoise/runs/multiscan-pilot-v1/exploration-v5-confirmation-p0oymcit/outputs/dual_g2_s912627_b4__official_gicp.npz,8d750706925a282f955c82be1d5ed8f030addfa873ebd5da17cca201f9797754,2.081034457715019,0.08103445771501905,1.0405172288575095,1.7173152662657671,0.28268473373423286,"GT source-group affine fits evaluated at x=y=0; may extrapolate, not physical layer count"
dual_g4_s912627_b0,dual_g4_s912627_b0,/srv/slam-research/grf/map-denoise/runs/multiscan-pilot-v1/exploration-v5-confirmation-p0oymcit/synthetics/dual_g4_s912627_b0.json,identity,confirmation,full,true_bilayer,4.0,0.0,912627,768,8,1.0,True,1.48350081872195e-05,True,True,0.8215102755076883,1.014447877058906,1.9948886976248925,0.7135416666666666,0.9765625,0.7652611715991977,1.0,1.0157203726907194,0.822143559574795,1.0143433283993508,,self-report; not geometry-derived layer count or success,1.014889131229103,0.04108438647479273,0.2099607298161937,0.2400876575860155,0.0,0.0,0.0,/srv/slam-research/grf/map-denoise/runs/multiscan-pilot-v1/exploration-v5-confirmation-p0oymcit/outputs/dual_g4_s912627_b0__identity.npz,5de2340052c0e754de1d617b743d1abe88f04c05a2165a0c8f543cbd0becb1cd,4.068131599061592,0.06813159906159161,1.017032899765398,4.2845787272098645,0.28457872720986455,"GT source-group affine fits evaluated at x=y=0; may extrapolate, not physical layer count"
dual_g4_s912627_b0,dual_g4_s912627_b0,/srv/slam-research/grf/map-denoise/runs/multiscan-pilot-v1/exploration-v5-confirmation-p0oymcit/synthetics/dual_g4_s912627_b0.json,fast,confirmation,full,true_bilayer,4.0,0.0,912627,768,8,1.0,True,0.00931579599273391,True,True,0.75596836074441,0.9410954453959741,1.867075730786968,0.7161458333333334,0.96484375,0.7526860127449532,1.0,0.9925556025469084,0.7802114863324207,0.9623717362012696,2,self-report; not geometry-derived layer count or success,0.991704944696378,0.04108438647479266,1.2755050204984644,2.173150345681974,1.0773827134016494,2.098853086585657,1.0,/srv/slam-research/grf/map-denoise/runs/multiscan-pilot-v1/exploration-v5-confirmation-p0oymcit/outputs/dual_g4_s912627_b0__fast.npz,b0b38d9166b4c1ff19569110aacc4585721aa92e144876fdf672642d5a473ce2,3.520819640421834,0.47918035957816585,0.8802049101054585,1.8070693984549093,2.1929306015450907,"GT source-group affine fits evaluated at x=y=0; may extrapolate, not physical layer count"
dual_g4_s912627_b0,dual_g4_s912627_b0,/srv/slam-research/grf/map-denoise/runs/multiscan-pilot-v1/exploration-v5-confirmation-p0oymcit/synthetics/dual_g4_s912627_b0.json,open3d_icp_then_xyz,confirmation,full,true_bilayer,4.0,0.0,912627,768,8,1.0,True,0.02595824300078675,True,True,0.6024827334200957,0.7576391351109091,1.518291698154322,0.3580729166666667,0.7734375,1.417579026600057,1.0,2.5182865950816864,0.5996746555816304,0.6980976032465583,2,self-report; not geometry-derived layer count or success,2.517952169337712,0.04103958936956822,1.1258850145025814,1.357686278166192,2.5394292530267184,5.102166610134506,1.0,/srv/slam-research/grf/map-denoise/runs/multiscan-pilot-v1/exploration-v5-confirmation-p0oymcit/outputs/dual_g4_s912627_b0__open3d_icp_then_xyz.npz,cf3fc5e1aa484fc3a2084a8e913012ea2f67742650bfc35642acbbffc916672d,3.4118278308433716,0.5881721691566284,0.8529569577108429,2.1402240061926587,1.8597759938073413,"GT source-group affine fits evaluated at x=y=0; may extrapolate, not physical layer count"
dual_g4_s912627_b0,dual_g4_s912627_b0,/srv/slam-research/grf/map-denoise/runs/multiscan-pilot-v1/exploration-v5-confirmation-p0oymcit/synthetics/dual_g4_s912627_b0.json,graph_shared,confirmation,full,true_bilayer,4.0,0.0,912627,768,8,1.0,True,0.14820749399950728,True,True,0.3056656199941596,0.5289663216049281,1.3997855823960348,0.9166666666666666,0.9947916666666666,0.2994013022337097,1.0,0.5340936888028286,0.30701017586523865,0.5296080384309134,,self-report; not geometry-derived layer count or success,0.5321214334985004,0.04585682534273215,0.29265687461348594,0.5260728602332422,0.9338695657176239,1.8979091898431628,0.9479166666666666,/srv/slam-research/grf/map-denoise/runs/multiscan-pilot-v1/exploration-v5-confirmation-p0oymcit/outputs/dual_g4_s912627_b0__graph_shared.npz,8e788d3e004feb7fc04a4fd85d490ec69fffa6f8593559fa5680980a559afa59,3.8946861407082807,0.10531385929171933,0.9736715351770702,3.499297357775029,0.500702642224971,"GT source-group affine fits evaluated at x=y=0; may extrapolate, not physical layer count"
dual_g4_s912627_b0,dual_g4_s912627_b0,/srv/slam-research/grf/map-denoise/runs/multiscan-pilot-v1/exploration-v5-confirmation-p0oymcit/synthetics/dual_g4_s912627_b0.json,pool_independent,confirmation,full,true_bilayer,4.0,0.0,912627,768,8,1.0,True,0.16934529900026973,True,True,0.2863493325499633,0.49304772611983133,1.211533543849253,0.9283854166666666,0.9934895833333334,0.2825197401686755,1.0,0.5023295980075583,0.28864146279425124,0.4998103992354514,,self-report; not geometry-derived layer count or success,0.49988407088068,0.049506976419434946,0.10266496049509928,0.15948810046227413,0.9032525541145264,1.8254669338532925,0.9479166666666666,/srv/slam-research/grf/map-denoise/runs/multiscan-pilot-v1/exploration-v5-confirmation-p0oymcit/outputs/dual_g4_s912627_b0__pool_independent.npz,c4f948267868fa577c10b1648da25b32da2df3697e61d015d1dab5441ac87cb2,4.014967277954768,0.014967277954768043,1.003741819488692,3.998264028785997,0.0017359712140030403,"GT source-group affine fits evaluated at x=y=0; may extrapolate, not physical layer count"
dual_g4_s912627_b0,dual_g4_s912627_b0,/srv/slam-research/grf/map-denoise/runs/multiscan-pilot-v1/exploration-v5-confirmation-p0oymcit/synthetics/dual_g4_s912627_b0.json,pool_compatible,confirmation,full,true_bilayer,4.0,0.0,912627,768,8,1.0,True,0.19445003899454605,True,True,0.24669758363956631,0.4692942685934534,1.1794039036301807,0.9401041666666666,0.9934895833333334,0.2431414448723174,1.0,0.47942656159711305,0.24908303303071924,0.4768090063369624,,self-report; not geometry-derived layer count or success,0.47688908582158923,0.04926081393033804,0.0949466245836243,0.14836764834241054,0.9138338293279333,1.9140822843239094,0.9479166666666666,/srv/slam-research/grf/map-denoise/runs/multiscan-pilot-v1/exploration-v5-confirmation-p0oymcit/outputs/dual_g4_s912627_b0__pool_compatible.npz,0e3fd8b32e429bd232a7b7a158b2a98ca39740bd871e10535e03e9870f5d36b5,4.015278554289669,0.015278554289668733,1.0038196385724172,3.9973767602334336,0.002623239766566421,"GT source-group affine fits evaluated at x=y=0; may extrapolate, not physical layer count"
dual_g4_s912627_b0,dual_g4_s912627_b0,/srv/slam-research/grf/map-denoise/runs/multiscan-pilot-v1/exploration-v5-confirmation-p0oymcit/synthetics/dual_g4_s912627_b0.json,shared_group_slope,confirmation,full,true_bilayer,4.0,0.0,912627,768,8,1.0,True,0.19311378999555018,True,True,0.4660936578248373,0.6230233159807843,1.2056589897631838,0.9153645833333334,0.9791666666666666,0.46402059176150035,1.0,0.6574951737530033,0.47702596506097966,0.6457556275100053,,self-report; not geometry-derived layer count or success,0.6533361652418004,0.07383602573019993,0.9895129273886214,2.2303920269727326,1.0285557769698093,2.078885951209655,0.9479166666666666,/srv/slam-research/grf/map-denoise/runs/multiscan-pilot-v1/exploration-v5-confirmation-p0oymcit/outputs/dual_g4_s912627_b0__shared_group_slope.npz,cb60b2ee4e3645afe396bd9128bb4113239a92d6e32e56f4ad4b28b0114bc158,3.797111715416324,0.20288828458367592,0.949277928854081,2.266598250779196,1.7334017492208038,"GT source-group affine fits evaluated at x=y=0; may extrapolate, not physical layer count"
dual_g4_s912627_b0,dual_g4_s912627_b0,/srv/slam-research/grf/map-denoise/runs/multiscan-pilot-v1/exploration-v5-confirmation-p0oymcit/synthetics/dual_g4_s912627_b0.json,node_intercepts,confirmation,full,true_bilayer,4.0,0.0,912627,768,8,1.0,True,0.19498008400842082,True,True,0.2703606128147098,0.4743993894027542,1.1953990661378309,0.94140625,0.9934895833333334,0.2666585422885223,1.0,0.4839793665792612,0.2726382277944482,0.48138845267697555,,self-report; not geometry-derived layer count or success,0.48146944482675064,0.049226019265053274,0.09458338171434226,0.14769663083183363,0.9108860232761252,1.881126710829418,0.9479166666666666,/srv/slam-research/grf/map-denoise/runs/multiscan-pilot-v1/exploration-v5-confirmation-p0oymcit/outputs/dual_g4_s912627_b0__node_intercepts.npz,570fa070d59721e6247ce551636607363a72bea083107ba753781fc61262a0e3,4.0155161066416065,0.01551610664160652,1.0038790266604016,3.998612115229279,0.0013878847707209374,"GT source-group affine fits evaluated at x=y=0; may extrapolate, not physical layer count"
dual_g4_s912627_b0,dual_g4_s912627_b0,/srv/slam-research/grf/map-denoise/runs/multiscan-pilot-v1/exploration-v5-confirmation-p0oymcit/synthetics/dual_g4_s912627_b0.json,official_gicp,confirmation,full,true_bilayer,4.0,0.0,912627,768,8,1.0,True,0.02981975200236775,True,True,1.3291278234051818,2.5209723908434394,3.158886919326777,0.08723958333333333,0.4205729166666667,2.3376467648262476,1.0,14.00332561907346,0.9262143667195071,1.1331557673505284,,self-report; not geometry-derived layer count or success,14.003265350159838,0.04108438647479268,0.6493906102059555,0.7674510884334331,13.967251363317212,27.805060712412587,1.0,/srv/slam-research/grf/map-denoise/runs/multiscan-pilot-v1/exploration-v5-confirmation-p0oymcit/outputs/dual_g4_s912627_b0__official_gicp.npz,e5a127fb1058bd7a8beb991ed7f759b474405ba66bb9ac1e14bc821a045bc0ea,3.8932514583747357,0.10674854162526426,0.9733128645936839,4.238721628400938,0.23872162840093836,"GT source-group affine fits evaluated at x=y=0; may extrapolate, not physical layer count"
dual_g4_s912627_b4,dual_g4_s912627_b4,/srv/slam-research/grf/map-denoise/runs/multiscan-pilot-v1/exploration-v5-confirmation-p0oymcit/synthetics/dual_g4_s912627_b4.json,identity,confirmation,full,true_bilayer,4.0,4.0,912627,768,8,1.0,True,1.3937999028712511e-05,True,True,2.989362818183563,3.867861690579494,8.420736123143366,0.24479166666666666,0.5572916666666666,1.9227661386674875,1.0,4.094446886212659,3.188684413853777,4.092636705706733,,self-report; not geometry-derived layer count or success,4.094240757112915,0.0410843864747928,0.852682165504722,1.0562383650709641,0.0,0.0,0.0,/srv/slam-research/grf/map-denoise/runs/multiscan-pilot-v1/exploration-v5-confirmation-p0oymcit/outputs/dual_g4_s912627_b4__identity.npz,deed37710c8b37ebb280ba04cb5f0f18cdca097d8618f97de33c746bd8b63015,4.2346027380332725,0.23460273803327247,1.0586506845083181,5.15746177054863,1.1574617705486299,"GT source-group affine fits evaluated at x=y=0; may extrapolate, not physical layer count"
dual_g4_s912627_b4,dual_g4_s912627_b4,/srv/slam-research/grf/map-denoise/runs/multiscan-pilot-v1/exploration-v5-confirmation-p0oymcit/synthetics/dual_g4_s912627_b4.json,fast,confirmation,full,true_bilayer,4.0,4.0,912627,768,8,1.0,True,0.009401784001966007,True,True,0.7662849156172123,0.9484942025943432,1.879593182561961,0.7057291666666666,0.9609375,0.8023526062423415,1.0,1.0111363036767695,0.7871236893834376,0.9575144645448577,2,self-report; not geometry-derived layer count or success,1.0103012906064757,0.041084386474792824,1.3595842624540673,2.259785248544181,4.188197662439752,8.746371616358275,1.0,/srv/slam-research/grf/map-denoise/runs/multiscan-pilot-v1/exploration-v5-confirmation-p0oymcit/outputs/dual_g4_s912627_b4__fast.npz,007709252512a0dad768b6a7d706ff35085432dc0779c758175d66c9db094e2d,3.4800657681169653,0.5199342318830347,0.8700164420292413,1.6744533978898266,2.3255466021101734,"GT source-group affine fits evaluated at x=y=0; may extrapolate, not physical layer count"
dual_g4_s912627_b4,dual_g4_s912627_b4,/srv/slam-research/grf/map-denoise/runs/multiscan-pilot-v1/exploration-v5-confirmation-p0oymcit/synthetics/dual_g4_s912627_b4.json,open3d_icp_then_xyz,confirmation,full,true_bilayer,4.0,4.0,912627,768,8,1.0,True,0.025514422988635488,True,True,0.606052153222136,0.7646458490122211,1.5356316108439205,0.3424479166666667,0.77734375,1.412997804349109,1.0,2.4165899348690125,0.604107605314088,0.7088286436370339,2,self-report; not geometry-derived layer count or success,2.4162414485362933,0.04103870959779836,1.1830901546948323,1.472875023001351,4.689553646256135,8.633819712238685,1.0,/srv/slam-research/grf/map-denoise/runs/multiscan-pilot-v1/exploration-v5-confirmation-p0oymcit/outputs/dual_g4_s912627_b4__open3d_icp_then_xyz.npz,adf3de1882e245235d2b178864e7beebadc7d53d74881078b556a1888e75f8c1,3.4225104681221143,0.5774895318778857,0.8556276170305286,2.0909475468911642,1.9090524531088358,"GT source-group affine fits evaluated at x=y=0; may extrapolate, not physical layer count"
dual_g4_s912627_b4,dual_g4_s912627_b4,/srv/slam-research/grf/map-denoise/runs/multiscan-pilot-v1/exploration-v5-confirmation-p0oymcit/synthetics/dual_g4_s912627_b4.json,graph_shared,confirmation,full,true_bilayer,4.0,4.0,912627,768,8,1.0,True,0.16307732999848668,True,True,0.4158884417968818,0.9447261742918525,1.7365812786574923,0.8854166666666666,0.98046875,0.3552460741191062,1.0,1.127916669202555,0.4588698527507691,1.126485730849021,,self-report; not geometry-derived layer count or success,1.1271248610597169,0.04225589007581804,0.29424293604555896,0.479576055203858,3.964898781604717,8.45375191202463,0.9479166666666666,/srv/slam-research/grf/map-denoise/runs/multiscan-pilot-v1/exploration-v5-confirmation-p0oymcit/outputs/dual_g4_s912627_b4__graph_shared.npz,95136d2a925ab2c6055d941d7aa4c762fb106e7a918c84fddc2f32289c9923c5,3.933991439701695,0.06600856029830515,0.9834978599254237,3.654868516363634,0.3451314836363659,"GT source-group affine fits evaluated at x=y=0; may extrapolate, not physical layer count"
dual_g4_s912627_b4,dual_g4_s912627_b4,/srv/slam-research/grf/map-denoise/runs/multiscan-pilot-v1/exploration-v5-confirmation-p0oymcit/synthetics/dual_g4_s912627_b4.json,pool_independent,confirmation,full,true_bilayer,4.0,4.0,912627,768,8,1.0,True,0.18541203401400708,True,True,0.3965490636816338,0.9250778403634307,1.6070646569133031,0.8984375,0.9791666666666666,0.3377716171330704,1.0,1.1132099838022598,0.4404786575372566,1.1117718445455604,,self-report; not geometry-derived layer count or success,1.1122623710789115,0.045922607928392124,0.25874567384779734,0.3739081135079088,3.954184787716332,8.469178287342762,0.9479166666666666,/srv/slam-research/grf/map-denoise/runs/multiscan-pilot-v1/exploration-v5-confirmation-p0oymcit/outputs/dual_g4_s912627_b4__pool_independent.npz,01d795488e2d19f88e4c0294e81e95131003336869cf562d59b4a228c7dd604d,4.0543123538699115,0.05431235386991151,1.0135780884674779,4.153952088460648,0.153952088460648,"GT source-group affine fits evaluated at x=y=0; may extrapolate, not physical layer count"
dual_g4_s912627_b4,dual_g4_s912627_b4,/srv/slam-research/grf/map-denoise/runs/multiscan-pilot-v1/exploration-v5-confirmation-p0oymcit/synthetics/dual_g4_s912627_b4.json,pool_compatible,confirmation,full,true_bilayer,4.0,4.0,912627,768,8,1.0,True,0.211013203006587,True,True,0.35690262531691763,0.9126376103502762,1.5440150375029733,0.91015625,0.9791666666666666,0.29904381390698265,1.0,1.1030637507112206,0.40092567888808067,1.101618290218571,,self-report; not geometry-derived layer count or success,1.102117589554198,0.04567775091169365,0.2514674331724277,0.3633240368210886,3.9603587475776636,8.496112744907531,0.9479166666666666,/srv/slam-research/grf/map-denoise/runs/multiscan-pilot-v1/exploration-v5-confirmation-p0oymcit/outputs/dual_g4_s912627_b4__pool_compatible.npz,da283d750bd8cdadca93be9d4e918f0dcb09a369c9465cf2fbbc528adbad7844,4.054626525013911,0.0546265250139113,1.0136566312534778,4.153083824227155,0.1530838242271546,"GT source-group affine fits evaluated at x=y=0; may extrapolate, not physical layer count"
dual_g4_s912627_b4,dual_g4_s912627_b4,/srv/slam-research/grf/map-denoise/runs/multiscan-pilot-v1/exploration-v5-confirmation-p0oymcit/synthetics/dual_g4_s912627_b4.json,shared_group_slope,confirmation,full,true_bilayer,4.0,4.0,912627,768,8,1.0,True,0.21130170600372367,True,True,0.576390270282792,1.000502557515704,1.8017059309825434,0.8828125,0.9583333333333334,0.5265477473481676,1.0,1.191311628023945,0.6289132189862895,1.1863855357010364,,self-report; not geometry-derived layer count or success,1.1892391627589538,0.07023965279986256,0.9210847094590454,2.100902499196652,4.0158708043381015,8.496793835368626,0.9479166666666666,/srv/slam-research/grf/map-denoise/runs/multiscan-pilot-v1/exploration-v5-confirmation-p0oymcit/outputs/dual_g4_s912627_b4__shared_group_slope.npz,6daff840abcfaa7fe8ff08ec39bcbc378968135371943209b6d97fc81414e397,3.836479976034672,0.16352002396532805,0.959119994008668,2.4224246182486624,1.5775753817513376,"GT source-group affine fits evaluated at x=y=0; may extrapolate, not physical layer count"
dual_g4_s912627_b4,dual_g4_s912627_b4,/srv/slam-research/grf/map-denoise/runs/multiscan-pilot-v1/exploration-v5-confirmation-p0oymcit/synthetics/dual_g4_s912627_b4.json,node_intercepts,confirmation,full,true_bilayer,4.0,4.0,912627,768,8,1.0,True,0.20968958899902645,True,True,0.3805820816519392,0.9152745168614183,1.5400305674395567,0.9114583333333334,0.9791666666666666,0.3214784756058042,1.0,1.1050514675681287,0.4244974100785448,1.1036072000020578,,self-report; not geometry-derived layer count or success,1.1041084475513538,0.04564298434824288,0.2515382851043993,0.3637970938442474,3.9608392848125233,8.52366571779656,0.9479166666666666,/srv/slam-research/grf/map-denoise/runs/multiscan-pilot-v1/exploration-v5-confirmation-p0oymcit/outputs/dual_g4_s912627_b4__node_intercepts.npz,e0415510b55304636caa6a9e8090233cbba42f417fe0e2c9362a46de6717f311,4.054863619801122,0.054863619801121644,1.0137159049502804,4.154318880012428,0.15431888001242822,"GT source-group affine fits evaluated at x=y=0; may extrapolate, not physical layer count"
dual_g4_s912627_b4,dual_g4_s912627_b4,/srv/slam-research/grf/map-denoise/runs/multiscan-pilot-v1/exploration-v5-confirmation-p0oymcit/synthetics/dual_g4_s912627_b4.json,official_gicp,confirmation,full,true_bilayer,4.0,4.0,912627,768,8,1.0,True,0.02612401600345038,True,True,1.2829397588491498,2.4268042578379427,2.902218572320744,0.06901041666666667,0.4088541666666667,2.349793291279597,1.0,12.206310574225677,0.9314127696413573,1.1425530366101628,,self-report; not geometry-derived layer count or success,12.20624143246567,0.041084386474794066,0.7842420346849828,0.8121780038821008,12.787102984368,24.166969901867475,1.0,/srv/slam-research/grf/map-denoise/runs/multiscan-pilot-v1/exploration-v5-confirmation-p0oymcit/outputs/dual_g4_s912627_b4__official_gicp.npz,df9b56100042fbaccb0101c4feeec1edaf4628dd9d84a76ca2a50ed21ffc233e,3.779271832143666,0.22072816785633398,0.9448179580359165,4.350418726180412,0.35041872618041214,"GT source-group affine fits evaluated at x=y=0; may extrapolate, not physical layer count"
dual_g8_s912627_b0,dual_g8_s912627_b0,/srv/slam-research/grf/map-denoise/runs/multiscan-pilot-v1/exploration-v5-confirmation-p0oymcit/synthetics/dual_g8_s912627_b0.json,identity,confirmation,full,true_bilayer,8.0,0.0,912627,768,8,1.0,True,1.4981007552705705e-05,True,True,0.822143559574795,1.0157203726907194,2.010857578637144,0.7135416666666666,0.9752604166666666,0.7627355716184353,1.0,1.0157203726907196,0.822143559574795,1.0133514657262763,,self-report; not geometry-derived layer count or success,1.0148891312291033,0.04108438647479284,0.14269131612740474,0.1949792233020425,0.0,0.0,0.0,/srv/slam-research/grf/map-denoise/runs/multiscan-pilot-v1/exploration-v5-confirmation-p0oymcit/outputs/dual_g8_s912627_b0__identity.npz,f58edd9436956e38ff274484f9512f7cf0323c87ad60191616927d1c4b5aad28,7.882935428866287,0.11706457113371282,0.9853669286082859,8.013567538121308,0.01356753812130762,"GT source-group affine fits evaluated at x=y=0; may extrapolate, not physical layer count"
dual_g8_s912627_b0,dual_g8_s912627_b0,/srv/slam-research/grf/map-denoise/runs/multiscan-pilot-v1/exploration-v5-confirmation-p0oymcit/synthetics/dual_g8_s912627_b0.json,fast,confirmation,full,true_bilayer,8.0,0.0,912627,768,8,1.0,True,0.009467644995311275,True,True,1.1082215617312174,1.3760378889807423,2.6351958899981835,0.5208333333333334,0.8971354166666666,1.0420291010566238,1.0,1.3820194612344698,1.1083453888373394,1.3196160606151333,2,self-report; not geometry-derived layer count or success,1.3814086522165714,0.04108438647479263,1.7708342024448125,2.980954031158359,1.3683370560533714,2.5358230828847312,1.0,/srv/slam-research/grf/map-denoise/runs/multiscan-pilot-v1/exploration-v5-confirmation-p0oymcit/outputs/dual_g8_s912627_b0__fast.npz,2ee01b9eb71e6ddd5d3c9464c2cf9b82fa6745bcd77de700de089d9ae61da8d2,7.184371106433578,0.815628893566422,0.8980463883041973,4.747377494872703,3.252622505127297,"GT source-group affine fits evaluated at x=y=0; may extrapolate, not physical layer count"
dual_g8_s912627_b0,dual_g8_s912627_b0,/srv/slam-research/grf/map-denoise/runs/multiscan-pilot-v1/exploration-v5-confirmation-p0oymcit/synthetics/dual_g8_s912627_b0.json,open3d_icp_then_xyz,confirmation,full,true_bilayer,8.0,0.0,912627,768,8,1.0,True,0.01760538799862843,True,True,0.9399296196283915,1.1373126751232243,2.153606265610029,0.19791666666666666,0.71875,1.6102804126076922,1.0,2.1859791367173003,0.9370540396446451,1.0770273216064856,2,self-report; not geometry-derived layer count or success,2.1855930295557946,0.04108400321825412,2.016487993252083,3.3972408061321997,2.1929447423996624,3.659325235539533,1.0,/srv/slam-research/grf/map-denoise/runs/multiscan-pilot-v1/exploration-v5-confirmation-p0oymcit/outputs/dual_g8_s912627_b0__open3d_icp_then_xyz.npz,b56c4425a81212b9d6aac1e3241bc26fb8289a346dede53ec96c327b6fb1e014,7.2668563689698935,0.7331436310301065,0.9083570461212367,4.477350705903,3.5226492940969996,"GT source-group affine fits evaluated at x=y=0; may extrapolate, not physical layer count"
dual_g8_s912627_b0,dual_g8_s912627_b0,/srv/slam-research/grf/map-denoise/runs/multiscan-pilot-v1/exploration-v5-confirmation-p0oymcit/synthetics/dual_g8_s912627_b0.json,graph_shared,confirmation,full,true_bilayer,8.0,0.0,912627,768,8,1.0,True,0.14836870100407396,True,True,0.4133331491732511,0.6981018893281741,1.829319837423566,0.87109375,0.97265625,0.4035021143871284,1.0,0.6981078478271221,0.4133331491732511,0.6743219148190392,,self-report; not geometry-derived layer count or success,0.6971532812263754,0.036494789670779106,0.6244857151092792,0.9377690113169802,1.0845800012603497,2.0466484328561454,0.9817708333333334,/srv/slam-research/grf/map-denoise/runs/multiscan-pilot-v1/exploration-v5-confirmation-p0oymcit/outputs/dual_g8_s912627_b0__graph_shared.npz,110d9f6b4ed31328fd308e86f921b04156c9f89649d00878b8792da1b84ab235,7.629116905031484,0.3708830949685158,0.9536396131289355,6.862474526937158,1.1375254730628424,"GT source-group affine fits evaluated at x=y=0; may extrapolate, not physical layer count"
dual_g8_s912627_b0,dual_g8_s912627_b0,/srv/slam-research/grf/map-denoise/runs/multiscan-pilot-v1/exploration-v5-confirmation-p0oymcit/synthetics/dual_g8_s912627_b0.json,pool_independent,confirmation,full,true_bilayer,8.0,0.0,912627,768,8,1.0,True,0.1693073269998422,True,True,0.2893134719553208,0.47809711543031724,1.083560207549009,0.9440104166666666,0.9973958333333334,0.28271341739483974,1.0,0.4781048274426396,0.2893134719553209,0.4667346210893592,,self-report; not geometry-derived layer count or success,0.47727183829006087,0.028210253440587175,0.2552959278804367,0.26433804815634937,0.997544621602583,1.9904178851705052,0.9817708333333334,/srv/slam-research/grf/map-denoise/runs/multiscan-pilot-v1/exploration-v5-confirmation-p0oymcit/outputs/dual_g8_s912627_b0__pool_independent.npz,ff10ae6f61a4fe3ffeb66a236e57379ed230c983d8068623cf486d65e5b1ba2d,7.791010607359789,0.20898939264021088,0.9738763259199736,7.592105566843919,0.4078944331560814,"GT source-group affine fits evaluated at x=y=0; may extrapolate, not physical layer count"
dual_g8_s912627_b0,dual_g8_s912627_b0,/srv/slam-research/grf/map-denoise/runs/multiscan-pilot-v1/exploration-v5-confirmation-p0oymcit/synthetics/dual_g8_s912627_b0.json,pool_compatible,confirmation,full,true_bilayer,8.0,0.0,912627,768,8,1.0,True,0.19391353699029423,True,True,0.2388274019866059,0.45955239465146625,1.057977291449877,0.9466145833333334,0.9947916666666666,0.2314048841925335,1.0,0.4595605885413432,0.2388274019866059,0.44748268469571706,,self-report; not geometry-derived layer count or success,0.45876135861967265,0.02709151856020331,0.2684214086995487,0.27595609307583163,1.0080989792581228,1.9701308590430004,0.9817708333333334,/srv/slam-research/grf/map-denoise/runs/multiscan-pilot-v1/exploration-v5-confirmation-p0oymcit/outputs/dual_g8_s912627_b0__pool_compatible.npz,61d4d8f4f9762d3ed16528f74b0ef94cb02866607370507c9abced2d3ea35f14,7.788151015898363,0.21184898410163733,0.9735188769872953,7.584141564257129,0.4158584357428712,"GT source-group affine fits evaluated at x=y=0; may extrapolate, not physical layer count"
dual_g8_s912627_b0,dual_g8_s912627_b0,/srv/slam-research/grf/map-denoise/runs/multiscan-pilot-v1/exploration-v5-confirmation-p0oymcit/synthetics/dual_g8_s912627_b0.json,shared_group_slope,confirmation,full,true_bilayer,8.0,0.0,912627,768,8,1.0,True,0.1955982670042431,True,True,0.7355640036374944,1.2310764735965323,3.446932685477857,0.8463541666666666,0.9153645833333334,0.6770429480861037,1.0,1.231083356755237,0.7355640036374945,1.1495242022775531,,self-report; not geometry-derived layer count or success,1.2304148684229428,0.040564551562842985,2.36440133704485,4.275549383188472,1.5122572508347776,3.1485161862591067,0.9817708333333334,/srv/slam-research/grf/map-denoise/runs/multiscan-pilot-v1/exploration-v5-confirmation-p0oymcit/outputs/dual_g8_s912627_b0__shared_group_slope.npz,f871d79aa79c853e0a9ad6e9b851f0ef2bced12c8a856fff9c4d459ade5f0ed7,7.080296549550603,0.919703450449397,0.8850370686938254,3.694514901343012,4.3054850986569875,"GT source-group affine fits evaluated at x=y=0; may extrapolate, not physical layer count"
dual_g8_s912627_b0,dual_g8_s912627_b0,/srv/slam-research/grf/map-denoise/runs/multiscan-pilot-v1/exploration-v5-confirmation-p0oymcit/synthetics/dual_g8_s912627_b0.json,node_intercepts,confirmation,full,true_bilayer,8.0,0.0,912627,768,8,1.0,True,0.19269846699899063,True,True,0.2656661508833054,0.46532498551447043,1.0499870076046856,0.9440104166666666,0.99609375,0.2585104857031011,1.0,0.46533301008170114,0.2656661508833055,0.4534907512758802,,self-report; not geometry-derived layer count or success,0.46453352096821815,0.02726569582032803,0.2662468929070737,0.275664502740047,1.003874747153001,1.990211821710295,0.9817708333333334,/srv/slam-research/grf/map-denoise/runs/multiscan-pilot-v1/exploration-v5-confirmation-p0oymcit/outputs/dual_g8_s912627_b0__node_intercepts.npz,caa905aaef47811332b14312fad4915d683971cd65147f6cac548fe6169ac1d8,7.789020188675214,0.21097981132478605,0.9736275235844017,7.590030719529776,0.4099692804702242,"GT source-group affine fits evaluated at x=y=0; may extrapolate, not physical layer count"
dual_g8_s912627_b0,dual_g8_s912627_b0,/srv/slam-research/grf/map-denoise/runs/multiscan-pilot-v1/exploration-v5-confirmation-p0oymcit/synthetics/dual_g8_s912627_b0.json,official_gicp,confirmation,full,true_bilayer,8.0,0.0,912627,768,8,1.0,True,0.028824481996707618,True,True,2.5911238286266247,5.443648614104335,12.721376977131834,0.053385416666666664,0.33984375,2.6260928815138045,1.0,23.61334144711399,1.0629000878028119,1.3739687614541298,,self-report; not geometry-derived layer count or success,23.613305706130586,0.04108438647479278,0.548557697822459,0.6271481831413594,23.593572912974366,43.06872377635537,1.0,/srv/slam-research/grf/map-denoise/runs/multiscan-pilot-v1/exploration-v5-confirmation-p0oymcit/outputs/dual_g8_s912627_b0__official_gicp.npz,8acdbd507c2166bf8cad4e4b7130a511d94aa42fed84f77840c11b40f243137b,7.246816750516383,0.7531832494836168,0.9058520938145479,6.861584114210174,1.1384158857898257,"GT source-group affine fits evaluated at x=y=0; may extrapolate, not physical layer count"
dual_g8_s912627_b4,dual_g8_s912627_b4,/srv/slam-research/grf/map-denoise/runs/multiscan-pilot-v1/exploration-v5-confirmation-p0oymcit/synthetics/dual_g8_s912627_b4.json,identity,confirmation,full,true_bilayer,8.0,4.0,912627,768,8,1.0,True,1.3850003597326577e-05,True,True,2.8914243550606122,3.7220107986670716,8.040216149832746,0.25390625,0.5611979166666666,1.9231269773626138,1.0,4.094446886212659,3.188684413853777,4.093198004812405,,self-report; not geometry-derived layer count or success,4.094240757112915,0.04108438647479267,0.7201165652500929,0.8483107725188265,0.0,0.0,0.0,/srv/slam-research/grf/map-denoise/runs/multiscan-pilot-v1/exploration-v5-confirmation-p0oymcit/outputs/dual_g8_s912627_b4__identity.npz,7914aa07444594e40466a664edaaad9895194ce1b65b0cceda47892f43ef80d7,8.193686529685095,0.19368652968509537,1.024210816210637,8.628468746578672,0.6284687465786725,"GT source-group affine fits evaluated at x=y=0; may extrapolate, not physical layer count"
dual_g8_s912627_b4,dual_g8_s912627_b4,/srv/slam-research/grf/map-denoise/runs/multiscan-pilot-v1/exploration-v5-confirmation-p0oymcit/synthetics/dual_g8_s912627_b4.json,fast,confirmation,full,true_bilayer,8.0,4.0,912627,768,8,1.0,True,0.009346648002974689,True,True,1.1460041720807268,1.4133912051497548,2.7201329740498346,0.4635416666666667,0.8841145833333334,1.1557528979254055,1.0,1.4765358238344148,1.1462224424447132,1.373088455919516,2,self-report; not geometry-derived layer count or success,1.4759641297316017,0.04108438647479281,1.8338937880549786,2.8195228069711074,4.528056496391499,9.86146261289725,1.0,/srv/slam-research/grf/map-denoise/runs/multiscan-pilot-v1/exploration-v5-confirmation-p0oymcit/outputs/dual_g8_s912627_b4__fast.npz,b7a283a9e251f68707fdf8a416285f4e0e5957c3b7459e95f25be532be11bd77,7.296694562862485,0.7033054371375149,0.9120868203578106,4.891975669771476,3.108024330228524,"GT source-group affine fits evaluated at x=y=0; may extrapolate, not physical layer count"
dual_g8_s912627_b4,dual_g8_s912627_b4,/srv/slam-research/grf/map-denoise/runs/multiscan-pilot-v1/exploration-v5-confirmation-p0oymcit/synthetics/dual_g8_s912627_b4.json,open3d_icp_then_xyz,confirmation,full,true_bilayer,8.0,4.0,912627,768,8,1.0,True,0.018287500002770685,True,True,0.9675236199847049,1.1724313295855464,2.1861858843458983,0.16015625,0.6796875,1.676911342778108,1.0,2.257425283367409,0.963774066150978,1.122950487985381,2,self-report; not geometry-derived layer count or success,2.257051399342745,0.04108394712519154,2.154166761929624,3.361181571718081,4.598774612891143,8.848215345455417,1.0,/srv/slam-research/grf/map-denoise/runs/multiscan-pilot-v1/exploration-v5-confirmation-p0oymcit/outputs/dual_g8_s912627_b4__open3d_icp_then_xyz.npz,4a2f11f5fc454b81a13327891138953707c9a9fb3c4499dbbbaefd05a95c22d2,7.344923051506574,0.6550769484934262,0.9181153814383217,4.53462159633794,3.4653784036620596,"GT source-group affine fits evaluated at x=y=0; may extrapolate, not physical layer count"
dual_g8_s912627_b4,dual_g8_s912627_b4,/srv/slam-research/grf/map-denoise/runs/multiscan-pilot-v1/exploration-v5-confirmation-p0oymcit/synthetics/dual_g8_s912627_b4.json,graph_shared,confirmation,full,true_bilayer,8.0,4.0,912627,768,8,1.0,True,0.16391169300186448,True,True,0.42929251694461296,0.7550143783715673,1.8641597299939614,0.859375,0.96484375,0.42402994338475786,1.0,0.9231195114273436,0.4599817257317233,0.9064379882016096,,self-report; not geometry-derived layer count or success,0.922900078734799,0.02012652600822027,0.6027741631162853,0.81188546892123,4.089988989518297,8.550557855391014,0.9817708333333334,/srv/slam-research/grf/map-denoise/runs/multiscan-pilot-v1/exploration-v5-confirmation-p0oymcit/outputs/dual_g8_s912627_b4__graph_shared.npz,e8d26c8950ae2638fb1b571633ed50a1151c7d2d9b93ca9bbdf069ffe9adbe76,7.636947392924375,0.36305260707562503,0.9546184241155469,6.96292712586232,1.0370728741376798,"GT source-group affine fits evaluated at x=y=0; may extrapolate, not physical layer count"
dual_g8_s912627_b4,dual_g8_s912627_b4,/srv/slam-research/grf/map-denoise/runs/multiscan-pilot-v1/exploration-v5-confirmation-p0oymcit/synthetics/dual_g8_s912627_b4.json,pool_independent,confirmation,full,true_bilayer,8.0,4.0,912627,768,8,1.0,True,0.18992331699701026,True,True,0.3044231734267118,0.5555964903676417,1.1585721812704766,0.93359375,0.9921875,0.29838145055209525,1.0,0.7686317868614915,0.33511238221382217,0.7624959325284527,,self-report; not geometry-derived layer count or success,0.768542807950846,0.011695132360029942,0.2594115021947607,0.3157292486060868,4.069895376318406,8.539903208609083,0.9817708333333334,/srv/slam-research/grf/map-denoise/runs/multiscan-pilot-v1/exploration-v5-confirmation-p0oymcit/outputs/dual_g8_s912627_b4__pool_independent.npz,d3b42d40f1cd481401b47926e3dc99d22fc2ca42cda6254380433cdc33c8c3d9,7.799647296905407,0.20035270309459285,0.9749559121131759,7.699714753570648,0.30028524642935217,"GT source-group affine fits evaluated at x=y=0; may extrapolate, not physical layer count"
dual_g8_s912627_b4,dual_g8_s912627_b4,/srv/slam-research/grf/map-denoise/runs/multiscan-pilot-v1/exploration-v5-confirmation-p0oymcit/synthetics/dual_g8_s912627_b4.json,pool_compatible,confirmation,full,true_bilayer,8.0,4.0,912627,768,8,1.0,True,0.22071124899957795,True,True,0.2567627223153766,0.5423133338938584,1.0852370417384058,0.9361979166666666,0.9895833333333334,0.2501176386366606,1.0,0.7590858700273053,0.28745193110248685,0.7527378557579987,,self-report; not geometry-derived layer count or success,0.7590062205993294,0.010996143261759912,0.27410798717050616,0.32696355489346257,4.073910114241441,8.600118308585245,0.9817708333333334,/srv/slam-research/grf/map-denoise/runs/multiscan-pilot-v1/exploration-v5-confirmation-p0oymcit/outputs/dual_g8_s912627_b4__pool_compatible.npz,32ac0b92fd65524a59770d0d007b3dc59261627a6948bf90bd917b6d05ad25c4,7.797271681377378,0.20272831862262208,0.9746589601721722,7.692136827894038,0.3078631721059617,"GT source-group affine fits evaluated at x=y=0; may extrapolate, not physical layer count"
dual_g8_s912627_b4,dual_g8_s912627_b4,/srv/slam-research/grf/map-denoise/runs/multiscan-pilot-v1/exploration-v5-confirmation-p0oymcit/synthetics/dual_g8_s912627_b4.json,shared_group_slope,confirmation,full,true_bilayer,8.0,4.0,912627,768,8,1.0,True,0.21331958699738607,True,True,0.7570282432832042,1.2720195500248974,3.483803060842429,0.8372395833333334,0.9088541666666666,0.7016719852316861,1.0,1.3784600108703953,0.7877174520703144,1.306187915836473,,self-report; not geometry-derived layer count or success,1.3782550086363925,0.023772520638507166,2.3513939528483014,4.180258440307739,4.246789555033158,8.657287898422968,0.9817708333333334,/srv/slam-research/grf/map-denoise/runs/multiscan-pilot-v1/exploration-v5-confirmation-p0oymcit/outputs/dual_g8_s912627_b4__shared_group_slope.npz,fb827efa5143bfaadd3aa54d24d24609568883e0dba080246e15dc3dae45b8e6,7.078319645368618,0.9216803546313823,0.8847899556710772,3.7523834644946557,4.247616535505344,"GT source-group affine fits evaluated at x=y=0; may extrapolate, not physical layer count"
dual_g8_s912627_b4,dual_g8_s912627_b4,/srv/slam-research/grf/map-denoise/runs/multiscan-pilot-v1/exploration-v5-confirmation-p0oymcit/synthetics/dual_g8_s912627_b4.json,node_intercepts,confirmation,full,true_bilayer,8.0,4.0,912627,768,8,1.0,True,0.20931367900629994,True,True,0.2880798137572025,0.5474011926949837,1.0887172255799369,0.9348958333333334,0.9908854166666666,0.2812293882157904,1.0,0.7627289699386326,0.3187690225443128,0.7564601769981188,,self-report; not geometry-derived layer count or success,0.7626473138991475,0.01116047427587685,0.27343144166604777,0.3268819551731046,4.070759909131299,8.608571978203038,0.9817708333333334,/srv/slam-research/grf/map-denoise/runs/multiscan-pilot-v1/exploration-v5-confirmation-p0oymcit/outputs/dual_g8_s912627_b4__node_intercepts.npz,cecdc057988f0715de1452b13c69bbb8ec9f4e3e3d7bd6b8b025b5ac9f9234e5,7.798108401107835,0.20189159889216501,0.9747635501384794,7.697892647369025,0.30210735263097543,"GT source-group affine fits evaluated at x=y=0; may extrapolate, not physical layer count"
dual_g8_s912627_b4,dual_g8_s912627_b4,/srv/slam-research/grf/map-denoise/runs/multiscan-pilot-v1/exploration-v5-confirmation-p0oymcit/synthetics/dual_g8_s912627_b4.json,official_gicp,confirmation,full,true_bilayer,8.0,4.0,912627,768,8,1.0,True,0.027991426002699882,True,True,2.6013837524033465,5.733756484966245,12.780308227833434,0.078125,0.34375,2.6153045086017297,1.0,24.58479727081916,0.9010101218333949,1.1190662629482513,,self-report; not geometry-derived layer count or success,24.584762942124645,0.041084386474792685,0.3630306283305868,0.5046616240551897,24.894426891619844,44.525658136046765,1.0,/srv/slam-research/grf/map-denoise/runs/multiscan-pilot-v1/exploration-v5-confirmation-p0oymcit/outputs/dual_g8_s912627_b4__official_gicp.npz,a27f85a52ed221ed0279b601846b2198cd4d69a4b8af20fbb7a5dd970719b403,7.602050074288885,0.3979499257111154,0.9502562592861106,7.356385846729826,0.6436141532701738,"GT source-group affine fits evaluated at x=y=0; may extrapolate, not physical layer count"
