case,patch,mode,method,scene,n_points,n_scans,sigma_mm,original_input,independent_real_geometry,recovery_xyz_rms_mm,recovery_normal_rms_mm,recovery_tangent_rms_mm,zero_edit_xyz_rms_mm,zero_edit_normal_rms_mm,zero_edit_tangent_rms_mm,self_response_xyz_rms_mm,self_response_normal_rms_mm,self_response_tangent_rms_mm,input_edit_xyz_rms_mm,input_edit_normal_rms_mm,input_edit_tangent_rms_mm,injected_xyz_rms_mm,injected_normal_rms_mm,injected_tangent_rms_mm,recovery_centroid_error_mm,input_edit_p95_mm,moved_fraction,unchanged_exact,current_input_pca_normal_world,candidate_axis_available,current_pca_vs_construction_abs_cos,input_axis_role,within_scan_nonconstant_edit_rms_mm,supported_point_fraction,support_mask_available,support_role,support_mask_sha256,candidate_reported_support_mask_sha256,method_status,method_reason,scan_bias_mm,transport_mass,ok,method_seconds,point_order_contract,source_point_id_sha256,output,output_sha256,candidate_axis_world,candidate_axis_vs_input_pca_abs_cos,candidate_axis_vs_input_pca_angle_deg,candidate_axis_abs_cos,edit_orthogonal_to_candidate_axis_rms_mm,injection_along_candidate_axis_rms_mm,best_scan_constant_axis_removable_rms_mm,best_scan_constant_axis_remaining_rms_mm,oracle_projection_scan_coefficients_mm,projection_role,projection_scope,candidate_axis_vs_zero_abs_cos
cy_junction__zero,cy_junction,zero,identity,courtyard,1600,2,2.0,/srv/slam-research/grf/map-denoise/runs/multiscan-pilot-v1/real-components-v4-h3dnauhf/inputs/cy_junction__zero.npz,not_measured,0.0,0.0,0.0,0.0,0.0,0.0,0.0,0.0,0.0,0.0,0.0,0.0,0.0,0.0,0.0,0.0,0.0,0.0,True,"[-0.9424408963414457, -0.33320975907268285, 0.02786419497952631]",False,1.0,diagnostic PCA of current input; not substituted into estimators,0.0,,False,fraction only; point mask unavailable; applicability does not certify accuracy,,,IDENTITY,,,,True,7.34800414647907e-06,original row and source ID,83f27a70348cb151fa5a6254b081f7dcabdf75af3a4db2690902304799bc65b8,/srv/slam-research/grf/map-denoise/runs/multiscan-pilot-v1/real-transfer-v5-zrtui_f5/outputs/cy_junction__zero__identity.npz,f2fcd92bd24cf0e6d10b39b90961cd858f5bf4c6d7e7698425f77546c978ccb2,,,,,,,,,,,,
cy_junction__zero,cy_junction,zero,pool_independent,courtyard,1600,2,2.0,/srv/slam-research/grf/map-denoise/runs/multiscan-pilot-v1/real-components-v4-h3dnauhf/inputs/cy_junction__zero.npz,not_measured,0.9628085878445563,0.9368840853644466,0.22192022760003852,0.9628085878445563,0.9368840853644466,0.22192022760003852,0.0,0.0,0.0,0.9628085878445563,0.9368840853644466,0.22192022760003852,0.0,0.0,0.0,0.021536004691794595,2.2451185464160157,0.300625,False,"[-0.9424408963414457, -0.33320975907268285, 0.02786419497952631]",True,1.0,diagnostic PCA of current input; not substituted into estimators,0.9584650125638255,0.300625,False,fraction only; point mask unavailable; applicability does not certify accuracy,,,APPLY,,"[0.9687606755740066, -0.9687606755740066]",,True,0.23303304098953959,original row and source ID,83f27a70348cb151fa5a6254b081f7dcabdf75af3a4db2690902304799bc65b8,/srv/slam-research/grf/map-denoise/runs/multiscan-pilot-v1/real-transfer-v5-zrtui_f5/outputs/cy_junction__zero__pool_independent.npz,59e060adb9bdc71f287d880c6f27964c377c6b50c60d74c01eeb38bd156402a6,"[0.9940964427920725, 0.10848622524951625, -0.0017324431473787988]",0.9730740847065491,13.3260732356786,0.9730740847065491,3.0045631543490033e-13,0.0,0.0,0.0,"[0.0, 0.0]",evaluation-only injection-space diagnostic; not a candidate or real geometry bound,known injection constant-axis diagnostic; not a bound on pooling or GICP,1.0
cy_junction__zero,cy_junction,zero,pool_compatible,courtyard,1600,2,2.0,/srv/slam-research/grf/map-denoise/runs/multiscan-pilot-v1/real-components-v4-h3dnauhf/inputs/cy_junction__zero.npz,not_measured,1.003467253760473,0.9764479794859666,0.23129174807450234,1.003467253760473,0.9764479794859666,0.23129174807450234,0.0,0.0,0.0,1.003467253760473,0.9764479794859666,0.23129174807450234,0.0,0.0,0.0,0.022062880616645617,2.4512430126368443,0.300625,False,"[-0.9424408963414457, -0.33320975907268285, 0.02786419497952631]",True,1.0,diagnostic PCA of current input; not substituted into estimators,1.0003654949952128,0.300625,True,candidate-reported accepted original input rows; applicability does not certify accuracy,f05f64bfbd3490e3e0e8feab9169b6aa27b9726557fcf977e30414dbbb7536ba,8bd8cbbf0bbf353251a852f2c075361f69410ecb9284ec00543dbe20056bb636,APPLY,,"[0.9687606755740066, -0.9687606755740066]",,True,0.271438441995997,original row and source ID,83f27a70348cb151fa5a6254b081f7dcabdf75af3a4db2690902304799bc65b8,/srv/slam-research/grf/map-denoise/runs/multiscan-pilot-v1/real-transfer-v5-zrtui_f5/outputs/cy_junction__zero__pool_compatible.npz,22a2b324dcabdfc5ff714b794a58fdef3e928153f339f8be4e1f4e444235d5d2,"[0.9940964427920725, 0.10848622524951625, -0.0017324431473787988]",0.9730740847065491,13.3260732356786,0.9730740847065491,3.08724608130318e-13,0.0,0.0,0.0,"[0.0, 0.0]",evaluation-only injection-space diagnostic; not a candidate or real geometry bound,known injection constant-axis diagnostic; not a bound on pooling or GICP,1.0
cy_junction__zero,cy_junction,zero,shared_group_slope,courtyard,1600,2,2.0,/srv/slam-research/grf/map-denoise/runs/multiscan-pilot-v1/real-components-v4-h3dnauhf/inputs/cy_junction__zero.npz,not_measured,15.642874837505381,15.221676114684657,3.605566452237093,15.642874837505381,15.221676114684657,3.605566452237093,0.0,0.0,0.0,15.642874837505381,15.221676114684657,3.605566452237093,0.0,0.0,0.0,0.07707429943999779,39.22028224712168,0.300625,False,"[-0.9424408963414457, -0.33320975907268285, 0.02786419497952631]",True,1.0,diagnostic PCA of current input; not substituted into estimators,15.631290357670856,0.300625,True,candidate-reported accepted original input rows; applicability does not certify accuracy,f05f64bfbd3490e3e0e8feab9169b6aa27b9726557fcf977e30414dbbb7536ba,8bd8cbbf0bbf353251a852f2c075361f69410ecb9284ec00543dbe20056bb636,APPLY,,"[0.9687606755740066, -0.9687606755740066]",,True,0.2724152849987149,original row and source ID,83f27a70348cb151fa5a6254b081f7dcabdf75af3a4db2690902304799bc65b8,/srv/slam-research/grf/map-denoise/runs/multiscan-pilot-v1/real-transfer-v5-zrtui_f5/outputs/cy_junction__zero__shared_group_slope.npz,6c94c585898161f0f8d54c3c5ac644ce032a21d1ab052730149b4ca90684ccf1,"[0.9940964427920725, 0.10848622524951625, -0.0017324431473787988]",0.9730740847065491,13.3260732356786,0.9730740847065491,3.0608473915623566e-13,0.0,0.0,0.0,"[0.0, 0.0]",evaluation-only injection-space diagnostic; not a candidate or real geometry bound,known injection constant-axis diagnostic; not a bound on pooling or GICP,1.0
cy_junction__zero,cy_junction,zero,node_intercepts,courtyard,1600,2,2.0,/srv/slam-research/grf/map-denoise/runs/multiscan-pilot-v1/real-components-v4-h3dnauhf/inputs/cy_junction__zero.npz,not_measured,0.9771018955292523,0.9507925326571587,0.2252147288483673,0.9771018955292523,0.9507925326571587,0.2252147288483673,0.0,0.0,0.0,0.9771018955292523,0.9507925326571587,0.2252147288483673,0.0,0.0,0.0,0.022531124488290265,2.3309735037469923,0.300625,False,"[-0.9424408963414457, -0.33320975907268285, 0.02786419497952631]",True,1.0,diagnostic PCA of current input; not substituted into estimators,0.9735660568852204,0.300625,True,candidate-reported accepted original input rows; applicability does not certify accuracy,f05f64bfbd3490e3e0e8feab9169b6aa27b9726557fcf977e30414dbbb7536ba,8bd8cbbf0bbf353251a852f2c075361f69410ecb9284ec00543dbe20056bb636,APPLY,,"[0.9687606755740066, -0.9687606755740066]",,True,0.27105616200424265,original row and source ID,83f27a70348cb151fa5a6254b081f7dcabdf75af3a4db2690902304799bc65b8,/srv/slam-research/grf/map-denoise/runs/multiscan-pilot-v1/real-transfer-v5-zrtui_f5/outputs/cy_junction__zero__node_intercepts.npz,2f7ae92275ecfd5e44593e3144dfe25f9612235c2466185d89a1a601ddbc49a1,"[0.9940964427920725, 0.10848622524951625, -0.0017324431473787988]",0.9730740847065491,13.3260732356786,0.9730740847065491,3.1377717196693835e-13,0.0,0.0,0.0,"[0.0, 0.0]",evaluation-only injection-space diagnostic; not a candidate or real geometry bound,known injection constant-axis diagnostic; not a bound on pooling or GICP,1.0
cy_junction__zero,cy_junction,zero,graph_shared,courtyard,1600,2,2.0,/srv/slam-research/grf/map-denoise/runs/multiscan-pilot-v1/real-components-v4-h3dnauhf/inputs/cy_junction__zero.npz,not_measured,0.9631437222017651,0.9371927793721598,0.22207098844594086,0.9631437222017651,0.9371927793721598,0.22207098844594086,0.0,0.0,0.0,0.9631437222017651,0.9371927793721598,0.22207098844594086,0.0,0.0,0.0,0.004205617746339123,2.2599033605960446,0.300625,False,"[-0.9424408963414457, -0.33320975907268285, 0.02786419497952631]",True,1.0,diagnostic PCA of current input; not substituted into estimators,0.9599014931003649,0.300625,False,fraction only; point mask unavailable; applicability does not certify accuracy,,,APPLY,,"[0.968882501567266, -0.968882501567266]",,True,0.1980047560064122,original row and source ID,83f27a70348cb151fa5a6254b081f7dcabdf75af3a4db2690902304799bc65b8,/srv/slam-research/grf/map-denoise/runs/multiscan-pilot-v1/real-transfer-v5-zrtui_f5/outputs/cy_junction__zero__graph_shared.npz,315a9b4c82e8ffd3a3ffe4a38b871c43db3ab4de40db05ba5cd30569e0e32cfd,"[0.9941050490587894, 0.10840726773556826, -0.0017365880142187835]",0.9730560016834461,13.330567564386087,0.9730560016834461,3.160349838198689e-13,0.0,0.0,0.0,"[0.0, 0.0]",evaluation-only injection-space diagnostic; not a candidate or real geometry bound,known injection constant-axis diagnostic; not a bound on pooling or GICP,1.0000000000000002
cy_junction__zero,cy_junction,zero,measure_unbalanced,courtyard,1600,2,2.0,/srv/slam-research/grf/map-denoise/runs/multiscan-pilot-v1/real-components-v4-h3dnauhf/inputs/cy_junction__zero.npz,not_measured,0.8198394211058214,0.8157858111425048,0.08142595862311855,0.8198394211058214,0.8157858111425048,0.08142595862311855,0.0,0.0,0.0,0.8198394211058214,0.8157858111425048,0.08142595862311855,0.0,0.0,0.0,5.551115123125783e-16,0.8198394211058273,1.0,False,"[-0.9424408963414457, -0.33320975907268285, 0.02786419497952631]",True,1.0,diagnostic PCA of current input; not substituted into estimators,2.2184328574037918e-13,1.0,True,"whole-scan applicability, not point-level confidence; applicability does not certify accuracy",07c797019de4936bb90666073496319a68e55d0853fdc2c25f27ac7b16d5afcd,,APPLY,,"[0.8198394211057609, -0.819839421105761]",0.3342404642096122,True,0.03779432601004373,original row and source ID,83f27a70348cb151fa5a6254b081f7dcabdf75af3a4db2690902304799bc65b8,/srv/slam-research/grf/map-denoise/runs/multiscan-pilot-v1/real-transfer-v5-zrtui_f5/outputs/cy_junction__zero__measure_unbalanced.npz,89b8ace69743e93551e474179402bb8892ef852775ae249b0c9647067aaa6d33,"[0.9709312395370069, 0.23795696607147926, -0.02586523514658461]",0.9950556049648276,5.699979807015545,0.9950556049648276,4.690557256444353e-13,0.0,0.0,0.0,"[0.0, 0.0]",evaluation-only injection-space diagnostic; not a candidate or real geometry bound,known injection constant-axis diagnostic; not a bound on pooling or GICP,1.0000000000000002
cy_junction__zero,cy_junction,zero,official_gicp,courtyard,1600,2,2.0,/srv/slam-research/grf/map-denoise/runs/multiscan-pilot-v1/real-components-v4-h3dnauhf/inputs/cy_junction__zero.npz,not_measured,1.908160261244406,0.17174250689984583,1.9004157686980176,1.908160261244406,0.17174250689984583,1.9004157686980176,0.0,0.0,0.0,1.908160261244406,0.17174250689984583,1.9004157686980176,0.0,0.0,0.0,6.180934402101389e-14,2.18334774123247,1.0,False,"[-0.9424408963414457, -0.33320975907268285, 0.02786419497952631]",False,1.0,diagnostic PCA of current input; not substituted into estimators,0.3144203249602868,1.0,True,"successfully linked registration component, not point-level inliers; applicability does not certify accuracy",07c797019de4936bb90666073496319a68e55d0853fdc2c25f27ac7b16d5afcd,,APPLY,,,,True,0.023599569001817144,original row and source ID,83f27a70348cb151fa5a6254b081f7dcabdf75af3a4db2690902304799bc65b8,/srv/slam-research/grf/map-denoise/runs/multiscan-pilot-v1/real-transfer-v5-zrtui_f5/outputs/cy_junction__zero__official_gicp.npz,87baf7f17ad0e59136b8c5ebfa715543ecc04719ef99f5ddb0f44c1cc19c0b40,,,,,,,,,,,,
cy_junction__normal_translation,cy_junction,normal_translation,identity,courtyard,1600,2,2.0,/srv/slam-research/grf/map-denoise/runs/multiscan-pilot-v1/real-components-v4-h3dnauhf/inputs/cy_junction__normal_translation.npz,not_measured,3.4999999999998295,3.4999999999998295,3.734507431421861e-13,0.0,0.0,0.0,3.4999999999998295,3.4999999999998295,3.734507431421861e-13,0.0,0.0,0.0,3.4999999999998295,3.4999999999998295,3.734507431421861e-13,1.3877787807814457e-16,0.0,0.0,True,"[-0.9421746584514388, -0.33395428164657576, 0.027954440467199183]",False,0.9999996833296374,diagnostic PCA of current input; not substituted into estimators,0.0,,False,fraction only; point mask unavailable; applicability does not certify accuracy,,,IDENTITY,,,,True,1.0010000551119447e-05,original row and source ID,83f27a70348cb151fa5a6254b081f7dcabdf75af3a4db2690902304799bc65b8,/srv/slam-research/grf/map-denoise/runs/multiscan-pilot-v1/real-transfer-v5-zrtui_f5/outputs/cy_junction__normal_translation__identity.npz,9377afe2177ccf9e1594ee9b333dafab914f64e4807468147023b8fb8fdab7be,,,,,,,,,,,,
cy_junction__normal_translation,cy_junction,normal_translation,pool_independent,courtyard,1600,2,2.0,/srv/slam-research/grf/map-denoise/runs/multiscan-pilot-v1/real-components-v4-h3dnauhf/inputs/cy_junction__normal_translation.npz,not_measured,4.063167344741486,4.050796139588572,0.3168272508290565,0.9628085878445563,0.9368840853644466,0.22192022760003852,3.9188306085203224,3.9097231111248347,0.2670178507368133,1.3745659927453266,1.337554545259409,0.31682725082896623,3.4999999999998295,3.4999999999998295,3.734507431421861e-13,0.05325112341554014,3.6180106370167326,0.2975,False,"[-0.9421746584514388, -0.33395428164657576, 0.027954440467199183]",True,0.9999996833296374,diagnostic PCA of current input; not substituted into estimators,1.3287378303718784,0.2975,False,fraction only; point mask unavailable; applicability does not certify accuracy,,,APPLY,,"[1.1686186176067745, -1.1686186176067748]",,True,0.2699827019969234,original row and source ID,83f27a70348cb151fa5a6254b081f7dcabdf75af3a4db2690902304799bc65b8,/srv/slam-research/grf/map-denoise/runs/multiscan-pilot-v1/real-transfer-v5-zrtui_f5/outputs/cy_junction__normal_translation__pool_independent.npz,920c7528c93f5bf0b1553eee56806aed44caa15d57634d90f15557ae05f7e2fa,"[0.9940964427920725, 0.1084862252495162, -0.001732443147378796]",0.9728903453559883,13.371670519797092,0.9730740847065491,2.91799799997157e-13,3.405759296472839,3.4057592964728403,0.8067240014327354,"[-3.4057592964728403, 3.4057592964728403]",evaluation-only injection-space diagnostic; not a candidate or real geometry bound,known injection constant-axis diagnostic; not a bound on pooling or GICP,1.0
cy_junction__normal_translation,cy_junction,normal_translation,pool_compatible,courtyard,1600,2,2.0,/srv/slam-research/grf/map-denoise/runs/multiscan-pilot-v1/real-components-v4-h3dnauhf/inputs/cy_junction__normal_translation.npz,not_measured,4.0635327182857335,4.0509434944491876,0.31961689154117484,1.003467253760473,0.9764479794859666,0.23129174807450234,3.9389036626762537,3.9291733165934817,0.27669317305309177,1.3866689455211803,1.3493316149540244,0.31961689154108647,3.4999999999998295,3.4999999999998295,3.734507431421861e-13,0.05316708664398132,3.5500553785024485,0.2975,False,"[-0.9421746584514388, -0.33395428164657576, 0.027954440467199183]",True,0.9999996833296374,diagnostic PCA of current input; not substituted into estimators,1.3424093875106735,0.2975,True,candidate-reported accepted original input rows; applicability does not certify accuracy,e16706c5013b18a7ceaf14f11ffb22c80617d12910e160e9fba117e8f65513f6,c4c388a51308be26bbbe86fefc4d419266b05ebc3e12fb5a5a432fadd27ba2eb,APPLY,,"[1.1686186176067745, -1.1686186176067748]",,True,0.31260645399743225,original row and source ID,83f27a70348cb151fa5a6254b081f7dcabdf75af3a4db2690902304799bc65b8,/srv/slam-research/grf/map-denoise/runs/multiscan-pilot-v1/real-transfer-v5-zrtui_f5/outputs/cy_junction__normal_translation__pool_compatible.npz,30741e2de95c6a2e9d60dbf48bfc5d829e2666f9e5ed95b5e858ccfd6cf85439,"[0.9940964427920725, 0.1084862252495162, -0.001732443147378796]",0.9728903453559883,13.371670519797092,0.9730740847065491,3.1270598823463296e-13,3.405759296472839,3.4057592964728403,0.8067240014327354,"[-3.4057592964728403, 3.4057592964728403]",evaluation-only injection-space diagnostic; not a candidate or real geometry bound,known injection constant-axis diagnostic; not a bound on pooling or GICP,1.0
cy_junction__normal_translation,cy_junction,normal_translation,shared_group_slope,courtyard,1600,2,2.0,/srv/slam-research/grf/map-denoise/runs/multiscan-pilot-v1/real-components-v4-h3dnauhf/inputs/cy_junction__normal_translation.npz,not_measured,17.86229650555587,17.414341203515296,3.975217843080173,15.642874837505381,15.221676114684657,3.605566452237093,10.01569362674729,9.793727619688362,2.096906801987056,17.24662018988404,16.782239155552904,3.9752178430801446,3.4999999999998295,3.4999999999998295,3.734507431421861e-13,0.009889573943243484,45.95117790115961,0.2975,False,"[-0.9421746584514388, -0.33395428164657576, 0.027954440467199183]",True,0.9999996833296374,diagnostic PCA of current input; not substituted into estimators,17.191719792199986,0.2975,True,candidate-reported accepted original input rows; applicability does not certify accuracy,e16706c5013b18a7ceaf14f11ffb22c80617d12910e160e9fba117e8f65513f6,c4c388a51308be26bbbe86fefc4d419266b05ebc3e12fb5a5a432fadd27ba2eb,APPLY,,"[1.1686186176067745, -1.1686186176067748]",,True,0.3085047799977474,original row and source ID,83f27a70348cb151fa5a6254b081f7dcabdf75af3a4db2690902304799bc65b8,/srv/slam-research/grf/map-denoise/runs/multiscan-pilot-v1/real-transfer-v5-zrtui_f5/outputs/cy_junction__normal_translation__shared_group_slope.npz,1a372001da210c55180956631ca808638c82fbd50c55f61fd2e6beedfc7ee532,"[0.9940964427920725, 0.1084862252495162, -0.001732443147378796]",0.9728903453559883,13.371670519797092,0.9730740847065491,3.0274931236460537e-13,3.405759296472839,3.4057592964728403,0.8067240014327354,"[-3.4057592964728403, 3.4057592964728403]",evaluation-only injection-space diagnostic; not a candidate or real geometry bound,known injection constant-axis diagnostic; not a bound on pooling or GICP,1.0
cy_junction__normal_translation,cy_junction,normal_translation,node_intercepts,courtyard,1600,2,2.0,/srv/slam-research/grf/map-denoise/runs/multiscan-pilot-v1/real-components-v4-h3dnauhf/inputs/cy_junction__normal_translation.npz,not_measured,4.064608982892616,4.052097744807304,0.31866918636558844,0.9771018955292523,0.9507925326571587,0.2252147288483673,3.9302153071250676,3.9208670244702812,0.27091352270004715,1.382557293817794,1.3453306732361128,0.31866918636549896,3.4999999999998295,3.4999999999998295,3.734507431421861e-13,0.053134215622372735,3.554872260980912,0.2975,False,"[-0.9421746584514388, -0.33395428164657576, 0.027954440467199183]",True,0.9999996833296374,diagnostic PCA of current input; not substituted into estimators,1.3374009108092677,0.2975,True,candidate-reported accepted original input rows; applicability does not certify accuracy,e16706c5013b18a7ceaf14f11ffb22c80617d12910e160e9fba117e8f65513f6,c4c388a51308be26bbbe86fefc4d419266b05ebc3e12fb5a5a432fadd27ba2eb,APPLY,,"[1.1686186176067745, -1.1686186176067748]",,True,0.30926111299777403,original row and source ID,83f27a70348cb151fa5a6254b081f7dcabdf75af3a4db2690902304799bc65b8,/srv/slam-research/grf/map-denoise/runs/multiscan-pilot-v1/real-transfer-v5-zrtui_f5/outputs/cy_junction__normal_translation__node_intercepts.npz,78909f5de152e0f0c7b79558c695b11c433e5f783fdef7519106bbfd3d7389b3,"[0.9940964427920725, 0.1084862252495162, -0.001732443147378796]",0.9728903453559883,13.371670519797092,0.9730740847065491,3.099352545489135e-13,3.405759296472839,3.4057592964728403,0.8067240014327354,"[-3.4057592964728403, 3.4057592964728403]",evaluation-only injection-space diagnostic; not a candidate or real geometry bound,known injection constant-axis diagnostic; not a bound on pooling or GICP,1.0
cy_junction__normal_translation,cy_junction,normal_translation,graph_shared,courtyard,1600,2,2.0,/srv/slam-research/grf/map-denoise/runs/multiscan-pilot-v1/real-components-v4-h3dnauhf/inputs/cy_junction__normal_translation.npz,not_measured,4.086767856417643,4.073798436369616,0.32532723845525935,0.9631437222017651,0.9371927793721598,0.22207098844594086,3.939883401340299,3.930772045399518,0.267791604167286,1.4109762358969167,1.3729588945722173,0.325327238455168,3.4999999999998295,3.4999999999998295,3.734507431421861e-13,0.061893833396339394,3.720781319087867,0.2975,False,"[-0.9421746584514388, -0.33395428164657576, 0.027954440467199183]",True,0.9999996833296374,diagnostic PCA of current input; not substituted into estimators,1.3625344323802295,0.2975,False,fraction only; point mask unavailable; applicability does not certify accuracy,,,APPLY,,"[1.1697757202840688, -1.169775720284069]",,True,0.24476463299652096,original row and source ID,83f27a70348cb151fa5a6254b081f7dcabdf75af3a4db2690902304799bc65b8,/srv/slam-research/grf/map-denoise/runs/multiscan-pilot-v1/real-transfer-v5-zrtui_f5/outputs/cy_junction__normal_translation__graph_shared.npz,17aa229e8972c989f91ae701bb02be08117d6bd1c5d4a40308449bb338894dcb,"[0.9941050490587894, 0.10840726773556823, -0.001736588014218782]",0.9728722016299749,13.376164839850825,0.9730560016834461,3.002544587163267e-13,3.405696005891978,3.405696005891979,0.8069911495488908,"[-3.4056960058919787, 3.4056960058919787]",evaluation-only injection-space diagnostic; not a candidate or real geometry bound,known injection constant-axis diagnostic; not a bound on pooling or GICP,1.0000000000000002
cy_junction__normal_translation,cy_junction,normal_translation,measure_unbalanced,courtyard,1600,2,2.0,/srv/slam-research/grf/map-denoise/runs/multiscan-pilot-v1/real-components-v4-h3dnauhf/inputs/cy_junction__normal_translation.npz,not_measured,1.3929135239620312,1.3766962010748935,0.21193313847126455,0.8198394211058214,0.8157858111425048,0.08142595862311855,0.6329929110046463,0.5609103899323886,0.29335909709438307,2.133854418115609,2.123303798924937,0.21193313847163006,3.4999999999998295,3.4999999999998295,3.734507431421861e-13,0.0,2.133854418115609,1.0,False,"[-0.9421746584514388, -0.33395428164657576, 0.027954440467199183]",True,0.9999996833296374,diagnostic PCA of current input; not substituted into estimators,0.0,1.0,True,"whole-scan applicability, not point-level confidence; applicability does not certify accuracy",07c797019de4936bb90666073496319a68e55d0853fdc2c25f27ac7b16d5afcd,,APPLY,,"[-2.133854418115465, 2.1338544181154653]",0.3246632631787794,True,0.03689791000215337,original row and source ID,83f27a70348cb151fa5a6254b081f7dcabdf75af3a4db2690902304799bc65b8,/srv/slam-research/grf/map-denoise/runs/multiscan-pilot-v1/real-transfer-v5-zrtui_f5/outputs/cy_junction__normal_translation__measure_unbalanced.npz,e0d47829363f61db36033bcb4fd08a9c5e9065ad9da55b433e766f83ca2a47a7,"[0.9709312395370071, 0.2379569660714792, -0.025865235146584623]",0.9949766048338864,5.745373571340362,0.9950556049648277,4.1793199529324953e-13,3.4826946173767643,3.4826946173767643,0.34761789668215665,"[-3.4826946173767634, 3.4826946173767634]",evaluation-only injection-space diagnostic; not a candidate or real geometry bound,known injection constant-axis diagnostic; not a bound on pooling or GICP,1.0000000000000002
cy_junction__normal_translation,cy_junction,normal_translation,official_gicp,courtyard,1600,2,2.0,/srv/slam-research/grf/map-denoise/runs/multiscan-pilot-v1/real-components-v4-h3dnauhf/inputs/cy_junction__normal_translation.npz,not_measured,1.908325437334612,0.1717198793642527,1.9005836624072787,1.908160261244406,0.17174250689984583,1.9004157686980176,0.0005926053291593522,0.00011969444182326886,0.0005803915202212041,4.102842600697046,3.636082940237397,1.9005836624071732,3.4999999999998295,3.4999999999998295,3.734507431421861e-13,3.704346366332871e-13,4.1744654452400605,1.0,False,"[-0.9421746584514388, -0.33395428164657576, 0.027954440467199183]",False,0.9999996833296374,diagnostic PCA of current input; not substituted into estimators,0.313940290693087,1.0,True,"successfully linked registration component, not point-level inliers; applicability does not certify accuracy",07c797019de4936bb90666073496319a68e55d0853fdc2c25f27ac7b16d5afcd,,APPLY,,,,True,0.02345909499854315,original row and source ID,83f27a70348cb151fa5a6254b081f7dcabdf75af3a4db2690902304799bc65b8,/srv/slam-research/grf/map-denoise/runs/multiscan-pilot-v1/real-transfer-v5-zrtui_f5/outputs/cy_junction__normal_translation__official_gicp.npz,49483b137d2eae1f54b78f381e1de99361df2d348661d7f36fbf6ea60e6be016,,,,,,,,,,,,
cy_junction__tangent_translation,cy_junction,tangent_translation,identity,courtyard,1600,2,2.0,/srv/slam-research/grf/map-denoise/runs/multiscan-pilot-v1/real-components-v4-h3dnauhf/inputs/cy_junction__tangent_translation.npz,not_measured,3.500000000000041,7.32298139185392e-14,3.500000000000041,0.0,0.0,0.0,3.500000000000041,7.32298139185392e-14,3.500000000000041,0.0,0.0,0.0,3.500000000000041,7.32298139185392e-14,3.500000000000041,0.0,0.0,0.0,True,"[-0.9424404035656558, -0.3332122158853241, 0.027851479526155846]",False,0.9999999999160192,diagnostic PCA of current input; not substituted into estimators,0.0,,False,fraction only; point mask unavailable; applicability does not certify accuracy,,,IDENTITY,,,,True,1.0941002983599901e-05,original row and source ID,83f27a70348cb151fa5a6254b081f7dcabdf75af3a4db2690902304799bc65b8,/srv/slam-research/grf/map-denoise/runs/multiscan-pilot-v1/real-transfer-v5-zrtui_f5/outputs/cy_junction__tangent_translation__identity.npz,d9917c4c3f233c1e1f141b9510b6ef2c29122fa3dfe863143ad935dfbc0da353,,,,,,,,,,,,
cy_junction__tangent_translation,cy_junction,tangent_translation,pool_independent,courtyard,1600,2,2.0,/srv/slam-research/grf/map-denoise/runs/multiscan-pilot-v1/real-components-v4-h3dnauhf/inputs/cy_junction__tangent_translation.npz,not_measured,3.633756402849056,0.945834016176442,3.5085016187954157,0.9628085878445563,0.9368840853644466,0.22192022760003852,3.508144593528535,0.23748516452635662,3.500097039473817,0.9720061720292227,0.9458340161764478,0.22404020243347839,3.500000000000041,7.32298139185392e-14,3.500000000000041,0.01662631874261585,2.3175837904928205,0.301875,False,"[-0.9424404035656558, -0.3332122158853241, 0.027851479526155846]",True,0.9999999999160192,diagnostic PCA of current input; not substituted into estimators,0.969325440548195,0.301875,False,fraction only; point mask unavailable; applicability does not certify accuracy,,,APPLY,,"[1.0254275327586284, -1.0254275327586282]",,True,0.23626003300887533,original row and source ID,83f27a70348cb151fa5a6254b081f7dcabdf75af3a4db2690902304799bc65b8,/srv/slam-research/grf/map-denoise/runs/multiscan-pilot-v1/real-transfer-v5-zrtui_f5/outputs/cy_junction__tangent_translation__pool_independent.npz,ec22178344298c00c7e4526c7c7256510e410442c1bd80c0a949a9d3bf055bb0,"[0.9940964427920725, 0.10848622524951629, -0.0017324431473787951]",0.9730738393414189,13.32613422833749,0.9730740847065491,3.071884393547141e-13,0.06687940868084086,0.06687940868084084,3.499360962332235,"[-0.06687940868084086, 0.06687940868084086]",evaluation-only injection-space diagnostic; not a candidate or real geometry bound,known injection constant-axis diagnostic; not a bound on pooling or GICP,1.0
cy_junction__tangent_translation,cy_junction,tangent_translation,pool_compatible,courtyard,1600,2,2.0,/srv/slam-research/grf/map-denoise/runs/multiscan-pilot-v1/real-components-v4-h3dnauhf/inputs/cy_junction__tangent_translation.npz,not_measured,3.6443321911637026,0.9842184938657031,3.5089130903863612,1.003467253760473,0.9764479794859666,0.23129174807450234,3.5162210887020326,0.33115166071986507,3.5005927101328695,1.0114527859022397,0.9842184938657081,0.23313235391536505,3.500000000000041,7.32298139185392e-14,3.500000000000041,0.014980110865268351,2.5201427939085734,0.301875,False,"[-0.9424404035656558, -0.3332122158853241, 0.027851479526155846]",True,0.9999999999160192,diagnostic PCA of current input; not substituted into estimators,1.009518071117599,0.301875,True,candidate-reported accepted original input rows; applicability does not certify accuracy,bf1c20cdd2f415b00b431876c49d7c83b54434c3d0964195bde64a9cfcb2268a,e9bf06328a4b98e18af986bfacecdcfaba324406d70a4b914d206970bef37c00,APPLY,,"[1.0254275327586284, -1.0254275327586282]",,True,0.2792051150026964,original row and source ID,83f27a70348cb151fa5a6254b081f7dcabdf75af3a4db2690902304799bc65b8,/srv/slam-research/grf/map-denoise/runs/multiscan-pilot-v1/real-transfer-v5-zrtui_f5/outputs/cy_junction__tangent_translation__pool_compatible.npz,d22a884910df552e78e7af244072d24d7a2f70dc1c01773fa2973a79333236ac,"[0.9940964427920725, 0.10848622524951629, -0.0017324431473787951]",0.9730738393414189,13.32613422833749,0.9730740847065491,3.184483605061463e-13,0.06687940868084086,0.06687940868084084,3.499360962332235,"[-0.06687940868084086, 0.06687940868084086]",evaluation-only injection-space diagnostic; not a candidate or real geometry bound,known injection constant-axis diagnostic; not a bound on pooling or GICP,1.0
cy_junction__tangent_translation,cy_junction,tangent_translation,shared_group_slope,courtyard,1600,2,2.0,/srv/slam-research/grf/map-denoise/runs/multiscan-pilot-v1/real-components-v4-h3dnauhf/inputs/cy_junction__tangent_translation.npz,not_measured,18.203615301565737,17.381102533811656,5.4100725278432655,15.642874837505381,15.221676114684657,3.605566452237093,10.842917256315012,9.98670303090393,4.223105160877255,17.862054705786655,17.381102533811656,4.1170709274484425,3.500000000000041,7.32298139185392e-14,3.500000000000041,0.04390396194857786,45.4084500204526,0.301875,False,"[-0.9424404035656558, -0.3332122158853241, 0.027851479526155846]",True,0.9999999999160192,diagnostic PCA of current input; not substituted into estimators,17.854633905666507,0.301875,True,candidate-reported accepted original input rows; applicability does not certify accuracy,bf1c20cdd2f415b00b431876c49d7c83b54434c3d0964195bde64a9cfcb2268a,e9bf06328a4b98e18af986bfacecdcfaba324406d70a4b914d206970bef37c00,APPLY,,"[1.0254275327586284, -1.0254275327586282]",,True,0.28967010200722143,original row and source ID,83f27a70348cb151fa5a6254b081f7dcabdf75af3a4db2690902304799bc65b8,/srv/slam-research/grf/map-denoise/runs/multiscan-pilot-v1/real-transfer-v5-zrtui_f5/outputs/cy_junction__tangent_translation__shared_group_slope.npz,f7558c1a07cd0f3dbdace6b7207ad01a1dffcaa7a0fdddf54b92e72e73006509,"[0.9940964427920725, 0.10848622524951629, -0.0017324431473787951]",0.9730738393414189,13.32613422833749,0.9730740847065491,2.983970615986313e-13,0.06687940868084086,0.06687940868084084,3.499360962332235,"[-0.06687940868084086, 0.06687940868084086]",evaluation-only injection-space diagnostic; not a candidate or real geometry bound,known injection constant-axis diagnostic; not a bound on pooling or GICP,1.0
cy_junction__tangent_translation,cy_junction,tangent_translation,node_intercepts,courtyard,1600,2,2.0,/srv/slam-research/grf/map-denoise/runs/multiscan-pilot-v1/real-components-v4-h3dnauhf/inputs/cy_junction__tangent_translation.npz,not_measured,3.6377991337612983,0.9609411941445816,3.50858583463344,0.9771018955292523,0.9507925326571587,0.2252147288483673,3.512532720583812,0.2922687694027962,3.5003521365147945,0.98753138044405,0.9609411941445865,0.22761864764932377,3.500000000000041,7.32298139185392e-14,3.500000000000041,0.015668042505052816,2.4395845114635457,0.301875,False,"[-0.9424404035656558, -0.3332122158853241, 0.027851479526155846]",True,0.9999999999160192,diagnostic PCA of current input; not substituted into estimators,0.9854249802332216,0.301875,True,candidate-reported accepted original input rows; applicability does not certify accuracy,bf1c20cdd2f415b00b431876c49d7c83b54434c3d0964195bde64a9cfcb2268a,e9bf06328a4b98e18af986bfacecdcfaba324406d70a4b914d206970bef37c00,APPLY,,"[1.0254275327586284, -1.0254275327586282]",,True,0.27474784100195393,original row and source ID,83f27a70348cb151fa5a6254b081f7dcabdf75af3a4db2690902304799bc65b8,/srv/slam-research/grf/map-denoise/runs/multiscan-pilot-v1/real-transfer-v5-zrtui_f5/outputs/cy_junction__tangent_translation__node_intercepts.npz,409fdcfa7f9b31b8b28331603b73b42ff8ac56ec0e35ec8f94ca045325176864,"[0.9940964427920725, 0.10848622524951629, -0.0017324431473787951]",0.9730738393414189,13.32613422833749,0.9730740847065491,3.1947193842958486e-13,0.06687940868084086,0.06687940868084084,3.499360962332235,"[-0.06687940868084086, 0.06687940868084086]",evaluation-only injection-space diagnostic; not a candidate or real geometry bound,known injection constant-axis diagnostic; not a bound on pooling or GICP,1.0
cy_junction__tangent_translation,cy_junction,tangent_translation,graph_shared,courtyard,1600,2,2.0,/srv/slam-research/grf/map-denoise/runs/multiscan-pilot-v1/real-components-v4-h3dnauhf/inputs/cy_junction__tangent_translation.npz,not_measured,3.6335109417851426,0.9455659588115242,3.508319652142489,0.9631437222017651,0.9371927793721598,0.22207098844594086,3.507724282068895,0.23145865588368483,3.500079503330212,0.9717487556478143,0.9455659588115293,0.22405504154093245,3.500000000000041,7.32298139185392e-14,3.500000000000041,0.0024393210942365096,2.316812512288278,0.301875,False,"[-0.9424404035656558, -0.3332122158853241, 0.027851479526155846]",True,0.9999999999160192,diagnostic PCA of current input; not substituted into estimators,0.9698579710229264,0.301875,False,fraction only; point mask unavailable; applicability does not certify accuracy,,,APPLY,,"[1.0255230746947699, -1.02552307469477]",,True,0.20546380699670408,original row and source ID,83f27a70348cb151fa5a6254b081f7dcabdf75af3a4db2690902304799bc65b8,/srv/slam-research/grf/map-denoise/runs/multiscan-pilot-v1/real-transfer-v5-zrtui_f5/outputs/cy_junction__tangent_translation__graph_shared.npz,f465c11b1bdc318c1f4bcf113f1cc41fb5b104f0af98c49759c4c1f3fa5809be,"[0.9941050490587894, 0.10840726773556823, -0.0017365880142187849]",0.9730557560673873,13.330628599208762,0.9730560016834461,3.016158565620314e-13,0.06694738350553499,0.066947383505535,3.4993596625442844,"[-0.06694738350553499, 0.06694738350553499]",evaluation-only injection-space diagnostic; not a candidate or real geometry bound,known injection constant-axis diagnostic; not a bound on pooling or GICP,1.0000000000000002
cy_junction__tangent_translation,cy_junction,tangent_translation,measure_unbalanced,courtyard,1600,2,2.0,/srv/slam-research/grf/map-denoise/runs/multiscan-pilot-v1/real-components-v4-h3dnauhf/inputs/cy_junction__tangent_translation.npz,not_measured,3.5934026047848806,0.7520695453796439,3.5138203822886593,0.8198394211058214,0.8157858111425048,0.08142595862311855,3.4994807137687056,0.06371626576286099,3.4989006135522582,0.7558065515407539,0.7520695453797167,0.07506625249919356,3.500000000000041,7.32298139185392e-14,3.500000000000041,1.6653345369377348e-15,0.7558065515407663,1.0,False,"[-0.9424404035656558, -0.3332122158853241, 0.027851479526155846]",True,0.9999999999160192,diagnostic PCA of current input; not substituted into estimators,3.504136389590643e-14,1.0,True,"whole-scan applicability, not point-level confidence; applicability does not certify accuracy",07c797019de4936bb90666073496319a68e55d0853fdc2c25f27ac7b16d5afcd,,APPLY,,"[0.7558065515407884, -0.7558065515407884]",0.33409946700089443,True,0.03741068499221001,original row and source ID,83f27a70348cb151fa5a6254b081f7dcabdf75af3a4db2690902304799bc65b8,/srv/slam-research/grf/map-denoise/runs/multiscan-pilot-v1/real-transfer-v5-zrtui_f5/outputs/cy_junction__tangent_translation__measure_unbalanced.npz,c4f70eae10dcd05315be166ebd402bad30433f34891a7b6bf2bf77b69a556f42,"[0.9709312395370071, 0.23795696607147918, -0.025865235146584623]",0.9950553822409102,5.700108291452999,0.9950556049648277,5.0671869631294e-13,0.06039821733272066,0.06039821733272065,3.4994788262458907,"[-0.060398217332720654, 0.060398217332720654]",evaluation-only injection-space diagnostic; not a candidate or real geometry bound,known injection constant-axis diagnostic; not a bound on pooling or GICP,1.0000000000000002
cy_junction__tangent_translation,cy_junction,tangent_translation,official_gicp,courtyard,1600,2,2.0,/srv/slam-research/grf/map-denoise/runs/multiscan-pilot-v1/real-components-v4-h3dnauhf/inputs/cy_junction__tangent_translation.npz,not_measured,1.9083254373357912,0.17171987936375027,1.900583662408508,1.908160261244406,0.17174250689984583,1.9004157686980176,0.0005926053291399107,0.00011969444187356082,0.0005803915201909816,1.674637223084511,0.17171987936369273,1.6658097466312054,3.500000000000041,7.32298139185392e-14,3.500000000000041,6.869943012385508e-14,2.036219038468591,1.0,False,"[-0.9424404035656558, -0.3332122158853241, 0.027851479526155846]",False,0.9999999999160192,diagnostic PCA of current input; not substituted into estimators,0.31394029069351975,1.0,True,"successfully linked registration component, not point-level inliers; applicability does not certify accuracy",07c797019de4936bb90666073496319a68e55d0853fdc2c25f27ac7b16d5afcd,,APPLY,,,,True,0.0232651620026445,original row and source ID,83f27a70348cb151fa5a6254b081f7dcabdf75af3a4db2690902304799bc65b8,/srv/slam-research/grf/map-denoise/runs/multiscan-pilot-v1/real-transfer-v5-zrtui_f5/outputs/cy_junction__tangent_translation__official_gicp.npz,4269347f04377134899709ad5c99d6acbe413f3a4fbf17bc829f016b3e704de9,,,,,,,,,,,,
cy_junction__small_rotation,cy_junction,small_rotation,identity,courtyard,1600,2,2.0,/srv/slam-research/grf/map-denoise/runs/multiscan-pilot-v1/real-components-v4-h3dnauhf/inputs/cy_junction__small_rotation.npz,not_measured,3.5000000000000004,3.445372482373228,0.6159614092663126,0.0,0.0,0.0,3.5000000000000004,3.445372482373228,0.6159614092663126,0.0,0.0,0.0,3.5000000000000004,3.445372482373228,0.6159614092663126,3.487855572371364e-14,0.0,0.0,True,"[-0.9425821735724909, -0.33282319346681644, 0.027705016764271402]",False,0.999999902635036,diagnostic PCA of current input; not substituted into estimators,0.0,,False,fraction only; point mask unavailable; applicability does not certify accuracy,,,IDENTITY,,,,True,1.3366996427066624e-05,original row and source ID,83f27a70348cb151fa5a6254b081f7dcabdf75af3a4db2690902304799bc65b8,/srv/slam-research/grf/map-denoise/runs/multiscan-pilot-v1/real-transfer-v5-zrtui_f5/outputs/cy_junction__small_rotation__identity.npz,37ad474a2acc343ca8c020817cd51c86ed23b0fb75c0d1d1888a983e6e96ebf3,,,,,,,,,,,,
cy_junction__small_rotation,cy_junction,small_rotation,pool_independent,courtyard,1600,2,2.0,/srv/slam-research/grf/map-denoise/runs/multiscan-pilot-v1/real-components-v4-h3dnauhf/inputs/cy_junction__small_rotation.npz,not_measured,3.795462447307994,3.719866516322448,0.7537428538090956,0.9628085878445563,0.9368840853644466,0.22192022760003852,3.7527662854933297,3.6804120001959473,0.7333636903672488,1.7972076487081203,1.7486655169082739,0.4148785877228288,3.5000000000000004,3.445372482373228,0.6159614092663126,0.06017125128677248,4.3753027833984905,0.2975,False,"[-0.9425821735724909, -0.33282319346681644, 0.027705016764271402]",True,0.999999902635036,diagnostic PCA of current input; not substituted into estimators,1.614467051369034,0.2975,False,fraction only; point mask unavailable; applicability does not certify accuracy,,,APPLY,,"[2.9129081172132003, -2.9129081172132008]",,True,0.29335865000030026,original row and source ID,83f27a70348cb151fa5a6254b081f7dcabdf75af3a4db2690902304799bc65b8,/srv/slam-research/grf/map-denoise/runs/multiscan-pilot-v1/real-transfer-v5-zrtui_f5/outputs/cy_junction__small_rotation__pool_independent.npz,a7a16a62eceea550079bb671e94f9a8c862650238101d3ccf04c233a4473d082,"[0.9941157111152221, 0.10832337021433425, -1.947523352548489e-05]",0.9730888173290427,13.322410510218852,0.9729902486033072,3.0883294243375626e-13,3.353283353440648,2.2759572004815706e-14,3.5,"[-2.2759572004815712e-14, 2.275957200481571e-14]",evaluation-only injection-space diagnostic; not a candidate or real geometry bound,known injection constant-axis diagnostic; not a bound on pooling or GICP,0.9999985194239478
cy_junction__small_rotation,cy_junction,small_rotation,pool_compatible,courtyard,1600,2,2.0,/srv/slam-research/grf/map-denoise/runs/multiscan-pilot-v1/real-components-v4-h3dnauhf/inputs/cy_junction__small_rotation.npz,not_measured,3.802938250958624,3.726953343623951,0.7564113398505377,1.003467253760473,0.9764479794859666,0.23129174807450234,3.7761859361658217,3.702543054205833,0.7421288003094089,1.8183677348570875,1.7692540743908294,0.41976331357176033,3.5000000000000004,3.445372482373228,0.6159614092663126,0.05959933587074656,4.5356229850531795,0.2975,False,"[-0.9425821735724909, -0.33282319346681644, 0.027705016764271402]",True,0.999999902635036,diagnostic PCA of current input; not substituted into estimators,1.6359600700109513,0.2975,True,candidate-reported accepted original input rows; applicability does not certify accuracy,ba953471a793475d06c1b9bc1d4381ba3c336892fbc12bacaef6bf715abb8b05,a9590d00ff06a85f861805e3c6816aa635fe45501aa497f341271da29ee1d829,APPLY,,"[2.9129081172132003, -2.9129081172132008]",,True,0.325105418000021,original row and source ID,83f27a70348cb151fa5a6254b081f7dcabdf75af3a4db2690902304799bc65b8,/srv/slam-research/grf/map-denoise/runs/multiscan-pilot-v1/real-transfer-v5-zrtui_f5/outputs/cy_junction__small_rotation__pool_compatible.npz,6f94fd320b57caab3cb38578f71a861d0aa8dc44db587f0dd1730ed4b2d32c94,"[0.9941157111152221, 0.10832337021433425, -1.947523352548489e-05]",0.9730888173290427,13.322410510218852,0.9729902486033072,3.039377874155729e-13,3.353283353440648,2.2759572004815706e-14,3.5,"[-2.2759572004815712e-14, 2.275957200481571e-14]",evaluation-only injection-space diagnostic; not a candidate or real geometry bound,known injection constant-axis diagnostic; not a bound on pooling or GICP,0.9999985194239478
cy_junction__small_rotation,cy_junction,small_rotation,shared_group_slope,courtyard,1600,2,2.0,/srv/slam-research/grf/map-denoise/runs/multiscan-pilot-v1/real-components-v4-h3dnauhf/inputs/cy_junction__small_rotation.npz,not_measured,17.520965275104146,17.05159870099328,4.0283006233012815,15.642874837505381,15.221676114684657,3.605566452237093,12.32752816297927,12.002704687301192,2.8112329676647287,17.228916860063247,16.763568098838647,3.9772302883502846,3.5000000000000004,3.445372482373228,0.6159614092663126,0.14705806063399698,44.169079043743125,0.2975,False,"[-0.9425821735724909, -0.33282319346681644, 0.027705016764271402]",True,0.999999902635036,diagnostic PCA of current input; not substituted into estimators,17.20859163066685,0.2975,True,candidate-reported accepted original input rows; applicability does not certify accuracy,ba953471a793475d06c1b9bc1d4381ba3c336892fbc12bacaef6bf715abb8b05,a9590d00ff06a85f861805e3c6816aa635fe45501aa497f341271da29ee1d829,APPLY,,"[2.9129081172132003, -2.9129081172132008]",,True,0.32261200399079826,original row and source ID,83f27a70348cb151fa5a6254b081f7dcabdf75af3a4db2690902304799bc65b8,/srv/slam-research/grf/map-denoise/runs/multiscan-pilot-v1/real-transfer-v5-zrtui_f5/outputs/cy_junction__small_rotation__shared_group_slope.npz,cd318702c81d2bb0a09c1564bdf4dcc79e222e95ebb9647d7deddc189a2c2fcb,"[0.9941157111152221, 0.10832337021433425, -1.947523352548489e-05]",0.9730888173290427,13.322410510218852,0.9729902486033072,3.1320636890514747e-13,3.353283353440648,2.2759572004815706e-14,3.5,"[-2.2759572004815712e-14, 2.275957200481571e-14]",evaluation-only injection-space diagnostic; not a candidate or real geometry bound,known injection constant-axis diagnostic; not a bound on pooling or GICP,0.9999985194239478
cy_junction__small_rotation,cy_junction,small_rotation,node_intercepts,courtyard,1600,2,2.0,/srv/slam-research/grf/map-denoise/runs/multiscan-pilot-v1/real-components-v4-h3dnauhf/inputs/cy_junction__small_rotation.npz,not_measured,3.8033116382182395,3.7273674432233914,0.7562482136207814,0.9771018955292523,0.9507925326571587,0.2252147288483673,3.758568541869203,3.685601718774017,0.7370057357299192,1.8173619165805697,1.7682754230159101,0.41953112422716077,3.5000000000000004,3.445372482373228,0.6159614092663126,0.05979939497409372,4.47761417021765,0.2975,False,"[-0.9425821735724909, -0.33282319346681644, 0.027705016764271402]",True,0.999999902635036,diagnostic PCA of current input; not substituted into estimators,1.6341932109483577,0.2975,True,candidate-reported accepted original input rows; applicability does not certify accuracy,ba953471a793475d06c1b9bc1d4381ba3c336892fbc12bacaef6bf715abb8b05,a9590d00ff06a85f861805e3c6816aa635fe45501aa497f341271da29ee1d829,APPLY,,"[2.9129081172132003, -2.9129081172132008]",,True,0.3258954229968367,original row and source ID,83f27a70348cb151fa5a6254b081f7dcabdf75af3a4db2690902304799bc65b8,/srv/slam-research/grf/map-denoise/runs/multiscan-pilot-v1/real-transfer-v5-zrtui_f5/outputs/cy_junction__small_rotation__node_intercepts.npz,2027d01e10a7e52e6d7a16835fa0f89ec08003fde720e120272dcdb84725d13f,"[0.9941157111152221, 0.10832337021433425, -1.947523352548489e-05]",0.9730888173290427,13.322410510218852,0.9729902486033072,3.0538649102515445e-13,3.353283353440648,2.2759572004815706e-14,3.5,"[-2.2759572004815712e-14, 2.275957200481571e-14]",evaluation-only injection-space diagnostic; not a candidate or real geometry bound,known injection constant-axis diagnostic; not a bound on pooling or GICP,0.9999985194239478
cy_junction__small_rotation,cy_junction,small_rotation,graph_shared,courtyard,1600,2,2.0,/srv/slam-research/grf/map-denoise/runs/multiscan-pilot-v1/real-components-v4-h3dnauhf/inputs/cy_junction__small_rotation.npz,not_measured,3.7748707626544924,3.699369465546887,0.7512089137670357,0.9631437222017651,0.9371927793721598,0.22207098844594086,3.7262848377830466,3.6543060026723033,0.7288664700238331,1.7940871449487652,1.7456074068804004,0.4142504854730969,3.5000000000000004,3.445372482373228,0.6159614092663126,0.06549892726331627,4.54509285370976,0.2975,False,"[-0.9425821735724909, -0.33282319346681644, 0.027705016764271402]",True,0.999999902635036,diagnostic PCA of current input; not substituted into estimators,1.6213360693323593,0.2975,False,fraction only; point mask unavailable; applicability does not certify accuracy,,,APPLY,,"[2.9134270094717554, -2.913427009471756]",,True,0.2500054980046116,original row and source ID,83f27a70348cb151fa5a6254b081f7dcabdf75af3a4db2690902304799bc65b8,/srv/slam-research/grf/map-denoise/runs/multiscan-pilot-v1/real-transfer-v5-zrtui_f5/outputs/cy_junction__small_rotation__graph_shared.npz,a345eff070f624d61e4bd78c86cb9076231db9d10950a3b14f33b154e0e443a6,"[0.9941205783395746, 0.1082786837481967, 4.865745547357023e-05]",0.9730766447782966,13.325436838833571,0.9729780472454425,3.019750249125896e-13,3.3532425145433216,2.248201624865942e-14,3.5,"[-2.248201624865942e-14, 2.2482016248659417e-14]",evaluation-only injection-space diagnostic; not a candidate or real geometry bound,known injection constant-axis diagnostic; not a bound on pooling or GICP,0.9999983980618066
cy_junction__small_rotation,cy_junction,small_rotation,measure_unbalanced,courtyard,1600,2,2.0,/srv/slam-research/grf/map-denoise/runs/multiscan-pilot-v1/real-components-v4-h3dnauhf/inputs/cy_junction__small_rotation.npz,not_measured,3.5375406975880015,3.4829140297350363,0.6192770370086828,0.8198394211058214,0.8157858111425048,0.08142595862311855,3.5133774319853774,3.4589156315622906,0.6162171965453471,0.5139982364671861,0.5099986237535032,0.06399680352103546,3.5000000000000004,3.445372482373228,0.6159614092663126,3.47156266949715e-14,0.5139982364671861,1.0,False,"[-0.9425821735724909, -0.33282319346681644, 0.027705016764271402]",True,0.999999902635036,diagnostic PCA of current input; not substituted into estimators,0.0,1.0,True,"whole-scan applicability, not point-level confidence; applicability does not certify accuracy",07c797019de4936bb90666073496319a68e55d0853fdc2c25f27ac7b16d5afcd,,APPLY,,"[0.51399823646733, -0.51399823646733]",0.30916900388041657,True,0.03653114999178797,original row and source ID,83f27a70348cb151fa5a6254b081f7dcabdf75af3a4db2690902304799bc65b8,/srv/slam-research/grf/map-denoise/runs/multiscan-pilot-v1/real-transfer-v5-zrtui_f5/outputs/cy_junction__small_rotation__measure_unbalanced.npz,90bb18cdc2f9c2c77aaf79d412e186faebed8ca440b5d93450b942334ac9b5e8,"[0.9767358547414193, 0.21355771642809812, -0.019497995193481867]",0.9922709584231372,7.128211425282706,0.9922186256102313,4.1566985076606007e-13,3.41882014200254,2.1649348980190546e-14,3.5,"[-2.1649348980190553e-14, 2.164934898019055e-14]",evaluation-only injection-space diagnostic; not a candidate or real geometry bound,known injection constant-axis diagnostic; not a bound on pooling or GICP,0.9996652206572741
cy_junction__small_rotation,cy_junction,small_rotation,official_gicp,courtyard,1600,2,2.0,/srv/slam-research/grf/map-denoise/runs/multiscan-pilot-v1/real-components-v4-h3dnauhf/inputs/cy_junction__small_rotation.npz,not_measured,4.000976745651316,3.460713795515196,2.0078035124915496,1.908160261244406,0.17174250689984583,1.9004157686980176,3.502807856346988,3.4481376891070963,0.6164489885183979,5.424305696646287,4.997288524364555,2.1095496426781923,3.5000000000000004,3.445372482373228,0.6159614092663126,2.1472579564160134e-13,11.565551219847356,1.0,False,"[-0.9425821735724909, -0.33282319346681644, 0.027705016764271402]",False,0.999999902635036,diagnostic PCA of current input; not substituted into estimators,5.086119217187868,1.0,True,"successfully linked registration component, not point-level inliers; applicability does not certify accuracy",07c797019de4936bb90666073496319a68e55d0853fdc2c25f27ac7b16d5afcd,,APPLY,,,,True,0.023257307999301702,original row and source ID,83f27a70348cb151fa5a6254b081f7dcabdf75af3a4db2690902304799bc65b8,/srv/slam-research/grf/map-denoise/runs/multiscan-pilot-v1/real-transfer-v5-zrtui_f5/outputs/cy_junction__small_rotation__official_gicp.npz,9e26ae972e88add8d76a6ea48afd15bbcd9b6ab6f5d2d963783786c705e13975,,,,,,,,,,,,
cy_thin__zero,cy_thin,zero,identity,courtyard,414,2,2.0,/srv/slam-research/grf/map-denoise/runs/multiscan-pilot-v1/real-components-v4-h3dnauhf/inputs/cy_thin__zero.npz,not_measured,0.0,0.0,0.0,0.0,0.0,0.0,0.0,0.0,0.0,0.0,0.0,0.0,0.0,0.0,0.0,0.0,0.0,0.0,True,"[0.011696765480278091, 0.002644789187803448, 0.9999280927984029]",False,1.0,diagnostic PCA of current input; not substituted into estimators,0.0,,False,fraction only; point mask unavailable; applicability does not certify accuracy,,,IDENTITY,,,,True,8.83299799170345e-06,original row and source ID,b6ac555e6f64613e0ae0d746178980c49e6523e54a0ae8438333f9d8ba654b3f,/srv/slam-research/grf/map-denoise/runs/multiscan-pilot-v1/real-transfer-v5-zrtui_f5/outputs/cy_thin__zero__identity.npz,2b7a9e53ed3a4a73f97e874bcbac1085e39df4abbd441bd2ad53820859dcd45e,,,,,,,,,,,,
cy_thin__zero,cy_thin,zero,pool_independent,courtyard,414,2,2.0,/srv/slam-research/grf/map-denoise/runs/multiscan-pilot-v1/real-components-v4-h3dnauhf/inputs/cy_thin__zero.npz,not_measured,0.7228260413830969,0.722825337075098,0.0010090509549639268,0.7228260413830969,0.722825337075098,0.0010090509549639268,0.0,0.0,0.0,0.7228260413830969,0.722825337075098,0.0010090509549639268,0.0,0.0,0.0,0.020129341640654032,1.334319996799713,0.7560386473429952,False,"[0.011696765480278091, 0.002644789187803448, 0.9999280927984029]",True,1.0,diagnostic PCA of current input; not substituted into estimators,0.6595590951255942,0.7560386473429952,False,fraction only; point mask unavailable; applicability does not certify accuracy,,,APPLY,,"[1.0953963004793221, -0.08251037068545543]",,True,0.03048655499878805,original row and source ID,b6ac555e6f64613e0ae0d746178980c49e6523e54a0ae8438333f9d8ba654b3f,/srv/slam-research/grf/map-denoise/runs/multiscan-pilot-v1/real-transfer-v5-zrtui_f5/outputs/cy_thin__zero__pool_independent.npz,0f424cd710c85796ea7d1ff3d6f184c0d421620bc74b37ba45171c0bf31f58cb,"[0.010514436368710783, 0.0019027377179734776, 0.9999429114789629]",0.9999990256189474,0.07998380869068902,0.9999990256189474,9.63703609161288e-14,0.0,0.0,0.0,"[0.0, 0.0]",evaluation-only injection-space diagnostic; not a candidate or real geometry bound,known injection constant-axis diagnostic; not a bound on pooling or GICP,1.0
cy_thin__zero,cy_thin,zero,pool_compatible,courtyard,414,2,2.0,/srv/slam-research/grf/map-denoise/runs/multiscan-pilot-v1/real-components-v4-h3dnauhf/inputs/cy_thin__zero.npz,not_measured,0.7690980732251299,0.7690973238305397,0.0010736458024662504,0.7690980732251299,0.7690973238305397,0.0010736458024662504,0.0,0.0,0.0,0.7690980732251299,0.7690973238305397,0.0010736458024662504,0.0,0.0,0.0,0.020129341640654577,1.4743880706280692,0.7560386473429952,False,"[0.011696765480278091, 0.002644789187803448, 0.9999280927984029]",True,1.0,diagnostic PCA of current input; not substituted into estimators,0.6924659079569101,0.7560386473429952,True,candidate-reported accepted original input rows; applicability does not certify accuracy,84d508292b4af244bebf8f71264590a8174b251bf54003f55d8feea57b895122,ea3ccfe687e938919d5ad2b05525e0ec5550850b7b786f5b31f7a740104df045,APPLY,,"[1.0953963004793221, -0.08251037068545543]",,True,0.03594510001130402,original row and source ID,b6ac555e6f64613e0ae0d746178980c49e6523e54a0ae8438333f9d8ba654b3f,/srv/slam-research/grf/map-denoise/runs/multiscan-pilot-v1/real-transfer-v5-zrtui_f5/outputs/cy_thin__zero__pool_compatible.npz,46a10b9b928361622e81ce7b749e121222f57b58553a3ad1d4fe1044ad9483bc,"[0.010514436368710783, 0.0019027377179734776, 0.9999429114789629]",0.9999990256189474,0.07998380869068902,0.9999990256189474,9.892178257462234e-14,0.0,0.0,0.0,"[0.0, 0.0]",evaluation-only injection-space diagnostic; not a candidate or real geometry bound,known injection constant-axis diagnostic; not a bound on pooling or GICP,1.0
cy_thin__zero,cy_thin,zero,shared_group_slope,courtyard,414,2,2.0,/srv/slam-research/grf/map-denoise/runs/multiscan-pilot-v1/real-components-v4-h3dnauhf/inputs/cy_thin__zero.npz,not_measured,0.7690980732251299,0.7690973238305397,0.0010736458024662504,0.7690980732251299,0.7690973238305397,0.0010736458024662504,0.0,0.0,0.0,0.7690980732251299,0.7690973238305397,0.0010736458024662504,0.0,0.0,0.0,0.020129341640654577,1.4743880706280692,0.7560386473429952,False,"[0.011696765480278091, 0.002644789187803448, 0.9999280927984029]",True,1.0,diagnostic PCA of current input; not substituted into estimators,0.6924659079569101,0.7560386473429952,True,candidate-reported accepted original input rows; applicability does not certify accuracy,84d508292b4af244bebf8f71264590a8174b251bf54003f55d8feea57b895122,ea3ccfe687e938919d5ad2b05525e0ec5550850b7b786f5b31f7a740104df045,APPLY,,"[1.0953963004793221, -0.08251037068545543]",,True,0.035871164000127465,original row and source ID,b6ac555e6f64613e0ae0d746178980c49e6523e54a0ae8438333f9d8ba654b3f,/srv/slam-research/grf/map-denoise/runs/multiscan-pilot-v1/real-transfer-v5-zrtui_f5/outputs/cy_thin__zero__shared_group_slope.npz,46a10b9b928361622e81ce7b749e121222f57b58553a3ad1d4fe1044ad9483bc,"[0.010514436368710783, 0.0019027377179734776, 0.9999429114789629]",0.9999990256189474,0.07998380869068902,0.9999990256189474,9.892178257462234e-14,0.0,0.0,0.0,"[0.0, 0.0]",evaluation-only injection-space diagnostic; not a candidate or real geometry bound,known injection constant-axis diagnostic; not a bound on pooling or GICP,1.0
cy_thin__zero,cy_thin,zero,node_intercepts,courtyard,414,2,2.0,/srv/slam-research/grf/map-denoise/runs/multiscan-pilot-v1/real-components-v4-h3dnauhf/inputs/cy_thin__zero.npz,not_measured,0.7512978404558075,0.751297108405427,0.0010487970271754678,0.7512978404558075,0.751297108405427,0.0010487970271754678,0.0,0.0,0.0,0.7512978404558075,0.751297108405427,0.0010487970271754678,0.0,0.0,0.0,0.020129341640654774,1.4162953564615457,0.7560386473429952,False,"[0.011696765480278091, 0.002644789187803448, 0.9999280927984029]",True,1.0,diagnostic PCA of current input; not substituted into estimators,0.6811272964793282,0.7560386473429952,True,candidate-reported accepted original input rows; applicability does not certify accuracy,84d508292b4af244bebf8f71264590a8174b251bf54003f55d8feea57b895122,ea3ccfe687e938919d5ad2b05525e0ec5550850b7b786f5b31f7a740104df045,APPLY,,"[1.0953963004793221, -0.08251037068545543]",,True,0.036123366007814184,original row and source ID,b6ac555e6f64613e0ae0d746178980c49e6523e54a0ae8438333f9d8ba654b3f,/srv/slam-research/grf/map-denoise/runs/multiscan-pilot-v1/real-transfer-v5-zrtui_f5/outputs/cy_thin__zero__node_intercepts.npz,dde2aeb84db2e6a34b78ffcbceb8a3427542aecdec58fa32aa076860c092740f,"[0.010514436368710783, 0.0019027377179734776, 0.9999429114789629]",0.9999990256189474,0.07998380869068902,0.9999990256189474,9.868698968338783e-14,0.0,0.0,0.0,"[0.0, 0.0]",evaluation-only injection-space diagnostic; not a candidate or real geometry bound,known injection constant-axis diagnostic; not a bound on pooling or GICP,1.0
cy_thin__zero,cy_thin,zero,graph_shared,courtyard,414,2,2.0,/srv/slam-research/grf/map-denoise/runs/multiscan-pilot-v1/real-components-v4-h3dnauhf/inputs/cy_thin__zero.npz,not_measured,0.7228533680564851,0.7228526637218594,0.0010090891024555897,0.7228533680564851,0.7228526637218594,0.0010090891024555897,0.0,0.0,0.0,0.7228533680564851,0.7228526637218594,0.0010090891024555897,0.0,0.0,0.0,0.020129341640819472,1.3347471006836276,0.7560386473429952,False,"[0.011696765480278091, 0.002644789187803448, 0.9999280927984029]",True,1.0,diagnostic PCA of current input; not substituted into estimators,0.6595599183421773,0.7560386473429952,False,fraction only; point mask unavailable; applicability does not certify accuracy,,,APPLY,,"[1.0953963004793221, -0.08251037068545544]",,True,0.025293494007200934,original row and source ID,b6ac555e6f64613e0ae0d746178980c49e6523e54a0ae8438333f9d8ba654b3f,/srv/slam-research/grf/map-denoise/runs/multiscan-pilot-v1/real-transfer-v5-zrtui_f5/outputs/cy_thin__zero__graph_shared.npz,1d62ec264d6be978831198126af0f546b6b151f867323ac7130a6e53ea736585,"[0.010514436368710803, 0.001902737717973474, 0.9999429114789629]",0.9999990256189474,0.07998380869068902,0.9999990256189474,9.45996941014508e-14,0.0,0.0,0.0,"[0.0, 0.0]",evaluation-only injection-space diagnostic; not a candidate or real geometry bound,known injection constant-axis diagnostic; not a bound on pooling or GICP,1.0
cy_thin__zero,cy_thin,zero,measure_unbalanced,courtyard,414,2,2.0,/srv/slam-research/grf/map-denoise/runs/multiscan-pilot-v1/real-components-v4-h3dnauhf/inputs/cy_thin__zero.npz,not_measured,0.3008792618412671,0.3008791786644548,0.0002237238227062741,0.3008792618412671,0.3008791786644548,0.0002237238227062741,0.0,0.0,0.0,0.3008792618412671,0.3008791786644548,0.0002237238227062741,0.0,0.0,0.0,4.053997748235279e-14,1.0962853757806599,1.0,False,"[0.011696765480278091, 0.002644789187803448, 0.9999280927984029]",True,1.0,diagnostic PCA of current input; not substituted into estimators,1.0898304812250112e-14,1.0,True,"whole-scan applicability, not point-level confidence; applicability does not certify accuracy",81641e1754bf20927aa270e74306126f0d7eaca77be6374553e92fc8e92113b1,,APPLY,,"[1.0962853757806745, -0.082577339993869]",0.583049247895624,True,0.011933046000194736,original row and source ID,b6ac555e6f64613e0ae0d746178980c49e6523e54a0ae8438333f9d8ba654b3f,/srv/slam-research/grf/map-denoise/runs/multiscan-pilot-v1/real-transfer-v5-zrtui_f5/outputs/cy_thin__zero__measure_unbalanced.npz,4d9ea1cffdd411c5198c4a344960776321e00f9fa17cfce3671db7c45b6c8455,"[0.01242327708952162, 0.002486666847375751, 0.999919736116028]",0.9999997235541864,0.04260324199044376,0.9999997235541864,5.75962912345378e-14,0.0,0.0,0.0,"[0.0, 0.0]",evaluation-only injection-space diagnostic; not a candidate or real geometry bound,known injection constant-axis diagnostic; not a bound on pooling or GICP,1.0
cy_thin__zero,cy_thin,zero,official_gicp,courtyard,414,2,2.0,/srv/slam-research/grf/map-denoise/runs/multiscan-pilot-v1/real-components-v4-h3dnauhf/inputs/cy_thin__zero.npz,not_measured,4.361333050159597,0.2791678647304121,4.352389145942292,4.361333050159597,0.2791678647304121,4.352389145942292,0.0,0.0,0.0,4.361333050159597,0.2791678647304121,4.352389145942292,0.0,0.0,0.0,8.772412132375953e-14,14.669971840318809,1.0,False,"[0.011696765480278091, 0.002644789187803448, 0.9999280927984029]",False,1.0,diagnostic PCA of current input; not substituted into estimators,0.7923221406979846,1.0,True,"successfully linked registration component, not point-level inliers; applicability does not certify accuracy",81641e1754bf20927aa270e74306126f0d7eaca77be6374553e92fc8e92113b1,,APPLY,,,,True,0.0022452639968832955,original row and source ID,b6ac555e6f64613e0ae0d746178980c49e6523e54a0ae8438333f9d8ba654b3f,/srv/slam-research/grf/map-denoise/runs/multiscan-pilot-v1/real-transfer-v5-zrtui_f5/outputs/cy_thin__zero__official_gicp.npz,6bad4dc7b6d54febf19cd19b6acde6e876c8e0dbe97c963c13c8ccab7f160be6,,,,,,,,,,,,
cy_thin__normal_translation,cy_thin,normal_translation,identity,courtyard,414,2,2.0,/srv/slam-research/grf/map-denoise/runs/multiscan-pilot-v1/real-components-v4-h3dnauhf/inputs/cy_thin__normal_translation.npz,not_measured,3.5000000000000004,3.5000000000000004,1.1759555200826322e-13,0.0,0.0,0.0,3.5000000000000004,3.5000000000000004,1.1759555200826322e-13,0.0,0.0,0.0,3.5000000000000004,3.5000000000000004,1.1759555200826322e-13,4.0698272713026073e-14,0.0,0.0,True,"[0.012546815342154191, 0.0002169243328909165, 0.9999212620844721]",False,0.9999966914204098,diagnostic PCA of current input; not substituted into estimators,0.0,,False,fraction only; point mask unavailable; applicability does not certify accuracy,,,IDENTITY,,,,True,6.380010745488107e-06,original row and source ID,b6ac555e6f64613e0ae0d746178980c49e6523e54a0ae8438333f9d8ba654b3f,/srv/slam-research/grf/map-denoise/runs/multiscan-pilot-v1/real-transfer-v5-zrtui_f5/outputs/cy_thin__normal_translation__identity.npz,5018e3cd7c0e11ca1f8ed3caffcddc9325d054b9d36fd6486ee19c8ec3105a9a,,,,,,,,,,,,
cy_thin__normal_translation,cy_thin,normal_translation,pool_independent,courtyard,414,2,2.0,/srv/slam-research/grf/map-denoise/runs/multiscan-pilot-v1/real-components-v4-h3dnauhf/inputs/cy_thin__normal_translation.npz,not_measured,0.8646462455923266,0.8646344332363959,0.004519610479037613,0.7228260413830969,0.722825337075098,0.0010090509549639268,0.4744820621590088,0.47445736769471064,0.004840821301353271,3.2375888800145747,3.237585725369313,0.004519610479012731,3.5000000000000004,3.5000000000000004,1.1759555200826322e-13,0.2142153110286978,11.398730081107791,0.7560386473429952,False,"[0.012546815342154191, 0.0002169243328909165, 0.9999212620844721]",True,0.9999966914204098,diagnostic PCA of current input; not substituted into estimators,0.756673419484877,0.7560386473429952,False,fraction only; point mask unavailable; applicability does not certify accuracy,,,APPLY,,"[-11.657145245772519, 0.8780706808503974]",,True,0.031676592989242636,original row and source ID,b6ac555e6f64613e0ae0d746178980c49e6523e54a0ae8438333f9d8ba654b3f,/srv/slam-research/grf/map-denoise/runs/multiscan-pilot-v1/real-transfer-v5-zrtui_f5/outputs/cy_thin__normal_translation__pool_independent.npz,6c12d78ed3099768a4341d903ce8832d36a9efb865fbf61bc13bb370849e49ec,"[0.010514436368710777, 0.0019027377179734741, 0.9999429114789629]",0.9999965135001212,0.15129778975413977,0.9999990256189474,9.634164097372172e-14,3.499996589666316,3.499996589666318,0.0048859312478712865,"[-12.752607318471973, 0.9605860058069797]",evaluation-only injection-space diagnostic; not a candidate or real geometry bound,known injection constant-axis diagnostic; not a bound on pooling or GICP,1.0
cy_thin__normal_translation,cy_thin,normal_translation,pool_compatible,courtyard,414,2,2.0,/srv/slam-research/grf/map-denoise/runs/multiscan-pilot-v1/real-components-v4-h3dnauhf/inputs/cy_thin__normal_translation.npz,not_measured,0.9036834211959154,0.9036723391042545,0.004475408606991696,0.7690980732251299,0.7690973238305397,0.0010736458024662504,0.47448206210239824,0.4744573675667732,0.004840828291930238,3.20592520234315,3.205922078550377,0.004475408606966484,3.5000000000000004,3.5000000000000004,1.1759555200826322e-13,0.21421531102869934,11.275957502670886,0.7560386473429952,False,"[0.012546815342154191, 0.0002169243328909165, 0.9999212620844721]",True,0.9999966914204098,diagnostic PCA of current input; not substituted into estimators,0.7823215737385738,0.7560386473429952,True,candidate-reported accepted original input rows; applicability does not certify accuracy,84d508292b4af244bebf8f71264590a8174b251bf54003f55d8feea57b895122,ea3ccfe687e938919d5ad2b05525e0ec5550850b7b786f5b31f7a740104df045,APPLY,,"[-11.657145245772519, 0.8780706808503974]",,True,0.03706488599709701,original row and source ID,b6ac555e6f64613e0ae0d746178980c49e6523e54a0ae8438333f9d8ba654b3f,/srv/slam-research/grf/map-denoise/runs/multiscan-pilot-v1/real-transfer-v5-zrtui_f5/outputs/cy_thin__normal_translation__pool_compatible.npz,d512428f01cd85aeca22a0d8ae73df141482c62c48a21ee9fce3917e08592b12,"[0.010514436368710777, 0.0019027377179734741, 0.9999429114789629]",0.9999965135001212,0.15129778975413977,0.9999990256189474,9.674383784611191e-14,3.499996589666316,3.499996589666318,0.0048859312478712865,"[-12.752607318471973, 0.9605860058069797]",evaluation-only injection-space diagnostic; not a candidate or real geometry bound,known injection constant-axis diagnostic; not a bound on pooling or GICP,1.0
cy_thin__normal_translation,cy_thin,normal_translation,shared_group_slope,courtyard,414,2,2.0,/srv/slam-research/grf/map-denoise/runs/multiscan-pilot-v1/real-components-v4-h3dnauhf/inputs/cy_thin__normal_translation.npz,not_measured,0.9036834211959148,0.9036723391042537,0.004475408606991694,0.7690980732251299,0.7690973238305397,0.0010736458024662504,0.47448206210239824,0.4744573675667732,0.004840828291930239,3.20592520234315,3.205922078550377,0.004475408606966483,3.5000000000000004,3.5000000000000004,1.1759555200826322e-13,0.21421531102869917,11.275957502670886,0.7560386473429952,False,"[0.012546815342154191, 0.0002169243328909165, 0.9999212620844721]",True,0.9999966914204098,diagnostic PCA of current input; not substituted into estimators,0.7823215737385733,0.7560386473429952,True,candidate-reported accepted original input rows; applicability does not certify accuracy,84d508292b4af244bebf8f71264590a8174b251bf54003f55d8feea57b895122,ea3ccfe687e938919d5ad2b05525e0ec5550850b7b786f5b31f7a740104df045,APPLY,,"[-11.657145245772519, 0.8780706808503974]",,True,0.0370670069969492,original row and source ID,b6ac555e6f64613e0ae0d746178980c49e6523e54a0ae8438333f9d8ba654b3f,/srv/slam-research/grf/map-denoise/runs/multiscan-pilot-v1/real-transfer-v5-zrtui_f5/outputs/cy_thin__normal_translation__shared_group_slope.npz,fe7067575a0ba1135b293b0b85c090f79f6ea554215f3fd5a4d8ea07c7629bf6,"[0.010514436368710777, 0.0019027377179734741, 0.9999429114789629]",0.9999965135001212,0.15129778975413977,0.9999990256189474,9.674938854432855e-14,3.499996589666316,3.499996589666318,0.0048859312478712865,"[-12.752607318471973, 0.9605860058069797]",evaluation-only injection-space diagnostic; not a candidate or real geometry bound,known injection constant-axis diagnostic; not a bound on pooling or GICP,1.0
cy_thin__normal_translation,cy_thin,normal_translation,node_intercepts,courtyard,414,2,2.0,/srv/slam-research/grf/map-denoise/runs/multiscan-pilot-v1/real-components-v4-h3dnauhf/inputs/cy_thin__normal_translation.npz,not_measured,0.8885841436777349,0.888572767386154,0.004496382457614224,0.7512978404558075,0.751297108405427,0.0010487970271754678,0.4744820621000289,0.4744573675948602,0.004840825306851844,3.2209496620509523,3.22094652361863,0.004496382457589108,3.5000000000000004,3.5000000000000004,1.1759555200826322e-13,0.21421531102869906,11.33628281330057,0.7560386473429952,False,"[0.012546815342154191, 0.0002169243328909165, 0.9999212620844721]",True,0.9999966914204098,diagnostic PCA of current input; not substituted into estimators,0.773772690032597,0.7560386473429952,True,candidate-reported accepted original input rows; applicability does not certify accuracy,84d508292b4af244bebf8f71264590a8174b251bf54003f55d8feea57b895122,ea3ccfe687e938919d5ad2b05525e0ec5550850b7b786f5b31f7a740104df045,APPLY,,"[-11.657145245772519, 0.8780706808503974]",,True,0.03744797199033201,original row and source ID,b6ac555e6f64613e0ae0d746178980c49e6523e54a0ae8438333f9d8ba654b3f,/srv/slam-research/grf/map-denoise/runs/multiscan-pilot-v1/real-transfer-v5-zrtui_f5/outputs/cy_thin__normal_translation__node_intercepts.npz,f43de2376353b601871d3fc36167ccc2e33c046c248e281fcf1f04722eab2d57,"[0.010514436368710777, 0.0019027377179734741, 0.9999429114789629]",0.9999965135001212,0.15129778975413977,0.9999990256189474,9.637205151922988e-14,3.499996589666316,3.499996589666318,0.0048859312478712865,"[-12.752607318471973, 0.9605860058069797]",evaluation-only injection-space diagnostic; not a candidate or real geometry bound,known injection constant-axis diagnostic; not a bound on pooling or GICP,1.0
cy_thin__normal_translation,cy_thin,normal_translation,graph_shared,courtyard,414,2,2.0,/srv/slam-research/grf/map-denoise/runs/multiscan-pilot-v1/real-components-v4-h3dnauhf/inputs/cy_thin__normal_translation.npz,not_measured,0.8646690896671941,0.8646572780923096,0.004519520759164902,0.7228533680564851,0.7228526637218594,0.0010090891024555897,0.47448206215850086,0.47445736769412317,0.004840821309150969,3.237524609855571,3.237521455272933,0.004519520759140023,3.5000000000000004,3.5000000000000004,1.1759555200826322e-13,0.21421531102853467,11.398838186779377,0.7560386473429952,False,"[0.012546815342154191, 0.0002169243328909165, 0.9999212620844721]",True,0.9999966914204098,diagnostic PCA of current input; not substituted into estimators,0.7566686052464925,0.7560386473429952,False,fraction only; point mask unavailable; applicability does not certify accuracy,,,APPLY,,"[-11.657145245772519, 0.8780706808503975]",,True,0.027008412987925112,original row and source ID,b6ac555e6f64613e0ae0d746178980c49e6523e54a0ae8438333f9d8ba654b3f,/srv/slam-research/grf/map-denoise/runs/multiscan-pilot-v1/real-transfer-v5-zrtui_f5/outputs/cy_thin__normal_translation__graph_shared.npz,356b550bf83e33188485916914860252b87dd672311eb161fab063ab128d8e40,"[0.01051443636871078, 0.001902737717973481, 0.9999429114789629]",0.9999965135001212,0.15129778975413977,0.9999990256189474,9.924861141594925e-14,3.499996589666316,3.499996589666318,0.0048859312478712665,"[-12.752607318471973, 0.9605860058069797]",evaluation-only injection-space diagnostic; not a candidate or real geometry bound,known injection constant-axis diagnostic; not a bound on pooling or GICP,1.0
cy_thin__normal_translation,cy_thin,normal_translation,measure_unbalanced,courtyard,414,2,2.0,/srv/slam-research/grf/map-denoise/runs/multiscan-pilot-v1/real-components-v4-h3dnauhf/inputs/cy_thin__normal_translation.npz,not_measured,0.8652501916905431,0.8652479737569223,0.001959114611719415,0.3008792618412671,0.3008791786644548,0.0002237238227062741,0.564373016415344,0.5643687950924672,0.0021828384344256884,2.6347527546094467,2.634752026243079,0.0019591146117413517,3.5000000000000004,3.5000000000000004,1.1759555200826322e-13,9.282494242701976e-14,9.600000000000007,1.0,False,"[0.012546815342154191, 0.0002169243328909165, 0.9999212620844721]",True,0.9999966914204098,diagnostic PCA of current input; not substituted into estimators,1.0562915264335847e-13,1.0,True,"whole-scan applicability, not point-level confidence; applicability does not certify accuracy",81641e1754bf20927aa270e74306126f0d7eaca77be6374553e92fc8e92113b1,,APPLY,,"[-9.600000000000001, 0.7231168831168833]",0.39492595511596956,True,0.012147946996265091,original row and source ID,b6ac555e6f64613e0ae0d746178980c49e6523e54a0ae8438333f9d8ba654b3f,/srv/slam-research/grf/map-denoise/runs/multiscan-pilot-v1/real-transfer-v5-zrtui_f5/outputs/cy_thin__normal_translation__measure_unbalanced.npz,13d333a957cc04112526ad444977e6f7cd065d81d48a22ec471aa8bebc81b6b6,"[0.012423277089521607, 0.0024866668473755293, 0.9999197361160281]",0.9999974165024448,0.13023920939059747,0.9999997235541865,1.2088351459804103e-13,3.499999032439654,3.499999032439655,0.0026024837165781987,"[-12.752616218974685, 0.9605866762344568]",evaluation-only injection-space diagnostic; not a candidate or real geometry bound,known injection constant-axis diagnostic; not a bound on pooling or GICP,1.0
cy_thin__normal_translation,cy_thin,normal_translation,official_gicp,courtyard,414,2,2.0,/srv/slam-research/grf/map-denoise/runs/multiscan-pilot-v1/real-components-v4-h3dnauhf/inputs/cy_thin__normal_translation.npz,not_measured,4.361333050159621,0.2791678647304202,4.352389145942316,4.361333050159597,0.2791678647304121,4.352389145942292,3.46440294994833e-13,1.1948567847159487e-14,3.462341833535631e-13,5.4287592795826685,3.2447089296173104,4.3523891459423325,3.5000000000000004,3.5000000000000004,1.1759555200826322e-13,6.539440615266083e-14,18.65315791774895,1.0,False,"[0.012546815342154191, 0.0002169243328909165, 0.9999212620844721]",False,0.9999966914204098,diagnostic PCA of current input; not substituted into estimators,0.7923221406979923,1.0,True,"successfully linked registration component, not point-level inliers; applicability does not certify accuracy",81641e1754bf20927aa270e74306126f0d7eaca77be6374553e92fc8e92113b1,,APPLY,,,,True,0.002262087000417523,original row and source ID,b6ac555e6f64613e0ae0d746178980c49e6523e54a0ae8438333f9d8ba654b3f,/srv/slam-research/grf/map-denoise/runs/multiscan-pilot-v1/real-transfer-v5-zrtui_f5/outputs/cy_thin__normal_translation__official_gicp.npz,bf29ff1862e095841f5efea4272168c70a846b2bd3e47b5a946996df2d095f02,,,,,,,,,,,,
cy_thin__tangent_translation,cy_thin,tangent_translation,identity,courtyard,414,2,2.0,/srv/slam-research/grf/map-denoise/runs/multiscan-pilot-v1/real-components-v4-h3dnauhf/inputs/cy_thin__tangent_translation.npz,not_measured,3.5000000000000044,9.72048050504803e-15,3.5000000000000044,0.0,0.0,0.0,3.5000000000000044,9.72048050504803e-15,3.5000000000000044,0.0,0.0,0.0,3.5000000000000044,9.72048050504803e-15,3.5000000000000044,3.2001379168487456e-14,0.0,0.0,True,"[0.011696718039165914, 0.002654956415852505, 0.9999280664095501]",False,0.999999999948312,diagnostic PCA of current input; not substituted into estimators,0.0,,False,fraction only; point mask unavailable; applicability does not certify accuracy,,,IDENTITY,,,,True,6.864996976219118e-06,original row and source ID,b6ac555e6f64613e0ae0d746178980c49e6523e54a0ae8438333f9d8ba654b3f,/srv/slam-research/grf/map-denoise/runs/multiscan-pilot-v1/real-transfer-v5-zrtui_f5/outputs/cy_thin__tangent_translation__identity.npz,5cd756e59ff050040729b9ef195e7cc6bdd4316aad4785efd59ad28b30db3805,,,,,,,,,,,,
cy_thin__tangent_translation,cy_thin,tangent_translation,pool_independent,courtyard,414,2,2.0,/srv/slam-research/grf/map-denoise/runs/multiscan-pilot-v1/real-components-v4-h3dnauhf/inputs/cy_thin__tangent_translation.npz,not_measured,3.5731202579207952,0.7202298387052051,3.4997796154904726,0.7228260413830969,0.722825337075098,0.0010090509549639268,3.5015959584973455,0.105823815804215,3.499996510937344,0.7202305404841951,0.720229838705203,0.0010054276866887665,3.5000000000000044,9.72048050504803e-15,3.5000000000000044,0.020454296962864885,1.3858501407872623,0.7560386473429952,False,"[0.011696718039165914, 0.002654956415852505, 0.9999280664095501]",True,0.999999999948312,diagnostic PCA of current input; not substituted into estimators,0.6545498312498557,0.7560386473429952,False,fraction only; point mask unavailable; applicability does not certify accuracy,,,APPLY,,"[1.1130796834798324, -0.08384236576861076]",,True,0.030574552991311066,original row and source ID,b6ac555e6f64613e0ae0d746178980c49e6523e54a0ae8438333f9d8ba654b3f,/srv/slam-research/grf/map-denoise/runs/multiscan-pilot-v1/real-transfer-v5-zrtui_f5/outputs/cy_thin__tangent_translation__pool_independent.npz,2992384b56bf9644f5ccf1aeb17a6be49b2a285ba52729b7edff48193424640b,"[0.010514436368710805, 0.0019027377179734707, 0.9999429114789629]",0.9999990180783529,0.08029270385102771,0.9999990256189474,9.267028721759687e-14,0.002574499544781476,0.0025744995447814774,3.49999905313589,"[0.009380461064767243, -0.0007065801840993507]",evaluation-only injection-space diagnostic; not a candidate or real geometry bound,known injection constant-axis diagnostic; not a bound on pooling or GICP,1.0
cy_thin__tangent_translation,cy_thin,tangent_translation,pool_compatible,courtyard,414,2,2.0,/srv/slam-research/grf/map-denoise/runs/multiscan-pilot-v1/real-components-v4-h3dnauhf/inputs/cy_thin__tangent_translation.npz,not_measured,3.583690883771799,0.7710813201249772,3.499753412482574,0.7690980732251299,0.7690973238305397,0.0010736458024662504,3.5007310399652036,0.07158860371772069,3.4999989837132244,0.7710820714527354,0.7710813201249749,0.001076415425016548,3.5000000000000044,9.72048050504803e-15,3.5000000000000044,0.020454296962865916,1.4764305593320275,0.7560386473429952,False,"[0.011696718039165914, 0.002654956415852505, 0.9999280664095501]",True,0.999999999948312,diagnostic PCA of current input; not substituted into estimators,0.6939922549768804,0.7560386473429952,True,candidate-reported accepted original input rows; applicability does not certify accuracy,246ead494d89d45d625619e78cbb998adb92b060b86fbf2dee409550d99cf3c5,f46e7d163908dfe13411d7706664a322a24ce7bb78c0625cf01c863a277a83ca,APPLY,,"[1.1130796834798324, -0.08384236576861076]",,True,0.036218191002262756,original row and source ID,b6ac555e6f64613e0ae0d746178980c49e6523e54a0ae8438333f9d8ba654b3f,/srv/slam-research/grf/map-denoise/runs/multiscan-pilot-v1/real-transfer-v5-zrtui_f5/outputs/cy_thin__tangent_translation__pool_compatible.npz,2c4c6534432f68ea7914cc88ca30ab65ec45e44004226b9dbb9d3a31775f4598,"[0.010514436368710805, 0.0019027377179734707, 0.9999429114789629]",0.9999990180783529,0.08029270385102771,0.9999990256189474,9.3730462733548e-14,0.002574499544781476,0.0025744995447814774,3.49999905313589,"[0.009380461064767243, -0.0007065801840993507]",evaluation-only injection-space diagnostic; not a candidate or real geometry bound,known injection constant-axis diagnostic; not a bound on pooling or GICP,1.0
cy_thin__tangent_translation,cy_thin,tangent_translation,shared_group_slope,courtyard,414,2,2.0,/srv/slam-research/grf/map-denoise/runs/multiscan-pilot-v1/real-components-v4-h3dnauhf/inputs/cy_thin__tangent_translation.npz,not_measured,3.583690883771799,0.7710813201249772,3.499753412482574,0.7690980732251299,0.7690973238305397,0.0010736458024662504,3.5007310399652036,0.07158860371772068,3.4999989837132244,0.7710820714527353,0.7710813201249749,0.0010764154250165478,3.5000000000000044,9.72048050504803e-15,3.5000000000000044,0.02045429696286605,1.4764305593320275,0.7560386473429952,False,"[0.011696718039165914, 0.002654956415852505, 0.9999280664095501]",True,0.999999999948312,diagnostic PCA of current input; not substituted into estimators,0.6939922549768804,0.7560386473429952,True,candidate-reported accepted original input rows; applicability does not certify accuracy,246ead494d89d45d625619e78cbb998adb92b060b86fbf2dee409550d99cf3c5,f46e7d163908dfe13411d7706664a322a24ce7bb78c0625cf01c863a277a83ca,APPLY,,"[1.1130796834798324, -0.08384236576861076]",,True,0.035888439990230836,original row and source ID,b6ac555e6f64613e0ae0d746178980c49e6523e54a0ae8438333f9d8ba654b3f,/srv/slam-research/grf/map-denoise/runs/multiscan-pilot-v1/real-transfer-v5-zrtui_f5/outputs/cy_thin__tangent_translation__shared_group_slope.npz,fdc4e61534d99a19b5da8c91033e1916f7abc9cf61cad36a380a294763299556,"[0.010514436368710805, 0.0019027377179734707, 0.9999429114789629]",0.9999990180783529,0.08029270385102771,0.9999990256189474,9.373299578947285e-14,0.002574499544781476,0.0025744995447814774,3.49999905313589,"[0.009380461064767243, -0.0007065801840993507]",evaluation-only injection-space diagnostic; not a candidate or real geometry bound,known injection constant-axis diagnostic; not a bound on pooling or GICP,1.0
cy_thin__tangent_translation,cy_thin,tangent_translation,node_intercepts,courtyard,414,2,2.0,/srv/slam-research/grf/map-denoise/runs/multiscan-pilot-v1/real-components-v4-h3dnauhf/inputs/cy_thin__tangent_translation.npz,not_measured,3.5824764016090214,0.7653854378929984,3.499760320300073,0.7512978404558075,0.751297108405427,0.0010487970271754678,3.501976013048409,0.11783746633159638,3.499992903920661,0.7653861836707915,0.7653854378929962,0.0010684640775591983,3.5000000000000044,9.72048050504803e-15,3.5000000000000044,0.02045429696286515,1.4693212249151284,0.7560386473429952,False,"[0.011696718039165914, 0.002654956415852505, 0.9999280664095501]",True,0.999999999948312,diagnostic PCA of current input; not substituted into estimators,0.6921615757756213,0.7560386473429952,True,candidate-reported accepted original input rows; applicability does not certify accuracy,246ead494d89d45d625619e78cbb998adb92b060b86fbf2dee409550d99cf3c5,f46e7d163908dfe13411d7706664a322a24ce7bb78c0625cf01c863a277a83ca,APPLY,,"[1.1130796834798324, -0.08384236576861076]",,True,0.0358418329997221,original row and source ID,b6ac555e6f64613e0ae0d746178980c49e6523e54a0ae8438333f9d8ba654b3f,/srv/slam-research/grf/map-denoise/runs/multiscan-pilot-v1/real-transfer-v5-zrtui_f5/outputs/cy_thin__tangent_translation__node_intercepts.npz,af7965b1722a8689a760aa49542066d73184a266d1b16a5632ae896eb2f78cb6,"[0.010514436368710805, 0.0019027377179734707, 0.9999429114789629]",0.9999990180783529,0.08029270385102771,0.9999990256189474,9.885404480540112e-14,0.002574499544781476,0.0025744995447814774,3.49999905313589,"[0.009380461064767243, -0.0007065801840993507]",evaluation-only injection-space diagnostic; not a candidate or real geometry bound,known injection constant-axis diagnostic; not a bound on pooling or GICP,1.0
cy_thin__tangent_translation,cy_thin,tangent_translation,graph_shared,courtyard,414,2,2.0,/srv/slam-research/grf/map-denoise/runs/multiscan-pilot-v1/real-components-v4-h3dnauhf/inputs/cy_thin__tangent_translation.npz,not_measured,3.573127207409312,0.7202646048143131,3.4997795558263882,0.7228533680564851,0.7228526637218594,0.0010090891024555897,3.5015910475201157,0.10566158282979357,3.4999964991392383,0.7202653066271787,0.720264604814311,0.0010054762195392114,3.5000000000000044,9.72048050504803e-15,3.5000000000000044,0.020454296963037275,1.3855324753942861,0.7560386473429952,False,"[0.011696718039165914, 0.002654956415852505, 0.9999280664095501]",True,0.999999999948312,diagnostic PCA of current input; not substituted into estimators,0.6545509243704642,0.7560386473429952,False,fraction only; point mask unavailable; applicability does not certify accuracy,,,APPLY,,"[1.1130796834798322, -0.08384236576861073]",,True,0.02536685499944724,original row and source ID,b6ac555e6f64613e0ae0d746178980c49e6523e54a0ae8438333f9d8ba654b3f,/srv/slam-research/grf/map-denoise/runs/multiscan-pilot-v1/real-transfer-v5-zrtui_f5/outputs/cy_thin__tangent_translation__graph_shared.npz,5c399a47832fc03b10c71385704a8d47ae1c896a78ab230e22b6ae7f5bf353db,"[0.01051443636871081, 0.0019027377179734704, 0.9999429114789629]",0.9999990180783529,0.08029270385102771,0.9999990256189474,9.196772451635453e-14,0.0025744995447814787,0.0025744995447814782,3.49999905313589,"[0.00938046106476725, -0.0007065801840993513]",evaluation-only injection-space diagnostic; not a candidate or real geometry bound,known injection constant-axis diagnostic; not a bound on pooling or GICP,1.0
cy_thin__tangent_translation,cy_thin,tangent_translation,measure_unbalanced,courtyard,414,2,2.0,/srv/slam-research/grf/map-denoise/runs/multiscan-pilot-v1/real-components-v4-h3dnauhf/inputs/cy_thin__tangent_translation.npz,not_measured,3.5130251201932987,0.3028019533365969,3.499950924250894,0.3008792618412671,0.3008791786644548,0.0002237238227062741,3.500000216480142,0.001922774672142059,3.4999996883283573,0.3028020370449466,0.3028019533365912,0.0002251535344644387,3.5000000000000044,9.72048050504803e-15,3.5000000000000044,7.470791774565766e-14,1.1032912103596475,1.0,False,"[0.011696718039165914, 0.002654956415852505, 0.9999280664095501]",True,0.999999999948312,diagnostic PCA of current input; not substituted into estimators,1.0949081861477882e-13,1.0,True,"whole-scan applicability, not point-level confidence; applicability does not certify accuracy",81641e1754bf20927aa270e74306126f0d7eaca77be6374553e92fc8e92113b1,,APPLY,,"[1.1032912103596473, -0.08310505220890849]",0.5825784409201724,True,0.011970862993621267,original row and source ID,b6ac555e6f64613e0ae0d746178980c49e6523e54a0ae8438333f9d8ba654b3f,/srv/slam-research/grf/map-denoise/runs/multiscan-pilot-v1/real-transfer-v5-zrtui_f5/outputs/cy_thin__tangent_translation__measure_unbalanced.npz,ce2e33a651e441fe87b3178aa2828a1905196aec7a20c289007d55f428110c93,"[0.012423277089521617, 0.002486666847375751, 0.999919736116028]",0.9999997218605866,0.04273354361136479,0.9999997235541864,1.5651341763133325e-13,0.000567331932189889,0.000567331932189889,3.499999954019216,"[0.002067133828589641, -0.00015570618449116776]",evaluation-only injection-space diagnostic; not a candidate or real geometry bound,known injection constant-axis diagnostic; not a bound on pooling or GICP,1.0
cy_thin__tangent_translation,cy_thin,tangent_translation,official_gicp,courtyard,414,2,2.0,/srv/slam-research/grf/map-denoise/runs/multiscan-pilot-v1/real-components-v4-h3dnauhf/inputs/cy_thin__tangent_translation.npz,not_measured,4.07971166203519,0.3212072254582798,4.067047229091312,4.361333050159597,0.2791678647304121,4.352389145942292,8.100871828880784,0.06311120724964799,8.100625985902187,2.2134154943388076,0.3212072254582744,2.1899849471839996,3.5000000000000044,9.72048050504803e-15,3.5000000000000044,8.859999451789675e-14,2.46915710882895,1.0,False,"[0.011696718039165914, 0.002654956415852505, 0.9999280664095501]",False,0.999999999948312,diagnostic PCA of current input; not substituted into estimators,2.091244807372616,1.0,True,"successfully linked registration component, not point-level inliers; applicability does not certify accuracy",81641e1754bf20927aa270e74306126f0d7eaca77be6374553e92fc8e92113b1,,APPLY,,,,True,0.0019727879989659414,original row and source ID,b6ac555e6f64613e0ae0d746178980c49e6523e54a0ae8438333f9d8ba654b3f,/srv/slam-research/grf/map-denoise/runs/multiscan-pilot-v1/real-transfer-v5-zrtui_f5/outputs/cy_thin__tangent_translation__official_gicp.npz,b74d426021eca9db3bd4d145ed36efaf915c7318802343e85ac5da7a7ddbde22,,,,,,,,,,,,
cy_thin__small_rotation,cy_thin,small_rotation,identity,courtyard,414,2,2.0,/srv/slam-research/grf/map-denoise/runs/multiscan-pilot-v1/real-components-v4-h3dnauhf/inputs/cy_thin__small_rotation.npz,not_measured,3.4999999999999996,3.4990639577263125,0.08094084099310712,0.0,0.0,0.0,3.4999999999999996,3.4990639577263125,0.08094084099310712,0.0,0.0,0.0,3.4999999999999996,3.4990639577263125,0.08094084099310712,5.280459414266373e-15,0.0,0.0,True,"[0.009987044226061406, 0.0028703472908409716, 0.999946008569491]",False,0.9999985128279,diagnostic PCA of current input; not substituted into estimators,0.0,,False,fraction only; point mask unavailable; applicability does not certify accuracy,,,IDENTITY,,,,True,6.723988917656243e-06,original row and source ID,b6ac555e6f64613e0ae0d746178980c49e6523e54a0ae8438333f9d8ba654b3f,/srv/slam-research/grf/map-denoise/runs/multiscan-pilot-v1/real-transfer-v5-zrtui_f5/outputs/cy_thin__small_rotation__identity.npz,b12a6fdfe079bbd0b049ef3c80455599f2e284f716c096008537d38aee2655f5,,,,,,,,,,,,
cy_thin__small_rotation,cy_thin,small_rotation,pool_independent,courtyard,414,2,2.0,/srv/slam-research/grf/map-denoise/runs/multiscan-pilot-v1/real-components-v4-h3dnauhf/inputs/cy_thin__small_rotation.npz,not_measured,3.446898887859896,3.445960215929256,0.08043713919938061,0.7228260413830969,0.722825337075098,0.0010090509549639268,3.405398286168277,3.4044503670427564,0.0803441707921744,0.7805700785587621,0.7805443364984982,0.006339266625661632,3.4999999999999996,3.4990639577263125,0.08094084099310712,0.02630085956187413,1.5711746812762266,0.7439613526570048,False,"[0.009987044226061406, 0.0028703472908409716, 0.999946008569491]",True,0.9999985128279,diagnostic PCA of current input; not substituted into estimators,0.7549718464931977,0.7439613526570048,False,fraction only; point mask unavailable; applicability does not certify accuracy,,,APPLY,,"[-0.5098406917710032, 0.03840358457495868]",,True,0.04169583700422663,original row and source ID,b6ac555e6f64613e0ae0d746178980c49e6523e54a0ae8438333f9d8ba654b3f,/srv/slam-research/grf/map-denoise/runs/multiscan-pilot-v1/real-transfer-v5-zrtui_f5/outputs/cy_thin__small_rotation__pool_independent.npz,c9dedeca336ae1cbf06835b75590e781ecf317136f5c34e018b6699ddf72cdcd,"[0.006542541806548444, -0.003631286561023045, 0.9999720040604244]",0.9999729317422864,0.4215690908713284,0.9999670214616587,9.651399434121653e-14,3.499575359979783,4.099915309642965e-15,3.5,"[1.493847455087174e-14, -1.125235745390339e-15]",evaluation-only injection-space diagnostic; not a candidate or real geometry bound,known injection constant-axis diagnostic; not a bound on pooling or GICP,0.9999767988912441
cy_thin__small_rotation,cy_thin,small_rotation,pool_compatible,courtyard,414,2,2.0,/srv/slam-research/grf/map-denoise/runs/multiscan-pilot-v1/real-components-v4-h3dnauhf/inputs/cy_thin__small_rotation.npz,not_measured,3.444900135956931,3.4439620157114286,0.08039018007790562,0.7690980732251299,0.7690973238305397,0.0010736458024662504,3.438005482067136,3.437066918648991,0.08032864652420128,0.8182039818970508,0.8181769987256626,0.006644903946360747,3.4999999999999996,3.4990639577263125,0.08094084099310712,0.02570976922013852,1.664292228834792,0.7439613526570048,False,"[0.009987044226061406, 0.0028703472908409716, 0.999946008569491]",True,0.9999985128279,diagnostic PCA of current input; not substituted into estimators,0.7980522058861321,0.7439613526570048,True,candidate-reported accepted original input rows; applicability does not certify accuracy,a22cfc3f6ef2dd88ab4254f315409aceaf64bc9ee455c7961f60e0bb51b250d6,cdbabbea7c78e5e393fc5fee95bfd8b33e0ee81e62bc0de285ed2b93117d1b77,APPLY,,"[-0.5098406917710032, 0.03840358457495868]",,True,0.04839859799540136,original row and source ID,b6ac555e6f64613e0ae0d746178980c49e6523e54a0ae8438333f9d8ba654b3f,/srv/slam-research/grf/map-denoise/runs/multiscan-pilot-v1/real-transfer-v5-zrtui_f5/outputs/cy_thin__small_rotation__pool_compatible.npz,46116b8848ed993503b47619cde7976195ad48001fb2194e3b34cd80a84e0a81,"[0.006542541806548444, -0.003631286561023045, 0.9999720040604244]",0.9999729317422864,0.4215690908713284,0.9999670214616587,9.737469209223927e-14,3.499575359979783,4.099915309642965e-15,3.5,"[1.493847455087174e-14, -1.125235745390339e-15]",evaluation-only injection-space diagnostic; not a candidate or real geometry bound,known injection constant-axis diagnostic; not a bound on pooling or GICP,0.9999767988912441
cy_thin__small_rotation,cy_thin,small_rotation,shared_group_slope,courtyard,414,2,2.0,/srv/slam-research/grf/map-denoise/runs/multiscan-pilot-v1/real-components-v4-h3dnauhf/inputs/cy_thin__small_rotation.npz,not_measured,3.372421456095682,3.3714825271960724,0.07957415627012433,0.7690980732251299,0.7690973238305397,0.0010736458024662504,3.3504277067340755,3.349484249980517,0.07950520224365894,1.138788867967657,1.1387513123753115,0.009248479364866854,3.4999999999999996,3.4990639577263125,0.08094084099310712,0.030938334336777625,2.271180957262526,0.7439613526570048,False,"[0.009987044226061406, 0.0028703472908409716, 0.999946008569491]",True,0.9999985128279,diagnostic PCA of current input; not substituted into estimators,1.0718032387031724,0.7439613526570048,True,candidate-reported accepted original input rows; applicability does not certify accuracy,a22cfc3f6ef2dd88ab4254f315409aceaf64bc9ee455c7961f60e0bb51b250d6,cdbabbea7c78e5e393fc5fee95bfd8b33e0ee81e62bc0de285ed2b93117d1b77,APPLY,,"[-0.5098406917710032, 0.03840358457495868]",,True,0.04854686999169644,original row and source ID,b6ac555e6f64613e0ae0d746178980c49e6523e54a0ae8438333f9d8ba654b3f,/srv/slam-research/grf/map-denoise/runs/multiscan-pilot-v1/real-transfer-v5-zrtui_f5/outputs/cy_thin__small_rotation__shared_group_slope.npz,87ffa888c96b2943854d86d8ab5c3c39801e75b0252ac4645221706e61b804a1,"[0.006542541806548444, -0.003631286561023045, 0.9999720040604244]",0.9999729317422864,0.4215690908713284,0.9999670214616587,9.914898455733609e-14,3.499575359979783,4.099915309642965e-15,3.5,"[1.493847455087174e-14, -1.125235745390339e-15]",evaluation-only injection-space diagnostic; not a candidate or real geometry bound,known injection constant-axis diagnostic; not a bound on pooling or GICP,0.9999767988912441
cy_thin__small_rotation,cy_thin,small_rotation,node_intercepts,courtyard,414,2,2.0,/srv/slam-research/grf/map-denoise/runs/multiscan-pilot-v1/real-components-v4-h3dnauhf/inputs/cy_thin__small_rotation.npz,not_measured,3.4489328528865855,3.4479948312607505,0.08043299894663798,0.7512978404558075,0.751297108405427,0.0010487970271754678,3.4310803877264973,3.4301390975130825,0.08036416336620332,0.8037718314338991,0.8037453242137385,0.006527695700385294,3.4999999999999996,3.4990639577263125,0.08094084099310712,0.025907670265144667,1.6315776878259225,0.7439613526570048,False,"[0.009987044226061406, 0.0028703472908409716, 0.999946008569491]",True,0.9999985128279,diagnostic PCA of current input; not substituted into estimators,0.7857908750962563,0.7439613526570048,True,candidate-reported accepted original input rows; applicability does not certify accuracy,a22cfc3f6ef2dd88ab4254f315409aceaf64bc9ee455c7961f60e0bb51b250d6,cdbabbea7c78e5e393fc5fee95bfd8b33e0ee81e62bc0de285ed2b93117d1b77,APPLY,,"[-0.5098406917710032, 0.03840358457495868]",,True,0.048879491005209275,original row and source ID,b6ac555e6f64613e0ae0d746178980c49e6523e54a0ae8438333f9d8ba654b3f,/srv/slam-research/grf/map-denoise/runs/multiscan-pilot-v1/real-transfer-v5-zrtui_f5/outputs/cy_thin__small_rotation__node_intercepts.npz,425ab6e244cbd7865ec77fe0c0848e84ee949408b20c9b419aa421a1fd339262,"[0.006542541806548444, -0.003631286561023045, 0.9999720040604244]",0.9999729317422864,0.4215690908713284,0.9999670214616587,9.970600757227274e-14,3.499575359979783,4.099915309642965e-15,3.5,"[1.493847455087174e-14, -1.125235745390339e-15]",evaluation-only injection-space diagnostic; not a candidate or real geometry bound,known injection constant-axis diagnostic; not a bound on pooling or GICP,0.9999767988912441
cy_thin__small_rotation,cy_thin,small_rotation,graph_shared,courtyard,414,2,2.0,/srv/slam-research/grf/map-denoise/runs/multiscan-pilot-v1/real-components-v4-h3dnauhf/inputs/cy_thin__small_rotation.npz,not_measured,3.3949074824244723,3.3939663197249113,0.0799339401919481,0.7228533680564851,0.7228526637218594,0.0010090891024555897,3.3564927825811144,3.355543031458625,0.07984211638334282,0.8410033449482541,0.8409756080515811,0.006830291093762384,3.4999999999999996,3.4990639577263125,0.08094084099310712,0.06943083987425847,1.6448177058763944,0.7439613526570048,False,"[0.009987044226061406, 0.0028703472908409716, 0.999946008569491]",True,0.9999985128279,diagnostic PCA of current input; not substituted into estimators,0.7846782213825783,0.7439613526570048,False,fraction only; point mask unavailable; applicability does not certify accuracy,,,APPLY,,"[-0.5098407069556186, 0.03840358571873491]",,True,0.03487943799700588,original row and source ID,b6ac555e6f64613e0ae0d746178980c49e6523e54a0ae8438333f9d8ba654b3f,/srv/slam-research/grf/map-denoise/runs/multiscan-pilot-v1/real-transfer-v5-zrtui_f5/outputs/cy_thin__small_rotation__graph_shared.npz,59edbf90d3a143c3f3b8427caa01f297d5b999bd088a0cf116e7c1d3faf98afd,"[0.006542369811537193, -0.00363149307496774, 0.9999720044357719]",0.9999729298071252,0.42158416005825544,0.9999670192790081,9.385658096975287e-14,3.4995753730769206,4.177818022947025e-15,3.5,"[1.5222321316535278e-14, -1.1466164108559046e-15]",evaluation-only injection-space diagnostic; not a candidate or real geometry bound,known injection constant-axis diagnostic; not a bound on pooling or GICP,0.9999767970651978
cy_thin__small_rotation,cy_thin,small_rotation,measure_unbalanced,courtyard,414,2,2.0,/srv/slam-research/grf/map-denoise/runs/multiscan-pilot-v1/real-components-v4-h3dnauhf/inputs/cy_thin__small_rotation.npz,not_measured,3.558430512480566,3.557483080139739,0.0821087490598723,0.3008792618412671,0.3008791786644548,0.0002237238227062741,3.6248195668206202,3.6238898100387744,0.08209468133054869,0.642205350454741,0.6420570731805633,0.013799526495698163,3.4999999999999996,3.4990639577263125,0.08094084099310712,2.0905285540440872e-14,2.3399430377592854,1.0,False,"[0.009987044226061406, 0.0028703472908409716, 0.999946008569491]",True,0.9999985128279,diagnostic PCA of current input; not substituted into estimators,1.882213080943521e-14,1.0,True,"whole-scan applicability, not point-level confidence; applicability does not certify accuracy",81641e1754bf20927aa270e74306126f0d7eaca77be6374553e92fc8e92113b1,,APPLY,,"[-2.3399430377593, 0.17625544959745382]",0.32265919169125173,True,0.011955213994951919,original row and source ID,b6ac555e6f64613e0ae0d746178980c49e6523e54a0ae8438333f9d8ba654b3f,/srv/slam-research/grf/map-denoise/runs/multiscan-pilot-v1/real-transfer-v5-zrtui_f5/outputs/cy_thin__small_rotation__measure_unbalanced.npz,376b474b1495a71c8d692e80fed9529ff8df4de4cb7882d1ed96df6b642dbeac,"[-0.0005521597242548881, -0.015011298307221588, 0.9998871716562677]",0.9997845842345082,1.1892801465640233,0.999769112365581,2.4959097583043533e-14,3.4999157040987683,4.078580792077384e-15,3.5,"[1.486073998231639e-14, -1.1193804142524034e-15]",evaluation-only injection-space diagnostic; not a candidate or real geometry bound,known injection constant-axis diagnostic; not a bound on pooling or GICP,0.9997627290972482
cy_thin__small_rotation,cy_thin,small_rotation,official_gicp,courtyard,414,2,2.0,/srv/slam-research/grf/map-denoise/runs/multiscan-pilot-v1/real-components-v4-h3dnauhf/inputs/cy_thin__small_rotation.npz,not_measured,4.463708490198494,0.987337218034111,4.353143542700467,4.361333050159597,0.2791678647304121,4.352389145942292,1.0130428711671504,1.0130370168214247,0.00344403428149879,5.653725712490079,3.5979165059406015,4.361147927822629,3.4999999999999996,3.4990639577263125,0.08094084099310712,9.824041576441845e-14,15.433234274467386,1.0,False,"[0.009987044226061406, 0.0028703472908409716, 0.999946008569491]",False,0.9999985128279,diagnostic PCA of current input; not substituted into estimators,3.691838900032801,1.0,True,"successfully linked registration component, not point-level inliers; applicability does not certify accuracy",81641e1754bf20927aa270e74306126f0d7eaca77be6374553e92fc8e92113b1,,APPLY,,,,True,0.0022555689938599244,original row and source ID,b6ac555e6f64613e0ae0d746178980c49e6523e54a0ae8438333f9d8ba654b3f,/srv/slam-research/grf/map-denoise/runs/multiscan-pilot-v1/real-transfer-v5-zrtui_f5/outputs/cy_thin__small_rotation__official_gicp.npz,e99c94eac9da9efdb102e51ef157482b25b31b7559c34a1df687dbfa458c33cf,,,,,,,,,,,,
cy_wall__zero,cy_wall,zero,identity,courtyard,1600,2,2.0,/srv/slam-research/grf/map-denoise/runs/multiscan-pilot-v1/real-components-v4-h3dnauhf/inputs/cy_wall__zero.npz,not_measured,0.0,0.0,0.0,0.0,0.0,0.0,0.0,0.0,0.0,0.0,0.0,0.0,0.0,0.0,0.0,0.0,0.0,0.0,True,"[0.9993191592894859, 0.03665235614710074, 0.004221689924811833]",False,1.0,diagnostic PCA of current input; not substituted into estimators,0.0,,False,fraction only; point mask unavailable; applicability does not certify accuracy,,,IDENTITY,,,,True,8.8600063463673e-06,original row and source ID,bef9a191859a4272909024c0b83593306dbed4eade4931a9d154133dfa9bd281,/srv/slam-research/grf/map-denoise/runs/multiscan-pilot-v1/real-transfer-v5-zrtui_f5/outputs/cy_wall__zero__identity.npz,d615bbf1aa504aba1354196ed2aba8cfd4d8d4de60af3bff965fa53c8c517855,,,,,,,,,,,,
cy_wall__zero,cy_wall,zero,pool_independent,courtyard,1600,2,2.0,/srv/slam-research/grf/map-denoise/runs/multiscan-pilot-v1/real-components-v4-h3dnauhf/inputs/cy_wall__zero.npz,not_measured,1.5446006798379888,1.5404408490243409,0.113283938901971,1.5446006798379888,1.5404408490243409,0.113283938901971,0.0,0.0,0.0,1.5446006798379888,1.5404408490243409,0.113283938901971,0.0,0.0,0.0,0.06571176876205008,3.8147155584152035,0.284375,False,"[0.9993191592894859, 0.03665235614710074, 0.004221689924811833]",True,1.0,diagnostic PCA of current input; not substituted into estimators,1.5414775225704755,0.284375,False,fraction only; point mask unavailable; applicability does not certify accuracy,,,APPLY,,"[0.472357393711577, -0.472357393711577]",,True,0.1293812079966301,original row and source ID,bef9a191859a4272909024c0b83593306dbed4eade4931a9d154133dfa9bd281,/srv/slam-research/grf/map-denoise/runs/multiscan-pilot-v1/real-transfer-v5-zrtui_f5/outputs/cy_wall__zero__pool_independent.npz,57576d8dfeecb85eeda83cd5b86bfa2fee3a75aae297ca3fdfaf8cc358b2e032,"[0.9939679387219508, 0.1096671342876724, -0.0009254458200768158]",0.9973068568025721,4.205957398569668,0.9973068568025721,1.7481032537732176e-13,0.0,0.0,0.0,"[0.0, 0.0]",evaluation-only injection-space diagnostic; not a candidate or real geometry bound,known injection constant-axis diagnostic; not a bound on pooling or GICP,1.0
cy_wall__zero,cy_wall,zero,pool_compatible,courtyard,1600,2,2.0,/srv/slam-research/grf/map-denoise/runs/multiscan-pilot-v1/real-components-v4-h3dnauhf/inputs/cy_wall__zero.npz,not_measured,1.5473144238597945,1.5431472845448948,0.11348297002760294,1.5473144238597945,1.5431472845448948,0.11348297002760294,0.0,0.0,0.0,1.5473144238597945,1.5431472845448948,0.11348297002760294,0.0,0.0,0.0,0.06488550032941968,3.8147155584152035,0.284375,False,"[0.9993191592894859, 0.03665235614710074, 0.004221689924811833]",True,1.0,diagnostic PCA of current input; not substituted into estimators,1.5442715071731594,0.284375,True,candidate-reported accepted original input rows; applicability does not certify accuracy,e03dfd851d5e92f79e4975f16b3616a3df513031b8081345725679ecc53aaeae,32ee92394c4b32488012d7f6feac16428baa0eda9a9372dbb1406a9273e4fcac,APPLY,,"[0.472357393711577, -0.472357393711577]",,True,0.15024206499219872,original row and source ID,bef9a191859a4272909024c0b83593306dbed4eade4931a9d154133dfa9bd281,/srv/slam-research/grf/map-denoise/runs/multiscan-pilot-v1/real-transfer-v5-zrtui_f5/outputs/cy_wall__zero__pool_compatible.npz,03d1a8c2b579cf3fc6ecfdce890d19cbe4a1e4e47353a2cebe35dda5f830b42e,"[0.9939679387219508, 0.1096671342876724, -0.0009254458200768158]",0.9973068568025721,4.205957398569668,0.9973068568025721,1.7257567978569765e-13,0.0,0.0,0.0,"[0.0, 0.0]",evaluation-only injection-space diagnostic; not a candidate or real geometry bound,known injection constant-axis diagnostic; not a bound on pooling or GICP,1.0
cy_wall__zero,cy_wall,zero,shared_group_slope,courtyard,1600,2,2.0,/srv/slam-research/grf/map-denoise/runs/multiscan-pilot-v1/real-components-v4-h3dnauhf/inputs/cy_wall__zero.npz,not_measured,2.0312324685953733,2.025762068690181,0.14897443583424547,2.0312324685953733,2.025762068690181,0.14897443583424547,0.0,0.0,0.0,2.0312324685953733,2.025762068690181,0.14897443583424547,0.0,0.0,0.0,0.07164502152557384,4.825920149291257,0.284375,False,"[0.9993191592894859, 0.03665235614710074, 0.004221689924811833]",True,1.0,diagnostic PCA of current input; not substituted into estimators,2.022005367692705,0.284375,True,candidate-reported accepted original input rows; applicability does not certify accuracy,e03dfd851d5e92f79e4975f16b3616a3df513031b8081345725679ecc53aaeae,32ee92394c4b32488012d7f6feac16428baa0eda9a9372dbb1406a9273e4fcac,APPLY,,"[0.472357393711577, -0.472357393711577]",,True,0.14982818099088036,original row and source ID,bef9a191859a4272909024c0b83593306dbed4eade4931a9d154133dfa9bd281,/srv/slam-research/grf/map-denoise/runs/multiscan-pilot-v1/real-transfer-v5-zrtui_f5/outputs/cy_wall__zero__shared_group_slope.npz,9ac499940acdc2c6860693454bc20a14bb1dae8ba99795905a9b5a0ff43d5590,"[0.9939679387219508, 0.1096671342876724, -0.0009254458200768158]",0.9973068568025721,4.205957398569668,0.9973068568025721,1.71504796868808e-13,0.0,0.0,0.0,"[0.0, 0.0]",evaluation-only injection-space diagnostic; not a candidate or real geometry bound,known injection constant-axis diagnostic; not a bound on pooling or GICP,1.0
cy_wall__zero,cy_wall,zero,node_intercepts,courtyard,1600,2,2.0,/srv/slam-research/grf/map-denoise/runs/multiscan-pilot-v1/real-components-v4-h3dnauhf/inputs/cy_wall__zero.npz,not_measured,1.5478329074082586,1.5436643717429164,0.11352099659292621,1.5478329074082586,1.5436643717429164,0.11352099659292621,0.0,0.0,0.0,1.5478329074082586,1.5436643717429164,0.11352099659292621,0.0,0.0,0.0,0.06571176876098465,3.814715558407838,0.284375,False,"[0.9993191592894859, 0.03665235614710074, 0.004221689924811833]",True,1.0,diagnostic PCA of current input; not substituted into estimators,1.5447697588097684,0.284375,True,candidate-reported accepted original input rows; applicability does not certify accuracy,e03dfd851d5e92f79e4975f16b3616a3df513031b8081345725679ecc53aaeae,32ee92394c4b32488012d7f6feac16428baa0eda9a9372dbb1406a9273e4fcac,APPLY,,"[0.472357393711577, -0.472357393711577]",,True,0.15095222200034186,original row and source ID,bef9a191859a4272909024c0b83593306dbed4eade4931a9d154133dfa9bd281,/srv/slam-research/grf/map-denoise/runs/multiscan-pilot-v1/real-transfer-v5-zrtui_f5/outputs/cy_wall__zero__node_intercepts.npz,b71d1f6802ca9f5f401bd39afa635942f7d29e0c2dfbaf29cd8a654d6084a67d,"[0.9939679387219508, 0.1096671342876724, -0.0009254458200768158]",0.9973068568025721,4.205957398569668,0.9973068568025721,1.7408462559641847e-13,0.0,0.0,0.0,"[0.0, 0.0]",evaluation-only injection-space diagnostic; not a candidate or real geometry bound,known injection constant-axis diagnostic; not a bound on pooling or GICP,1.0
cy_wall__zero,cy_wall,zero,graph_shared,courtyard,1600,2,2.0,/srv/slam-research/grf/map-denoise/runs/multiscan-pilot-v1/real-components-v4-h3dnauhf/inputs/cy_wall__zero.npz,not_measured,1.5518919424517268,1.5477143963893392,0.11379256678613471,1.5518919424517268,1.5477143963893392,0.11379256678613471,0.0,0.0,0.0,1.5518919424517268,1.5477143963893392,0.11379256678613471,0.0,0.0,0.0,0.15410654859639286,3.7876029906046838,0.284375,False,"[0.9993191592894859, 0.03665235614710074, 0.004221689924811833]",True,1.0,diagnostic PCA of current input; not substituted into estimators,1.5418713133506148,0.284375,False,fraction only; point mask unavailable; applicability does not certify accuracy,,,APPLY,,"[0.47236154531406455, -0.47236154531406455]",,True,0.10928110899112653,original row and source ID,bef9a191859a4272909024c0b83593306dbed4eade4931a9d154133dfa9bd281,/srv/slam-research/grf/map-denoise/runs/multiscan-pilot-v1/real-transfer-v5-zrtui_f5/outputs/cy_wall__zero__graph_shared.npz,586fa6ea31ea48f3edea6006f4e847455b342905af35a1377c026649df3f35b3,"[0.9939696863568882, 0.1096514266832383, -0.0009095218082319477]",0.9973080947531772,4.204990182110203,0.9973080947531772,1.7492473089064847e-13,0.0,0.0,0.0,"[0.0, 0.0]",evaluation-only injection-space diagnostic; not a candidate or real geometry bound,known injection constant-axis diagnostic; not a bound on pooling or GICP,1.0
cy_wall__zero,cy_wall,zero,measure_unbalanced,courtyard,1600,2,2.0,/srv/slam-research/grf/map-denoise/runs/multiscan-pilot-v1/real-components-v4-h3dnauhf/inputs/cy_wall__zero.npz,not_measured,0.7838276718176889,0.7817158928741432,0.05749853854768412,0.7838276718176889,0.7817158928741432,0.05749853854768412,0.0,0.0,0.0,0.7838276718176889,0.7817158928741432,0.05749853854768412,0.0,0.0,0.0,1.822359005775706e-14,0.7838276718177547,1.0,False,"[0.9993191592894859, 0.03665235614710074, 0.004221689924811833]",True,1.0,diagnostic PCA of current input; not substituted into estimators,3.482261525657721e-13,1.0,True,"whole-scan applicability, not point-level confidence; applicability does not certify accuracy",07c797019de4936bb90666073496319a68e55d0853fdc2c25f27ac7b16d5afcd,,APPLY,,"[0.7838276718175456, -0.7838276718175456]",0.47702267555782185,True,0.03412940300768241,original row and source ID,bef9a191859a4272909024c0b83593306dbed4eade4931a9d154133dfa9bd281,/srv/slam-research/grf/map-denoise/runs/multiscan-pilot-v1/real-transfer-v5-zrtui_f5/outputs/cy_wall__zero__measure_unbalanced.npz,0c3f148d9118686b3c8537ab810acf237645f6df9e42486ce3348a83d603bc5e,"[0.9940239497018016, 0.10889087510012907, -0.007691861878538969]",0.9973058122091624,4.206773371487693,0.9973058122091624,3.8791275405343545e-13,0.0,0.0,0.0,"[0.0, 0.0]",evaluation-only injection-space diagnostic; not a candidate or real geometry bound,known injection constant-axis diagnostic; not a bound on pooling or GICP,1.0000000000000002
cy_wall__zero,cy_wall,zero,official_gicp,courtyard,1600,2,2.0,/srv/slam-research/grf/map-denoise/runs/multiscan-pilot-v1/real-components-v4-h3dnauhf/inputs/cy_wall__zero.npz,not_measured,12.953994053173112,2.0188041728169077,12.795717707165212,12.953994053173112,2.0188041728169077,12.795717707165212,0.0,0.0,0.0,12.953994053173112,2.0188041728169077,12.795717707165212,0.0,0.0,0.0,1.7077063379407884e-13,24.260407387379434,1.0,False,"[0.9993191592894859, 0.03665235614710074, 0.004221689924811833]",False,1.0,diagnostic PCA of current input; not substituted into estimators,7.486218736253859,1.0,True,"successfully linked registration component, not point-level inliers; applicability does not certify accuracy",07c797019de4936bb90666073496319a68e55d0853fdc2c25f27ac7b16d5afcd,,APPLY,,,,True,0.019686212996020913,original row and source ID,bef9a191859a4272909024c0b83593306dbed4eade4931a9d154133dfa9bd281,/srv/slam-research/grf/map-denoise/runs/multiscan-pilot-v1/real-transfer-v5-zrtui_f5/outputs/cy_wall__zero__official_gicp.npz,4f6790ac4223540df63fa48a4f9e0f92a51180b1dc9e0c03fb591e17a3a3be03,,,,,,,,,,,,
cy_wall__normal_translation,cy_wall,normal_translation,identity,courtyard,1600,2,2.0,/srv/slam-research/grf/map-denoise/runs/multiscan-pilot-v1/real-components-v4-h3dnauhf/inputs/cy_wall__normal_translation.npz,not_measured,3.5000000000001408,3.5000000000001408,4.5146477010507003e-13,0.0,0.0,0.0,3.5000000000001408,3.5000000000001408,4.5146477010507003e-13,0.0,0.0,0.0,3.5000000000001408,3.5000000000001408,4.5146477010507003e-13,2.0129079711680086e-14,0.0,0.0,True,"[0.9992934594167352, 0.03732969681218388, 0.004367574022751705]",False,0.9999997596334849,diagnostic PCA of current input; not substituted into estimators,0.0,,False,fraction only; point mask unavailable; applicability does not certify accuracy,,,IDENTITY,,,,True,1.0421994375064969e-05,original row and source ID,bef9a191859a4272909024c0b83593306dbed4eade4931a9d154133dfa9bd281,/srv/slam-research/grf/map-denoise/runs/multiscan-pilot-v1/real-transfer-v5-zrtui_f5/outputs/cy_wall__normal_translation__identity.npz,44180de46bb8126919f9520cd650aae12a989c79a15f049f8845799932c30528,,,,,,,,,,,,
cy_wall__normal_translation,cy_wall,normal_translation,pool_independent,courtyard,1600,2,2.0,/srv/slam-research/grf/map-denoise/runs/multiscan-pilot-v1/real-components-v4-h3dnauhf/inputs/cy_wall__normal_translation.npz,not_measured,3.3423641451683004,3.3372397466208876,0.18501068207100585,1.5446006798379888,1.5404408490243409,0.113283938901971,2.9639753385185466,2.960826844203216,0.13658040119929551,2.5225784702960787,2.5157848052488236,0.1850106820711786,3.5000000000001408,3.5000000000001408,4.5146477010507003e-13,0.0810458949808024,6.148419761711309,0.284375,False,"[0.9992934594167352, 0.03732969681218388, 0.004367574022751705]",True,0.9999997596334849,diagnostic PCA of current input; not substituted into estimators,2.284829768755951,0.284375,False,fraction only; point mask unavailable; applicability does not certify accuracy,,,APPLY,,"[3.981816316227889, -3.9818163162278895]",,True,0.15839817799860612,original row and source ID,bef9a191859a4272909024c0b83593306dbed4eade4931a9d154133dfa9bd281,/srv/slam-research/grf/map-denoise/runs/multiscan-pilot-v1/real-transfer-v5-zrtui_f5/outputs/cy_wall__normal_translation__pool_independent.npz,bb2d745a146fc544f4e1b58d8189b7158291dbabc4d930bc9b334c868b97e729,"[0.9939679387219508, 0.10966713428767225, -0.000925445820076823]",0.9973554589548763,4.167816040605961,0.9973068568025721,1.6872327904617546e-13,3.490573998809171,3.490573998809171,0.25669662802292126,"[3.490573998809171, -3.490573998809171]",evaluation-only injection-space diagnostic; not a candidate or real geometry bound,known injection constant-axis diagnostic; not a bound on pooling or GICP,1.0
cy_wall__normal_translation,cy_wall,normal_translation,pool_compatible,courtyard,1600,2,2.0,/srv/slam-research/grf/map-denoise/runs/multiscan-pilot-v1/real-components-v4-h3dnauhf/inputs/cy_wall__normal_translation.npz,not_measured,3.343622645700409,3.3384981853028077,0.18504665241625623,1.5473144238597945,1.5431472845448948,0.11348297002760294,2.963975305013299,2.9608268298935867,0.13657998429848103,2.5230689177528633,2.5162739318603764,0.18504665241642884,3.5000000000001408,3.5000000000001408,4.5146477010507003e-13,0.08023527276762021,6.186724894413196,0.284375,False,"[0.9992934594167352, 0.03732969681218388, 0.004367574022751705]",True,0.9999997596334849,diagnostic PCA of current input; not substituted into estimators,2.28579650926619,0.284375,True,candidate-reported accepted original input rows; applicability does not certify accuracy,e03dfd851d5e92f79e4975f16b3616a3df513031b8081345725679ecc53aaeae,32ee92394c4b32488012d7f6feac16428baa0eda9a9372dbb1406a9273e4fcac,APPLY,,"[3.981816316227889, -3.9818163162278895]",,True,0.17904827899474185,original row and source ID,bef9a191859a4272909024c0b83593306dbed4eade4931a9d154133dfa9bd281,/srv/slam-research/grf/map-denoise/runs/multiscan-pilot-v1/real-transfer-v5-zrtui_f5/outputs/cy_wall__normal_translation__pool_compatible.npz,62ba3266b51f72744915f0fdc6506be0b9cc05b8704f31df9e8965c5e58a92e6,"[0.9939679387219508, 0.10966713428767225, -0.000925445820076823]",0.9973554589548763,4.167816040605961,0.9973068568025721,1.7319343808312437e-13,3.490573998809171,3.490573998809171,0.25669662802292126,"[3.490573998809171, -3.490573998809171]",evaluation-only injection-space diagnostic; not a candidate or real geometry bound,known injection constant-axis diagnostic; not a bound on pooling or GICP,1.0
cy_wall__normal_translation,cy_wall,normal_translation,shared_group_slope,courtyard,1600,2,2.0,/srv/slam-research/grf/map-denoise/runs/multiscan-pilot-v1/real-components-v4-h3dnauhf/inputs/cy_wall__normal_translation.npz,not_measured,3.589037951226465,3.5824316897297193,0.21766167270361084,2.0312324685953733,2.025762068690181,0.14897443583424547,2.9640280517924813,2.9608887457604602,0.13638228272682565,2.9677672836204425,2.9597746613490115,0.21766167270377149,3.5000000000001408,3.5000000000001408,4.5146477010507003e-13,0.054740399230851285,7.039305044714817,0.284375,False,"[0.9992934594167352, 0.03732969681218388, 0.004367574022751705]",True,0.9999997596334849,diagnostic PCA of current input; not substituted into estimators,2.7263333463147417,0.284375,True,candidate-reported accepted original input rows; applicability does not certify accuracy,e03dfd851d5e92f79e4975f16b3616a3df513031b8081345725679ecc53aaeae,32ee92394c4b32488012d7f6feac16428baa0eda9a9372dbb1406a9273e4fcac,APPLY,,"[3.981816316227889, -3.9818163162278895]",,True,0.17893447801179718,original row and source ID,bef9a191859a4272909024c0b83593306dbed4eade4931a9d154133dfa9bd281,/srv/slam-research/grf/map-denoise/runs/multiscan-pilot-v1/real-transfer-v5-zrtui_f5/outputs/cy_wall__normal_translation__shared_group_slope.npz,3b2437b0b4d02029e02566d905c36798ef0d2922ea3729463a75e9f4b68e9431,"[0.9939679387219508, 0.10966713428767225, -0.000925445820076823]",0.9973554589548763,4.167816040605961,0.9973068568025721,1.6806926365810273e-13,3.490573998809171,3.490573998809171,0.25669662802292126,"[3.490573998809171, -3.490573998809171]",evaluation-only injection-space diagnostic; not a candidate or real geometry bound,known injection constant-axis diagnostic; not a bound on pooling or GICP,1.0
cy_wall__normal_translation,cy_wall,normal_translation,node_intercepts,courtyard,1600,2,2.0,/srv/slam-research/grf/map-denoise/runs/multiscan-pilot-v1/real-components-v4-h3dnauhf/inputs/cy_wall__normal_translation.npz,not_measured,3.3438574950090505,3.338733733605836,0.18504054423460548,1.5478329074082586,1.5436643717429164,0.11352099659292621,2.9639753345397906,2.960826805875619,0.13658114572898858,2.522985634088515,2.5161908724908617,0.185040544234778,3.5000000000001408,3.5000000000001408,4.5146477010507003e-13,0.08104589498056092,6.186724894417416,0.284375,False,"[0.9992934594167352, 0.03732969681218388, 0.004367574022751705]",True,0.9999997596334849,diagnostic PCA of current input; not substituted into estimators,2.2858088526331324,0.284375,True,candidate-reported accepted original input rows; applicability does not certify accuracy,e03dfd851d5e92f79e4975f16b3616a3df513031b8081345725679ecc53aaeae,32ee92394c4b32488012d7f6feac16428baa0eda9a9372dbb1406a9273e4fcac,APPLY,,"[3.981816316227889, -3.9818163162278895]",,True,0.1808576459879987,original row and source ID,bef9a191859a4272909024c0b83593306dbed4eade4931a9d154133dfa9bd281,/srv/slam-research/grf/map-denoise/runs/multiscan-pilot-v1/real-transfer-v5-zrtui_f5/outputs/cy_wall__normal_translation__node_intercepts.npz,820d977c6a15771908e83174bb403428dcbe10293d955ad0fbf7b3fc3df93e36,"[0.9939679387219508, 0.10966713428767225, -0.000925445820076823]",0.9973554589548763,4.167816040605961,0.9973068568025721,1.8153435454236767e-13,3.490573998809171,3.490573998809171,0.25669662802292126,"[3.490573998809171, -3.490573998809171]",evaluation-only injection-space diagnostic; not a candidate or real geometry bound,known injection constant-axis diagnostic; not a bound on pooling or GICP,1.0
cy_wall__normal_translation,cy_wall,normal_translation,graph_shared,courtyard,1600,2,2.0,/srv/slam-research/grf/map-denoise/runs/multiscan-pilot-v1/real-components-v4-h3dnauhf/inputs/cy_wall__normal_translation.npz,not_measured,3.3458197154372646,3.3406155487528624,0.1865404075242433,1.5518919424517268,1.5477143963893392,0.11379256678613471,2.963973810967286,2.9608265893630548,0.13655277302449692,2.5440199088122624,2.537171648271708,0.1865404075244166,3.5000000000001408,3.5000000000001408,4.5146477010507003e-13,0.16959049100763726,6.474330972264451,0.284375,False,"[0.9992934594167352, 0.03732969681218388, 0.004367574022751705]",True,0.9999997596334849,diagnostic PCA of current input; not substituted into estimators,2.297960787645816,0.284375,False,fraction only; point mask unavailable; applicability does not certify accuracy,,,APPLY,,"[3.981820244438458, -3.981820244438458]",,True,0.13711847600643523,original row and source ID,bef9a191859a4272909024c0b83593306dbed4eade4931a9d154133dfa9bd281,/srv/slam-research/grf/map-denoise/runs/multiscan-pilot-v1/real-transfer-v5-zrtui_f5/outputs/cy_wall__normal_translation__graph_shared.npz,277904153571f77082b9fa8cb2735c190d1e5cb6f3dc9fc30253fa2845fc1bd2,"[0.9939696863568882, 0.10965142668323827, -0.0009095218082319602]",0.997356688544228,4.166846579671987,0.9973080947531772,1.7662800829099002e-13,3.490578331636288,3.490578331636288,0.2566377032164467,"[3.4905783316362875, -3.4905783316362875]",evaluation-only injection-space diagnostic; not a candidate or real geometry bound,known injection constant-axis diagnostic; not a bound on pooling or GICP,1.0
cy_wall__normal_translation,cy_wall,normal_translation,measure_unbalanced,courtyard,1600,2,2.0,/srv/slam-research/grf/map-denoise/runs/multiscan-pilot-v1/real-components-v4-h3dnauhf/inputs/cy_wall__normal_translation.npz,not_measured,0.2815580863399964,0.09642407038929643,0.26453233192371944,0.7838276718176889,0.7817158928741432,0.05749853854768412,0.7158825836436264,0.6852918224848468,0.20703379337603534,3.606139687908626,3.5964240703894372,0.2645323319240881,3.5000000000001408,3.5000000000001408,4.5146477010507003e-13,3.104784796370161e-14,3.606139687908781,1.0,False,"[0.9992934594167352, 0.03732969681218388, 0.004367574022751705]",True,0.9999997596334849,diagnostic PCA of current input; not substituted into estimators,3.585079855170124e-13,1.0,True,"whole-scan applicability, not point-level confidence; applicability does not certify accuracy",07c797019de4936bb90666073496319a68e55d0853fdc2c25f27ac7b16d5afcd,,APPLY,,"[3.606139687908766, -3.6061396879087666]",0.4677272304996283,True,0.03454798899474554,original row and source ID,bef9a191859a4272909024c0b83593306dbed4eade4931a9d154133dfa9bd281,/srv/slam-research/grf/map-denoise/runs/multiscan-pilot-v1/real-transfer-v5-zrtui_f5/outputs/cy_wall__normal_translation__measure_unbalanced.npz,942c9188fb79ef2b021be84c055e3975d318145468a4cea4abd00c9d8fda47af,"[0.9940239497018016, 0.10889087510012907, -0.007691861878538953]",0.997352900017574,4.169832895063229,0.9973058122091624,5.382845458134343e-13,3.4905703427322354,3.490570342732236,0.2567463387064217,"[3.490570342732236, -3.4905703427322354]",evaluation-only injection-space diagnostic; not a candidate or real geometry bound,known injection constant-axis diagnostic; not a bound on pooling or GICP,1.0000000000000002
cy_wall__normal_translation,cy_wall,normal_translation,official_gicp,courtyard,1600,2,2.0,/srv/slam-research/grf/map-denoise/runs/multiscan-pilot-v1/real-components-v4-h3dnauhf/inputs/cy_wall__normal_translation.npz,not_measured,12.953994052246362,2.0188041615178287,12.79571770800968,12.953994053173112,2.0188041728169077,12.795717707165212,1.4781949521742439e-08,1.4716042226292073e-08,1.3943216477306167e-09,13.81688760594072,5.213059701569845,12.795717708009457,3.5000000000001408,3.5000000000001408,4.5146477010507003e-13,1.3878358520103023e-13,25.08512262455732,1.0,False,"[0.9992934594167352, 0.03732969681218388, 0.004367574022751705]",False,0.9999997596334849,diagnostic PCA of current input; not substituted into estimators,7.486218736253584,1.0,True,"successfully linked registration component, not point-level inliers; applicability does not certify accuracy",07c797019de4936bb90666073496319a68e55d0853fdc2c25f27ac7b16d5afcd,,APPLY,,,,True,0.029130057999282144,original row and source ID,bef9a191859a4272909024c0b83593306dbed4eade4931a9d154133dfa9bd281,/srv/slam-research/grf/map-denoise/runs/multiscan-pilot-v1/real-transfer-v5-zrtui_f5/outputs/cy_wall__normal_translation__official_gicp.npz,d3d7d43237689011277227130ce2b53e74e4329a91d0a3f54ff55afabf2aaeea,,,,,,,,,,,,
cy_wall__tangent_translation,cy_wall,tangent_translation,identity,courtyard,1600,2,2.0,/srv/slam-research/grf/map-denoise/runs/multiscan-pilot-v1/real-components-v4-h3dnauhf/inputs/cy_wall__tangent_translation.npz,not_measured,3.499999999999936,4.118984278204303e-15,3.499999999999936,0.0,0.0,0.0,3.499999999999936,4.118984278204303e-15,3.499999999999936,0.0,0.0,0.0,3.499999999999936,4.118984278204303e-15,3.499999999999936,1.6774946434508645e-14,0.0,0.0,True,"[0.9993191596370531, 0.036652390759837554, 0.004221307129565592]",False,0.9999999999999261,diagnostic PCA of current input; not substituted into estimators,0.0,,False,fraction only; point mask unavailable; applicability does not certify accuracy,,,IDENTITY,,,,True,1.016500755213201e-05,original row and source ID,bef9a191859a4272909024c0b83593306dbed4eade4931a9d154133dfa9bd281,/srv/slam-research/grf/map-denoise/runs/multiscan-pilot-v1/real-transfer-v5-zrtui_f5/outputs/cy_wall__tangent_translation__identity.npz,2bea19a7cc97d567623cf24fe28c2a5197f0a8bebf386f266988dce8e4911ab0,,,,,,,,,,,,
cy_wall__tangent_translation,cy_wall,tangent_translation,pool_independent,courtyard,1600,2,2.0,/srv/slam-research/grf/map-denoise/runs/multiscan-pilot-v1/real-components-v4-h3dnauhf/inputs/cy_wall__tangent_translation.npz,not_measured,3.8233625058285026,1.5370062561481919,3.5008159933844745,1.5446006798379888,1.5404408490243409,0.113283938901971,3.501220068995868,0.09801452839952753,3.4998478715169967,1.5411568121329575,1.5370062561481919,0.113031359122762,3.499999999999936,4.118984278204303e-15,3.499999999999936,0.06210237327322621,3.8395848914723127,0.2825,False,"[0.9993191596370531, 0.036652390759837554, 0.004221307129565592]",True,0.9999999999999261,diagnostic PCA of current input; not substituted into estimators,1.5374658689148333,0.2825,False,fraction only; point mask unavailable; applicability does not certify accuracy,,,APPLY,,"[0.5435725678084409, -0.5435725678084409]",,True,0.11655672600318212,original row and source ID,bef9a191859a4272909024c0b83593306dbed4eade4931a9d154133dfa9bd281,/srv/slam-research/grf/map-denoise/runs/multiscan-pilot-v1/real-transfer-v5-zrtui_f5/outputs/cy_wall__tangent_translation__pool_independent.npz,581a001bab2af146398a212f14e380440b5a17d07c0d13c09e5274520c5b9b69,"[0.9939679387219508, 0.10966713428767226, -0.0009254458200768095]",0.9973068612981788,4.205953886533333,0.9973068568025721,1.7951241806590724e-13,0.04076379235209216,0.040763792352092175,3.4997626081253896,"[0.040763792352092175, -0.040763792352092175]",evaluation-only injection-space diagnostic; not a candidate or real geometry bound,known injection constant-axis diagnostic; not a bound on pooling or GICP,1.0
cy_wall__tangent_translation,cy_wall,tangent_translation,pool_compatible,courtyard,1600,2,2.0,/srv/slam-research/grf/map-denoise/runs/multiscan-pilot-v1/real-components-v4-h3dnauhf/inputs/cy_wall__tangent_translation.npz,not_measured,3.8244842037270743,1.539759894858655,3.5008311714138367,1.5473144238597945,1.5431472845448948,0.11348297002760294,3.501219798314746,0.09804888710310526,3.499846638332741,1.5439178868129124,1.5397598948586548,0.1132338615684954,3.499999999999936,4.118984278204303e-15,3.499999999999936,0.061308386270698886,3.8395848914723127,0.2825,False,"[0.9993191596370531, 0.036652390759837554, 0.004221307129565592]",True,0.9999999999999261,diagnostic PCA of current input; not substituted into estimators,1.54030689814541,0.2825,True,candidate-reported accepted original input rows; applicability does not certify accuracy,0e68c45ce9f07928b17be9fc7bf4b6470dc48a6cf54d1dc87dc511df1ee71387,64efdb1add63743984d0129e14670ee98cbc0eb99ca06aef48a522568591fb0e,APPLY,,"[0.5435725678084409, -0.5435725678084409]",,True,0.13723219800158404,original row and source ID,bef9a191859a4272909024c0b83593306dbed4eade4931a9d154133dfa9bd281,/srv/slam-research/grf/map-denoise/runs/multiscan-pilot-v1/real-transfer-v5-zrtui_f5/outputs/cy_wall__tangent_translation__pool_compatible.npz,0b59ece7d1d1f6a0337fb0e2735be947aa7ce74265cde3d3f0300a0badc19fd9,"[0.9939679387219508, 0.10966713428767226, -0.0009254458200768095]",0.9973068612981788,4.205953886533333,0.9973068568025721,1.7549880199572565e-13,0.04076379235209216,0.040763792352092175,3.4997626081253896,"[0.040763792352092175, -0.040763792352092175]",evaluation-only injection-space diagnostic; not a candidate or real geometry bound,known injection constant-axis diagnostic; not a bound on pooling or GICP,1.0
cy_wall__tangent_translation,cy_wall,tangent_translation,shared_group_slope,courtyard,1600,2,2.0,/srv/slam-research/grf/map-denoise/runs/multiscan-pilot-v1/real-components-v4-h3dnauhf/inputs/cy_wall__tangent_translation.npz,not_measured,4.039316969232088,2.01476520256047,3.500971687471605,2.0312324685953733,2.025762068690181,0.14897443583424547,3.5020164922967187,0.12060862391831721,3.4999390097764187,2.0202059063545716,2.0147652025604694,0.14816572687827387,3.499999999999936,4.118984278204303e-15,3.499999999999936,0.07216135820273512,4.744801871163037,0.2825,False,"[0.9993191596370531, 0.036652390759837554, 0.004221307129565592]",True,0.9999999999999261,diagnostic PCA of current input; not substituted into estimators,2.0103461399643843,0.2825,True,candidate-reported accepted original input rows; applicability does not certify accuracy,0e68c45ce9f07928b17be9fc7bf4b6470dc48a6cf54d1dc87dc511df1ee71387,64efdb1add63743984d0129e14670ee98cbc0eb99ca06aef48a522568591fb0e,APPLY,,"[0.5435725678084409, -0.5435725678084409]",,True,0.13639453300856985,original row and source ID,bef9a191859a4272909024c0b83593306dbed4eade4931a9d154133dfa9bd281,/srv/slam-research/grf/map-denoise/runs/multiscan-pilot-v1/real-transfer-v5-zrtui_f5/outputs/cy_wall__tangent_translation__shared_group_slope.npz,1944c5c1182901aed2e4edb0a41cc13b40777f8cad6b60cb338394607f2e5111,"[0.9939679387219508, 0.10966713428767226, -0.0009254458200768095]",0.9973068612981788,4.205953886533333,0.9973068568025721,1.7277225134922235e-13,0.04076379235209216,0.040763792352092175,3.4997626081253896,"[0.040763792352092175, -0.040763792352092175]",evaluation-only injection-space diagnostic; not a candidate or real geometry bound,known injection constant-axis diagnostic; not a bound on pooling or GICP,1.0
cy_wall__tangent_translation,cy_wall,tangent_translation,node_intercepts,courtyard,1600,2,2.0,/srv/slam-research/grf/map-denoise/runs/multiscan-pilot-v1/real-components-v4-h3dnauhf/inputs/cy_wall__tangent_translation.npz,not_measured,3.8246855112760767,1.540249927321893,3.500835531919494,1.5478329074082586,1.5436643717429164,0.11352099659292621,3.501219895076748,0.09806027383494914,3.4998464161126632,1.5444092425675584,1.5402499273218926,0.11326989853002802,3.499999999999936,4.118984278204303e-15,3.499999999999936,0.06210237327308415,3.8395848914723345,0.2825,False,"[0.9993191596370531, 0.036652390759837554, 0.004221307129565592]",True,0.9999999999999261,diagnostic PCA of current input; not substituted into estimators,1.5407828790828488,0.2825,True,candidate-reported accepted original input rows; applicability does not certify accuracy,0e68c45ce9f07928b17be9fc7bf4b6470dc48a6cf54d1dc87dc511df1ee71387,64efdb1add63743984d0129e14670ee98cbc0eb99ca06aef48a522568591fb0e,APPLY,,"[0.5435725678084409, -0.5435725678084409]",,True,0.13687725699855946,original row and source ID,bef9a191859a4272909024c0b83593306dbed4eade4931a9d154133dfa9bd281,/srv/slam-research/grf/map-denoise/runs/multiscan-pilot-v1/real-transfer-v5-zrtui_f5/outputs/cy_wall__tangent_translation__node_intercepts.npz,cacc100890cbb329efe6b38b939b6c3a91a7b0ef5fbb0ef03a34164817e85bee,"[0.9939679387219508, 0.10966713428767226, -0.0009254458200768095]",0.9973068612981788,4.205953886533333,0.9973068568025721,1.7786011821133364e-13,0.04076379235209216,0.040763792352092175,3.4997626081253896,"[0.040763792352092175, -0.040763792352092175]",evaluation-only injection-space diagnostic; not a candidate or real geometry bound,known injection constant-axis diagnostic; not a bound on pooling or GICP,1.0
cy_wall__tangent_translation,cy_wall,tangent_translation,graph_shared,courtyard,1600,2,2.0,/srv/slam-research/grf/map-denoise/runs/multiscan-pilot-v1/real-components-v4-h3dnauhf/inputs/cy_wall__tangent_translation.npz,not_measured,3.8268956666031055,1.5460641120092138,3.5006879616188,1.5518919424517268,1.5477143963893392,0.11379256678613471,3.501549578145374,0.10934792162828942,3.499841779315976,1.5502372036715972,1.5460641120092138,0.11367123296901235,3.499999999999936,4.118984278204303e-15,3.499999999999936,0.15000652432032063,3.8084654448937503,0.2825,False,"[0.9993191596370531, 0.036652390759837554, 0.004221307129565592]",True,0.9999999999999261,diagnostic PCA of current input; not substituted into estimators,1.5397470634978863,0.2825,False,fraction only; point mask unavailable; applicability does not certify accuracy,,,APPLY,,"[0.5435690073406204, -0.5435690073406205]",,True,0.10861940099857748,original row and source ID,bef9a191859a4272909024c0b83593306dbed4eade4931a9d154133dfa9bd281,/srv/slam-research/grf/map-denoise/runs/multiscan-pilot-v1/real-transfer-v5-zrtui_f5/outputs/cy_wall__tangent_translation__graph_shared.npz,dc2f76ba3f6dc1c57a537db6cb17a34f6fe99c9bfcab775c9332276c113f9e9c,"[0.9939696863568882, 0.1096514266832383, -0.0009095218082319491]",0.9973080992421449,4.204986674455105,0.9973080947531772,1.701621552596509e-13,0.040703373847315184,0.04070337384731517,3.499763311333639,"[0.04070337384731518, -0.04070337384731518]",evaluation-only injection-space diagnostic; not a candidate or real geometry bound,known injection constant-axis diagnostic; not a bound on pooling or GICP,1.0
cy_wall__tangent_translation,cy_wall,tangent_translation,measure_unbalanced,courtyard,1600,2,2.0,/srv/slam-research/grf/map-denoise/runs/multiscan-pilot-v1/real-components-v4-h3dnauhf/inputs/cy_wall__tangent_translation.npz,not_measured,3.580792710015874,0.8209604696686813,3.4854125063389847,0.7838276718176889,0.7817158928741432,0.05749853854768412,3.499500396691796,0.039244576794537966,3.4992803388180054,0.8231782665039937,0.8209604696686774,0.06038514457964356,3.499999999999936,4.118984278204303e-15,3.499999999999936,9.237072661899738e-15,0.8231782665041537,1.0,False,"[0.9993191596370531, 0.036652390759837554, 0.004221307129565592]",True,0.9999999999999261,diagnostic PCA of current input; not substituted into estimators,3.4399503127960433e-13,1.0,True,"whole-scan applicability, not point-level confidence; applicability does not certify accuracy",07c797019de4936bb90666073496319a68e55d0853fdc2c25f27ac7b16d5afcd,,APPLY,,"[0.8231782665040746, -0.8231782665040746]",0.4770733465093968,True,0.033581964002223685,original row and source ID,bef9a191859a4272909024c0b83593306dbed4eade4931a9d154133dfa9bd281,/srv/slam-research/grf/map-denoise/runs/multiscan-pilot-v1/real-transfer-v5-zrtui_f5/outputs/cy_wall__tangent_translation__measure_unbalanced.npz,891095450e6dba8d7625cb78fad07cec3ade07f5dad74d0ede8cd8b59f151835,"[0.9940239497018016, 0.10889087510012906, -0.0076918618785389555]",0.9973058192680718,4.206767858026615,0.9973058122091624,4.112881711944469e-13,0.06410885140904425,0.06410885140904425,3.49941281576932,"[0.06410885140904424, -0.06410885140904425]",evaluation-only injection-space diagnostic; not a candidate or real geometry bound,known injection constant-axis diagnostic; not a bound on pooling or GICP,1.0000000000000002
cy_wall__tangent_translation,cy_wall,tangent_translation,official_gicp,courtyard,1600,2,2.0,/srv/slam-research/grf/map-denoise/runs/multiscan-pilot-v1/real-components-v4-h3dnauhf/inputs/cy_wall__tangent_translation.npz,not_measured,12.953994074987392,2.018804207370837,12.795717723797686,12.953994053173112,2.0188041728169077,12.795717707165212,6.29701609143663e-08,4.5003156745399634e-08,4.4044943506947254e-08,11.438310002358211,2.018804207370835,11.258746168306208,3.499999999999936,4.118984278204303e-15,3.499999999999936,1.6782975465627483e-13,23.131463771722125,1.0,False,"[0.9993191596370531, 0.036652390759837554, 0.004221307129565592]",False,0.9999999999999261,diagnostic PCA of current input; not substituted into estimators,7.486218736253204,1.0,True,"successfully linked registration component, not point-level inliers; applicability does not certify accuracy",07c797019de4936bb90666073496319a68e55d0853fdc2c25f27ac7b16d5afcd,,APPLY,,,,True,0.029084120993502438,original row and source ID,bef9a191859a4272909024c0b83593306dbed4eade4931a9d154133dfa9bd281,/srv/slam-research/grf/map-denoise/runs/multiscan-pilot-v1/real-transfer-v5-zrtui_f5/outputs/cy_wall__tangent_translation__official_gicp.npz,1cd67f5d446eb5062d1b7a9718bd5d65a0a8cc567c88cfb68688a345f062b6cf,,,,,,,,,,,,
cy_wall__small_rotation,cy_wall,small_rotation,identity,courtyard,1600,2,2.0,/srv/slam-research/grf/map-denoise/runs/multiscan-pilot-v1/real-components-v4-h3dnauhf/inputs/cy_wall__small_rotation.npz,not_measured,3.4999999999999964,3.498829248968029,0.09052008929399258,0.0,0.0,0.0,3.4999999999999964,3.498829248968029,0.09052008929399258,0.0,0.0,0.0,3.4999999999999964,3.498829248968029,0.09052008929399258,1.1909252534459794e-14,0.0,0.0,True,"[0.9993290105156253, 0.036387404335668075, 0.004181572380551195]",False,0.9999999640470368,diagnostic PCA of current input; not substituted into estimators,0.0,,False,fraction only; point mask unavailable; applicability does not certify accuracy,,,IDENTITY,,,,True,1.1433003237470984e-05,original row and source ID,bef9a191859a4272909024c0b83593306dbed4eade4931a9d154133dfa9bd281,/srv/slam-research/grf/map-denoise/runs/multiscan-pilot-v1/real-transfer-v5-zrtui_f5/outputs/cy_wall__small_rotation__identity.npz,619ed4906f7bcd8eb9840c2691e9b2309b146de9a33e50b3262b0272c8f71a1d,,,,,,,,,,,,
cy_wall__small_rotation,cy_wall,small_rotation,pool_independent,courtyard,1600,2,2.0,/srv/slam-research/grf/map-denoise/runs/multiscan-pilot-v1/real-components-v4-h3dnauhf/inputs/cy_wall__small_rotation.npz,not_measured,3.509583595740719,3.5053022565089007,0.17330062321285422,1.5446006798379888,1.5404408490243409,0.113283938901971,3.351481682083014,3.34789563695509,0.1549976431919557,1.9792400581837457,1.9739244847870279,0.14495977468754423,3.4999999999999964,3.498829248968029,0.09052008929399258,0.09971178209765967,5.33502239806228,0.279375,False,"[0.9993290105156253, 0.036387404335668075, 0.004181572380551195]",True,0.9999999640470368,diagnostic PCA of current input; not substituted into estimators,1.8752494330568588,0.279375,False,fraction only; point mask unavailable; applicability does not certify accuracy,,,APPLY,,"[-0.9647434013497497, 0.9647434013497496]",,True,0.1765368789929198,original row and source ID,bef9a191859a4272909024c0b83593306dbed4eade4931a9d154133dfa9bd281,/srv/slam-research/grf/map-denoise/runs/multiscan-pilot-v1/real-transfer-v5-zrtui_f5/outputs/cy_wall__small_rotation__pool_independent.npz,aebab0c170ca0db74ab5ba4eb2e55fbb015e3eecd1f2f7fd709aa4b33ccd582e,"[0.9939799106573826, 0.10955757778086934, -0.0010365135458244167]",0.9972951422139853,4.215099092720911,0.9973143361894187,1.7320136641569272e-13,3.4894354197756905,2.220446049250313e-15,3.4999999999999964,"[-2.2204460492503135e-15, 2.2204460492503135e-15]",evaluation-only injection-space diagnostic; not a candidate or real geometry bound,known injection constant-axis diagnostic; not a bound on pooling or GICP,0.9999999877590025
cy_wall__small_rotation,cy_wall,small_rotation,pool_compatible,courtyard,1600,2,2.0,/srv/slam-research/grf/map-denoise/runs/multiscan-pilot-v1/real-components-v4-h3dnauhf/inputs/cy_wall__small_rotation.npz,not_measured,3.516720222634395,3.5124338980509084,0.17357775234346598,1.5473144238597945,1.5431472845448948,0.11348297002760294,3.359422425811392,3.3558247542797575,0.1554324728224611,1.982432631178798,1.977108483604325,0.1451935991092566,3.4999999999999964,3.498829248968029,0.09052008929399258,0.09717346000973866,5.33502239806228,0.279375,False,"[0.9993290105156253, 0.036387404335668075, 0.004181572380551195]",True,0.9999999640470368,diagnostic PCA of current input; not substituted into estimators,1.8779051383385006,0.279375,True,candidate-reported accepted original input rows; applicability does not certify accuracy,b317a62172da2738bc4761042d4992c5ae347639864d67b8566abfb3edf24a68,2060cb493842fc96587b0c051ac630fb634f4a11a1ff1f16b6c37c79b877de93,APPLY,,"[-0.9647434013497497, 0.9647434013497496]",,True,0.19650979799916968,original row and source ID,bef9a191859a4272909024c0b83593306dbed4eade4931a9d154133dfa9bd281,/srv/slam-research/grf/map-denoise/runs/multiscan-pilot-v1/real-transfer-v5-zrtui_f5/outputs/cy_wall__small_rotation__pool_compatible.npz,b52e68973e31a5f55576aae78efbc0f09a5869dea523b279faf6ce4a9d12b5c8,"[0.9939799106573826, 0.10955757778086934, -0.0010365135458244167]",0.9972951422139853,4.215099092720911,0.9973143361894187,1.7147661187560595e-13,3.4894354197756905,2.220446049250313e-15,3.4999999999999964,"[-2.2204460492503135e-15, 2.2204460492503135e-15]",evaluation-only injection-space diagnostic; not a candidate or real geometry bound,known injection constant-axis diagnostic; not a bound on pooling or GICP,0.9999999877590025
cy_wall__small_rotation,cy_wall,small_rotation,shared_group_slope,courtyard,1600,2,2.0,/srv/slam-research/grf/map-denoise/runs/multiscan-pilot-v1/real-components-v4-h3dnauhf/inputs/cy_wall__small_rotation.npz,not_measured,4.577445236331185,4.5697471643392795,0.2653596533464783,2.0312324685953733,2.025762068690181,0.14897443583424547,4.4154228870226,4.40856996124143,0.24590682805227068,3.400925228254877,3.3917914864468592,0.24908416378223158,3.4999999999999964,3.498829248968029,0.09052008929399258,0.014690893741129507,6.916351156733123,0.279375,False,"[0.9993290105156253, 0.036387404335668075, 0.004181572380551195]",True,0.9999999640470368,diagnostic PCA of current input; not substituted into estimators,3.3558516863991703,0.279375,True,candidate-reported accepted original input rows; applicability does not certify accuracy,b317a62172da2738bc4761042d4992c5ae347639864d67b8566abfb3edf24a68,2060cb493842fc96587b0c051ac630fb634f4a11a1ff1f16b6c37c79b877de93,APPLY,,"[-0.9647434013497497, 0.9647434013497496]",,True,0.19666275699273683,original row and source ID,bef9a191859a4272909024c0b83593306dbed4eade4931a9d154133dfa9bd281,/srv/slam-research/grf/map-denoise/runs/multiscan-pilot-v1/real-transfer-v5-zrtui_f5/outputs/cy_wall__small_rotation__shared_group_slope.npz,64db26bd2d1d35cad702affe31e1ee31cfb2887a5f06d1fb3890fa553a2c70ba,"[0.9939799106573826, 0.10955757778086934, -0.0010365135458244167]",0.9972951422139853,4.215099092720911,0.9973143361894187,1.7419057239570516e-13,3.4894354197756905,2.220446049250313e-15,3.4999999999999964,"[-2.2204460492503135e-15, 2.2204460492503135e-15]",evaluation-only injection-space diagnostic; not a candidate or real geometry bound,known injection constant-axis diagnostic; not a bound on pooling or GICP,0.9999999877590025
cy_wall__small_rotation,cy_wall,small_rotation,node_intercepts,courtyard,1600,2,2.0,/srv/slam-research/grf/map-denoise/runs/multiscan-pilot-v1/real-components-v4-h3dnauhf/inputs/cy_wall__small_rotation.npz,not_measured,3.511203190348594,3.506914500016036,0.17348928927003174,1.5478329074082586,1.5436643717429164,0.11352099659292621,3.352356992722776,3.3487618855423946,0.15521353225746573,1.98169449844388,1.9763723332457805,0.14513953818091818,3.4999999999999964,3.498829248968029,0.09052008929399258,0.09971178209751333,5.335022398062771,0.279375,False,"[0.9993290105156253, 0.036387404335668075, 0.004181572380551195]",True,0.9999999640470368,diagnostic PCA of current input; not substituted into estimators,1.877839799722968,0.279375,True,candidate-reported accepted original input rows; applicability does not certify accuracy,b317a62172da2738bc4761042d4992c5ae347639864d67b8566abfb3edf24a68,2060cb493842fc96587b0c051ac630fb634f4a11a1ff1f16b6c37c79b877de93,APPLY,,"[-0.9647434013497497, 0.9647434013497496]",,True,0.19778698099253234,original row and source ID,bef9a191859a4272909024c0b83593306dbed4eade4931a9d154133dfa9bd281,/srv/slam-research/grf/map-denoise/runs/multiscan-pilot-v1/real-transfer-v5-zrtui_f5/outputs/cy_wall__small_rotation__node_intercepts.npz,4617d91865c32b63a1f7e5bbc5c78de7469ffe3205e90d86efb4f6402d54e577,"[0.9939799106573826, 0.10955757778086934, -0.0010365135458244167]",0.9972951422139853,4.215099092720911,0.9973143361894187,1.7315106337668032e-13,3.4894354197756905,2.220446049250313e-15,3.4999999999999964,"[-2.2204460492503135e-15, 2.2204460492503135e-15]",evaluation-only injection-space diagnostic; not a candidate or real geometry bound,known injection constant-axis diagnostic; not a bound on pooling or GICP,0.9999999877590025
cy_wall__small_rotation,cy_wall,small_rotation,graph_shared,courtyard,1600,2,2.0,/srv/slam-research/grf/map-denoise/runs/multiscan-pilot-v1/real-components-v4-h3dnauhf/inputs/cy_wall__small_rotation.npz,not_measured,3.517596706376133,3.5132312499125224,0.17519353112005684,1.5518919424517268,1.5477143963893392,0.11379256678613471,3.3475290492712135,3.3439320568107105,0.15514230612029103,2.0080331783288803,2.002639967754721,0.14707278749297809,3.4999999999999964,3.498829248968029,0.09052008929399258,0.21048700721165586,5.4533388742444595,0.279375,False,"[0.9993290105156253, 0.036387404335668075, 0.004181572380551195]",True,0.9999999640470368,diagnostic PCA of current input; not substituted into estimators,1.9027675862938984,0.279375,False,fraction only; point mask unavailable; applicability does not certify accuracy,,,APPLY,,"[-0.9647371284105133, 0.9647371284105133]",,True,0.15604938598698936,original row and source ID,bef9a191859a4272909024c0b83593306dbed4eade4931a9d154133dfa9bd281,/srv/slam-research/grf/map-denoise/runs/multiscan-pilot-v1/real-transfer-v5-zrtui_f5/outputs/cy_wall__small_rotation__graph_shared.npz,de8f6ba9b73fe3cedfc94ade69522f163c4a2d2684f37eceb1b3c60ab21ccb3c,"[0.993979611822053, 0.10956038301098787, -0.0010265264568237924]",0.9972949874159491,4.215219759725819,0.9973141825382348,1.7588959817396436e-13,3.489434883411263,2.081668171172169e-15,3.4999999999999964,"[-2.081668171172169e-15, 2.081668171172169e-15]",evaluation-only injection-space diagnostic; not a candidate or real geometry bound,known injection constant-axis diagnostic; not a bound on pooling or GICP,0.9999999889612236
cy_wall__small_rotation,cy_wall,small_rotation,measure_unbalanced,courtyard,1600,2,2.0,/srv/slam-research/grf/map-denoise/runs/multiscan-pilot-v1/real-components-v4-h3dnauhf/inputs/cy_wall__small_rotation.npz,not_measured,3.6065801517680223,3.6048403166783913,0.11201197425762224,0.7838276718176889,0.7817158928741432,0.05749853854768412,3.5010686608486377,3.499887951049925,0.0909180844058733,0.8702990239722576,0.867794673477412,0.06597572137761176,3.4999999999999964,3.498829248968029,0.09052008929399258,1.896290019018072e-14,0.8702990239722577,1.0,False,"[0.9993290105156253, 0.036387404335668075, 0.004181572380551195]",True,0.9999999640470368,diagnostic PCA of current input; not substituted into estimators,2.260413970007403e-13,1.0,True,"whole-scan applicability, not point-level confidence; applicability does not certify accuracy",07c797019de4936bb90666073496319a68e55d0853fdc2c25f27ac7b16d5afcd,,APPLY,,"[0.8702990239724073, -0.8702990239724073]",0.39248379319976134,True,0.03407065200735815,original row and source ID,bef9a191859a4272909024c0b83593306dbed4eade4931a9d154133dfa9bd281,/srv/slam-research/grf/map-denoise/runs/multiscan-pilot-v1/real-transfer-v5-zrtui_f5/outputs/cy_wall__small_rotation__measure_unbalanced.npz,edd1d04cf25f496abc32d07730c6b377b6c69b29c8ac9c3676a99598e4f78384,"[0.9937611577189128, 0.11118090462195288, -0.008807261584078194]",0.9971031107611994,4.3622291257112025,0.9971224252516762,5.227007732360432e-13,3.488763283543767,2.0816681711721693e-15,3.4999999999999964,"[-2.081668171172169e-15, 2.081668171172169e-15]",evaluation-only injection-space diagnostic; not a candidate or real geometry bound,known injection constant-axis diagnostic; not a bound on pooling or GICP,0.99999672129433
cy_wall__small_rotation,cy_wall,small_rotation,official_gicp,courtyard,1600,2,2.0,/srv/slam-research/grf/map-denoise/runs/multiscan-pilot-v1/real-components-v4-h3dnauhf/inputs/cy_wall__small_rotation.npz,not_measured,13.670267151709993,4.825381259405717,12.790304910380257,12.953994053173112,2.0188041728169077,12.795717707165212,3.5224110938269133,3.5212431445181362,0.0907007778298411,14.267217147312905,6.333877920608422,12.784188500464492,3.4999999999999964,3.498829248968029,0.09052008929399258,9.433540463767782e-14,27.860547323764724,1.0,False,"[0.9993290105156253, 0.036387404335668075, 0.004181572380551195]",False,0.9999999640470368,diagnostic PCA of current input; not substituted into estimators,9.501970410726374,1.0,True,"successfully linked registration component, not point-level inliers; applicability does not certify accuracy",07c797019de4936bb90666073496319a68e55d0853fdc2c25f27ac7b16d5afcd,,APPLY,,,,True,0.019712998997420073,original row and source ID,bef9a191859a4272909024c0b83593306dbed4eade4931a9d154133dfa9bd281,/srv/slam-research/grf/map-denoise/runs/multiscan-pilot-v1/real-transfer-v5-zrtui_f5/outputs/cy_wall__small_rotation__official_gicp.npz,34e14ada0614fc976dcbbc7232d5c01dff266889873f4c6e1c8003939afcad2d,,,,,,,,,,,,
da_junction__zero,da_junction,zero,identity,delivery_area,1591,2,2.0,/srv/slam-research/grf/map-denoise/runs/multiscan-pilot-v1/real-components-v4-h3dnauhf/inputs/da_junction__zero.npz,not_measured,0.0,0.0,0.0,0.0,0.0,0.0,0.0,0.0,0.0,0.0,0.0,0.0,0.0,0.0,0.0,0.0,0.0,0.0,True,"[-0.9999144376684549, 0.012933741622982463, 0.0019584866115525054]",False,1.0,diagnostic PCA of current input; not substituted into estimators,0.0,,False,fraction only; point mask unavailable; applicability does not certify accuracy,,,IDENTITY,,,,True,1.0126997949555516e-05,original row and source ID,1f7c59985db95fbb2340c1fc97d54ed5aa36fe9d31b90e30b3dde4e8c42db6d8,/srv/slam-research/grf/map-denoise/runs/multiscan-pilot-v1/real-transfer-v5-zrtui_f5/outputs/da_junction__zero__identity.npz,3b249d206dd8e256d0635cfa5052954f59018c35037721d0a1a046554c013cfd,,,,,,,,,,,,
da_junction__zero,da_junction,zero,pool_independent,delivery_area,1591,2,2.0,/srv/slam-research/grf/map-denoise/runs/multiscan-pilot-v1/real-components-v4-h3dnauhf/inputs/da_junction__zero.npz,not_measured,0.3097271140281464,0.00045229780499655503,0.3097267837803182,0.3097271140281464,0.00045229780499655503,0.3097267837803182,0.0,0.0,0.0,0.3097271140281464,0.00045229780499655503,0.3097267837803182,0.0,0.0,0.0,1.8427194549893795e-12,0.6089720395312661,1.0,False,"[-0.9999144376684549, 0.012933741622982463, 0.0019584866115525054]",True,1.0,diagnostic PCA of current input; not substituted into estimators,0.2868176065278074,1.0,False,fraction only; point mask unavailable; applicability does not certify accuracy,,,APPLY,,"[0.1162471185468418, -0.11756977855559221]",,True,0.11975160300789867,original row and source ID,1f7c59985db95fbb2340c1fc97d54ed5aa36fe9d31b90e30b3dde4e8c42db6d8,/srv/slam-research/grf/map-denoise/runs/multiscan-pilot-v1/real-transfer-v5-zrtui_f5/outputs/da_junction__zero__pool_independent.npz,e6f70ff2d5a4fec690e925073616acc7410535cd06ee3e14965246589aa5a7ee,"[0.0004919821886038195, -0.0004821031595213781, 0.9999997627650067]",0.0014603106557693902,89.91633033290871,0.0014603106557693902,3.9172928404386434e-14,0.0,0.0,0.0,"[0.0, 0.0]",evaluation-only injection-space diagnostic; not a candidate or real geometry bound,known injection constant-axis diagnostic; not a bound on pooling or GICP,1.0
da_junction__zero,da_junction,zero,pool_compatible,delivery_area,1591,2,2.0,/srv/slam-research/grf/map-denoise/runs/multiscan-pilot-v1/real-components-v4-h3dnauhf/inputs/da_junction__zero.npz,not_measured,0.46087789410445,0.00067302489976878,0.46087740269147176,0.46087789410445,0.00067302489976878,0.46087740269147176,0.0,0.0,0.0,0.46087789410445,0.00067302489976878,0.46087740269147176,0.0,0.0,0.0,7.36191090267037e-12,0.8964882309962832,1.0,False,"[-0.9999144376684549, 0.012933741622982463, 0.0019584866115525054]",True,1.0,diagnostic PCA of current input; not substituted into estimators,0.4301183332855696,1.0,True,candidate-reported accepted original input rows; applicability does not certify accuracy,113725e057bb440c4939099871fc1063e6c98527aaf7e197dc839ee84318cf4d,b42b2ec3935135715fbb3b2798ae4a924a698abe505d69f010a2e496ef4af5df,APPLY,,"[0.1162471185468418, -0.11756977855559221]",,True,0.19093200699717272,original row and source ID,1f7c59985db95fbb2340c1fc97d54ed5aa36fe9d31b90e30b3dde4e8c42db6d8,/srv/slam-research/grf/map-denoise/runs/multiscan-pilot-v1/real-transfer-v5-zrtui_f5/outputs/da_junction__zero__pool_compatible.npz,e2a26ee784f18552a43353927581768ed9d78401aeb65b0bbe1e4d2f890def2e,"[0.0004919821886038195, -0.0004821031595213781, 0.9999997627650067]",0.0014603106557693902,89.91633033290871,0.0014603106557693902,3.824758782160778e-14,0.0,0.0,0.0,"[0.0, 0.0]",evaluation-only injection-space diagnostic; not a candidate or real geometry bound,known injection constant-axis diagnostic; not a bound on pooling or GICP,1.0
da_junction__zero,da_junction,zero,shared_group_slope,delivery_area,1591,2,2.0,/srv/slam-research/grf/map-denoise/runs/multiscan-pilot-v1/real-components-v4-h3dnauhf/inputs/da_junction__zero.npz,not_measured,0.46148975318435004,0.0006739184041029696,0.4614892611189744,0.46148975318435004,0.0006739184041029696,0.4614892611189744,0.0,0.0,0.0,0.46148975318435004,0.0006739184041029696,0.4614892611189744,0.0,0.0,0.0,7.91705645358129e-14,0.8960249287576822,1.0,False,"[-0.9999144376684549, 0.012933741622982463, 0.0019584866115525054]",True,1.0,diagnostic PCA of current input; not substituted into estimators,0.4307105375940969,1.0,True,candidate-reported accepted original input rows; applicability does not certify accuracy,113725e057bb440c4939099871fc1063e6c98527aaf7e197dc839ee84318cf4d,b42b2ec3935135715fbb3b2798ae4a924a698abe505d69f010a2e496ef4af5df,APPLY,,"[0.1162471185468418, -0.11756977855559221]",,True,0.19122667500050738,original row and source ID,1f7c59985db95fbb2340c1fc97d54ed5aa36fe9d31b90e30b3dde4e8c42db6d8,/srv/slam-research/grf/map-denoise/runs/multiscan-pilot-v1/real-transfer-v5-zrtui_f5/outputs/da_junction__zero__shared_group_slope.npz,b879701f20ea6c4afbb6a77fa0778d0c7252c698401cf7b848ebc906fef44e19,"[0.0004919821886038195, -0.0004821031595213781, 0.9999997627650067]",0.0014603106557693902,89.91633033290871,0.0014603106557693902,3.9192764892108493e-14,0.0,0.0,0.0,"[0.0, 0.0]",evaluation-only injection-space diagnostic; not a candidate or real geometry bound,known injection constant-axis diagnostic; not a bound on pooling or GICP,1.0
da_junction__zero,da_junction,zero,node_intercepts,delivery_area,1591,2,2.0,/srv/slam-research/grf/map-denoise/runs/multiscan-pilot-v1/real-components-v4-h3dnauhf/inputs/da_junction__zero.npz,not_measured,0.37773577350141496,0.0005516115751088807,0.3777353707390697,0.37773577350141496,0.0005516115751088807,0.3777353707390697,0.0,0.0,0.0,0.37773577350141496,0.0005516115751088807,0.3777353707390697,0.0,0.0,0.0,1.6256268203150193e-15,0.7388466991339341,1.0,False,"[-0.9999144376684549, 0.012933741622982463, 0.0019584866115525054]",True,1.0,diagnostic PCA of current input; not substituted into estimators,0.36042688324200406,1.0,True,candidate-reported accepted original input rows; applicability does not certify accuracy,113725e057bb440c4939099871fc1063e6c98527aaf7e197dc839ee84318cf4d,b42b2ec3935135715fbb3b2798ae4a924a698abe505d69f010a2e496ef4af5df,APPLY,,"[0.1162471185468418, -0.11756977855559221]",,True,0.19124670299061108,original row and source ID,1f7c59985db95fbb2340c1fc97d54ed5aa36fe9d31b90e30b3dde4e8c42db6d8,/srv/slam-research/grf/map-denoise/runs/multiscan-pilot-v1/real-transfer-v5-zrtui_f5/outputs/da_junction__zero__node_intercepts.npz,e1f31544ad3c72a87938a9eeda0ce4df855f162070043de6632c0b9c80be9869,"[0.0004919821886038195, -0.0004821031595213781, 0.9999997627650067]",0.0014603106557693902,89.91633033290871,0.0014603106557693902,3.8943037063877695e-14,0.0,0.0,0.0,"[0.0, 0.0]",evaluation-only injection-space diagnostic; not a candidate or real geometry bound,known injection constant-axis diagnostic; not a bound on pooling or GICP,1.0
da_junction__zero,da_junction,zero,graph_shared,delivery_area,1591,2,2.0,/srv/slam-research/grf/map-denoise/runs/multiscan-pilot-v1/real-components-v4-h3dnauhf/inputs/da_junction__zero.npz,not_measured,0.31301436211955513,0.00045709820841497226,0.31301402836668496,0.31301436211955513,0.00045709820841497226,0.31301402836668496,0.0,0.0,0.0,0.31301436211955513,0.00045709820841497226,0.31301402836668496,0.0,0.0,0.0,6.242759730540817e-10,0.6083072754978368,1.0,False,"[-0.9999144376684549, 0.012933741622982463, 0.0019584866115525054]",True,1.0,diagnostic PCA of current input; not substituted into estimators,0.29031677421121127,1.0,False,fraction only; point mask unavailable; applicability does not certify accuracy,,,APPLY,,"[0.11624711854668418, -0.11756977855543278]",,True,0.09448798900120892,original row and source ID,1f7c59985db95fbb2340c1fc97d54ed5aa36fe9d31b90e30b3dde4e8c42db6d8,/srv/slam-research/grf/map-denoise/runs/multiscan-pilot-v1/real-transfer-v5-zrtui_f5/outputs/da_junction__zero__graph_shared.npz,13da33f62db31ca6b8236fedb6cf937ea44208dd026d3e4cf4723aa8fd586794,"[0.0004919821885972829, -0.0004821031595177768, 0.9999997627650067]",0.0014603106557759728,89.91633033290834,0.0014603106557759728,3.900614192200871e-14,0.0,0.0,0.0,"[0.0, 0.0]",evaluation-only injection-space diagnostic; not a candidate or real geometry bound,known injection constant-axis diagnostic; not a bound on pooling or GICP,1.0
da_junction__zero,da_junction,zero,measure_unbalanced,delivery_area,1591,2,2.0,/srv/slam-research/grf/map-denoise/runs/multiscan-pilot-v1/real-components-v4-h3dnauhf/inputs/da_junction__zero.npz,not_measured,0.10811533769110965,1.028754375120864e-05,0.10811533720166216,0.10811533769110965,1.028754375120864e-05,0.10811533720166216,0.0,0.0,0.0,0.10811533769110965,1.028754375120864e-05,0.10811533720166216,0.0,0.0,0.0,1.3995156769895763e-14,0.10872866630480606,1.0,False,"[-0.9999144376684549, 0.012933741622982463, 0.0019584866115525054]",True,1.0,diagnostic PCA of current input; not substituted into estimators,5.000952152344706e-14,1.0,True,"whole-scan applicability, not point-level confidence; applicability does not certify accuracy",113725e057bb440c4939099871fc1063e6c98527aaf7e197dc839ee84318cf4d,,APPLY,,"[0.10750546880889335, -0.10872866630482261]",0.611950504323403,True,0.03175383000052534,original row and source ID,1f7c59985db95fbb2340c1fc97d54ed5aa36fe9d31b90e30b3dde4e8c42db6d8,/srv/slam-research/grf/map-denoise/runs/multiscan-pilot-v1/real-transfer-v5-zrtui_f5/outputs/da_junction__zero__measure_unbalanced.npz,7aa8d7ca9216c37c602bc70e1923514f09b7fbf709c38605f9bd0cae98a49cfb,"[0.0018704757454293469, 0.0005401545750783886, 0.9999981047749645]",9.515341632671415e-05,89.99454811083001,9.515341632671415e-05,4.2101820249691395e-14,0.0,0.0,0.0,"[0.0, 0.0]",evaluation-only injection-space diagnostic; not a candidate or real geometry bound,known injection constant-axis diagnostic; not a bound on pooling or GICP,1.0000000000000002
da_junction__zero,da_junction,zero,official_gicp,delivery_area,1591,2,2.0,/srv/slam-research/grf/map-denoise/runs/multiscan-pilot-v1/real-components-v4-h3dnauhf/inputs/da_junction__zero.npz,not_measured,8.500154591119571,8.4171497290437,1.1849972623557774,8.500154591119571,8.4171497290437,1.1849972623557774,0.0,0.0,0.0,8.500154591119571,8.4171497290437,1.1849972623557774,0.0,0.0,0.0,2.943804406813345e-14,16.853691005820405,1.0,False,"[-0.9999144376684549, 0.012933741622982463, 0.0019584866115525054]",False,1.0,diagnostic PCA of current input; not substituted into estimators,8.061434087504288,1.0,True,"successfully linked registration component, not point-level inliers; applicability does not certify accuracy",113725e057bb440c4939099871fc1063e6c98527aaf7e197dc839ee84318cf4d,,APPLY,,,,True,0.028987158002564684,original row and source ID,1f7c59985db95fbb2340c1fc97d54ed5aa36fe9d31b90e30b3dde4e8c42db6d8,/srv/slam-research/grf/map-denoise/runs/multiscan-pilot-v1/real-transfer-v5-zrtui_f5/outputs/da_junction__zero__official_gicp.npz,c893c861b71d19f1a328aa83435489bb818431edef9c368846fd2d193417c584,,,,,,,,,,,,
da_junction__normal_translation,da_junction,normal_translation,identity,delivery_area,1591,2,2.0,/srv/slam-research/grf/map-denoise/runs/multiscan-pilot-v1/real-components-v4-h3dnauhf/inputs/da_junction__normal_translation.npz,not_measured,3.500000000000003,3.500000000000003,4.921341199400451e-14,0.0,0.0,0.0,3.500000000000003,3.500000000000003,4.921341199400451e-14,0.0,0.0,0.0,3.500000000000003,3.500000000000003,4.921341199400451e-14,4.665087607071859e-14,0.0,0.0,True,"[-0.9999283087939472, 0.011718299054184637, 0.0024614507415192813]",False,0.9999991347670187,diagnostic PCA of current input; not substituted into estimators,0.0,,False,fraction only; point mask unavailable; applicability does not certify accuracy,,,IDENTITY,,,,True,1.0799005394801497e-05,original row and source ID,1f7c59985db95fbb2340c1fc97d54ed5aa36fe9d31b90e30b3dde4e8c42db6d8,/srv/slam-research/grf/map-denoise/runs/multiscan-pilot-v1/real-transfer-v5-zrtui_f5/outputs/da_junction__normal_translation__identity.npz,16bba5ec50e64fa9e0403db87b51ff0654d69f8e23cc88d865ffefe89acbac07,,,,,,,,,,,,
da_junction__normal_translation,da_junction,normal_translation,pool_independent,delivery_area,1591,2,2.0,/srv/slam-research/grf/map-denoise/runs/multiscan-pilot-v1/real-components-v4-h3dnauhf/inputs/da_junction__normal_translation.npz,not_measured,3.513843242115682,3.5001696361506967,0.30968830835333677,0.3097271140281464,0.00045229780499655503,0.3097267837803182,3.500111874979351,3.4999988951246404,0.028122437621346762,0.3096886385601339,0.0004522416188597545,0.30968830835333033,3.500000000000003,3.500000000000003,4.921341199400451e-14,5.092622520692878e-12,0.6119170793106199,1.0,False,"[-0.9999283087939472, 0.011718299054184637, 0.0024614507415192813]",True,0.9999991347670187,diagnostic PCA of current input; not substituted into estimators,0.28708338994358534,1.0,False,fraction only; point mask unavailable; applicability does not certify accuracy,,,APPLY,,"[0.11558682386385141, -0.11690197103802924]",,True,0.11866483199992217,original row and source ID,1f7c59985db95fbb2340c1fc97d54ed5aa36fe9d31b90e30b3dde4e8c42db6d8,/srv/slam-research/grf/map-denoise/runs/multiscan-pilot-v1/real-transfer-v5-zrtui_f5/outputs/da_junction__normal_translation__pool_independent.npz,a5cfe87d9abbd04c4e7a4ef68ad085f4b597b3390beffdf70cb15af0920dc7b7,"[0.0004919821886038653, -0.0004821031595213885, 0.9999997627650067]",0.0019638538107713847,89.88747939273526,0.0014603106557693442,3.810471330304995e-14,0.005111087295208901,0.0051110872952089,3.4999962681103933,"[-0.005082256112119824, 0.00514008203501373]",evaluation-only injection-space diagnostic; not a candidate or real geometry bound,known injection constant-axis diagnostic; not a bound on pooling or GICP,1.0
da_junction__normal_translation,da_junction,normal_translation,pool_compatible,delivery_area,1591,2,2.0,/srv/slam-research/grf/map-denoise/runs/multiscan-pilot-v1/real-components-v4-h3dnauhf/inputs/da_junction__normal_translation.npz,not_measured,3.5302486781068643,3.500235714490405,0.4593535373556036,0.46087789410445,0.00067302489976878,0.46087740269147176,3.4999973070327526,3.4999939043798265,0.004880424221015482,0.45935402714374735,0.0006707995806090427,0.4593535373555986,3.500000000000003,3.500000000000003,4.921341199400451e-14,1.1230362172658395e-11,0.8908012252495842,1.0,False,"[-0.9999283087939472, 0.011718299054184637, 0.0024614507415192813]",True,0.9999991347670187,diagnostic PCA of current input; not substituted into estimators,0.43007454939961,1.0,True,candidate-reported accepted original input rows; applicability does not certify accuracy,113725e057bb440c4939099871fc1063e6c98527aaf7e197dc839ee84318cf4d,b42b2ec3935135715fbb3b2798ae4a924a698abe505d69f010a2e496ef4af5df,APPLY,,"[0.11558682386385141, -0.11690197103802924]",,True,0.187661633011885,original row and source ID,1f7c59985db95fbb2340c1fc97d54ed5aa36fe9d31b90e30b3dde4e8c42db6d8,/srv/slam-research/grf/map-denoise/runs/multiscan-pilot-v1/real-transfer-v5-zrtui_f5/outputs/da_junction__normal_translation__pool_compatible.npz,e43ccca27a2ba766ce54cb7b6ae28212925dadcab2ca36f1af60adb87e46f967,"[0.0004919821886038653, -0.0004821031595213885, 0.9999997627650067]",0.0019638538107713847,89.88747939273526,0.0014603106557693442,3.934910590855565e-14,0.005111087295208901,0.0051110872952089,3.4999962681103933,"[-0.005082256112119824, 0.00514008203501373]",evaluation-only injection-space diagnostic; not a candidate or real geometry bound,known injection constant-axis diagnostic; not a bound on pooling or GICP,1.0
da_junction__normal_translation,da_junction,normal_translation,shared_group_slope,delivery_area,1591,2,2.0,/srv/slam-research/grf/map-denoise/runs/multiscan-pilot-v1/real-components-v4-h3dnauhf/inputs/da_junction__normal_translation.npz,not_measured,3.530326168304686,3.5002358906153814,0.45994734988343483,0.46148975318435004,0.0006739184041029696,0.4614892611189744,3.4999972193625575,3.4999938397784067,0.004863852263097652,0.45994784030473435,0.0006716667322951427,0.4599473498834297,3.500000000000003,3.500000000000003,4.921341199400451e-14,2.8756636577347057e-13,0.8903352856169985,1.0,False,"[-0.9999283087939472, 0.011718299054184637, 0.0024614507415192813]",True,0.9999991347670187,diagnostic PCA of current input; not substituted into estimators,0.4306635634949355,1.0,True,candidate-reported accepted original input rows; applicability does not certify accuracy,113725e057bb440c4939099871fc1063e6c98527aaf7e197dc839ee84318cf4d,b42b2ec3935135715fbb3b2798ae4a924a698abe505d69f010a2e496ef4af5df,APPLY,,"[0.11558682386385141, -0.11690197103802924]",,True,0.19126793699979316,original row and source ID,1f7c59985db95fbb2340c1fc97d54ed5aa36fe9d31b90e30b3dde4e8c42db6d8,/srv/slam-research/grf/map-denoise/runs/multiscan-pilot-v1/real-transfer-v5-zrtui_f5/outputs/da_junction__normal_translation__shared_group_slope.npz,5717993a7f903fb6daa3e08252c0689fa2fd7f243ec3dc88b9c3a7c7b0151124,"[0.0004919821886038653, -0.0004821031595213885, 0.9999997627650067]",0.0019638538107713847,89.88747939273526,0.0014603106557693442,3.894207393170128e-14,0.005111087295208901,0.0051110872952089,3.4999962681103933,"[-0.005082256112119824, 0.00514008203501373]",evaluation-only injection-space diagnostic; not a candidate or real geometry bound,known injection constant-axis diagnostic; not a bound on pooling or GICP,1.0
da_junction__normal_translation,da_junction,normal_translation,node_intercepts,delivery_area,1591,2,2.0,/srv/slam-research/grf/map-denoise/runs/multiscan-pilot-v1/real-components-v4-h3dnauhf/inputs/da_junction__normal_translation.npz,not_measured,3.5204006313152076,3.5001604286493375,0.3769583248607183,0.37773577350141496,0.0005516115751088807,0.3777353707390697,3.500083482741951,3.4999953238775414,0.024841879928274274,0.3769587267945291,0.0005504768455222361,0.3769583248607132,3.500000000000003,3.500000000000003,4.921341199400451e-14,3.546935631898741e-14,0.7397448758744438,1.0,False,"[-0.9999283087939472, 0.011718299054184637, 0.0024614507415192813]",True,0.9999991347670187,diagnostic PCA of current input; not substituted into estimators,0.36060336086043654,1.0,True,candidate-reported accepted original input rows; applicability does not certify accuracy,113725e057bb440c4939099871fc1063e6c98527aaf7e197dc839ee84318cf4d,b42b2ec3935135715fbb3b2798ae4a924a698abe505d69f010a2e496ef4af5df,APPLY,,"[0.11558682386385141, -0.11690197103802924]",,True,0.19367585399595555,original row and source ID,1f7c59985db95fbb2340c1fc97d54ed5aa36fe9d31b90e30b3dde4e8c42db6d8,/srv/slam-research/grf/map-denoise/runs/multiscan-pilot-v1/real-transfer-v5-zrtui_f5/outputs/da_junction__normal_translation__node_intercepts.npz,2e21c737fe36fe52b81e8ebe8056cc3c2c9ae4f79b71dfe6247343d04518fbf9,"[0.0004919821886038653, -0.0004821031595213885, 0.9999997627650067]",0.0019638538107713847,89.88747939273526,0.0014603106557693442,3.899625586952304e-14,0.005111087295208901,0.0051110872952089,3.4999962681103933,"[-0.005082256112119824, 0.00514008203501373]",evaluation-only injection-space diagnostic; not a candidate or real geometry bound,known injection constant-axis diagnostic; not a bound on pooling or GICP,1.0
da_junction__normal_translation,da_junction,normal_translation,graph_shared,delivery_area,1591,2,2.0,/srv/slam-research/grf/map-denoise/runs/multiscan-pilot-v1/real-components-v4-h3dnauhf/inputs/da_junction__normal_translation.npz,not_measured,3.514150660717723,3.5001699445477246,0.31315367714204795,0.31301436211955513,0.00045709820841497226,0.31301402836668496,3.500096632901313,3.499999030451772,0.026138601411774053,0.313154011043813,0.0004573021392263754,0.3131536771420416,3.500000000000003,3.500000000000003,4.921341199400451e-14,6.242376329550487e-10,0.61214801794994,1.0,False,"[-0.9999283087939472, 0.011718299054184637, 0.0024614507415192813]",True,0.9999991347670187,diagnostic PCA of current input; not substituted into estimators,0.2907339936189686,1.0,False,fraction only; point mask unavailable; applicability does not certify accuracy,,,APPLY,,"[0.11558682386396267, -0.11690197103814176]",,True,0.09435814300377388,original row and source ID,1f7c59985db95fbb2340c1fc97d54ed5aa36fe9d31b90e30b3dde4e8c42db6d8,/srv/slam-research/grf/map-denoise/runs/multiscan-pilot-v1/real-transfer-v5-zrtui_f5/outputs/da_junction__normal_translation__graph_shared.npz,d954449d140aa34d574dfe4b6e0f20565f066a3edd9ec437d41cf10d57b40da6,"[0.0004919821885973103, -0.0004821031595178202, 0.9999997627650067]",0.001963853810777981,89.88747939273487,0.001460310655775945,3.891564918911952e-14,0.005111087295232003,0.005111087295232003,3.4999962681103933,"[-0.005082256112142799, 0.005140082035036964]",evaluation-only injection-space diagnostic; not a candidate or real geometry bound,known injection constant-axis diagnostic; not a bound on pooling or GICP,1.0
da_junction__normal_translation,da_junction,normal_translation,measure_unbalanced,delivery_area,1591,2,2.0,/srv/slam-research/grf/map-denoise/runs/multiscan-pilot-v1/real-components-v4-h3dnauhf/inputs/da_junction__normal_translation.npz,not_measured,3.501626167528775,3.500010121642758,0.10637182672355243,0.10811533769110965,1.028754375120864e-05,0.10811533720166216,3.500000268360255,3.499999834099006,0.001743510478109726,0.1063718272050907,1.0121642754358977e-05,0.10637182672353625,3.500000000000003,3.500000000000003,4.921341199400451e-14,4.677196040142387e-14,0.1069752650401543,1.0,False,"[-0.9999283087939472, 0.011718299054184637, 0.0024614507415192813]",True,0.9999991347670187,diagnostic PCA of current input; not substituted into estimators,5.826416135497502e-14,1.0,True,"whole-scan applicability, not point-level confidence; applicability does not certify accuracy",113725e057bb440c4939099871fc1063e6c98527aaf7e197dc839ee84318cf4d,,APPLY,,"[0.1057717933084606, -0.10697526504016241]",0.6125826664879908,True,0.031572940992191434,original row and source ID,1f7c59985db95fbb2340c1fc97d54ed5aa36fe9d31b90e30b3dde4e8c42db6d8,/srv/slam-research/grf/map-denoise/runs/multiscan-pilot-v1/real-transfer-v5-zrtui_f5/outputs/da_junction__normal_translation__measure_unbalanced.npz,835d1c82e194635095b88f1ff46f1a2a01a259604085e407332b2be697ff53fd,"[0.0018704757454294126, 0.0005401545750784996, 0.9999981047749645]",0.0005974341205951382,89.96576954431649,9.515341632664975e-05,4.391559503599309e-14,0.00033303695715946187,0.000333036957159462,3.4999999841552007,"[-0.00033115832567995394, 0.000334926245946856]",evaluation-only injection-space diagnostic; not a candidate or real geometry bound,known injection constant-axis diagnostic; not a bound on pooling or GICP,1.0000000000000002
da_junction__normal_translation,da_junction,normal_translation,official_gicp,delivery_area,1591,2,2.0,/srv/slam-research/grf/map-denoise/runs/multiscan-pilot-v1/real-components-v4-h3dnauhf/inputs/da_junction__normal_translation.npz,not_measured,8.500154591096331,8.417149729020247,1.1849972623556704,8.500154591119571,8.4171497290437,1.1849972623557774,7.341786624676015e-11,7.341634585459659e-11,4.724887145987599e-13,10.158541783159212,10.089189890590871,1.1849972623556715,3.500000000000003,3.500000000000003,4.921341199400451e-14,2.9631418391283036e-14,19.509039853952228,1.0,False,"[-0.9999283087939472, 0.011718299054184637, 0.0024614507415192813]",False,0.9999991347670187,diagnostic PCA of current input; not substituted into estimators,8.061434087504114,1.0,True,"successfully linked registration component, not point-level inliers; applicability does not certify accuracy",113725e057bb440c4939099871fc1063e6c98527aaf7e197dc839ee84318cf4d,,APPLY,,,,True,0.02721649600425735,original row and source ID,1f7c59985db95fbb2340c1fc97d54ed5aa36fe9d31b90e30b3dde4e8c42db6d8,/srv/slam-research/grf/map-denoise/runs/multiscan-pilot-v1/real-transfer-v5-zrtui_f5/outputs/da_junction__normal_translation__official_gicp.npz,4d4eabf694c47162b5a3c3600ffbbc0387c55f7813ad67d775107679f1017cab,,,,,,,,,,,,
da_junction__tangent_translation,da_junction,tangent_translation,identity,delivery_area,1591,2,2.0,/srv/slam-research/grf/map-denoise/runs/multiscan-pilot-v1/real-components-v4-h3dnauhf/inputs/da_junction__tangent_translation.npz,not_measured,3.4999999999999827,2.7112437186587787e-14,3.4999999999999827,0.0,0.0,0.0,3.4999999999999827,2.7112437186587787e-14,3.4999999999999827,0.0,0.0,0.0,3.4999999999999827,2.7112437186587787e-14,3.4999999999999827,2.3708225276279074e-14,0.0,0.0,True,"[-0.999914382507094, 0.012942438382620023, 0.0019289749011178882]",False,0.9999999995267111,diagnostic PCA of current input; not substituted into estimators,0.0,,False,fraction only; point mask unavailable; applicability does not certify accuracy,,,IDENTITY,,,,True,1.164199784398079e-05,original row and source ID,1f7c59985db95fbb2340c1fc97d54ed5aa36fe9d31b90e30b3dde4e8c42db6d8,/srv/slam-research/grf/map-denoise/runs/multiscan-pilot-v1/real-transfer-v5-zrtui_f5/outputs/da_junction__tangent_translation__identity.npz,e1cac0194a2e54db98742e2bc1b9e6f8efcaa64ca2fa0fad627b3d9712076442,,,,,,,,,,,,
da_junction__tangent_translation,da_junction,tangent_translation,pool_independent,delivery_area,1591,2,2.0,/srv/slam-research/grf/map-denoise/runs/multiscan-pilot-v1/real-components-v4-h3dnauhf/inputs/da_junction__tangent_translation.npz,not_measured,1.0385459307364873,0.005089763486737125,1.03853345856403,0.3097271140281464,0.00045229780499655503,0.3097267837803182,0.9911944051428532,0.004901743082701042,0.9911822847999483,3.485397758784701,0.005089763486747133,3.485394042464793,3.4999999999999827,2.7112437186587787e-14,3.4999999999999827,5.638951574225099e-13,3.939596124763249,1.0,False,"[-0.999914382507094, 0.012942438382620023, 0.0019289749011178882]",True,0.9999999995267111,diagnostic PCA of current input; not substituted into estimators,0.28716860856137905,1.0,False,fraction only; point mask unavailable; applicability does not certify accuracy,,,APPLY,,"[3.4542012576754257, -3.4935031683190143]",,True,0.1419761470024241,original row and source ID,1f7c59985db95fbb2340c1fc97d54ed5aa36fe9d31b90e30b3dde4e8c42db6d8,/srv/slam-research/grf/map-denoise/runs/multiscan-pilot-v1/real-transfer-v5-zrtui_f5/outputs/da_junction__tangent_translation__pool_independent.npz,c6147e12200b0e39d27a0e3d5f3cf29cab4dccf95dd430eaa5e3067769d7f6bd,"[0.0004919821886038606, -0.0004821031595214492, 0.9999997627650067]",0.0014307947867390495,89.9180214693998,0.0014603106557693484,3.898667654562312e-14,3.3567153432014774,3.356715343201477,0.9911922642533381,"[3.337780414281662, -3.375757688274753]",evaluation-only injection-space diagnostic; not a candidate or real geometry bound,known injection constant-axis diagnostic; not a bound on pooling or GICP,1.0
da_junction__tangent_translation,da_junction,tangent_translation,pool_compatible,delivery_area,1591,2,2.0,/srv/slam-research/grf/map-denoise/runs/multiscan-pilot-v1/real-components-v4-h3dnauhf/inputs/da_junction__tangent_translation.npz,not_measured,1.093016685190949,0.0051810514369951925,1.093004405668988,0.46087789410445,0.00067302489976878,0.46087740269147176,0.9911924419701809,0.004901086290132618,0.9911803248511277,3.5479104507906536,0.005181051437005256,3.547906667816326,3.4999999999999827,2.7112437186587787e-14,3.4999999999999827,2.7571391615904887e-12,4.236449128183975,1.0,False,"[-0.999914382507094, 0.012942438382620023, 0.0019289749011178882]",True,0.9999999995267111,diagnostic PCA of current input; not substituted into estimators,0.43010343894601616,1.0,True,candidate-reported accepted original input rows; applicability does not certify accuracy,113725e057bb440c4939099871fc1063e6c98527aaf7e197dc839ee84318cf4d,b42b2ec3935135715fbb3b2798ae4a924a698abe505d69f010a2e496ef4af5df,APPLY,,"[3.4542012576754257, -3.4935031683190143]",,True,0.2260341879882617,original row and source ID,1f7c59985db95fbb2340c1fc97d54ed5aa36fe9d31b90e30b3dde4e8c42db6d8,/srv/slam-research/grf/map-denoise/runs/multiscan-pilot-v1/real-transfer-v5-zrtui_f5/outputs/da_junction__tangent_translation__pool_compatible.npz,866a4921151d06cc04edebaee6a51a3b21e3789086f9742d6875a69a3bc6c205,"[0.0004919821886038606, -0.0004821031595214492, 0.9999997627650067]",0.0014307947867390495,89.9180214693998,0.0014603106557693484,3.787293844458995e-14,3.3567153432014774,3.356715343201477,0.9911922642533381,"[3.337780414281662, -3.375757688274753]",evaluation-only injection-space diagnostic; not a candidate or real geometry bound,known injection constant-axis diagnostic; not a bound on pooling or GICP,1.0
da_junction__tangent_translation,da_junction,tangent_translation,shared_group_slope,delivery_area,1591,2,2.0,/srv/slam-research/grf/map-denoise/runs/multiscan-pilot-v1/real-components-v4-h3dnauhf/inputs/da_junction__tangent_translation.npz,not_measured,1.0932773616188445,0.0051813832909490265,1.0932650834520663,0.46148975318435004,0.0006739184041029696,0.4614892611189744,0.9911924190566239,0.004901072505125245,0.9911803020054532,3.548137699665434,0.005181383290959094,3.5481339164488017,3.4999999999999827,2.7112437186587787e-14,3.4999999999999827,1.0053793479360617e-13,4.236773941886667,1.0,False,"[-0.999914382507094, 0.012942438382620023, 0.0019289749011178882]",True,0.9999999995267111,diagnostic PCA of current input; not substituted into estimators,0.4307059306568932,1.0,True,candidate-reported accepted original input rows; applicability does not certify accuracy,113725e057bb440c4939099871fc1063e6c98527aaf7e197dc839ee84318cf4d,b42b2ec3935135715fbb3b2798ae4a924a698abe505d69f010a2e496ef4af5df,APPLY,,"[3.4542012576754257, -3.4935031683190143]",,True,0.2116836700006388,original row and source ID,1f7c59985db95fbb2340c1fc97d54ed5aa36fe9d31b90e30b3dde4e8c42db6d8,/srv/slam-research/grf/map-denoise/runs/multiscan-pilot-v1/real-transfer-v5-zrtui_f5/outputs/da_junction__tangent_translation__shared_group_slope.npz,18dc049522eb5fd7e63e46143ba16d29b27fbe1458ca2e0f76ffb637d8289c6d,"[0.0004919821886038606, -0.0004821031595214492, 0.9999997627650067]",0.0014307947867390495,89.9180214693998,0.0014603106557693484,3.869074645903403e-14,3.3567153432014774,3.356715343201477,0.9911922642533381,"[3.337780414281662, -3.375757688274753]",evaluation-only injection-space diagnostic; not a candidate or real geometry bound,known injection constant-axis diagnostic; not a bound on pooling or GICP,1.0
da_junction__tangent_translation,da_junction,tangent_translation,node_intercepts,delivery_area,1591,2,2.0,/srv/slam-research/grf/map-denoise/runs/multiscan-pilot-v1/real-components-v4-h3dnauhf/inputs/da_junction__tangent_translation.npz,not_measured,1.0607138811539947,0.005094002836226395,1.060701649290636,0.37773577350141496,0.0005516115751088807,0.3777353707390697,0.9911923111812604,0.004901674086084553,0.9911801911539608,3.488300805113989,0.005094002836236351,3.488297085698695,3.4999999999999827,2.7112437186587787e-14,3.4999999999999827,2.3943015661208717e-13,4.075705928833393,1.0,False,"[-0.999914382507094, 0.012942438382620023, 0.0019289749011178882]",True,0.9999999995267111,diagnostic PCA of current input; not substituted into estimators,0.3604189814880119,1.0,True,candidate-reported accepted original input rows; applicability does not certify accuracy,113725e057bb440c4939099871fc1063e6c98527aaf7e197dc839ee84318cf4d,b42b2ec3935135715fbb3b2798ae4a924a698abe505d69f010a2e496ef4af5df,APPLY,,"[3.4542012576754257, -3.4935031683190143]",,True,0.2104217940068338,original row and source ID,1f7c59985db95fbb2340c1fc97d54ed5aa36fe9d31b90e30b3dde4e8c42db6d8,/srv/slam-research/grf/map-denoise/runs/multiscan-pilot-v1/real-transfer-v5-zrtui_f5/outputs/da_junction__tangent_translation__node_intercepts.npz,4c4e4a6b57d2305d17809a2474fa888fb829c4eeac931b6564b70ebd85925793,"[0.0004919821886038606, -0.0004821031595214492, 0.9999997627650067]",0.0014307947867390495,89.9180214693998,0.0014603106557693484,3.8254745892038685e-14,3.3567153432014774,3.356715343201477,0.9911922642533381,"[3.337780414281662, -3.375757688274753]",evaluation-only injection-space diagnostic; not a candidate or real geometry bound,known injection constant-axis diagnostic; not a bound on pooling or GICP,1.0
da_junction__tangent_translation,da_junction,tangent_translation,graph_shared,delivery_area,1591,2,2.0,/srv/slam-research/grf/map-denoise/runs/multiscan-pilot-v1/real-components-v4-h3dnauhf/inputs/da_junction__tangent_translation.npz,not_measured,1.0395360734519354,0.005090358693146796,1.0395236102447327,0.31301436211955513,0.00045709820841497226,0.31301402836668496,0.9911943077467662,0.004901741136099811,0.9911821874122968,3.485805347665097,0.0050903586931568025,3.485801630910595,3.4999999999999827,2.7112437186587787e-14,3.4999999999999827,6.242711888633679e-10,3.943260037863152,1.0,False,"[-0.999914382507094, 0.012942438382620023, 0.0019289749011178882]",True,0.9999999995267111,diagnostic PCA of current input; not substituted into estimators,0.2906821525065047,1.0,False,fraction only; point mask unavailable; applicability does not certify accuracy,,,APPLY,,"[3.4542012576751877, -3.4935031683187736]",,True,0.11641821700322907,original row and source ID,1f7c59985db95fbb2340c1fc97d54ed5aa36fe9d31b90e30b3dde4e8c42db6d8,/srv/slam-research/grf/map-denoise/runs/multiscan-pilot-v1/real-transfer-v5-zrtui_f5/outputs/da_junction__tangent_translation__graph_shared.npz,b663ebbe3d8c42665a12fcd04d59a10f760efc385dcbe6bb6511298e60ed93e0,"[0.000491982188597312, -0.00048210315951784793, 0.9999997627650067]",0.0014307947867456443,89.91802146939943,0.001460310655775943,3.882749199274776e-14,3.3567153432014742,3.356715343201474,0.9911922642533498,"[3.3377804142816587, -3.3757576882747498]",evaluation-only injection-space diagnostic; not a candidate or real geometry bound,known injection constant-axis diagnostic; not a bound on pooling or GICP,1.0
da_junction__tangent_translation,da_junction,tangent_translation,measure_unbalanced,delivery_area,1591,2,2.0,/srv/slam-research/grf/map-denoise/runs/multiscan-pilot-v1/real-components-v4-h3dnauhf/inputs/da_junction__tangent_translation.npz,not_measured,0.9951159455656926,0.00032213738766252953,0.995115893424784,0.10811533769110965,1.028754375120864e-05,0.10811533720166216,0.9977516025172376,0.00031184984391132066,0.9977515537824987,3.3854526732192807,0.00032213738767256577,3.3854526578930444,3.4999999999999827,2.7112437186587787e-14,3.4999999999999827,1.6633659177874504e-14,3.404658042588249,1.0,False,"[-0.999914382507094, 0.012942438382620023, 0.0019289749011178882]",True,0.9999999995267111,diagnostic PCA of current input; not substituted into estimators,4.2816756101994664e-14,1.0,True,"whole-scan applicability, not point-level confidence; applicability does not certify accuracy",113725e057bb440c4939099871fc1063e6c98527aaf7e197dc839ee84318cf4d,,APPLY,,"[3.366355639609152, -3.40465804258827]",0.6108377413193558,True,0.03231337299803272,original row and source ID,1f7c59985db95fbb2340c1fc97d54ed5aa36fe9d31b90e30b3dde4e8c42db6d8,/srv/slam-research/grf/map-denoise/runs/multiscan-pilot-v1/real-transfer-v5-zrtui_f5/outputs/da_junction__tangent_translation__measure_unbalanced.npz,9ba1c581a7a664af91a6094e4a911736963545ee5ed3d0076e25aa4c1812a42f,"[0.00187047574542941, 0.0005401545750784996, 0.9999981047749645]",6.564656259586176e-05,89.99623872902102,9.515341632665235e-05,3.57636777576828e-14,3.355686262759446,3.355686262759447,0.9946706519885932,"[3.336757138789718, -3.3747227699516746]",evaluation-only injection-space diagnostic; not a candidate or real geometry bound,known injection constant-axis diagnostic; not a bound on pooling or GICP,1.0000000000000002
da_junction__tangent_translation,da_junction,tangent_translation,official_gicp,delivery_area,1591,2,2.0,/srv/slam-research/grf/map-denoise/runs/multiscan-pilot-v1/real-components-v4-h3dnauhf/inputs/da_junction__tangent_translation.npz,not_measured,8.500154591121856,8.417149729043222,1.1849972623755702,8.500154591119571,8.4171497290437,1.1849972623557774,7.501305255642133e-11,7.098278375221012e-13,7.500969402866212e-11,9.202030366310234,8.417149729043217,3.7187300656760978,3.4999999999999827,2.7112437186587787e-14,3.4999999999999827,4.002442747577881e-14,17.20523612617977,1.0,False,"[-0.999914382507094, 0.012942438382620023, 0.0019289749011178882]",False,0.9999999995267111,diagnostic PCA of current input; not substituted into estimators,8.061434087503995,1.0,True,"successfully linked registration component, not point-level inliers; applicability does not certify accuracy",113725e057bb440c4939099871fc1063e6c98527aaf7e197dc839ee84318cf4d,,APPLY,,,,True,0.025838547007879242,original row and source ID,1f7c59985db95fbb2340c1fc97d54ed5aa36fe9d31b90e30b3dde4e8c42db6d8,/srv/slam-research/grf/map-denoise/runs/multiscan-pilot-v1/real-transfer-v5-zrtui_f5/outputs/da_junction__tangent_translation__official_gicp.npz,39978e13b642593e063901d02004031176890259ad254410d311af7727eed4b0,,,,,,,,,,,,
da_junction__small_rotation,da_junction,small_rotation,identity,delivery_area,1591,2,2.0,/srv/slam-research/grf/map-denoise/runs/multiscan-pilot-v1/real-components-v4-h3dnauhf/inputs/da_junction__small_rotation.npz,not_measured,3.4999999999999996,3.479802282672482,0.37546780621963,0.0,0.0,0.0,3.4999999999999996,3.479802282672482,0.37546780621963,0.0,0.0,0.0,3.4999999999999996,3.479802282672482,0.37546780621963,3.643796199085724e-15,0.0,0.0,True,"[0.9999012330650968, -0.01402998512773942, 0.0008268205455086589]",False,0.9999955200699289,diagnostic PCA of current input; not substituted into estimators,0.0,,False,fraction only; point mask unavailable; applicability does not certify accuracy,,,IDENTITY,,,,True,1.147598959505558e-05,original row and source ID,1f7c59985db95fbb2340c1fc97d54ed5aa36fe9d31b90e30b3dde4e8c42db6d8,/srv/slam-research/grf/map-denoise/runs/multiscan-pilot-v1/real-transfer-v5-zrtui_f5/outputs/da_junction__small_rotation__identity.npz,4e3749d8053aefa62c9ac6d600c129bb44f0b8c466e303b66cb99789a2f70b65,,,,,,,,,,,,
da_junction__small_rotation,da_junction,small_rotation,pool_independent,delivery_area,1591,2,2.0,/srv/slam-research/grf/map-denoise/runs/multiscan-pilot-v1/real-components-v4-h3dnauhf/inputs/da_junction__small_rotation.npz,not_measured,3.5082919775733545,3.4798669448877826,0.44568895631699296,0.3097271140281464,0.00045229780499655503,0.3097267837803182,3.494746151770519,3.4798021047361085,0.32284358006471103,0.3679176982289866,0.0006321069616500746,0.3679171552277832,3.4999999999999996,3.479802282672482,0.37546780621963,7.655085567203447e-13,0.7396226814111397,1.0,False,"[0.9999012330650968, -0.01402998512773942, 0.0008268205455086589]",True,0.9999955200699289,diagnostic PCA of current input; not substituted into estimators,0.34866678830298803,1.0,False,fraction only; point mask unavailable; applicability does not certify accuracy,,,APPLY,,"[0.11692600852706714, -0.11825639294772909]",,True,0.1258507229940733,original row and source ID,1f7c59985db95fbb2340c1fc97d54ed5aa36fe9d31b90e30b3dde4e8c42db6d8,/srv/slam-research/grf/map-denoise/runs/multiscan-pilot-v1/real-transfer-v5-zrtui_f5/outputs/da_junction__small_rotation__pool_independent.npz,6d18a0fef5a5643a84cbb190d85ed31daf7bada2b6dade1a4321211eaddac7c9,"[0.0002333462727686559, -0.000548469028278006, 0.9999998223656054]",0.0010678386368191814,89.9388173412817,0.0017180661998404652,3.888145288094448e-14,0.22442832743740934,1.4675202321989801e-15,3.4999999999999996,"[1.4592420827451224e-15, -1.4758453428522096e-15]",evaluation-only injection-space diagnostic; not a candidate or real geometry bound,known injection constant-axis diagnostic; not a bound on pooling or GICP,0.9999999643515156
da_junction__small_rotation,da_junction,small_rotation,pool_compatible,delivery_area,1591,2,2.0,/srv/slam-research/grf/map-denoise/runs/multiscan-pilot-v1/real-components-v4-h3dnauhf/inputs/da_junction__small_rotation.npz,not_measured,3.523339782588173,3.4799165029363137,0.5514565768580227,0.46087789410445,0.00067302489976878,0.46087740269147176,3.4931329665728263,3.4798101623249598,0.30479362909649105,0.5258026369576272,0.0009033637383438143,0.525801860937702,3.4999999999999996,3.479802282672482,0.37546780621963,6.225169154571933e-12,0.9830878876121946,1.0,False,"[0.9999012330650968, -0.01402998512773942, 0.0008268205455086589]",True,0.9999955200699289,diagnostic PCA of current input; not substituted into estimators,0.49956142694759614,1.0,True,candidate-reported accepted original input rows; applicability does not certify accuracy,113725e057bb440c4939099871fc1063e6c98527aaf7e197dc839ee84318cf4d,b42b2ec3935135715fbb3b2798ae4a924a698abe505d69f010a2e496ef4af5df,APPLY,,"[0.11692600852706714, -0.11825639294772909]",,True,0.1934977950004395,original row and source ID,1f7c59985db95fbb2340c1fc97d54ed5aa36fe9d31b90e30b3dde4e8c42db6d8,/srv/slam-research/grf/map-denoise/runs/multiscan-pilot-v1/real-transfer-v5-zrtui_f5/outputs/da_junction__small_rotation__pool_compatible.npz,0a5c5890f86629ed11ad07075c7a1acdf1b649baad1e3d2c2b64f39cb2edb21c,"[0.0002333462727686559, -0.000548469028278006, 0.9999998223656054]",0.0010678386368191814,89.9388173412817,0.0017180661998404652,3.886458719061289e-14,0.22442832743740934,1.4675202321989801e-15,3.4999999999999996,"[1.4592420827451224e-15, -1.4758453428522096e-15]",evaluation-only injection-space diagnostic; not a candidate or real geometry bound,known injection constant-axis diagnostic; not a bound on pooling or GICP,0.9999999643515156
da_junction__small_rotation,da_junction,small_rotation,shared_group_slope,delivery_area,1591,2,2.0,/srv/slam-research/grf/map-denoise/runs/multiscan-pilot-v1/real-components-v4-h3dnauhf/inputs/da_junction__small_rotation.npz,not_measured,3.5231871543060445,3.479922830143305,0.550440569466436,0.46148975318435004,0.0006739184041029696,0.4614892611189744,3.4928868614217405,3.4798160651875683,0.30189199915719406,0.5285262240186416,0.0009080430412164751,0.5285254439790376,3.4999999999999996,3.479802282672482,0.37546780621963,2.2048722028912264e-13,0.9779989826975162,1.0,False,"[0.9999012330650968, -0.01402998512773942, 0.0008268205455086589]",True,0.9999955200699289,diagnostic PCA of current input; not substituted into estimators,0.5023639176227456,1.0,True,candidate-reported accepted original input rows; applicability does not certify accuracy,113725e057bb440c4939099871fc1063e6c98527aaf7e197dc839ee84318cf4d,b42b2ec3935135715fbb3b2798ae4a924a698abe505d69f010a2e496ef4af5df,APPLY,,"[0.11692600852706714, -0.11825639294772909]",,True,0.19646173699584324,original row and source ID,1f7c59985db95fbb2340c1fc97d54ed5aa36fe9d31b90e30b3dde4e8c42db6d8,/srv/slam-research/grf/map-denoise/runs/multiscan-pilot-v1/real-transfer-v5-zrtui_f5/outputs/da_junction__small_rotation__shared_group_slope.npz,4087e50128ec15b74645cca3fd9c815bd2ba0f8d8ceb798c4e5b36e94c5d1d77,"[0.0002333462727686559, -0.000548469028278006, 0.9999998223656054]",0.0010678386368191814,89.9388173412817,0.0017180661998404652,3.859482835314534e-14,0.22442832743740934,1.4675202321989801e-15,3.4999999999999996,"[1.4592420827451224e-15, -1.4758453428522096e-15]",evaluation-only injection-space diagnostic; not a candidate or real geometry bound,known injection constant-axis diagnostic; not a bound on pooling or GICP,0.9999999643515156
da_junction__small_rotation,da_junction,small_rotation,node_intercepts,delivery_area,1591,2,2.0,/srv/slam-research/grf/map-denoise/runs/multiscan-pilot-v1/real-components-v4-h3dnauhf/inputs/da_junction__small_rotation.npz,not_measured,3.5145112039411517,3.47986990116372,0.49223416541589876,0.37773577350141496,0.0005516115751088807,0.3777353707390697,3.4943681425700728,3.4798048557711523,0.31869559388252183,0.4293409277911824,0.0007376361362467334,0.4293402941368581,3.4999999999999996,3.479802282672482,0.37546780621963,1.3766912796527014e-13,0.854505047722987,1.0,False,"[0.9999012330650968, -0.01402998512773942, 0.0008268205455086589]",True,0.9999955200699289,diagnostic PCA of current input; not substituted into estimators,0.4138876765877985,1.0,True,candidate-reported accepted original input rows; applicability does not certify accuracy,113725e057bb440c4939099871fc1063e6c98527aaf7e197dc839ee84318cf4d,b42b2ec3935135715fbb3b2798ae4a924a698abe505d69f010a2e496ef4af5df,APPLY,,"[0.11692600852706714, -0.11825639294772909]",,True,0.19560718499997165,original row and source ID,1f7c59985db95fbb2340c1fc97d54ed5aa36fe9d31b90e30b3dde4e8c42db6d8,/srv/slam-research/grf/map-denoise/runs/multiscan-pilot-v1/real-transfer-v5-zrtui_f5/outputs/da_junction__small_rotation__node_intercepts.npz,f9c9a4737b8438e87674798071adf9c7a02aa6c29ab8e3944c06a1ec22d5fbee,"[0.0002333462727686559, -0.000548469028278006, 0.9999998223656054]",0.0010678386368191814,89.9388173412817,0.0017180661998404652,3.7718041401401984e-14,0.22442832743740934,1.4675202321989801e-15,3.4999999999999996,"[1.4592420827451224e-15, -1.4758453428522096e-15]",evaluation-only injection-space diagnostic; not a candidate or real geometry bound,known injection constant-axis diagnostic; not a bound on pooling or GICP,0.9999999643515156
da_junction__small_rotation,da_junction,small_rotation,graph_shared,delivery_area,1591,2,2.0,/srv/slam-research/grf/map-denoise/runs/multiscan-pilot-v1/real-components-v4-h3dnauhf/inputs/da_junction__small_rotation.npz,not_measured,3.50854446865275,3.4798647686510593,0.44768904433201917,0.31301436211955513,0.00045709820841497226,0.31301402836668496,3.4947374894548267,3.479800252332016,0.3227697694503957,0.37067134195862256,0.0006368379038633187,0.3706707948933802,3.4999999999999996,3.479802282672482,0.37546780621963,6.242454399460858e-10,0.7434080196217995,1.0,False,"[0.9999012330650968, -0.01402998512773942, 0.0008268205455086589]",True,0.9999955200699289,diagnostic PCA of current input; not substituted into estimators,0.3514881168726671,1.0,False,fraction only; point mask unavailable; applicability does not certify accuracy,,,APPLY,,"[0.11692600852650736, -0.11825639294716296]",,True,0.09856101700279396,original row and source ID,1f7c59985db95fbb2340c1fc97d54ed5aa36fe9d31b90e30b3dde4e8c42db6d8,/srv/slam-research/grf/map-denoise/runs/multiscan-pilot-v1/real-transfer-v5-zrtui_f5/outputs/da_junction__small_rotation__graph_shared.npz,f334523a1d600d3c1d5879a7e312ec61cc1085f1a9062f7f7818000af232edb2,"[0.0002333462727832111, -0.0005484690282551302, 0.9999998223656054]",0.0010678386368334143,89.9388173412809,0.001718066199826207,3.899431899903506e-14,0.22442832743740065,1.4680684925404844e-15,3.4999999999999996,"[1.4597872503994207e-15, -1.4763967134254572e-15]",evaluation-only injection-space diagnostic; not a candidate or real geometry bound,known injection constant-axis diagnostic; not a bound on pooling or GICP,0.9999999643515156
da_junction__small_rotation,da_junction,small_rotation,measure_unbalanced,delivery_area,1591,2,2.0,/srv/slam-research/grf/map-denoise/runs/multiscan-pilot-v1/real-components-v4-h3dnauhf/inputs/da_junction__small_rotation.npz,not_measured,3.502446244164751,3.47980228449282,0.39762514269387417,0.10811533769110965,1.028754375120864e-05,0.10811533720166216,3.5000740362534497,3.479802284175271,0.3761573105817257,0.13088045409371124,0.00011255590976954074,0.13088040569521184,3.4999999999999996,3.479802282672482,0.37546780621963,2.2814503345439035e-14,0.13162292717093427,1.0,False,"[0.9999012330650968, -0.01402998512773942, 0.0008268205455086589]",True,0.9999955200699289,diagnostic PCA of current input; not substituted into estimators,5.109766428384784e-14,1.0,True,"whole-scan applicability, not point-level confidence; applicability does not certify accuracy",113725e057bb440c4939099871fc1063e6c98527aaf7e197dc839ee84318cf4d,,APPLY,,"[0.13014216924024077, -0.13162292717091356]",0.6225778029032649,True,0.03200679300061893,original row and source ID,1f7c59985db95fbb2340c1fc97d54ed5aa36fe9d31b90e30b3dde4e8c42db6d8,/srv/slam-research/grf/map-denoise/runs/multiscan-pilot-v1/real-transfer-v5-zrtui_f5/outputs/da_junction__small_rotation__measure_unbalanced.npz,97fd73689d207b41bbd5690306c200f697d66a5b5279ba5c35cab157474844c3,"[0.0011033892149857898, 0.00037110192198863695, 0.9999993224075724]",0.0019248936674299624,89.88971164873772,0.0008599902144396472,4.320162136682815e-14,0.2240643194137402,1.4707604508172695e-15,3.4999999999999996,"[1.4624640235820247e-15, -1.479103942940101e-15]",evaluation-only injection-space diagnostic; not a candidate or real geometry bound,known injection constant-axis diagnostic; not a bound on pooling or GICP,0.9999996914989865
da_junction__small_rotation,da_junction,small_rotation,official_gicp,delivery_area,1591,2,2.0,/srv/slam-research/grf/map-denoise/runs/multiscan-pilot-v1/real-components-v4-h3dnauhf/inputs/da_junction__small_rotation.npz,not_measured,6.494145780155129,6.409136745529542,1.0473278335887424,8.500154591119571,8.4171497290437,1.1849972623557774,3.5834625686942574,3.5637426565322707,0.3754227740097292,5.8753228332144705,5.808829477057066,0.8814298048989749,3.4999999999999996,3.479802282672482,0.37546780621963,1.6647019537828396e-14,12.61584226144846,1.0,False,"[0.9999012330650968, -0.01402998512773942, 0.0008268205455086589]",False,0.9999955200699289,diagnostic PCA of current input; not substituted into estimators,5.592885941237465,1.0,True,"successfully linked registration component, not point-level inliers; applicability does not certify accuracy",113725e057bb440c4939099871fc1063e6c98527aaf7e197dc839ee84318cf4d,,APPLY,,,,True,0.019244445007643662,original row and source ID,1f7c59985db95fbb2340c1fc97d54ed5aa36fe9d31b90e30b3dde4e8c42db6d8,/srv/slam-research/grf/map-denoise/runs/multiscan-pilot-v1/real-transfer-v5-zrtui_f5/outputs/da_junction__small_rotation__official_gicp.npz,1be76dc24e9f443c7be50058be82da54685c0ad2627fab372ac830e3f616552a,,,,,,,,,,,,
da_thin__zero,da_thin,zero,identity,delivery_area,1529,2,2.0,/srv/slam-research/grf/map-denoise/runs/multiscan-pilot-v1/real-components-v4-h3dnauhf/inputs/da_thin__zero.npz,not_measured,0.0,0.0,0.0,0.0,0.0,0.0,0.0,0.0,0.0,0.0,0.0,0.0,0.0,0.0,0.0,0.0,0.0,0.0,True,"[-0.9999682844256288, -0.003389019595225585, 0.00720726640607616]",False,1.0000000000000002,diagnostic PCA of current input; not substituted into estimators,0.0,,False,fraction only; point mask unavailable; applicability does not certify accuracy,,,IDENTITY,,,,True,1.2519012670964003e-05,original row and source ID,237ce89fb5f15f44aa740de6951c33fcbe829ca2da28b3d09cdfb333f8dd23d8,/srv/slam-research/grf/map-denoise/runs/multiscan-pilot-v1/real-transfer-v5-zrtui_f5/outputs/da_thin__zero__identity.npz,7b896b0a095df4511d48fe891e13dc34b58e2fd2a6a1e763ffe1be27602a36d7,,,,,,,,,,,,
da_thin__zero,da_thin,zero,pool_independent,delivery_area,1529,2,2.0,/srv/slam-research/grf/map-denoise/runs/multiscan-pilot-v1/real-components-v4-h3dnauhf/inputs/da_thin__zero.npz,not_measured,0.502524321185938,0.0035629209180126457,0.5025116903893081,0.502524321185938,0.0035629209180126457,0.5025116903893081,0.0,0.0,0.0,0.502524321185938,0.0035629209180126457,0.5025116903893081,0.0,0.0,0.0,9.128408900929474e-13,1.024883054717196,1.0,False,"[-0.9999682844256288, -0.003389019595225585, 0.00720726640607616]",True,1.0000000000000002,diagnostic PCA of current input; not substituted into estimators,0.49943412196427817,1.0,False,fraction only; point mask unavailable; applicability does not certify accuracy,,,APPLY,,"[-0.05046659699339322, 0.045987686510229574]",,True,0.09583854700031225,original row and source ID,237ce89fb5f15f44aa740de6951c33fcbe829ca2da28b3d09cdfb333f8dd23d8,/srv/slam-research/grf/map-denoise/runs/multiscan-pilot-v1/real-transfer-v5-zrtui_f5/outputs/da_thin__zero__pool_independent.npz,88b22cc629fd4457a0c3606be691a9e757311977b346adda82488515c1507503,"[0.00010348809916534, 0.004035426823258508, 0.9999918522770911]",0.007090046725706596,89.59376684254497,0.007090046725706596,2.5949221966973993e-13,0.0,0.0,0.0,"[0.0, 0.0]",evaluation-only injection-space diagnostic; not a candidate or real geometry bound,known injection constant-axis diagnostic; not a bound on pooling or GICP,1.0
da_thin__zero,da_thin,zero,pool_compatible,delivery_area,1529,2,2.0,/srv/slam-research/grf/map-denoise/runs/multiscan-pilot-v1/real-components-v4-h3dnauhf/inputs/da_thin__zero.npz,not_measured,0.5329524230633623,0.0037786575820972996,0.5329390274656065,0.5329524230633623,0.0037786575820972996,0.5329390274656065,0.0,0.0,0.0,0.5329524230633623,0.0037786575820972996,0.5329390274656065,0.0,0.0,0.0,2.547621583395143e-13,1.0668885675291617,1.0,False,"[-0.9999682844256288, -0.003389019595225585, 0.00720726640607616]",True,1.0000000000000002,diagnostic PCA of current input; not substituted into estimators,0.5313070321032716,1.0,True,candidate-reported accepted original input rows; applicability does not certify accuracy,79d9725576a7dff91660e2ee06f55a4433eabc5d261751344faa80b4686bd68b,0f757082d592eb9089046b4ea1393779289039bdf014dc7dc3190eeb93b69fb2,APPLY,,"[-0.05046659699339322, 0.045987686510229574]",,True,0.14057915599551052,original row and source ID,237ce89fb5f15f44aa740de6951c33fcbe829ca2da28b3d09cdfb333f8dd23d8,/srv/slam-research/grf/map-denoise/runs/multiscan-pilot-v1/real-transfer-v5-zrtui_f5/outputs/da_thin__zero__pool_compatible.npz,b073bdd2cad5dc8797b5a8a427e4367f2c1c28751acdf6d1cc74f211479aef32,"[0.00010348809916534, 0.004035426823258508, 0.9999918522770911]",0.007090046725706596,89.59376684254497,0.007090046725706596,2.606476453752543e-13,0.0,0.0,0.0,"[0.0, 0.0]",evaluation-only injection-space diagnostic; not a candidate or real geometry bound,known injection constant-axis diagnostic; not a bound on pooling or GICP,1.0
da_thin__zero,da_thin,zero,shared_group_slope,delivery_area,1529,2,2.0,/srv/slam-research/grf/map-denoise/runs/multiscan-pilot-v1/real-components-v4-h3dnauhf/inputs/da_thin__zero.npz,not_measured,0.8359891241858061,0.00592720195265923,0.8359681118523381,0.8359891241858061,0.00592720195265923,0.8359681118523381,0.0,0.0,0.0,0.8359891241858061,0.00592720195265923,0.8359681118523381,0.0,0.0,0.0,2.142785222817509e-13,1.6357617065558614,1.0,False,"[-0.9999682844256288, -0.003389019595225585, 0.00720726640607616]",True,1.0000000000000002,diagnostic PCA of current input; not substituted into estimators,0.8358520693940471,1.0,True,candidate-reported accepted original input rows; applicability does not certify accuracy,79d9725576a7dff91660e2ee06f55a4433eabc5d261751344faa80b4686bd68b,0f757082d592eb9089046b4ea1393779289039bdf014dc7dc3190eeb93b69fb2,APPLY,,"[-0.05046659699339322, 0.045987686510229574]",,True,0.14182050499948673,original row and source ID,237ce89fb5f15f44aa740de6951c33fcbe829ca2da28b3d09cdfb333f8dd23d8,/srv/slam-research/grf/map-denoise/runs/multiscan-pilot-v1/real-transfer-v5-zrtui_f5/outputs/da_thin__zero__shared_group_slope.npz,e77153d66ce2c997638082d28a8c54938be0a3f3c2251756a8bc7c54c4dc9754,"[0.00010348809916534, 0.004035426823258508, 0.9999918522770911]",0.007090046725706596,89.59376684254497,0.007090046725706596,2.6369732869628105e-13,0.0,0.0,0.0,"[0.0, 0.0]",evaluation-only injection-space diagnostic; not a candidate or real geometry bound,known injection constant-axis diagnostic; not a bound on pooling or GICP,1.0
da_thin__zero,da_thin,zero,node_intercepts,delivery_area,1529,2,2.0,/srv/slam-research/grf/map-denoise/runs/multiscan-pilot-v1/real-components-v4-h3dnauhf/inputs/da_thin__zero.npz,not_measured,0.5228653882602358,0.003707140034020195,0.5228522461970448,0.5228653882602358,0.003707140034020195,0.5228522461970448,0.0,0.0,0.0,0.5228653882602358,0.003707140034020195,0.5228522461970448,0.0,0.0,0.0,7.270176174798635e-16,1.0499612092089183,1.0,False,"[-0.9999682844256288, -0.003389019595225585, 0.00720726640607616]",True,1.0000000000000002,diagnostic PCA of current input; not substituted into estimators,0.5209923343197792,1.0,True,candidate-reported accepted original input rows; applicability does not certify accuracy,79d9725576a7dff91660e2ee06f55a4433eabc5d261751344faa80b4686bd68b,0f757082d592eb9089046b4ea1393779289039bdf014dc7dc3190eeb93b69fb2,APPLY,,"[-0.05046659699339322, 0.045987686510229574]",,True,0.14210396299313288,original row and source ID,237ce89fb5f15f44aa740de6951c33fcbe829ca2da28b3d09cdfb333f8dd23d8,/srv/slam-research/grf/map-denoise/runs/multiscan-pilot-v1/real-transfer-v5-zrtui_f5/outputs/da_thin__zero__node_intercepts.npz,defc1b130c3b694f301a27b4197bf0d6dd986d2e75de8cebfc12c7f049cd76d7,"[0.00010348809916534, 0.004035426823258508, 0.9999918522770911]",0.007090046725706596,89.59376684254497,0.007090046725706596,2.5856444291617276e-13,0.0,0.0,0.0,"[0.0, 0.0]",evaluation-only injection-space diagnostic; not a candidate or real geometry bound,known injection constant-axis diagnostic; not a bound on pooling or GICP,1.0
da_thin__zero,da_thin,zero,graph_shared,delivery_area,1529,2,2.0,/srv/slam-research/grf/map-denoise/runs/multiscan-pilot-v1/real-components-v4-h3dnauhf/inputs/da_thin__zero.npz,not_measured,0.551857996588845,0.0039126989817535335,0.551844125805224,0.551857996588845,0.0039126989817535335,0.551844125805224,0.0,0.0,0.0,0.551857996588845,0.0039126989817535335,0.551844125805224,0.0,0.0,0.0,1.5032077712146796e-09,1.1202604715690658,1.0,False,"[-0.9999682844256288, -0.003389019595225585, 0.00720726640607616]",True,1.0000000000000002,diagnostic PCA of current input; not substituted into estimators,0.5497518781875416,1.0,False,fraction only; point mask unavailable; applicability does not certify accuracy,,,APPLY,,"[-0.05046659699326941, 0.045987686510116754]",,True,0.07684695199714042,original row and source ID,237ce89fb5f15f44aa740de6951c33fcbe829ca2da28b3d09cdfb333f8dd23d8,/srv/slam-research/grf/map-denoise/runs/multiscan-pilot-v1/real-transfer-v5-zrtui_f5/outputs/da_thin__zero__graph_shared.npz,244f359211f3a52b9672f85e82b6a6c7d1114fefb7b24fb359866de7fc41e398,"[0.00010348809919505877, 0.004035426823307344, 0.9999918522770909]",0.0070900467256767115,89.59376684254667,0.0070900467256767115,2.5487242451004497e-13,0.0,0.0,0.0,"[0.0, 0.0]",evaluation-only injection-space diagnostic; not a candidate or real geometry bound,known injection constant-axis diagnostic; not a bound on pooling or GICP,1.0
da_thin__zero,da_thin,zero,measure_unbalanced,delivery_area,1529,2,2.0,/srv/slam-research/grf/map-denoise/runs/multiscan-pilot-v1/real-components-v4-h3dnauhf/inputs/da_thin__zero.npz,not_measured,0.023253111884020867,0.0001477354403649386,0.023252642570909067,0.023253111884020867,0.0001477354403649386,0.023252642570909067,0.0,0.0,0.0,0.023253111884020867,0.0001477354403649386,0.023252642570909067,0.0,0.0,0.0,2.1317809882583802e-13,0.024359160143839077,1.0,False,"[-0.9999682844256288, -0.003389019595225585, 0.00720726640607616]",True,1.0000000000000002,diagnostic PCA of current input; not substituted into estimators,1.371729914235656e-13,1.0,True,"whole-scan applicability, not point-level confidence; applicability does not certify accuracy",79d9725576a7dff91660e2ee06f55a4433eabc5d261751344faa80b4686bd68b,,APPLY,,"[-0.024359160143450645, 0.022197284680719402]",0.5677152061733941,True,0.03168692399049178,original row and source ID,237ce89fb5f15f44aa740de6951c33fcbe829ca2da28b3d09cdfb333f8dd23d8,/srv/slam-research/grf/map-denoise/runs/multiscan-pilot-v1/real-transfer-v5-zrtui_f5/outputs/da_thin__zero__measure_unbalanced.npz,07bf16f470008235000bb1e20976677a835d93b4e28fda58428fe4d349f3ccef,"[0.000834916452275186, 0.005576751737504715, 0.9999841012509029]",0.006353362126219432,89.63597671544194,0.006353362126219432,3.187842968837432e-13,0.0,0.0,0.0,"[0.0, 0.0]",evaluation-only injection-space diagnostic; not a candidate or real geometry bound,known injection constant-axis diagnostic; not a bound on pooling or GICP,1.0
da_thin__zero,da_thin,zero,official_gicp,delivery_area,1529,2,2.0,/srv/slam-research/grf/map-denoise/runs/multiscan-pilot-v1/real-components-v4-h3dnauhf/inputs/da_thin__zero.npz,not_measured,13.179099179955513,8.152474755783702,10.354989645162059,13.179099179955513,8.152474755783702,10.354989645162059,0.0,0.0,0.0,13.179099179955513,8.152474755783702,10.354989645162059,0.0,0.0,0.0,1.0466880370378558e-13,20.083282046739576,1.0,False,"[-0.9999682844256288, -0.003389019595225585, 0.00720726640607616]",False,1.0000000000000002,diagnostic PCA of current input; not substituted into estimators,5.567863386113598,1.0,True,"successfully linked registration component, not point-level inliers; applicability does not certify accuracy",79d9725576a7dff91660e2ee06f55a4433eabc5d261751344faa80b4686bd68b,,APPLY,,,,True,0.0272121430025436,original row and source ID,237ce89fb5f15f44aa740de6951c33fcbe829ca2da28b3d09cdfb333f8dd23d8,/srv/slam-research/grf/map-denoise/runs/multiscan-pilot-v1/real-transfer-v5-zrtui_f5/outputs/da_thin__zero__official_gicp.npz,17de439f846e624c9b2a7de039e1e4e2c518a5a17d5d1697a4077dd7950748be,,,,,,,,,,,,
da_thin__normal_translation,da_thin,normal_translation,identity,delivery_area,1529,2,2.0,/srv/slam-research/grf/map-denoise/runs/multiscan-pilot-v1/real-components-v4-h3dnauhf/inputs/da_thin__normal_translation.npz,not_measured,3.4999999999999964,3.499999999999998,1.4243311550394859e-13,0.0,0.0,0.0,3.4999999999999964,3.499999999999998,1.4243311550394859e-13,0.0,0.0,0.0,3.4999999999999964,3.499999999999998,1.4243311550394859e-13,5.021168616437167e-14,0.0,0.0,True,"[-0.9999676526741448, -0.0023905933283747544, 0.007679757085956442]",False,0.9999993899485742,diagnostic PCA of current input; not substituted into estimators,0.0,,False,fraction only; point mask unavailable; applicability does not certify accuracy,,,IDENTITY,,,,True,1.0621006367728114e-05,original row and source ID,237ce89fb5f15f44aa740de6951c33fcbe829ca2da28b3d09cdfb333f8dd23d8,/srv/slam-research/grf/map-denoise/runs/multiscan-pilot-v1/real-transfer-v5-zrtui_f5/outputs/da_thin__normal_translation__identity.npz,11d84f53606cf1913a4f83e1b01c18af8af8dfff2434bd9bc182de61e7cb813e,,,,,,,,,,,,
da_thin__normal_translation,da_thin,normal_translation,pool_independent,delivery_area,1529,2,2.0,/srv/slam-research/grf/map-denoise/runs/multiscan-pilot-v1/real-components-v4-h3dnauhf/inputs/da_thin__normal_translation.npz,not_measured,3.5357389405764375,3.500178545049693,0.5001999686949272,0.502524321185938,0.0035629209180126457,0.5025116903893081,3.5002635626756966,3.4997822518521593,0.058044791461341116,0.5002125413856989,0.003546530291208977,0.5001999686949541,3.4999999999999964,3.499999999999998,1.4243311550394859e-13,3.40766471895124e-13,1.0153782394152941,1.0,False,"[-0.9999676526741448, -0.0023905933283747544, 0.007679757085956442]",True,0.9999993899485742,diagnostic PCA of current input; not substituted into estimators,0.4995909290935012,1.0,False,fraction only; point mask unavailable; applicability does not certify accuracy,,,APPLY,,"[-0.019576993526652438, 0.017839535351162037]",,True,0.08153563199448399,original row and source ID,237ce89fb5f15f44aa740de6951c33fcbe829ca2da28b3d09cdfb333f8dd23d8,/srv/slam-research/grf/map-denoise/runs/multiscan-pilot-v1/real-transfer-v5-zrtui_f5/outputs/da_thin__normal_translation__pool_independent.npz,7f8160e933dfc118d6d849e971b6a5f4fb9b431138738a00b039e627ed6e716b,"[0.0001034880991653121, 0.00403542682325839, 0.9999918522770911]",0.0075665626973808265,89.56646375508606,0.007090046725706625,2.546786612651913e-13,0.0248151635400391,0.0248151635400391,3.499912028559927,"[0.025995511726540476, -0.023688410060810006]",evaluation-only injection-space diagnostic; not a candidate or real geometry bound,known injection constant-axis diagnostic; not a bound on pooling or GICP,1.0
da_thin__normal_translation,da_thin,normal_translation,pool_compatible,delivery_area,1529,2,2.0,/srv/slam-research/grf/map-denoise/runs/multiscan-pilot-v1/real-components-v4-h3dnauhf/inputs/da_thin__normal_translation.npz,not_measured,3.5401009156927494,3.50008293723239,0.530786139403935,0.5329524230633623,0.0037786575820972996,0.5329390274656065,3.5001824385211484,3.499784235203749,0.05279592741078836,0.5307994808881714,0.0037633931214781716,0.530786139403965,3.4999999999999964,3.499999999999998,1.4243311550394859e-13,2.427619082470034e-13,1.053604306577465,1.0,False,"[-0.9999676526741448, -0.0023905933283747544, 0.007679757085956442]",True,0.9999993899485742,diagnostic PCA of current input; not substituted into estimators,0.5306767797356954,1.0,True,candidate-reported accepted original input rows; applicability does not certify accuracy,79d9725576a7dff91660e2ee06f55a4433eabc5d261751344faa80b4686bd68b,0f757082d592eb9089046b4ea1393779289039bdf014dc7dc3190eeb93b69fb2,APPLY,,"[-0.019576993526652438, 0.017839535351162037]",,True,0.12724234400957357,original row and source ID,237ce89fb5f15f44aa740de6951c33fcbe829ca2da28b3d09cdfb333f8dd23d8,/srv/slam-research/grf/map-denoise/runs/multiscan-pilot-v1/real-transfer-v5-zrtui_f5/outputs/da_thin__normal_translation__pool_compatible.npz,990914aa74bb48c8c7e01a52d5c3de8febcc1a59973a4ae3f1d71910d4fd5899,"[0.0001034880991653121, 0.00403542682325839, 0.9999918522770911]",0.0075665626973808265,89.56646375508606,0.007090046725706625,2.537056717834194e-13,0.0248151635400391,0.0248151635400391,3.499912028559927,"[0.025995511726540476, -0.023688410060810006]",evaluation-only injection-space diagnostic; not a candidate or real geometry bound,known injection constant-axis diagnostic; not a bound on pooling or GICP,1.0
da_thin__normal_translation,da_thin,normal_translation,shared_group_slope,delivery_area,1529,2,2.0,/srv/slam-research/grf/map-denoise/runs/multiscan-pilot-v1/real-components-v4-h3dnauhf/inputs/da_thin__normal_translation.npz,not_measured,3.5988218473432867,3.499914419446961,0.8379246657442357,0.8359891241858061,0.00592720195265923,0.8359681118523381,3.500417941822962,3.4998020802941117,0.06565947155673607,0.8379457272563512,0.005941074359853878,0.8379246657442576,3.4999999999999964,3.499999999999998,1.4243311550394859e-13,1.722937160588629e-13,1.6455178122623975,1.0,False,"[-0.9999676526741448, -0.0023905933283747544, 0.007679757085956442]",True,0.9999993899485742,diagnostic PCA of current input; not substituted into estimators,0.8378482401952851,1.0,True,candidate-reported accepted original input rows; applicability does not certify accuracy,79d9725576a7dff91660e2ee06f55a4433eabc5d261751344faa80b4686bd68b,0f757082d592eb9089046b4ea1393779289039bdf014dc7dc3190eeb93b69fb2,APPLY,,"[-0.019576993526652438, 0.017839535351162037]",,True,0.12754130898974836,original row and source ID,237ce89fb5f15f44aa740de6951c33fcbe829ca2da28b3d09cdfb333f8dd23d8,/srv/slam-research/grf/map-denoise/runs/multiscan-pilot-v1/real-transfer-v5-zrtui_f5/outputs/da_thin__normal_translation__shared_group_slope.npz,4b56f51b03561c20af5cdfa9122e14ef628ef6456b2a46b86178e7b73e7683eb,"[0.0001034880991653121, 0.00403542682325839, 0.9999918522770911]",0.0075665626973808265,89.56646375508606,0.007090046725706625,2.5595872965575137e-13,0.0248151635400391,0.0248151635400391,3.499912028559927,"[0.025995511726540476, -0.023688410060810006]",evaluation-only injection-space diagnostic; not a candidate or real geometry bound,known injection constant-axis diagnostic; not a bound on pooling or GICP,1.0
da_thin__normal_translation,da_thin,normal_translation,node_intercepts,delivery_area,1529,2,2.0,/srv/slam-research/grf/map-denoise/runs/multiscan-pilot-v1/real-components-v4-h3dnauhf/inputs/da_thin__normal_translation.npz,not_measured,3.5385838453135596,3.5001070798081324,0.5204095120105788,0.5228653882602358,0.003707140034020195,0.5228522461970448,3.500265471979355,3.4997916487919394,0.05759157383725024,0.5204225926748717,0.0036898204991785122,0.520409512010608,3.4999999999999964,3.499999999999998,1.4243311550394859e-13,3.466915762502398e-13,1.049568169766144,1.0,False,"[-0.9999676526741448, -0.0023905933283747544, 0.007679757085956442]",True,0.9999993899485742,diagnostic PCA of current input; not substituted into estimators,0.5202112872266113,1.0,True,candidate-reported accepted original input rows; applicability does not certify accuracy,79d9725576a7dff91660e2ee06f55a4433eabc5d261751344faa80b4686bd68b,0f757082d592eb9089046b4ea1393779289039bdf014dc7dc3190eeb93b69fb2,APPLY,,"[-0.019576993526652438, 0.017839535351162037]",,True,0.12745513999834657,original row and source ID,237ce89fb5f15f44aa740de6951c33fcbe829ca2da28b3d09cdfb333f8dd23d8,/srv/slam-research/grf/map-denoise/runs/multiscan-pilot-v1/real-transfer-v5-zrtui_f5/outputs/da_thin__normal_translation__node_intercepts.npz,dfd6a159411cf633c37bd1f739f6e53dcf53a716d3fbc08a89ee38c3d79cda1b,"[0.0001034880991653121, 0.00403542682325839, 0.9999918522770911]",0.0075665626973808265,89.56646375508606,0.007090046725706625,2.5206626368398547e-13,0.0248151635400391,0.0248151635400391,3.499912028559927,"[0.025995511726540476, -0.023688410060810006]",evaluation-only injection-space diagnostic; not a candidate or real geometry bound,known injection constant-axis diagnostic; not a bound on pooling or GICP,1.0
da_thin__normal_translation,da_thin,normal_translation,graph_shared,delivery_area,1529,2,2.0,/srv/slam-research/grf/map-denoise/runs/multiscan-pilot-v1/real-components-v4-h3dnauhf/inputs/da_thin__normal_translation.npz,not_measured,3.5432471444401257,3.5001334460646687,0.5510591495679722,0.551857996588845,0.0039126989817535335,0.551844125805224,3.500899528025865,3.4997898065110307,0.08814088479933294,0.5510730006209831,0.003907133323661486,0.551059149567998,3.4999999999999964,3.499999999999998,1.4243311550394859e-13,1.503365725955946e-09,1.1117763345570861,1.0,False,"[-0.9999676526741448, -0.0023905933283747544, 0.007679757085956442]",True,0.9999993899485742,diagnostic PCA of current input; not substituted into estimators,0.5507618994356689,1.0,False,fraction only; point mask unavailable; applicability does not certify accuracy,,,APPLY,,"[-0.01957699352691528, 0.01783953535140155]",,True,0.06277254001179244,original row and source ID,237ce89fb5f15f44aa740de6951c33fcbe829ca2da28b3d09cdfb333f8dd23d8,/srv/slam-research/grf/map-denoise/runs/multiscan-pilot-v1/real-transfer-v5-zrtui_f5/outputs/da_thin__normal_translation__graph_shared.npz,8f1468e71336bd80eb554968576e73d490a91a09e6b54f3077deea8977d6dc02,"[0.00010348809919493423, 0.004035426823307223, 0.9999918522770909]",0.007566562697351086,89.56646375508777,0.007090046725676836,2.5976535536647206e-13,0.024815163539934845,0.024815163539934845,3.499912028559928,"[0.02599551172643126, -0.023688410060710485]",evaluation-only injection-space diagnostic; not a candidate or real geometry bound,known injection constant-axis diagnostic; not a bound on pooling or GICP,1.0
da_thin__normal_translation,da_thin,normal_translation,measure_unbalanced,delivery_area,1529,2,2.0,/srv/slam-research/grf/map-denoise/runs/multiscan-pilot-v1/real-components-v4-h3dnauhf/inputs/da_thin__normal_translation.npz,not_measured,3.5000022438259983,3.500002226285631,0.00035040355692166753,0.023253111884020867,0.0001477354403649386,0.023252642570909067,3.4999294235229415,3.4998544908452667,0.022902239013987403,0.0003504106291263973,2.226285633343874e-06,0.00035040355685557234,3.4999999999999964,3.499999999999998,1.4243311550394859e-13,4.1789475574316176e-14,0.0003670781215409627,1.0,False,"[-0.9999676526741448, -0.0023905933283747544, 0.007679757085956442]",True,0.9999993899485742,diagnostic PCA of current input; not substituted into estimators,8.866525811611708e-14,1.0,True,"whole-scan applicability, not point-level confidence; applicability does not certify accuracy",79d9725576a7dff91660e2ee06f55a4433eabc5d261751344faa80b4686bd68b,,APPLY,,"[-0.0003670781215328404, 0.00033449993824680077]",0.5677955837784161,True,0.032905136002227664,original row and source ID,237ce89fb5f15f44aa740de6951c33fcbe829ca2da28b3d09cdfb333f8dd23d8,/srv/slam-research/grf/map-denoise/runs/multiscan-pilot-v1/real-transfer-v5-zrtui_f5/outputs/da_thin__normal_translation__measure_unbalanced.npz,a0f51401262affcfe840084da5bcf677ce98cb99e87b5529cd42ffdf13980a52,"[0.0008349164522753154, 0.005576751737504382, 0.999984101250903]",0.006831413796966954,89.60858577685228,0.0063533621262193045,2.6429201376328476e-13,0.022236767441833637,0.022236767441833647,3.499929360169105,"[0.023294472666353785, -0.021227088217214883]",evaluation-only injection-space diagnostic; not a candidate or real geometry bound,known injection constant-axis diagnostic; not a bound on pooling or GICP,1.0000000000000002
da_thin__normal_translation,da_thin,normal_translation,official_gicp,delivery_area,1529,2,2.0,/srv/slam-research/grf/map-denoise/runs/multiscan-pilot-v1/real-components-v4-h3dnauhf/inputs/da_thin__normal_translation.npz,not_measured,11.835114260367984,7.525904233001747,9.134040454894645,13.179099179955513,8.152474755783702,10.354989645162059,1.8792371847878586,1.3755624600026284,1.2803750682206028,10.823182348196191,5.806081390288585,9.13404045489455,3.4999999999999964,3.499999999999998,1.4243311550394859e-13,1.2575547094395851e-13,16.50725343005681,1.0,False,"[-0.9999676526741448, -0.0023905933283747544, 0.007679757085956442]",False,0.9999993899485742,diagnostic PCA of current input; not substituted into estimators,5.89638740553453,1.0,True,"successfully linked registration component, not point-level inliers; applicability does not certify accuracy",79d9725576a7dff91660e2ee06f55a4433eabc5d261751344faa80b4686bd68b,,APPLY,,,,True,0.020021069998620078,original row and source ID,237ce89fb5f15f44aa740de6951c33fcbe829ca2da28b3d09cdfb333f8dd23d8,/srv/slam-research/grf/map-denoise/runs/multiscan-pilot-v1/real-transfer-v5-zrtui_f5/outputs/da_thin__normal_translation__official_gicp.npz,96a2daa684bd30d76b3cce5cd853770b70499416a99e0971ef199535567ff0ff,,,,,,,,,,,,
da_thin__tangent_translation,da_thin,tangent_translation,identity,delivery_area,1529,2,2.0,/srv/slam-research/grf/map-denoise/runs/multiscan-pilot-v1/real-components-v4-h3dnauhf/inputs/da_thin__tangent_translation.npz,not_measured,3.500000000000015,2.442617926098792e-14,3.500000000000015,0.0,0.0,0.0,3.500000000000015,2.442617926098792e-14,3.500000000000015,0.0,0.0,0.0,3.500000000000015,2.442617926098792e-14,3.500000000000015,2.368895622089937e-13,0.0,0.0,True,"[-0.99996823811241, -0.003388969286418685, 0.007213712881599509]",False,0.9999999999792193,diagnostic PCA of current input; not substituted into estimators,0.0,,False,fraction only; point mask unavailable; applicability does not certify accuracy,,,IDENTITY,,,,True,1.0821007890626788e-05,original row and source ID,237ce89fb5f15f44aa740de6951c33fcbe829ca2da28b3d09cdfb333f8dd23d8,/srv/slam-research/grf/map-denoise/runs/multiscan-pilot-v1/real-transfer-v5-zrtui_f5/outputs/da_thin__tangent_translation__identity.npz,e3f5a189c7d94970fab8390859dec7616ad94e44d5d3b9629e567ad53fe1f0a8,,,,,,,,,,,,
da_thin__tangent_translation,da_thin,tangent_translation,pool_independent,delivery_area,1529,2,2.0,/srv/slam-research/grf/map-denoise/runs/multiscan-pilot-v1/real-components-v4-h3dnauhf/inputs/da_thin__tangent_translation.npz,not_measured,0.5036568567559507,0.02467693927582583,0.5030519635437889,0.502524321185938,0.0035629209180126457,0.5025116903893081,0.03144450325679345,0.024815899237520152,0.019311342006700136,3.4805044635841997,0.02467693927584214,3.480416982158534,3.500000000000015,2.442617926098792e-14,3.500000000000015,9.856303357424196e-13,4.228252019982855,1.0,False,"[-0.99996823811241, -0.003388969286418685, 0.007213712881599509]",True,0.9999999999792193,diagnostic PCA of current input; not substituted into estimators,0.49988395402594876,1.0,False,fraction only; point mask unavailable; applicability does not certify accuracy,,,APPLY,,"[3.6150568351976555, -3.294220541073863]",,True,0.10386352900241036,original row and source ID,237ce89fb5f15f44aa740de6951c33fcbe829ca2da28b3d09cdfb333f8dd23d8,/srv/slam-research/grf/map-denoise/runs/multiscan-pilot-v1/real-transfer-v5-zrtui_f5/outputs/da_thin__tangent_translation__pool_independent.npz,517549c58f66c88583f681f7cfc33b74043c6f1a39d9626e48b5d8ea63363c8e,"[0.00010348809916535515, 0.004035426823258381, 0.9999918522770911]",0.00709649335651621,89.59339746851495,0.007090046725706582,2.6267695766815437e-13,3.4998988078184166,3.4998988078184166,0.026614564270923458,"[3.6663736007038756, -3.3409829436414062]",evaluation-only injection-space diagnostic; not a candidate or real geometry bound,known injection constant-axis diagnostic; not a bound on pooling or GICP,1.0
da_thin__tangent_translation,da_thin,tangent_translation,pool_compatible,delivery_area,1529,2,2.0,/srv/slam-research/grf/map-denoise/runs/multiscan-pilot-v1/real-components-v4-h3dnauhf/inputs/da_thin__tangent_translation.npz,not_measured,0.5336146133595142,0.02480439578859446,0.5330378012302567,0.5329524230633623,0.0037786575820972996,0.5329390274656065,0.026617017012509906,0.024813392679802163,0.009631258399720276,3.4984812862623462,0.02480439578861072,3.498393352994686,3.500000000000015,2.442617926098792e-14,3.500000000000015,5.018116164256354e-13,4.359561159213594,1.0,False,"[-0.99996823811241, -0.003388969286418685, 0.007213712881599509]",True,0.9999999999792193,diagnostic PCA of current input; not substituted into estimators,0.5312933649525594,1.0,True,candidate-reported accepted original input rows; applicability does not certify accuracy,79d9725576a7dff91660e2ee06f55a4433eabc5d261751344faa80b4686bd68b,0f757082d592eb9089046b4ea1393779289039bdf014dc7dc3190eeb93b69fb2,APPLY,,"[3.6150568351976555, -3.294220541073863]",,True,0.1489982890052488,original row and source ID,237ce89fb5f15f44aa740de6951c33fcbe829ca2da28b3d09cdfb333f8dd23d8,/srv/slam-research/grf/map-denoise/runs/multiscan-pilot-v1/real-transfer-v5-zrtui_f5/outputs/da_thin__tangent_translation__pool_compatible.npz,be4d3ccbeae848156acad69da798bfd685195c05208cb84de647f03f77e2da40,"[0.00010348809916535515, 0.004035426823258381, 0.9999918522770911]",0.00709649335651621,89.59339746851495,0.007090046725706582,2.5492113492179167e-13,3.4998988078184166,3.4998988078184166,0.026614564270923458,"[3.6663736007038756, -3.3409829436414062]",evaluation-only injection-space diagnostic; not a candidate or real geometry bound,known injection constant-axis diagnostic; not a bound on pooling or GICP,1.0
da_thin__tangent_translation,da_thin,tangent_translation,shared_group_slope,delivery_area,1529,2,2.0,/srv/slam-research/grf/map-denoise/runs/multiscan-pilot-v1/real-components-v4-h3dnauhf/inputs/da_thin__tangent_translation.npz,not_measured,0.8364176071121726,0.025407201387636795,0.8360316307442563,0.8359891241858061,0.00592720195265923,0.8359681118523381,0.026615796573841777,0.024813707504886352,0.00962707365309284,3.583502672208578,0.025407201387652928,3.5834126019541306,3.500000000000015,2.442617926098792e-14,3.500000000000015,7.095545065144215e-13,4.8695543325837995,1.0,False,"[-0.99996823811241, -0.003388969286418685, 0.007213712881599509]",True,0.9999999999792193,diagnostic PCA of current input; not substituted into estimators,0.835855118910742,1.0,True,candidate-reported accepted original input rows; applicability does not certify accuracy,79d9725576a7dff91660e2ee06f55a4433eabc5d261751344faa80b4686bd68b,0f757082d592eb9089046b4ea1393779289039bdf014dc7dc3190eeb93b69fb2,APPLY,,"[3.6150568351976555, -3.294220541073863]",,True,0.14897384800133295,original row and source ID,237ce89fb5f15f44aa740de6951c33fcbe829ca2da28b3d09cdfb333f8dd23d8,/srv/slam-research/grf/map-denoise/runs/multiscan-pilot-v1/real-transfer-v5-zrtui_f5/outputs/da_thin__tangent_translation__shared_group_slope.npz,e54d5849354765121f1b402a1bb61ce6279edb1341c6bd279ab3307830d7d5ef,"[0.00010348809916535515, 0.004035426823258381, 0.9999918522770911]",0.00709649335651621,89.59339746851495,0.007090046725706582,2.625296491830512e-13,3.4998988078184166,3.4998988078184166,0.026614564270923458,"[3.6663736007038756, -3.3409829436414062]",evaluation-only injection-space diagnostic; not a candidate or real geometry bound,known injection constant-axis diagnostic; not a bound on pooling or GICP,1.0
da_thin__tangent_translation,da_thin,tangent_translation,node_intercepts,delivery_area,1529,2,2.0,/srv/slam-research/grf/map-denoise/runs/multiscan-pilot-v1/real-components-v4-h3dnauhf/inputs/da_thin__tangent_translation.npz,not_measured,0.5230727133763162,0.024773629913826093,0.5224857230008821,0.5228653882602358,0.003707140034020195,0.5228522461970448,0.0299573846344669,0.024810944873964718,0.016788743508627364,3.494141981324405,0.024773629913842344,3.4940541571238604,3.500000000000015,2.442617926098792e-14,3.500000000000015,1.8074930377608684e-12,4.307927737506883,1.0,False,"[-0.99996823811241, -0.003388969286418685, 0.007213712881599509]",True,0.9999999999792193,diagnostic PCA of current input; not substituted into estimators,0.5204759342235475,1.0,True,candidate-reported accepted original input rows; applicability does not certify accuracy,79d9725576a7dff91660e2ee06f55a4433eabc5d261751344faa80b4686bd68b,0f757082d592eb9089046b4ea1393779289039bdf014dc7dc3190eeb93b69fb2,APPLY,,"[3.6150568351976555, -3.294220541073863]",,True,0.1493142120016273,original row and source ID,237ce89fb5f15f44aa740de6951c33fcbe829ca2da28b3d09cdfb333f8dd23d8,/srv/slam-research/grf/map-denoise/runs/multiscan-pilot-v1/real-transfer-v5-zrtui_f5/outputs/da_thin__tangent_translation__node_intercepts.npz,b1e414e6ef57f473a81b34c9094ff3639b619569cc439790cd023363f4dd2221,"[0.00010348809916535515, 0.004035426823258381, 0.9999918522770911]",0.00709649335651621,89.59339746851495,0.007090046725706582,2.5303109637057564e-13,3.4998988078184166,3.4998988078184166,0.026614564270923458,"[3.6663736007038756, -3.3409829436414062]",evaluation-only injection-space diagnostic; not a candidate or real geometry bound,known injection constant-axis diagnostic; not a bound on pooling or GICP,1.0
da_thin__tangent_translation,da_thin,tangent_translation,graph_shared,delivery_area,1529,2,2.0,/srv/slam-research/grf/map-denoise/runs/multiscan-pilot-v1/real-components-v4-h3dnauhf/inputs/da_thin__tangent_translation.npz,not_measured,0.5531014849319658,0.02477630257845482,0.5525462763103978,0.551857996588845,0.0039126989817535335,0.551844125805224,0.042167150439920656,0.02480977768771173,0.03409609225863314,3.4945189414257127,0.024776302578471104,3.494431107750391,3.500000000000015,2.442617926098792e-14,3.500000000000015,1.5033851031741375e-09,4.401811552196258,1.0,False,"[-0.99996823811241, -0.003388969286418685, 0.007213712881599509]",True,0.9999999999792193,diagnostic PCA of current input; not substituted into estimators,0.5502853723940396,1.0,False,fraction only; point mask unavailable; applicability does not certify accuracy,,,APPLY,,"[3.6150568351982533, -3.2942205410744085]",,True,0.08509086498816032,original row and source ID,237ce89fb5f15f44aa740de6951c33fcbe829ca2da28b3d09cdfb333f8dd23d8,/srv/slam-research/grf/map-denoise/runs/multiscan-pilot-v1/real-transfer-v5-zrtui_f5/outputs/da_thin__tangent_translation__graph_shared.npz,4d35a712b4b8cd7dcad1a61fe64305ec92cf04979d5284cc6cc07b243adf79e7,"[0.00010348809919506981, 0.004035426823307148, 0.9999918522770909]",0.00709649335648633,89.59339746851666,0.007090046725676701,2.613813172673169e-13,3.4998988078184174,3.4998988078184183,0.026614564270764383,"[3.666373600703877, -3.340982943641407]",evaluation-only injection-space diagnostic; not a candidate or real geometry bound,known injection constant-axis diagnostic; not a bound on pooling or GICP,1.0
da_thin__tangent_translation,da_thin,tangent_translation,measure_unbalanced,delivery_area,1529,2,2.0,/srv/slam-research/grf/map-denoise/runs/multiscan-pilot-v1/real-components-v4-h3dnauhf/inputs/da_thin__tangent_translation.npz,not_measured,0.12004154523135079,0.021487317456514363,0.11810278476841014,0.023253111884020867,0.0001477354403649386,0.023252642570909067,0.0973044492822861,0.021635052896879302,0.09486875321346973,3.382038837022201,0.021487317456531117,3.3819705779789104,3.500000000000015,2.442617926098792e-14,3.500000000000015,2.6000061360062177e-13,3.5429075494739504,1.0,False,"[-0.99996823811241, -0.003388969286418685, 0.007213712881599509]",True,0.9999999999792193,diagnostic PCA of current input; not substituted into estimators,1.686050286548687e-13,1.0,True,"whole-scan applicability, not point-level confidence; applicability does not certify accuracy",79d9725576a7dff91660e2ee06f55a4433eabc5d261751344faa80b4686bd68b,,APPLY,,"[3.5429075494735307, -3.228474504457755]",0.5662010676648966,True,0.032304157997714356,original row and source ID,237ce89fb5f15f44aa740de6951c33fcbe829ca2da28b3d09cdfb333f8dd23d8,/srv/slam-research/grf/map-denoise/runs/multiscan-pilot-v1/real-transfer-v5-zrtui_f5/outputs/da_thin__tangent_translation__measure_unbalanced.npz,c8ecb827bda6d4bf8f665600ca590e3f41aa9e69890608a5e60f6e2dcd34a03f,"[0.0008349164522753214, 0.005576751737504604, 0.999984101250903]",0.0063598088184791445,89.63560733972105,0.006353362126219298,3.598978190942987e-14,3.4999267990945393,3.4999267990945406,0.022636275752912136,"[3.6664029234018916, -3.341009663949973]",evaluation-only injection-space diagnostic; not a candidate or real geometry bound,known injection constant-axis diagnostic; not a bound on pooling or GICP,1.0000000000000002
da_thin__tangent_translation,da_thin,tangent_translation,official_gicp,delivery_area,1529,2,2.0,/srv/slam-research/grf/map-denoise/runs/multiscan-pilot-v1/real-components-v4-h3dnauhf/inputs/da_thin__tangent_translation.npz,not_measured,13.179099179951583,8.15247475579434,10.354989645148686,13.179099179955513,8.152474755783702,10.354989645162059,4.4902485247496176e-11,4.239981716543208e-11,1.4781362783571183e-11,13.619673953225046,8.152474755794328,10.910209619814506,3.500000000000015,2.442617926098792e-14,3.500000000000015,2.075710444443178e-13,20.374239156394665,1.0,False,"[-0.99996823811241, -0.003388969286418685, 0.007213712881599509]",False,0.9999999999792193,diagnostic PCA of current input; not substituted into estimators,5.56786338609747,1.0,True,"successfully linked registration component, not point-level inliers; applicability does not certify accuracy",79d9725576a7dff91660e2ee06f55a4433eabc5d261751344faa80b4686bd68b,,APPLY,,,,True,0.027232938999077305,original row and source ID,237ce89fb5f15f44aa740de6951c33fcbe829ca2da28b3d09cdfb333f8dd23d8,/srv/slam-research/grf/map-denoise/runs/multiscan-pilot-v1/real-transfer-v5-zrtui_f5/outputs/da_thin__tangent_translation__official_gicp.npz,c69616a7a441ab1de0feea85154fdfad507ce0829bdcd55afd01b065d4e43719,,,,,,,,,,,,
da_thin__small_rotation,da_thin,small_rotation,identity,delivery_area,1529,2,2.0,/srv/slam-research/grf/map-denoise/runs/multiscan-pilot-v1/real-components-v4-h3dnauhf/inputs/da_thin__small_rotation.npz,not_measured,3.4999999999999996,3.495030539249136,0.18644444136496635,0.0,0.0,0.0,3.4999999999999996,3.495030539249136,0.18644444136496635,0.0,0.0,0.0,3.4999999999999996,3.495030539249136,0.18644444136496635,2.0319941241127746e-14,0.0,0.0,True,"[-0.9999644207048239, -0.0034597990364717167, 0.007693316261080392]",False,0.9999998793654404,diagnostic PCA of current input; not substituted into estimators,0.0,,False,fraction only; point mask unavailable; applicability does not certify accuracy,,,IDENTITY,,,,True,1.0043004294857383e-05,original row and source ID,237ce89fb5f15f44aa740de6951c33fcbe829ca2da28b3d09cdfb333f8dd23d8,/srv/slam-research/grf/map-denoise/runs/multiscan-pilot-v1/real-transfer-v5-zrtui_f5/outputs/da_thin__small_rotation__identity.npz,d24ff9bb2a4177adcf527c770cb586294a6b0a09d73da1ea3660fda2d3b9c871,,,,,,,,,,,,
da_thin__small_rotation,da_thin,small_rotation,pool_independent,delivery_area,1529,2,2.0,/srv/slam-research/grf/map-denoise/runs/multiscan-pilot-v1/real-components-v4-h3dnauhf/inputs/da_thin__small_rotation.npz,not_measured,3.534051562134441,3.493319096434142,0.5350160131373961,0.502524321185938,0.0035629209180126457,0.5025116903893081,3.4980004980829196,3.4948530223328715,0.14835712614885405,0.5618362561304864,0.003669927307965915,0.5618242699779672,3.4999999999999996,3.495030539249136,0.18644444136496635,1.5720576716502115e-12,1.1440958870684184,1.0,False,"[-0.9999644207048239, -0.0034597990364717167, 0.007693316261080392]",True,0.9999998793654404,diagnostic PCA of current input; not substituted into estimators,0.5603869580329456,1.0,False,fraction only; point mask unavailable; applicability does not certify accuracy,,,APPLY,,"[-0.03892101205567234, 0.03546677223573143]",,True,0.09312294601113535,original row and source ID,237ce89fb5f15f44aa740de6951c33fcbe829ca2da28b3d09cdfb333f8dd23d8,/srv/slam-research/grf/map-denoise/runs/multiscan-pilot-v1/real-transfer-v5-zrtui_f5/outputs/da_thin__small_rotation__pool_independent.npz,1bd4eadc634845b3330a887e78cf681525c664cdb9b954c8c8db1f36bb79ff21,"[0.0006616012514842152, 0.0040140125544335095, 0.9999917249592603]",0.007017787209628694,89.59790711085327,0.006532022930030051,2.615483867581836e-13,0.1514234031873364,2.3267176982301623e-14,3.4999999999999996,"[-2.437389425667116e-14, 2.221071114139159e-14]",evaluation-only injection-space diagnostic; not a candidate or real geometry bound,known injection constant-axis diagnostic; not a bound on pooling or GICP,0.9999998440255611
da_thin__small_rotation,da_thin,small_rotation,pool_compatible,delivery_area,1529,2,2.0,/srv/slam-research/grf/map-denoise/runs/multiscan-pilot-v1/real-components-v4-h3dnauhf/inputs/da_thin__small_rotation.npz,not_measured,3.5380592305412923,3.4930763715497033,0.5623882834302315,0.5329524230633623,0.0037786575820972996,0.5329390274656065,3.497812834822257,3.49478562136279,0.14549257081793635,0.592411602355995,0.0038696461706052574,0.5923989639124227,3.4999999999999996,3.495030539249136,0.18644444136496635,5.270737485296758e-13,1.174519544622509,1.0,False,"[-0.9999644207048239, -0.0034597990364717167, 0.007693316261080392]",True,0.9999998793654404,diagnostic PCA of current input; not substituted into estimators,0.5921609434107347,1.0,True,candidate-reported accepted original input rows; applicability does not certify accuracy,79d9725576a7dff91660e2ee06f55a4433eabc5d261751344faa80b4686bd68b,0f757082d592eb9089046b4ea1393779289039bdf014dc7dc3190eeb93b69fb2,APPLY,,"[-0.03892101205567234, 0.03546677223573143]",,True,0.14132052900095005,original row and source ID,237ce89fb5f15f44aa740de6951c33fcbe829ca2da28b3d09cdfb333f8dd23d8,/srv/slam-research/grf/map-denoise/runs/multiscan-pilot-v1/real-transfer-v5-zrtui_f5/outputs/da_thin__small_rotation__pool_compatible.npz,0acc0f0d92efc03030e10e16485647cfd23d25bcd3113fcacf95f05197ba9334,"[0.0006616012514842152, 0.0040140125544335095, 0.9999917249592603]",0.007017787209628694,89.59790711085327,0.006532022930030051,2.563071927526132e-13,0.1514234031873364,2.3267176982301623e-14,3.4999999999999996,"[-2.437389425667116e-14, 2.221071114139159e-14]",evaluation-only injection-space diagnostic; not a candidate or real geometry bound,known injection constant-axis diagnostic; not a bound on pooling or GICP,0.9999998440255611
da_thin__small_rotation,da_thin,small_rotation,shared_group_slope,delivery_area,1529,2,2.0,/srv/slam-research/grf/map-denoise/runs/multiscan-pilot-v1/real-components-v4-h3dnauhf/inputs/da_thin__small_rotation.npz,not_measured,3.5955752115843764,3.4930468468751177,0.852516760947158,0.8359891241858061,0.00592720195265923,0.8359681118523381,3.497285314493778,3.494907938312724,0.12893049946598412,0.8669555050325992,0.005662973238188512,0.8669370094997862,3.4999999999999996,3.495030539249136,0.18644444136496635,1.3889115898940415e-13,1.6747091879049598,1.0,False,"[-0.9999644207048239, -0.0034597990364717167, 0.007693316261080392]",True,0.9999998793654404,diagnostic PCA of current input; not substituted into estimators,0.8669378510453062,1.0,True,candidate-reported accepted original input rows; applicability does not certify accuracy,79d9725576a7dff91660e2ee06f55a4433eabc5d261751344faa80b4686bd68b,0f757082d592eb9089046b4ea1393779289039bdf014dc7dc3190eeb93b69fb2,APPLY,,"[-0.03892101205567234, 0.03546677223573143]",,True,0.1421032299986109,original row and source ID,237ce89fb5f15f44aa740de6951c33fcbe829ca2da28b3d09cdfb333f8dd23d8,/srv/slam-research/grf/map-denoise/runs/multiscan-pilot-v1/real-transfer-v5-zrtui_f5/outputs/da_thin__small_rotation__shared_group_slope.npz,3b86ea27c6e107bed1c6a1575fdefc34f42ba239270fb960fd6a45a2bad4d87d,"[0.0006616012514842152, 0.0040140125544335095, 0.9999917249592603]",0.007017787209628694,89.59790711085327,0.006532022930030051,2.6092757904642487e-13,0.1514234031873364,2.3267176982301623e-14,3.4999999999999996,"[-2.437389425667116e-14, 2.221071114139159e-14]",evaluation-only injection-space diagnostic; not a candidate or real geometry bound,known injection constant-axis diagnostic; not a bound on pooling or GICP,0.9999998440255611
da_thin__small_rotation,da_thin,small_rotation,node_intercepts,delivery_area,1529,2,2.0,/srv/slam-research/grf/map-denoise/runs/multiscan-pilot-v1/real-components-v4-h3dnauhf/inputs/da_thin__small_rotation.npz,not_measured,3.5367131050337774,3.493182597721683,0.5531861588037611,0.5228653882602358,0.003707140034020195,0.5228522461970448,3.4979622300420576,3.494849277856832,0.14754080067692713,0.5819213626696281,0.0038011236844328554,0.5819089480236685,3.4999999999999996,3.495030539249136,0.18644444136496635,5.08139787574649e-13,1.1569760252065824,1.0,False,"[-0.9999644207048239, -0.0034597990364717167, 0.007693316261080392]",True,0.9999998793654404,diagnostic PCA of current input; not substituted into estimators,0.581313613590561,1.0,True,candidate-reported accepted original input rows; applicability does not certify accuracy,79d9725576a7dff91660e2ee06f55a4433eabc5d261751344faa80b4686bd68b,0f757082d592eb9089046b4ea1393779289039bdf014dc7dc3190eeb93b69fb2,APPLY,,"[-0.03892101205567234, 0.03546677223573143]",,True,0.14091270499920938,original row and source ID,237ce89fb5f15f44aa740de6951c33fcbe829ca2da28b3d09cdfb333f8dd23d8,/srv/slam-research/grf/map-denoise/runs/multiscan-pilot-v1/real-transfer-v5-zrtui_f5/outputs/da_thin__small_rotation__node_intercepts.npz,111572efa9f0fc5ccb3c078c19586bbca00dad214838080cd8181b9f8c2e9c4d,"[0.0006616012514842152, 0.0040140125544335095, 0.9999917249592603]",0.007017787209628694,89.59790711085327,0.006532022930030051,2.596953039405094e-13,0.1514234031873364,2.3267176982301623e-14,3.4999999999999996,"[-2.437389425667116e-14, 2.221071114139159e-14]",evaluation-only injection-space diagnostic; not a candidate or real geometry bound,known injection constant-axis diagnostic; not a bound on pooling or GICP,0.9999998440255611
da_thin__small_rotation,da_thin,small_rotation,graph_shared,delivery_area,1529,2,2.0,/srv/slam-research/grf/map-denoise/runs/multiscan-pilot-v1/real-components-v4-h3dnauhf/inputs/da_thin__small_rotation.npz,not_measured,3.5404410536258184,3.493329790076305,0.575647315606122,0.551857996588845,0.0039126989817535335,0.551844125805224,3.4980749877620463,3.494910574999857,0.14875716036753747,0.6013082812250125,0.003927759480984416,0.6012954529806775,3.4999999999999996,3.495030539249136,0.18644444136496635,1.5035062941883593e-09,1.2099824093219544,1.0,False,"[-0.9999644207048239, -0.0034597990364717167, 0.007693316261080392]",True,0.9999998793654404,diagnostic PCA of current input; not substituted into estimators,0.6001596747595446,1.0,False,fraction only; point mask unavailable; applicability does not certify accuracy,,,APPLY,,"[-0.03892101205588482, 0.035466772235925044]",,True,0.07608874900324736,original row and source ID,237ce89fb5f15f44aa740de6951c33fcbe829ca2da28b3d09cdfb333f8dd23d8,/srv/slam-research/grf/map-denoise/runs/multiscan-pilot-v1/real-transfer-v5-zrtui_f5/outputs/da_thin__small_rotation__graph_shared.npz,42e3a67a7b8fe72bd5f9513626dd346297e7c1d1a74cc8d85d9be6f13a33e6d4,"[0.0006616012514724707, 0.004014012554438646, 0.9999917249592603]",0.00701778720964042,89.5979071108526,0.006532022930041778,2.57310943823172e-13,0.15142340318734243,2.3263476249408222e-14,3.4999999999999996,"[-2.4370017496190737e-14, 2.220717844340381e-14]",evaluation-only injection-space diagnostic; not a candidate or real geometry bound,known injection constant-axis diagnostic; not a bound on pooling or GICP,0.9999998440255611
da_thin__small_rotation,da_thin,small_rotation,measure_unbalanced,delivery_area,1529,2,2.0,/srv/slam-research/grf/map-denoise/runs/multiscan-pilot-v1/real-components-v4-h3dnauhf/inputs/da_thin__small_rotation.npz,not_measured,3.5001132214373536,3.495030544278934,0.18855783579016824,0.023253111884020867,0.0001477354403649386,0.023252642570909067,3.500377484704632,3.4950305553272543,0.19340101539545135,0.028152493328323615,0.00018750632237428259,0.028151868889655887,3.4999999999999996,3.495030539249136,0.18644444136496635,8.47570166256169e-14,0.029491583614614635,1.0,False,"[-0.9999644207048239, -0.0034597990364717167, 0.007693316261080392]",True,0.9999998793654404,diagnostic PCA of current input; not substituted into estimators,1.3936578857393899e-13,1.0,True,"whole-scan applicability, not point-level confidence; applicability does not certify accuracy",79d9725576a7dff91660e2ee06f55a4433eabc5d261751344faa80b4686bd68b,,APPLY,,"[0.02949158361438476, -0.02687420556860811]",0.5604556339611073,True,0.03245849799714051,original row and source ID,237ce89fb5f15f44aa740de6951c33fcbe829ca2da28b3d09cdfb333f8dd23d8,/srv/slam-research/grf/map-denoise/runs/multiscan-pilot-v1/real-transfer-v5-zrtui_f5/outputs/da_thin__small_rotation__measure_unbalanced.npz,d77c8bd6cc0ceaa52a175d888a61aa57af42a005e4d0d842e7fe3ce64abb41f5,"[0.000531580147813368, 0.00449937669170053, 0.9999897364632963]",0.007146109126737525,89.59055462219824,0.006660380669814737,8.774262194740825e-14,0.1514425194929558,2.3262232024679913e-14,3.4999999999999996,"[-2.4368714089164502e-14, 2.220599071375115e-14]",evaluation-only injection-space diagnostic; not a candidate or real geometry bound,known injection constant-axis diagnostic; not a bound on pooling or GICP,0.9999993736091707
da_thin__small_rotation,da_thin,small_rotation,official_gicp,delivery_area,1529,2,2.0,/srv/slam-research/grf/map-denoise/runs/multiscan-pilot-v1/real-components-v4-h3dnauhf/inputs/da_thin__small_rotation.npz,not_measured,13.015144401372435,9.26208105731098,9.143732185293782,13.179099179955513,8.152474755783702,10.354989645162059,4.209102069758479,4.000645033315496,1.3081970612461897,14.761080258691871,11.577692751670467,9.156774593242973,3.4999999999999996,3.495030539249136,0.18644444136496635,1.208332218274124e-13,24.752248586392295,1.0,False,"[-0.9999644207048239, -0.0034597990364717167, 0.007693316261080392]",False,0.9999998793654404,diagnostic PCA of current input; not substituted into estimators,11.000921589472268,1.0,True,"successfully linked registration component, not point-level inliers; applicability does not certify accuracy",79d9725576a7dff91660e2ee06f55a4433eabc5d261751344faa80b4686bd68b,,APPLY,,,,True,0.02015130899962969,original row and source ID,237ce89fb5f15f44aa740de6951c33fcbe829ca2da28b3d09cdfb333f8dd23d8,/srv/slam-research/grf/map-denoise/runs/multiscan-pilot-v1/real-transfer-v5-zrtui_f5/outputs/da_thin__small_rotation__official_gicp.npz,7160bf6fbdf95ec565645ee15204bf34518e24be093244321703cd57c60e4d68,,,,,,,,,,,,
da_wall__zero,da_wall,zero,identity,delivery_area,1600,2,2.0,/srv/slam-research/grf/map-denoise/runs/multiscan-pilot-v1/real-components-v4-h3dnauhf/inputs/da_wall__zero.npz,not_measured,0.0,0.0,0.0,0.0,0.0,0.0,0.0,0.0,0.0,0.0,0.0,0.0,0.0,0.0,0.0,0.0,0.0,0.0,True,"[-0.9999931005114948, 0.0020441719226786358, 0.0031016593233453853]",False,1.0000000000000002,diagnostic PCA of current input; not substituted into estimators,0.0,,False,fraction only; point mask unavailable; applicability does not certify accuracy,,,IDENTITY,,,,True,1.0515999747440219e-05,original row and source ID,e7fb2cbdb08e55c507014a70f3d002afe106f91e6c8782104819780dc5c04ef5,/srv/slam-research/grf/map-denoise/runs/multiscan-pilot-v1/real-transfer-v5-zrtui_f5/outputs/da_wall__zero__identity.npz,4e3aa3b66868bb2d519b2e89cd9df198094b43b63000880d1af4199c7dfbc171,,,,,,,,,,,,
da_wall__zero,da_wall,zero,pool_independent,delivery_area,1600,2,2.0,/srv/slam-research/grf/map-denoise/runs/multiscan-pilot-v1/real-components-v4-h3dnauhf/inputs/da_wall__zero.npz,not_measured,0.633195456487895,0.0023950749122817884,0.633190926761493,0.633195456487895,0.0023950749122817884,0.633190926761493,0.0,0.0,0.0,0.633195456487895,0.0023950749122817884,0.633190926761493,0.0,0.0,0.0,0.0017387169009086218,1.496019831061405,0.73125,False,"[-0.9999931005114948, 0.0020441719226786358, 0.0031016593233453853]",True,1.0000000000000002,diagnostic PCA of current input; not substituted into estimators,0.5478743531575279,0.73125,False,fraction only; point mask unavailable; applicability does not certify accuracy,,,APPLY,,"[0.4863558476096605, -0.4863558476096605]",,True,0.1292205229983665,original row and source ID,e7fb2cbdb08e55c507014a70f3d002afe106f91e6c8782104819780dc5c04ef5,/srv/slam-research/grf/map-denoise/runs/multiscan-pilot-v1/real-transfer-v5-zrtui_f5/outputs/da_wall__zero__pool_independent.npz,4c90f450a03385ba153929655e44a84defc34a6462afb5f10355dfd68dc1ab85,"[-0.0006785746744525535, 0.0011222329008218068, 0.999999140064494]",0.003782520685739359,89.78327701199143,0.003782520685739359,1.5450405337519474e-13,0.0,0.0,0.0,"[0.0, 0.0]",evaluation-only injection-space diagnostic; not a candidate or real geometry bound,known injection constant-axis diagnostic; not a bound on pooling or GICP,1.0
da_wall__zero,da_wall,zero,pool_compatible,delivery_area,1600,2,2.0,/srv/slam-research/grf/map-denoise/runs/multiscan-pilot-v1/real-components-v4-h3dnauhf/inputs/da_wall__zero.npz,not_measured,0.6652868727053673,0.0025164613579585,0.6652821134047731,0.6652868727053673,0.0025164613579585,0.6652821134047731,0.0,0.0,0.0,0.6652868727053673,0.0025164613579585,0.6652821134047731,0.0,0.0,0.0,0.001014618950299159,1.536270889530711,0.73125,False,"[-0.9999931005114948, 0.0020441719226786358, 0.0031016593233453853]",True,1.0000000000000002,diagnostic PCA of current input; not substituted into estimators,0.5849738170946861,0.73125,True,candidate-reported accepted original input rows; applicability does not certify accuracy,96f0c100045eeac4ddff20f0d1cd25c7b0c1aa351a88dc8a9d022ad37ceba849,507fed31cf7904a3c6363cdc7e4f5c9859e2c79dedd0eee31fa1e174344a07cd,APPLY,,"[0.4863558476096605, -0.4863558476096605]",,True,0.1834901199908927,original row and source ID,e7fb2cbdb08e55c507014a70f3d002afe106f91e6c8782104819780dc5c04ef5,/srv/slam-research/grf/map-denoise/runs/multiscan-pilot-v1/real-transfer-v5-zrtui_f5/outputs/da_wall__zero__pool_compatible.npz,8f45c6d733465c9e2dbb0ad8ba863e5dfac4391143eca12862ab1c4f25bb6ff7,"[-0.0006785746744525535, 0.0011222329008218068, 0.999999140064494]",0.003782520685739359,89.78327701199143,0.003782520685739359,1.6495679088645587e-13,0.0,0.0,0.0,"[0.0, 0.0]",evaluation-only injection-space diagnostic; not a candidate or real geometry bound,known injection constant-axis diagnostic; not a bound on pooling or GICP,1.0
da_wall__zero,da_wall,zero,shared_group_slope,delivery_area,1600,2,2.0,/srv/slam-research/grf/map-denoise/runs/multiscan-pilot-v1/real-components-v4-h3dnauhf/inputs/da_wall__zero.npz,not_measured,1.3636668430453904,0.0051580980422761945,1.3636570877042247,1.3636668430453904,0.0051580980422761945,1.3636570877042247,0.0,0.0,0.0,1.3636668430453904,0.0051580980422761945,1.3636570877042247,0.0,0.0,0.0,0.047674559060574474,3.230827318758849,0.73125,False,"[-0.9999931005114948, 0.0020441719226786358, 0.0031016593233453853]",True,1.0000000000000002,diagnostic PCA of current input; not substituted into estimators,1.3461445579603835,0.73125,True,candidate-reported accepted original input rows; applicability does not certify accuracy,96f0c100045eeac4ddff20f0d1cd25c7b0c1aa351a88dc8a9d022ad37ceba849,507fed31cf7904a3c6363cdc7e4f5c9859e2c79dedd0eee31fa1e174344a07cd,APPLY,,"[0.4863558476096605, -0.4863558476096605]",,True,0.18297061799967196,original row and source ID,e7fb2cbdb08e55c507014a70f3d002afe106f91e6c8782104819780dc5c04ef5,/srv/slam-research/grf/map-denoise/runs/multiscan-pilot-v1/real-transfer-v5-zrtui_f5/outputs/da_wall__zero__shared_group_slope.npz,3de7f068e85f3c7c228b62369096c90d40674f8feb2f363139dd52264b0d6f29,"[-0.0006785746744525535, 0.0011222329008218068, 0.999999140064494]",0.003782520685739359,89.78327701199143,0.003782520685739359,1.5434423512323795e-13,0.0,0.0,0.0,"[0.0, 0.0]",evaluation-only injection-space diagnostic; not a candidate or real geometry bound,known injection constant-axis diagnostic; not a bound on pooling or GICP,1.0
da_wall__zero,da_wall,zero,node_intercepts,delivery_area,1600,2,2.0,/srv/slam-research/grf/map-denoise/runs/multiscan-pilot-v1/real-components-v4-h3dnauhf/inputs/da_wall__zero.npz,not_measured,0.6600115043530759,0.002496507168041456,0.6600067827911847,0.6600115043530759,0.002496507168041456,0.6600067827911847,0.0,0.0,0.0,0.6600115043530759,0.002496507168041456,0.6600067827911847,0.0,0.0,0.0,0.001640045038780981,1.529749277403981,0.73125,False,"[-0.9999931005114948, 0.0020441719226786358, 0.0031016593233453853]",True,1.0000000000000002,diagnostic PCA of current input; not substituted into estimators,0.5794128111421881,0.73125,True,candidate-reported accepted original input rows; applicability does not certify accuracy,96f0c100045eeac4ddff20f0d1cd25c7b0c1aa351a88dc8a9d022ad37ceba849,507fed31cf7904a3c6363cdc7e4f5c9859e2c79dedd0eee31fa1e174344a07cd,APPLY,,"[0.4863558476096605, -0.4863558476096605]",,True,0.1871005669963779,original row and source ID,e7fb2cbdb08e55c507014a70f3d002afe106f91e6c8782104819780dc5c04ef5,/srv/slam-research/grf/map-denoise/runs/multiscan-pilot-v1/real-transfer-v5-zrtui_f5/outputs/da_wall__zero__node_intercepts.npz,2a42d4a079b7476498518960847d53bcd2617d52b1abff43c07ded96c3669af2,"[-0.0006785746744525535, 0.0011222329008218068, 0.999999140064494]",0.003782520685739359,89.78327701199143,0.003782520685739359,1.648524492055306e-13,0.0,0.0,0.0,"[0.0, 0.0]",evaluation-only injection-space diagnostic; not a candidate or real geometry bound,known injection constant-axis diagnostic; not a bound on pooling or GICP,1.0
da_wall__zero,da_wall,zero,graph_shared,delivery_area,1600,2,2.0,/srv/slam-research/grf/map-denoise/runs/multiscan-pilot-v1/real-components-v4-h3dnauhf/inputs/da_wall__zero.npz,not_measured,1.0524853898007065,0.003981048711078982,1.052477860572423,1.0524853898007065,0.003981048711078982,1.052477860572423,0.0,0.0,0.0,1.0524853898007065,0.003981048711078982,1.052477860572423,0.0,0.0,0.0,0.027103502030853335,1.905132324781768,0.73125,False,"[-0.9999931005114948, 0.0020441719226786358, 0.0031016593233453853]",True,1.0000000000000002,diagnostic PCA of current input; not substituted into estimators,1.0091212591984624,0.73125,False,fraction only; point mask unavailable; applicability does not certify accuracy,,,APPLY,,"[0.4863558663235688, -0.48635586632356875]",,True,0.10556108799937647,original row and source ID,e7fb2cbdb08e55c507014a70f3d002afe106f91e6c8782104819780dc5c04ef5,/srv/slam-research/grf/map-denoise/runs/multiscan-pilot-v1/real-transfer-v5-zrtui_f5/outputs/da_wall__zero__graph_shared.npz,6e2907d0e5b8dc45c749d71dcd630802e67b055d6160a986e65c3953b7a85162,"[-0.0006785755937327944, 0.0011222260097112982, 0.9999991400716037]",0.0037825215909486946,89.78327696012639,0.0037825215909486946,1.6077565822678798e-13,0.0,0.0,0.0,"[0.0, 0.0]",evaluation-only injection-space diagnostic; not a candidate or real geometry bound,known injection constant-axis diagnostic; not a bound on pooling or GICP,1.0000000000000002
da_wall__zero,da_wall,zero,measure_unbalanced,delivery_area,1600,2,2.0,/srv/slam-research/grf/map-denoise/runs/multiscan-pilot-v1/real-components-v4-h3dnauhf/inputs/da_wall__zero.npz,not_measured,0.0053280195681297765,1.4215483756900866e-05,0.005328000604203736,0.0053280195681297765,1.4215483756900866e-05,0.005328000604203736,0.0,0.0,0.0,0.0053280195681297765,1.4215483756900866e-05,0.005328000604203736,0.0,0.0,0.0,9.799802154963868e-14,0.00532801956825258,1.0,False,"[-0.9999931005114948, 0.0020441719226786358, 0.0031016593233453853]",True,1.0000000000000002,diagnostic PCA of current input; not substituted into estimators,1.9134373142856825e-13,1.0,True,"whole-scan applicability, not point-level confidence; applicability does not certify accuracy",07c797019de4936bb90666073496319a68e55d0853fdc2c25f27ac7b16d5afcd,,APPLY,,"[-0.005328019568244428, 0.005328019568244428]",0.2502709379713388,True,0.03745544800767675,original row and source ID,e7fb2cbdb08e55c507014a70f3d002afe106f91e6c8782104819780dc5c04ef5,/srv/slam-research/grf/map-denoise/runs/multiscan-pilot-v1/real-transfer-v5-zrtui_f5/outputs/da_wall__zero__measure_unbalanced.npz,dcf6cf006b8c4121006db5a0966b2c441e046705a416824ff641936578847fba,"[0.0004370922510724833, 0.0017103351015174129, 0.9999984418508885]",0.002668061474131039,89.847131156683,0.002668061474131039,1.1714518120850022e-13,0.0,0.0,0.0,"[0.0, 0.0]",evaluation-only injection-space diagnostic; not a candidate or real geometry bound,known injection constant-axis diagnostic; not a bound on pooling or GICP,1.0000000000000002
da_wall__zero,da_wall,zero,official_gicp,delivery_area,1600,2,2.0,/srv/slam-research/grf/map-denoise/runs/multiscan-pilot-v1/real-components-v4-h3dnauhf/inputs/da_wall__zero.npz,not_measured,23.7708790740062,23.6599812540734,2.2934644117407195,23.7708790740062,23.6599812540734,2.2934644117407195,0.0,0.0,0.0,23.7708790740062,23.6599812540734,2.2934644117407195,0.0,0.0,0.0,1.0712281960580503e-13,46.42548949693871,1.0,False,"[-0.9999931005114948, 0.0020441719226786358, 0.0031016593233453853]",False,1.0000000000000002,diagnostic PCA of current input; not substituted into estimators,19.44541580208641,1.0,True,"successfully linked registration component, not point-level inliers; applicability does not certify accuracy",07c797019de4936bb90666073496319a68e55d0853fdc2c25f27ac7b16d5afcd,,APPLY,,,,True,0.011085895006544888,original row and source ID,e7fb2cbdb08e55c507014a70f3d002afe106f91e6c8782104819780dc5c04ef5,/srv/slam-research/grf/map-denoise/runs/multiscan-pilot-v1/real-transfer-v5-zrtui_f5/outputs/da_wall__zero__official_gicp.npz,5ec40eeb13a2064eaa5f12e899ce5fb33500aa51110c0dfe4be6a039f88623dc,,,,,,,,,,,,
da_wall__normal_translation,da_wall,normal_translation,identity,delivery_area,1600,2,2.0,/srv/slam-research/grf/map-denoise/runs/multiscan-pilot-v1/real-components-v4-h3dnauhf/inputs/da_wall__normal_translation.npz,not_measured,3.4999999999999916,3.4999999999999916,2.720833269478182e-13,0.0,0.0,0.0,3.4999999999999916,3.4999999999999916,2.720833269478182e-13,0.0,0.0,0.0,3.4999999999999916,3.4999999999999916,2.720833269478182e-13,1.584917858555531e-13,0.0,0.0,True,"[-0.9999906461268343, 0.003129797395876842, 0.0029853018435152144]",False,0.9999994039361223,diagnostic PCA of current input; not substituted into estimators,0.0,,False,fraction only; point mask unavailable; applicability does not certify accuracy,,,IDENTITY,,,,True,1.2696007615886629e-05,original row and source ID,e7fb2cbdb08e55c507014a70f3d002afe106f91e6c8782104819780dc5c04ef5,/srv/slam-research/grf/map-denoise/runs/multiscan-pilot-v1/real-transfer-v5-zrtui_f5/outputs/da_wall__normal_translation__identity.npz,64c935bbd146532295b531de3deeaba20ad64f9f5535e3ee53e0e7b1fb09481c,,,,,,,,,,,,
da_wall__normal_translation,da_wall,normal_translation,pool_independent,delivery_area,1600,2,2.0,/srv/slam-research/grf/map-denoise/runs/multiscan-pilot-v1/real-components-v4-h3dnauhf/inputs/da_wall__normal_translation.npz,not_measured,3.553670478038316,3.498847059588092,0.6218063364849562,0.633195456487895,0.0023950749122817884,0.633190926761493,3.500351215904375,3.5000471806598497,0.0461342371593726,0.6218107847681584,0.0023520121560008135,0.6218063364849308,3.4999999999999916,3.4999999999999916,2.720833269478182e-13,0.0011898096575186493,1.4737249181158063,0.730625,False,"[-0.9999906461268343, 0.003129797395876842, 0.0029853018435152144]",True,0.9999994039361223,diagnostic PCA of current input; not substituted into estimators,0.5418882538690583,0.730625,False,fraction only; point mask unavailable; applicability does not certify accuracy,,,APPLY,,"[0.46566368053820023, -0.46566368053820023]",,True,0.20345759500924032,original row and source ID,e7fb2cbdb08e55c507014a70f3d002afe106f91e6c8782104819780dc5c04ef5,/srv/slam-research/grf/map-denoise/runs/multiscan-pilot-v1/real-transfer-v5-zrtui_f5/outputs/da_wall__normal_translation__pool_independent.npz,570495d96732d862e8a6307252c391fe76b8f88d532005a733ded7d168d191e4,"[-0.0006785746744525176, 0.001122232900821779, 0.999999140064494]",0.0036673799651098017,89.78987413510579,0.003782520685739323,1.6461646836586706e-13,0.013238822400033181,0.013238822400033178,3.4999749618506417,"[0.01323882240003318, -0.013238822400033181]",evaluation-only injection-space diagnostic; not a candidate or real geometry bound,known injection constant-axis diagnostic; not a bound on pooling or GICP,1.0
da_wall__normal_translation,da_wall,normal_translation,pool_compatible,delivery_area,1600,2,2.0,/srv/slam-research/grf/map-denoise/runs/multiscan-pilot-v1/real-components-v4-h3dnauhf/inputs/da_wall__normal_translation.npz,not_measured,3.558143024276801,3.498867560103487,0.6467670199269081,0.6652868727053673,0.0025164613579585,0.6652821134047731,3.504174146695905,3.500065541475619,0.1696397823240659,0.646771646774052,0.0024464271328728227,0.646767019926884,3.4999999999999916,3.4999999999999916,2.720833269478182e-13,0.002199673108035379,1.4700061557227901,0.730625,False,"[-0.9999906461268343, 0.003129797395876842, 0.0029853018435152144]",True,0.9999994039361223,diagnostic PCA of current input; not substituted into estimators,0.5732097304386604,0.730625,True,candidate-reported accepted original input rows; applicability does not certify accuracy,3dbd76bcf73283fb5dcfdb5926dd0f7bffdcc549f9aa7a84203a5570fee37cae,782f6c234868532e1e64b2f2ef2e255db492455177dee9bf1d0194b6cd384bd0,APPLY,,"[0.46566368053820023, -0.46566368053820023]",,True,0.2571088169934228,original row and source ID,e7fb2cbdb08e55c507014a70f3d002afe106f91e6c8782104819780dc5c04ef5,/srv/slam-research/grf/map-denoise/runs/multiscan-pilot-v1/real-transfer-v5-zrtui_f5/outputs/da_wall__normal_translation__pool_compatible.npz,2f072fb29225b2588a926f411d6b1799968eee61d49dae75d25c3a42500c2fc5,"[-0.0006785746744525176, 0.001122232900821779, 0.999999140064494]",0.0036673799651098017,89.78987413510579,0.003782520685739323,1.6006380180107784e-13,0.013238822400033181,0.013238822400033178,3.4999749618506417,"[0.01323882240003318, -0.013238822400033181]",evaluation-only injection-space diagnostic; not a candidate or real geometry bound,known injection constant-axis diagnostic; not a bound on pooling or GICP,1.0
da_wall__normal_translation,da_wall,normal_translation,shared_group_slope,delivery_area,1600,2,2.0,/srv/slam-research/grf/map-denoise/runs/multiscan-pilot-v1/real-components-v4-h3dnauhf/inputs/da_wall__normal_translation.npz,not_measured,3.652748389002022,3.4989542665977855,1.0487563270912934,1.3636668430453904,0.0051580980422761945,1.3636570877042247,3.6126996656493247,3.499758065208975,0.8962657860185651,1.048763829692829,0.003966970880268439,1.0487563270912859,3.4999999999999916,3.4999999999999916,2.720833269478182e-13,0.06138028826003105,2.072496235820792,0.730625,False,"[-0.9999906461268343, 0.003129797395876842, 0.0029853018435152144]",True,0.9999994039361223,diagnostic PCA of current input; not substituted into estimators,1.009653013051017,0.730625,True,candidate-reported accepted original input rows; applicability does not certify accuracy,3dbd76bcf73283fb5dcfdb5926dd0f7bffdcc549f9aa7a84203a5570fee37cae,782f6c234868532e1e64b2f2ef2e255db492455177dee9bf1d0194b6cd384bd0,APPLY,,"[0.46566368053820023, -0.46566368053820023]",,True,0.2576025949965697,original row and source ID,e7fb2cbdb08e55c507014a70f3d002afe106f91e6c8782104819780dc5c04ef5,/srv/slam-research/grf/map-denoise/runs/multiscan-pilot-v1/real-transfer-v5-zrtui_f5/outputs/da_wall__normal_translation__shared_group_slope.npz,5b58420f61eb4a549de49d6cb17213c3a1bf59ac8f9a45db64bfa7b3bc081a60,"[-0.0006785746744525176, 0.001122232900821779, 0.999999140064494]",0.0036673799651098017,89.78987413510579,0.003782520685739323,1.563470611904789e-13,0.013238822400033181,0.013238822400033178,3.4999749618506417,"[0.01323882240003318, -0.013238822400033181]",evaluation-only injection-space diagnostic; not a candidate or real geometry bound,known injection constant-axis diagnostic; not a bound on pooling or GICP,1.0
da_wall__normal_translation,da_wall,normal_translation,node_intercepts,delivery_area,1600,2,2.0,/srv/slam-research/grf/map-denoise/runs/multiscan-pilot-v1/real-components-v4-h3dnauhf/inputs/da_wall__normal_translation.npz,not_measured,3.5572903985498767,3.4988745181230945,0.64202187349344,0.6600115043530759,0.002496507168041456,0.6600067827911847,3.504661496973806,3.5000694213374017,0.1793495307759385,0.6420264663947162,0.0024284783899308866,0.6420218734934157,3.4999999999999916,3.4999999999999916,2.720833269478182e-13,0.003069259570157847,1.5145469283272353,0.730625,False,"[-0.9999906461268343, 0.003129797395876842, 0.0029853018435152144]",True,0.9999994039361223,diagnostic PCA of current input; not substituted into estimators,0.5688141843961994,0.730625,True,candidate-reported accepted original input rows; applicability does not certify accuracy,3dbd76bcf73283fb5dcfdb5926dd0f7bffdcc549f9aa7a84203a5570fee37cae,782f6c234868532e1e64b2f2ef2e255db492455177dee9bf1d0194b6cd384bd0,APPLY,,"[0.46566368053820023, -0.46566368053820023]",,True,0.259164752002107,original row and source ID,e7fb2cbdb08e55c507014a70f3d002afe106f91e6c8782104819780dc5c04ef5,/srv/slam-research/grf/map-denoise/runs/multiscan-pilot-v1/real-transfer-v5-zrtui_f5/outputs/da_wall__normal_translation__node_intercepts.npz,175810bde7f90bab24e8798f8b304c261d03899485165a453135f73432eb4267,"[-0.0006785746744525176, 0.001122232900821779, 0.999999140064494]",0.0036673799651098017,89.78987413510579,0.003782520685739323,1.581217183369606e-13,0.013238822400033181,0.013238822400033178,3.4999749618506417,"[0.01323882240003318, -0.013238822400033181]",evaluation-only injection-space diagnostic; not a candidate or real geometry bound,known injection constant-axis diagnostic; not a bound on pooling or GICP,1.0
da_wall__normal_translation,da_wall,normal_translation,graph_shared,delivery_area,1600,2,2.0,/srv/slam-research/grf/map-denoise/runs/multiscan-pilot-v1/real-components-v4-h3dnauhf/inputs/da_wall__normal_translation.npz,not_measured,3.6480044134098595,3.4989283563002167,1.0321998632707112,1.0524853898007065,0.003981048711078982,1.052477860572423,3.5122713941282875,3.500052827453495,0.2927124033017087,1.0322072474340052,0.003904346199752879,1.0321998632706932,3.4999999999999916,3.4999999999999916,2.720833269478182e-13,0.03138718348298629,1.8739116500706452,0.730625,False,"[-0.9999906461268343, 0.003129797395876842, 0.0029853018435152144]",True,0.9999994039361223,diagnostic PCA of current input; not substituted into estimators,0.9919160934749375,0.730625,False,fraction only; point mask unavailable; applicability does not certify accuracy,,,APPLY,,"[0.46566402400853296, -0.46566402400853296]",,True,0.17687131201091688,original row and source ID,e7fb2cbdb08e55c507014a70f3d002afe106f91e6c8782104819780dc5c04ef5,/srv/slam-research/grf/map-denoise/runs/multiscan-pilot-v1/real-transfer-v5-zrtui_f5/outputs/da_wall__normal_translation__graph_shared.npz,2b3330feaa8a3fe2e3cc29497ad1d7c2b0be05607ee43001963b6ea0c4a3299a,"[-0.0006785755937326519, 0.0011222260097112427, 0.9999991400716037]",0.003667380862834782,89.78987408366959,0.003782521590948552,1.5901661091127508e-13,0.013238825568265482,0.013238825568265486,3.499974961838657,"[0.013238825568265482, -0.013238825568265482]",evaluation-only injection-space diagnostic; not a candidate or real geometry bound,known injection constant-axis diagnostic; not a bound on pooling or GICP,1.0000000000000002
da_wall__normal_translation,da_wall,normal_translation,measure_unbalanced,delivery_area,1600,2,2.0,/srv/slam-research/grf/map-denoise/runs/multiscan-pilot-v1/real-components-v4-h3dnauhf/inputs/da_wall__normal_translation.npz,not_measured,3.499988584804133,3.4999822918084846,0.006637076635912303,0.0053280195681297765,1.4215483756900866e-05,0.005328000604203736,3.499988528319139,3.499968076324727,0.01196507724011604,0.006637100259171801,1.770819150731655e-05,0.006637076635857983,3.4999999999999916,3.4999999999999916,2.720833269478182e-13,2.2887272572166664e-13,0.006637100259252029,1.0,False,"[-0.9999906461268343, 0.003129797395876842, 0.0029853018435152144]",True,0.9999994039361223,diagnostic PCA of current input; not substituted into estimators,6.541389954949268e-14,1.0,True,"whole-scan applicability, not point-level confidence; applicability does not certify accuracy",07c797019de4936bb90666073496319a68e55d0853fdc2c25f27ac7b16d5afcd,,APPLY,,"[0.006637100259130551, -0.006637100259130552]",0.24984337965304923,True,0.03758006199495867,original row and source ID,e7fb2cbdb08e55c507014a70f3d002afe106f91e6c8782104819780dc5c04ef5,/srv/slam-research/grf/map-denoise/runs/multiscan-pilot-v1/real-transfer-v5-zrtui_f5/outputs/da_wall__normal_translation__measure_unbalanced.npz,5617cd147f3c68abb3d4ed1ef46503dba469f1f5cc0936d4b60b123f17c0eda1,"[0.0004370922510725302, 0.0017103351015170798, 0.9999984418508885]",0.0025535620317495523,89.85369151385049,0.002668061474130991,1.2044913572861366e-13,0.009338215159404124,0.009338215159404124,3.4999875425117692,"[0.009338215159404124, -0.009338215159404124]",evaluation-only injection-space diagnostic; not a candidate or real geometry bound,known injection constant-axis diagnostic; not a bound on pooling or GICP,1.0000000000000002
da_wall__normal_translation,da_wall,normal_translation,official_gicp,delivery_area,1600,2,2.0,/srv/slam-research/grf/map-denoise/runs/multiscan-pilot-v1/real-components-v4-h3dnauhf/inputs/da_wall__normal_translation.npz,not_measured,23.77087907402031,23.65998125408744,2.293464411742095,23.7708790740062,23.6599812540734,2.2934644117407195,1.576558394969642e-11,1.5632623730397312e-11,2.0432113397160267e-12,25.923976056372375,25.82232668764458,2.2934644117419505,3.4999999999999916,3.4999999999999916,2.720833269478182e-13,1.2025546067381923e-13,49.63738174956145,1.0,False,"[-0.9999906461268343, 0.003129797395876842, 0.0029853018435152144]",False,0.9999994039361223,diagnostic PCA of current input; not substituted into estimators,19.445415802096594,1.0,True,"successfully linked registration component, not point-level inliers; applicability does not certify accuracy",07c797019de4936bb90666073496319a68e55d0853fdc2c25f27ac7b16d5afcd,,APPLY,,,,True,0.011318819990265183,original row and source ID,e7fb2cbdb08e55c507014a70f3d002afe106f91e6c8782104819780dc5c04ef5,/srv/slam-research/grf/map-denoise/runs/multiscan-pilot-v1/real-transfer-v5-zrtui_f5/outputs/da_wall__normal_translation__official_gicp.npz,8db2ec02c88285a87baa8e523cc10cbb5799daf931cc1751d312fcb77357f169,,,,,,,,,,,,
da_wall__tangent_translation,da_wall,tangent_translation,identity,delivery_area,1600,2,2.0,/srv/slam-research/grf/map-denoise/runs/multiscan-pilot-v1/real-components-v4-h3dnauhf/inputs/da_wall__tangent_translation.npz,not_measured,3.5000000000000244,2.5173498022944107e-14,3.5000000000000244,0.0,0.0,0.0,3.5000000000000244,2.5173498022944107e-14,3.5000000000000244,0.0,0.0,0.0,3.5000000000000244,2.5173498022944107e-14,3.5000000000000244,4.928101178829391e-14,0.0,0.0,True,"[-0.9999931002461988, 0.0020445945510976266, 0.0031014662850979502]",False,0.9999999999998923,diagnostic PCA of current input; not substituted into estimators,0.0,,False,fraction only; point mask unavailable; applicability does not certify accuracy,,,IDENTITY,,,,True,1.0562987881712615e-05,original row and source ID,e7fb2cbdb08e55c507014a70f3d002afe106f91e6c8782104819780dc5c04ef5,/srv/slam-research/grf/map-denoise/runs/multiscan-pilot-v1/real-transfer-v5-zrtui_f5/outputs/da_wall__tangent_translation__identity.npz,bb529d8f95eb458d3d4d9f99555d5fcc522abe5da94b51f0e8af2f24e2a44751,,,,,,,,,,,,
da_wall__tangent_translation,da_wall,tangent_translation,pool_independent,delivery_area,1600,2,2.0,/srv/slam-research/grf/map-denoise/runs/multiscan-pilot-v1/real-components-v4-h3dnauhf/inputs/da_wall__tangent_translation.npz,not_measured,3.337818635948431,0.003716228163679232,3.3378165671787423,0.633195456487895,0.0023950749122817884,0.633190926761493,3.2726229133140783,0.0045640368676364874,3.2726197307838554,0.9824739829402664,0.0037162281636725324,0.9824669545601759,3.5000000000000244,2.5173498022944107e-14,3.5000000000000244,0.0019007518405718498,1.8566983568690956,0.73125,False,"[-0.9999931002461988, 0.0020445945510976266, 0.0031014662850979502]",True,0.9999999999998923,diagnostic PCA of current input; not substituted into estimators,0.6744229454719596,0.73125,False,fraction only; point mask unavailable; applicability does not certify accuracy,,,APPLY,,"[-0.9182474252789596, 0.9182474252789595]",,True,0.14646224299212918,original row and source ID,e7fb2cbdb08e55c507014a70f3d002afe106f91e6c8782104819780dc5c04ef5,/srv/slam-research/grf/map-denoise/runs/multiscan-pilot-v1/real-transfer-v5-zrtui_f5/outputs/da_wall__tangent_translation__pool_independent.npz,f17fab59f2f2af846d2134a361e4fbcf8b91e443571eb171803707716e6242de,"[-0.0006785746744525439, 0.0011222329008217583, 0.999999140064494]",0.0037823281217654083,89.78328804517335,0.003782520685739349,1.5355827616290653e-13,1.4516692194683722,1.4516692194683718,3.1847537545700852,"[-1.4516692194683718, 1.451669219468372]",evaluation-only injection-space diagnostic; not a candidate or real geometry bound,known injection constant-axis diagnostic; not a bound on pooling or GICP,1.0
da_wall__tangent_translation,da_wall,tangent_translation,pool_compatible,delivery_area,1600,2,2.0,/srv/slam-research/grf/map-denoise/runs/multiscan-pilot-v1/real-components-v4-h3dnauhf/inputs/da_wall__tangent_translation.npz,not_measured,3.3439983107297278,0.003797548672547769,3.3439961544217347,0.6652868727053673,0.0025164613579585,0.6652821134047731,3.2725751406551464,0.004563211403992264,3.2725719592295808,1.003973008490977,0.0037975486725412076,1.0039658263120828,3.5000000000000244,2.5173498022944107e-14,3.5000000000000244,0.002111231458541967,1.9777941988074008,0.73125,False,"[-0.9999931002461988, 0.0020445945510976266, 0.0031014662850979502]",True,0.9999999999998923,diagnostic PCA of current input; not substituted into estimators,0.704879716093877,0.73125,True,candidate-reported accepted original input rows; applicability does not certify accuracy,e25316fe692ba06390badefd71b89f6b1d721c24177e62f78030e3563fac918a,4d60aec65c97c3efa02db423a6e9bb2b8d45733d21641772420ed9e88b74672b,APPLY,,"[-0.9182474252789596, 0.9182474252789595]",,True,0.1994715990003897,original row and source ID,e7fb2cbdb08e55c507014a70f3d002afe106f91e6c8782104819780dc5c04ef5,/srv/slam-research/grf/map-denoise/runs/multiscan-pilot-v1/real-transfer-v5-zrtui_f5/outputs/da_wall__tangent_translation__pool_compatible.npz,5df9013cb029757950862526fd5e80baf89d8d98e0b618b35ab6c65d68417abf,"[-0.0006785746744525439, 0.0011222329008217583, 0.999999140064494]",0.0037823281217654083,89.78328804517335,0.003782520685739349,1.6168488233849044e-13,1.4516692194683722,1.4516692194683718,3.1847537545700852,"[-1.4516692194683718, 1.451669219468372]",evaluation-only injection-space diagnostic; not a candidate or real geometry bound,known injection constant-axis diagnostic; not a bound on pooling or GICP,1.0
da_wall__tangent_translation,da_wall,tangent_translation,shared_group_slope,delivery_area,1600,2,2.0,/srv/slam-research/grf/map-denoise/runs/multiscan-pilot-v1/real-components-v4-h3dnauhf/inputs/da_wall__tangent_translation.npz,not_measured,3.549736924742121,0.006248965868265141,3.5497314243901923,1.3636668430453904,0.0051580980422761945,1.3636570877042247,3.2727843265701546,0.00456592917449254,3.2727811415574424,1.6520638979776472,0.006248965868263554,1.6520520795140434,3.5000000000000244,2.5173498022944107e-14,3.5000000000000244,0.04395093254184719,3.6603084968725796,0.73125,False,"[-0.9999931002461988, 0.0020445945510976266, 0.0031014662850979502]",True,0.9999999999998923,diagnostic PCA of current input; not substituted into estimators,1.4339259155797743,0.73125,True,candidate-reported accepted original input rows; applicability does not certify accuracy,e25316fe692ba06390badefd71b89f6b1d721c24177e62f78030e3563fac918a,4d60aec65c97c3efa02db423a6e9bb2b8d45733d21641772420ed9e88b74672b,APPLY,,"[-0.9182474252789596, 0.9182474252789595]",,True,0.20179054100299254,original row and source ID,e7fb2cbdb08e55c507014a70f3d002afe106f91e6c8782104819780dc5c04ef5,/srv/slam-research/grf/map-denoise/runs/multiscan-pilot-v1/real-transfer-v5-zrtui_f5/outputs/da_wall__tangent_translation__shared_group_slope.npz,13c8e403398db0bc26d5dc994fc7158798064ac2b417cd7e7e23a842015bc115,"[-0.0006785746744525439, 0.0011222329008217583, 0.999999140064494]",0.0037823281217654083,89.78328804517335,0.003782520685739349,1.5808992554682307e-13,1.4516692194683722,1.4516692194683718,3.1847537545700852,"[-1.4516692194683718, 1.451669219468372]",evaluation-only injection-space diagnostic; not a candidate or real geometry bound,known injection constant-axis diagnostic; not a bound on pooling or GICP,1.0
da_wall__tangent_translation,da_wall,tangent_translation,node_intercepts,delivery_area,1600,2,2.0,/srv/slam-research/grf/map-denoise/runs/multiscan-pilot-v1/real-components-v4-h3dnauhf/inputs/da_wall__tangent_translation.npz,not_measured,3.342970417844476,0.0037882789974187057,3.3429682713907876,0.6600115043530759,0.002496507168041456,0.6600067827911847,3.272578260275209,0.0045625894467736065,3.2725750797198607,1.0015223477018171,0.00378827899741209,1.0015151830543545,3.5000000000000244,2.5173498022944107e-14,3.5000000000000244,0.00172809251049879,1.9258593217857176,0.73125,False,"[-0.9999931002461988, 0.0020445945510976266, 0.0031014662850979502]",True,0.9999999999998923,diagnostic PCA of current input; not substituted into estimators,0.7006975287488758,0.73125,True,candidate-reported accepted original input rows; applicability does not certify accuracy,e25316fe692ba06390badefd71b89f6b1d721c24177e62f78030e3563fac918a,4d60aec65c97c3efa02db423a6e9bb2b8d45733d21641772420ed9e88b74672b,APPLY,,"[-0.9182474252789596, 0.9182474252789595]",,True,0.20100641499448102,original row and source ID,e7fb2cbdb08e55c507014a70f3d002afe106f91e6c8782104819780dc5c04ef5,/srv/slam-research/grf/map-denoise/runs/multiscan-pilot-v1/real-transfer-v5-zrtui_f5/outputs/da_wall__tangent_translation__node_intercepts.npz,cdc2ab3f7c7d2c10cdb40f958177bc0695df6cfead764a377689fef112677f77,"[-0.0006785746744525439, 0.0011222329008217583, 0.999999140064494]",0.0037823281217654083,89.78328804517335,0.003782520685739349,1.6146629362690433e-13,1.4516692194683722,1.4516692194683718,3.1847537545700852,"[-1.4516692194683718, 1.451669219468372]",evaluation-only injection-space diagnostic; not a candidate or real geometry bound,known injection constant-axis diagnostic; not a bound on pooling or GICP,1.0
da_wall__tangent_translation,da_wall,tangent_translation,graph_shared,delivery_area,1600,2,2.0,/srv/slam-research/grf/map-denoise/runs/multiscan-pilot-v1/real-components-v4-h3dnauhf/inputs/da_wall__tangent_translation.npz,not_measured,3.4459172905946183,0.005032972751072405,3.445913615110548,1.0524853898007065,0.003981048711078982,1.052477860572423,3.2778658766514184,0.004640397022532083,3.2778625919997384,1.3305866549741576,0.005032972751068177,1.3305771362760617,3.5000000000000244,2.5173498022944107e-14,3.5000000000000244,0.035296426648325385,2.328219239589038,0.73125,False,"[-0.9999931002461988, 0.0020445945510976266, 0.0031014662850979502]",True,0.9999999999998923,diagnostic PCA of current input; not substituted into estimators,1.1058097208003252,0.73125,False,fraction only; point mask unavailable; applicability does not certify accuracy,,,APPLY,,"[-0.9182474748088724, 0.9182474748088724]",,True,0.1210746409924468,original row and source ID,e7fb2cbdb08e55c507014a70f3d002afe106f91e6c8782104819780dc5c04ef5,/srv/slam-research/grf/map-denoise/runs/multiscan-pilot-v1/real-transfer-v5-zrtui_f5/outputs/da_wall__tangent_translation__graph_shared.npz,36a9942c48b1e313cb04766a21d597fd16cee7648c99582e31d13f1597f62361,"[-0.0006785755937326468, 0.0011222260097112219, 0.9999991400716037]",0.0037823290269716914,89.78328799330848,0.0037825215909485467,1.5802593583532591e-13,1.4516692414157997,1.4516692414158001,3.1847537445660454,"[-1.4516692414157997, 1.4516692414158]",evaluation-only injection-space diagnostic; not a candidate or real geometry bound,known injection constant-axis diagnostic; not a bound on pooling or GICP,1.0000000000000002
da_wall__tangent_translation,da_wall,tangent_translation,measure_unbalanced,delivery_area,1600,2,2.0,/srv/slam-research/grf/map-denoise/runs/multiscan-pilot-v1/real-components-v4-h3dnauhf/inputs/da_wall__tangent_translation.npz,not_measured,3.1857492019716727,0.0037880728312108102,3.185746949832547,0.0053280195681297765,1.4215483756900866e-05,0.005328000604203736,3.1858038460980214,0.0037738573474539105,3.1858016108687095,1.4197846893382724,0.0037880728312063017,1.4197796359236883,3.5000000000000244,2.5173498022944107e-14,3.5000000000000244,9.605447572398586e-14,1.4197846893383126,1.0,False,"[-0.9999931002461988, 0.0020445945510976266, 0.0031014662850979502]",True,0.9999999999998923,diagnostic PCA of current input; not substituted into estimators,6.33712533248238e-14,1.0,True,"whole-scan applicability, not point-level confidence; applicability does not certify accuracy",07c797019de4936bb90666073496319a68e55d0853fdc2c25f27ac7b16d5afcd,,APPLY,,"[-1.4197846893382526, 1.4197846893382526]",0.25082719673116743,True,0.03742533500189893,original row and source ID,e7fb2cbdb08e55c507014a70f3d002afe106f91e6c8782104819780dc5c04ef5,/srv/slam-research/grf/map-denoise/runs/multiscan-pilot-v1/real-transfer-v5-zrtui_f5/outputs/da_wall__tangent_translation__measure_unbalanced.npz,e6d28c55433bdebfd80a75d599dc0ea348c0474f5319052b93431da13c8d678b,"[0.00043709225107246613, 0.0017103351015174129, 0.9999984418508884]",0.0026678691591365817,89.84714217555974,0.0026680614741310554,1.5668442921179726e-13,1.449793978315972,1.4497939783159723,3.1856078572917474,"[-1.4497939783159723, 1.4497939783159723]",evaluation-only injection-space diagnostic; not a candidate or real geometry bound,known injection constant-axis diagnostic; not a bound on pooling or GICP,1.0000000000000002
da_wall__tangent_translation,da_wall,tangent_translation,official_gicp,delivery_area,1600,2,2.0,/srv/slam-research/grf/map-denoise/runs/multiscan-pilot-v1/real-components-v4-h3dnauhf/inputs/da_wall__tangent_translation.npz,not_measured,23.77087907401365,23.659981254080645,2.293464411743161,23.7708790740062,23.6599812540734,2.2934644117407195,8.827532866972726e-12,8.299808436537215e-12,3.0064125522405287e-12,23.76350449788793,23.659981254080645,2.215724052695233,3.5000000000000244,2.5173498022944107e-14,3.5000000000000244,1.917866090546663e-13,46.49574218091403,1.0,False,"[-0.9999931002461988, 0.0020445945510976266, 0.0031014662850979502]",False,0.9999999999998923,diagnostic PCA of current input; not substituted into estimators,19.445415802091944,1.0,True,"successfully linked registration component, not point-level inliers; applicability does not certify accuracy",07c797019de4936bb90666073496319a68e55d0853fdc2c25f27ac7b16d5afcd,,APPLY,,,,True,0.010817200993187726,original row and source ID,e7fb2cbdb08e55c507014a70f3d002afe106f91e6c8782104819780dc5c04ef5,/srv/slam-research/grf/map-denoise/runs/multiscan-pilot-v1/real-transfer-v5-zrtui_f5/outputs/da_wall__tangent_translation__official_gicp.npz,849167d0935d5637230082feae6bc7e498672af6aeb5923a2f48d89bdeb7f843,,,,,,,,,,,,
da_wall__small_rotation,da_wall,small_rotation,identity,delivery_area,1600,2,2.0,/srv/slam-research/grf/map-denoise/runs/multiscan-pilot-v1/real-components-v4-h3dnauhf/inputs/da_wall__small_rotation.npz,not_measured,3.5000000000000004,3.4925388848342847,0.22841221053283556,0.0,0.0,0.0,3.5000000000000004,3.4925388848342847,0.22841221053283556,0.0,0.0,0.0,3.5000000000000004,3.4925388848342847,0.22841221053283556,1.051539936115151e-14,0.0,0.0,True,"[-0.9999964026265388, 0.0017230769012507182, 0.0020556604713913877]",False,0.9999994013867425,diagnostic PCA of current input; not substituted into estimators,0.0,,False,fraction only; point mask unavailable; applicability does not certify accuracy,,,IDENTITY,,,,True,1.0433999705128372e-05,original row and source ID,e7fb2cbdb08e55c507014a70f3d002afe106f91e6c8782104819780dc5c04ef5,/srv/slam-research/grf/map-denoise/runs/multiscan-pilot-v1/real-transfer-v5-zrtui_f5/outputs/da_wall__small_rotation__identity.npz,b2a6f84e4da85d7235076c38b5e2b82badce994839d5ff4315f33b228deb3b24,,,,,,,,,,,,
da_wall__small_rotation,da_wall,small_rotation,pool_independent,delivery_area,1600,2,2.0,/srv/slam-research/grf/map-denoise/runs/multiscan-pilot-v1/real-components-v4-h3dnauhf/inputs/da_wall__small_rotation.npz,not_measured,3.534731764481652,3.4924886722543533,0.5448408217182328,0.633195456487895,0.0023950749122817884,0.633190926761493,3.521124842482433,3.492662722199462,0.4467966710990455,0.49520265309046063,0.0018819558099262047,0.495199077008591,3.5000000000000004,3.4925388848342847,0.22841221053283556,0.0008521221014618501,1.2055365270942051,0.733125,False,"[-0.9999964026265388, 0.0017230769012507182, 0.0020556604713913877]",True,0.9999994013867425,diagnostic PCA of current input; not substituted into estimators,0.4948304203383712,0.733125,False,fraction only; point mask unavailable; applicability does not certify accuracy,,,APPLY,,"[0.02322956587121982, -0.023229565871219823]",,True,0.13011553199612536,original row and source ID,e7fb2cbdb08e55c507014a70f3d002afe106f91e6c8782104819780dc5c04ef5,/srv/slam-research/grf/map-denoise/runs/multiscan-pilot-v1/real-transfer-v5-zrtui_f5/outputs/da_wall__small_rotation__pool_independent.npz,13444654bc0a4786ad6f392a17efe15127b7b26c070df35eaa1b73b20817db3d,"[-0.0006963789259435507, 0.0011468713268106279, 0.9999990998708705]",0.002754011189331935,89.84220658265298,0.003800375054901826,1.5468923146521272e-13,0.05091479203765811,1.8314885198711388e-15,3.5000000000000004,"[-1.8314885198711384e-15, 1.8314885198711388e-15]",evaluation-only injection-space diagnostic; not a candidate or real geometry bound,known injection constant-axis diagnostic; not a bound on pooling or GICP,0.9999999995379775
da_wall__small_rotation,da_wall,small_rotation,pool_compatible,delivery_area,1600,2,2.0,/srv/slam-research/grf/map-denoise/runs/multiscan-pilot-v1/real-components-v4-h3dnauhf/inputs/da_wall__small_rotation.npz,not_measured,3.540376954769639,3.4925160621935385,0.5801728511263556,0.6652868727053673,0.0025164613579585,0.6652821134047731,3.5213888969375247,3.4926733395223084,0.44879027046602327,0.5337441372002539,0.0020284279047164634,0.5337402827929318,3.5000000000000004,3.4925388848342847,0.22841221053283556,0.000941004235889958,1.2436608173287373,0.733125,False,"[-0.9999964026265388, 0.0017230769012507182, 0.0020556604713913877]",True,0.9999994013867425,diagnostic PCA of current input; not substituted into estimators,0.5332851500301563,0.733125,True,candidate-reported accepted original input rows; applicability does not certify accuracy,b603f7e67af21f7c0025254c78f2fdb00abb147933b8a1d46435d2706c5d4a98,83c553a5e983d8ece9f5718fdacfe44f5fe14238442c8ec1912d887f7851a536,APPLY,,"[0.02322956587121982, -0.023229565871219823]",,True,0.18426983400422614,original row and source ID,e7fb2cbdb08e55c507014a70f3d002afe106f91e6c8782104819780dc5c04ef5,/srv/slam-research/grf/map-denoise/runs/multiscan-pilot-v1/real-transfer-v5-zrtui_f5/outputs/da_wall__small_rotation__pool_compatible.npz,242355936521fa84b01c28ec37f77a74d965ac33721d4077173945b8b9d644af,"[-0.0006963789259435507, 0.0011468713268106279, 0.9999990998708705]",0.002754011189331935,89.84220658265298,0.003800375054901826,1.590007988899778e-13,0.05091479203765811,1.8314885198711388e-15,3.5000000000000004,"[-1.8314885198711384e-15, 1.8314885198711388e-15]",evaluation-only injection-space diagnostic; not a candidate or real geometry bound,known injection constant-axis diagnostic; not a bound on pooling or GICP,0.9999999995379775
da_wall__small_rotation,da_wall,small_rotation,shared_group_slope,delivery_area,1600,2,2.0,/srv/slam-research/grf/map-denoise/runs/multiscan-pilot-v1/real-components-v4-h3dnauhf/inputs/da_wall__small_rotation.npz,not_measured,3.741194081880851,3.4936805737495873,1.3381813056925644,1.3636668430453904,0.0051580980422761945,1.3636570877042247,3.5309229249215197,3.4926256800051165,0.5186352871769676,1.3252053575425216,0.005036277383426797,1.3251957876364986,3.5000000000000004,3.4925388848342847,0.22841221053283556,0.05230626141829502,3.034538777091411,0.733125,False,"[-0.9999964026265388, 0.0017230769012507182, 0.0020556604713913877]",True,0.9999994013867425,diagnostic PCA of current input; not substituted into estimators,1.3220256289728636,0.733125,True,candidate-reported accepted original input rows; applicability does not certify accuracy,b603f7e67af21f7c0025254c78f2fdb00abb147933b8a1d46435d2706c5d4a98,83c553a5e983d8ece9f5718fdacfe44f5fe14238442c8ec1912d887f7851a536,APPLY,,"[0.02322956587121982, -0.023229565871219823]",,True,0.18346142700465862,original row and source ID,e7fb2cbdb08e55c507014a70f3d002afe106f91e6c8782104819780dc5c04ef5,/srv/slam-research/grf/map-denoise/runs/multiscan-pilot-v1/real-transfer-v5-zrtui_f5/outputs/da_wall__small_rotation__shared_group_slope.npz,2722c138fa0b59fd9f2a26c96ff6854eb2a536fd2acbe66f524f726ab522a4bd,"[-0.0006963789259435507, 0.0011468713268106279, 0.9999990998708705]",0.002754011189331935,89.84220658265298,0.003800375054901826,1.6005898530486692e-13,0.05091479203765811,1.8314885198711388e-15,3.5000000000000004,"[-1.8314885198711384e-15, 1.8314885198711388e-15]",evaluation-only injection-space diagnostic; not a candidate or real geometry bound,known injection constant-axis diagnostic; not a bound on pooling or GICP,0.9999999995379775
da_wall__small_rotation,da_wall,small_rotation,node_intercepts,delivery_area,1600,2,2.0,/srv/slam-research/grf/map-denoise/runs/multiscan-pilot-v1/real-components-v4-h3dnauhf/inputs/da_wall__small_rotation.npz,not_measured,3.5393406480491185,3.4925175745765,0.5738059029036156,0.6600115043530759,0.002496507168041456,0.6600067827911847,3.5214142406736277,3.4926711475056984,0.4490061355931002,0.526817578293444,0.0020021043830304327,0.5268137739059301,3.5000000000000004,3.4925388848342847,0.22841221053283556,0.0015825549307889374,1.2604607464625768,0.733125,False,"[-0.9999964026265388, 0.0017230769012507182, 0.0020556604713913877]",True,0.9999994013867425,diagnostic PCA of current input; not substituted into estimators,0.52641460264019,0.733125,True,candidate-reported accepted original input rows; applicability does not certify accuracy,b603f7e67af21f7c0025254c78f2fdb00abb147933b8a1d46435d2706c5d4a98,83c553a5e983d8ece9f5718fdacfe44f5fe14238442c8ec1912d887f7851a536,APPLY,,"[0.02322956587121982, -0.023229565871219823]",,True,0.18438185600098222,original row and source ID,e7fb2cbdb08e55c507014a70f3d002afe106f91e6c8782104819780dc5c04ef5,/srv/slam-research/grf/map-denoise/runs/multiscan-pilot-v1/real-transfer-v5-zrtui_f5/outputs/da_wall__small_rotation__node_intercepts.npz,6312ed01e22f2dc31f4511ba41947ffe9fb7e5b6b26410e34311c5142186b505,"[-0.0006963789259435507, 0.0011468713268106279, 0.9999990998708705]",0.002754011189331935,89.84220658265298,0.003800375054901826,1.5940053906294529e-13,0.05091479203765811,1.8314885198711388e-15,3.5000000000000004,"[-1.8314885198711384e-15, 1.8314885198711388e-15]",evaluation-only injection-space diagnostic; not a candidate or real geometry bound,known injection constant-axis diagnostic; not a bound on pooling or GICP,0.9999999995379775
da_wall__small_rotation,da_wall,small_rotation,graph_shared,delivery_area,1600,2,2.0,/srv/slam-research/grf/map-denoise/runs/multiscan-pilot-v1/real-components-v4-h3dnauhf/inputs/da_wall__small_rotation.npz,not_measured,3.6337008466381198,3.492574707542664,1.00284782249944,1.0524853898007065,0.003981048711078982,1.052477860572423,3.538332535019726,3.4926723767412313,0.5666010917108057,0.9776322539434641,0.0037153735613100025,0.9776251940032427,3.5000000000000004,3.4925388848342847,0.22841221053283556,0.03529943928055513,1.5939273574342665,0.733125,False,"[-0.9999964026265388, 0.0017230769012507182, 0.0020556604713913877]",True,0.9999994013867425,diagnostic PCA of current input; not substituted into estimators,0.9769483113773842,0.733125,False,fraction only; point mask unavailable; applicability does not certify accuracy,,,APPLY,,"[0.023230804750041127, -0.023230804750041127]",,True,0.1038095539988717,original row and source ID,e7fb2cbdb08e55c507014a70f3d002afe106f91e6c8782104819780dc5c04ef5,/srv/slam-research/grf/map-denoise/runs/multiscan-pilot-v1/real-transfer-v5-zrtui_f5/outputs/da_wall__small_rotation__graph_shared.npz,63744ca7749b57c6bedc4fd69f8b7aba2c45153b4009060f23ac7f0147dd7403,"[-0.0006963833979777632, 0.0011468505700341289, 0.9999990998915614]",0.002754015625627071,89.84220632847102,0.0038003794845389402,1.5536272942675483e-13,0.05091479186180142,1.8317595704142597e-15,3.5000000000000004,"[-1.8317595704142593e-15, 1.83175957041426e-15]",evaluation-only injection-space diagnostic; not a candidate or real geometry bound,known injection constant-axis diagnostic; not a bound on pooling or GICP,0.9999999995382559
da_wall__small_rotation,da_wall,small_rotation,measure_unbalanced,delivery_area,1600,2,2.0,/srv/slam-research/grf/map-denoise/runs/multiscan-pilot-v1/real-components-v4-h3dnauhf/inputs/da_wall__small_rotation.npz,not_measured,3.5000059064478357,3.49253888486535,0.22850269773732299,0.0053280195681297765,1.4215483756900866e-05,0.005328000604203736,3.500019750159589,3.4925388849542385,0.2287146444585408,0.006430020973756979,1.4730361305636688e-05,0.006430004101041496,3.5000000000000004,3.4925388848342847,0.22841221053283556,9.792006508009526e-14,0.006430020973957832,1.0,False,"[-0.9999964026265388, 0.0017230769012507182, 0.0020556604713913877]",True,0.9999994013867425,diagnostic PCA of current input; not substituted into estimators,1.2867193186367017e-13,1.0,True,"whole-scan applicability, not point-level confidence; applicability does not certify accuracy",07c797019de4936bb90666073496319a68e55d0853fdc2c25f27ac7b16d5afcd,,APPLY,,"[0.006430020973680151, -0.006430020973680152]",0.31377274562998747,True,0.037140122993150726,original row and source ID,e7fb2cbdb08e55c507014a70f3d002afe106f91e6c8782104819780dc5c04ef5,/srv/slam-research/grf/map-denoise/runs/multiscan-pilot-v1/real-transfer-v5-zrtui_f5/outputs/da_wall__small_rotation__measure_unbalanced.npz,90ec73aafea397a08114744c41e32b65a99b0fbb1575b11532dae0e14fc0db32,"[0.0008134752197441064, 0.0013144532509430375, 0.9999988052346453]",0.0012444506260240098,89.92869821291274,0.0022908729788383565,1.3358480591349705e-13,0.04974664592921873,1.8287780144399254e-15,3.5000000000000004,"[-1.8287780144399246e-15, 1.828778014439925e-15]",evaluation-only injection-space diagnostic; not a candidate or real geometry bound,known injection constant-axis diagnostic; not a bound on pooling or GICP,0.9999998508066449
da_wall__small_rotation,da_wall,small_rotation,official_gicp,delivery_area,1600,2,2.0,/srv/slam-research/grf/map-denoise/runs/multiscan-pilot-v1/real-components-v4-h3dnauhf/inputs/da_wall__small_rotation.npz,not_measured,18.53834703634835,18.409006639149606,2.186043320666681,23.7708790740062,23.6599812540734,2.2934644117407195,6.939589536342073,6.935572128171598,0.23609783530918757,15.966377202863692,15.826977582955134,2.1052272021710734,3.5000000000000004,3.4925388848342847,0.22841221053283556,1.3809014289620984e-13,31.125099116766513,1.0,False,"[-0.9999964026265388, 0.0017230769012507182, 0.0020556604713913877]",False,0.9999994013867425,diagnostic PCA of current input; not substituted into estimators,13.943363331173842,1.0,True,"successfully linked registration component, not point-level inliers; applicability does not certify accuracy",07c797019de4936bb90666073496319a68e55d0853fdc2c25f27ac7b16d5afcd,,APPLY,,,,True,0.009703571995487437,original row and source ID,e7fb2cbdb08e55c507014a70f3d002afe106f91e6c8782104819780dc5c04ef5,/srv/slam-research/grf/map-denoise/runs/multiscan-pilot-v1/real-transfer-v5-zrtui_f5/outputs/da_wall__small_rotation__official_gicp.npz,9a98f03b3dfb2b3c6f5f225f1dc2fd9f390f4bdd31c772d88c0095620e0c8b13,,,,,,,,,,,,
