phase,kind,case,seed,gap,sigma,method,status,shared_case_seconds,bias,retain,selected_family,replaced_r,surface_mae_mm,balanced_source_mae_mm,matched_rms_mm,coverage_1mm,model_k,distance_to_fitted_surface_mm,source_gap_mm,source_gap_error_mm,fitted_gap_mm,fitted_gap_error_mm
bridge,bridge,s9182101_g0_n0.5_b0_r0.25,9182101,0,0.5,identity,OK,1.8360508710029535,0,0.25,,False,0.3756113404606649,0.3756113404606649,0.48119393635330354,0.953125,,,,,,
bridge,bridge,s9182101_g0_n0.5_b0_r0.25,9182101,0,0.5,old_spatial36,OK,1.8360583890025737,0,0.25,,False,0.06437423002630352,0.06437423002630352,0.07751220912421865,1.0,1,1.282971732492267e-18,,,,
bridge,bridge,s9182101_g0_n0.5_b0_r0.25,9182101,0,0.5,retained_half,OK,1.8360624389970326,0,0.25,S,False,0.06437423002630352,0.06437423002630352,0.07751220912421866,1.0,1,0.0,,,,
bridge,bridge,s9182101_g0_n0.5_b0_r0.25,9182101,0,0.5,retained_map,OK,1.836061381000036,0,0.25,S,False,0.06437423002630352,0.06437423002630352,0.07751220912421866,1.0,1,0.0,,,,
bridge,bridge,s9182101_g0_n0.5_b0_r0.25,9182101,0,0.5,retained_mean,OK,1.8360633859992959,0,0.25,S,False,0.06437423002630352,0.06437423002630352,0.07751220912421866,1.0,1,0.0,,,,
bridge,bridge,s9182101_g0_n0.5_b0_r0.25,9182101,0,0.5,v17_map,OK,1.836060287001601,0,0.25,,False,0.0643742300263035,0.0643742300263035,0.07751220912421866,1.0,1,1.282971732492267e-18,,,,
bridge,bridge,s9182101_g0_n0.5_b0_r1.0,9182101,0,0.5,identity,OK,3.7268038269976387,0,1.0,,False,0.39071434026503143,0.39071434026503143,0.4867265638141622,0.9713541666666666,,,,,,
bridge,bridge,s9182101_g0_n0.5_b0_r1.0,9182101,0,0.5,old_spatial36,OK,3.7268110269942554,0,1.0,,False,0.015936045919580453,0.015936045919580453,0.019461976411633535,1.0,1,6.212439656757453e-18,,,,
bridge,bridge,s9182101_g0_n0.5_b0_r1.0,9182101,0,0.5,retained_half,OK,3.7268157500002417,0,1.0,S,False,0.01593604591958045,0.01593604591958045,0.019461976411633535,1.0,1,0.0,,,,
bridge,bridge,s9182101_g0_n0.5_b0_r1.0,9182101,0,0.5,retained_map,OK,3.7268145739944885,0,1.0,S,False,0.01593604591958045,0.01593604591958045,0.019461976411633535,1.0,1,0.0,,,,
bridge,bridge,s9182101_g0_n0.5_b0_r1.0,9182101,0,0.5,retained_mean,OK,3.726816823000263,0,1.0,S,False,0.01593604591958045,0.01593604591958045,0.019461976411633535,1.0,1,0.0,,,,
bridge,bridge,s9182101_g0_n0.5_b0_r1.0,9182101,0,0.5,v17_map,OK,3.726813180001045,0,1.0,,False,0.015936045919580453,0.015936045919580453,0.019461976411633535,1.0,1,6.212439656757453e-18,,,,
bridge,bridge,s9182101_g0_n0.5_b4_r0.25,9182101,0,0.5,identity,OK,1.1194352269958472,4,0.25,,False,3.4058433227822413,3.4058433227822413,4.035311785627927,0.15625,,,,,,
bridge,bridge,s9182101_g0_n0.5_b4_r0.25,9182101,0,0.5,old_spatial36,OK,1.119440794995171,4,0.25,,False,0.14153064844334726,0.14153064844334726,0.14885236747635297,1.0,1,1.4264025511489046e-18,,,,
bridge,bridge,s9182101_g0_n0.5_b4_r0.25,9182101,0,0.5,retained_half,OK,1.119443992000015,4,0.25,S,False,0.14153064844334728,0.14153064844334728,0.148852367476353,1.0,1,0.0,,,,
bridge,bridge,s9182101_g0_n0.5_b4_r0.25,9182101,0,0.5,retained_map,OK,1.1194430999967153,4,0.25,S,False,0.14153064844334728,0.14153064844334728,0.148852367476353,1.0,1,0.0,,,,
bridge,bridge,s9182101_g0_n0.5_b4_r0.25,9182101,0,0.5,retained_mean,OK,1.1194448139940505,4,0.25,S,False,0.14153064844334728,0.14153064844334728,0.148852367476353,1.0,1,0.0,,,,
bridge,bridge,s9182101_g0_n0.5_b4_r0.25,9182101,0,0.5,v17_map,OK,1.119442198993056,4,0.25,,False,0.14153064844334728,0.14153064844334728,0.148852367476353,1.0,1,1.4264025511489046e-18,,,,
bridge,bridge,s9182101_g0_n0.5_b4_r1.0,9182101,0,0.5,identity,OK,3.9064564849977614,4,1.0,,False,3.412132706586695,3.412132706586695,4.02457112878917,0.17708333333333334,,,,,,
bridge,bridge,s9182101_g0_n0.5_b4_r1.0,9182101,0,0.5,old_spatial36,OK,3.9064640259966836,4,1.0,,False,0.015935428935127262,0.015935428935127262,0.02602495907557703,1.0,1,5.4765684005825554e-18,,,,
bridge,bridge,s9182101_g0_n0.5_b4_r1.0,9182101,0,0.5,retained_half,OK,3.906468326000322,4,1.0,S,False,0.01593542893512727,0.01593542893512727,0.026024959075577038,1.0,1,0.0,,,,
bridge,bridge,s9182101_g0_n0.5_b4_r1.0,9182101,0,0.5,retained_map,OK,3.9064672669992433,4,1.0,S,False,0.01593542893512727,0.01593542893512727,0.026024959075577038,1.0,1,0.0,,,,
bridge,bridge,s9182101_g0_n0.5_b4_r1.0,9182101,0,0.5,retained_mean,OK,3.9064693010004703,4,1.0,S,False,0.01593542893512727,0.01593542893512727,0.026024959075577038,1.0,1,0.0,,,,
bridge,bridge,s9182101_g0_n0.5_b4_r1.0,9182101,0,0.5,v17_map,OK,3.9064660239964724,4,1.0,,False,0.015935428935127272,0.015935428935127272,0.026024959075577038,1.0,1,5.4765684005825554e-18,,,,
bridge,bridge,s9182101_g0_n1.0_b0_r0.25,9182101,0,1.0,identity,OK,1.7894574649981223,0,0.25,,False,0.7512226809213298,0.7512226809213298,0.9623878727066071,0.71875,,,,,,
bridge,bridge,s9182101_g0_n1.0_b0_r0.25,9182101,0,1.0,old_spatial36,OK,1.7894627210043836,0,0.25,,False,0.1287512062219001,0.1287512062219001,0.155026706254506,1.0,1,2.5072109772793276e-18,,,,
bridge,bridge,s9182101_g0_n1.0_b0_r0.25,9182101,0,1.0,retained_half,OK,1.7894662079997943,0,0.25,S,False,0.1287512062219001,0.1287512062219001,0.155026706254506,1.0,1,0.0,,,,
bridge,bridge,s9182101_g0_n1.0_b0_r0.25,9182101,0,1.0,retained_map,OK,1.7894648779983982,0,0.25,S,False,0.1287512062219001,0.1287512062219001,0.155026706254506,1.0,1,0.0,,,,
bridge,bridge,s9182101_g0_n1.0_b0_r0.25,9182101,0,1.0,retained_mean,OK,1.7894672850015922,0,0.25,S,False,0.1287512062219001,0.1287512062219001,0.155026706254506,1.0,1,0.0,,,,
bridge,bridge,s9182101_g0_n1.0_b0_r0.25,9182101,0,1.0,v17_map,OK,1.7894638819998363,0,0.25,,False,0.1287512062219001,0.1287512062219001,0.155026706254506,1.0,1,2.5072109772793276e-18,,,,
bridge,bridge,s9182101_g0_n1.0_b0_r1.0,9182101,0,1.0,identity,OK,2.3614239480011747,0,1.0,,False,0.7814286805300629,0.7814286805300629,0.9734531276283244,0.7109375,,,,,,
bridge,bridge,s9182101_g0_n1.0_b0_r1.0,9182101,0,1.0,old_spatial36,OK,2.361428682997939,0,1.0,,False,0.031931167413863655,0.031931167413863655,0.03962297202576371,1.0,1,1.383273256567257e-17,,,,
bridge,bridge,s9182101_g0_n1.0_b0_r1.0,9182101,0,1.0,retained_half,OK,2.3614310010016197,0,1.0,S,False,0.031931167413863655,0.031931167413863655,0.03962297202576372,1.0,1,0.0,,,,
bridge,bridge,s9182101_g0_n1.0_b0_r1.0,9182101,0,1.0,retained_map,OK,2.361430413002381,0,1.0,S,False,0.031931167413863655,0.031931167413863655,0.03962297202576372,1.0,1,0.0,,,,
bridge,bridge,s9182101_g0_n1.0_b0_r1.0,9182101,0,1.0,retained_mean,OK,2.3614316539969877,0,1.0,S,False,0.031931167413863655,0.031931167413863655,0.03962297202576372,1.0,1,0.0,,,,
bridge,bridge,s9182101_g0_n1.0_b0_r1.0,9182101,0,1.0,v17_map,OK,2.361429673997918,0,1.0,,False,0.031931167413863655,0.031931167413863655,0.03962297202576371,1.0,1,1.383273256567257e-17,,,,
bridge,bridge,s9182101_g0_n1.0_b4_r0.25,9182101,0,1.0,identity,OK,1.8443094769972959,4,0.25,,False,3.4798907801383976,3.4798907801383976,4.121020584076012,0.17708333333333334,,,,,,
bridge,bridge,s9182101_g0_n1.0_b4_r0.25,9182101,0,1.0,old_spatial36,OK,1.8443145669953083,4,0.25,,False,0.20384086878492794,0.20384086878492794,0.22373228189798208,1.0,1,2.7014633591434684e-18,,,,
bridge,bridge,s9182101_g0_n1.0_b4_r0.25,9182101,0,1.0,retained_half,OK,1.8443177359949914,4,0.25,S,False,0.203840868784928,0.203840868784928,0.22373228189798214,1.0,1,0.0,,,,
bridge,bridge,s9182101_g0_n1.0_b4_r0.25,9182101,0,1.0,retained_map,OK,1.8443167820005328,4,0.25,S,False,0.203840868784928,0.203840868784928,0.22373228189798214,1.0,1,0.0,,,,
bridge,bridge,s9182101_g0_n1.0_b4_r0.25,9182101,0,1.0,retained_mean,OK,1.8443186779986718,4,0.25,S,False,0.203840868784928,0.203840868784928,0.22373228189798214,1.0,1,0.0,,,,
bridge,bridge,s9182101_g0_n1.0_b4_r0.25,9182101,0,1.0,v17_map,OK,1.844315842994547,4,0.25,,False,0.203840868784928,0.203840868784928,0.22373228189798214,1.0,1,2.7014633591434684e-18,,,,
bridge,bridge,s9182101_g0_n1.0_b4_r1.0,9182101,0,1.0,identity,OK,2.315783840000222,4,1.0,,False,3.4665029042433773,3.4665029042433773,4.107085467483158,0.19270833333333334,,,,,,
bridge,bridge,s9182101_g0_n1.0_b4_r1.0,9182101,0,1.0,old_spatial36,OK,2.315788050997071,4,1.0,,False,0.031928587033297894,0.031928587033297894,0.05197049916818192,1.0,1,1.0557643764090716e-17,,,,
bridge,bridge,s9182101_g0_n1.0_b4_r1.0,9182101,0,1.0,retained_half,OK,2.315790474996902,4,1.0,S,False,0.03192858703329792,0.03192858703329792,0.05197049916818194,1.0,1,0.0,,,,
bridge,bridge,s9182101_g0_n1.0_b4_r1.0,9182101,0,1.0,retained_map,OK,2.3157897609999054,4,1.0,S,False,0.03192858703329792,0.03192858703329792,0.05197049916818194,1.0,1,0.0,,,,
bridge,bridge,s9182101_g0_n1.0_b4_r1.0,9182101,0,1.0,retained_mean,OK,2.315791237997473,4,1.0,S,False,0.03192858703329792,0.03192858703329792,0.05197049916818194,1.0,1,0.0,,,,
bridge,bridge,s9182101_g0_n1.0_b4_r1.0,9182101,0,1.0,v17_map,OK,2.3157890110014705,4,1.0,,False,0.03192858703329792,0.03192858703329792,0.05197049916818194,1.0,1,1.0557643764090716e-17,,,,
bridge,bridge,s9182101_g0_n2.0_b0_r0.25,9182101,0,2.0,identity,OK,1.9167749410044053,0,0.25,,False,1.5024453618426596,1.5024453618426596,1.9247757454132142,0.4375,,,,,,
bridge,bridge,s9182101_g0_n2.0_b0_r0.25,9182101,0,2.0,old_spatial36,OK,1.916780348001339,0,0.25,,False,0.2575321714372473,0.2575321714372473,0.31008792031252497,1.0,1,6.8236235294174626e-18,,,,
bridge,bridge,s9182101_g0_n2.0_b0_r0.25,9182101,0,2.0,retained_half,OK,1.9167839210058446,0,0.25,S,False,0.2575321714372473,0.2575321714372473,0.31008792031252497,1.0,1,0.0,,,,
bridge,bridge,s9182101_g0_n2.0_b0_r0.25,9182101,0,2.0,retained_map,OK,1.9167826470002183,0,0.25,S,False,0.2575321714372473,0.2575321714372473,0.31008792031252497,1.0,1,0.0,,,,
bridge,bridge,s9182101_g0_n2.0_b0_r0.25,9182101,0,2.0,retained_mean,OK,1.9167848889992456,0,0.25,S,False,0.2575321714372473,0.2575321714372473,0.31008792031252497,1.0,1,0.0,,,,
bridge,bridge,s9182101_g0_n2.0_b0_r0.25,9182101,0,2.0,v17_map,OK,1.9167814110041945,0,0.25,,False,0.2575321714372473,0.2575321714372473,0.31008792031252497,1.0,1,6.8236235294174626e-18,,,,
bridge,bridge,s9182101_g0_n2.0_b0_r1.0,9182101,0,2.0,identity,OK,3.7703480290001608,0,1.0,,False,1.5628573610601257,1.5628573610601257,1.9469062552566487,0.4205729166666667,,,,,,
bridge,bridge,s9182101_g0_n2.0_b0_r1.0,9182101,0,2.0,old_spatial36,OK,3.770353839994641,0,1.0,,False,0.06432505007279711,0.06432505007279711,0.08471003157990886,1.0,1,2.8685137819372505e-17,,,,
bridge,bridge,s9182101_g0_n2.0_b0_r1.0,9182101,0,2.0,retained_half,OK,3.7703572049940703,0,1.0,S,False,0.06432505007279708,0.06432505007279708,0.08471003157990886,1.0,1,0.0,,,,
bridge,bridge,s9182101_g0_n2.0_b0_r1.0,9182101,0,2.0,retained_map,OK,3.7703561629969045,0,1.0,S,False,0.06432505007279708,0.06432505007279708,0.08471003157990886,1.0,1,0.0,,,,
bridge,bridge,s9182101_g0_n2.0_b0_r1.0,9182101,0,2.0,retained_mean,OK,3.7703582269969047,0,1.0,S,False,0.06432505007279708,0.06432505007279708,0.08471003157990886,1.0,1,0.0,,,,
bridge,bridge,s9182101_g0_n2.0_b0_r1.0,9182101,0,2.0,v17_map,OK,3.7703551419981522,0,1.0,,False,0.06432505007279708,0.06432505007279708,0.08471003157990885,1.0,1,2.8685137819372505e-17,,,,
bridge,bridge,s9182101_g0_n2.0_b4_r0.25,9182101,0,2.0,identity,OK,1.154390063995379,4,0.25,,False,3.7122271307962778,3.7122271307962778,4.446373260869853,0.17708333333333334,,,,,,
bridge,bridge,s9182101_g0_n2.0_b4_r0.25,9182101,0,2.0,old_spatial36,OK,1.1543947039972409,4,0.25,,False,0.32846130946808844,0.32846130946808844,0.37673606387789343,1.0,1,7.171467959906682e-18,,,,
bridge,bridge,s9182101_g0_n2.0_b4_r0.25,9182101,0,2.0,retained_half,OK,1.1543969039994408,4,0.25,S,False,0.32846130946808844,0.32846130946808844,0.37673606387789343,1.0,1,0.0,,,,
bridge,bridge,s9182101_g0_n2.0_b4_r0.25,9182101,0,2.0,retained_map,OK,1.1543961969946395,4,0.25,S,False,0.32846130946808844,0.32846130946808844,0.37673606387789343,1.0,1,0.0,,,,
bridge,bridge,s9182101_g0_n2.0_b4_r0.25,9182101,0,2.0,retained_mean,OK,1.1543975859967759,4,0.25,S,False,0.32846130946808844,0.32846130946808844,0.37673606387789343,1.0,1,0.0,,,,
bridge,bridge,s9182101_g0_n2.0_b4_r0.25,9182101,0,2.0,v17_map,OK,1.1543955199958873,4,0.25,,False,0.32846130946808844,0.32846130946808844,0.37673606387789343,1.0,1,7.171467959906682e-18,,,,
bridge,bridge,s9182101_g0_n2.0_b4_r1.0,9182101,0,2.0,identity,OK,3.773405437001202,4,1.0,,False,3.6883098815492943,3.6883098815492943,4.430747573243304,0.18359375,,,,,,
bridge,bridge,s9182101_g0_n2.0_b4_r1.0,9182101,0,2.0,old_spatial36,OK,3.7734100540037616,4,1.0,,False,0.06438124492821284,0.06438124492821284,0.10819012133875258,1.0,1,2.972868906641257e-17,,,,
bridge,bridge,s9182101_g0_n2.0_b4_r1.0,9182101,0,2.0,retained_half,OK,3.773412909999024,4,1.0,S,False,0.06438124492821282,0.06438124492821282,0.10819012133875257,1.0,1,0.0,,,,
bridge,bridge,s9182101_g0_n2.0_b4_r1.0,9182101,0,2.0,retained_map,OK,3.7734120189998066,4,1.0,S,False,0.06438124492821282,0.06438124492821282,0.10819012133875257,1.0,1,0.0,,,,
bridge,bridge,s9182101_g0_n2.0_b4_r1.0,9182101,0,2.0,retained_mean,OK,3.7734138009982416,4,1.0,S,False,0.06438124492821282,0.06438124492821282,0.10819012133875257,1.0,1,0.0,,,,
bridge,bridge,s9182101_g0_n2.0_b4_r1.0,9182101,0,2.0,v17_map,OK,3.7734111649988336,4,1.0,,False,0.06438124492821282,0.06438124492821282,0.10819012133875257,1.0,1,2.972868906641257e-17,,,,
bridge,bridge,s9182101_g2_n0.5_b0_r0.25,9182101,2,0.5,identity,OK,1.8031488479973632,0,0.25,,True,0.3837319219487313,0.3833123005414624,0.48274410224045666,0.9719626168224299,,,2.024268327096834,0.024268327096833797,,
bridge,bridge,s9182101_g2_n0.5_b0_r0.25,9182101,2,0.5,old_spatial36,OK,1.8031528950014035,0,0.25,,True,0.05728439306013385,0.0689434280973292,0.10899605721806634,0.9953271028037384,2,0.0,2.048447252387569,0.04844725238756897,2.07788840236596,0.07788840236595984
bridge,bridge,s9182101_g2_n0.5_b0_r0.25,9182101,2,0.5,retained_half,OK,1.8031552969987388,0,0.25,L,True,0.05697547789535848,0.0676256267688742,0.10889747675065832,0.9953271028037384,2,0.0019941542136198065,2.043237127424339,0.04323712742433905,2.0692031513587037,0.0692031513587037
bridge,bridge,s9182101_g2_n0.5_b0_r0.25,9182101,2,0.5,retained_map,OK,1.8031544650002616,0,0.25,L,True,0.05594925634820986,0.06736214817128816,0.10804384667525638,0.9953271028037384,2,0.0,2.047424443692015,0.04742444369201504,2.0692031513587037,0.0692031513587037
bridge,bridge,s9182101_g2_n0.5_b0_r0.25,9182101,2,0.5,retained_mean,OK,1.8031565109995427,0,0.25,L,True,0.05852528980422777,0.06889854984761545,0.11151391702985089,0.9953271028037384,2,0.0039883084272396155,2.039049811156663,0.03904981115666306,2.0692031513587037,0.0692031513587037
bridge,bridge,s9182101_g2_n0.5_b0_r0.25,9182101,2,0.5,v17_map,OK,1.8031536970011075,0,0.25,,True,0.05594925634820986,0.06736214817128816,0.10804384667525638,0.9953271028037384,2,0.0,2.047424443692015,0.04742444369201504,2.0692031513587037,0.0692031513587037
bridge,bridge,s9182101_g2_n0.5_b0_r1.0,9182101,2,0.5,identity,OK,4.114236273999268,0,1.0,,True,0.3892136740185989,0.3897442211253649,0.4867265638141622,0.9674479166666666,,,1.9491935577611175,0.05080644223888253,,
bridge,bridge,s9182101_g2_n0.5_b0_r1.0,9182101,2,0.5,old_spatial36,OK,4.114241515999311,0,1.0,,True,0.03732397749893412,0.0407716408043582,0.10271664790564065,0.9986979166666666,2,0.0,1.9490825277936024,0.05091747220639764,1.9908746586668402,0.009125341333159787
bridge,bridge,s9182101_g2_n0.5_b0_r1.0,9182101,2,0.5,retained_half,OK,4.1142444599972805,0,1.0,L,True,0.038618241412605774,0.041936640908971694,0.10169418940646167,0.9986979166666666,2,0.002353510501336309,1.9456190813010164,0.05438091869898365,1.987871950349762,0.01212804965023806
bridge,bridge,s9182101_g2_n0.5_b0_r1.0,9182101,2,0.5,retained_map,OK,4.114243459996942,0,1.0,L,True,0.036688176840483026,0.039947326777579104,0.10246533116691253,0.9986979166666666,2,0.0,1.9502405301655799,0.049759469834420145,1.987871950349762,0.01212804965023806
bridge,bridge,s9182101_g2_n0.5_b0_r1.0,9182101,2,0.5,retained_mean,OK,4.114245446995483,0,1.0,L,True,0.04074270290809205,0.0440914725981727,0.10455683524141453,0.9986979166666666,2,0.004707021002672612,1.9409976324364528,0.05900236756354715,1.987871950349762,0.01212804965023806
bridge,bridge,s9182101_g2_n0.5_b0_r1.0,9182101,2,0.5,v17_map,OK,4.1142426209989935,0,1.0,,True,0.036688176840483026,0.039947326777579104,0.10246533116691253,0.9986979166666666,2,0.0,1.9502405301655799,0.049759469834420145,1.987871950349762,0.01212804965023806
bridge,bridge,s9182101_g2_n0.5_b4_r0.25,9182101,2,0.5,identity,OK,1.85221946999809,4,0.25,,True,3.2403059819241906,3.2628336330462133,3.9584333794164217,0.15654205607476634,,,1.7720099982637063,0.2279900017362937,,
bridge,bridge,s9182101_g2_n0.5_b4_r0.25,9182101,2,0.5,old_spatial36,OK,1.8522246239954256,4,0.25,,True,0.09947317484219267,0.15464075940759384,0.505462745490522,0.9906542056074766,2,0.0,2.07492356130328,0.07492356130327993,2.0759996452202105,0.07599964522021052
bridge,bridge,s9182101_g2_n0.5_b4_r0.25,9182101,2,0.5,retained_half,OK,1.8522269679961028,4,0.25,L,True,0.09907836975619241,0.1531554254809364,0.50543090537706,0.9906542056074766,2,0.0019958506732572177,2.0697378389379106,0.06973783893791063,2.067261064472199,0.06726106447219893
bridge,bridge,s9182101_g2_n0.5_b4_r0.25,9182101,2,0.5,retained_map,OK,1.8522262789992965,4,0.25,L,True,0.09811683184649046,0.1530362652431953,0.5052177222426504,0.9906542056074766,2,0.0,2.073892408874134,0.07389240887413395,2.067261064472199,0.06726106447219893
bridge,bridge,s9182101_g2_n0.5_b4_r0.25,9182101,2,0.5,retained_mean,OK,1.8522275799987256,4,0.25,L,True,0.10062619647705286,0.15440490829154163,0.5060316198439527,0.9906542056074766,2,0.0039917013465144355,2.065583269001687,0.06558326900168687,2.067261064472199,0.06726106447219893
bridge,bridge,s9182101_g2_n0.5_b4_r0.25,9182101,2,0.5,v17_map,OK,1.8522254349954892,4,0.25,,True,0.09811683184649046,0.1530362652431953,0.5052177222426504,0.9906542056074766,2,0.0,2.073892408874134,0.07389240887413395,2.067261064472199,0.06726106447219893
bridge,bridge,s9182101_g2_n0.5_b4_r1.0,9182101,2,0.5,identity,OK,4.154595690997667,4,1.0,,True,3.1996791691570983,3.413069915326849,4.02457112878917,0.1640625,,,1.8127191687204516,0.18728083127954842,,
bridge,bridge,s9182101_g2_n0.5_b4_r1.0,9182101,2,0.5,old_spatial36,OK,4.15460118700139,4,1.0,,True,0.14468080226829125,0.16241195823827353,0.8780449138816145,0.97265625,2,0.0,1.887327085345797,0.11267291465420293,1.9920906241991785,0.007909375800821516
bridge,bridge,s9182101_g2_n0.5_b4_r1.0,9182101,2,0.5,retained_half,OK,4.154604385999846,4,1.0,L,True,0.14586638438715074,0.16352689761401737,0.8779804138592512,0.97265625,2,0.002390151934592347,1.8839184954832726,0.11608150451672739,1.9889936872876803,0.011006312712319666
bridge,bridge,s9182101_g2_n0.5_b4_r1.0,9182101,2,0.5,retained_map,OK,4.154603401002532,4,1.0,L,True,0.14391693149759374,0.1614670626595752,0.8780110750785006,0.97265625,2,0.0,1.888634953012515,0.11136504698748495,1.9889936872876803,0.011006312712319666
bridge,bridge,s9182101_g2_n0.5_b4_r1.0,9182101,2,0.5,retained_mean,OK,4.15460532400175,4,1.0,L,True,0.14799925046128637,0.16574289811807857,0.8783667387836875,0.97265625,2,0.0047803038691847,1.8792020379540297,0.12079796204597026,1.9889936872876803,0.011006312712319666
bridge,bridge,s9182101_g2_n0.5_b4_r1.0,9182101,2,0.5,v17_map,OK,4.1546023819973925,4,1.0,,True,0.14391693149759374,0.1614670626595752,0.8780110750785006,0.97265625,2,0.0,1.888634953012515,0.11136504698748495,1.9889936872876803,0.011006312712319666
bridge,bridge,s9182101_g2_n1.0_b0_r0.25,9182101,2,1.0,identity,OK,3.484439977000875,0,0.25,,False,0.7618274858388617,0.7666246010829249,0.9654882044809133,0.7219626168224299,,,2.0485366541936685,0.04853665419366848,,
bridge,bridge,s9182101_g2_n1.0_b0_r0.25,9182101,2,1.0,old_spatial36,OK,3.484444876005,0,0.25,,False,0.36516785487550624,0.41164214920278286,0.4528870099734119,0.9719626168224299,1,1.1940844786276174e-17,1.4925152881878505,0.5074847118121495,0.0,2.0
bridge,bridge,s9182101_g2_n1.0_b0_r0.25,9182101,2,1.0,retained_half,OK,3.484448566006904,0,0.25,L,False,0.10365852610514022,0.12460543540046021,0.2428515253476357,0.9906542056074766,2,0.026545886243924614,1.9537681620817595,0.04623183791824048,2.1624825461464408,0.16248254614644075
bridge,bridge,s9182101_g2_n1.0_b0_r0.25,9182101,2,1.0,retained_map,OK,3.484447443006502,0,0.25,L,False,0.08988428453938163,0.12508888240468233,0.28255836828796094,0.9906542056074766,2,0.0,1.9751901366625404,0.024809863337459603,2.1624825461464408,0.16248254614644075
bridge,bridge,s9182101_g2_n1.0_b0_r0.25,9182101,2,1.0,retained_mean,OK,3.4844494900025893,0,0.25,L,False,0.11902168947376385,0.12859930767395872,0.22851426120491017,0.9906542056074766,2,0.05309177248784923,1.932346187500978,0.06765381249902203,2.1624825461464408,0.16248254614644075
bridge,bridge,s9182101_g2_n1.0_b0_r0.25,9182101,2,1.0,v17_map,OK,3.4844463469999027,0,0.25,,False,0.08988428453938163,0.12508888240468233,0.28255836828796094,0.9906542056074766,2,0.0,1.9751901366625404,0.024809863337459603,2.1624825461464408,0.16248254614644075
bridge,bridge,s9182101_g2_n1.0_b0_r1.0,9182101,2,1.0,identity,OK,4.426707528997213,0,1.0,,False,0.7444385149843183,0.7794884422507299,0.9734531276283244,0.71484375,,,1.898387115522235,0.10161288447776506,,
bridge,bridge,s9182101_g2_n1.0_b0_r1.0,9182101,2,1.0,old_spatial36,OK,4.426712781001697,0,1.0,,False,0.06968443910167874,0.08509470887761558,0.23057783491477046,0.9895833333333334,2,0.0,1.8792083718120252,0.12079162818797484,2.032524223219547,0.032524223219546844
bridge,bridge,s9182101_g2_n1.0_b0_r1.0,9182101,2,1.0,retained_half,OK,4.426716786001634,0,1.0,L,False,0.08861578540752328,0.10234932820861356,0.2401118458205723,0.9869791666666666,2,0.026259273984464444,1.8340627374198344,0.1659372625801656,2.031395145799188,0.03139514579918812
bridge,bridge,s9182101_g2_n1.0_b0_r1.0,9182101,2,1.0,retained_map,OK,4.426715720001084,0,1.0,L,False,0.0783325397573522,0.09532050083178271,0.27271294225152537,0.9869791666666666,2,0.0,1.8652088216383973,0.1347911783616027,2.031395145799188,0.03139514579918812
bridge,bridge,s9182101_g2_n1.0_b0_r1.0,9182101,2,1.0,retained_mean,OK,4.42671784000413,0,1.0,L,False,0.10581948520935369,0.11600157422564711,0.23344491091082822,0.9869791666666666,2,0.05251854796892889,1.8029166532012715,0.19708334679872852,2.031395145799188,0.03139514579918812
bridge,bridge,s9182101_g2_n1.0_b0_r1.0,9182101,2,1.0,v17_map,OK,4.42671423000138,0,1.0,,False,0.0783325397573522,0.09532050083178271,0.27271294225152537,0.9869791666666666,2,0.0,1.8652088216383973,0.1347911783616027,2.031395145799188,0.03139514579918812
bridge,bridge,s9182101_g2_n1.0_b4_r0.25,9182101,2,1.0,identity,OK,2.930032450996805,4,0.25,,False,3.2985877327871678,3.335047919448061,4.027551493673021,0.1822429906542056,,,1.7962783253605399,0.20372167463946012,,
bridge,bridge,s9182101_g2_n1.0_b4_r0.25,9182101,2,1.0,old_spatial36,OK,2.9300370099954307,4,0.25,,False,0.3698075187132572,0.4126018207143189,0.45858587195188344,0.9742990654205608,1,1.5301566360977388e-17,1.4923946324366424,0.5076053675633576,0.0,2.0
bridge,bridge,s9182101_g2_n1.0_b4_r0.25,9182101,2,1.0,retained_half,OK,2.9300395829995978,4,0.25,L,False,0.11832674935857578,0.1387517765712927,0.2525417541006401,0.9906542056074766,2,0.026541838079166425,1.9536947646058913,0.04630523539410869,2.1618737866785005,0.1618737866785005
bridge,bridge,s9182101_g2_n1.0_b4_r0.25,9182101,2,1.0,retained_map,OK,2.930038752994733,4,0.25,L,False,0.10468963457158177,0.13952320373901883,0.2904575940604789,0.9906542056074766,2,0.0,1.975142710323721,0.024857289676279093,2.1618737866785005,0.1618737866785005
bridge,bridge,s9182101_g2_n1.0_b4_r0.25,9182101,2,1.0,retained_mean,OK,2.930040218998329,4,0.25,L,False,0.13343278447099186,0.14231041274527886,0.2393362304877403,0.9906542056074766,2,0.05308367615833285,1.9322468188880615,0.06775318111193851,2.1618737866785005,0.1618737866785005
bridge,bridge,s9182101_g2_n1.0_b4_r0.25,9182101,2,1.0,v17_map,OK,2.93003786499321,4,0.25,,False,0.10468963457158177,0.13952320373901883,0.2904575940604789,0.9906542056074766,2,0.0,1.975142710323721,0.024857289676279093,2.1618737866785005,0.1618737866785005
bridge,bridge,s9182101_g2_n1.0_b4_r1.0,9182101,2,1.0,identity,OK,2.884232404998329,4,1.0,,False,3.253600239683392,3.4642982910244324,4.107085467483158,0.18229166666666666,,,1.7619127264815688,0.23808727351843118,,
bridge,bridge,s9182101_g2_n1.0_b4_r1.0,9182101,2,1.0,old_spatial36,OK,2.884236621997843,4,1.0,,False,0.06969637123890705,0.08500916276425248,0.24121903923914628,0.9895833333333334,2,0.0,1.8790660933354304,0.1209339066645696,2.0320365270712473,0.03203652707124727
bridge,bridge,s9182101_g2_n1.0_b4_r1.0,9182101,2,1.0,retained_half,OK,2.8842394370003603,4,1.0,L,False,0.08856629124099613,0.10235947990923036,0.2504100695686371,0.9869791666666666,2,0.026312663008848027,1.8338636557757768,0.1661363442242232,2.031108913703829,0.031108913703829177
bridge,bridge,s9182101_g2_n1.0_b4_r1.0,9182101,2,1.0,retained_map,OK,2.8842386979958974,4,1.0,L,False,0.07835978839353057,0.09525083762302511,0.28177979270898085,0.9869791666666666,2,0.0,1.8651057268027798,0.13489427319722025,2.031108913703829,0.031108913703829177
bridge,bridge,s9182101_g2_n1.0_b4_r1.0,9182101,2,1.0,retained_mean,OK,2.8842404049937613,4,1.0,L,False,0.10578761857813722,0.11607652328652063,0.24412304642018914,0.9869791666666666,2,0.05262532601769605,1.802621584748774,0.1973784152512259,2.031108913703829,0.031108913703829177
bridge,bridge,s9182101_g2_n1.0_b4_r1.0,9182101,2,1.0,v17_map,OK,2.884237653997843,4,1.0,,False,0.07835978839353057,0.09525083762302511,0.28177979270898085,0.9869791666666666,2,0.0,1.8651057268027798,0.13489427319722025,2.031108913703829,0.031108913703829177
bridge,bridge,s9182101_g2_n2.0_b0_r0.25,9182101,2,2.0,identity,OK,1.7230892579973442,0,0.25,,False,1.4993646936800316,1.5332492021658497,1.9309764089618267,0.441588785046729,,,2.097073308387335,0.09707330838733519,,
bridge,bridge,s9182101_g2_n2.0_b0_r0.25,9182101,2,2.0,old_spatial36,OK,1.7230938089996926,0,0.25,,False,0.4025497014364577,0.42568687022441853,0.4873868648783359,0.9883177570093458,1,1.1726693882437102e-17,1.4930749194676385,0.5069250805323615,0.0,2.0
bridge,bridge,s9182101_g2_n2.0_b0_r0.25,9182101,2,2.0,retained_half,OK,1.7230967549985508,0,0.25,S,False,0.4025497014364577,0.42568687022441853,0.4873868648783359,0.9883177570093458,1,0.0,1.4930749194676385,0.5069250805323615,0.0,2.0
bridge,bridge,s9182101_g2_n2.0_b0_r0.25,9182101,2,2.0,retained_map,OK,1.723095936999016,0,0.25,S,False,0.4025497014364577,0.42568687022441853,0.4873868648783359,0.9883177570093458,1,0.0,1.4930749194676385,0.5069250805323615,0.0,2.0
bridge,bridge,s9182101_g2_n2.0_b0_r0.25,9182101,2,2.0,retained_mean,OK,1.7230974559934111,0,0.25,S,False,0.4025497014364577,0.42568687022441853,0.4873868648783359,0.9883177570093458,1,0.0,1.4930749194676385,0.5069250805323615,0.0,2.0
bridge,bridge,s9182101_g2_n2.0_b0_r0.25,9182101,2,2.0,v17_map,OK,1.7230949819931993,0,0.25,,False,0.4025497014364577,0.42568687022441853,0.4873868648783359,0.9883177570093458,1,1.1726693882437102e-17,1.4930749194676385,0.5069250805323615,0.0,2.0
bridge,bridge,s9182101_g2_n2.0_b0_r1.0,9182101,2,2.0,identity,OK,4.958385402998829,0,1.0,,False,1.4534124279107958,1.5589768845014598,1.9469062552566487,0.4231770833333333,,,1.7967742310444694,0.20322576895553057,,
bridge,bridge,s9182101_g2_n2.0_b0_r1.0,9182101,2,2.0,old_spatial36,OK,4.958390817999316,0,1.0,,False,0.45836430171548415,0.4663414777870737,0.5444095210950479,0.97265625,1,7.903477856715811e-18,1.2446811271827736,0.7553188728172264,0.0,2.0
bridge,bridge,s9182101_g2_n2.0_b0_r1.0,9182101,2,2.0,retained_half,OK,4.958394879999105,0,1.0,L,False,0.17146279500270234,0.2013201060565527,0.3827324970543009,0.9700520833333334,2,0.07053988467391692,1.7000413668425092,0.29995863315749083,2.2718576352358726,0.2718576352358726
bridge,bridge,s9182101_g2_n2.0_b0_r1.0,9182101,2,2.0,retained_map,OK,4.958393797998724,0,1.0,L,False,0.16684097159083758,0.20937387945449004,0.4562288503046676,0.9700520833333334,2,0.0,1.7757701582035377,0.22422984179646233,2.2718576352358726,0.2718576352358726
bridge,bridge,s9182101_g2_n2.0_b0_r1.0,9182101,2,2.0,retained_mean,OK,4.958395826004562,0,1.0,L,False,0.20855862949874057,0.22620152622254616,0.355307632857164,0.9739583333333334,2,0.14107976934783384,1.6243125754814811,0.3756874245185189,2.2718576352358726,0.2718576352358726
bridge,bridge,s9182101_g2_n2.0_b0_r1.0,9182101,2,2.0,v17_map,OK,4.958392054002616,0,1.0,,False,0.16684097159083758,0.20937387945449004,0.4562288503046676,0.9700520833333334,2,0.0,1.7757701582035377,0.22422984179646233,2.2718576352358726,0.2718576352358726
bridge,bridge,s9182101_g2_n2.0_b4_r0.25,9182101,2,2.0,identity,OK,1.687731061996601,4,0.25,,False,3.50766059603208,3.5878710668599685,4.3270514988262825,0.18457943925233644,,,1.8448149795542088,0.1551850204457912,,
bridge,bridge,s9182101_g2_n2.0_b4_r0.25,9182101,2,2.0,old_spatial36,OK,1.6877353169984417,4,0.25,,False,0.4091290983008391,0.4288504873369081,0.4970733947924413,0.9883177570093458,1,8.841628297813101e-18,1.492974781633539,0.507025218366461,0.0,2.0
bridge,bridge,s9182101_g2_n2.0_b4_r0.25,9182101,2,2.0,retained_half,OK,1.6877379729994573,4,0.25,S,False,0.4091290983008391,0.4288504873369081,0.4970733947924413,0.9883177570093458,1,0.0,1.492974781633539,0.507025218366461,0.0,2.0
bridge,bridge,s9182101_g2_n2.0_b4_r0.25,9182101,2,2.0,retained_map,OK,1.6877372789967922,4,0.25,S,False,0.4091290983008391,0.4288504873369081,0.4970733947924413,0.9883177570093458,1,0.0,1.492974781633539,0.507025218366461,0.0,2.0
bridge,bridge,s9182101_g2_n2.0_b4_r0.25,9182101,2,2.0,retained_mean,OK,1.6877386809937889,4,0.25,S,False,0.4091290983008391,0.4288504873369081,0.4970733947924413,0.9883177570093458,1,0.0,1.492974781633539,0.507025218366461,0.0,2.0
bridge,bridge,s9182101_g2_n2.0_b4_r0.25,9182101,2,2.0,v17_map,OK,1.6877363859966863,4,0.25,,False,0.4091290983008391,0.42885048733690817,0.4970733947924413,0.9883177570093458,1,8.841628297813101e-18,1.492974781633539,0.507025218366461,0.0,2.0
bridge,bridge,s9182101_g2_n2.0_b4_r1.0,9182101,2,2.0,identity,OK,3.06823802600411,4,1.0,,False,3.4773289321126284,3.6773767480609183,4.430747573243304,0.18229166666666666,,,1.6602998420038038,0.33970015799619624,,
bridge,bridge,s9182101_g2_n2.0_b4_r1.0,9182101,2,2.0,old_spatial36,OK,3.0682419829972787,4,1.0,,False,0.45847684905496644,0.4664463017501076,0.5542152266532331,0.96875,1,9.80664056272675e-18,1.2445983105886105,0.7554016894113895,0.0,2.0
bridge,bridge,s9182101_g2_n2.0_b4_r1.0,9182101,2,2.0,retained_half,OK,3.068244472000515,4,1.0,L,False,0.17150470098028733,0.20121146076420265,0.3964526614109891,0.9700520833333334,2,0.07070074234726224,1.6996554572639235,0.30034454273607647,2.270591606180333,0.27059160618033307
bridge,bridge,s9182101_g2_n2.0_b4_r1.0,9182101,2,2.0,retained_map,OK,3.0682437740033492,4,1.0,L,False,0.16646119348730737,0.20894263859500467,0.4676235453998466,0.96875,2,0.0,1.7757262282499198,0.22427377175008023,2.270591606180333,0.27059160618033307
bridge,bridge,s9182101_g2_n2.0_b4_r1.0,9182101,2,2.0,retained_mean,OK,3.068245057002059,4,1.0,L,False,0.20865004667411835,0.22634478345379244,0.37033217171940974,0.9739583333333334,2,0.1414014846945245,1.623584686277927,0.37641531372207293,2.270591606180333,0.27059160618033307
bridge,bridge,s9182101_g2_n2.0_b4_r1.0,9182101,2,2.0,v17_map,OK,3.0682427729989286,4,1.0,,False,0.16646119348730737,0.20894263859500467,0.4676235453998466,0.96875,2,0.0,1.7757262282499198,0.22427377175008023,2.270591606180333,0.27059160618033307
bridge,bridge,s9182101_g4_n0.5_b0_r0.25,9182101,4,0.5,identity,OK,1.7797416570028872,0,0.25,,True,0.3863000361239142,0.37137808807276795,0.4864019775625223,0.9629629629629629,,,4.007738358767403,0.007738358767403142,,
bridge,bridge,s9182101_g4_n0.5_b0_r0.25,9182101,4,0.5,old_spatial36,OK,1.7797463300012168,0,0.25,,True,0.08917031573388698,0.08592077474134313,0.14210576815842202,0.9953703703703703,2,0.0,3.9951956914409785,0.004804308559021475,3.9024346124689826,0.0975653875310174
bridge,bridge,s9182101_g4_n0.5_b0_r0.25,9182101,4,0.5,retained_half,OK,1.7797484760012594,0,0.25,L,True,0.08917038484601976,0.0859207982013392,0.14210578222939838,0.9953703703703703,2,1.311766976602608e-07,3.9951952574820564,0.004804742517943605,3.9024329517185197,0.09756704828148033
bridge,bridge,s9182101_g4_n0.5_b0_r0.25,9182101,4,0.5,retained_map,OK,1.7797478810025495,0,0.25,L,True,0.08917026031552627,0.08592071442475596,0.1421057242604665,0.9953703703703703,2,0.0,3.9951954256839253,0.004804574316074728,3.9024329517185197,0.09756704828148033
bridge,bridge,s9182101_g4_n0.5_b0_r0.25,9182101,4,0.5,retained_mean,OK,1.7797491920064203,0,0.25,L,True,0.08917050937651327,0.08592088197792244,0.14210584022484582,0.9953703703703703,2,2.623533953175502e-07,3.9951950892801875,0.004804910719812483,3.9024329517185197,0.09756704828148033
bridge,bridge,s9182101_g4_n0.5_b0_r0.25,9182101,4,0.5,v17_map,OK,1.779747248001513,0,0.25,,True,0.08917026031552627,0.08592071442475596,0.1421057242604665,0.9953703703703703,2,0.0,3.9951954256839253,0.004804574316074728,3.9024329517185197,0.09756704828148033
bridge,bridge,s9182101_g4_n0.5_b0_r1.0,9182101,4,0.5,identity,OK,2.437165626004571,0,1.0,,True,0.39071434026503143,0.3923154601292729,0.4867265638141622,0.9661458333333334,,,3.9373188026831314,0.06268119731686861,,
bridge,bridge,s9182101_g4_n0.5_b0_r1.0,9182101,4,0.5,old_spatial36,OK,2.4371697180031333,0,1.0,,True,0.05346631163926315,0.05431408408817616,0.08747642427939772,0.9986979166666666,2,0.0,3.9431449078412353,0.05685509215876472,3.8711562948457363,0.1288437051542637
bridge,bridge,s9182101_g4_n0.5_b0_r1.0,9182101,4,0.5,retained_half,OK,2.437172443998861,0,1.0,L,True,0.053466667573007325,0.05431446909459636,0.08747666017145563,0.9986979166666666,2,2.883627542572113e-07,3.943144051946777,0.05685594805322314,3.87115515301652,0.1288448469834802
bridge,bridge,s9182101_g4_n0.5_b0_r1.0,9182101,4,0.5,retained_map,OK,2.4371716800014838,0,1.0,L,True,0.053466383459383225,0.05431416870908587,0.08747648550513988,0.9986979166666666,2,0.0,3.943144652987211,0.056855347012788826,3.87115515301652,0.1288448469834802
bridge,bridge,s9182101_g4_n0.5_b0_r1.0,9182101,4,0.5,retained_mean,OK,2.4371731960054603,0,1.0,L,True,0.0534669516866314,0.05431476948010684,0.08747683519044992,0.9986979166666666,2,5.76725508505623e-07,3.943143450906343,0.056856549093657005,3.87115515301652,0.1288448469834802
bridge,bridge,s9182101_g4_n0.5_b0_r1.0,9182101,4,0.5,v17_map,OK,2.437170633005735,0,1.0,,True,0.053466383459383225,0.05431416870908587,0.08747648550513988,0.9986979166666666,2,0.0,3.943144652987211,0.056855347012788826,3.87115515301652,0.1288448469834802
bridge,bridge,s9182101_g4_n0.5_b4_r0.25,9182101,4,0.5,identity,OK,2.401637210001354,4,0.25,,True,3.2355217909275957,3.4502583568533742,4.030318747083493,0.1712962962962963,,,4.205519634467223,0.20551963446722343,,
bridge,bridge,s9182101_g4_n0.5_b4_r0.25,9182101,4,0.5,old_spatial36,OK,2.4016430279953056,4,0.25,,True,0.3034310909239015,0.2671930643591781,0.9331550167272364,0.9606481481481481,2,0.0,3.9738670423313036,0.026132957668696388,3.902634051341323,0.09736594865867687
bridge,bridge,s9182101_g4_n0.5_b4_r0.25,9182101,4,0.5,retained_half,OK,2.401646726000763,4,0.25,L,True,0.30343107273578246,0.26719295138479543,0.9331550161866002,0.9606481481481481,2,1.306139872559651e-07,3.9738666339749225,0.026133366025077542,3.902632473584757,0.09736752641524316
bridge,bridge,s9182101_g4_n0.5_b4_r0.25,9182101,4,0.5,retained_map,OK,2.401645414000086,4,0.25,L,True,0.3034309486560487,0.26719286800312947,0.9331549950562521,0.9606481481481481,2,0.0,3.973866801454823,0.026133198545176928,3.902632473584757,0.09736752641524316
bridge,bridge,s9182101_g4_n0.5_b4_r0.25,9182101,4,0.5,retained_mean,OK,2.401647722996131,4,0.25,L,True,0.3034311968155163,0.2671930347664614,0.9331550373209346,0.9606481481481481,2,2.6122797451652236e-07,3.973866466495024,0.026133533504975937,3.902632473584757,0.09736752641524316
bridge,bridge,s9182101_g4_n0.5_b4_r0.25,9182101,4,0.5,v17_map,OK,2.401644284997019,4,0.25,,True,0.3034309486560487,0.26719286800312947,0.9331549950562521,0.9606481481481481,2,0.0,3.973866801454823,0.026133198545176928,3.902632473584757,0.09736752641524316
bridge,bridge,s9182101_g4_n0.5_b4_r1.0,9182101,4,0.5,identity,OK,2.760516681999434,4,1.0,,True,3.121934522212012,3.403140200946368,4.02457112878917,0.16927083333333334,,,3.8645916247429293,0.13540837525707072,,
bridge,bridge,s9182101_g4_n0.5_b4_r1.0,9182101,4,0.5,old_spatial36,OK,2.7605206750013167,4,1.0,,True,0.07987615386117249,0.08721653904395926,0.4283439495068138,0.9934895833333334,2,0.0,3.9681144487132163,0.03188555128678372,3.871220088116635,0.12877991188336502
bridge,bridge,s9182101_g4_n0.5_b4_r1.0,9182101,4,0.5,retained_half,OK,2.7605231089983135,4,1.0,L,True,0.07987641617958365,0.08721682612262546,0.4283439822942445,0.9934895833333334,2,2.8796321520690406e-07,3.9681137402978965,0.03188625970210346,3.871219799424211,0.1287802005757892
bridge,bridge,s9182101_g4_n0.5_b4_r1.0,9182101,4,0.5,retained_map,OK,2.7605223249993287,4,1.0,L,True,0.07987613246087698,0.08721652636921873,0.4283439465725775,0.9934895833333334,2,0.0,3.9681143400769194,0.03188565992308057,3.871219799424211,0.1287802005757892
bridge,bridge,s9182101_g4_n0.5_b4_r1.0,9182101,4,0.5,retained_mean,OK,2.7605237399984617,4,1.0,L,True,0.07987669989829031,0.08721712587603223,0.42834401808768396,0.9934895833333334,2,5.759264304243678e-07,3.968113140518873,0.031886859481126795,3.871219799424211,0.1287802005757892
bridge,bridge,s9182101_g4_n0.5_b4_r1.0,9182101,4,0.5,v17_map,OK,2.760521495998546,4,1.0,,True,0.07987613246087698,0.08721652636921873,0.4283439465725775,0.9934895833333334,2,0.0,3.9681143400769194,0.03188565992308057,3.871219799424211,0.1287802005757892
bridge,bridge,s9182101_g4_n1.0_b0_r0.25,9182101,4,1.0,identity,OK,2.217996065002808,0,0.25,,True,0.7720699835961725,0.7427561761455361,0.9728039551250446,0.7175925925925926,,,4.015476717534809,0.015476717534808948,,
bridge,bridge,s9182101_g4_n1.0_b0_r0.25,9182101,4,1.0,old_spatial36,OK,2.2180003940011375,0,0.25,,True,0.15326979056054338,0.16319854673750384,0.28700659968035197,0.9930555555555556,2,0.0,4.000832761264552,0.0008327612645517846,3.787146496898918,0.2128535031010821
bridge,bridge,s9182101_g4_n1.0_b0_r0.25,9182101,4,1.0,retained_half,OK,2.218002483001328,0,0.25,L,True,0.1574636821781954,0.1665387986734741,0.2857892925169353,0.9930555555555556,2,0.004968656658399667,3.991917043945444,0.00808295605455589,3.775741558339721,0.22425844166027886
bridge,bridge,s9182101_g4_n1.0_b0_r0.25,9182101,4,1.0,retained_map,OK,2.218001865003316,0,0.25,L,True,0.15338039725853958,0.16335092915735483,0.28671022417343667,0.9930555555555556,2,0.0,3.9994084891825517,0.0005915108174483485,3.775741558339721,0.22425844166027886
bridge,bridge,s9182101_g4_n1.0_b0_r0.25,9182101,4,1.0,retained_mean,OK,2.2180031800016877,0,0.25,L,True,0.16181964285625647,0.16988529573317568,0.2916302913970001,0.9907407407407407,2,0.00993731331679933,3.9844255987083406,0.015574401291659434,3.775741558339721,0.22425844166027886
bridge,bridge,s9182101_g4_n1.0_b0_r0.25,9182101,4,1.0,v17_map,OK,2.2180012710014125,0,0.25,,True,0.15338039725853958,0.16335092915735483,0.28671022417343667,0.9930555555555556,2,0.0,3.9994084891825517,0.0005915108174483485,3.775741558339721,0.22425844166027886
bridge,bridge,s9182101_g4_n1.0_b0_r1.0,9182101,4,1.0,identity,OK,2.9506390809983714,0,1.0,,True,0.7780994523976151,0.7846309202585459,0.9734531276283244,0.7057291666666666,,,3.8746376053662632,0.12536239463373677,,
bridge,bridge,s9182101_g4_n1.0_b0_r1.0,9182101,4,1.0,old_spatial36,OK,2.950644322001608,0,1.0,,True,0.13974598969612276,0.14488137540788293,0.3228621244074292,0.98046875,2,0.0,3.8237055501772454,0.17629444982275455,3.7561877125286123,0.24381228747138772
bridge,bridge,s9182101_g4_n1.0_b0_r1.0,9182101,4,1.0,retained_half,OK,2.950646780001989,0,1.0,L,True,0.1433669601392985,0.14788323492592975,0.3190953641149451,0.98046875,2,0.003719541089017152,3.818743159188316,0.18125684081168414,3.753635863370424,0.2463641366295759
bridge,bridge,s9182101_g4_n1.0_b0_r1.0,9182101,4,1.0,retained_map,OK,2.950646000004781,0,1.0,L,True,0.14018805980809199,0.14529170545883596,0.3230002812185297,0.98046875,2,0.0,3.8242117995705383,0.17578820042946175,3.753635863370424,0.2463641366295759
bridge,bridge,s9182101_g4_n1.0_b0_r1.0,9182101,4,1.0,retained_mean,OK,2.950647443001799,0,1.0,L,True,0.1466187831164678,0.15053821161027636,0.32014070932996347,0.9778645833333334,2,0.007439082178034304,3.813274518806094,0.18672548119390608,3.753635863370424,0.2463641366295759
bridge,bridge,s9182101_g4_n1.0_b0_r1.0,9182101,4,1.0,v17_map,OK,2.950645336000889,0,1.0,,True,0.14018805980809199,0.14529170545883596,0.3230002812185297,0.98046875,2,0.0,3.8242117995705383,0.17578820042946175,3.753635863370424,0.2463641366295759
bridge,bridge,s9182101_g4_n1.0_b4_r0.25,9182101,4,1.0,identity,OK,3.096367027996166,4,0.25,,True,3.3011905909091883,3.505071492554031,4.11863115252157,0.20601851851851852,,,4.2132579932346275,0.21325799323462746,,
bridge,bridge,s9182101_g4_n1.0_b4_r0.25,9182101,4,1.0,old_spatial36,OK,3.0963726059999317,4,0.25,,True,0.20551693331460913,0.21088015358865786,0.32282524278550334,0.9930555555555556,2,0.0,3.95830888768609,0.04169111231390987,3.7879207409295637,0.21207925907043634
bridge,bridge,s9182101_g4_n1.0_b4_r0.25,9182101,4,1.0,retained_half,OK,3.0963755909979227,4,0.25,L,True,0.20908060155445993,0.21337836829524365,0.32191085938328073,0.9930555555555556,2,0.004927710265536928,3.9494242767534136,0.050575723246586435,3.7765382953253837,0.22346170467461635
bridge,bridge,s9182101_g4_n1.0_b4_r0.25,9182101,4,1.0,retained_map,OK,3.096374716995342,4,0.25,L,True,0.2047834892319511,0.21008784260918478,0.3220432506625826,0.9930555555555556,2,0.0,3.9568939406064483,0.04310605939355172,3.7765382953253837,0.22346170467461635
bridge,bridge,s9182101_g4_n1.0_b4_r0.25,9182101,4,1.0,retained_mean,OK,3.096376513996802,4,0.25,L,True,0.2134155289515751,0.2166688939813038,0.32764866318229385,0.9907407407407407,2,0.00985542053107386,3.941954612900379,0.05804538709962115,3.7765382953253837,0.22346170467461635
bridge,bridge,s9182101_g4_n1.0_b4_r0.25,9182101,4,1.0,v17_map,OK,3.0963737810016028,4,0.25,,True,0.2047834892319511,0.21008784260918478,0.3220432506625826,0.9930555555555556,2,0.0,3.9568939406064483,0.04310605939355172,3.7765382953253837,0.22346170467461635
bridge,bridge,s9182101_g4_n1.0_b4_r1.0,9182101,4,1.0,identity,OK,2.609798875004344,4,1.0,,True,3.1685290480980175,3.45850342101284,4.107085467483158,0.19401041666666666,,,3.8019104274260607,0.19808957257393933,,
bridge,bridge,s9182101_g4_n1.0_b4_r1.0,9182101,4,1.0,old_spatial36,OK,2.609803142004239,4,1.0,,True,0.24966534994636044,0.32542658595007307,1.1524389431737985,0.9505208333333334,2,0.0,3.6930556935308605,0.3069443064691395,3.755675188281138,0.2443248117188621
bridge,bridge,s9182101_g4_n1.0_b4_r1.0,9182101,4,1.0,retained_half,OK,2.609805543004768,4,1.0,L,True,0.2533108847042342,0.32846536928522313,1.151437727263799,0.9505208333333334,2,0.003724681792363062,3.688067913452461,0.311932086547539,3.753091059912428,0.24690894008757214
bridge,bridge,s9182101_g4_n1.0_b4_r1.0,9182101,4,1.0,retained_map,OK,2.6098048519997974,4,1.0,L,True,0.2501247107317625,0.3258497887345678,1.1524790071878797,0.9505208333333334,2,0.0,3.69358789050639,0.3064121094936101,3.753091059912428,0.24690894008757214
bridge,bridge,s9182101_g4_n1.0_b4_r1.0,9182101,4,1.0,retained_mean,OK,2.609806196000136,4,1.0,L,True,0.25656749487624503,0.331143289853117,1.1518188333104957,0.9479166666666666,2,0.007449363584726136,3.682547936398531,0.3174520636014688,3.753091059912428,0.24690894008757214
bridge,bridge,s9182101_g4_n1.0_b4_r1.0,9182101,4,1.0,v17_map,OK,2.6098041530058254,4,1.0,,True,0.2501247107317625,0.3258497887345678,1.1524790071878797,0.9505208333333334,2,0.0,3.69358789050639,0.3064121094936101,3.753091059912428,0.24690894008757214
bridge,bridge,s9182101_g4_n2.0_b0_r0.25,9182101,4,2.0,identity,OK,2.1168489580013556,0,0.25,,False,1.5110500003459506,1.4855123522910723,1.9456079102500892,0.4305555555555556,,,4.030953435069619,0.030953435069618784,,
bridge,bridge,s9182101_g4_n2.0_b0_r0.25,9182101,4,2.0,old_spatial36,OK,2.1168536940022022,0,0.25,,False,0.7869164949942415,0.900663613092503,0.9805792607277702,0.6620370370370371,1,2.1937788306352084e-17,2.9807285309739973,1.0192714690260027,0.0,4.0
bridge,bridge,s9182101_g4_n2.0_b0_r0.25,9182101,4,2.0,retained_half,OK,2.1168564870022237,0,0.25,L,False,0.3291104989633289,0.3497973128849976,0.5130185048478041,0.9884259259259259,2,0.04428791135436337,3.829909135737025,0.17009086426297504,3.515533598659565,0.48446640134043495
bridge,bridge,s9182101_g4_n2.0_b0_r0.25,9182101,4,2.0,retained_map,OK,2.1168556440024986,0,0.25,L,False,0.3053389979512198,0.3394174822596978,0.5340368871480875,0.9884259259259259,2,0.0,3.895760488323287,0.10423951167671319,3.515533598659565,0.48446640134043495
bridge,bridge,s9182101_g4_n2.0_b0_r0.25,9182101,4,2.0,retained_mean,OK,2.1168572599999607,0,0.25,L,False,0.3623212744391975,0.37459324845052,0.5163034070736245,0.9699074074074074,2,0.08857582270872674,3.7640577831507622,0.23594221684923777,3.515533598659565,0.48446640134043495
bridge,bridge,s9182101_g4_n2.0_b0_r0.25,9182101,4,2.0,v17_map,OK,2.1168547050037887,0,0.25,,False,0.3053389979512198,0.3394174822596978,0.5340368871480875,0.9884259259259259,2,0.0,3.895760488323287,0.10423951167671319,3.515533598659565,0.48446640134043495
bridge,bridge,s9182101_g4_n2.0_b0_r1.0,9182101,4,2.0,identity,OK,2.662666876000003,0,1.0,,True,1.4736942773747828,1.5692618405170917,1.9469062552566487,0.4231770833333333,,,3.749275210732526,0.250724789267474,,
bridge,bridge,s9182101_g4_n2.0_b0_r1.0,9182101,4,2.0,old_spatial36,OK,2.6626710740019917,0,1.0,,True,0.2073216347261406,0.2351733744323231,0.4518461038435244,0.9895833333333334,2,0.0,3.7172524053634857,0.28274759463651433,3.5438545841159104,0.45614541588408963
bridge,bridge,s9182101_g4_n2.0_b0_r1.0,9182101,4,2.0,retained_half,OK,2.6626736730031553,0,1.0,L,True,0.24498015229319892,0.26556331904417846,0.44225714080557926,0.9830729166666666,2,0.041111308758746,3.6578675605964626,0.34213243940353744,3.5139263555692417,0.4860736444307583
bridge,bridge,s9182101_g4_n2.0_b0_r1.0,9182101,4,2.0,retained_map,OK,2.6626729130002786,0,1.0,L,True,0.2110660083284479,0.23846767382419298,0.4527039017433741,0.9895833333333334,2,0.0,3.7218434055300635,0.27815659446993646,3.5139263555692417,0.4860736444307583
bridge,bridge,s9182101_g4_n2.0_b0_r1.0,9182101,4,2.0,retained_mean,OK,2.662674311999581,0,1.0,L,True,0.28205843012391424,0.2961596027777343,0.4670657737408444,0.9713541666666666,2,0.082222617517492,3.5938917156628616,0.4061082843371384,3.5139263555692417,0.4860736444307583
bridge,bridge,s9182101_g4_n2.0_b0_r1.0,9182101,4,2.0,v17_map,OK,2.662672083999496,0,1.0,,True,0.2110660083284479,0.23846767382419298,0.4527039017433741,0.9895833333333334,2,0.0,3.7218434055300635,0.27815659446993646,3.5139263555692417,0.4860736444307583
bridge,bridge,s9182101_g4_n2.0_b4_r0.25,9182101,4,2.0,identity,OK,2.116429593996145,4,0.25,,False,3.5296618463854497,3.7231197057034295,4.452184925184326,0.20833333333333334,,,4.228734710769436,0.2287347107694364,,
bridge,bridge,s9182101_g4_n2.0_b4_r0.25,9182101,4,2.0,old_spatial36,OK,2.116434825002216,4,0.25,,False,0.819466263927157,0.9124538187952123,1.0132480786030007,0.6319444444444444,1,2.1385882618058652e-17,2.980925563004614,1.019074436995386,0.0,4.0
bridge,bridge,s9182101_g4_n2.0_b4_r0.25,9182101,4,2.0,retained_half,OK,2.1164382779970765,4,0.25,L,False,0.3710323251631994,0.38689266496429037,0.5706780335533879,0.9884259259259259,2,0.04398146512994163,3.8300414575533313,0.16995854244666875,3.5159131073453875,0.48408689265461247
bridge,bridge,s9182101_g4_n2.0_b4_r0.25,9182101,4,2.0,retained_map,OK,2.116437299999234,4,0.25,L,False,0.348183259436144,0.3816280867643631,0.5875153652837957,0.9884259259259259,2,0.0,3.8956090942259363,0.10439090577406374,3.5159131073453875,0.48408689265461247
bridge,bridge,s9182101_g4_n2.0_b4_r0.25,9182101,4,2.0,retained_mean,OK,2.116439495999657,4,0.25,L,False,0.40338138071706253,0.4087723237872388,0.5754164205968857,0.9629629629629629,2,0.08796293025988328,3.764473820880729,0.2355261791192711,3.5159131073453875,0.48408689265461247
bridge,bridge,s9182101_g4_n2.0_b4_r0.25,9182101,4,2.0,v17_map,OK,2.1164359229951515,4,0.25,,False,0.348183259436144,0.3816280867643631,0.5875153652837957,0.9884259259259259,2,0.0,3.8956090942259363,0.10439090577406374,3.5159131073453875,0.48408689265461247
bridge,bridge,s9182101_g4_n2.0_b4_r1.0,9182101,4,2.0,identity,OK,2.936923086999741,4,1.0,,True,3.3756570397663803,3.6798761646509615,4.430747573243304,0.1953125,,,3.6765480327923243,0.32345196720767566,,
bridge,bridge,s9182101_g4_n2.0_b4_r1.0,9182101,4,2.0,old_spatial36,OK,2.9369288649977534,4,1.0,,True,0.20754765173989917,0.23121243592989796,0.4542385932404765,0.9908854166666666,2,0.0,3.724499339754054,0.275500660245946,3.5442698227143925,0.4557301772856075
bridge,bridge,s9182101_g4_n2.0_b4_r1.0,9182101,4,2.0,retained_half,OK,2.9369326629966963,4,1.0,L,True,0.24472561159257664,0.2654224746253096,0.4654563672627851,0.9830729166666666,2,0.04110255811134975,3.6574875909175426,0.3425124090824574,3.514400220575779,0.48559977942422083
bridge,bridge,s9182101_g4_n2.0_b4_r1.0,9182101,4,2.0,retained_map,OK,2.9369314539944753,4,1.0,L,True,0.21105741421588453,0.23843207897398433,0.4756233484408859,0.9895833333333334,2,0.0,3.72128698367191,0.2787130163280902,3.514400220575779,0.48559977942422083
bridge,bridge,s9182101_g4_n2.0_b4_r1.0,9182101,4,2.0,retained_mean,OK,2.9369337019961677,4,1.0,L,True,0.2817579342512891,0.29591742630065765,0.4887401309669427,0.9700520833333334,2,0.0822051162226995,3.593688198163176,0.40631180183682414,3.514400220575779,0.48559977942422083
bridge,bridge,s9182101_g4_n2.0_b4_r1.0,9182101,4,2.0,v17_map,OK,2.9369302589984727,4,1.0,,True,0.21105741421588453,0.23843207897398433,0.4756233484408859,0.9895833333333334,2,0.0,3.72128698367191,0.2787130163280902,3.514400220575779,0.48559977942422083
bridge,bridge,s9182101_g8_n0.5_b0_r0.25,9182101,8,0.5,identity,OK,1.5225535630015656,0,0.25,,True,0.3780255936307357,0.37228961668835436,0.4775259133496625,0.9671717171717171,,,8.073869666645605,0.07386966664560468,,
bridge,bridge,s9182101_g8_n0.5_b0_r0.25,9182101,8,0.5,old_spatial36,OK,1.5225580140031525,0,0.25,,True,0.04923910433069888,0.05708202751635609,0.12887090454379577,0.9924242424242424,2,0.0,8.069821592247358,0.06982159224735796,8.181120177848936,0.18112017784893553
bridge,bridge,s9182101_g8_n0.5_b0_r0.25,9182101,8,0.5,retained_half,OK,1.5225603250000859,0,0.25,L,True,0.049239090490012336,0.057082014486361715,0.12887089998757856,0.9924242424242424,2,0.0,8.069821617503159,0.06982161750315896,8.181120129235191,0.18112012923519138
bridge,bridge,s9182101_g8_n0.5_b0_r0.25,9182101,8,0.5,retained_map,OK,1.5225596710006357,0,0.25,L,True,0.049239090490012336,0.057082014486361715,0.12887089998757856,0.9924242424242424,2,0.0,8.069821617503159,0.06982161750315896,8.181120129235191,0.18112012923519138
bridge,bridge,s9182101_g8_n0.5_b0_r0.25,9182101,8,0.5,retained_mean,OK,1.5225609650005936,0,0.25,L,True,0.049239090490012336,0.057082014486361715,0.12887089998757856,0.9924242424242424,2,0.0,8.069821617503159,0.06982161750315896,8.181120129235191,0.18112012923519138
bridge,bridge,s9182101_g8_n0.5_b0_r0.25,9182101,8,0.5,v17_map,OK,1.522558990996913,0,0.25,,True,0.049239090490012336,0.057082014486361715,0.12887089998757856,0.9924242424242424,2,0.0,8.069821617503159,0.06982161750315896,8.181120129235191,0.18112012923519138
bridge,bridge,s9182101_g8_n0.5_b0_r1.0,9182101,8,0.5,identity,OK,3.728758397999627,0,1.0,,True,0.39071434026503127,0.3897996726154517,0.4867265638141622,0.9661458333333334,,,8.037716911901093,0.03771691190109294,,
bridge,bridge,s9182101_g8_n0.5_b0_r1.0,9182101,8,0.5,old_spatial36,OK,3.7287623529991833,0,1.0,,True,0.025894772749427825,0.023812633715409436,0.07089734734113581,0.9986979166666666,2,0.0,8.047625267430819,0.04762526743081885,8.041835119712644,0.04183511971264409
bridge,bridge,s9182101_g8_n0.5_b0_r1.0,9182101,8,0.5,retained_half,OK,3.728764620005677,0,1.0,L,True,0.02589476375298026,0.023812626014550888,0.07089734364023954,0.9986979166666666,2,0.0,8.047625252029102,0.04762525202910162,8.041835125326052,0.04183512532605249
bridge,bridge,s9182101_g8_n0.5_b0_r1.0,9182101,8,0.5,retained_map,OK,3.7287639700007276,0,1.0,L,True,0.02589476375298026,0.023812626014550888,0.07089734364023954,0.9986979166666666,2,0.0,8.047625252029102,0.04762525202910162,8.041835125326052,0.04183512532605249
bridge,bridge,s9182101_g8_n0.5_b0_r1.0,9182101,8,0.5,retained_mean,OK,3.7287653570019756,0,1.0,L,True,0.02589476375298026,0.023812626014550888,0.07089734364023954,0.9986979166666666,2,0.0,8.047625252029102,0.04762525202910162,8.041835125326052,0.04183512532605249
bridge,bridge,s9182101_g8_n0.5_b0_r1.0,9182101,8,0.5,v17_map,OK,3.7287632290026522,0,1.0,,True,0.02589476375298026,0.023812626014550888,0.07089734364023954,0.9986979166666666,2,0.0,8.047625252029102,0.04762525202910162,8.041835125326052,0.04183512532605249
bridge,bridge,s9182101_g8_n0.5_b4_r0.25,9182101,8,0.5,identity,OK,1.635447437001858,4,0.25,,True,3.3201634259565527,3.4184975438066605,4.035803088439467,0.16161616161616163,,,8.286192526869737,0.28619252686973695,,
bridge,bridge,s9182101_g8_n0.5_b4_r0.25,9182101,8,0.5,old_spatial36,OK,1.6354520809982205,4,0.25,,True,0.3425853589308951,0.40806886873380344,0.7991890852021462,0.9747474747474747,2,0.0,8.283463268693922,0.2834632686939216,8.179966143345355,0.17996614334535543
bridge,bridge,s9182101_g8_n0.5_b4_r0.25,9182101,8,0.5,retained_half,OK,1.6354549789975863,4,0.25,L,True,0.34258535616133884,0.40806886604948023,0.7991890844075201,0.9747474747474747,2,0.0,8.283463269115826,0.28346326911582587,8.179966145007937,0.17996614500793662
bridge,bridge,s9182101_g8_n0.5_b4_r0.25,9182101,8,0.5,retained_map,OK,1.6354538870000397,4,0.25,L,True,0.34258535616133884,0.40806886604948023,0.7991890844075201,0.9747474747474747,2,0.0,8.283463269115826,0.28346326911582587,8.179966145007937,0.17996614500793662
bridge,bridge,s9182101_g8_n0.5_b4_r0.25,9182101,8,0.5,retained_mean,OK,1.6354559820028953,4,0.25,L,True,0.34258535616133884,0.40806886604948023,0.7991890844075201,0.9747474747474747,2,0.0,8.283463269115826,0.28346326911582587,8.179966145007937,0.17996614500793662
bridge,bridge,s9182101_g8_n0.5_b4_r0.25,9182101,8,0.5,v17_map,OK,1.635453005997988,4,0.25,,True,0.34258535616133884,0.40806886604948023,0.7991890844075201,0.9747474747474747,2,0.0,8.283463269115826,0.28346326911582587,8.179966145007937,0.17996614500793662
bridge,bridge,s9182101_g8_n0.5_b4_r1.0,9182101,8,0.5,identity,OK,2.463351184000203,4,1.0,,True,3.219268991104068,3.411748390788821,4.02457112878917,0.1640625,,,7.785820401541246,0.21417959845875423,,
bridge,bridge,s9182101_g8_n0.5_b4_r1.0,9182101,8,0.5,old_spatial36,OK,2.4633553580060834,4,1.0,,True,0.043209304546244554,0.041639938077040375,0.2866894258194456,0.9921875,2,0.0,8.041865278823913,0.04186527882391289,8.041819087116396,0.04181908711639615
bridge,bridge,s9182101_g8_n0.5_b4_r1.0,9182101,8,0.5,retained_half,OK,2.463357872002234,4,1.0,L,True,0.043209304535605765,0.041639937988317936,0.28668942582560253,0.9921875,2,0.0,8.041865278646469,0.04186527864646905,8.041819086657716,0.04181908665771594
bridge,bridge,s9182101_g8_n0.5_b4_r1.0,9182101,8,0.5,retained_map,OK,2.4633571190061048,4,1.0,L,True,0.043209304535605765,0.041639937988317936,0.28668942582560253,0.9921875,2,0.0,8.041865278646469,0.04186527864646905,8.041819086657716,0.04181908665771594
bridge,bridge,s9182101_g8_n0.5_b4_r1.0,9182101,8,0.5,retained_mean,OK,2.463358542001515,4,1.0,L,True,0.043209304535605765,0.041639937988317936,0.28668942582560253,0.9921875,2,0.0,8.041865278646469,0.04186527864646905,8.041819086657716,0.04181908665771594
bridge,bridge,s9182101_g8_n0.5_b4_r1.0,9182101,8,0.5,v17_map,OK,2.4633563260067604,4,1.0,,True,0.043209304535605765,0.041639937988317936,0.28668942582560253,0.9921875,2,0.0,8.041865278646469,0.04186527864646905,8.041819086657716,0.04181908665771594
bridge,bridge,s9182101_g8_n1.0_b0_r0.25,9182101,8,1.0,identity,OK,1.4889560599985998,0,0.25,,True,0.7560511872614715,0.7445792333767088,0.955051826699325,0.7146464646464646,,,8.14773933329121,0.14773933329120936,,
bridge,bridge,s9182101_g8_n1.0_b0_r0.25,9182101,8,1.0,old_spatial36,OK,1.4889612420010963,0,0.25,,True,0.11914235632090052,0.12474908839542467,0.2503656816591951,0.9873737373737373,2,0.0,8.108190410271263,0.10819041027126275,8.383550939199234,0.38355093919923355
bridge,bridge,s9182101_g8_n1.0_b0_r0.25,9182101,8,1.0,retained_half,OK,1.4889641439949628,0,0.25,L,True,0.11914229592291452,0.1247490101846804,0.25036564675719414,0.9873737373737373,2,1.0195958853455125e-08,8.108190307150641,0.10819030715064137,8.383550637657608,0.3835506376576081
bridge,bridge,s9182101_g8_n1.0_b0_r0.25,9182101,8,1.0,retained_map,OK,1.4889633630009484,0,0.25,L,True,0.11914230542008857,0.12474902557212096,0.2503656557795794,0.9873737373737373,2,0.0,8.108190338003553,0.10819033800355271,8.383550637657608,0.3835506376576081
bridge,bridge,s9182101_g8_n1.0_b0_r0.25,9182101,8,1.0,retained_mean,OK,1.4889650549957878,0,0.25,L,True,0.11914228642574054,0.12474899479723989,0.2503656377349351,0.9873737373737373,2,2.0391917698531364e-08,8.10819027629773,0.10819027629773004,8.383550637657608,0.3835506376576081
bridge,bridge,s9182101_g8_n1.0_b0_r0.25,9182101,8,1.0,v17_map,OK,1.4889623989947722,0,0.25,,True,0.11914230542008857,0.12474902557212096,0.2503656557795794,0.9873737373737373,2,0.0,8.108190338003553,0.10819033800355271,8.383550637657608,0.3835506376576081
bridge,bridge,s9182101_g8_n1.0_b0_r1.0,9182101,8,1.0,identity,OK,2.6240430529942387,0,1.0,,True,0.7814286805300629,0.7795993452309035,0.9734531276283244,0.7018229166666666,,,8.075433823802184,0.07543382380218411,,
bridge,bridge,s9182101_g8_n1.0_b0_r1.0,9182101,8,1.0,old_spatial36,OK,2.624048480996862,0,1.0,,True,0.058516005180027864,0.050076130927145204,0.15653429294498145,0.9934895833333334,2,0.0,8.077454095545022,0.07745409554502203,8.077518281511738,0.0775182815117379
bridge,bridge,s9182101_g8_n1.0_b0_r1.0,9182101,8,1.0,retained_half,OK,2.624052369996207,0,1.0,L,True,0.05851600263208179,0.05007612680420018,0.1565342926619618,0.9934895833333334,2,1.2916267312458344e-09,8.077454087299134,0.0774540872991345,8.077518277186932,0.0775182771869325
bridge,bridge,s9182101_g8_n1.0_b0_r1.0,9182101,8,1.0,retained_map,OK,2.6240509709969047,0,1.0,L,True,0.0585160038917558,0.050076128023118525,0.15653429305423952,0.9934895833333334,2,0.0,8.07745408973697,0.07745408973696932,8.077518277186932,0.0775182771869325
bridge,bridge,s9182101_g8_n1.0_b0_r1.0,9182101,8,1.0,retained_mean,OK,2.624053498999274,0,1.0,L,True,0.05851600137240783,0.05007612558528186,0.15653429226968704,0.9934895833333334,2,2.583253462491669e-09,8.077454084861296,0.07745408486129612,8.077518277186932,0.0775182771869325
bridge,bridge,s9182101_g8_n1.0_b0_r1.0,9182101,8,1.0,v17_map,OK,2.6240496529935626,0,1.0,,True,0.0585160038917558,0.050076128023118525,0.15653429305423952,0.9934895833333334,2,0.0,8.07745408973697,0.07745408973696932,8.077518277186932,0.0775182771869325
bridge,bridge,s9182101_g8_n1.0_b4_r0.25,9182101,8,1.0,identity,OK,1.5050208760003443,4,0.25,,True,3.3772627412537504,3.4967228555049905,4.126660934947069,0.18181818181818182,,,8.360062193515342,0.36006219351534163,,
bridge,bridge,s9182101_g8_n1.0_b4_r0.25,9182101,8,1.0,old_spatial36,OK,1.5050245789971086,4,0.25,,True,0.4435686854286041,0.41803375766310485,1.0299461583203435,0.952020202020202,2,0.0,8.096938682700198,0.09693868270019834,8.380569626826823,0.3805696268268228
bridge,bridge,s9182101_g8_n1.0_b4_r0.25,9182101,8,1.0,retained_half,OK,1.5050273439992452,4,0.25,L,True,0.44356873605037894,0.41803384608133765,1.0299461801004581,0.952020202020202,2,1.0375768232173129e-08,8.096938869792828,0.09693886979282773,8.380570035550337,0.3805700355503365
bridge,bridge,s9182101_g8_n1.0_b4_r0.25,9182101,8,1.0,retained_map,OK,1.5050265149984625,4,0.25,L,True,0.4435687444634256,0.4180338608294272,1.0299461841397426,0.952020202020202,2,0.0,8.09693890115129,0.09693890115129022,8.380570035550337,0.3805700355503365
bridge,bridge,s9182101_g8_n1.0_b4_r0.25,9182101,8,1.0,retained_mean,OK,1.505028002000472,4,0.25,L,True,0.4435687276373324,0.418033831333248,1.0299461760612054,0.952020202020202,2,2.0751536443997532e-08,8.096938838434367,0.09693883843436701,8.380570035550337,0.3805700355503365
bridge,bridge,s9182101_g8_n1.0_b4_r0.25,9182101,8,1.0,v17_map,OK,1.5050255289970664,4,0.25,,True,0.4435687444634256,0.4180338608294272,1.0299461841397426,0.952020202020202,2,0.0,8.09693890115129,0.09693890115129022,8.380570035550337,0.3805700355503365
bridge,bridge,s9182101_g8_n1.0_b4_r1.0,9182101,8,1.0,identity,OK,2.433797573001357,4,1.0,,True,3.2507566537168167,3.4659953476416714,4.107085467483158,0.18098958333333334,,,7.823537313442338,0.17646268655766217,,
bridge,bridge,s9182101_g8_n1.0_b4_r1.0,9182101,8,1.0,old_spatial36,OK,2.433802123006899,4,1.0,,True,0.1258345905153113,0.111680505289223,0.6993862136741302,0.9791666666666666,2,0.0,8.12354919843381,0.1235491984338104,8.077421955754717,0.07742195575471733
bridge,bridge,s9182101_g8_n1.0_b4_r1.0,9182101,8,1.0,retained_half,OK,2.433804787004192,4,1.0,L,True,0.12583456954614536,0.1116804770353526,0.6993862131651313,0.9791666666666666,2,1.2888321470939437e-09,8.12354914192607,0.1235491419260697,8.077421950488546,0.07742195048854583
bridge,bridge,s9182101_g8_n1.0_b4_r1.0,9182101,8,1.0,retained_map,OK,2.433804038002563,4,1.0,L,True,0.1258345708030939,0.11168047825146636,0.6993862132526776,0.9791666666666666,2,0.0,8.123549144358297,0.12354914435829656,8.077421950488546,0.07742195048854583
bridge,bridge,s9182101_g8_n1.0_b4_r1.0,9182101,8,1.0,retained_mean,OK,2.4338055000043823,4,1.0,L,True,0.12583456828919684,0.11168047581923886,0.6993862130775856,0.9791666666666666,2,2.5776642811439805e-09,8.123549139493843,0.12354913949384283,8.077421950488546,0.07742195048854583
bridge,bridge,s9182101_g8_n1.0_b4_r1.0,9182101,8,1.0,v17_map,OK,2.433803190004255,4,1.0,,True,0.1258345708030939,0.11168047825146636,0.6993862132526776,0.9791666666666666,2,0.0,8.123549144358297,0.12354914435829656,8.077421950488546,0.07742195048854583
bridge,bridge,s9182101_g8_n2.0_b0_r0.25,9182101,8,2.0,identity,OK,1.597025675997429,0,0.25,,True,1.507847890826408,1.489158466753418,1.91010365339865,0.43434343434343436,,,8.295478666582415,0.2954786665824152,,
bridge,bridge,s9182101_g8_n2.0_b0_r0.25,9182101,8,2.0,old_spatial36,OK,1.5970299309992697,0,0.25,,True,0.3999566939505555,0.43233657480116483,0.8147192033632635,0.9116161616161617,2,0.0,8.030627508605983,0.030627508605983067,9.085751251090231,1.0857512510902314
bridge,bridge,s9182101_g8_n2.0_b0_r0.25,9182101,8,2.0,retained_half,OK,1.5970322520006448,0,0.25,L,True,0.39976659217210475,0.42709092814294247,0.7898192639134649,0.9116161616161617,2,0.004408753652096819,8.036304585414983,0.03630458541498349,9.08344155603788,1.0834415560378794
bridge,bridge,s9182101_g8_n2.0_b0_r0.25,9182101,8,2.0,retained_map,OK,1.5970315349986777,0,0.25,L,True,0.3996109348496016,0.43192694563891176,0.8145458448497944,0.9116161616161617,2,0.0,8.030312211420089,0.030312211420088886,9.08344155603788,1.0834415560378794
bridge,bridge,s9182101_g8_n2.0_b0_r0.25,9182101,8,2.0,retained_mean,OK,1.597032894998847,0,0.25,L,True,0.40286958171018705,0.42313318752557344,0.7680534842965226,0.9116161616161617,2,0.008817507304193626,8.042296959409883,0.04229695940988343,9.08344155603788,1.0834415560378794
bridge,bridge,s9182101_g8_n2.0_b0_r0.25,9182101,8,2.0,v17_map,OK,1.5970307620009407,0,0.25,,True,0.3996109348496016,0.43192694563891176,0.8145458448497944,0.9116161616161617,2,0.0,8.030312211420089,0.030312211420088886,9.08344155603788,1.0834415560378794
bridge,bridge,s9182101_g8_n2.0_b0_r1.0,9182101,8,2.0,identity,OK,2.5240776909995475,0,1.0,,True,1.5580435138534288,1.559198690461807,1.9469062552566487,0.4140625,,,8.150867647604365,0.15086764760436466,,
bridge,bridge,s9182101_g8_n2.0_b0_r1.0,9182101,8,2.0,old_spatial36,OK,2.524081744995783,0,1.0,,True,0.1752821924557575,0.15135967875210227,0.4415379007733315,0.9596354166666666,2,0.0,8.052142652298928,0.05214265229892767,8.140969141573036,0.14096914157303608
bridge,bridge,s9182101_g8_n2.0_b0_r1.0,9182101,8,2.0,retained_half,OK,2.5240839249963756,0,1.0,L,True,0.17526667343920557,0.15048661358789295,0.44196110925671794,0.9596354166666666,2,0.002503730089428405,8.045956524681259,0.04595652468125877,8.136680896050382,0.13668089605038247
bridge,bridge,s9182101_g8_n2.0_b0_r1.0,9182101,8,2.0,retained_map,OK,2.5240831920018536,0,1.0,L,True,0.17505569994716233,0.15042578239159504,0.4416921257103537,0.9596354166666666,2,0.0,8.050274859577913,0.05027485957791278,8.136680896050382,0.13668089605038247
bridge,bridge,s9182101_g8_n2.0_b0_r1.0,9182101,8,2.0,retained_mean,OK,2.5240846759988926,0,1.0,L,True,0.17671654988280616,0.15173907672167686,0.443739570338138,0.9596354166666666,2,0.005007460178856825,8.041638189784603,0.041638189784602986,8.136680896050382,0.13668089605038247
bridge,bridge,s9182101_g8_n2.0_b0_r1.0,9182101,8,2.0,v17_map,OK,2.5240824799984694,0,1.0,,True,0.17505569994716233,0.15042578239159504,0.4416921257103537,0.9596354166666666,2,0.0,8.050274859577913,0.05027485957791278,8.136680896050382,0.13668089605038247
bridge,bridge,s9182101_g8_n2.0_b4_r0.25,9182101,8,2.0,identity,OK,1.6437953889981145,4,0.25,,True,3.5904451804787074,3.7507841775748174,4.458785066165689,0.1717171717171717,,,8.50780152680655,0.5078015268065492,,
bridge,bridge,s9182101_g8_n2.0_b4_r0.25,9182101,8,2.0,old_spatial36,OK,1.6437995119995321,4,0.25,,True,0.657234297049621,0.6796718785202637,1.6122626417926622,0.9267676767676768,2,0.0,7.9739556938560545,0.026044306143945484,9.08458683449013,1.0845868344901302
bridge,bridge,s9182101_g8_n2.0_b4_r0.25,9182101,8,2.0,retained_half,OK,1.6438018729968462,4,0.25,L,True,0.6597353635167784,0.6755860003319042,1.6003420344728827,0.9267676767676768,2,0.004409390545730772,7.979602069359872,0.020397930640127626,9.082334727409801,1.0823347274098012
bridge,bridge,s9182101_g8_n2.0_b4_r0.25,9182101,8,2.0,retained_map,OK,1.64380111599894,4,0.25,L,True,0.6569840537926518,0.6793585349267548,1.6121541854964259,0.9267676767676768,2,0.0,7.973657141459847,0.02634285854015328,9.082334727409801,1.0823347274098012
bridge,bridge,s9182101_g8_n2.0_b4_r0.25,9182101,8,2.0,retained_mean,OK,1.6438025620009284,4,0.25,L,True,0.6631943660324882,0.6719046686723503,1.590246319502589,0.9292929292929293,2,0.008818781091461529,7.9855469972598945,0.014453002740105525,9.082334727409801,1.0823347274098012
bridge,bridge,s9182101_g8_n2.0_b4_r0.25,9182101,8,2.0,v17_map,OK,1.643800353995175,4,0.25,,True,0.6569840537926518,0.6793585349267548,1.6121541854964259,0.9267676767676768,2,0.0,7.973657141459847,0.02634285854015328,9.082334727409801,1.0823347274098012
bridge,bridge,s9182101_g8_n2.0_b4_r1.0,9182101,8,2.0,identity,OK,2.5669930900039617,4,1.0,,True,3.4171370117262754,3.6859255179569876,4.430747573243304,0.17447916666666666,,,7.898971137244521,0.10102886275547895,,
bridge,bridge,s9182101_g8_n2.0_b4_r1.0,9182101,8,2.0,old_spatial36,OK,2.566997617999732,4,1.0,,True,0.2970258633888468,0.3024759620734488,1.2353883675561064,0.94140625,2,0.0,8.07256987947325,0.07256987947324944,8.139562941030267,0.13956294103026678
bridge,bridge,s9182101_g8_n2.0_b4_r1.0,9182101,8,2.0,retained_half,OK,2.5670004339990555,4,1.0,L,True,0.29698667892105246,0.30158430778196194,1.2355354448817548,0.94140625,2,0.002501875271661086,8.06641007080196,0.06641007080195926,8.135205542475722,0.13520554247572214
bridge,bridge,s9182101_g8_n2.0_b4_r1.0,9182101,8,2.0,retained_map,OK,2.566999570997723,4,1.0,L,True,0.296806406012127,0.3015525940969823,1.2354447758678868,0.94140625,2,0.0,8.070723143520315,0.07072314352031484,8.135205542475722,0.13520554247572214
bridge,bridge,s9182101_g8_n2.0_b4_r1.0,9182101,8,2.0,retained_mean,OK,2.5670012710033916,4,1.0,L,True,0.29839622267945604,0.30279736736533275,1.2361548210748547,0.94140625,2,0.005003750543322206,8.062096998083602,0.06209699808360192,8.135205542475722,0.13520554247572214
bridge,bridge,s9182101_g8_n2.0_b4_r1.0,9182101,8,2.0,v17_map,OK,2.5669986229986534,4,1.0,,True,0.296806406012127,0.3015525940969823,1.2354447758678868,0.94140625,2,0.0,8.070723143520315,0.07072314352031484,8.135205542475722,0.13520554247572214
bridge,bridge,s9182111_g0_n0.5_b0_r0.25,9182111,0,0.5,identity,OK,1.2185917379974853,0,0.25,,False,0.4048666172922121,0.4048666172922121,0.513850795904707,0.94,,,,,,
bridge,bridge,s9182111_g0_n0.5_b0_r0.25,9182111,0,0.5,old_spatial36,OK,1.2185956690009334,0,0.25,,False,0.02817274500239833,0.02817274500239833,0.03417558303677536,1.0,1,3.2302287439534622e-18,,,,
bridge,bridge,s9182111_g0_n0.5_b0_r0.25,9182111,0,0.5,retained_half,OK,1.2185978540001088,0,0.25,S,False,0.02817274500239833,0.02817274500239833,0.03417558303677536,1.0,1,0.0,,,,
bridge,bridge,s9182111_g0_n0.5_b0_r0.25,9182111,0,0.5,retained_map,OK,1.2185972549996222,0,0.25,S,False,0.02817274500239833,0.02817274500239833,0.03417558303677536,1.0,1,0.0,,,,
bridge,bridge,s9182111_g0_n0.5_b0_r0.25,9182111,0,0.5,retained_mean,OK,1.218598450999707,0,0.25,S,False,0.02817274500239833,0.02817274500239833,0.03417558303677536,1.0,1,0.0,,,,
bridge,bridge,s9182111_g0_n0.5_b0_r0.25,9182111,0,0.5,v17_map,OK,1.2185966019969783,0,0.25,,False,0.02817274500239832,0.02817274500239832,0.03417558303677536,1.0,1,3.2302287439534622e-18,,,,
bridge,bridge,s9182111_g0_n0.5_b0_r1.0,9182111,0,0.5,identity,OK,2.349480204000429,0,1.0,,False,0.39217389792685386,0.39217389792685386,0.4931039815686039,0.9661458333333334,,,,,,
bridge,bridge,s9182111_g0_n0.5_b0_r1.0,9182111,0,0.5,old_spatial36,OK,2.349484466998547,0,1.0,,False,0.03518255118444737,0.03518255118444737,0.04235461083827074,1.0,1,1.9997195249386796e-18,,,,
bridge,bridge,s9182111_g0_n0.5_b0_r1.0,9182111,0,0.5,retained_half,OK,2.3494871180009795,0,1.0,S,False,0.03518255118444736,0.03518255118444736,0.04235461083827074,1.0,1,0.0,,,,
bridge,bridge,s9182111_g0_n0.5_b0_r1.0,9182111,0,0.5,retained_map,OK,2.349486077997426,0,1.0,S,False,0.03518255118444736,0.03518255118444736,0.04235461083827074,1.0,1,0.0,,,,
bridge,bridge,s9182111_g0_n0.5_b0_r1.0,9182111,0,0.5,retained_mean,OK,2.349487854997278,0,1.0,S,False,0.03518255118444736,0.03518255118444736,0.04235461083827074,1.0,1,0.0,,,,
bridge,bridge,s9182111_g0_n0.5_b0_r1.0,9182111,0,0.5,v17_map,OK,2.3494852829971933,0,1.0,,False,0.035182551184447367,0.035182551184447367,0.04235461083827074,1.0,1,1.9997195249386796e-18,,,,
bridge,bridge,s9182111_g0_n0.5_b4_r0.25,9182111,0,0.5,identity,OK,1.2287119590037037,4,0.25,,False,3.43128414683116,3.43128414683116,4.051816912823778,0.14,,,,,,
bridge,bridge,s9182111_g0_n0.5_b4_r0.25,9182111,0,0.5,old_spatial36,OK,1.2287156120000873,4,0.25,,False,0.168497313856074,0.168497313856074,0.17202908491740262,1.0,1,4.999085384756351e-18,,,,
bridge,bridge,s9182111_g0_n0.5_b4_r0.25,9182111,0,0.5,retained_half,OK,1.2287181780047831,4,0.25,S,False,0.168497313856074,0.168497313856074,0.17202908491740265,1.0,1,0.0,,,,
bridge,bridge,s9182111_g0_n0.5_b4_r0.25,9182111,0,0.5,retained_map,OK,1.2287174080047407,4,0.25,S,False,0.168497313856074,0.168497313856074,0.17202908491740265,1.0,1,0.0,,,,
bridge,bridge,s9182111_g0_n0.5_b4_r0.25,9182111,0,0.5,retained_mean,OK,1.2287188570044236,4,0.25,S,False,0.168497313856074,0.168497313856074,0.17202908491740265,1.0,1,0.0,,,,
bridge,bridge,s9182111_g0_n0.5_b4_r0.25,9182111,0,0.5,v17_map,OK,1.2287166210007854,4,0.25,,False,0.16849731385607403,0.16849731385607403,0.17202908491740265,1.0,1,4.999085384756351e-18,,,,
bridge,bridge,s9182111_g0_n0.5_b4_r1.0,9182111,0,0.5,identity,OK,2.424652624002192,4,1.0,,False,3.442763125473057,3.442763125473057,4.043409288351122,0.1484375,,,,,,
bridge,bridge,s9182111_g0_n0.5_b4_r1.0,9182111,0,0.5,old_spatial36,OK,2.424656821996905,4,1.0,,False,0.03518182684256812,0.03518182684256812,0.04276763376428401,1.0,1,1.9889022178631644e-18,,,,
bridge,bridge,s9182111_g0_n0.5_b4_r1.0,9182111,0,0.5,retained_half,OK,2.42465910899773,4,1.0,S,False,0.03518182684256812,0.03518182684256812,0.04276763376428401,1.0,1,0.0,,,,
bridge,bridge,s9182111_g0_n0.5_b4_r1.0,9182111,0,0.5,retained_map,OK,2.424658472998999,4,1.0,S,False,0.03518182684256812,0.03518182684256812,0.04276763376428401,1.0,1,0.0,,,,
bridge,bridge,s9182111_g0_n0.5_b4_r1.0,9182111,0,0.5,retained_mean,OK,2.424659761003568,4,1.0,S,False,0.03518182684256812,0.03518182684256812,0.04276763376428401,1.0,1,0.0,,,,
bridge,bridge,s9182111_g0_n0.5_b4_r1.0,9182111,0,0.5,v17_map,OK,2.4246577360027004,4,1.0,,False,0.03518182684256812,0.03518182684256812,0.04276763376428401,1.0,1,1.9889022178631644e-18,,,,
bridge,bridge,s9182111_g0_n1.0_b0_r0.25,9182111,0,1.0,identity,OK,1.2492845110027702,0,0.25,,False,0.8097332345844243,0.8097332345844243,1.027701591809414,0.7,,,,,,
bridge,bridge,s9182111_g0_n1.0_b0_r0.25,9182111,0,1.0,old_spatial36,OK,1.2492890670037013,0,0.25,,False,0.056317068744761764,0.056317068744761764,0.0685544322894376,1.0,1,1.0189842038108198e-17,,,,
bridge,bridge,s9182111_g0_n1.0_b0_r0.25,9182111,0,1.0,retained_half,OK,1.2492913180030882,0,0.25,S,False,0.056317068744761764,0.056317068744761764,0.0685544322894376,1.0,1,0.0,,,,
bridge,bridge,s9182111_g0_n1.0_b0_r0.25,9182111,0,1.0,retained_map,OK,1.2492906469997251,0,0.25,S,False,0.056317068744761764,0.056317068744761764,0.0685544322894376,1.0,1,0.0,,,,
bridge,bridge,s9182111_g0_n1.0_b0_r0.25,9182111,0,1.0,retained_mean,OK,1.2492919320065994,0,0.25,S,False,0.056317068744761764,0.056317068744761764,0.0685544322894376,1.0,1,0.0,,,,
bridge,bridge,s9182111_g0_n1.0_b0_r0.25,9182111,0,1.0,v17_map,OK,1.2492898810014594,0,0.25,,False,0.05631706874476175,0.05631706874476175,0.0685544322894376,1.0,1,1.0189842038108198e-17,,,,
bridge,bridge,s9182111_g0_n1.0_b0_r1.0,9182111,0,1.0,identity,OK,2.427763446001336,0,1.0,,False,0.7843477958537077,0.7843477958537077,0.9862079631372078,0.7252604166666666,,,,,,
bridge,bridge,s9182111_g0_n1.0_b0_r1.0,9182111,0,1.0,old_spatial36,OK,2.4277677240024786,0,1.0,,False,0.07040644377249104,0.07040644377249104,0.08480439370017082,1.0,1,4.3229394515998824e-18,,,,
bridge,bridge,s9182111_g0_n1.0_b0_r1.0,9182111,0,1.0,retained_half,OK,2.4277699700032827,0,1.0,S,False,0.07040644377249104,0.07040644377249104,0.08480439370017082,1.0,1,0.0,,,,
bridge,bridge,s9182111_g0_n1.0_b0_r1.0,9182111,0,1.0,retained_map,OK,2.4277692200048477,0,1.0,S,False,0.07040644377249104,0.07040644377249104,0.08480439370017082,1.0,1,0.0,,,,
bridge,bridge,s9182111_g0_n1.0_b0_r1.0,9182111,0,1.0,retained_mean,OK,2.4277708790032193,0,1.0,S,False,0.07040644377249104,0.07040644377249104,0.08480439370017082,1.0,1,0.0,,,,
bridge,bridge,s9182111_g0_n1.0_b0_r1.0,9182111,0,1.0,v17_map,OK,2.4277685140041285,0,1.0,,False,0.07040644377249101,0.07040644377249101,0.08480439370017082,1.0,1,4.3229394515998824e-18,,,,
bridge,bridge,s9182111_g0_n1.0_b4_r0.25,9182111,0,1.0,identity,OK,1.2259914870010107,4,0.25,,False,3.514906654133232,3.514906654133232,4.208773439842583,0.18,,,,,,
bridge,bridge,s9182111_g0_n1.0_b4_r0.25,9182111,0,1.0,old_spatial36,OK,1.2259955020053894,4,0.25,,False,0.17967711843350798,0.17967711843350798,0.19274529367458085,1.0,1,8.22754979129577e-18,,,,
bridge,bridge,s9182111_g0_n1.0_b4_r0.25,9182111,0,1.0,retained_half,OK,1.2259979880036553,4,0.25,S,False,0.17967711843350795,0.17967711843350795,0.1927452936745808,1.0,1,0.0,,,,
bridge,bridge,s9182111_g0_n1.0_b4_r0.25,9182111,0,1.0,retained_map,OK,1.2259972730025765,4,0.25,S,False,0.17967711843350795,0.17967711843350795,0.1927452936745808,1.0,1,0.0,,,,
bridge,bridge,s9182111_g0_n1.0_b4_r0.25,9182111,0,1.0,retained_mean,OK,1.2259990720049245,4,0.25,S,False,0.17967711843350795,0.17967711843350795,0.1927452936745808,1.0,1,0.0,,,,
bridge,bridge,s9182111_g0_n1.0_b4_r0.25,9182111,0,1.0,v17_map,OK,1.225996462002513,4,0.25,,False,0.17967711843350792,0.17967711843350792,0.1927452936745808,1.0,1,8.22754979129577e-18,,,,
bridge,bridge,s9182111_g0_n1.0_b4_r1.0,9182111,0,1.0,identity,OK,2.4206985569981043,4,1.0,,False,3.4962440575152187,3.4962440575152187,4.145433682924608,0.17578125,,,,,,
bridge,bridge,s9182111_g0_n1.0_b4_r1.0,9182111,0,1.0,old_spatial36,OK,2.4207027410011506,4,1.0,,False,0.07040579067809206,0.07040579067809206,0.08575044048216952,1.0,1,4.177038590688959e-18,,,,
bridge,bridge,s9182111_g0_n1.0_b4_r1.0,9182111,0,1.0,retained_half,OK,2.420704924996244,4,1.0,S,False,0.07040579067809204,0.07040579067809204,0.08575044048216951,1.0,1,0.0,,,,
bridge,bridge,s9182111_g0_n1.0_b4_r1.0,9182111,0,1.0,retained_map,OK,2.4207042519992683,4,1.0,S,False,0.07040579067809204,0.07040579067809204,0.08575044048216951,1.0,1,0.0,,,,
bridge,bridge,s9182111_g0_n1.0_b4_r1.0,9182111,0,1.0,retained_mean,OK,2.4207057769963285,4,1.0,S,False,0.07040579067809204,0.07040579067809204,0.08575044048216951,1.0,1,0.0,,,,
bridge,bridge,s9182111_g0_n1.0_b4_r1.0,9182111,0,1.0,v17_map,OK,2.420703620002314,4,1.0,,False,0.07040579067809204,0.07040579067809204,0.08575044048216951,1.0,1,4.177038590688959e-18,,,,
bridge,bridge,s9182111_g0_n2.0_b0_r0.25,9182111,0,2.0,identity,OK,1.2318946839950513,0,0.25,,False,1.6194664691688485,1.6194664691688485,2.055403183618828,0.39,,,,,,
bridge,bridge,s9182111_g0_n2.0_b0_r0.25,9182111,0,2.0,old_spatial36,OK,1.2318993250009953,0,0.25,,False,0.1131680592831642,0.1131680592831642,0.13997461471209852,1.0,1,1.9117506560622273e-17,,,,
bridge,bridge,s9182111_g0_n2.0_b0_r0.25,9182111,0,2.0,retained_half,OK,1.2319016879991977,0,0.25,S,False,0.11316805928316427,0.11316805928316427,0.13997461471209854,1.0,1,0.0,,,,
bridge,bridge,s9182111_g0_n2.0_b0_r0.25,9182111,0,2.0,retained_map,OK,1.2319010290011647,0,0.25,S,False,0.11316805928316427,0.11316805928316427,0.13997461471209854,1.0,1,0.0,,,,
bridge,bridge,s9182111_g0_n2.0_b0_r0.25,9182111,0,2.0,retained_mean,OK,1.2319026260011015,0,0.25,S,False,0.11316805928316427,0.11316805928316427,0.13997461471209854,1.0,1,0.0,,,,
bridge,bridge,s9182111_g0_n2.0_b0_r0.25,9182111,0,2.0,v17_map,OK,1.2319002359945443,0,0.25,,False,0.11316805928316423,0.11316805928316423,0.13997461471209852,1.0,1,1.9117506560622273e-17,,,,
bridge,bridge,s9182111_g0_n2.0_b0_r1.0,9182111,0,2.0,identity,OK,2.3785556049988372,0,1.0,,False,1.5686955917074155,1.5686955917074155,1.9724159262744156,0.42578125,,,,,,
bridge,bridge,s9182111_g0_n2.0_b0_r1.0,9182111,0,2.0,old_spatial36,OK,2.378560486002243,0,1.0,,False,0.14111405777206218,0.14111405777206218,0.17028698415990476,1.0,1,9.31094158815303e-18,,,,
bridge,bridge,s9182111_g0_n2.0_b0_r1.0,9182111,0,2.0,retained_half,OK,2.378563027996279,0,1.0,S,False,0.14111405777206218,0.14111405777206218,0.17028698415990476,1.0,1,0.0,,,,
bridge,bridge,s9182111_g0_n2.0_b0_r1.0,9182111,0,2.0,retained_map,OK,2.3785622459981823,0,1.0,S,False,0.14111405777206218,0.14111405777206218,0.17028698415990476,1.0,1,0.0,,,,
bridge,bridge,s9182111_g0_n2.0_b0_r1.0,9182111,0,2.0,retained_mean,OK,2.3785638120025396,0,1.0,S,False,0.14111405777206218,0.14111405777206218,0.17028698415990476,1.0,1,0.0,,,,
bridge,bridge,s9182111_g0_n2.0_b0_r1.0,9182111,0,2.0,v17_map,OK,2.3785614230000647,0,1.0,,False,0.14111405777206218,0.14111405777206218,0.17028698415990476,1.0,1,9.31094158815303e-18,,,,
bridge,bridge,s9182111_g0_n2.0_b4_r0.25,9182111,0,2.0,identity,OK,1.2446044659955078,4,0.25,,False,3.854515733531702,3.854515733531702,4.67879651795148,0.195,,,,,,
bridge,bridge,s9182111_g0_n2.0_b4_r0.25,9182111,0,2.0,old_spatial36,OK,1.2446082339956774,4,0.25,,False,0.2078831511823385,0.2078831511823385,0.2483560415011979,1.0,1,1.3755411084629808e-17,,,,
bridge,bridge,s9182111_g0_n2.0_b4_r0.25,9182111,0,2.0,retained_half,OK,1.244610717993055,4,0.25,S,False,0.20788315118233855,0.20788315118233855,0.24835604150119794,1.0,1,0.0,,,,
bridge,bridge,s9182111_g0_n2.0_b4_r0.25,9182111,0,2.0,retained_map,OK,1.2446099989974755,4,0.25,S,False,0.20788315118233855,0.20788315118233855,0.24835604150119794,1.0,1,0.0,,,,
bridge,bridge,s9182111_g0_n2.0_b4_r0.25,9182111,0,2.0,retained_mean,OK,1.244611565998639,4,0.25,S,False,0.20788315118233855,0.20788315118233855,0.24835604150119794,1.0,1,0.0,,,,
bridge,bridge,s9182111_g0_n2.0_b4_r0.25,9182111,0,2.0,v17_map,OK,1.2446091439996962,4,0.25,,False,0.20788315118233855,0.20788315118233855,0.24835604150119794,1.0,1,1.3755411084629808e-17,,,,
bridge,bridge,s9182111_g0_n2.0_b4_r1.0,9182111,0,2.0,identity,OK,2.4099044570029946,4,1.0,,False,3.7538291309859138,3.7538291309859138,4.50715576968028,0.17317708333333334,,,,,,
bridge,bridge,s9182111_g0_n2.0_b4_r1.0,9182111,0,2.0,old_spatial36,OK,2.409908314999484,4,1.0,,False,0.14098263850572537,0.14098263850572537,0.17186140918372395,1.0,1,1.1765041814858055e-17,,,,
bridge,bridge,s9182111_g0_n2.0_b4_r1.0,9182111,0,2.0,retained_half,OK,2.4099106200010283,4,1.0,S,False,0.14098263850572534,0.14098263850572534,0.17186140918372395,1.0,1,0.0,,,,
bridge,bridge,s9182111_g0_n2.0_b4_r1.0,9182111,0,2.0,retained_map,OK,2.409909909001726,4,1.0,S,False,0.14098263850572534,0.14098263850572534,0.17186140918372395,1.0,1,0.0,,,,
bridge,bridge,s9182111_g0_n2.0_b4_r1.0,9182111,0,2.0,retained_mean,OK,2.409911398004624,4,1.0,S,False,0.14098263850572534,0.14098263850572534,0.17186140918372395,1.0,1,0.0,,,,
bridge,bridge,s9182111_g0_n2.0_b4_r1.0,9182111,0,2.0,v17_map,OK,2.4099090980016626,4,1.0,,False,0.14098263850572534,0.14098263850572534,0.17186140918372395,1.0,1,1.1765041814858055e-17,,,,
bridge,bridge,s9182111_g2_n0.5_b0_r0.25,9182111,2,0.5,identity,OK,1.7280229830066673,0,0.25,,True,0.3812232377218464,0.3871515324701459,0.48474845582596904,0.9642857142857143,,,1.9901653513898845,0.009834648610115515,,
bridge,bridge,s9182111_g2_n0.5_b0_r0.25,9182111,2,0.5,old_spatial36,OK,1.7280269260008936,0,0.25,,True,0.024242341295056084,0.03616314130268214,0.12508201623926019,0.9952380952380953,2,0.0,2.001390201708237,0.0013902017082370044,1.9603672264727885,0.03963277352721151
bridge,bridge,s9182111_g2_n0.5_b0_r0.25,9182111,2,0.5,retained_half,OK,1.7280291030037915,0,0.25,L,True,0.025983654289765873,0.037779992691311506,0.1220933492831088,0.9952380952380953,2,0.001925064151675716,2.0004506692129174,0.00045066921291736506,1.9618927322805764,0.03810726771942363
bridge,bridge,s9182111_g2_n0.5_b0_r0.25,9182111,2,0.5,retained_map,OK,1.7280284720036434,0,0.25,L,True,0.024459024332987765,0.036362708156565726,0.12508263943237496,0.9952380952380953,2,0.0,2.003931732622701,0.0039317326227008564,1.9618927322805764,0.03810726771942363
bridge,bridge,s9182111_g2_n0.5_b0_r0.25,9182111,2,0.5,retained_mean,OK,1.728029696001613,0,0.25,L,True,0.027759851781877568,0.03940496873565989,0.12147719624638698,0.9952380952380953,2,0.003850128303351424,1.9969696058031345,0.00303039419686546,1.9618927322805764,0.03810726771942363
bridge,bridge,s9182111_g2_n0.5_b0_r0.25,9182111,2,0.5,v17_map,OK,1.7280277490062872,0,0.25,,True,0.024459024332987765,0.036362708156565726,0.12508263943237496,0.9952380952380953,2,0.0,2.003931732622701,0.0039317326227008564,1.9618927322805764,0.03810726771942363
bridge,bridge,s9182111_g2_n0.5_b0_r1.0,9182111,2,0.5,identity,OK,2.6161823750007898,0,1.0,,True,0.3876491296254563,0.390546980736156,0.49310398156860386,0.96875,,,1.9738671862115444,0.026132813788455556,,
bridge,bridge,s9182111_g2_n0.5_b0_r1.0,9182111,2,0.5,old_spatial36,OK,2.6161868080016575,0,1.0,,True,0.04123864941769434,0.042021580484270724,0.1313256403274959,0.9986979166666666,2,0.0,1.9467106367048963,0.0532893632951037,1.968805104746157,0.031194895253843002
bridge,bridge,s9182111_g2_n0.5_b0_r1.0,9182111,2,0.5,retained_half,OK,2.616190180000558,0,1.0,L,True,0.041374057305851523,0.04307446962334735,0.1408203250317274,0.9973958333333334,2,0.0012229063318945272,1.9430083142661292,0.05699168573387081,1.9698907832774075,0.03010921672259248
bridge,bridge,s9182111_g2_n0.5_b0_r1.0,9182111,2,0.5,retained_map,OK,2.6161893620010233,0,1.0,L,True,0.040536436052779325,0.043492851521846156,0.14979882037891487,0.9973958333333334,2,0.0,1.9429056348672977,0.057094365132702274,1.9698907832774075,0.03010921672259248
bridge,bridge,s9182111_g2_n0.5_b0_r1.0,9182111,2,0.5,retained_mean,OK,2.616190879001806,0,1.0,L,True,0.04243253370073622,0.042885524749486356,0.13283392215129614,0.9973958333333334,2,0.002445812663789055,1.9431109936649598,0.05688900633504024,1.9698907832774075,0.03010921672259248
bridge,bridge,s9182111_g2_n0.5_b0_r1.0,9182111,2,0.5,v17_map,OK,2.616188489002525,0,1.0,,True,0.040536436052779325,0.043492851521846156,0.14979882037891487,0.9973958333333334,2,0.0,1.9429056348672977,0.057094365132702274,1.9698907832774075,0.03010921672259248
bridge,bridge,s9182111_g2_n0.5_b4_r0.25,9182111,2,0.5,identity,OK,1.7238842450024094,4,0.25,,True,3.2720369904628157,3.3306715167744807,3.994730884579876,0.1595238095238095,,,2.0674142186850495,0.06741421868504949,,
bridge,bridge,s9182111_g2_n0.5_b4_r0.25,9182111,2,0.5,old_spatial36,OK,1.7238885709957685,4,0.25,,True,0.1938959217812985,0.21499019783628076,0.41723995028118877,0.9928571428571429,2,0.0,2.0539475627133825,0.053947562713382524,1.960407383292582,0.03959261670741809
bridge,bridge,s9182111_g2_n0.5_b4_r0.25,9182111,2,0.5,retained_half,OK,1.7238914999979897,4,0.25,L,True,0.19594461634218102,0.21639304298301626,0.4168929038596497,0.9928571428571429,2,0.0019180112063157614,2.0530677755733606,0.05306777557336062,1.9619472535433153,0.03805274645668466
bridge,bridge,s9182111_g2_n0.5_b4_r0.25,9182111,2,0.5,retained_map,OK,1.723890773995663,4,0.25,L,True,0.19557468009237422,0.21713774076412592,0.41791319299426016,0.9928571428571429,2,0.0,2.0564977309350905,0.05649773093509047,1.9619472535433153,0.03805274645668466
bridge,bridge,s9182111_g2_n0.5_b4_r0.25,9182111,2,0.5,retained_mean,OK,1.723892240996065,4,0.25,L,True,0.19714164765278647,0.216974222780286,0.4165650696009959,0.9928571428571429,2,0.0038360224126315246,2.0496378202116303,0.049637820211630324,1.9619472535433153,0.03805274645668466
bridge,bridge,s9182111_g2_n0.5_b4_r0.25,9182111,2,0.5,v17_map,OK,1.7238898089999566,4,0.25,,True,0.19557468009237422,0.21713774076412592,0.41791319299426016,0.9928571428571429,2,0.0,2.0564977309350905,0.05649773093509047,1.9619472535433153,0.03805274645668466
bridge,bridge,s9182111_g2_n0.5_b4_r1.0,9182111,2,0.5,identity,OK,2.5425868579986854,4,1.0,,True,3.2570051747835884,3.435948857855353,4.043409288351122,0.13802083333333334,,,1.7436052033033271,0.25639479669667287,,
bridge,bridge,s9182111_g2_n0.5_b4_r1.0,9182111,2,0.5,old_spatial36,OK,2.5425908760007587,4,1.0,,True,0.16185811654816865,0.17761663141040557,0.897107914464841,0.96484375,2,0.0,1.9099126676976506,0.09008733230234944,1.9681579639118998,0.03184203608810021
bridge,bridge,s9182111_g2_n0.5_b4_r1.0,9182111,2,0.5,retained_half,OK,2.542593056001351,4,1.0,L,True,0.16204727330859392,0.17871942543450295,0.8985451654797956,0.9635416666666666,2,0.0012543263999527394,1.906170932097203,0.0938290679027971,1.969171915931435,0.030828084068565076
bridge,bridge,s9182111_g2_n0.5_b4_r1.0,9182111,2,0.5,retained_map,OK,2.542592411999067,4,1.0,L,True,0.1611597679642233,0.17909756487746964,0.899996165299102,0.9635416666666666,2,0.0,1.9060947943400726,0.09390520565992744,1.969171915931435,0.030828084068565076
bridge,bridge,s9182111_g2_n0.5_b4_r1.0,9182111,2,0.5,retained_mean,OK,2.542593719001161,4,1.0,L,True,0.16313073722413124,0.1785441538033741,0.8973333218821544,0.9635416666666666,2,0.002508652799905483,1.906247069854333,0.09375293014566699,1.969171915931435,0.030828084068565076
bridge,bridge,s9182111_g2_n0.5_b4_r1.0,9182111,2,0.5,v17_map,OK,2.542591743003868,4,1.0,,True,0.1611597679642233,0.17909756487746964,0.899996165299102,0.9635416666666666,2,0.0,1.9060947943400726,0.09390520565992744,1.969171915931435,0.030828084068565076
bridge,bridge,s9182111_g2_n1.0_b0_r0.25,9182111,2,1.0,identity,OK,1.899052420994849,0,0.25,,False,0.7469678755506521,0.7743030649402919,0.9694969116519381,0.7142857142857143,,,1.9803307027797683,0.019669297220231696,,
bridge,bridge,s9182111_g2_n1.0_b0_r0.25,9182111,2,1.0,old_spatial36,OK,1.8990566479988047,0,0.25,,False,0.35216437990601784,0.4037916790709808,0.4570880050921014,0.9523809523809523,1,1.3251880393636782e-17,1.5120468100928814,0.48795318990711856,0.0,2.0
bridge,bridge,s9182111_g2_n1.0_b0_r0.25,9182111,2,1.0,retained_half,OK,1.899059021998255,0,0.25,L,False,0.0708036608807707,0.08798581287252494,0.17289516942236197,0.9928571428571429,2,0.025204603793539226,1.924496777688857,0.07550322231114293,1.9322272405952639,0.06777275940473615
bridge,bridge,s9182111_g2_n1.0_b0_r0.25,9182111,2,1.0,retained_map,OK,1.8990582900005393,0,0.25,L,False,0.05544119340175,0.07027978762732742,0.1739836659395634,0.9928571428571429,2,0.0,1.9729779594800838,0.02702204051991619,1.9322272405952639,0.06777275940473615
bridge,bridge,s9182111_g2_n1.0_b0_r0.25,9182111,2,1.0,retained_mean,OK,1.8990596389994607,0,0.25,L,False,0.09068546744460233,0.10975957452872565,0.20181180627982578,0.9952380952380953,2,0.05040920758707845,1.8760155958976303,0.12398440410236966,1.9322272405952639,0.06777275940473615
bridge,bridge,s9182111_g2_n1.0_b0_r0.25,9182111,2,1.0,v17_map,OK,1.8990575469942996,0,0.25,,False,0.05544119340175,0.07027978762732742,0.1739836659395634,0.9928571428571429,2,0.0,1.9729779594800838,0.02702204051991619,1.9322272405952639,0.06777275940473615
bridge,bridge,s9182111_g2_n1.0_b0_r1.0,9182111,2,1.0,identity,OK,2.712167731995578,0,1.0,,False,0.7384964074565527,0.781093961472312,0.9862079631372078,0.7135416666666666,,,1.9477343724230884,0.052265627576911555,,
bridge,bridge,s9182111_g2_n1.0_b0_r1.0,9182111,2,1.0,old_spatial36,OK,2.7121716780020506,0,1.0,,False,0.0583884815061663,0.06565029895403747,0.17097403905312744,0.9934895833333334,2,0.0,1.935819836608971,0.06418016339102905,1.9575706436357088,0.04242935636429124
bridge,bridge,s9182111_g2_n1.0_b0_r1.0,9182111,2,1.0,retained_half,OK,2.7121742620001896,0,1.0,L,False,0.07515899896085569,0.08259088475299647,0.18835563318070656,0.9895833333333334,2,0.020481716179799485,1.8941979692504343,0.10580203074956573,1.9484181359020305,0.0515818640979695
bridge,bridge,s9182111_g2_n1.0_b0_r1.0,9182111,2,1.0,retained_map,OK,2.7121733679960016,0,1.0,L,False,0.06297104278315308,0.07499902862425673,0.2096796062179457,0.9895833333333334,2,0.0,1.9225154615112225,0.07748453848877745,1.9484181359020305,0.0515818640979695
bridge,bridge,s9182111_g2_n1.0_b0_r1.0,9182111,2,1.0,retained_mean,OK,2.7121748979989206,0,1.0,L,False,0.09072406369783875,0.0944435565246104,0.18953359193883776,0.9908854166666666,2,0.04096343235959897,1.8658804769896462,0.1341195230103538,1.9484181359020305,0.0515818640979695
bridge,bridge,s9182111_g2_n1.0_b0_r1.0,9182111,2,1.0,v17_map,OK,2.7121725839970168,0,1.0,,False,0.06297104278315308,0.07499902862425673,0.2096796062179457,0.9895833333333334,2,0.0,1.9225154615112225,0.07748453848877745,1.9484181359020305,0.0515818640979695
bridge,bridge,s9182111_g2_n1.0_b4_r0.25,9182111,2,1.0,identity,OK,1.9286517800064757,4,0.25,,False,3.3272684403100703,3.3974946391859806,4.108132193702266,0.1976190476190476,,,2.0575795700749344,0.057579570074934416,,
bridge,bridge,s9182111_g2_n1.0_b4_r0.25,9182111,2,1.0,old_spatial36,OK,1.9286559230022249,4,0.25,,False,0.39767150826700254,0.419054776576115,0.4869310120198993,0.9857142857142858,1,1.3791867360973389e-17,1.5120892636255325,0.48791073637446747,0.0,2.0
bridge,bridge,s9182111_g2_n1.0_b4_r0.25,9182111,2,1.0,retained_half,OK,1.9286581490014214,4,0.25,L,False,0.1766150434534075,0.1834182599989344,0.23905972931083633,0.9928571428571429,2,0.025224746986943197,1.9246273913331822,0.07537260866681783,1.9322549501772461,0.06774504982275387
bridge,bridge,s9182111_g2_n1.0_b4_r0.25,9182111,2,1.0,retained_map,OK,1.9286575250007445,4,0.25,L,False,0.16543679036195896,0.17811069102627813,0.2379443595356871,0.9952380952380953,2,0.0,1.973186005457008,0.026813994542991937,1.9322549501772461,0.06774504982275387
bridge,bridge,s9182111_g2_n1.0_b4_r0.25,9182111,2,1.0,retained_mean,OK,1.9286588410031982,4,0.25,L,False,0.19673992113034247,0.20306774624603452,0.2624925213597469,0.9904761904761905,2,0.05044949397388639,1.8760687772093574,0.12393122279064261,1.9322549501772461,0.06774504982275387
bridge,bridge,s9182111_g2_n1.0_b4_r0.25,9182111,2,1.0,v17_map,OK,1.928656795003917,4,0.25,,False,0.16543679036195896,0.17811069102627813,0.2379443595356871,0.9952380952380953,2,0.0,1.973186005457008,0.026813994542991937,1.9322549501772461,0.06774504982275387
bridge,bridge,s9182111_g2_n1.0_b4_r1.0,9182111,2,1.0,identity,OK,2.7398679409961915,4,1.0,,False,3.312404628348497,3.487392028163147,4.145433682924608,0.17447916666666666,,,1.7174723895148707,0.2825276104851293,,
bridge,bridge,s9182111_g2_n1.0_b4_r1.0,9182111,2,1.0,old_spatial36,OK,2.73987242399744,4,1.0,,False,0.05863561088883985,0.06587878964770216,0.1770506419119248,0.9934895833333334,2,0.0,1.9361897434647257,0.06381025653527428,1.957546025437703,0.04245397456229694
bridge,bridge,s9182111_g2_n1.0_b4_r1.0,9182111,2,1.0,retained_half,OK,2.739874961996975,4,1.0,L,False,0.0752467646617386,0.08274738283667879,0.19387807954855113,0.9908854166666666,2,0.020453748781191227,1.8945607201346282,0.10543927986537183,1.9483596859934662,0.051640314006533794
bridge,bridge,s9182111_g2_n1.0_b4_r1.0,9182111,2,1.0,retained_map,OK,2.7398741930010146,4,1.0,L,False,0.06319790956024439,0.07520538191993845,0.21464497451550643,0.9908854166666666,2,0.0,1.9228477922885543,0.07715220771144571,1.9483596859934662,0.051640314006533794
bridge,bridge,s9182111_g2_n1.0_b4_r1.0,9182111,2,1.0,retained_mean,OK,2.739875829000084,4,1.0,L,False,0.09075724250276311,0.0945779094162712,0.1949389621049169,0.9921875,2,0.040907497562382454,1.866273647980702,0.13372635201929794,1.9483596859934662,0.051640314006533794
bridge,bridge,s9182111_g2_n1.0_b4_r1.0,9182111,2,1.0,v17_map,OK,2.739873382000951,4,1.0,,False,0.06319790956024439,0.07520538191993845,0.21464497451550643,0.9908854166666666,2,0.0,1.9228477922885543,0.07715220771144571,1.9483596859934662,0.051640314006533794
bridge,bridge,s9182111_g2_n2.0_b0_r0.25,9182111,2,2.0,identity,OK,1.6155179799970938,0,0.25,,False,1.484008383399535,1.5486061298805838,1.9389938233038764,0.4261904761904762,,,1.9606614055595364,0.039338594440463615,,
bridge,bridge,s9182111_g2_n2.0_b0_r0.25,9182111,2,2.0,old_spatial36,OK,1.6155220189975807,0,0.25,,False,0.3528070071167019,0.40899668107612686,0.46400840334848154,0.9404761904761905,1,1.398287150966852e-17,1.4986904190494452,0.5013095809505548,0.0,2.0
bridge,bridge,s9182111_g2_n2.0_b0_r0.25,9182111,2,2.0,retained_half,OK,1.6155243269968196,0,0.25,S,False,0.3528070071167019,0.4089966810761269,0.4640084033484816,0.9404761904761905,1,0.0,1.4986904190494452,0.5013095809505548,0.0,2.0
bridge,bridge,s9182111_g2_n2.0_b0_r0.25,9182111,2,2.0,retained_map,OK,1.615523669999675,0,0.25,S,False,0.3528070071167019,0.4089966810761269,0.4640084033484816,0.9404761904761905,1,0.0,1.4986904190494452,0.5013095809505548,0.0,2.0
bridge,bridge,s9182111_g2_n2.0_b0_r0.25,9182111,2,2.0,retained_mean,OK,1.6155249590010499,0,0.25,S,False,0.3528070071167019,0.4089966810761269,0.4640084033484816,0.9404761904761905,1,0.0,1.4986904190494452,0.5013095809505548,0.0,2.0
bridge,bridge,s9182111_g2_n2.0_b0_r0.25,9182111,2,2.0,v17_map,OK,1.6155228700008593,0,0.25,,False,0.3528070071167019,0.40899668107612686,0.4640084033484816,0.9404761904761905,1,1.398287150966852e-17,1.4986904190494452,0.5013095809505548,0.0,2.0
bridge,bridge,s9182111_g2_n2.0_b0_r1.0,9182111,2,2.0,identity,OK,3.0864344270012225,0,1.0,,False,1.4495476580612348,1.562187922944624,1.9724159262744156,0.4231770833333333,,,1.8954687448461764,0.10453125515382355,,
bridge,bridge,s9182111_g2_n2.0_b0_r1.0,9182111,2,2.0,old_spatial36,OK,3.086438778998854,0,1.0,,False,0.4161776806922135,0.4170762437713087,0.5304691003531631,0.9375,1,1.2022516188018273e-17,1.3622184524432446,0.6377815475567554,0.0,2.0
bridge,bridge,s9182111_g2_n2.0_b0_r1.0,9182111,2,2.0,retained_half,OK,3.0864410510039306,0,1.0,S,False,0.4161776806922135,0.4170762437713087,0.5304691003531631,0.9375,1,0.0,1.3622184524432446,0.6377815475567554,0.0,2.0
bridge,bridge,s9182111_g2_n2.0_b0_r1.0,9182111,2,2.0,retained_map,OK,3.0864403470040997,0,1.0,S,False,0.4161776806922135,0.4170762437713087,0.5304691003531631,0.9375,1,0.0,1.3622184524432446,0.6377815475567554,0.0,2.0
bridge,bridge,s9182111_g2_n2.0_b0_r1.0,9182111,2,2.0,retained_mean,OK,3.086441735002154,0,1.0,S,False,0.4161776806922135,0.4170762437713087,0.5304691003531631,0.9375,1,0.0,1.3622184524432446,0.6377815475567554,0.0,2.0
bridge,bridge,s9182111_g2_n2.0_b0_r1.0,9182111,2,2.0,v17_map,OK,3.0864396190008847,0,1.0,,False,0.4161776806922135,0.4170762437713087,0.5304691003531631,0.9375,1,1.2022516188018273e-17,1.3622184524432446,0.6377815475567554,0.0,2.0
bridge,bridge,s9182111_g2_n2.0_b4_r0.25,9182111,2,2.0,identity,OK,1.5966874190053204,4,0.25,,False,3.597567902148841,3.7044375911338356,4.48602129675287,0.19047619047619047,,,2.037910272854702,0.037910272854702054,,
bridge,bridge,s9182111_g2_n2.0_b4_r0.25,9182111,2,2.0,old_spatial36,OK,1.5966920530045172,4,0.25,,False,0.39691943218060866,0.41964765857109554,0.4925684920687834,0.9738095238095238,1,1.2175917009616174e-17,1.498744187489988,0.5012558125100119,0.0,2.0
bridge,bridge,s9182111_g2_n2.0_b4_r0.25,9182111,2,2.0,retained_half,OK,1.5966944680039887,4,0.25,S,False,0.3969194321806087,0.4196476585710954,0.4925684920687834,0.9738095238095238,1,0.0,1.498744187489988,0.5012558125100119,0.0,2.0
bridge,bridge,s9182111_g2_n2.0_b4_r0.25,9182111,2,2.0,retained_map,OK,1.5966937630000757,4,0.25,S,False,0.3969194321806087,0.4196476585710954,0.4925684920687834,0.9738095238095238,1,0.0,1.498744187489988,0.5012558125100119,0.0,2.0
bridge,bridge,s9182111_g2_n2.0_b4_r0.25,9182111,2,2.0,retained_mean,OK,1.596695060005004,4,0.25,S,False,0.3969194321806087,0.4196476585710954,0.4925684920687834,0.9738095238095238,1,0.0,1.498744187489988,0.5012558125100119,0.0,2.0
bridge,bridge,s9182111_g2_n2.0_b4_r0.25,9182111,2,2.0,v17_map,OK,1.5966930010035867,4,0.25,,False,0.39691943218060866,0.4196476585710954,0.4925684920687834,0.9738095238095238,1,1.2175917009616174e-17,1.498744187489988,0.5012558125100119,0.0,2.0
bridge,bridge,s9182111_g2_n2.0_b4_r1.0,9182111,2,2.0,identity,OK,3.0973869369991007,4,1.0,,False,3.5630718581051943,3.7410103947191233,4.5071557696802795,0.16927083333333334,,,1.6652067619379594,0.33479323806204064,,
bridge,bridge,s9182111_g2_n2.0_b4_r1.0,9182111,2,2.0,old_spatial36,OK,3.097392330993898,4,1.0,,False,0.4162337071886176,0.417100613976797,0.5339554431584156,0.9375,1,1.1854881107252224e-17,1.3620986353918285,0.6379013646081715,0.0,2.0
bridge,bridge,s9182111_g2_n2.0_b4_r1.0,9182111,2,2.0,retained_half,OK,3.097395085998869,4,1.0,S,False,0.4162337071886176,0.417100613976797,0.5339554431584155,0.9375,1,0.0,1.3620986353918285,0.6379013646081715,0.0,2.0
bridge,bridge,s9182111_g2_n2.0_b4_r1.0,9182111,2,2.0,retained_map,OK,3.097394398995675,4,1.0,S,False,0.4162337071886176,0.417100613976797,0.5339554431584155,0.9375,1,0.0,1.3620986353918285,0.6379013646081715,0.0,2.0
bridge,bridge,s9182111_g2_n2.0_b4_r1.0,9182111,2,2.0,retained_mean,OK,3.0973958319955273,4,1.0,S,False,0.4162337071886176,0.417100613976797,0.5339554431584155,0.9375,1,0.0,1.3620986353918285,0.6379013646081715,0.0,2.0
bridge,bridge,s9182111_g2_n2.0_b4_r1.0,9182111,2,2.0,v17_map,OK,3.0973935929941945,4,1.0,,False,0.4162337071886176,0.417100613976797,0.5339554431584155,0.9375,1,1.1854881107252224e-17,1.3620986353918287,0.6379013646081713,0.0,2.0
bridge,bridge,s9182111_g4_n0.5_b0_r0.25,9182111,4,0.5,identity,OK,1.6004424780039699,0,0.25,,True,0.403577538641516,0.4046459699615762,0.5043856124698286,0.9558823529411765,,,4.014595273901014,0.014595273901013783,,
bridge,bridge,s9182111_g4_n0.5_b0_r0.25,9182111,4,0.5,old_spatial36,OK,1.600446832999296,0,0.25,,True,0.046077221349914224,0.04488986484810628,0.11208786114917224,0.9975490196078431,2,0.0,4.010409782214986,0.01040978221498623,4.098390935156117,0.09839093515611719
bridge,bridge,s9182111_g4_n0.5_b0_r0.25,9182111,4,0.5,retained_half,OK,1.6004492360007134,0,0.25,L,True,0.04607713020086266,0.04488975112805946,0.11208783317987363,0.9975490196078431,2,3.7530747122552203e-08,4.010409681874087,0.010409681874087084,4.098390758445175,0.09839075844517531
bridge,bridge,s9182111_g4_n0.5_b0_r0.25,9182111,4,0.5,retained_map,OK,1.6004484610020882,0,0.25,L,True,0.046077163745918345,0.044889804821884,0.11208783822635233,0.9975490196078431,2,0.0,4.010409792865767,0.010409792865766931,4.098390758445175,0.09839075844517531
bridge,bridge,s9182111_g4_n0.5_b0_r0.25,9182111,4,0.5,retained_mean,OK,1.600449950004986,0,0.25,L,True,0.046077096655806976,0.044889697434234946,0.11208782813768702,0.9975490196078431,2,7.506149425873368e-08,4.010409570882407,0.010409570882407237,4.098390758445175,0.09839075844517531
bridge,bridge,s9182111_g4_n0.5_b0_r0.25,9182111,4,0.5,v17_map,OK,1.6004477290043724,0,0.25,,True,0.046077163745918345,0.044889804821884,0.11208783822635233,0.9975490196078431,2,0.0,4.010409792865767,0.010409792865766931,4.098390758445175,0.09839075844517531
bridge,bridge,s9182111_g4_n0.5_b0_r1.0,9182111,4,0.5,identity,OK,2.627129002001311,0,1.0,,True,0.39217389792685386,0.394227933874986,0.49310398156860386,0.9674479166666666,,,3.9958220591572196,0.004177940842780448,,
bridge,bridge,s9182111_g4_n0.5_b0_r1.0,9182111,4,0.5,old_spatial36,OK,2.627133991001756,0,1.0,,True,0.02734504173177309,0.02563430538608638,0.06678233591794745,0.9986979166666666,2,0.0,3.9896079046790858,0.01039209532091423,4.055447543655121,0.055447543655120946
bridge,bridge,s9182111_g4_n0.5_b0_r1.0,9182111,4,0.5,retained_half,OK,2.6271366060027503,0,1.0,L,True,0.027345010033449652,0.025634271014327453,0.06678232013094802,0.9986979166666666,2,1.2505812190266974e-09,3.9896078764630953,0.010392123536904663,4.055447525932029,0.05544752593202862
bridge,bridge,s9182111_g4_n0.5_b0_r1.0,9182111,4,0.5,retained_map,OK,2.6271358060039347,0,1.0,L,True,0.027345011242875143,0.025634272685624994,0.06678232049887582,0.9986979166666666,2,0.0,3.9896078798500754,0.010392120149924633,4.055447525932029,0.05544752593202862
bridge,bridge,s9182111_g4_n0.5_b0_r1.0,9182111,4,0.5,retained_mean,OK,2.6271373109993874,0,1.0,L,True,0.02734500882402416,0.025634269343029908,0.0667823197630298,0.9986979166666666,2,2.501162440975031e-09,3.989607873076115,0.010392126923885137,4.055447525932029,0.05544752593202862
bridge,bridge,s9182111_g4_n0.5_b0_r1.0,9182111,4,0.5,v17_map,OK,2.6271349340022425,0,1.0,,True,0.027345011242875143,0.025634272685624994,0.06678232049887582,0.9986979166666666,2,0.0,3.9896078798500754,0.010392120149924633,4.055447525932029,0.05544752593202862
bridge,bridge,s9182111_g4_n0.5_b4_r0.25,9182111,4,0.5,identity,OK,1.586982862005243,4,0.25,,True,3.2721992131789293,3.433070495222274,4.027203062508121,0.14460784313725492,,,4.794278869187481,0.7942788691874814,,
bridge,bridge,s9182111_g4_n0.5_b4_r0.25,9182111,4,0.5,old_spatial36,OK,1.5869876770011615,4,0.25,,True,0.2661741749596564,0.22140513147028545,0.9899658577535757,0.9705882352941176,2,0.0,4.071998258989335,0.07199825898933465,4.0979787830446135,0.0979787830446135
bridge,bridge,s9182111_g4_n0.5_b4_r0.25,9182111,4,0.5,retained_half,OK,1.5869903190032346,4,0.25,L,True,0.2661741883282003,0.22140512589892003,0.9899658560594431,0.9705882352941176,2,3.820361436245567e-08,4.071998155956229,0.07199815595622905,4.097978608805865,0.09797860880586473
bridge,bridge,s9182111_g4_n0.5_b4_r0.25,9182111,4,0.5,retained_map,OK,1.5869895790019655,4,0.25,L,True,0.26617422168700083,0.22140518003512355,0.9899658601277668,0.9705882352941176,2,0.0,4.071998268985301,0.07199826898530137,4.097978608805865,0.09797860880586473
bridge,bridge,s9182111_g4_n0.5_b4_r0.25,9182111,4,0.5,retained_mean,OK,1.5869909989996813,4,0.25,L,True,0.26617415496939967,0.2214050717627165,0.9899658519916236,0.9705882352941176,2,7.640722872831866e-08,4.071998042927157,0.07199804292715672,4.097978608805865,0.09797860880586473
bridge,bridge,s9182111_g4_n0.5_b4_r0.25,9182111,4,0.5,v17_map,OK,1.586988757000654,4,0.25,,True,0.26617422168700083,0.22140518003512355,0.9899658601277668,0.9705882352941176,2,0.0,4.071998268985301,0.07199826898530137,4.097978608805865,0.09797860880586473
bridge,bridge,s9182111_g4_n0.5_b4_r1.0,9182111,4,0.5,identity,OK,2.6141327869991073,4,1.0,,True,3.1324192645292825,3.4300518344939617,4.043409288351122,0.14192708333333334,,,4.220039323807362,0.22003932380736213,,
bridge,bridge,s9182111_g4_n0.5_b4_r1.0,9182111,4,0.5,old_spatial36,OK,2.6141378300017095,4,1.0,,True,0.037894122562400344,0.04618907660826667,0.3870813450993497,0.9921875,2,0.0,3.970495458108385,0.02950454189161489,4.055444621289011,0.055444621289010954
bridge,bridge,s9182111_g4_n0.5_b4_r1.0,9182111,4,0.5,retained_half,OK,2.614140183002746,4,1.0,L,True,0.03789408913328326,0.046189042198938705,0.38708134212168965,0.9921875,2,1.2525008967392046e-09,3.97049543921253,0.02950456078746999,4.0554445334258995,0.0554445334258995
bridge,bridge,s9182111_g4_n0.5_b4_r1.0,9182111,4,0.5,retained_map,OK,2.614139432000229,4,1.0,L,True,0.03789409034652431,0.04618904387541018,0.387081342185377,0.9921875,2,0.0,3.9704954426094123,0.02950455739058766,4.0554445334258995,0.0554445334258995
bridge,bridge,s9182111_g4_n0.5_b4_r1.0,9182111,4,0.5,retained_mean,OK,2.61414082400006,4,1.0,L,True,0.03789408792004226,0.046189040522467265,0.3870813420580038,0.9921875,2,2.5050017969797664e-09,3.970495435815649,0.02950456418435099,4.0554445334258995,0.0554445334258995
bridge,bridge,s9182111_g4_n0.5_b4_r1.0,9182111,4,0.5,v17_map,OK,2.61413863600319,4,1.0,,True,0.03789409034652431,0.04618904387541018,0.387081342185377,0.9921875,2,0.0,3.9704954426094123,0.02950455739058766,4.0554445334258995,0.0554445334258995
bridge,bridge,s9182111_g4_n1.0_b0_r0.25,9182111,4,1.0,identity,OK,1.7334585639982834,0,0.25,,True,0.7984866413480987,0.8092919399231525,1.0087712249396572,0.7034313725490197,,,4.0291905478020285,0.029190547802028455,,
bridge,bridge,s9182111_g4_n1.0_b0_r0.25,9182111,4,1.0,old_spatial36,OK,1.7334637550011394,0,0.25,,True,0.12471473777589089,0.11550343557855866,0.26149456310809494,0.9828431372549019,2,0.0,4.019395950115115,0.019395950115114857,4.259210912419371,0.25921091241937066
bridge,bridge,s9182111_g4_n1.0_b0_r0.25,9182111,4,1.0,retained_half,OK,1.7334661829954712,0,0.25,L,True,0.12326887813619106,0.1269268899860384,0.31638775516489,0.9803921568627451,2,0.003955763423609136,3.990799900077018,0.009200099922982208,4.2588521269788,0.2588521269788
bridge,bridge,s9182111_g4_n1.0_b0_r0.25,9182111,4,1.0,retained_map,OK,1.733465477998834,0,0.25,L,True,0.12340140739052241,0.1299917467942421,0.33298385970052374,0.9803921568627451,2,0.0,3.990688407013328,0.009311592986672057,4.2588521269788,0.2588521269788
bridge,bridge,s9182111_g4_n1.0_b0_r0.25,9182111,4,1.0,retained_mean,OK,1.7334668789990246,0,0.25,L,True,0.12547089500475694,0.1252916022057006,0.3021685001395477,0.9803921568627451,2,0.007911526847218284,3.9909113931407076,0.009088606859292359,4.2588521269788,0.2588521269788
bridge,bridge,s9182111_g4_n1.0_b0_r0.25,9182111,4,1.0,v17_map,OK,1.733464687000378,0,0.25,,True,0.12340140739052241,0.1299917467942421,0.33298385970052374,0.9803921568627451,2,0.0,3.990688407013328,0.009311592986672057,4.2588521269788,0.2588521269788
bridge,bridge,s9182111_g4_n1.0_b0_r1.0,9182111,4,1.0,identity,OK,2.535715882004297,0,1.0,,True,0.7784085319670604,0.788455867749972,0.9862079631372077,0.7265625,,,3.991644118314439,0.008355881685560895,,
bridge,bridge,s9182111_g4_n1.0_b0_r1.0,9182111,4,1.0,old_spatial36,OK,2.535720213003515,0,1.0,,True,0.06364941688493299,0.06268494453727037,0.18946120236415553,0.9908854166666666,2,0.0,3.9958851598513996,0.004114840148600418,4.121799873261454,0.12179987326145358
bridge,bridge,s9182111_g4_n1.0_b0_r1.0,9182111,4,1.0,retained_half,OK,2.535722746004467,0,1.0,L,True,0.06362817474664623,0.06601729548242417,0.22826515573504572,0.9895833333333334,2,0.0031405179180656836,3.985292212335588,0.014707787664411942,4.121899123561721,0.12189912356172083
bridge,bridge,s9182111_g4_n1.0_b0_r1.0,9182111,4,1.0,retained_map,OK,2.535722082000575,0,1.0,L,True,0.0627183646648218,0.06599052571213365,0.24047906891804965,0.9895833333333334,2,0.0,3.989955853505097,0.010044146494903039,4.121899123561721,0.12189912356172083
bridge,bridge,s9182111_g4_n1.0_b0_r1.0,9182111,4,1.0,retained_mean,OK,2.5357234440016327,0,1.0,L,True,0.06609060345157551,0.06763695003759358,0.22010515596588892,0.9895833333333334,2,0.006281035836131378,3.9806285711660783,0.019371428833921733,4.121899123561721,0.12189912356172083
bridge,bridge,s9182111_g4_n1.0_b0_r1.0,9182111,4,1.0,v17_map,OK,2.5357210780057358,0,1.0,,True,0.0627183646648218,0.06599052571213365,0.24047906891804965,0.9895833333333334,2,0.0,3.989955853505097,0.010044146494903039,4.121899123561721,0.12189912356172083
bridge,bridge,s9182111_g4_n1.0_b4_r0.25,9182111,4,1.0,identity,OK,1.8853414670011261,4,0.25,,True,3.318664948511131,3.4888761505333195,4.134212672142701,0.18137254901960784,,,4.808874143088496,0.808874143088496,,
bridge,bridge,s9182111_g4_n1.0_b4_r0.25,9182111,4,1.0,old_spatial36,OK,1.8853462550032418,4,0.25,,True,0.7735867124920147,0.602584658723989,1.8395109540582328,0.8382352941176471,2,0.0,4.052434135497894,0.052434135497893664,4.265186172098164,0.2651861720981641
bridge,bridge,s9182111_g4_n1.0_b4_r0.25,9182111,4,1.0,retained_half,OK,1.885348565003369,4,0.25,L,True,0.7758026152257647,0.6165494111235484,1.8475537756576697,0.8357843137254902,2,0.004504875369096456,4.024817609911617,0.024817609911616856,4.263410110158382,0.26341011015838234
bridge,bridge,s9182111_g4_n1.0_b4_r0.25,9182111,4,1.0,retained_map,OK,1.8853478230012115,4,0.25,L,True,0.7738680347450648,0.618828843737826,1.8505781465390228,0.8357843137254902,2,0.0,4.023949982795244,0.023949982795244296,4.263410110158382,0.26341011015838234
bridge,bridge,s9182111_g4_n1.0_b4_r0.25,9182111,4,1.0,retained_mean,OK,1.8853492970010848,4,0.25,L,True,0.7785203107136625,0.6148180910738335,1.8452167695810404,0.8357843137254902,2,0.009009750738192901,4.025685237027989,0.025685237027989416,4.263410110158382,0.26341011015838234
bridge,bridge,s9182111_g4_n1.0_b4_r0.25,9182111,4,1.0,v17_map,OK,1.8853470480025862,4,0.25,,True,0.7738680347450648,0.618828843737826,1.8505781465390228,0.8357843137254902,2,0.0,4.023949982795244,0.023949982795244296,4.263410110158382,0.26341011015838234
bridge,bridge,s9182111_g4_n1.0_b4_r1.0,9182111,4,1.0,identity,OK,3.445598133999738,4,1.0,,True,3.175316817351694,3.4788130831118758,4.145433682924608,0.171875,,,4.215861382964582,0.21586138296458213,,
bridge,bridge,s9182111_g4_n1.0_b4_r1.0,9182111,4,1.0,old_spatial36,OK,3.4456039579963544,4,1.0,,True,0.06925333191039888,0.0725924018758651,0.3739715243269305,0.9921875,2,0.0,3.993916015455705,0.006083984544294818,4.121808306968096,0.12180830696809597
bridge,bridge,s9182111_g4_n1.0_b4_r1.0,9182111,4,1.0,retained_half,OK,3.4456074810004793,4,1.0,L,True,0.06923267677813448,0.0759247906834992,0.39504543445296547,0.9908854166666666,2,0.0031422095297760455,3.983321528945363,0.016678471054636823,4.121902816373074,0.12190281637307443
bridge,bridge,s9182111_g4_n1.0_b4_r1.0,9182111,4,1.0,retained_map,OK,3.4456063990000985,4,1.0,L,True,0.06832146410878635,0.07589729611969909,0.40223056351416253,0.9908854166666666,2,0.0,3.9879869900740097,0.012013009925990303,4.121902816373074,0.12190281637307443
bridge,bridge,s9182111_g4_n1.0_b4_r1.0,9182111,4,1.0,retained_mean,OK,3.4456085249985335,4,1.0,L,True,0.0716965805543307,0.07754503854509967,0.3903857996841334,0.9908854166666666,2,0.00628441905955209,3.9786560678167158,0.02134393218328423,4.121902816373074,0.12190281637307443
bridge,bridge,s9182111_g4_n1.0_b4_r1.0,9182111,4,1.0,v17_map,OK,3.4456052699970314,4,1.0,,True,0.06832146410878635,0.07589729611969909,0.40223056351416253,0.9908854166666666,2,0.0,3.9879869900740097,0.012013009925990303,4.121902816373074,0.12190281637307443
bridge,bridge,s9182111_g4_n2.0_b0_r0.25,9182111,4,2.0,identity,OK,3.0083346870014793,0,0.25,,True,1.5752016721881312,1.618583879846305,2.0175424498793144,0.4068627450980392,,,4.058381095604056,0.05838109560405602,,
bridge,bridge,s9182111_g4_n2.0_b0_r0.25,9182111,4,2.0,old_spatial36,OK,3.0083397590060486,0,0.25,,True,0.14465251988965278,0.19369953456731293,0.45755966034092455,0.9926470588235294,2,0.0,3.971904436534211,0.02809556346578912,4.572865968420647,0.572865968420647
bridge,bridge,s9182111_g4_n2.0_b0_r0.25,9182111,4,2.0,retained_half,OK,3.008348458002729,0,0.25,L,True,0.13834073972386995,0.17793748259878173,0.3971983108878151,0.9926470588235294,2,0.05619556898577918,3.907685256585045,0.09231474341495494,4.5367146506313265,0.5367146506313265
bridge,bridge,s9182111_g4_n2.0_b0_r0.25,9182111,4,2.0,retained_map,OK,3.008347369999683,0,0.25,L,True,0.14040869269594503,0.18655788320269315,0.45420906676228845,0.9926470588235294,2,0.0,3.9874207802506105,0.01257921974938947,4.5367146506313265,0.5367146506313265
bridge,bridge,s9182111_g4_n2.0_b0_r0.25,9182111,4,2.0,retained_mean,OK,3.008349576004548,0,0.25,L,True,0.17539888997165692,0.2062250193594205,0.4141212221710003,0.9705882352941176,2,0.11239113797155831,3.8279497329194796,0.1720502670805204,4.5367146506313265,0.5367146506313265
bridge,bridge,s9182111_g4_n2.0_b0_r0.25,9182111,4,2.0,v17_map,OK,3.008346046000952,0,0.25,,True,0.14040869269594503,0.18655788320269315,0.45420906676228845,0.9926470588235294,2,0.0,3.9874207802506105,0.01257921974938947,4.5367146506313265,0.5367146506313265
bridge,bridge,s9182111_g4_n2.0_b0_r1.0,9182111,4,2.0,identity,OK,2.918101013005071,0,1.0,,False,1.5009615248205865,1.576911735499944,1.9724159262744154,0.4296875,,,3.983288236628878,0.01671176337112179,,
bridge,bridge,s9182111_g4_n2.0_b0_r1.0,9182111,4,2.0,old_spatial36,OK,2.9181054900036543,0,1.0,,False,0.11053254407586906,0.12903862510289751,0.43268012473578277,0.9921875,2,0.0,3.945640451612913,0.05435954838708712,4.172483347864645,0.17248334786464525
bridge,bridge,s9182111_g4_n2.0_b0_r1.0,9182111,4,2.0,retained_half,OK,2.918108267003845,0,1.0,L,False,0.1334078122677436,0.14804255991375748,0.3576679727742537,0.9921875,2,0.04436058946468982,3.870061710526418,0.1299382894735821,4.242972590992941,0.24297259099294077
bridge,bridge,s9182111_g4_n2.0_b0_r1.0,9182111,4,2.0,retained_map,OK,2.918107386001793,0,1.0,L,False,0.12613183969397354,0.14841605049752266,0.4121177901351933,0.9921875,2,0.0,3.933012391656141,0.06698760834385897,4.242972590992941,0.24297259099294077
bridge,bridge,s9182111_g4_n2.0_b0_r1.0,9182111,4,2.0,retained_mean,OK,2.918109149999509,0,1.0,L,False,0.15906474158349018,0.16942946342968623,0.36164144148792854,0.9765625,2,0.08872117892937961,3.807111029396694,0.19288897060330612,4.242972590992941,0.24297259099294077
bridge,bridge,s9182111_g4_n2.0_b0_r1.0,9182111,4,2.0,v17_map,OK,2.918106552999234,0,1.0,,False,0.12613183969397354,0.14841605049752266,0.4121177901351933,0.9921875,2,0.0,3.933012391656141,0.06698760834385897,4.242972590992941,0.24297259099294077
bridge,bridge,s9182111_g4_n2.0_b4_r0.25,9182111,4,2.0,identity,OK,3.0392542389963637,4,0.25,,True,3.582019393214212,3.771720786532743,4.512742327960425,0.18137254901960784,,,4.8380646908905245,0.8380646908905245,,
bridge,bridge,s9182111_g4_n2.0_b4_r0.25,9182111,4,2.0,old_spatial36,OK,3.039259318000404,4,0.25,,True,0.14280769771379112,0.1987837497574007,0.4557419597201392,0.9926470588235294,2,0.0,3.9720943478983335,0.02790565210166651,4.573057742153604,0.5730577421536038
bridge,bridge,s9182111_g4_n2.0_b4_r0.25,9182111,4,2.0,retained_half,OK,3.039262724996661,4,0.25,L,True,0.1386782485873972,0.17896939523717809,0.39715701824243305,0.9926470588235294,2,0.05622546927476181,3.9078999839296,0.09210001607039997,4.5370952898964685,0.5370952898964685
bridge,bridge,s9182111_g4_n2.0_b4_r0.25,9182111,4,2.0,retained_map,OK,3.0392617250035983,4,0.25,L,True,0.13089171205640238,0.18625603022008755,0.44939636486585843,0.9926470588235294,2,0.0,3.9877019061546144,0.012298093845385605,4.5370952898964685,0.5370952898964685
bridge,bridge,s9182111_g4_n2.0_b4_r0.25,9182111,4,2.0,retained_mean,OK,3.0392637370023294,4,0.25,L,True,0.17902093672462424,0.20812641891360567,0.419312801300255,0.9705882352941176,2,0.11245093854952366,3.828098061704585,0.17190193829541478,4.5370952898964685,0.5370952898964685
bridge,bridge,s9182111_g4_n2.0_b4_r0.25,9182111,4,2.0,v17_map,OK,3.039260473997274,4,0.25,,True,0.13089171205640238,0.18625603022008755,0.44939636486585843,0.9926470588235294,2,0.0,3.9877019061546144,0.012298093845385605,4.5370952898964685,0.5370952898964685
bridge,bridge,s9182111_g4_n2.0_b4_r1.0,9182111,4,2.0,identity,OK,2.6729293249954935,4,1.0,,False,3.4289756119333332,3.7307663450544752,4.50715576968028,0.16796875,,,4.207505501279021,0.20750550127902123,,
bridge,bridge,s9182111_g4_n2.0_b4_r1.0,9182111,4,2.0,old_spatial36,OK,2.6729346309948596,4,1.0,,False,0.11037246211101515,0.12879145002023712,0.4362732029608166,0.9921875,2,0.0,3.946296207473575,0.05370379252642499,4.172640743532089,0.1726407435320887
bridge,bridge,s9182111_g4_n2.0_b4_r1.0,9182111,4,2.0,retained_half,OK,2.6729375229988364,4,1.0,L,False,0.133474823539929,0.1479672530301634,0.36202252561721837,0.9921875,2,0.04448766465831119,3.870263939047357,0.12973606095264278,4.243964685534294,0.2439646855342943
bridge,bridge,s9182111_g4_n2.0_b4_r1.0,9182111,4,2.0,retained_map,OK,2.6729367089938023,4,1.0,L,False,0.12617286644491166,0.148354277082286,0.41601326792888343,0.9921875,2,0.0,3.933332014766031,0.06666798523396888,4.243964685534294,0.2439646855342943
bridge,bridge,s9182111_g4_n2.0_b4_r1.0,9182111,4,2.0,retained_mean,OK,2.6729383439960657,4,1.0,L,False,0.15913322362821314,0.16942183887182127,0.36619253374032884,0.9765625,2,0.08897532931662237,3.8071958633286833,0.19280413667131668,4.243964685534294,0.2439646855342943
bridge,bridge,s9182111_g4_n2.0_b4_r1.0,9182111,4,2.0,v17_map,OK,2.6729357199947117,4,1.0,,False,0.12617286644491166,0.148354277082286,0.41601326792888343,0.9921875,2,0.0,3.933332014766031,0.06666798523396888,4.243964685534294,0.2439646855342943
bridge,bridge,s9182111_g8_n0.5_b0_r0.25,9182111,8,0.5,identity,OK,2.616199558004155,0,0.25,,True,0.3948917023708122,0.3973795965578286,0.4995943700006638,0.9571788413098237,,,8.011518106720535,0.011518106720535215,,
bridge,bridge,s9182111_g8_n0.5_b0_r0.25,9182111,8,0.5,old_spatial36,OK,2.616205179001554,0,0.25,,True,0.029806209063259384,0.03223726699839409,0.1055884466751637,1.0,2,0.0,8.013094625310476,0.013094625310476005,7.941246555163704,0.058753444836296076
bridge,bridge,s9182111_g8_n0.5_b0_r0.25,9182111,8,0.5,retained_half,OK,2.616208473002189,0,0.25,L,True,0.029806206602561718,0.03223726421503549,0.10558844627862583,1.0,2,0.0,8.013094629378266,0.013094629378265665,7.9412465737976925,0.0587534262023075
bridge,bridge,s9182111_g8_n0.5_b0_r0.25,9182111,8,0.5,retained_map,OK,2.6162075379979797,0,0.25,L,True,0.029806206602561718,0.03223726421503549,0.10558844627862583,1.0,2,0.0,8.013094629378266,0.013094629378265665,7.9412465737976925,0.0587534262023075
bridge,bridge,s9182111_g8_n0.5_b0_r0.25,9182111,8,0.5,retained_mean,OK,2.616209494000941,0,0.25,L,True,0.029806206602561718,0.03223726421503549,0.10558844627862583,1.0,2,0.0,8.013094629378266,0.013094629378265665,7.9412465737976925,0.0587534262023075
bridge,bridge,s9182111_g8_n0.5_b0_r0.25,9182111,8,0.5,v17_map,OK,2.616206464001152,0,0.25,,True,0.029806206602561718,0.03223726421503549,0.10558844627862583,1.0,2,0.0,8.013094629378266,0.013094629378265665,7.9412465737976925,0.0587534262023075
bridge,bridge,s9182111_g8_n0.5_b0_r1.0,9182111,8,0.5,identity,OK,2.445921348997217,0,1.0,,True,0.3921738979268538,0.3917059571115963,0.4931039815686039,0.96484375,,,7.993125134106149,0.006874865893850668,,
bridge,bridge,s9182111_g8_n0.5_b0_r1.0,9182111,8,0.5,old_spatial36,OK,2.4459259680006653,0,1.0,,True,0.026123637250629977,0.025709765500235352,0.07155128546631255,0.9986979166666666,2,0.0,7.997719363556243,0.002280636443757089,7.988573218109118,0.011426781890881976
bridge,bridge,s9182111_g8_n0.5_b0_r1.0,9182111,8,0.5,retained_half,OK,2.4459285579941934,0,1.0,L,True,0.026123670272326125,0.025709798209458616,0.07155129907587328,0.9986979166666666,2,0.0,7.997719353486614,0.0022806465133857756,7.9885732026978795,0.011426797302120484
bridge,bridge,s9182111_g8_n0.5_b0_r1.0,9182111,8,0.5,retained_map,OK,2.44592775899946,0,1.0,L,True,0.026123670272326125,0.025709798209458616,0.07155129907587328,0.9986979166666666,2,0.0,7.997719353486614,0.0022806465133857756,7.9885732026978795,0.011426797302120484
bridge,bridge,s9182111_g8_n0.5_b0_r1.0,9182111,8,0.5,retained_mean,OK,2.445929255998635,0,1.0,L,True,0.026123670272326125,0.025709798209458616,0.07155129907587328,0.9986979166666666,2,0.0,7.997719353486614,0.0022806465133857756,7.9885732026978795,0.011426797302120484
bridge,bridge,s9182111_g8_n0.5_b0_r1.0,9182111,8,0.5,v17_map,OK,2.445926968001004,0,1.0,,True,0.026123670272326125,0.025709798209458616,0.07155129907587328,0.9986979166666666,2,0.0,7.997719353486614,0.0022806465133857756,7.9885732026978795,0.011426797302120484
bridge,bridge,s9182111_g8_n0.5_b4_r0.25,9182111,8,0.5,identity,OK,1.6072157259986852,4,0.25,,True,3.2941009702144664,3.417568549816005,4.061120874237467,0.13350125944584382,,,8.319443462053933,0.3194434620539326,,
bridge,bridge,s9182111_g8_n0.5_b4_r0.25,9182111,8,0.5,old_spatial36,OK,1.6072206829994684,4,0.25,,True,0.15219011247177627,0.2034152007417451,0.7661155624814732,0.964735516372796,2,0.0,8.097331045210364,0.09733104521036395,7.941262661506465,0.05873733849353524
bridge,bridge,s9182111_g8_n0.5_b4_r0.25,9182111,8,0.5,retained_half,OK,1.6072239040004206,4,0.25,L,True,0.1521901114939473,0.20341519691589102,0.7661155624443692,0.964735516372796,2,0.0,8.097331028704293,0.09733102870429278,7.941262658734713,0.05873734126528696
bridge,bridge,s9182111_g8_n0.5_b4_r0.25,9182111,8,0.5,retained_map,OK,1.6072230249992572,4,0.25,L,True,0.1521901114939473,0.20341519691589102,0.7661155624443692,0.964735516372796,2,0.0,8.097331028704293,0.09733102870429278,7.941262658734713,0.05873734126528696
bridge,bridge,s9182111_g8_n0.5_b4_r0.25,9182111,8,0.5,retained_mean,OK,1.6072246609983267,4,0.25,L,True,0.1521901114939473,0.20341519691589102,0.7661155624443692,0.964735516372796,2,0.0,8.097331028704293,0.09733102870429278,7.941262658734713,0.05873734126528696
bridge,bridge,s9182111_g8_n0.5_b4_r0.25,9182111,8,0.5,v17_map,OK,1.6072219199995743,4,0.25,,True,0.1521901114939473,0.20341519691589102,0.7661155624443692,0.964735516372796,2,0.0,8.097331028704293,0.09733102870429278,7.941262658734713,0.05873734126528696
bridge,bridge,s9182111_g8_n0.5_b4_r1.0,9182111,8,0.5,identity,OK,2.4058998730033636,4,1.0,,True,3.14940335057136,3.469649331792321,4.043409288351123,0.14192708333333334,,,8.065308838044047,0.06530883804404652,,
bridge,bridge,s9182111_g8_n0.5_b4_r1.0,9182111,8,0.5,old_spatial36,OK,2.405904838000424,4,1.0,,True,0.07346592627672865,0.09240616304761443,0.5704289946319702,0.984375,2,0.0,8.017110398141114,0.017110398141113592,7.988549039891313,0.011450960108686736
bridge,bridge,s9182111_g8_n0.5_b4_r1.0,9182111,8,0.5,retained_half,OK,2.4059072630043374,4,1.0,L,True,0.07346582785678052,0.09240606873382483,0.5704289901089981,0.984375,2,0.0,8.017110280771265,0.01711028077126464,7.988549086274993,0.011450913725006728
bridge,bridge,s9182111_g8_n0.5_b4_r1.0,9182111,8,0.5,retained_map,OK,2.405906509004126,4,1.0,L,True,0.07346582785678052,0.09240606873382483,0.5704289901089981,0.984375,2,0.0,8.017110280771265,0.01711028077126464,7.988549086274993,0.011450913725006728
bridge,bridge,s9182111_g8_n0.5_b4_r1.0,9182111,8,0.5,retained_mean,OK,2.4059079690050567,4,1.0,L,True,0.07346582785678052,0.09240606873382483,0.5704289901089981,0.984375,2,0.0,8.017110280771265,0.01711028077126464,7.988549086274993,0.011450913725006728
bridge,bridge,s9182111_g8_n0.5_b4_r1.0,9182111,8,0.5,v17_map,OK,2.4059057100021164,4,1.0,,True,0.07346582785678052,0.09240606873382483,0.5704289901089981,0.984375,2,0.0,8.017110280771265,0.01711028077126464,7.988549086274993,0.011450913725006728
bridge,bridge,s9182111_g8_n1.0_b0_r0.25,9182111,8,1.0,identity,OK,2.865283453000302,0,0.25,,True,0.7897834047416245,0.7947591931156575,0.9991887400013276,0.7178841309823678,,,8.023036213441072,0.023036213441072206,,
bridge,bridge,s9182111_g8_n1.0_b0_r0.25,9182111,8,1.0,old_spatial36,OK,2.8652888249998796,0,0.25,,True,0.0689096059159147,0.062268666027766005,0.26326461360663267,0.9773299748110831,2,0.0,7.9787723762998475,0.02122762370015252,7.993498999566022,0.006501000433978277
bridge,bridge,s9182111_g8_n1.0_b0_r0.25,9182111,8,1.0,retained_half,OK,2.865292305999901,0,0.25,L,True,0.0689096113299431,0.06226867235342717,0.2632646147024478,0.9773299748110831,2,2.499145600882375e-10,7.978772402347273,0.02122759765272697,7.993499025196167,0.006500974803833159
bridge,bridge,s9182111_g8_n1.0_b0_r0.25,9182111,8,1.0,retained_map,OK,2.865291031994275,0,0.25,L,True,0.0689096114333337,0.06226867238138746,0.26326461471349305,0.9773299748110831,2,0.0,7.978772402804715,0.021227597195284886,7.993499025196167,0.006500974803833159
bridge,bridge,s9182111_g8_n1.0_b0_r0.25,9182111,8,1.0,retained_mean,OK,2.86529329699988,0,0.25,L,True,0.06890961122655248,0.062268672325466824,0.26326461469140255,0.9773299748110831,2,4.998291023654353e-10,7.97877240188983,0.021227598110169943,7.993499025196167,0.006500974803833159
bridge,bridge,s9182111_g8_n1.0_b0_r0.25,9182111,8,1.0,v17_map,OK,2.865289991001191,0,0.25,,True,0.0689096114333337,0.06226867238138746,0.26326461471349305,0.9773299748110831,2,0.0,7.978772402804715,0.021227597195284886,7.993499025196167,0.006500974803833159
bridge,bridge,s9182111_g8_n1.0_b0_r1.0,9182111,8,1.0,identity,OK,3.856808299002296,0,1.0,,True,0.7843477958537077,0.7834119142231927,0.9862079631372077,0.7239583333333334,,,7.9862502682122996,0.013749731787700448,,
bridge,bridge,s9182111_g8_n1.0_b0_r1.0,9182111,8,1.0,old_spatial36,OK,3.856814339000266,0,1.0,,True,0.05388048783702424,0.050611520972172,0.13758426948869965,0.9947916666666666,2,0.0,7.99117027772283,0.008829722277170049,7.970563993132336,0.029436006867664233
bridge,bridge,s9182111_g8_n1.0_b0_r1.0,9182111,8,1.0,retained_half,OK,3.8568179799985955,0,1.0,L,True,0.053880507515640545,0.0506115396670178,0.1375842781640064,0.9947916666666666,2,1.8521764113481874e-09,7.99117025950769,0.008829740492309668,7.97056401001971,0.029435989980290067
bridge,bridge,s9182111_g8_n1.0_b0_r1.0,9182111,8,1.0,retained_map,OK,3.856816924002487,0,1.0,L,True,0.05388050577584643,0.05061153816408683,0.13758427748888916,0.9947916666666666,2,0.0,7.9911702627167145,0.00882973728328551,7.97056401001971,0.029435989980290067
bridge,bridge,s9182111_g8_n1.0_b0_r1.0,9182111,8,1.0,retained_mean,OK,3.8568189029974747,0,1.0,L,True,0.05388050925543464,0.05061154116994876,0.13758427883913096,0.9947916666666666,2,3.7043528238790255e-09,7.991170256298665,0.008829743701334714,7.97056401001971,0.029435989980290067
bridge,bridge,s9182111_g8_n1.0_b0_r1.0,9182111,8,1.0,v17_map,OK,3.8568158359994413,0,1.0,,True,0.05388050577584643,0.05061153816408683,0.13758427748888916,0.9947916666666666,2,0.0,7.9911702627167145,0.00882973728328551,7.97056401001971,0.029435989980290067
bridge,bridge,s9182111_g8_n1.0_b4_r0.25,9182111,8,1.0,identity,OK,1.7881423080034438,4,0.25,,True,3.3586052595837437,3.497140403395473,4.189429474988364,0.16624685138539042,,,8.330961568774468,0.3309615687744678,,
bridge,bridge,s9182111_g8_n1.0_b4_r0.25,9182111,8,1.0,old_spatial36,OK,1.7881462330042268,4,0.25,,True,0.2620331023134668,0.22433389244520802,1.0347962052298434,0.9496221662468514,2,0.0,8.096493130326307,0.0964931303263068,7.981475806732464,0.018524193267536404
bridge,bridge,s9182111_g8_n1.0_b4_r0.25,9182111,8,1.0,retained_half,OK,1.7881490630024928,4,0.25,L,True,0.2620331310609658,0.22433392243929784,1.0347962065963683,0.9496221662468514,2,3.3232317991781883e-10,8.096493137551075,0.09649313755107514,7.981475746039795,0.018524253960205073
bridge,bridge,s9182111_g8_n1.0_b4_r0.25,9182111,8,1.0,retained_map,OK,1.7881483490054961,4,0.25,L,True,0.26203313088035063,0.22433392235690777,1.0347962065894178,0.9496221662468514,2,0.0,8.096493138120353,0.0964931381203531,7.981475746039795,0.018524253960205073
bridge,bridge,s9182111_g8_n1.0_b4_r0.25,9182111,8,1.0,retained_mean,OK,1.7881497100024717,4,0.25,L,True,0.262033131241581,0.22433392252168782,1.0347962066033187,0.9496221662468514,2,6.646463693348601e-10,8.096493136981799,0.09649313698179895,7.981475746039795,0.018524253960205073
bridge,bridge,s9182111_g8_n1.0_b4_r0.25,9182111,8,1.0,v17_map,OK,1.7881475540052634,4,0.25,,True,0.26203313088035063,0.22433392235690777,1.0347962065894178,0.9496221662468514,2,0.0,8.096493138120353,0.0964931381203531,7.981475746039795,0.018524253960205073
bridge,bridge,s9182111_g8_n1.0_b4_r1.0,9182111,8,1.0,identity,OK,2.4468533100007335,4,1.0,,True,3.195469127785632,3.527399199256557,4.145433682924608,0.17838541666666666,,,8.058433972150196,0.058433972150195856,,
bridge,bridge,s9182111_g8_n1.0_b4_r1.0,9182111,8,1.0,old_spatial36,OK,2.4468582359986613,4,1.0,,True,0.10057008664335898,0.0942060555070521,0.5621391618270078,0.9856770833333334,2,0.0,8.020009237973996,0.020009237973996008,7.972275026831811,0.027724973168188782
bridge,bridge,s9182111_g8_n1.0_b4_r1.0,9182111,8,1.0,retained_half,OK,2.4468609249961446,4,1.0,L,True,0.10057005966815968,0.09420606381051276,0.5621391588259349,0.9856770833333334,2,1.4941034395170937e-09,8.020009797488758,0.02000979748875764,7.9722759788877235,0.027724021112276453
bridge,bridge,s9182111_g8_n1.0_b4_r1.0,9182111,8,1.0,retained_map,OK,2.4468599440006074,4,1.0,L,True,0.10057005826587649,0.09420606256666256,0.5621391586929042,0.9856770833333334,2,0.0,8.020009800148921,0.020009800148921286,7.9722759788877235,0.027724021112276453
bridge,bridge,s9182111_g8_n1.0_b4_r1.0,9182111,8,1.0,retained_mean,OK,2.4468621240012,4,1.0,L,True,0.1005700610704429,0.09420606505436294,0.5621391589589665,0.9856770833333334,2,2.9882068937976585e-09,8.020009794828596,0.020009794828595773,7.9722759788877235,0.027724021112276453
bridge,bridge,s9182111_g8_n1.0_b4_r1.0,9182111,8,1.0,v17_map,OK,2.446859094001411,4,1.0,,True,0.10057005826587649,0.09420606256666256,0.5621391586929042,0.9856770833333334,2,0.0,8.020009800148921,0.020009800148921286,7.9722759788877235,0.027724021112276453
bridge,bridge,s9182111_g8_n2.0_b0_r0.25,9182111,8,2.0,identity,OK,1.8951751500062528,0,0.25,,True,1.5691507551908803,1.589518386231315,1.9983774800026552,0.4332493702770781,,,8.046072426882144,0.04607242688214441,,
bridge,bridge,s9182111_g8_n2.0_b0_r0.25,9182111,8,2.0,old_spatial36,OK,1.8951790210048785,0,0.25,,True,0.07313701185595407,0.08253505902806478,0.2313638270233285,0.9949622166246851,2,0.0,8.060467564521645,0.06046756452164459,7.8461165141311655,0.1538834858688345
bridge,bridge,s9182111_g8_n2.0_b0_r0.25,9182111,8,2.0,retained_half,OK,1.8951819670037366,0,0.25,L,True,0.08191990001385431,0.11374391784059609,0.4031617371454447,0.9949622166246851,2,0.007076380991044702,8.010305615597204,0.01030561559720411,7.847810385143241,0.1521896148567592
bridge,bridge,s9182111_g8_n2.0_b0_r0.25,9182111,8,2.0,retained_map,OK,1.8951811930019176,0,0.25,L,True,0.07569111153824513,0.11523993597110187,0.45860261914934325,0.9949622166246851,2,0.0,8.008591115102316,0.008591115102316138,7.847810385143241,0.1521896148567592
bridge,bridge,s9182111_g8_n2.0_b0_r0.25,9182111,8,2.0,retained_mean,OK,1.8951826260017697,0,0.25,L,True,0.08854159501083575,0.11254016417885804,0.35296243500516755,0.9949622166246851,2,0.014152761982089437,8.01202011609209,0.012020116092090305,7.847810385143241,0.1521896148567592
bridge,bridge,s9182111_g8_n2.0_b0_r0.25,9182111,8,2.0,v17_map,OK,1.8951800480062957,0,0.25,,True,0.07569111153824513,0.11523993597110187,0.45860261914934325,0.9949622166246851,2,0.0,8.008591115102316,0.008591115102316138,7.847810385143241,0.1521896148567592
bridge,bridge,s9182111_g8_n2.0_b0_r1.0,9182111,8,2.0,identity,OK,2.8354724919990986,0,1.0,,True,1.5617715159704586,1.5668238284463853,1.9724159262744156,0.4361979166666667,,,7.972500536424598,0.027499463575401784,,
bridge,bridge,s9182111_g8_n2.0_b0_r1.0,9182111,8,2.0,old_spatial36,OK,2.8354768110002624,0,1.0,,True,0.12005533634206533,0.1150708571301566,0.3417895840408499,0.9869791666666666,2,0.0,7.9273615535210835,0.07263844647891649,7.929174504525807,0.07082549547419337
bridge,bridge,s9182111_g8_n2.0_b0_r1.0,9182111,8,2.0,retained_half,OK,2.83547982199525,0,1.0,L,True,0.12443608699180171,0.11884428781880738,0.3497618552954297,0.9856770833333334,2,0.006184420882329537,7.914859191791887,0.08514080820811287,7.921943133916861,0.07805686608313867
bridge,bridge,s9182111_g8_n2.0_b0_r1.0,9182111,8,2.0,retained_map,OK,2.8354788270007703,0,1.0,L,True,0.11904147215633228,0.11394530467924784,0.34146393732047103,0.9869791666666666,2,0.0,7.92632524998955,0.07367475001044976,7.921943133916861,0.07805686608313867
bridge,bridge,s9182111_g8_n2.0_b0_r1.0,9182111,8,2.0,retained_mean,OK,2.8354805310009397,0,1.0,L,True,0.13006439101024067,0.12407737594940832,0.3698106765670898,0.9830729166666666,2,0.012368841764659086,7.903393133594221,0.09660686640577865,7.921943133916861,0.07805686608313867
bridge,bridge,s9182111_g8_n2.0_b0_r1.0,9182111,8,2.0,v17_map,OK,2.835477697997703,0,1.0,,True,0.11904147215633228,0.11394530467924784,0.34146393732047103,0.9869791666666666,2,0.0,7.92632524998955,0.07367475001044976,7.921943133916861,0.07805686608313867
bridge,bridge,s9182111_g8_n2.0_b4_r0.25,9182111,8,2.0,identity,OK,2.748895430995617,4,0.25,,True,3.6288412073632847,3.8083474295610924,4.600665133933074,0.1712846347607053,,,8.35399778221554,0.35399778221554,,
bridge,bridge,s9182111_g8_n2.0_b4_r0.25,9182111,8,2.0,old_spatial36,OK,2.74890119999327,4,0.25,,True,0.08318051744086855,0.09900725988958603,0.36374419579810036,0.9949622166246851,2,0.0,8.089783085971849,0.08978308597184892,7.847283518150438,0.15271648184956188
bridge,bridge,s9182111_g8_n2.0_b4_r0.25,9182111,8,2.0,retained_half,OK,2.7489044289977755,4,0.25,L,True,0.09594752990483808,0.13401980358834448,0.4899456153223218,0.9949622166246851,2,0.007094381323923023,8.039703927893678,0.039703927893677715,7.84901458377271,0.15098541622729034
bridge,bridge,s9182111_g8_n2.0_b4_r0.25,9182111,8,2.0,retained_map,OK,2.74890343399602,4,0.25,L,True,0.08915342552819457,0.13519970940445578,0.5364022411411269,0.9949622166246851,2,0.0,8.037934075280154,0.03793407528015358,7.84901458377271,0.15098541622729034
bridge,bridge,s9182111_g8_n2.0_b4_r0.25,9182111,8,2.0,retained_mean,OK,2.7489054139950895,4,0.25,L,True,0.10281252760307723,0.13292791795868653,0.44976495084359314,0.9949622166246851,2,0.014188762647845982,8.041473780507202,0.04147378050720185,7.84901458377271,0.15098541622729034
bridge,bridge,s9182111_g8_n2.0_b4_r0.25,9182111,8,2.0,v17_map,OK,2.7489025379982195,4,0.25,,True,0.08915342552819457,0.13519970940445578,0.5364022411411269,0.9949622166246851,2,0.0,8.037934075280154,0.03793407528015358,7.84901458377271,0.15098541622729034
bridge,bridge,s9182111_g8_n2.0_b4_r1.0,9182111,8,2.0,identity,OK,4.376395115999912,4,1.0,,True,3.4399146808266496,3.782414434240332,4.5071557696802795,0.16276041666666666,,,8.044684240362495,0.04468424036249452,,
bridge,bridge,s9182111_g8_n2.0_b4_r1.0,9182111,8,2.0,old_spatial36,OK,4.376400654000463,4,1.0,,True,0.15099275230666523,0.15388125592873012,0.6516596856853907,0.9752604166666666,2,0.0,7.952927232287837,0.04707276771216318,7.929871939357467,0.07012806064253319
bridge,bridge,s9182111_g8_n2.0_b4_r1.0,9182111,8,2.0,retained_half,OK,4.3764042319962755,4,1.0,L,True,0.15540594832236967,0.15768138346877808,0.6559343202222505,0.9739583333333334,2,0.006215831113709256,7.940383601937245,0.059616398062755316,7.922621708685803,0.07737829131419716
bridge,bridge,s9182111_g8_n2.0_b4_r1.0,9182111,8,2.0,retained_map,OK,4.376402911999321,4,1.0,L,True,0.14998232173432371,0.15275798530736392,0.6514904143271826,0.9752604166666666,2,0.0,7.951901280117007,0.048098719882992746,7.922621708685803,0.07737829131419716
bridge,bridge,s9182111_g8_n2.0_b4_r1.0,9182111,8,2.0,retained_mean,OK,4.37640525399911,4,1.0,L,True,0.16106661448530693,0.16294316249865204,0.6670052417643832,0.9713541666666666,2,0.012431662227418493,7.928865923757482,0.07113407624251789,7.922621708685803,0.07737829131419716
bridge,bridge,s9182111_g8_n2.0_b4_r1.0,9182111,8,2.0,v17_map,OK,4.376401813999109,4,1.0,,True,0.14998232173432371,0.15275798530736392,0.6514904143271826,0.9752604166666666,2,0.0,7.951901280117007,0.048098719882992746,7.922621708685803,0.07737829131419716
bridge,bridge,s9182121_g0_n0.5_b0_r0.25,9182121,0,0.5,identity,OK,1.0170602270009113,0,0.25,,False,0.37079357746948743,0.37079357746948743,0.4712025689966561,0.9560975609756097,,,,,,
bridge,bridge,s9182121_g0_n0.5_b0_r0.25,9182121,0,0.5,old_spatial36,OK,1.017064844003471,0,0.25,,False,0.08944789670345081,0.08944789670345081,0.10172507770419507,1.0,1,3.901001984564437e-18,,,,
bridge,bridge,s9182121_g0_n0.5_b0_r0.25,9182121,0,0.5,retained_half,OK,1.0170671090018004,0,0.25,S,False,0.08944789670345081,0.08944789670345081,0.10172507770419507,1.0,1,0.0,,,,
bridge,bridge,s9182121_g0_n0.5_b0_r0.25,9182121,0,0.5,retained_map,OK,1.017066464999516,0,0.25,S,False,0.08944789670345081,0.08944789670345081,0.10172507770419507,1.0,1,0.0,,,,
bridge,bridge,s9182121_g0_n0.5_b0_r0.25,9182121,0,0.5,retained_mean,OK,1.0170677330024773,0,0.25,S,False,0.08944789670345081,0.08944789670345081,0.10172507770419507,1.0,1,0.0,,,,
bridge,bridge,s9182121_g0_n0.5_b0_r0.25,9182121,0,0.5,v17_map,OK,1.017065760002879,0,0.25,,False,0.08944789670345081,0.08944789670345081,0.10172507770419507,1.0,1,3.901001984564437e-18,,,,
bridge,bridge,s9182121_g0_n0.5_b0_r1.0,9182121,0,0.5,identity,OK,3.190404948996729,0,1.0,,False,0.40277345167906836,0.40277345167906836,0.5104014491590031,0.953125,,,,,,
bridge,bridge,s9182121_g0_n0.5_b0_r1.0,9182121,0,0.5,old_spatial36,OK,3.19040898700041,0,1.0,,False,0.04255883422543969,0.04255883422543969,0.051449136403611255,1.0,1,4.699276138281725e-18,,,,
bridge,bridge,s9182121_g0_n0.5_b0_r1.0,9182121,0,0.5,retained_half,OK,3.190411468996899,0,1.0,S,False,0.04255883422543969,0.04255883422543969,0.05144913640361125,1.0,1,0.0,,,,
bridge,bridge,s9182121_g0_n0.5_b0_r1.0,9182121,0,0.5,retained_map,OK,3.190410721996159,0,1.0,S,False,0.04255883422543969,0.04255883422543969,0.05144913640361125,1.0,1,0.0,,,,
bridge,bridge,s9182121_g0_n0.5_b0_r1.0,9182121,0,0.5,retained_mean,OK,3.1904122329942766,0,1.0,S,False,0.04255883422543969,0.04255883422543969,0.05144913640361125,1.0,1,0.0,,,,
bridge,bridge,s9182121_g0_n0.5_b0_r1.0,9182121,0,0.5,v17_map,OK,3.190409874994657,0,1.0,,False,0.04255883422543969,0.04255883422543969,0.051449136403611255,1.0,1,4.699276138281725e-18,,,,
bridge,bridge,s9182121_g0_n0.5_b4_r0.25,9182121,0,0.5,identity,OK,0.9640847010014113,4,0.25,,False,3.4996526308957994,3.4996526308957994,4.036946854090877,0.07804878048780488,,,,,,
bridge,bridge,s9182121_g0_n0.5_b4_r0.25,9182121,0,0.5,old_spatial36,OK,0.9640888900030404,4,0.25,,False,0.30288904192807375,0.30288904192807375,0.3194814781688204,1.0,1,4.759899384913838e-18,,,,
bridge,bridge,s9182121_g0_n0.5_b4_r0.25,9182121,0,0.5,retained_half,OK,0.964091529000143,4,0.25,S,False,0.30288904192807375,0.30288904192807375,0.3194814781688204,1.0,1,0.0,,,,
bridge,bridge,s9182121_g0_n0.5_b4_r0.25,9182121,0,0.5,retained_map,OK,0.9640908549990854,4,0.25,S,False,0.30288904192807375,0.30288904192807375,0.3194814781688204,1.0,1,0.0,,,,
bridge,bridge,s9182121_g0_n0.5_b4_r0.25,9182121,0,0.5,retained_mean,OK,0.9640921429963782,4,0.25,S,False,0.30288904192807375,0.30288904192807375,0.3194814781688204,1.0,1,0.0,,,,
bridge,bridge,s9182121_g0_n0.5_b4_r0.25,9182121,0,0.5,v17_map,OK,0.9640897319986834,4,0.25,,False,0.30288904192807375,0.30288904192807375,0.3194814781688204,1.0,1,4.759899384913838e-18,,,,
bridge,bridge,s9182121_g0_n0.5_b4_r1.0,9182121,0,0.5,identity,OK,5.288438482006313,4,1.0,,False,3.523025240139022,3.523025240139022,4.040752327422516,0.08723958333333333,,,,,,
bridge,bridge,s9182121_g0_n0.5_b4_r1.0,9182121,0,0.5,old_spatial36,OK,5.28844395300257,4,1.0,,False,0.042558985878554334,0.042558985878554334,0.05225069251682213,1.0,1,6.1652389937183965e-18,,,,
bridge,bridge,s9182121_g0_n0.5_b4_r1.0,9182121,0,0.5,retained_half,OK,5.288447407001513,4,1.0,S,False,0.042558985878554334,0.042558985878554334,0.05225069251682212,1.0,1,0.0,,,,
bridge,bridge,s9182121_g0_n0.5_b4_r1.0,9182121,0,0.5,retained_map,OK,5.288446372003818,4,1.0,S,False,0.042558985878554334,0.042558985878554334,0.05225069251682212,1.0,1,0.0,,,,
bridge,bridge,s9182121_g0_n0.5_b4_r1.0,9182121,0,0.5,retained_mean,OK,5.288448455001344,4,1.0,S,False,0.042558985878554334,0.042558985878554334,0.05225069251682212,1.0,1,0.0,,,,
bridge,bridge,s9182121_g0_n0.5_b4_r1.0,9182121,0,0.5,v17_map,OK,5.288445229001809,4,1.0,,False,0.04255898587855433,0.04255898587855433,0.05225069251682212,1.0,1,6.1652389937183965e-18,,,,
bridge,bridge,s9182121_g0_n1.0_b0_r0.25,9182121,0,1.0,identity,OK,1.6196443889930379,0,0.25,,False,0.7415871549389749,0.7415871549389749,0.9424051379933122,0.7268292682926829,,,,,,
bridge,bridge,s9182121_g0_n1.0_b0_r0.25,9182121,0,1.0,old_spatial36,OK,1.6196495569965919,0,0.25,,False,0.17894003874792702,0.17894003874792702,0.2035614881078446,1.0,1,7.861175919698686e-18,,,,
bridge,bridge,s9182121_g0_n1.0_b0_r0.25,9182121,0,1.0,retained_half,OK,1.6196526379935676,0,0.25,S,False,0.17894003874792702,0.17894003874792702,0.2035614881078446,1.0,1,0.0,,,,
bridge,bridge,s9182121_g0_n1.0_b0_r0.25,9182121,0,1.0,retained_map,OK,1.6196516739946674,0,0.25,S,False,0.17894003874792702,0.17894003874792702,0.2035614881078446,1.0,1,0.0,,,,
bridge,bridge,s9182121_g0_n1.0_b0_r0.25,9182121,0,1.0,retained_mean,OK,1.6196536149946041,0,0.25,S,False,0.17894003874792702,0.17894003874792702,0.2035614881078446,1.0,1,0.0,,,,
bridge,bridge,s9182121_g0_n1.0_b0_r0.25,9182121,0,1.0,v17_map,OK,1.6196507059939904,0,0.25,,False,0.17894003874792702,0.17894003874792702,0.2035614881078446,1.0,1,7.861175919698686e-18,,,,
bridge,bridge,s9182121_g0_n1.0_b0_r1.0,9182121,0,1.0,identity,OK,3.31784456299647,0,1.0,,False,0.8055469033581367,0.8055469033581367,1.0208028983180062,0.7174479166666666,,,,,,
bridge,bridge,s9182121_g0_n1.0_b0_r1.0,9182121,0,1.0,old_spatial36,OK,3.3178487309996854,0,1.0,,False,0.08506375852691517,0.08506375852691517,0.1029067127627232,1.0,1,8.01951889842872e-18,,,,
bridge,bridge,s9182121_g0_n1.0_b0_r1.0,9182121,0,1.0,retained_half,OK,3.3178509380013566,0,1.0,S,False,0.08506375852691517,0.08506375852691517,0.1029067127627232,1.0,1,0.0,,,,
bridge,bridge,s9182121_g0_n1.0_b0_r1.0,9182121,0,1.0,retained_map,OK,3.3178502279988606,0,1.0,S,False,0.08506375852691517,0.08506375852691517,0.1029067127627232,1.0,1,0.0,,,,
bridge,bridge,s9182121_g0_n1.0_b0_r1.0,9182121,0,1.0,retained_mean,OK,3.3178516309999395,0,1.0,S,False,0.08506375852691517,0.08506375852691517,0.1029067127627232,1.0,1,0.0,,,,
bridge,bridge,s9182121_g0_n1.0_b0_r1.0,9182121,0,1.0,v17_map,OK,3.3178495280008065,0,1.0,,False,0.08506375852691517,0.08506375852691517,0.1029067127627232,1.0,1,8.01951889842872e-18,,,,
bridge,bridge,s9182121_g0_n1.0_b4_r0.25,9182121,0,1.0,identity,OK,1.5927704559944686,4,0.25,,False,3.5503160301338106,3.5503160301338106,4.142696508126153,0.0975609756097561,,,,,,
bridge,bridge,s9182121_g0_n1.0_b4_r0.25,9182121,0,1.0,old_spatial36,OK,1.5927756300006877,4,0.25,,False,0.29249169445208956,0.29249169445208956,0.3539863389885883,1.0,1,8.061090058907057e-18,,,,
bridge,bridge,s9182121_g0_n1.0_b4_r0.25,9182121,0,1.0,retained_half,OK,1.5927788259941735,4,0.25,S,False,0.29249169445208945,0.29249169445208945,0.35398633898858817,1.0,1,0.0,,,,
bridge,bridge,s9182121_g0_n1.0_b4_r0.25,9182121,0,1.0,retained_map,OK,1.5927777389952098,4,0.25,S,False,0.29249169445208945,0.29249169445208945,0.35398633898858817,1.0,1,0.0,,,,
bridge,bridge,s9182121_g0_n1.0_b4_r0.25,9182121,0,1.0,retained_mean,OK,1.5927798810007516,4,0.25,S,False,0.29249169445208945,0.29249169445208945,0.35398633898858817,1.0,1,0.0,,,,
bridge,bridge,s9182121_g0_n1.0_b4_r0.25,9182121,0,1.0,v17_map,OK,1.5927767209941521,4,0.25,,False,0.29249169445208945,0.29249169445208945,0.35398633898858817,1.0,1,8.061090058907057e-18,,,,
bridge,bridge,s9182121_g0_n1.0_b4_r1.0,9182121,0,1.0,identity,OK,3.2135415520024253,4,1.0,,False,3.5705810609742965,3.5705810609742965,4.144439409829534,0.12109375,,,,,,
bridge,bridge,s9182121_g0_n1.0_b4_r1.0,9182121,0,1.0,old_spatial36,OK,3.213545847000205,4,1.0,,False,0.08506567570631667,0.08506567570631667,0.10455638693375391,1.0,1,1.131976377799365e-17,,,,
bridge,bridge,s9182121_g0_n1.0_b4_r1.0,9182121,0,1.0,retained_half,OK,3.213548280997202,4,1.0,S,False,0.08506567570631667,0.08506567570631667,0.10455638693375391,1.0,1,0.0,,,,
bridge,bridge,s9182121_g0_n1.0_b4_r1.0,9182121,0,1.0,retained_map,OK,3.2135475530012627,4,1.0,S,False,0.08506567570631667,0.08506567570631667,0.10455638693375391,1.0,1,0.0,,,,
bridge,bridge,s9182121_g0_n1.0_b4_r1.0,9182121,0,1.0,retained_mean,OK,3.213548924999486,4,1.0,S,False,0.08506567570631667,0.08506567570631667,0.10455638693375391,1.0,1,0.0,,,,
bridge,bridge,s9182121_g0_n1.0_b4_r1.0,9182121,0,1.0,v17_map,OK,3.2135467560001416,4,1.0,,False,0.08506567570631667,0.08506567570631667,0.1045563869337539,1.0,1,1.131976377799365e-17,,,,
bridge,bridge,s9182121_g0_n2.0_b0_r0.25,9182121,0,2.0,identity,OK,0.9562293839990161,0,0.25,,False,1.4831743098779497,1.4831743098779497,1.8848102759866243,0.44878048780487806,,,,,,
bridge,bridge,s9182121_g0_n2.0_b0_r0.25,9182121,0,2.0,old_spatial36,OK,0.9562349339976208,0,0.25,,False,0.3584839306859535,0.3584839306859535,0.4082874549053624,1.0,1,1.5205742563955155e-17,,,,
bridge,bridge,s9182121_g0_n2.0_b0_r0.25,9182121,0,2.0,retained_half,OK,0.9562380770003074,0,0.25,S,False,0.3584839306859535,0.3584839306859535,0.40828745490536233,1.0,1,0.0,,,,
bridge,bridge,s9182121_g0_n2.0_b0_r0.25,9182121,0,2.0,retained_map,OK,0.9562371229985729,0,0.25,S,False,0.3584839306859535,0.3584839306859535,0.40828745490536233,1.0,1,0.0,,,,
bridge,bridge,s9182121_g0_n2.0_b0_r0.25,9182121,0,2.0,retained_mean,OK,0.9562389619968599,0,0.25,S,False,0.3584839306859535,0.3584839306859535,0.40828745490536233,1.0,1,0.0,,,,
bridge,bridge,s9182121_g0_n2.0_b0_r0.25,9182121,0,2.0,v17_map,OK,0.9562361249991227,0,0.25,,False,0.3584839306859536,0.3584839306859536,0.40828745490536233,1.0,1,1.5205742563955155e-17,,,,
bridge,bridge,s9182121_g0_n2.0_b0_r1.0,9182121,0,2.0,identity,OK,5.358051300005172,0,1.0,,False,1.6110938067162734,1.6110938067162734,2.0416057966360124,0.4244791666666667,,,,,,
bridge,bridge,s9182121_g0_n2.0_b0_r1.0,9182121,0,2.0,old_spatial36,OK,5.35805634099961,0,1.0,,False,0.16960538766436242,0.16960538766436242,0.20599997396757894,1.0,1,1.656031831406286e-17,,,,
bridge,bridge,s9182121_g0_n2.0_b0_r1.0,9182121,0,2.0,retained_half,OK,5.358059839003545,0,1.0,S,False,0.16960538766436242,0.16960538766436242,0.20599997396757894,1.0,1,0.0,,,,
bridge,bridge,s9182121_g0_n2.0_b0_r1.0,9182121,0,2.0,retained_map,OK,5.358058839003206,0,1.0,S,False,0.16960538766436242,0.16960538766436242,0.20599997396757894,1.0,1,0.0,,,,
bridge,bridge,s9182121_g0_n2.0_b0_r1.0,9182121,0,2.0,retained_mean,OK,5.358060847000161,0,1.0,S,False,0.16960538766436242,0.16960538766436242,0.20599997396757894,1.0,1,0.0,,,,
bridge,bridge,s9182121_g0_n2.0_b0_r1.0,9182121,0,2.0,v17_map,OK,5.358057773999462,0,1.0,,False,0.16960538766436242,0.16960538766436242,0.20599997396757894,1.0,1,1.656031831406286e-17,,,,
bridge,bridge,s9182121_g0_n2.0_b4_r0.25,9182121,0,2.0,identity,OK,1.5140275949961506,4,0.25,,False,3.7801406516571636,3.7801406516571636,4.4971229064800635,0.11219512195121951,,,,,,
bridge,bridge,s9182121_g0_n2.0_b4_r0.25,9182121,0,2.0,old_spatial36,OK,1.5140324460007832,4,0.25,,False,0.3973685781631648,0.3973685781631648,0.4856520560700325,1.0,1,1.699539974937208e-17,,,,
bridge,bridge,s9182121_g0_n2.0_b4_r0.25,9182121,0,2.0,retained_half,OK,1.5140355990006356,4,0.25,S,False,0.3973685781631648,0.3973685781631648,0.4856520560700325,1.0,1,0.0,,,,
bridge,bridge,s9182121_g0_n2.0_b4_r0.25,9182121,0,2.0,retained_map,OK,1.5140346059997682,4,0.25,S,False,0.3973685781631648,0.3973685781631648,0.4856520560700325,1.0,1,0.0,,,,
bridge,bridge,s9182121_g0_n2.0_b4_r0.25,9182121,0,2.0,retained_mean,OK,1.51403650699649,4,0.25,S,False,0.3973685781631648,0.3973685781631648,0.4856520560700325,1.0,1,0.0,,,,
bridge,bridge,s9182121_g0_n2.0_b4_r0.25,9182121,0,2.0,v17_map,OK,1.5140336029944592,4,0.25,,False,0.3973685781631648,0.3973685781631648,0.4856520560700325,1.0,1,1.699539974937208e-17,,,,
bridge,bridge,s9182121_g0_n2.0_b4_r1.0,9182121,0,2.0,identity,OK,3.2031241029981175,4,1.0,,False,3.7859249178841132,3.7859249178841132,4.520711576502666,0.14322916666666666,,,,,,
bridge,bridge,s9182121_g0_n2.0_b4_r1.0,9182121,0,2.0,old_spatial36,OK,3.203128682995157,4,1.0,,False,0.16961846773568667,0.16961846773568667,0.2102654099975273,1.0,1,2.6711616879361734e-17,,,,
bridge,bridge,s9182121_g0_n2.0_b4_r1.0,9182121,0,2.0,retained_half,OK,3.203131050999218,4,1.0,S,False,0.16961846773568667,0.16961846773568667,0.21026540999752735,1.0,1,0.0,,,,
bridge,bridge,s9182121_g0_n2.0_b4_r1.0,9182121,0,2.0,retained_map,OK,3.2031303369949455,4,1.0,S,False,0.16961846773568667,0.16961846773568667,0.21026540999752735,1.0,1,0.0,,,,
bridge,bridge,s9182121_g0_n2.0_b4_r1.0,9182121,0,2.0,retained_mean,OK,3.203131750000466,4,1.0,S,False,0.16961846773568667,0.16961846773568667,0.21026540999752735,1.0,1,0.0,,,,
bridge,bridge,s9182121_g0_n2.0_b4_r1.0,9182121,0,2.0,v17_map,OK,3.203129616995284,4,1.0,,False,0.16961846773568667,0.16961846773568667,0.21026540999752732,1.0,1,2.6711616879361734e-17,,,,
bridge,bridge,s9182121_g2_n0.5_b0_r0.25,9182121,2,0.5,identity,OK,2.7870617320004385,0,0.25,,True,0.4156750442554586,0.39921642113520855,0.5281062691012598,0.9532710280373832,,,2.0146408693323035,0.014640869332303463,,
bridge,bridge,s9182121_g2_n0.5_b0_r0.25,9182121,2,0.5,old_spatial36,OK,2.78706772300211,0,0.25,,True,0.12718416707480146,0.11898942779375024,0.20650957534554107,0.9953271028037384,2,0.0,1.911841271188051,0.08815872881194897,2.097601973990935,0.09760197399093506
bridge,bridge,s9182121_g2_n0.5_b0_r0.25,9182121,2,0.5,retained_half,OK,2.787071147999086,0,0.25,L,True,0.12716039382762293,0.11899320705998417,0.20639995332568561,0.9953271028037384,2,0.0006275091701649279,1.9106322599825063,0.0893677400174937,2.093721677426727,0.0937216774267271
bridge,bridge,s9182121_g2_n0.5_b0_r0.25,9182121,2,0.5,retained_map,OK,2.7870701189967804,0,0.25,L,True,0.1268041399455509,0.11856597325472538,0.2062730796700077,0.9953271028037384,2,0.0,1.9117886362485488,0.08821136375145122,2.093721677426727,0.0937216774267271
bridge,bridge,s9182121_g2_n0.5_b0_r0.25,9182121,2,0.5,retained_mean,OK,2.7870720339997206,0,0.25,L,True,0.12753101393882316,0.11943119042130394,0.20666365378341797,0.9953271028037384,2,0.0012550183403298558,1.9094758837164645,0.09052411628353552,2.093721677426727,0.0937216774267271
bridge,bridge,s9182121_g2_n0.5_b0_r0.25,9182121,2,0.5,v17_map,OK,2.7870690139970975,0,0.25,,True,0.1268041399455509,0.11856597325472538,0.2062730796700077,0.9953271028037384,2,0.0,1.9117886362485488,0.08821136375145122,2.093721677426727,0.0937216774267271
bridge,bridge,s9182121_g2_n0.5_b0_r1.0,9182121,2,0.5,identity,OK,2.648685932996159,0,1.0,,True,0.3993321550155813,0.4122942154508743,0.5104014491590031,0.95703125,,,2.0131778559537175,0.013177855953717454,,
bridge,bridge,s9182121_g2_n0.5_b0_r1.0,9182121,2,0.5,old_spatial36,OK,2.6486915290006436,0,1.0,,True,0.0578595634570974,0.05804553038299423,0.09561363617326502,0.9986979166666666,2,0.0,2.014295004310276,0.01429500431027586,1.9265539193266639,0.07344608067333613
bridge,bridge,s9182121_g2_n0.5_b0_r1.0,9182121,2,0.5,retained_half,OK,2.6486941859984654,0,1.0,L,True,0.05865159194127028,0.05884559752653977,0.09760290144045958,0.9986979166666666,2,0.001792370982731666,2.0115303713575856,0.011530371357585611,1.9270652239567918,0.0729347760432082
bridge,bridge,s9182121_g2_n0.5_b0_r1.0,9182121,2,0.5,retained_map,OK,2.6486933569976827,0,1.0,L,True,0.0575848498678751,0.05784030642198708,0.09543236358474536,0.9986979166666666,2,0.0,2.015345216644274,0.015345216644274018,1.9270652239567918,0.0729347760432082
bridge,bridge,s9182121_g2_n0.5_b0_r1.0,9182121,2,0.5,retained_mean,OK,2.6486950519974926,0,1.0,L,True,0.06023782847639097,0.06054839168459805,0.10391763811225693,0.9986979166666666,2,0.0035847419654633267,2.0077155260708976,0.007715526070897649,1.9270652239567918,0.0729347760432082
bridge,bridge,s9182121_g2_n0.5_b0_r1.0,9182121,2,0.5,v17_map,OK,2.6486925089993747,0,1.0,,True,0.0575848498678751,0.05784030642198708,0.09543236358474536,0.9986979166666666,2,0.0,2.015345216644274,0.015345216644274018,1.9270652239567918,0.0729347760432082
bridge,bridge,s9182121_g2_n0.5_b4_r0.25,9182121,2,0.5,identity,OK,1.824009265001223,4,0.25,,True,3.3848398953050296,3.5240229661877898,4.045363010794436,0.0911214953271028,,,2.711111075812825,0.7111110758128252,,
bridge,bridge,s9182121_g2_n0.5_b4_r0.25,9182121,2,0.5,old_spatial36,OK,1.8240133840008639,4,0.25,,True,0.5009454210836886,0.42053276922062804,1.380859426406619,0.9042056074766355,2,0.0,1.8918188923917245,0.10818110760827548,2.0975938017235913,0.09759380172359133
bridge,bridge,s9182121_g2_n0.5_b4_r0.25,9182121,2,0.5,retained_half,OK,1.8240157870022813,4,0.25,L,True,0.5008567040062185,0.4203935902733813,1.3808465330990733,0.9042056074766355,2,0.0006273759652614932,1.8906107977369784,0.10938920226302162,2.093714718727339,0.09371471872733883
bridge,bridge,s9182121_g2_n0.5_b4_r0.25,9182121,2,0.5,retained_map,OK,1.8240151230056654,4,0.25,L,True,0.5004664231852424,0.42001510455124685,1.3808220372760724,0.9042056074766355,2,0.0,1.891766596565069,0.10823340343493104,2.093714718727339,0.09371471872733883
bridge,bridge,s9182121_g2_n0.5_b4_r0.25,9182121,2,0.5,retained_mean,OK,1.824016525002662,4,0.25,L,True,0.5012880012847597,0.42083388953015594,1.3808915148035688,0.9042056074766355,2,0.0012547519305229889,1.8894549989088887,0.11054500109111132,2.093714718727339,0.09371471872733883
bridge,bridge,s9182121_g2_n0.5_b4_r0.25,9182121,2,0.5,v17_map,OK,1.8240143690054538,4,0.25,,True,0.5004664231852424,0.42001510455124685,1.3808220372760724,0.9042056074766355,2,0.0,1.891766596565069,0.10823340343493104,2.093714718727339,0.09371471872733883
bridge,bridge,s9182121_g2_n0.5_b4_r1.0,9182121,2,0.5,identity,OK,2.577739480002492,4,1.0,,True,3.245480652436637,3.5229355030241725,4.040752327422516,0.08333333333333333,,,2.236897573267749,0.23689757326774918,,
bridge,bridge,s9182121_g2_n0.5_b4_r1.0,9182121,2,0.5,old_spatial36,OK,2.577743654997903,4,1.0,,True,0.16209303152617766,0.17120090782240605,0.8678438844060262,0.9700520833333334,2,0.0,1.999123659160841,0.0008763408391589955,1.9275369508623474,0.07246304913765256
bridge,bridge,s9182121_g2_n0.5_b4_r1.0,9182121,2,0.5,retained_half,OK,2.577746337003191,4,1.0,L,True,0.1628435288909509,0.17195252378500703,0.8680719031772113,0.9700520833333334,2,0.001810931625234708,1.996350954490674,0.0036490455093260987,1.9281786576640152,0.0718213423359848
bridge,bridge,s9182121_g2_n0.5_b4_r1.0,9182121,2,0.5,retained_map,OK,2.577745287999278,4,1.0,L,True,0.16177263728383415,0.17094905513153494,0.8678200765619357,0.9700520833333334,2,0.0,2.0001677052191154,0.00016770521911535496,1.9281786576640152,0.0718213423359848
bridge,bridge,s9182121_g2_n0.5_b4_r1.0,9182121,2,0.5,retained_mean,OK,2.5777471429973957,4,1.0,L,True,0.16443782640194382,0.1736587472185086,0.8688381589613331,0.9700520833333334,2,0.003621863250469412,1.992534203762232,0.0074657962377679965,1.9281786576640152,0.0718213423359848
bridge,bridge,s9182121_g2_n0.5_b4_r1.0,9182121,2,0.5,v17_map,OK,2.5777444790001027,4,1.0,,True,0.16177263728383415,0.17094905513153494,0.8678200765619357,0.9700520833333334,2,0.0,2.0001677052191154,0.00016770521911535496,1.9281786576640152,0.0718213423359848
bridge,bridge,s9182121_g2_n1.0_b0_r0.25,9182121,2,1.0,identity,OK,2.9916561729987734,0,0.25,,False,0.8091314950338574,0.7984328422704172,1.0562125382025196,0.6892523364485982,,,2.029281738664607,0.029281738664606927,,
bridge,bridge,s9182121_g2_n1.0_b0_r0.25,9182121,2,1.0,old_spatial36,OK,2.9916614049943746,0,0.25,,False,0.3528032668510111,0.4355024896555689,0.5009120818445185,0.9345794392523364,1,2.5283577939131362e-17,1.4620332773403946,0.5379667226596054,0.0,2.0
bridge,bridge,s9182121_g2_n1.0_b0_r0.25,9182121,2,1.0,retained_half,OK,2.9916650939994724,0,0.25,L,False,0.15651015045521569,0.1754106714050169,0.2518339127659029,0.9906542056074766,2,0.02264969249362985,1.9364332090201988,0.06356679097980122,2.166078550357679,0.16607855035767916
bridge,bridge,s9182121_g2_n1.0_b0_r0.25,9182121,2,1.0,retained_map,OK,2.9916639479997684,0,0.25,L,False,0.15348281753699589,0.17476853157843036,0.2725505089119147,0.9906542056074766,2,0.0,1.9675518652049147,0.03244813479508535,2.166078550357679,0.16607855035767916
bridge,bridge,s9182121_g2_n1.0_b0_r0.25,9182121,2,1.0,retained_mean,OK,2.9916661679963,0,0.25,L,False,0.16894778149524062,0.1832485579954991,0.24929052565237683,0.9883177570093458,2,0.04529938498725971,1.9053145528354816,0.09468544716451843,2.166078550357679,0.16607855035767916
bridge,bridge,s9182121_g2_n1.0_b0_r0.25,9182121,2,1.0,v17_map,OK,2.9916628029968706,0,0.25,,False,0.15348281753699589,0.17476853157843036,0.2725505089119147,0.9906542056074766,2,0.0,1.9675518652049147,0.03244813479508535,2.166078550357679,0.16607855035767916
bridge,bridge,s9182121_g2_n1.0_b0_r1.0,9182121,2,1.0,identity,OK,4.186451175999537,0,1.0,,True,0.7506524930393743,0.8245884309017486,1.0208028983180062,0.7122395833333334,,,2.0263557119074354,0.026355711907435353,,
bridge,bridge,s9182121_g2_n1.0_b0_r1.0,9182121,2,1.0,old_spatial36,OK,4.186456755000108,0,1.0,,True,0.11086390743751395,0.11683225130592273,0.1831589940398454,0.99609375,2,0.0,1.9999667772770018,3.322272299821627e-05,1.8388388952307726,0.1611611047692274
bridge,bridge,s9182121_g2_n1.0_b0_r1.0,9182121,2,1.0,retained_half,OK,4.186459951997676,0,1.0,L,True,0.12219817935094458,0.1261779567956422,0.1863838946117239,0.9934895833333334,2,0.018323416970567937,1.9713382629858474,0.028661737014152644,1.8348157693878626,0.16518423061213738
bridge,bridge,s9182121_g2_n1.0_b0_r1.0,9182121,2,1.0,retained_map,OK,4.186458962998586,0,1.0,L,True,0.11477088167993406,0.12202457349093884,0.19483615503162982,0.9947916666666666,2,0.0,2.0015538796274366,0.001553879627436583,1.8348157693878626,0.16518423061213738
bridge,bridge,s9182121_g2_n1.0_b0_r1.0,9182121,2,1.0,retained_mean,OK,4.186460905999411,0,1.0,L,True,0.13458172341987132,0.13730596406715107,0.19679384257288748,0.9947916666666666,2,0.03664683394113587,1.9411226463442586,0.05887735365574143,1.8348157693878626,0.16518423061213738
bridge,bridge,s9182121_g2_n1.0_b0_r1.0,9182121,2,1.0,v17_map,OK,4.186457910996978,0,1.0,,True,0.11477088167993406,0.12202457349093884,0.19483615503162982,0.9947916666666666,2,0.0,2.0015538796274366,0.001553879627436583,1.8348157693878626,0.16518423061213738
bridge,bridge,s9182121_g2_n1.0_b4_r0.25,9182121,2,1.0,identity,OK,1.8595889800053556,4,0.25,,False,3.4434803378883325,3.5803863969773646,4.1671230399981685,0.1308411214953271,,,2.7257519451451286,0.7257519451451286,,
bridge,bridge,s9182121_g2_n1.0_b4_r0.25,9182121,2,1.0,old_spatial36,OK,1.8595936700003222,4,0.25,,False,0.3706891377825289,0.43073339405460265,0.4969057667047462,0.9439252336448598,1,2.1849355362021926e-17,1.4621774645007735,0.5378225354992265,0.0,2.0
bridge,bridge,s9182121_g2_n1.0_b4_r0.25,9182121,2,1.0,retained_half,OK,1.859596139001951,4,0.25,L,False,0.14393254664211524,0.1606557975829389,0.24079074618737822,0.9906542056074766,2,0.02265986463689933,1.9365330625397401,0.06346693746025989,2.1661295224071546,0.16612952240715462
bridge,bridge,s9182121_g2_n1.0_b4_r0.25,9182121,2,1.0,retained_map,OK,1.8595953969997936,4,0.25,L,False,0.13797053233712883,0.1603209911612844,0.2596176321492964,0.9906542056074766,2,0.0,1.9676922236833634,0.032307776316636616,2.1661295224071546,0.16612952240715462
bridge,bridge,s9182121_g2_n1.0_b4_r0.25,9182121,2,1.0,retained_mean,OK,1.859596906004299,4,0.25,L,False,0.15779082181849036,0.16830396665215933,0.24112602623389812,0.9906542056074766,2,0.04531972927379866,1.905373901396117,0.09462609860388294,2.1661295224071546,0.16612952240715462
bridge,bridge,s9182121_g2_n1.0_b4_r0.25,9182121,2,1.0,v17_map,OK,1.859594597000978,4,0.25,,False,0.13797053233712883,0.1603209911612844,0.2596176321492964,0.9906542056074766,2,0.0,1.9676922236833634,0.032307776316636616,2.1661295224071546,0.16612952240715462
bridge,bridge,s9182121_g2_n1.0_b4_r1.0,9182121,2,1.0,identity,OK,2.7239766849961597,4,1.0,,True,3.2839478429631157,3.57461665245238,4.144439409829534,0.12239583333333333,,,2.250075429221466,0.2500754292214662,,
bridge,bridge,s9182121_g2_n1.0_b4_r1.0,9182121,2,1.0,old_spatial36,OK,2.7239826610020828,4,1.0,,True,0.11089426781115373,0.11686644629954294,0.18601794175079592,0.9947916666666666,2,0.0,2.0000554035701685,5.540357016853292e-05,1.8387641203735376,0.16123587962646235
bridge,bridge,s9182121_g2_n1.0_b4_r1.0,9182121,2,1.0,retained_half,OK,2.7239863159993547,4,1.0,L,True,0.12223632331318285,0.12623311514809657,0.18921117728374645,0.9934895833333334,2,0.01834233800416837,1.971397859717689,0.028602140282310895,1.8347160001557052,0.16528399984429476
bridge,bridge,s9182121_g2_n1.0_b4_r1.0,9182121,2,1.0,retained_map,OK,2.723985354001343,4,1.0,L,True,0.11481543737968931,0.12207344121194408,0.197535471777251,0.9934895833333334,2,0.0,2.0016574165432783,0.0016574165432783339,1.8347160001557052,0.16528399984429476
bridge,bridge,s9182121_g2_n1.0_b4_r1.0,9182121,2,1.0,retained_mean,OK,2.723987337994913,4,1.0,L,True,0.1346576010177078,0.13738752505137,0.19950120662380053,0.9947916666666666,2,0.03668467600833674,1.9411383028921,0.0588616971078999,1.8347160001557052,0.16528399984429476
bridge,bridge,s9182121_g2_n1.0_b4_r1.0,9182121,2,1.0,v17_map,OK,2.7239844169962453,4,1.0,,True,0.11481543737968931,0.12207344121194408,0.197535471777251,0.9934895833333334,2,0.0,2.0016574165432783,0.0016574165432783339,1.8347160001557052,0.16528399984429476
bridge,bridge,s9182121_g2_n2.0_b0_r0.25,9182121,2,2.0,identity,OK,1.9935971140002948,0,0.25,,False,1.5895512242900418,1.5968656845408344,2.112425076405039,0.42757009345794394,,,2.0585634773292143,0.0585634773292143,,
bridge,bridge,s9182121_g2_n2.0_b0_r0.25,9182121,2,2.0,old_spatial36,OK,1.9936021989997244,0,0.25,,False,0.4049905215834135,0.5198433784466192,0.5910482680945072,0.9135514018691588,1,3.226025499229341e-17,1.4228386386291973,0.5771613613708027,0.0,2.0
bridge,bridge,s9182121_g2_n2.0_b0_r0.25,9182121,2,2.0,retained_half,OK,1.993605291005224,0,0.25,S,False,0.40499052158341353,0.5198433784466192,0.5910482680945072,0.9135514018691588,1,0.0,1.4228386386291973,0.5771613613708027,0.0,2.0
bridge,bridge,s9182121_g2_n2.0_b0_r0.25,9182121,2,2.0,retained_map,OK,1.9936043210036587,0,0.25,S,False,0.40499052158341353,0.5198433784466192,0.5910482680945072,0.9135514018691588,1,0.0,1.4228386386291973,0.5771613613708027,0.0,2.0
bridge,bridge,s9182121_g2_n2.0_b0_r0.25,9182121,2,2.0,retained_mean,OK,1.993606391006324,0,0.25,S,False,0.40499052158341353,0.5198433784466192,0.5910482680945072,0.9135514018691588,1,0.0,1.4228386386291973,0.5771613613708027,0.0,2.0
bridge,bridge,s9182121_g2_n2.0_b0_r0.25,9182121,2,2.0,v17_map,OK,1.9936032760015223,0,0.25,,False,0.40499052158341353,0.5198433784466192,0.5910482680945071,0.9135514018691588,1,3.226025499229341e-17,1.4228386386291973,0.5771613613708027,0.0,2.0
bridge,bridge,s9182121_g2_n2.0_b0_r1.0,9182121,2,2.0,identity,OK,2.869396957998106,0,1.0,,False,1.4575390306745728,1.6491768618034972,2.0416057966360124,0.4231770833333333,,,2.0527114238148707,0.052711423814870706,,
bridge,bridge,s9182121_g2_n2.0_b0_r1.0,9182121,2,2.0,old_spatial36,OK,2.869400682997366,0,1.0,,False,0.4274050966634599,0.42953164065131216,0.5732633531979194,0.9075520833333334,1,3.428268578654777e-17,1.517683686361296,0.4823163136387041,0.0,2.0
bridge,bridge,s9182121_g2_n2.0_b0_r1.0,9182121,2,2.0,retained_half,OK,2.86940292899817,0,1.0,S,False,0.4274050966634599,0.42953164065131216,0.5732633531979194,0.9075520833333334,1,0.0,1.517683686361296,0.4823163136387041,0.0,2.0
bridge,bridge,s9182121_g2_n2.0_b0_r1.0,9182121,2,2.0,retained_map,OK,2.8694022609997774,0,1.0,S,False,0.4274050966634599,0.42953164065131216,0.5732633531979194,0.9075520833333334,1,0.0,1.517683686361296,0.4823163136387041,0.0,2.0
bridge,bridge,s9182121_g2_n2.0_b0_r1.0,9182121,2,2.0,retained_mean,OK,2.8694035730004543,0,1.0,S,False,0.4274050966634599,0.42953164065131216,0.5732633531979194,0.9075520833333334,1,0.0,1.517683686361296,0.4823163136387041,0.0,2.0
bridge,bridge,s9182121_g2_n2.0_b0_r1.0,9182121,2,2.0,v17_map,OK,2.869401547999587,0,1.0,,False,0.4274050966634599,0.4295316406513122,0.5732633531979194,0.9075520833333334,1,3.428268578654777e-17,1.517683686361296,0.4823163136387041,0.0,2.0
bridge,bridge,s9182121_g2_n2.0_b4_r0.25,9182121,2,2.0,identity,OK,3.0982351469938294,4,0.25,,False,3.718272776147113,3.8393438361752317,4.586741425241606,0.14485981308411214,,,2.755033683809735,0.7550336838097351,,
bridge,bridge,s9182121_g2_n2.0_b4_r0.25,9182121,2,2.0,old_spatial36,OK,3.0982402819936397,4,0.25,,False,0.4087319613592563,0.4997846614826101,0.5834218783551643,0.9228971962616822,1,3.806742812615277e-17,1.4231215318718007,0.5768784681281993,0.0,2.0
bridge,bridge,s9182121_g2_n2.0_b4_r0.25,9182121,2,2.0,retained_half,OK,3.098243652995734,4,0.25,S,False,0.4087319613592563,0.49978466148261014,0.5834218783551643,0.9228971962616822,1,0.0,1.4231215318718007,0.5768784681281993,0.0,2.0
bridge,bridge,s9182121_g2_n2.0_b4_r0.25,9182121,2,2.0,retained_map,OK,3.0982426029950147,4,0.25,S,False,0.4087319613592563,0.49978466148261014,0.5834218783551643,0.9228971962616822,1,0.0,1.4231215318718007,0.5768784681281993,0.0,2.0
bridge,bridge,s9182121_g2_n2.0_b4_r0.25,9182121,2,2.0,retained_mean,OK,3.0982446169946343,4,0.25,S,False,0.4087319613592563,0.49978466148261014,0.5834218783551643,0.9228971962616822,1,0.0,1.4231215318718007,0.5768784681281993,0.0,2.0
bridge,bridge,s9182121_g2_n2.0_b4_r0.25,9182121,2,2.0,v17_map,OK,3.0982416059996467,4,0.25,,False,0.4087319613592563,0.49978466148261014,0.5834218783551643,0.9228971962616822,1,3.806742812615277e-17,1.4231215318718007,0.5768784681281993,0.0,2.0
bridge,bridge,s9182121_g2_n2.0_b4_r1.0,9182121,2,2.0,identity,OK,4.732885718003672,4,1.0,,False,3.4954465646653996,3.8080583850197085,4.520711576502666,0.14583333333333334,,,2.2764311411289015,0.27643114112890155,,
bridge,bridge,s9182121_g2_n2.0_b4_r1.0,9182121,2,2.0,old_spatial36,OK,4.732891150997602,4,1.0,,False,0.42738068331539947,0.42952237128787707,0.5762442156919994,0.9075520833333334,1,4.4251084507056616e-17,1.5177241641954056,0.48227583580459443,0.0,2.0
bridge,bridge,s9182121_g2_n2.0_b4_r1.0,9182121,2,2.0,retained_half,OK,4.732894788001431,4,1.0,S,False,0.4273806833153995,0.42952237128787707,0.5762442156919994,0.9075520833333334,1,0.0,1.5177241641954053,0.48227583580459465,0.0,2.0
bridge,bridge,s9182121_g2_n2.0_b4_r1.0,9182121,2,2.0,retained_map,OK,4.732893562002573,4,1.0,S,False,0.4273806833153995,0.42952237128787707,0.5762442156919994,0.9075520833333334,1,0.0,1.5177241641954053,0.48227583580459465,0.0,2.0
bridge,bridge,s9182121_g2_n2.0_b4_r1.0,9182121,2,2.0,retained_mean,OK,4.73289584700251,4,1.0,S,False,0.4273806833153995,0.42952237128787707,0.5762442156919994,0.9075520833333334,1,0.0,1.5177241641954053,0.48227583580459465,0.0,2.0
bridge,bridge,s9182121_g2_n2.0_b4_r1.0,9182121,2,2.0,v17_map,OK,4.732892542997433,4,1.0,,False,0.4273806833153995,0.42952237128787707,0.5762442156919994,0.9075520833333334,1,4.4251084507056616e-17,1.5177241641954056,0.48227583580459443,0.0,2.0
bridge,bridge,s9182121_g4_n0.5_b0_r0.25,9182121,4,0.5,identity,OK,1.6724879379980848,0,0.25,,True,0.407972726081797,0.3969362831011328,0.5178538146237284,0.9463414634146341,,,4.0435002123195884,0.04350021231958845,,
bridge,bridge,s9182121_g4_n0.5_b0_r0.25,9182121,4,0.5,old_spatial36,OK,1.6724917799947434,0,0.25,,True,0.06552471635194007,0.05582431805783169,0.1221328532450011,0.9951219512195122,2,0.0,4.011415438611047,0.011415438611047435,4.012869774931572,0.012869774931571598
bridge,bridge,s9182121_g4_n0.5_b0_r0.25,9182121,4,0.5,retained_half,OK,1.6724941879947437,0,0.25,L,True,0.06552484971888482,0.05582457074207155,0.1221328842387467,0.9951219512195122,2,1.7097618228921e-07,4.011414839948626,0.011414839948625577,4.0128669042999725,0.012866904299972504
bridge,bridge,s9182121_g4_n0.5_b0_r0.25,9182121,4,0.5,retained_map,OK,1.672493564998149,0,0.25,L,True,0.06552500844396995,0.05582468697735748,0.12213295878010111,0.9951219512195122,2,0.0,4.011415081904427,0.01141508190442675,4.0128669042999725,0.012866904299972504
bridge,bridge,s9182121_g4_n0.5_b0_r0.25,9182121,4,0.5,retained_mean,OK,1.6724948819974088,0,0.25,L,True,0.06552469099379965,0.05582445450678559,0.12213280978326498,0.9951219512195122,2,3.4195236458585967e-07,4.011414597992824,0.011414597992824405,4.0128669042999725,0.012866904299972504
bridge,bridge,s9182121_g4_n0.5_b0_r0.25,9182121,4,0.5,v17_map,OK,1.6724927510003909,0,0.25,,True,0.06552500844396995,0.05582468697735748,0.12213295878010111,0.9951219512195122,2,0.0,4.011415081904427,0.01141508190442675,4.0128669042999725,0.012866904299972504
bridge,bridge,s9182121_g4_n0.5_b0_r1.0,9182121,4,0.5,identity,OK,2.5265730769970105,0,1.0,,True,0.4027734516790682,0.4083492275915048,0.5104014491590031,0.94921875,,,4.040766428764318,0.04076642876431791,,
bridge,bridge,s9182121_g4_n0.5_b0_r1.0,9182121,4,0.5,old_spatial36,OK,2.5265784119983437,0,1.0,,True,0.04382611434478256,0.048424949602542844,0.0673512129646828,1.0,2,0.0,4.038147003942156,0.03814700394215631,4.058805085002998,0.05880508500299797
bridge,bridge,s9182121_g4_n0.5_b0_r1.0,9182121,4,0.5,retained_half,OK,2.5265811680001207,0,1.0,L,True,0.04382609009004675,0.04842492056209366,0.06735119471533042,1.0,2,3.14246756710496e-09,4.038146969592363,0.03814696959236308,4.058805017997015,0.058805017997014986
bridge,bridge,s9182121_g4_n0.5_b0_r1.0,9182121,4,0.5,retained_map,OK,2.526580407000438,0,1.0,L,True,0.043826092978797256,0.04842492461864133,0.06735119739825908,1.0,2,0.0,4.03814697797431,0.03814697797430977,4.058805017997015,0.058805017997014986
bridge,bridge,s9182121_g4_n0.5_b0_r1.0,9182121,4,0.5,retained_mean,OK,2.526581926002109,0,1.0,L,True,0.04382608720129625,0.04842491650554602,0.06735119203249651,1.0,2,6.284935124116985e-09,4.038146961210418,0.03814696121041816,4.058805017997015,0.058805017997014986
bridge,bridge,s9182121_g4_n0.5_b0_r1.0,9182121,4,0.5,v17_map,OK,2.5265795579980477,0,1.0,,True,0.043826092978797256,0.04842492461864133,0.06735119739825908,1.0,2,0.0,4.03814697797431,0.03814697797430977,4.058805017997015,0.058805017997014986
bridge,bridge,s9182121_g4_n0.5_b4_r0.25,9182121,4,0.5,identity,OK,1.6012868990001152,4,0.25,,True,3.346454367429452,3.480251915580343,4.006963410780154,0.08292682926829269,,,4.798595457241906,0.7985954572419063,,
bridge,bridge,s9182121_g4_n0.5_b4_r0.25,9182121,4,0.5,old_spatial36,OK,1.6012913679951453,4,0.25,,True,0.2066120248235201,0.16083067267931273,0.9171252154551852,0.9512195121951219,2,0.0,4.019442456868019,0.01944245686801871,4.0128190142165066,0.012819014216506552
bridge,bridge,s9182121_g4_n0.5_b4_r0.25,9182121,4,0.5,retained_half,OK,1.6012939649954205,4,0.25,L,True,0.20661218839985415,0.1608307716261831,0.9171252171060148,0.9512195121951219,2,1.712033034963935e-07,4.019442200554124,0.019442200554124156,4.012816538608855,0.012816538608855232
bridge,bridge,s9182121_g4_n0.5_b4_r0.25,9182121,4,0.5,retained_map,OK,1.6012933569945744,4,0.25,L,True,0.20661203000960895,0.16083065563644514,0.9171252171252687,0.9512195121951219,2,0.0,4.019442442824149,0.019442442824148642,4.012816538608855,0.012816538608855232
bridge,bridge,s9182121_g4_n0.5_b4_r0.25,9182121,4,0.5,retained_mean,OK,1.6012946219998412,4,0.25,L,True,0.2066123467900993,0.16083088761592104,0.9171252170982337,0.9512195121951219,2,3.424066069962207e-07,4.019441958284101,0.019441958284100558,4.012816538608855,0.012816538608855232
bridge,bridge,s9182121_g4_n0.5_b4_r0.25,9182121,4,0.5,v17_map,OK,1.6012923210000736,4,0.25,,True,0.20661203000960895,0.16083065563644514,0.9171252171252687,0.9512195121951219,2,0.0,4.019442442824149,0.019442442824148642,4.012816538608855,0.012816538608855232
bridge,bridge,s9182121_g4_n0.5_b4_r1.0,9182121,4,0.5,identity,OK,3.9461977500031935,4,1.0,,True,3.1742822521761513,3.525770132263598,4.040752327422516,0.08854166666666667,,,4.33438282891873,0.33438282891872984,,
bridge,bridge,s9182121_g4_n0.5_b4_r1.0,9182121,4,0.5,old_spatial36,OK,3.9462035370015656,4,1.0,,True,0.10743041553263859,0.1180766659816424,0.6869874721739891,0.98046875,2,0.0,4.016613350960266,0.016613350960265727,4.054893660721927,0.05489366072192681
bridge,bridge,s9182121_g4_n0.5_b4_r1.0,9182121,4,0.5,retained_half,OK,3.946207212000445,4,1.0,L,True,0.10743054523934432,0.11807678355310469,0.6869874791942413,0.98046875,2,4.84034390709422e-09,4.016613263858705,0.016613263858705096,4.054894041546936,0.05489404154693567
bridge,bridge,s9182121_g4_n0.5_b4_r1.0,9182121,4,0.5,retained_map,OK,3.9462061390004237,4,1.0,L,True,0.10743054985196322,0.11807678998201755,0.6869874796180279,0.98046875,2,0.0,4.016613276895282,0.016613276895282247,4.054894041546936,0.05489404154693567
bridge,bridge,s9182121_g4_n0.5_b4_r1.0,9182121,4,0.5,retained_mean,OK,3.946208437002497,4,1.0,L,True,0.10743054062672543,0.11807677712419185,0.6869874787704774,0.98046875,2,9.680687812412084e-09,4.016613250822128,0.016613250822127945,4.054894041546936,0.05489404154693567
bridge,bridge,s9182121_g4_n0.5_b4_r1.0,9182121,4,0.5,v17_map,OK,3.946205001004273,4,1.0,,True,0.10743054985196322,0.11807678998201755,0.6869874796180279,0.98046875,2,0.0,4.016613276895282,0.016613276895282247,4.054894041546936,0.05489404154693567
bridge,bridge,s9182121_g4_n1.0_b0_r0.25,9182121,4,1.0,identity,OK,2.8091709630025434,0,0.25,,True,0.8145204215364936,0.7938725662022657,1.0357076292474567,0.6804878048780488,,,4.087000424639176,0.08700042463917601,,
bridge,bridge,s9182121_g4_n1.0_b0_r0.25,9182121,4,1.0,old_spatial36,OK,2.809176460999879,0,0.25,,True,0.1985134574215971,0.16596668638965237,0.3715465709678758,0.9609756097560975,2,0.0,3.873129182189141,0.12687081781085885,4.075619722466276,0.0756197224662758
bridge,bridge,s9182121_g4_n1.0_b0_r0.25,9182121,4,1.0,retained_half,OK,2.80918005300191,0,0.25,L,True,0.20076403173509833,0.16845716125659052,0.3722480206429906,0.9609756097560975,2,0.002705444481703521,3.8687417593570212,0.13125824064297875,4.062850610583313,0.06285061058331287
bridge,bridge,s9182121_g4_n1.0_b0_r0.25,9182121,4,1.0,retained_map,OK,2.8091789039972355,0,0.25,L,True,0.2001232694596463,0.16746533980107706,0.37197383572698933,0.9609756097560975,2,0.0,3.873219015564879,0.1267809844351211,4.062850610583313,0.06285061058331287
bridge,bridge,s9182121_g4_n1.0_b0_r0.25,9182121,4,1.0,retained_mean,OK,2.8091814540021005,0,0.25,L,True,0.20208751038505418,0.17000990273434108,0.37384628658508684,0.9609756097560975,2,0.005410888963407027,3.864264503149165,0.13573549685083508,4.062850610583313,0.06285061058331287
bridge,bridge,s9182121_g4_n1.0_b0_r0.25,9182121,4,1.0,v17_map,OK,2.809177761999308,0,0.25,,True,0.2001232694596463,0.16746533980107706,0.37197383572698933,0.9609756097560975,2,0.0,3.873219015564879,0.1267809844351211,4.062850610583313,0.06285061058331287
bridge,bridge,s9182121_g4_n1.0_b0_r1.0,9182121,4,1.0,identity,OK,2.7093779390052077,0,1.0,,True,0.8029714696180529,0.8166984551830097,1.0208028983180062,0.7044270833333334,,,4.081532857528635,0.08153285752863493,,
bridge,bridge,s9182121_g4_n1.0_b0_r1.0,9182121,4,1.0,old_spatial36,OK,2.7093866010036436,0,1.0,,True,0.11546292570275112,0.12132691303145188,0.24582073435458668,0.9856770833333334,2,0.0,4.013150469103527,0.01315046910352713,4.109825914972159,0.10982591497215921
bridge,bridge,s9182121_g4_n1.0_b0_r1.0,9182121,4,1.0,retained_half,OK,2.7093905760048074,0,1.0,L,True,0.11572536673418858,0.1213631169717339,0.24587919215587037,0.9856770833333334,2,0.0010010564959151069,4.01149971260268,0.01149971260267968,4.106764577606646,0.10676457760664615
bridge,bridge,s9182121_g4_n1.0_b0_r1.0,9182121,4,1.0,retained_map,OK,2.7093892539996887,0,1.0,L,True,0.11593593975049475,0.12187672836851915,0.24597047349009404,0.9856770833333334,2,0.0,4.013701715740916,0.01370171574091561,4.106764577606646,0.10676457760664615
bridge,bridge,s9182121_g4_n1.0_b0_r1.0,9182121,4,1.0,retained_mean,OK,2.7093916430021636,0,1.0,L,True,0.11592829393619918,0.12142273331442027,0.2461108319388607,0.9856770833333334,2,0.002002112991830217,4.009297709464444,0.009297709464443749,4.106764577606646,0.10676457760664615
bridge,bridge,s9182121_g4_n1.0_b0_r1.0,9182121,4,1.0,v17_map,OK,2.709388174000196,0,1.0,,True,0.11593593975049475,0.12187672836851915,0.24597047349009404,0.9856770833333334,2,0.0,4.013701715740916,0.01370171574091561,4.106764577606646,0.10676457760664615
bridge,bridge,s9182121_g4_n1.0_b4_r0.25,9182121,4,1.0,identity,OK,1.92873185499775,4,0.25,,True,3.390980350089377,3.538521564223295,4.123444532970616,0.12439024390243902,,,4.842095669561494,0.8420956695614938,,
bridge,bridge,s9182121_g4_n1.0_b4_r0.25,9182121,4,1.0,old_spatial36,OK,1.9287371030004579,4,0.25,,True,0.5535383977130597,0.4608654529770979,1.48860681732425,0.875609756097561,2,0.0,3.888878641622485,0.11112135837751502,4.068500978873813,0.06850097887381335
bridge,bridge,s9182121_g4_n1.0_b4_r0.25,9182121,4,1.0,retained_half,OK,1.9287392730038846,4,0.25,L,True,0.5556584696215611,0.4627566731607714,1.488771090243254,0.875609756097561,2,0.0031619760550673152,3.8839644748806337,0.11603552511936632,4.05420537718117,0.054205377181170356
bridge,bridge,s9182121_g4_n1.0_b4_r0.25,9182121,4,1.0,retained_map,OK,1.9287385860006907,4,0.25,L,True,0.5547519455971572,0.46171583560970286,1.4886688639014296,0.875609756097561,2,0.0,3.889315219048656,0.11068478095134404,4.05420537718117,0.054205377181170356
bridge,bridge,s9182121_g4_n1.0_b4_r0.25,9182121,4,1.0,retained_mean,OK,1.9287398899978143,4,0.25,L,True,0.5574836348907025,0.4647346837045142,1.4892477506313606,0.875609756097561,2,0.006323952110134611,3.8786137307126136,0.12138626928738638,4.05420537718117,0.054205377181170356
bridge,bridge,s9182121_g4_n1.0_b4_r0.25,9182121,4,1.0,v17_map,OK,1.928737870999612,4,0.25,,True,0.5547519455971572,0.46171583560970286,1.4886688639014296,0.875609756097561,2,0.0,3.889315219048656,0.11068478095134404,4.05420537718117,0.054205377181170356
bridge,bridge,s9182121_g4_n1.0_b4_r1.0,9182121,4,1.0,identity,OK,2.9793503539985977,4,1.0,,True,3.2208844274133157,3.5753387977929694,4.144439409829534,0.12239583333333333,,,4.375149257683048,0.37514925768304774,,
bridge,bridge,s9182121_g4_n1.0_b4_r1.0,9182121,4,1.0,old_spatial36,OK,2.9793572800044785,4,1.0,,True,0.18789120477241925,0.21788347590114532,0.8916332814061596,0.9622395833333334,2,0.0,4.033568406969009,0.03356840696900942,4.10982413577185,0.10982413577185035
bridge,bridge,s9182121_g4_n1.0_b4_r1.0,9182121,4,1.0,retained_half,OK,2.9793614439986413,4,1.0,L,True,0.18815794591403243,0.2179230050358556,0.891650078198871,0.9622395833333334,2,0.0010039985252179764,4.031914356549006,0.03191435654900587,4.106755287062285,0.10675528706228476
bridge,bridge,s9182121_g4_n1.0_b4_r1.0,9182121,4,1.0,retained_map,OK,2.9793602819991065,4,1.0,L,True,0.18836969915911017,0.2184391466945504,0.891675033976656,0.9622395833333334,2,0.0,4.034122346037762,0.034122346037761986,4.106755287062285,0.10675528706228476
bridge,bridge,s9182121_g4_n1.0_b4_r1.0,9182121,4,1.0,retained_mean,OK,2.9793626840037177,4,1.0,L,True,0.18835930369143275,0.2179795515816069,0.8917150106777063,0.9622395833333334,2,0.0020079970504359537,4.029706367060251,0.02970636706025065,4.106755287062285,0.10675528706228476
bridge,bridge,s9182121_g4_n1.0_b4_r1.0,9182121,4,1.0,v17_map,OK,2.9793590620029136,4,1.0,,True,0.18836969915911017,0.2184391466945504,0.891675033976656,0.9622395833333334,2,0.0,4.034122346037762,0.034122346037761986,4.106755287062285,0.10675528706228476
bridge,bridge,s9182121_g4_n2.0_b0_r0.25,9182121,4,2.0,identity,OK,3.0168875550007215,0,0.25,,False,1.580738462305184,1.5877451324045315,2.0714152584949135,0.4097560975609756,,,4.174000849278351,0.17400084927835113,,
bridge,bridge,s9182121_g4_n2.0_b0_r0.25,9182121,4,2.0,old_spatial36,OK,3.0168930100044236,0,0.25,,False,0.6950004602332143,0.8451867246894793,0.9666380165893999,0.7731707317073171,1,3.338783050304526e-17,3.0560695524425823,0.9439304475574177,0.0,4.0
bridge,bridge,s9182121_g4_n2.0_b0_r0.25,9182121,4,2.0,retained_half,OK,3.016896181004995,0,0.25,L,False,0.22775838362378328,0.2477915553970173,0.39995189199889214,0.9902439024390244,2,0.057360154012144296,3.9621073814647336,0.037892618535266376,4.03656304797309,0.036563047973089624
bridge,bridge,s9182121_g4_n2.0_b0_r0.25,9182121,4,2.0,retained_map,OK,3.0168952320018434,0,0.25,L,False,0.22164912152874908,0.2330225871792685,0.42932475605945886,0.9926829268292683,2,0.0,4.061836429778853,0.06183642977885295,4.03656304797309,0.036563047973089624
bridge,bridge,s9182121_g4_n2.0_b0_r0.25,9182121,4,2.0,retained_mean,OK,3.0168973280015052,0,0.25,L,False,0.26339478393611027,0.2833249186947454,0.4361089864508013,0.9707317073170731,2,0.11472030802428859,3.8623783331506143,0.1376216668493857,4.03656304797309,0.036563047973089624
bridge,bridge,s9182121_g4_n2.0_b0_r0.25,9182121,4,2.0,v17_map,OK,3.0168942200034508,0,0.25,,False,0.22164912152874908,0.2330225871792685,0.42932475605945886,0.9926829268292683,2,0.0,4.061836429778853,0.06183642977885295,4.03656304797309,0.036563047973089624
bridge,bridge,s9182121_g4_n2.0_b0_r1.0,9182121,4,2.0,identity,OK,2.7220813789972453,0,1.0,,True,1.516786992319889,1.6333969103660193,2.0416057966360124,0.4205729166666667,,,4.16306571505727,0.16306571505726986,,
bridge,bridge,s9182121_g4_n2.0_b0_r1.0,9182121,4,2.0,old_spatial36,OK,2.7220860050001647,0,1.0,,True,0.16616647282372488,0.2111595360169532,0.3851744578952445,0.9947916666666666,2,0.0,4.120698156923317,0.12069815692331698,4.196725608569131,0.1967256085691309
bridge,bridge,s9182121_g4_n2.0_b0_r1.0,9182121,4,2.0,retained_half,OK,2.7220884280031896,0,1.0,L,True,0.1813171326687805,0.21847664775608744,0.35503762897144725,0.9947916666666666,2,0.03842903747363407,4.065834380165678,0.06583438016567822,4.1768540282399504,0.17685402823995044
bridge,bridge,s9182121_g4_n2.0_b0_r1.0,9182121,4,2.0,retained_map,OK,2.7220877500003553,0,1.0,L,True,0.17612575489643023,0.22351202312277452,0.39146432608322496,0.9947916666666666,2,0.0,4.138860084253468,0.1388600842534684,4.1768540282399504,0.17685402823995044
bridge,bridge,s9182121_g4_n2.0_b0_r1.0,9182121,4,2.0,retained_mean,OK,2.7220891079996363,0,1.0,L,True,0.20827140454521686,0.24106482347077635,0.3623054017836789,0.9830729166666666,2,0.07685807494726814,3.992808676077887,0.007191323922112858,4.1768540282399504,0.17685402823995044
bridge,bridge,s9182121_g4_n2.0_b0_r1.0,9182121,4,2.0,v17_map,OK,2.7220869040029356,0,1.0,,True,0.17612575489643023,0.22351202312277452,0.39146432608322496,0.9947916666666666,2,0.0,4.138860084253468,0.1388600842534684,4.1768540282399504,0.17685402823995044
bridge,bridge,s9182121_g4_n2.0_b4_r0.25,9182121,4,2.0,identity,OK,1.7711827490056749,4,0.25,,False,3.623467994608977,3.7912706279357504,4.528344988924323,0.12439024390243902,,,4.929096094200669,0.929096094200669,,
bridge,bridge,s9182121_g4_n2.0_b4_r0.25,9182121,4,2.0,old_spatial36,OK,1.7711868100013817,4,0.25,,False,0.7012824684347713,0.8380033432136915,0.9601019469684421,0.7609756097560976,1,3.1516392297165934e-17,3.056487663116188,0.9435123368838121,0.0,4.0
bridge,bridge,s9182121_g4_n2.0_b4_r0.25,9182121,4,2.0,retained_half,OK,1.7711892420047661,4,0.25,L,False,0.18327514521913316,0.20502647721570771,0.3823694226113378,0.9902439024390244,2,0.05746351262254127,3.963260255085879,0.03673974491412091,4.040305183865487,0.040305183865487315
bridge,bridge,s9182121_g4_n2.0_b4_r0.25,9182121,4,2.0,retained_map,OK,1.7711886180040892,4,0.25,L,False,0.17253018324805217,0.18805104209679488,0.41160564894638185,0.9926829268292683,2,0.0,4.0631942037183775,0.06319420371837747,4.040305183865487,0.040305183865487315
bridge,bridge,s9182121_g4_n2.0_b4_r0.25,9182121,4,2.0,retained_mean,OK,1.7711899030036875,4,0.25,L,False,0.22333779218199623,0.24357563887235933,0.42184119665140624,0.9707317073170731,2,0.11492702524508255,3.8633263064533807,0.1366736935466193,4.040305183865487,0.040305183865487315
bridge,bridge,s9182121_g4_n2.0_b4_r0.25,9182121,4,2.0,v17_map,OK,1.7711876320026931,4,0.25,,False,0.17253018324805217,0.18805104209679488,0.41160564894638185,0.9926829268292683,2,0.0,4.0631942037183775,0.06319420371837747,4.040305183865487,0.040305183865487315
bridge,bridge,s9182121_g4_n2.0_b4_r1.0,9182121,4,2.0,identity,OK,2.6589935339943622,4,1.0,,True,3.4327535844244816,3.801198622727659,4.520711576502666,0.14192708333333334,,,4.456682115211683,0.45668211521168267,,
bridge,bridge,s9182121_g4_n2.0_b4_r1.0,9182121,4,2.0,old_spatial36,OK,2.658997595994151,4,1.0,,True,0.16663811387307267,0.21162823425773664,0.4011630764305566,0.9947916666666666,2,0.0,4.121140007211839,0.12114000721183871,4.197256429873294,0.19725642987329373
bridge,bridge,s9182121_g4_n2.0_b4_r1.0,9182121,4,2.0,retained_half,OK,2.6589999409989105,4,1.0,L,True,0.18440398176946707,0.22279868525545618,0.3855947993375556,0.9934895833333334,2,0.038487684758333245,4.058684278421043,0.05868427842104307,4.177879209251602,0.17787920925160172
bridge,bridge,s9182121_g4_n2.0_b4_r1.0,9182121,4,2.0,retained_map,OK,2.65899926199927,4,1.0,L,True,0.17973501824987412,0.23072479498197074,0.43105025887726384,0.9934895833333334,2,0.0,4.12450081026147,0.12450081026146975,4.177879209251602,0.17787920925160172
bridge,bridge,s9182121_g4_n2.0_b4_r1.0,9182121,4,2.0,retained_mean,OK,2.6590006559999892,4,1.0,L,True,0.20877552523325474,0.24172076105745643,0.37958917613007376,0.9830729166666666,2,0.07697536951666649,3.992867746580617,0.007132253419383172,4.177879209251602,0.17787920925160172
bridge,bridge,s9182121_g4_n2.0_b4_r1.0,9182121,4,2.0,v17_map,OK,2.6589984219972393,4,1.0,,True,0.17973501824987412,0.23072479498197074,0.43105025887726384,0.9934895833333334,2,0.0,4.12450081026147,0.12450081026146975,4.177879209251602,0.17787920925160172
bridge,bridge,s9182121_g8_n0.5_b0_r0.25,9182121,8,0.5,identity,OK,1.5731127719991491,0,0.25,,True,0.40493139643496945,0.38962074828029547,0.5124343415632959,0.9436274509803921,,,7.950283055653056,0.04971694434694385,,
bridge,bridge,s9182121_g8_n0.5_b0_r0.25,9182121,8,0.5,old_spatial36,OK,1.5731168130005244,0,0.25,,True,0.06088960381618847,0.07155757380675015,0.14188733208688004,0.9926470588235294,2,0.0,7.937673936991298,0.062326063008701915,7.875970518550488,0.12402948144951242
bridge,bridge,s9182121_g8_n0.5_b0_r0.25,9182121,8,0.5,retained_half,OK,1.5731193159954273,0,0.25,L,True,0.06088960356479556,0.07155757352260025,0.14188733198698344,0.9926470588235294,2,0.0,7.937673937701553,0.06232606229844695,7.875970517622442,0.12402948237755762
bridge,bridge,s9182121_g8_n0.5_b0_r0.25,9182121,8,0.5,retained_map,OK,1.5731186069970136,0,0.25,L,True,0.06088960356479556,0.07155757352260025,0.14188733198698344,0.9926470588235294,2,0.0,7.937673937701553,0.06232606229844695,7.875970517622442,0.12402948237755762
bridge,bridge,s9182121_g8_n0.5_b0_r0.25,9182121,8,0.5,retained_mean,OK,1.573120018998452,0,0.25,L,True,0.06088960356479556,0.07155757352260025,0.14188733198698344,0.9926470588235294,2,0.0,7.937673937701553,0.06232606229844695,7.875970517622442,0.12402948237755762
bridge,bridge,s9182121_g8_n0.5_b0_r0.25,9182121,8,0.5,v17_map,OK,1.5731178159985575,0,0.25,,True,0.06088960356479556,0.07155757352260025,0.14188733198698344,0.9926470588235294,2,0.0,7.937673937701553,0.06232606229844695,7.875970517622442,0.12402948237755762
bridge,bridge,s9182121_g8_n0.5_b0_r1.0,9182121,8,0.5,identity,OK,2.5136808329989435,0,1.0,,True,0.40277345167906814,0.4090588253756125,0.5104014491590031,0.9518229166666666,,,7.9576680016471855,0.04233199835281454,,
bridge,bridge,s9182121_g8_n0.5_b0_r1.0,9182121,8,0.5,old_spatial36,OK,2.513685253994481,0,1.0,,True,0.04770908517835885,0.04309668110073263,0.08958755129747349,0.9986979166666666,2,0.0,7.9693026810941365,0.03069731890586347,7.905781395943055,0.0942186040569446
bridge,bridge,s9182121_g8_n0.5_b0_r1.0,9182121,8,0.5,retained_half,OK,2.513687457998458,0,1.0,L,True,0.047709085153133525,0.043096681077655324,0.08958755127181932,0.9986979166666666,2,0.0,7.969302681245882,0.030697318754118186,7.9057813960121015,0.0942186039878985
bridge,bridge,s9182121_g8_n0.5_b0_r1.0,9182121,8,0.5,retained_map,OK,2.5136868209956447,0,1.0,L,True,0.047709085153133525,0.043096681077655324,0.08958755127181932,0.9986979166666666,2,0.0,7.969302681245882,0.030697318754118186,7.9057813960121015,0.0942186039878985
bridge,bridge,s9182121_g8_n0.5_b0_r1.0,9182121,8,0.5,retained_mean,OK,2.5136881899961736,0,1.0,L,True,0.047709085153133525,0.043096681077655324,0.08958755127181932,0.9986979166666666,2,0.0,7.969302681245882,0.030697318754118186,7.9057813960121015,0.0942186039878985
bridge,bridge,s9182121_g8_n0.5_b0_r1.0,9182121,8,0.5,v17_map,OK,2.5136861319988384,0,1.0,,True,0.047709085153133525,0.043096681077655324,0.08958755127181932,0.9986979166666666,2,0.0,7.969302681245882,0.030697318754118186,7.9057813960121015,0.0942186039878985
bridge,bridge,s9182121_g8_n0.5_b4_r0.25,9182121,8,0.5,identity,OK,1.6158304260025034,4,0.25,,True,3.5326394892887008,3.5565170313009853,4.111976567200089,0.0784313725490196,,,8.436370542772652,0.43637054277265186,,
bridge,bridge,s9182121_g8_n0.5_b4_r0.25,9182121,8,0.5,old_spatial36,OK,1.6158342990020174,4,0.25,,True,0.35601804941450454,0.38137574412020686,0.9665516113730307,0.9705882352941176,2,0.0,8.106883743198377,0.10688374319837735,7.878119528087753,0.12188047191224705
bridge,bridge,s9182121_g8_n0.5_b4_r0.25,9182121,8,0.5,retained_half,OK,1.6158396050013835,4,0.25,L,True,0.35601804337452364,0.3813757361649287,0.9665516096503233,0.9705882352941176,2,0.0,8.10688373263836,0.10688373263836048,7.878119215715706,0.12188078428429439
bridge,bridge,s9182121_g8_n0.5_b4_r0.25,9182121,8,0.5,retained_map,OK,1.6158358980028424,4,0.25,L,True,0.35601804337452364,0.3813757361649287,0.9665516096503233,0.9705882352941176,2,0.0,8.10688373263836,0.10688373263836048,7.878119215715706,0.12188078428429439
bridge,bridge,s9182121_g8_n0.5_b4_r0.25,9182121,8,0.5,retained_mean,OK,1.615840662001574,4,0.25,L,True,0.35601804337452364,0.3813757361649287,0.9665516096503233,0.9705882352941176,2,0.0,8.10688373263836,0.10688373263836048,7.878119215715706,0.12188078428429439
bridge,bridge,s9182121_g8_n0.5_b4_r0.25,9182121,8,0.5,v17_map,OK,1.615835144999437,4,0.25,,True,0.35601804337452364,0.3813757361649287,0.9665516096503233,0.9705882352941176,2,0.0,8.10688373263836,0.10688373263836048,7.878119215715706,0.12188078428429439
bridge,bridge,s9182121_g8_n0.5_b4_r1.0,9182121,8,0.5,identity,OK,4.156025698997837,4,1.0,,True,3.444740515879319,3.5381433281366927,4.040752327422516,0.0859375,,,7.822041300731092,0.17795869926890795,,
bridge,bridge,s9182121_g8_n0.5_b4_r1.0,9182121,8,0.5,old_spatial36,OK,4.15603597399604,4,1.0,,True,0.10371918486736405,0.08774031807880306,0.6171130932353551,0.98828125,2,0.0,8.032961471348562,0.0329614713485622,7.905788778192058,0.09421122180794228
bridge,bridge,s9182121_g8_n0.5_b4_r1.0,9182121,8,0.5,retained_half,OK,4.156039188994328,4,1.0,L,True,0.10371919296786364,0.08774031862530841,0.6171130937911254,0.98828125,2,0.0,8.032961407195096,0.03296140719509566,7.905788759508827,0.09421124049117324
bridge,bridge,s9182121_g8_n0.5_b4_r1.0,9182121,8,0.5,retained_map,OK,4.1560382489988115,4,1.0,L,True,0.10371919296786364,0.08774031862530841,0.6171130937911254,0.98828125,2,0.0,8.032961407195096,0.03296140719509566,7.905788759508827,0.09421124049117324
bridge,bridge,s9182121_g8_n0.5_b4_r1.0,9182121,8,0.5,retained_mean,OK,4.1560402429968235,4,1.0,L,True,0.10371919296786364,0.08774031862530841,0.6171130937911254,0.98828125,2,0.0,8.032961407195096,0.03296140719509566,7.905788759508827,0.09421124049117324
bridge,bridge,s9182121_g8_n0.5_b4_r1.0,9182121,8,0.5,v17_map,OK,4.156037238994031,4,1.0,,True,0.10371919296786364,0.08774031862530841,0.6171130937911254,0.98828125,2,0.0,8.032961407195096,0.03296140719509566,7.905788759508827,0.09421124049117324
bridge,bridge,s9182121_g8_n1.0_b0_r0.25,9182121,8,1.0,identity,OK,1.6418902440054808,0,0.25,,True,0.8098627928699391,0.779241496560591,1.0248686831265919,0.7009803921568627,,,7.9005661113061105,0.09943388869388947,,
bridge,bridge,s9182121_g8_n1.0_b0_r0.25,9182121,8,1.0,old_spatial36,OK,1.641894031999982,0,0.25,,True,0.16415321089881096,0.1670779121827014,0.34899999042129515,0.9656862745098039,2,0.0,7.797796316130881,0.20220368386911858,7.757134582956704,0.242865417043296
bridge,bridge,s9182121_g8_n1.0_b0_r0.25,9182121,8,1.0,retained_half,OK,1.641896330002055,0,0.25,L,True,0.16415349689748215,0.16707852069298507,0.3490002389099432,0.9656862745098039,2,2.716900554269312e-07,7.797794980657329,0.20220501934267077,7.757129977380963,0.24287002261903723
bridge,bridge,s9182121_g8_n1.0_b0_r0.25,9182121,8,1.0,retained_map,OK,1.6418955120025203,0,0.25,L,True,0.16415374471421182,0.16707870190713112,0.3490002757211582,0.9656862745098039,2,0.0,7.797795353299011,0.2022046467009888,7.757129977380963,0.24287002261903723
bridge,bridge,s9182121_g8_n1.0_b0_r0.25,9182121,8,1.0,retained_mean,OK,1.6418970200029435,0,0.25,L,True,0.1641532490807524,0.16707833947883893,0.3490002021355151,0.9656862745098039,2,5.433801108585369e-07,7.797794608015647,0.20220539198435272,7.757129977380963,0.24287002261903723
bridge,bridge,s9182121_g8_n1.0_b0_r0.25,9182121,8,1.0,v17_map,OK,1.6418948480059044,0,0.25,,True,0.16415374471421182,0.16707870190713112,0.3490002757211582,0.9656862745098039,2,0.0,7.797795353299011,0.2022046467009888,7.757129977380963,0.24287002261903723
bridge,bridge,s9182121_g8_n1.0_b0_r1.0,9182121,8,1.0,identity,OK,2.574470908002695,0,1.0,,True,0.8055469033581364,0.8181176507512251,1.0208028983180062,0.7174479166666666,,,7.915336003294371,0.08466399670562907,,
bridge,bridge,s9182121_g8_n1.0_b0_r1.0,9182121,8,1.0,old_spatial36,OK,2.574476002002484,0,1.0,,True,0.09106449083045713,0.08268886802432217,0.15803966899990166,0.9947916666666666,2,0.0,7.9075264661318325,0.09247353386816748,7.819182775309146,0.1808172246908537
bridge,bridge,s9182121_g8_n1.0_b0_r1.0,9182121,8,1.0,retained_half,OK,2.5744783699992695,0,1.0,L,True,0.09106452792168414,0.08268887667008228,0.15803974895620967,0.9947916666666666,2,8.482018466927132e-08,7.907526216463303,0.09247378353669689,7.819182386731637,0.18081761326836343
bridge,bridge,s9182121_g8_n1.0_b0_r1.0,9182121,8,1.0,retained_map,OK,2.5744775749990367,0,1.0,L,True,0.09106453778607519,0.08268891198082555,0.1580397171013852,0.9947916666666666,2,0.0,7.907526404365186,0.09247359563481439,7.819182386731637,0.18081761326836343
bridge,bridge,s9182121_g8_n1.0_b0_r1.0,9182121,8,1.0,retained_mean,OK,2.5744792879995657,0,1.0,L,True,0.0910645180572931,0.08268884135933899,0.15803978082629558,0.9947916666666666,2,1.6964036932916872e-07,7.9075260285614215,0.0924739714385785,7.819182386731637,0.18081761326836343
bridge,bridge,s9182121_g8_n1.0_b0_r1.0,9182121,8,1.0,v17_map,OK,2.5744768930017017,0,1.0,,True,0.09106453778607519,0.08268891198082555,0.1580397171013852,0.9947916666666666,2,0.0,7.907526404365186,0.09247359563481439,7.819182386731637,0.18081761326836343
bridge,bridge,s9182121_g8_n1.0_b4_r0.25,9182121,8,1.0,identity,OK,1.709928057003708,4,0.25,,True,3.554006833799889,3.604039069798243,4.1990067785332466,0.1053921568627451,,,8.386653598425708,0.386653598425708,,
bridge,bridge,s9182121_g8_n1.0_b4_r0.25,9182121,8,1.0,old_spatial36,OK,1.709932101002778,4,0.25,,True,0.4552253612702706,0.410200181684639,1.335648328627003,0.946078431372549,2,0.0,7.763168424379889,0.23683157562011115,7.751838247708272,0.2481617522917281
bridge,bridge,s9182121_g8_n1.0_b4_r0.25,9182121,8,1.0,retained_half,OK,1.709934644997702,4,0.25,L,True,0.45522525284108706,0.41019998129660146,1.335648321255404,0.946078431372549,2,2.6009162569370284e-07,7.763167072506025,0.23683292749397467,7.7518327369002415,0.24816726309975845
bridge,bridge,s9182121_g8_n1.0_b4_r0.25,9182121,8,1.0,retained_map,OK,1.7099338979969616,4,0.25,L,True,0.45522501241994573,0.4101998053646601,1.3356482867713733,0.946078431372549,2,0.0,7.763167428070158,0.23683257192984186,7.7518327369002415,0.24816726309975845
bridge,bridge,s9182121_g8_n1.0_b4_r0.25,9182121,8,1.0,retained_mean,OK,1.7099353239973425,4,0.25,L,True,0.45522549326222855,0.41020015722854275,1.335648355748199,0.946078431372549,2,5.201832513932643e-07,7.763166716941892,0.23683328305810836,7.7518327369002415,0.24816726309975845
bridge,bridge,s9182121_g8_n1.0_b4_r0.25,9182121,8,1.0,v17_map,OK,1.7099331170029473,4,0.25,,True,0.45522501241994573,0.4101998053646601,1.3356482867713733,0.946078431372549,2,0.0,7.763167428070158,0.23683257192984186,7.7518327369002415,0.24816726309975845
bridge,bridge,s9182121_g8_n1.0_b4_r1.0,9182121,8,1.0,identity,OK,2.623651351997978,4,1.0,,True,3.4609477359650795,3.5791196655472235,4.144439409829534,0.12109375,,,7.7797093023782775,0.2202906976217225,,
bridge,bridge,s9182121_g8_n1.0_b4_r1.0,9182121,8,1.0,old_spatial36,OK,2.6236560649995226,4,1.0,,True,0.11644863955826733,0.10369790904777583,0.40704890918442227,0.98828125,2,0.0,7.932094193298925,0.06790580670107538,7.818117792309862,0.18188220769013785
bridge,bridge,s9182121_g8_n1.0_b4_r1.0,9182121,8,1.0,retained_half,OK,2.623659327997302,4,1.0,L,True,0.11644868234558332,0.10369792167747273,0.4070489417661822,0.98828125,2,8.758830963921902e-08,7.932093936888449,0.06790606311155134,7.8181174355552745,0.1818825644447255
bridge,bridge,s9182121_g8_n1.0_b4_r1.0,9182121,8,1.0,retained_map,OK,2.6236585910010035,4,1.0,L,True,0.11644869693238098,0.10369796289532865,0.407048930047384,0.98828125,2,0.0,7.9320941335698025,0.06790586643019747,7.8181174355552745,0.1818825644447255
bridge,bridge,s9182121_g8_n1.0_b4_r1.0,9182121,8,1.0,retained_mean,OK,2.6236600400006864,4,1.0,L,True,0.11644866775878572,0.10369788045961685,0.4070489534914735,0.98828125,2,1.7517661927433695e-07,7.932093740207096,0.06790625979290432,7.8181174355552745,0.1818825644447255
bridge,bridge,s9182121_g8_n1.0_b4_r1.0,9182121,8,1.0,v17_map,OK,2.6236577550007496,4,1.0,,True,0.11644869693238098,0.10369796289532865,0.407048930047384,0.98828125,2,0.0,7.9320941335698025,0.06790586643019747,7.8181174355552745,0.1818825644447255
bridge,bridge,s9182121_g8_n2.0_b0_r0.25,9182121,8,2.0,identity,OK,2.866712708004343,0,0.25,,True,1.6167429473330899,1.5584829931211823,2.0497373662531837,0.4068627450980392,,,7.801132222612221,0.19886777738777894,,
bridge,bridge,s9182121_g8_n2.0_b0_r0.25,9182121,8,2.0,old_spatial36,OK,2.8667176150047453,0,0.25,,True,0.21493188387338374,0.23781910840175086,0.28345256008439185,0.9975490196078431,2,0.0,7.8016325136385145,0.1983674863614855,7.599783903125863,0.4002160968741366
bridge,bridge,s9182121_g8_n2.0_b0_r0.25,9182121,8,2.0,retained_half,OK,2.8667199080009595,0,0.25,L,True,0.2564222848795937,0.2780505102391165,0.5331431872204934,0.9901960784313726,2,0.020065431019542394,7.727986668117409,0.272013331882591,7.56249454535824,0.4375054546417596
bridge,bridge,s9182121_g8_n2.0_b0_r0.25,9182121,8,2.0,retained_map,OK,2.86671915500483,0,0.25,L,True,0.2500899264701184,0.271605349178921,0.6053765403538655,0.9950980392156863,2,0.0,7.747379049368952,0.25262095063104795,7.56249454535824,0.4375054546417596
bridge,bridge,s9182121_g8_n2.0_b0_r0.25,9182121,8,2.0,retained_mean,OK,2.8667205200035824,0,0.25,L,True,0.26187938200808736,0.28550607602211364,0.49021349427366584,0.9877450980392157,2,0.04013086203908476,7.708594286865865,0.291405713134135,7.56249454535824,0.4375054546417596
bridge,bridge,s9182121_g8_n2.0_b0_r0.25,9182121,8,2.0,v17_map,OK,2.8667183940051473,0,0.25,,True,0.2500899264701184,0.271605349178921,0.6053765403538655,0.9950980392156863,2,0.0,7.747379049368952,0.25262095063104795,7.56249454535824,0.4375054546417596
bridge,bridge,s9182121_g8_n2.0_b0_r1.0,9182121,8,2.0,identity,OK,2.5095261619935627,0,1.0,,True,1.5980854241161804,1.6362353015024502,2.0416057966360124,0.4140625,,,7.830672006588743,0.16932799341125726,,
bridge,bridge,s9182121_g8_n2.0_b0_r1.0,9182121,8,2.0,old_spatial36,OK,2.5095304679998662,0,1.0,,True,0.2534272960180956,0.2492522377319575,0.7011613051053934,0.96875,2,0.0,7.649002250011594,0.35099774998840605,7.634432807316074,0.3655671926839261
bridge,bridge,s9182121_g8_n2.0_b0_r1.0,9182121,8,2.0,retained_half,OK,2.509533222997561,0,1.0,L,True,0.2561997925032358,0.24916036256543575,0.6755704059517262,0.96875,2,0.006922339564539227,7.651750190702172,0.3482498092978279,7.628526608565358,0.371473391434642
bridge,bridge,s9182121_g8_n2.0_b0_r1.0,9182121,8,2.0,retained_map,OK,2.5095324750000145,0,1.0,L,True,0.25444707835553015,0.25061575631375,0.7013093959361139,0.96875,2,0.0,7.653140759558648,0.3468592404413524,7.628526608565358,0.371473391434642
bridge,bridge,s9182121_g8_n2.0_b0_r1.0,9182121,8,2.0,retained_mean,OK,2.5095339129984495,0,1.0,L,True,0.2586093776280883,0.24879397447216245,0.653937526798856,0.9674479166666666,2,0.013844679129078446,7.650359621845695,0.34964037815430515,7.628526608565358,0.371473391434642
bridge,bridge,s9182121_g8_n2.0_b0_r1.0,9182121,8,2.0,v17_map,OK,2.5095316909937537,0,1.0,,True,0.25444707835553015,0.25061575631375,0.7013093959361139,0.96875,2,0.0,7.653140759558648,0.3468592404413524,7.628526608565358,0.371473391434642
bridge,bridge,s9182121_g8_n2.0_b4_r0.25,9182121,8,2.0,identity,OK,1.7303687989988248,4,0.25,,True,3.7105345096186753,3.827715886018928,4.544645742693226,0.12745098039215685,,,8.287219709731819,0.28721970973181854,,
bridge,bridge,s9182121_g8_n2.0_b4_r0.25,9182121,8,2.0,old_spatial36,OK,1.7303730470011942,4,0.25,,True,0.22183319696823225,0.22105812340729192,0.370306684073071,0.9975490196078431,2,0.0,7.822089943931023,0.1779100560689768,7.603719508966833,0.396280491033167
bridge,bridge,s9182121_g8_n2.0_b4_r0.25,9182121,8,2.0,retained_half,OK,1.7303752010047901,4,0.25,L,True,0.2601189806311214,0.25794167230722204,0.5920607024973017,0.9901960784313726,2,0.020141742161701556,7.748394822965345,0.251605177034655,7.566195998210963,0.4338040017890368
bridge,bridge,s9182121_g8_n2.0_b4_r0.25,9182121,8,2.0,retained_map,OK,1.730374593003944,4,0.25,L,True,0.2505796885766282,0.2495249344404769,0.6609841632412837,0.9950980392156863,2,0.0,7.767761334596286,0.23223866540371407,7.566195998210963,0.4338040017890368
bridge,bridge,s9182121_g8_n2.0_b4_r0.25,9182121,8,2.0,retained_mean,OK,1.7303758790003485,4,0.25,L,True,0.26881672842469223,0.26742887056409326,0.5504655503819732,0.9852941176470589,2,0.04028348432340311,7.729028311334407,0.2709716886655933,7.566195998210963,0.4338040017890368
bridge,bridge,s9182121_g8_n2.0_b4_r0.25,9182121,8,2.0,v17_map,OK,1.7303738560003694,4,0.25,,True,0.2505796885766282,0.2495249344404769,0.6609841632412837,0.9950980392156863,2,0.0,7.767761334596286,0.23223866540371407,7.566195998210963,0.4338040017890368
bridge,bridge,s9182121_g8_n2.0_b4_r1.0,9182121,8,2.0,identity,OK,2.5615889280015836,4,1.0,,True,3.5734717104046614,3.7839812703461466,4.520711576502666,0.14713541666666666,,,7.695045305672649,0.3049546943273507,,
bridge,bridge,s9182121_g8_n2.0_b4_r1.0,9182121,8,2.0,old_spatial36,OK,2.5615930290005053,4,1.0,,True,0.28248074094031567,0.2974702382996441,0.9712678699380399,0.9609375,2,0.0,7.720403715075174,0.2795962849248257,7.633743141372468,0.36625685862753166
bridge,bridge,s9182121_g8_n2.0_b4_r1.0,9182121,8,2.0,retained_half,OK,2.5615958549969946,4,1.0,L,True,0.285248251837845,0.29743169458802865,0.9529088124177987,0.9609375,2,0.006984012132217781,7.723216670212831,0.27678332978716913,7.627821972111513,0.372178027888487
bridge,bridge,s9182121_g8_n2.0_b4_r1.0,9182121,8,2.0,retained_map,OK,2.561595054998179,4,1.0,L,True,0.2835428688953021,0.29888361097399685,0.9713824547287586,0.9609375,2,0.0,7.724645981425994,0.27535401857400643,7.627821972111513,0.372178027888487
bridge,bridge,s9182121_g8_n2.0_b4_r1.0,9182121,8,2.0,retained_mean,OK,2.561596601997735,4,1.0,L,True,0.2876504278573176,0.2970832725406024,0.9376685191851433,0.9596354166666666,2,0.013968024264435566,7.721787358999669,0.27821264100033094,7.627821972111513,0.372178027888487
bridge,bridge,s9182121_g8_n2.0_b4_r1.0,9182121,8,2.0,v17_map,OK,2.561594252001669,4,1.0,,True,0.2835428688953021,0.29888361097399685,0.9713824547287586,0.9609375,2,0.0,7.724645981425994,0.27535401857400643,7.627821972111513,0.372178027888487
