case,domain,method,output,output_sha256,prepare_seconds,decode_seconds,association_change_fraction,fallback_components,gap_mm,amplitude_mm,surface_accuracy_mean_mm,surface_accuracy_p95_mm,matched_point_rms_mm
ghost_s9134101_b0_a0,synthetic,global_hard,/srv/slam-research/grf/map-denoise/runs/multiscan-pilot-v1/atlas-v13-curved-ugoaiy7_/outputs/ghost_s9134101_b0_a0__global_hard.npz,5f530da35297181db4841b1f2a0addc37bd759e5d9244c5ed87fc9ba7aef23ed,0.03973817799999324,0.00013517100001081417,0.0,0,0.0,0,0.04471478360933958,0.08945679844441011,0.052137672278427326
ghost_s9134101_b0_a0,synthetic,atlas_hard_96,/srv/slam-research/grf/map-denoise/runs/multiscan-pilot-v1/atlas-v13-curved-ugoaiy7_/outputs/ghost_s9134101_b0_a0__atlas_hard_96.npz,2b12f5681aed85d52525622dbf670a967cb57d6d197d6f3cb7ade69f5ba31698,0.03973817799999324,0.0019148450001011952,0.0,0,0.0,0,0.1418279516392992,0.35402020398553374,0.17967207628680829
ghost_s9134101_b0_a0,synthetic,atlas_hard_256,/srv/slam-research/grf/map-denoise/runs/multiscan-pilot-v1/atlas-v13-curved-ugoaiy7_/outputs/ghost_s9134101_b0_a0__atlas_hard_256.npz,44ada91b22ba5be2f6b27061fc01d95de4052efdab6f1382f50284df2f7c99b5,0.03973817799999324,0.0011536399999840796,0.0,0,0.0,0,0.10038984497729969,0.2609964306055223,0.12750876745628187
ghost_s9134101_b0_a0,synthetic,atlas_tied_96,/srv/slam-research/grf/map-denoise/runs/multiscan-pilot-v1/atlas-v13-curved-ugoaiy7_/outputs/ghost_s9134101_b0_a0__atlas_tied_96.npz,c5afbffcf10f418ceeb3f4b9d358f657a11300054517697358e2164376b71930,0.03973817799999324,0.0015753050000739677,0.0,0,0.0,0,0.07537538138843976,0.14403226666515237,0.08865929923370022
ghost_s9134101_b0_a0,synthetic,atlas_tied_256,/srv/slam-research/grf/map-denoise/runs/multiscan-pilot-v1/atlas-v13-curved-ugoaiy7_/outputs/ghost_s9134101_b0_a0__atlas_tied_256.npz,e01055a0d603bb3676be12a39c0a891cfa13f51c5ba3c130e626c6d79ae58fde,0.03973817799999324,0.001030674000048748,0.0,0,0.0,0,0.05216606705735354,0.11474211908237048,0.06258332257974361
ghost_s9134101_b0_a0,synthetic,atlas_relax_96,/srv/slam-research/grf/map-denoise/runs/multiscan-pilot-v1/atlas-v13-curved-ugoaiy7_/outputs/ghost_s9134101_b0_a0__atlas_relax_96.npz,2b12f5681aed85d52525622dbf670a967cb57d6d197d6f3cb7ade69f5ba31698,0.03973817799999324,0.012073675000010553,0.0,0,0.0,0,0.1418279516392992,0.35402020398553374,0.17967207628680829
ghost_s9134101_b0_a0,synthetic,atlas_relax_256,/srv/slam-research/grf/map-denoise/runs/multiscan-pilot-v1/atlas-v13-curved-ugoaiy7_/outputs/ghost_s9134101_b0_a0__atlas_relax_256.npz,44ada91b22ba5be2f6b27061fc01d95de4052efdab6f1382f50284df2f7c99b5,0.03973817799999324,0.005648046000032991,0.0,0,0.0,0,0.10038984497729969,0.2609964306055223,0.12750876745628187
ghost_s9134101_b0_a0,synthetic,bias_only,/srv/slam-research/grf/map-denoise/runs/multiscan-pilot-v1/atlas-v13-curved-ugoaiy7_/outputs/ghost_s9134101_b0_a0__bias_only.npz,4b8323ed59efd7bbe7420778ec8722119b43242094f09533fbfb32d6a3630b63,,,,,0.0,0,0.7999940806459308,1.8396508701243888,0.9930285200471123
ghost_s9134101_b0_a0,synthetic,old_original,/srv/slam-research/grf/map-denoise/runs/multiscan-pilot-v1/atlas-v13-curved-ugoaiy7_/outputs/ghost_s9134101_b0_a0__old_original.npz,9baed9f3e32ae7095843ff70386eafc51b2def345f68d5a46eb947af9e1812ce,,,0.0,,0.0,0,0.044829270256392106,0.08969039609320294,0.05251790057231371
ghost_s9134101_b0_a0,synthetic,whole_spatial,/srv/slam-research/grf/map-denoise/runs/multiscan-pilot-v1/atlas-v13-curved-ugoaiy7_/outputs/ghost_s9134101_b0_a0__whole_spatial.npz,d5c3a321c54df8824335aba7b8e5a20110c340d7433eaada739cf46a167c02b3,,,,,0.0,0,0.04481692339322771,0.08964141244293652,0.05250134146387838
ghost_s9134101_b0_a0,synthetic,local_spatial_96,/srv/slam-research/grf/map-denoise/runs/multiscan-pilot-v1/atlas-v13-curved-ugoaiy7_/outputs/ghost_s9134101_b0_a0__local_spatial_96.npz,28d7cf588fec3765a75cdee6ee3b313eb54ce6737ea39a5970093fd75d8fab84,,,,,0.0,0,0.14182795163929918,0.3540202039855326,0.17967207628680823
ghost_s9134101_b0_a0,synthetic,apss_2,/srv/slam-research/grf/map-denoise/runs/multiscan-pilot-v1/atlas-v13-curved-ugoaiy7_/outputs/ghost_s9134101_b0_a0__apss_2.npz,5bb64f64e8c3035b916e5ae9f0e70350f1ee3eae92cc5f5665b4545cf68259bd,,,,,0.0,0,0.3521546368037048,0.8185863299197915,0.435325447884511
ghost_s9134101_b0_a0,synthetic,rimls_2,/srv/slam-research/grf/map-denoise/runs/multiscan-pilot-v1/atlas-v13-curved-ugoaiy7_/outputs/ghost_s9134101_b0_a0__rimls_2.npz,f6643cf5f445a5586669e1f745b838dd26d94c7fa0f1c5ee701bd9b9679c828b,,,,,0.0,0,0.36390663137209356,0.8468944342556061,0.4627160561152137
ghost_s9134101_b0_a2,synthetic,global_hard,/srv/slam-research/grf/map-denoise/runs/multiscan-pilot-v1/atlas-v13-curved-ugoaiy7_/outputs/ghost_s9134101_b0_a2__global_hard.npz,d8b791ec39d3b802552d9d2b11b56526e5883734dbcccf889a8698b2a0903d65,0.03961457100001553,0.00014025500001935143,0.0,0,0.0,2,0.3064738248429606,0.8849158082596454,0.4115526526456512
ghost_s9134101_b0_a2,synthetic,atlas_hard_96,/srv/slam-research/grf/map-denoise/runs/multiscan-pilot-v1/atlas-v13-curved-ugoaiy7_/outputs/ghost_s9134101_b0_a2__atlas_hard_96.npz,e936b10ee1903d6cc15dada23b4f643f62236017b5a67233e4b369e380fea0a2,0.03961457100001553,0.002380067999979474,0.0,4,0.0,2,0.33360262766899446,0.9601921940924232,0.4734561532452709
ghost_s9134101_b0_a2,synthetic,atlas_hard_256,/srv/slam-research/grf/map-denoise/runs/multiscan-pilot-v1/atlas-v13-curved-ugoaiy7_/outputs/ghost_s9134101_b0_a2__atlas_hard_256.npz,d5ec4b1ad525a8af5cd597918a6beb6f8e7f016fefb084f283154cf7bcc06a6d,0.03961457100001553,0.0013467869999885806,0.0,0,0.0,2,0.31888253429778474,0.9443222004397713,0.4414695711144415
ghost_s9134101_b0_a2,synthetic,atlas_tied_96,/srv/slam-research/grf/map-denoise/runs/multiscan-pilot-v1/atlas-v13-curved-ugoaiy7_/outputs/ghost_s9134101_b0_a2__atlas_tied_96.npz,f8183204f6bb444f7a3c507d3ab9379c73044b1cdb94de68602a861e8880b865,0.03961457100001553,0.001780900999960977,0.0,4,0.0,2,0.3085350502108206,0.9124976555745277,0.4266907390162086
ghost_s9134101_b0_a2,synthetic,atlas_tied_256,/srv/slam-research/grf/map-denoise/runs/multiscan-pilot-v1/atlas-v13-curved-ugoaiy7_/outputs/ghost_s9134101_b0_a2__atlas_tied_256.npz,d2ce3c6257205ff0e104980c650024b8f3ed5d53a9a9e51dbc4cc7c7a538c677,0.03961457100001553,0.0011369830000376169,0.0,0,0.0,2,0.311840762493371,0.9243992923016972,0.43037639050167076
ghost_s9134101_b0_a2,synthetic,atlas_relax_96,/srv/slam-research/grf/map-denoise/runs/multiscan-pilot-v1/atlas-v13-curved-ugoaiy7_/outputs/ghost_s9134101_b0_a2__atlas_relax_96.npz,95472dc9d867d98f79fcff36800897beb20e4b9cedeb78c9c183feadc3255168,0.03961457100001553,0.01643353500003286,0.055989583333333336,4,0.0,2,0.1976352918564377,0.6176144084659343,0.2817853043534237
ghost_s9134101_b0_a2,synthetic,atlas_relax_256,/srv/slam-research/grf/map-denoise/runs/multiscan-pilot-v1/atlas-v13-curved-ugoaiy7_/outputs/ghost_s9134101_b0_a2__atlas_relax_256.npz,1f113662a349769341863ca0ba8fd80e91f8d790764674089d91176a5eaa450b,0.03961457100001553,0.009460057000069355,0.03515625,0,0.0,2,0.2065135057209695,0.5807374758601092,0.27420155556259485
ghost_s9134101_b0_a2,synthetic,bias_only,/srv/slam-research/grf/map-denoise/runs/multiscan-pilot-v1/atlas-v13-curved-ugoaiy7_/outputs/ghost_s9134101_b0_a2__bias_only.npz,691c91d57fed842e636d311bdb02c2529caf77e050aef97c9ab849c1336c4267,,,,,0.0,2,0.7994691290872926,1.8384001921061022,0.9930214206237697
ghost_s9134101_b0_a2,synthetic,old_original,/srv/slam-research/grf/map-denoise/runs/multiscan-pilot-v1/atlas-v13-curved-ugoaiy7_/outputs/ghost_s9134101_b0_a2__old_original.npz,6ecbd834aa0baac3afec9ea63b097fde57edc7683ad2aff928d6e34f84b0fc09,,,0.0,,0.0,2,0.10621432576330875,0.26542673109112286,0.13223357511793607
ghost_s9134101_b0_a2,synthetic,whole_spatial,/srv/slam-research/grf/map-denoise/runs/multiscan-pilot-v1/atlas-v13-curved-ugoaiy7_/outputs/ghost_s9134101_b0_a2__whole_spatial.npz,a05355441a4a21ea769072783003e34d61a52699666e3ad5f0fe3ae7131e3f84,,,,,0.0,2,0.2942249520742714,0.811357752022973,0.3857703054277776
ghost_s9134101_b0_a2,synthetic,local_spatial_96,/srv/slam-research/grf/map-denoise/runs/multiscan-pilot-v1/atlas-v13-curved-ugoaiy7_/outputs/ghost_s9134101_b0_a2__local_spatial_96.npz,42ece3edd04aa21f1678aecac1dc2dd149614c883defb8d9a9476540980a05a6,,,,,0.0,2,0.15780561715977043,0.3766903664461231,0.20074529217854353
ghost_s9134101_b0_a2,synthetic,apss_2,/srv/slam-research/grf/map-denoise/runs/multiscan-pilot-v1/atlas-v13-curved-ugoaiy7_/outputs/ghost_s9134101_b0_a2__apss_2.npz,3d546aea03b442d53c546e2c0d78e04125d70346879fbafccc0e6954840e9621,,,,,0.0,2,0.3521025267994327,0.812760189299803,0.43633314685648145
ghost_s9134101_b0_a2,synthetic,rimls_2,/srv/slam-research/grf/map-denoise/runs/multiscan-pilot-v1/atlas-v13-curved-ugoaiy7_/outputs/ghost_s9134101_b0_a2__rimls_2.npz,706ddf5e8389034fc20fc75c2c4b38ffac5c667a46d4454862d9e08ccc00f0a7,,,,,0.0,2,0.363448613709709,0.8374763711773529,0.46261422889267406
ghost_s9134101_b0_a8,synthetic,global_hard,/srv/slam-research/grf/map-denoise/runs/multiscan-pilot-v1/atlas-v13-curved-ugoaiy7_/outputs/ghost_s9134101_b0_a8__global_hard.npz,758b5f516751725231e240637f93c9032a672af9b4a7aa39c4fc28af39819370,0.03940677899993261,0.00013782300004550052,0.0,0,0.0,8,1.028336062980492,2.4491759173693466,1.2914496612410327
ghost_s9134101_b0_a8,synthetic,atlas_hard_96,/srv/slam-research/grf/map-denoise/runs/multiscan-pilot-v1/atlas-v13-curved-ugoaiy7_/outputs/ghost_s9134101_b0_a8__atlas_hard_96.npz,955c9c3274a26f07911b596cc44450ee17376d389298e26349ccbd1f22f4d85e,0.03940677899993261,0.0020993900000121357,0.0,3,0.0,8,0.3416201808054123,0.8496763176419164,0.46307109236594435
ghost_s9134101_b0_a8,synthetic,atlas_hard_256,/srv/slam-research/grf/map-denoise/runs/multiscan-pilot-v1/atlas-v13-curved-ugoaiy7_/outputs/ghost_s9134101_b0_a8__atlas_hard_256.npz,7c3c3dbbfbaa29ab3d84a06e2fa1f429f567d8b19b529ce020a47275bf98dd30,0.03940677899993261,0.0013064510000049268,0.0,0,0.0,8,0.5230508101879733,1.3549853393877902,0.674402588858488
ghost_s9134101_b0_a8,synthetic,atlas_tied_96,/srv/slam-research/grf/map-denoise/runs/multiscan-pilot-v1/atlas-v13-curved-ugoaiy7_/outputs/ghost_s9134101_b0_a8__atlas_tied_96.npz,9d010e38d28b4e9239e4ec2c5a85424f66f2c60580138641b550a04f2650d42d,0.03940677899993261,0.0017548999999235093,0.0,3,0.0,8,0.7727372743804878,2.2303187589024196,1.061780015657401
ghost_s9134101_b0_a8,synthetic,atlas_tied_256,/srv/slam-research/grf/map-denoise/runs/multiscan-pilot-v1/atlas-v13-curved-ugoaiy7_/outputs/ghost_s9134101_b0_a8__atlas_tied_256.npz,0fcd07e894be35199d8aa742bba7f9b6abb86ba4d90162361327b93f07210c45,0.03940677899993261,0.0011148339999635937,0.0,0,0.0,8,0.9539071195128211,2.362536987261837,1.2196555448870816
ghost_s9134101_b0_a8,synthetic,atlas_relax_96,/srv/slam-research/grf/map-denoise/runs/multiscan-pilot-v1/atlas-v13-curved-ugoaiy7_/outputs/ghost_s9134101_b0_a8__atlas_relax_96.npz,a244f9f263e2c30ed26d05a4a909712869cce5c7010c5d3235fe56cee0526c95,0.03940677899993261,0.017143683999961468,0.0546875,3,0.0,8,0.24424059900310824,0.6477211183958245,0.35155807270042366
ghost_s9134101_b0_a8,synthetic,atlas_relax_256,/srv/slam-research/grf/map-denoise/runs/multiscan-pilot-v1/atlas-v13-curved-ugoaiy7_/outputs/ghost_s9134101_b0_a8__atlas_relax_256.npz,c9a44aa1cc608fedeae4fdca6dd7c6ed946844b3d1436df346e8d19184255d8b,0.03940677899993261,0.009731245000011768,0.0546875,0,0.0,8,0.4051618008989986,1.175404066758645,0.5768531641963104
ghost_s9134101_b0_a8,synthetic,bias_only,/srv/slam-research/grf/map-denoise/runs/multiscan-pilot-v1/atlas-v13-curved-ugoaiy7_/outputs/ghost_s9134101_b0_a8__bias_only.npz,387f3a0c4634926145a62e0fab5550b253e803f49f91a4982887d9ec85d51c4a,,,,,0.0,8,0.7907728959750376,1.8367206009120545,0.9937203392814107
ghost_s9134101_b0_a8,synthetic,old_original,/srv/slam-research/grf/map-denoise/runs/multiscan-pilot-v1/atlas-v13-curved-ugoaiy7_/outputs/ghost_s9134101_b0_a8__old_original.npz,c7e1949ba998d40b0efa3443072944866914793d67e3973890e39ede76a52cce,,,0.0,,0.0,8,0.24221414187666526,0.5667203218641836,0.2953719426814709
ghost_s9134101_b0_a8,synthetic,whole_spatial,/srv/slam-research/grf/map-denoise/runs/multiscan-pilot-v1/atlas-v13-curved-ugoaiy7_/outputs/ghost_s9134101_b0_a8__whole_spatial.npz,f2de5242284fa47786e086245e3987d281c2480de97700d645463148588ccc03,,,,,0.0,8,1.0315475994488557,2.4566333571758916,1.291901666845222
ghost_s9134101_b0_a8,synthetic,local_spatial_96,/srv/slam-research/grf/map-denoise/runs/multiscan-pilot-v1/atlas-v13-curved-ugoaiy7_/outputs/ghost_s9134101_b0_a8__local_spatial_96.npz,79ed60ca548051ba5d3200a180d0a3749550c325345e1426f746bd765296c07e,,,,,0.0,8,0.2678408850099938,0.6401656323105379,0.362224570131197
ghost_s9134101_b0_a8,synthetic,apss_2,/srv/slam-research/grf/map-denoise/runs/multiscan-pilot-v1/atlas-v13-curved-ugoaiy7_/outputs/ghost_s9134101_b0_a8__apss_2.npz,4e71b160068c93ee25cfc4abce152658950da0c37564dd914910e97c8411e436,,,,,0.0,8,0.34850478625504966,0.8041474849575874,0.455984208727299
ghost_s9134101_b0_a8,synthetic,rimls_2,/srv/slam-research/grf/map-denoise/runs/multiscan-pilot-v1/atlas-v13-curved-ugoaiy7_/outputs/ghost_s9134101_b0_a8__rimls_2.npz,382d25489819c855398817433dacd052a56b152a017cb9af0ee88fcc15889d14,,,,,0.0,8,0.35874064898949215,0.8167549629692668,0.4776996693779424
ghost_s9134101_b4_a0,synthetic,global_hard,/srv/slam-research/grf/map-denoise/runs/multiscan-pilot-v1/atlas-v13-curved-ugoaiy7_/outputs/ghost_s9134101_b4_a0__global_hard.npz,9263648505337373ccb081a5900040e111b19770c4493284b70574230417edc6,0.03851422200000343,0.00012478799999371404,0.0,0,0.0,0,0.044719396830765784,0.0894511416939837,0.056671691655247505
ghost_s9134101_b4_a0,synthetic,atlas_hard_96,/srv/slam-research/grf/map-denoise/runs/multiscan-pilot-v1/atlas-v13-curved-ugoaiy7_/outputs/ghost_s9134101_b4_a0__atlas_hard_96.npz,f5f1903fa47e28c04aa0bc5c60de0e55b87a8cddd00003a8abcf0dde75ff7f2b,0.03851422200000343,0.0017931900000576206,0.0,0,0.0,0,0.14179196944420291,0.35390970191908305,0.18105228521033326
ghost_s9134101_b4_a0,synthetic,atlas_hard_256,/srv/slam-research/grf/map-denoise/runs/multiscan-pilot-v1/atlas-v13-curved-ugoaiy7_/outputs/ghost_s9134101_b4_a0__atlas_hard_256.npz,b0abd40b39229bc63e0f55e784c2256f905d5a88002bcb0194a77b8339b333d7,0.03851422200000343,0.0011187469999640598,0.0,0,0.0,0,0.10055875060027346,0.26096980085101246,0.12956895263027993
ghost_s9134101_b4_a0,synthetic,atlas_tied_96,/srv/slam-research/grf/map-denoise/runs/multiscan-pilot-v1/atlas-v13-curved-ugoaiy7_/outputs/ghost_s9134101_b4_a0__atlas_tied_96.npz,23276a809ed2b82cd4535cd39a3ff18baab5091445f4b2689fe045f119356515,0.03851422200000343,0.001567657999999028,0.0,0,0.0,0,0.07552081265953987,0.14427145307633793,0.09154339332278837
ghost_s9134101_b4_a0,synthetic,atlas_tied_256,/srv/slam-research/grf/map-denoise/runs/multiscan-pilot-v1/atlas-v13-curved-ugoaiy7_/outputs/ghost_s9134101_b4_a0__atlas_tied_256.npz,a23976bed929c71330b8d8211718c1c9cf3816a8d800e380e4a7ba3deb1e76d6,0.03851422200000343,0.0010273320000351305,0.0,0,0.0,0,0.05189334529931438,0.11474642309407808,0.06631190943483142
ghost_s9134101_b4_a0,synthetic,atlas_relax_96,/srv/slam-research/grf/map-denoise/runs/multiscan-pilot-v1/atlas-v13-curved-ugoaiy7_/outputs/ghost_s9134101_b4_a0__atlas_relax_96.npz,f5f1903fa47e28c04aa0bc5c60de0e55b87a8cddd00003a8abcf0dde75ff7f2b,0.03851422200000343,0.011700486999984605,0.0,0,0.0,0,0.14179196944420291,0.35390970191908305,0.18105228521033326
ghost_s9134101_b4_a0,synthetic,atlas_relax_256,/srv/slam-research/grf/map-denoise/runs/multiscan-pilot-v1/atlas-v13-curved-ugoaiy7_/outputs/ghost_s9134101_b4_a0__atlas_relax_256.npz,b0abd40b39229bc63e0f55e784c2256f905d5a88002bcb0194a77b8339b333d7,0.03851422200000343,0.005585205999977916,0.0,0,0.0,0,0.10055875060027346,0.26096980085101246,0.12956895263027993
ghost_s9134101_b4_a0,synthetic,bias_only,/srv/slam-research/grf/map-denoise/runs/multiscan-pilot-v1/atlas-v13-curved-ugoaiy7_/outputs/ghost_s9134101_b4_a0__bias_only.npz,a72c116c4c54e5effb756dadf937ea1c58b54da0cfb7ed933698cf0c0813261e,,,,,0.0,0,0.7999957317763471,1.8396396512275455,0.9932762575319803
ghost_s9134101_b4_a0,synthetic,old_original,/srv/slam-research/grf/map-denoise/runs/multiscan-pilot-v1/atlas-v13-curved-ugoaiy7_/outputs/ghost_s9134101_b4_a0__old_original.npz,5945e9655bf51dde2b4420041ce426291e3967874169ec43dd865f046b6e25d0,,,0.0,,0.0,0,0.04483377097651987,0.08968431529692568,0.05703225890835705
ghost_s9134101_b4_a0,synthetic,whole_spatial,/srv/slam-research/grf/map-denoise/runs/multiscan-pilot-v1/atlas-v13-curved-ugoaiy7_/outputs/ghost_s9134101_b4_a0__whole_spatial.npz,3c789c5c99bdc7b9c986070f7db692b13d3f8f21c93eb7f80a01993622ac736a,,,,,0.0,0,0.04482153183658464,0.08963570871396181,0.05701714110894741
ghost_s9134101_b4_a0,synthetic,local_spatial_96,/srv/slam-research/grf/map-denoise/runs/multiscan-pilot-v1/atlas-v13-curved-ugoaiy7_/outputs/ghost_s9134101_b4_a0__local_spatial_96.npz,3a0a03ea008df8e097543506210f9ebc57fee6f7c908ed25f09ed15ad7981265,,,,,0.0,0,0.14179196944420291,0.35390970191908305,0.18105228521033329
ghost_s9134101_b4_a0,synthetic,apss_2,/srv/slam-research/grf/map-denoise/runs/multiscan-pilot-v1/atlas-v13-curved-ugoaiy7_/outputs/ghost_s9134101_b4_a0__apss_2.npz,937f0f98fa7f6adbec9e1595f20df6fb8e9ca5f65c2421d3a5ad3c23da60c5b0,,,,,0.0,0,0.3525363700486445,0.817686927293009,0.43626448417517955
ghost_s9134101_b4_a0,synthetic,rimls_2,/srv/slam-research/grf/map-denoise/runs/multiscan-pilot-v1/atlas-v13-curved-ugoaiy7_/outputs/ghost_s9134101_b4_a0__rimls_2.npz,bc857b462231661402e69667b83d8da6fe73d1196230de65fc2caab4914598d8,,,,,0.0,0,0.3642709665919511,0.8459766814891948,0.4635137892058766
ghost_s9134101_b4_a2,synthetic,global_hard,/srv/slam-research/grf/map-denoise/runs/multiscan-pilot-v1/atlas-v13-curved-ugoaiy7_/outputs/ghost_s9134101_b4_a2__global_hard.npz,8eb68bcf7f2f9519b7d0e30fcb9ef1f3653c753e66cf43ef7ec92acbb1d51827,0.03859494100004213,0.00014960999999402702,0.0,0,0.0,2,0.30647214956044055,0.8848020317456529,0.412057931876648
ghost_s9134101_b4_a2,synthetic,atlas_hard_96,/srv/slam-research/grf/map-denoise/runs/multiscan-pilot-v1/atlas-v13-curved-ugoaiy7_/outputs/ghost_s9134101_b4_a2__atlas_hard_96.npz,151e91bd5fa5721b2c923cb704a547d746c06b99324f739a5d885f8f34b99eed,0.03859494100004213,0.0021483799999941766,0.0,4,0.0,2,0.33371710999888665,0.9603250313398445,0.47383294016797245
ghost_s9134101_b4_a2,synthetic,atlas_hard_256,/srv/slam-research/grf/map-denoise/runs/multiscan-pilot-v1/atlas-v13-curved-ugoaiy7_/outputs/ghost_s9134101_b4_a2__atlas_hard_256.npz,9457cd57f8f4678fc84ada5a28170b5fff3d57967214f413b82168afc9f4a2eb,0.03859494100004213,0.0013710079999782465,0.0,0,0.0,2,0.318883692226108,0.9442322576098265,0.4419444791990611
ghost_s9134101_b4_a2,synthetic,atlas_tied_96,/srv/slam-research/grf/map-denoise/runs/multiscan-pilot-v1/atlas-v13-curved-ugoaiy7_/outputs/ghost_s9134101_b4_a2__atlas_tied_96.npz,069ec2bd722ef9c723b04864760238d461511e852e2e9292d742d7ccb9b43946,0.03859494100004213,0.0018295459999535524,0.0,4,0.0,2,0.3082210539040458,0.9126255500724545,0.4264202291918771
ghost_s9134101_b4_a2,synthetic,atlas_tied_256,/srv/slam-research/grf/map-denoise/runs/multiscan-pilot-v1/atlas-v13-curved-ugoaiy7_/outputs/ghost_s9134101_b4_a2__atlas_tied_256.npz,e685223eafc90f2a23428cae542473a8089ae9a1502254fa84640ecdb84579f5,0.03859494100004213,0.001138762999971732,0.0,0,0.0,2,0.3118412763936429,0.9248523307191999,0.4308590466200541
ghost_s9134101_b4_a2,synthetic,atlas_relax_96,/srv/slam-research/grf/map-denoise/runs/multiscan-pilot-v1/atlas-v13-curved-ugoaiy7_/outputs/ghost_s9134101_b4_a2__atlas_relax_96.npz,2906c372b55ace6ad808828d4500b09a46d8e6c963f0799907c42117c7743504,0.03859494100004213,0.016581531999918298,0.0546875,4,0.0,2,0.19764146149123754,0.6177389364899786,0.2825145391498226
ghost_s9134101_b4_a2,synthetic,atlas_relax_256,/srv/slam-research/grf/map-denoise/runs/multiscan-pilot-v1/atlas-v13-curved-ugoaiy7_/outputs/ghost_s9134101_b4_a2__atlas_relax_256.npz,f9f5fe0dc93d26b5c7785074ba66065ecc82fa4b98379b42e333fe55d305d661,0.03859494100004213,0.01000934400008191,0.03515625,0,0.0,2,0.20650844789331146,0.5809474356239067,0.27497039738567364
ghost_s9134101_b4_a2,synthetic,bias_only,/srv/slam-research/grf/map-denoise/runs/multiscan-pilot-v1/atlas-v13-curved-ugoaiy7_/outputs/ghost_s9134101_b4_a2__bias_only.npz,df3b063c5364ca2aac108c3d89cc70a283f73de9789f1d4c7eed302df872cbeb,,,,,0.0,2,0.799459456926412,1.8387993747740785,0.9932276697690603
ghost_s9134101_b4_a2,synthetic,old_original,/srv/slam-research/grf/map-denoise/runs/multiscan-pilot-v1/atlas-v13-curved-ugoaiy7_/outputs/ghost_s9134101_b4_a2__old_original.npz,7023c27c5165fc1998cfac9b091846e32fdce423ca3846984766b4a17a1a267b,,,0.0,,0.0,2,0.10619980800732319,0.26545212065792534,0.13378104713404357
ghost_s9134101_b4_a2,synthetic,whole_spatial,/srv/slam-research/grf/map-denoise/runs/multiscan-pilot-v1/atlas-v13-curved-ugoaiy7_/outputs/ghost_s9134101_b4_a2__whole_spatial.npz,f0e09e3a0670fedcc52ec65adbce57b596fb50fb8618b072c5465107b34a7ac2,,,,,0.0,2,0.2942214976141799,0.811230840759883,0.38631131020575016
ghost_s9134101_b4_a2,synthetic,local_spatial_96,/srv/slam-research/grf/map-denoise/runs/multiscan-pilot-v1/atlas-v13-curved-ugoaiy7_/outputs/ghost_s9134101_b4_a2__local_spatial_96.npz,b0bb6c88c23c91128230753f2d988a13f745a5c0f7a8d80dc7b48fe376eb5fb2,,,,,0.0,2,0.15840865589930253,0.3793918137057965,0.20252903116680007
ghost_s9134101_b4_a2,synthetic,apss_2,/srv/slam-research/grf/map-denoise/runs/multiscan-pilot-v1/atlas-v13-curved-ugoaiy7_/outputs/ghost_s9134101_b4_a2__apss_2.npz,05ba0567866bfb503c97cf96cf84c931e5e273a56349243ad01f93d7f25fd268,,,,,0.0,2,0.3522827608513264,0.8122407657910024,0.43695317356680596
ghost_s9134101_b4_a2,synthetic,rimls_2,/srv/slam-research/grf/map-denoise/runs/multiscan-pilot-v1/atlas-v13-curved-ugoaiy7_/outputs/ghost_s9134101_b4_a2__rimls_2.npz,45e45fab40ab40ff4464195b3f3ce8435fc7fae629340990fcfc65f4be081a23,,,,,0.0,2,0.36363302033387185,0.837540424249298,0.463139784408486
ghost_s9134101_b4_a8,synthetic,global_hard,/srv/slam-research/grf/map-denoise/runs/multiscan-pilot-v1/atlas-v13-curved-ugoaiy7_/outputs/ghost_s9134101_b4_a8__global_hard.npz,0c828fdf54afc29a8be7d19c59fd295e541f683687a936de045b359d3ae2ed79,0.039412247999962347,0.00016568800003824435,0.0,0,0.0,8,1.0342267926254602,2.4518078252636433,1.3010590831851232
ghost_s9134101_b4_a8,synthetic,atlas_hard_96,/srv/slam-research/grf/map-denoise/runs/multiscan-pilot-v1/atlas-v13-curved-ugoaiy7_/outputs/ghost_s9134101_b4_a8__atlas_hard_96.npz,48c36a1dbf55b1aaeb89b0b18ed523ff6e797781d97a79c7836daa1beb0a6216,0.039412247999962347,0.0020826400000260037,0.0,3,0.0,8,0.34676099969193497,0.8493493748075984,0.4754541532234275
ghost_s9134101_b4_a8,synthetic,atlas_hard_256,/srv/slam-research/grf/map-denoise/runs/multiscan-pilot-v1/atlas-v13-curved-ugoaiy7_/outputs/ghost_s9134101_b4_a8__atlas_hard_256.npz,35d7a53628bf30a56b6e72337455869dc8d40dab342a55fe7ecf60a30eaf75dd,0.039412247999962347,0.0013361870001062925,0.0,0,0.0,8,0.5272435139842371,1.3713389986336564,0.6810667042002383
ghost_s9134101_b4_a8,synthetic,atlas_tied_96,/srv/slam-research/grf/map-denoise/runs/multiscan-pilot-v1/atlas-v13-curved-ugoaiy7_/outputs/ghost_s9134101_b4_a8__atlas_tied_96.npz,f006b5e0ac85ef76dc637b387a2bc341a0e80f65172fb9ca5f0c928eb38e53b4,0.039412247999962347,0.0017607870000801995,0.0,3,0.0,8,0.7771383260728794,2.2189024701687683,1.0680454508881851
ghost_s9134101_b4_a8,synthetic,atlas_tied_256,/srv/slam-research/grf/map-denoise/runs/multiscan-pilot-v1/atlas-v13-curved-ugoaiy7_/outputs/ghost_s9134101_b4_a8__atlas_tied_256.npz,d221f742532a287450a9dbd3f88275c1deaebe1dceff2d5fdf09abeedf44d84d,0.039412247999962347,0.0011300740000024234,0.0,0,0.0,8,0.9589041907545979,2.357781829681582,1.228426892671636
ghost_s9134101_b4_a8,synthetic,atlas_relax_96,/srv/slam-research/grf/map-denoise/runs/multiscan-pilot-v1/atlas-v13-curved-ugoaiy7_/outputs/ghost_s9134101_b4_a8__atlas_relax_96.npz,b940d0d10229b1f4e313589a4e13ffd61e21a358b36f24ab28b753be0a07b55a,0.039412247999962347,0.01675613700001577,0.055989583333333336,3,0.0,8,0.24462234043302145,0.6503835548466187,0.3528461419165873
ghost_s9134101_b4_a8,synthetic,atlas_relax_256,/srv/slam-research/grf/map-denoise/runs/multiscan-pilot-v1/atlas-v13-curved-ugoaiy7_/outputs/ghost_s9134101_b4_a8__atlas_relax_256.npz,d746b6147330c37f0d712f0a05777766683de101e1eebe1bd0cde9ccb013a2b1,0.039412247999962347,0.009520265999981348,0.055989583333333336,0,0.0,8,0.4051426313399477,1.1792328471572042,0.5777160323966686
ghost_s9134101_b4_a8,synthetic,bias_only,/srv/slam-research/grf/map-denoise/runs/multiscan-pilot-v1/atlas-v13-curved-ugoaiy7_/outputs/ghost_s9134101_b4_a8__bias_only.npz,eabaf0361914da9e98d16bdd40e5368155a09469424151d0f231283c606f4458,,,,,0.0,8,0.7907343292044735,1.8390684870820648,0.9941916241054992
ghost_s9134101_b4_a8,synthetic,old_original,/srv/slam-research/grf/map-denoise/runs/multiscan-pilot-v1/atlas-v13-curved-ugoaiy7_/outputs/ghost_s9134101_b4_a8__old_original.npz,2bf5618a0031475df1f02ef2046733c893f73b7f91caf385a418bb85951e8de0,,,0.0,,0.0,8,0.24106195838960198,0.5608743102966529,0.2947417462731161
ghost_s9134101_b4_a8,synthetic,whole_spatial,/srv/slam-research/grf/map-denoise/runs/multiscan-pilot-v1/atlas-v13-curved-ugoaiy7_/outputs/ghost_s9134101_b4_a8__whole_spatial.npz,a652c7170d39c8d98e0e996e0120932a072b229a22505dda36211b2e9b855a98,,,,,0.0,8,1.0370399805703263,2.4672474621868483,1.3017926025453401
ghost_s9134101_b4_a8,synthetic,local_spatial_96,/srv/slam-research/grf/map-denoise/runs/multiscan-pilot-v1/atlas-v13-curved-ugoaiy7_/outputs/ghost_s9134101_b4_a8__local_spatial_96.npz,edc662c44e1fbade03a9c24d15c0333cb72db8010e5b78b600b6e893cdce720d,,,,,0.0,8,0.26842844893802714,0.640885268634302,0.36364186991750863
ghost_s9134101_b4_a8,synthetic,apss_2,/srv/slam-research/grf/map-denoise/runs/multiscan-pilot-v1/atlas-v13-curved-ugoaiy7_/outputs/ghost_s9134101_b4_a8__apss_2.npz,3eeba3f8bcb6032e004c1226e255f9f8d6b71c76392c8c4cd9a218cb55e98037,,,,,0.0,8,0.34896256742831055,0.804052570110801,0.45730963563960314
ghost_s9134101_b4_a8,synthetic,rimls_2,/srv/slam-research/grf/map-denoise/runs/multiscan-pilot-v1/atlas-v13-curved-ugoaiy7_/outputs/ghost_s9134101_b4_a8__rimls_2.npz,3198dbfd8182b3b277f6c34aabbe32296016bc17feff670e558993ca215a1bae,,,,,0.0,8,0.3593511450666922,0.8181056504728922,0.4790855587940175
dual_g2_s9134101_b0_a0,synthetic,global_hard,/srv/slam-research/grf/map-denoise/runs/multiscan-pilot-v1/atlas-v13-curved-ugoaiy7_/outputs/dual_g2_s9134101_b0_a0__global_hard.npz,a089b6aa6d5c2a7d2a0939d2148ef5dd4c7bf20e06a597a383e71feb1d3656a2,0.03873029900000802,0.00013723500001106004,0.0,0,2,0,0.07385555629825112,0.21246507440379706,0.3014872320566288
dual_g2_s9134101_b0_a0,synthetic,atlas_hard_96,/srv/slam-research/grf/map-denoise/runs/multiscan-pilot-v1/atlas-v13-curved-ugoaiy7_/outputs/dual_g2_s9134101_b0_a0__atlas_hard_96.npz,fa8650753b07f70f851f4d592bd8984d386b2579d3784e770ee105297ed7d1df,0.03873029900000802,0.001997921999986829,0.0,11,2,0,0.20197341455812534,0.5516636086541507,0.3850438871701647
dual_g2_s9134101_b0_a0,synthetic,atlas_hard_256,/srv/slam-research/grf/map-denoise/runs/multiscan-pilot-v1/atlas-v13-curved-ugoaiy7_/outputs/dual_g2_s9134101_b0_a0__atlas_hard_256.npz,8a0dc6f13fa54c349d539b992de9e411b85a2a6bc73f3d3d15ac55b2685c3f93,0.03873029900000802,0.0013469719999648078,0.0,2,2,0,0.11134641958816789,0.23486988644433793,0.313233512097838
dual_g2_s9134101_b0_a0,synthetic,atlas_tied_96,/srv/slam-research/grf/map-denoise/runs/multiscan-pilot-v1/atlas-v13-curved-ugoaiy7_/outputs/dual_g2_s9134101_b0_a0__atlas_tied_96.npz,f03c3976ab060a4eb9c5c60c5cec00835668294e5968b2b032092e81bd1ed272,0.03873029900000802,0.0017088370000237774,0.0,11,2,0,0.14110964947360113,0.29754964282074337,0.3292426148499335
dual_g2_s9134101_b0_a0,synthetic,atlas_tied_256,/srv/slam-research/grf/map-denoise/runs/multiscan-pilot-v1/atlas-v13-curved-ugoaiy7_/outputs/dual_g2_s9134101_b0_a0__atlas_tied_256.npz,d1909e0e54a9440107ddc9e86a004424bb6b62ec02cfb431f781d6f4c712323b,0.03873029900000802,0.0011036209999701896,0.0,2,2,0,0.06881951144043123,0.22811273958770134,0.30367404414806554
dual_g2_s9134101_b0_a0,synthetic,atlas_relax_96,/srv/slam-research/grf/map-denoise/runs/multiscan-pilot-v1/atlas-v13-curved-ugoaiy7_/outputs/dual_g2_s9134101_b0_a0__atlas_relax_96.npz,547e7fabc60b0a7b7d8197c7fcb1df0eadc18d82e0337c603aa94800b2c26357,0.03873029900000802,0.015352463999988686,0.010416666666666666,11,2,0,0.20854117758430557,0.6019567744287683,0.35277180292196864
dual_g2_s9134101_b0_a0,synthetic,atlas_relax_256,/srv/slam-research/grf/map-denoise/runs/multiscan-pilot-v1/atlas-v13-curved-ugoaiy7_/outputs/dual_g2_s9134101_b0_a0__atlas_relax_256.npz,71e018194a4d9e41733aab2794bdfc74dd1da0aa2476a8ed4e6b99c54b9a7e9f,0.03873029900000802,0.008712788000025284,0.0026041666666666665,2,2,0,0.11179649685532235,0.25014535258605636,0.2693265404782701
dual_g2_s9134101_b0_a0,synthetic,bias_only,/srv/slam-research/grf/map-denoise/runs/multiscan-pilot-v1/atlas-v13-curved-ugoaiy7_/outputs/dual_g2_s9134101_b0_a0__bias_only.npz,25a4a00baeffe74826a74a18b248480450aa4116d32a72e3c063abf0b5bfa048,,,,,2,0,0.7561800146056347,1.7852947152118213,0.9935112910762676
dual_g2_s9134101_b0_a0,synthetic,old_original,/srv/slam-research/grf/map-denoise/runs/multiscan-pilot-v1/atlas-v13-curved-ugoaiy7_/outputs/dual_g2_s9134101_b0_a0__old_original.npz,6695c6f06628a1f6e128aab319948b93bb1aecdade7099baf4f65b1c7e51f40f,,,0.0,,2,0,0.22381961558944755,0.8452667045504723,0.34779553444706107
dual_g2_s9134101_b0_a0,synthetic,whole_spatial,/srv/slam-research/grf/map-denoise/runs/multiscan-pilot-v1/atlas-v13-curved-ugoaiy7_/outputs/dual_g2_s9134101_b0_a0__whole_spatial.npz,8316d7d56709b13a4f6e0d15d1057a6481879aaac7dc0aaba183f8a2a5af2d14,,,,,2,0,0.054068785975235754,0.07982032381076647,0.263872283491453
dual_g2_s9134101_b0_a0,synthetic,local_spatial_96,/srv/slam-research/grf/map-denoise/runs/multiscan-pilot-v1/atlas-v13-curved-ugoaiy7_/outputs/dual_g2_s9134101_b0_a0__local_spatial_96.npz,9e5c8660404da12150907f9cd8eaea6e9889c97445b4e2d041165dbc017354fd,,,,,2,0,0.2880898118379569,0.867127179917134,0.3941235774563486
dual_g2_s9134101_b0_a0,synthetic,apss_2,/srv/slam-research/grf/map-denoise/runs/multiscan-pilot-v1/atlas-v13-curved-ugoaiy7_/outputs/dual_g2_s9134101_b0_a0__apss_2.npz,28101bb417b14f66f0b4228bbe61b9a47e4ce2681c93ef06e9b8312137374f9c,,,,,2,0,0.3867111860461497,0.9710392708080895,0.5018701563912837
dual_g2_s9134101_b0_a0,synthetic,rimls_2,/srv/slam-research/grf/map-denoise/runs/multiscan-pilot-v1/atlas-v13-curved-ugoaiy7_/outputs/dual_g2_s9134101_b0_a0__rimls_2.npz,7a6c4b8e41906b9b450e89577c077bf6c02ab004c5857478bbc236bbef24b642,,,,,2,0,0.39845436594520495,0.977078188209773,0.5270685902839088
dual_g2_s9134101_b0_a2,synthetic,global_hard,/srv/slam-research/grf/map-denoise/runs/multiscan-pilot-v1/atlas-v13-curved-ugoaiy7_/outputs/dual_g2_s9134101_b0_a2__global_hard.npz,7a32cec781bb0e99d11936dee866bb6b1fb3f32ca8ec25025e323357ec2c8d65,0.04077135099998941,0.0001341610000054061,0.0,0,2,2,0.5959114244857405,1.1353423017606281,0.6861714263542333
dual_g2_s9134101_b0_a2,synthetic,atlas_hard_96,/srv/slam-research/grf/map-denoise/runs/multiscan-pilot-v1/atlas-v13-curved-ugoaiy7_/outputs/dual_g2_s9134101_b0_a2__atlas_hard_96.npz,3d4c08a7fbe8cb51e775e6909dd3e5e9b80f237f24cbc998ed8cde14c0891ca3,0.04077135099998941,0.002116996000040672,0.0,3,2,2,0.5704006815914124,1.3289908926409255,0.7058657025069681
dual_g2_s9134101_b0_a2,synthetic,atlas_hard_256,/srv/slam-research/grf/map-denoise/runs/multiscan-pilot-v1/atlas-v13-curved-ugoaiy7_/outputs/dual_g2_s9134101_b0_a2__atlas_hard_256.npz,b642ecccf6f44b888baa6e200cd0cda718c029518187aa4e6d610f710f24d5a2,0.04077135099998941,0.001332972999989579,0.0,0,2,2,0.6144853510771534,1.3813052965218686,0.7469610380697554
dual_g2_s9134101_b0_a2,synthetic,atlas_tied_96,/srv/slam-research/grf/map-denoise/runs/multiscan-pilot-v1/atlas-v13-curved-ugoaiy7_/outputs/dual_g2_s9134101_b0_a2__atlas_tied_96.npz,353b015eb0c4a79024520a1659c988272e7a202171cc184f8cc4bbb5b51fba30,0.04077135099998941,0.0017906659999198382,0.0,3,2,2,0.564890408420118,1.3032738413137794,0.6897659700447398
dual_g2_s9134101_b0_a2,synthetic,atlas_tied_256,/srv/slam-research/grf/map-denoise/runs/multiscan-pilot-v1/atlas-v13-curved-ugoaiy7_/outputs/dual_g2_s9134101_b0_a2__atlas_tied_256.npz,393fd5d9f77d1c931d9b80b71ccbb2db1c71b8628ebaf5991f3c7a9c95be7c4c,0.04077135099998941,0.0011466800000334842,0.0,0,2,2,0.5861844089893574,1.2615618587223878,0.6901485628107192
dual_g2_s9134101_b0_a2,synthetic,atlas_relax_96,/srv/slam-research/grf/map-denoise/runs/multiscan-pilot-v1/atlas-v13-curved-ugoaiy7_/outputs/dual_g2_s9134101_b0_a2__atlas_relax_96.npz,0785a40a6c3bd9da1904a5be7ef7e45b4e67924f3b0ac1dc7628c2a2b76edf2d,0.04077135099998941,0.017600297000058163,0.10807291666666667,3,2,2,0.3680865989696824,0.9121985765327556,0.4768303098772741
dual_g2_s9134101_b0_a2,synthetic,atlas_relax_256,/srv/slam-research/grf/map-denoise/runs/multiscan-pilot-v1/atlas-v13-curved-ugoaiy7_/outputs/dual_g2_s9134101_b0_a2__atlas_relax_256.npz,53755a0672980b080cf7bc908566758501072a700b8b539bfec7e7d8166876df,0.04077135099998941,0.009589538000000175,0.06770833333333333,0,2,2,0.4387464144707141,0.9977182774395,0.5511386942895417
dual_g2_s9134101_b0_a2,synthetic,bias_only,/srv/slam-research/grf/map-denoise/runs/multiscan-pilot-v1/atlas-v13-curved-ugoaiy7_/outputs/dual_g2_s9134101_b0_a2__bias_only.npz,8cae9637703a5aa24ecefc868e24015855cbee4e3ace6b3aa3cf1fab12982975,,,,,2,2,0.7555951320988362,1.7841027763197332,0.9933745466155781
dual_g2_s9134101_b0_a2,synthetic,old_original,/srv/slam-research/grf/map-denoise/runs/multiscan-pilot-v1/atlas-v13-curved-ugoaiy7_/outputs/dual_g2_s9134101_b0_a2__old_original.npz,a33b66c26370c112445919b84c03bc1c5704db9c44425473f877ebc9a5bbaa8e,,,0.0,,2,2,0.23350000488252962,0.837955658360214,0.3351742441658094
dual_g2_s9134101_b0_a2,synthetic,whole_spatial,/srv/slam-research/grf/map-denoise/runs/multiscan-pilot-v1/atlas-v13-curved-ugoaiy7_/outputs/dual_g2_s9134101_b0_a2__whole_spatial.npz,2b116df97ebe248f744f168457b4339df846ac703e44d6aad76cfd0468283342,,,,,2,2,0.5309489701994444,0.982919475504384,0.6081379875425034
dual_g2_s9134101_b0_a2,synthetic,local_spatial_96,/srv/slam-research/grf/map-denoise/runs/multiscan-pilot-v1/atlas-v13-curved-ugoaiy7_/outputs/dual_g2_s9134101_b0_a2__local_spatial_96.npz,db7df91d26bce847ab1ad736433d39a6f4559c7e3b14c4ab78693a5016a370cf,,,,,2,2,0.3095973742081522,0.8914469265198043,0.4222559759017121
dual_g2_s9134101_b0_a2,synthetic,apss_2,/srv/slam-research/grf/map-denoise/runs/multiscan-pilot-v1/atlas-v13-curved-ugoaiy7_/outputs/dual_g2_s9134101_b0_a2__apss_2.npz,edfeebdba21677024e53476df0e05d7f0a53e463e6013a2789c9093b31634b81,,,,,2,2,0.3867603297437155,0.9672685081352507,0.5029238003809936
dual_g2_s9134101_b0_a2,synthetic,rimls_2,/srv/slam-research/grf/map-denoise/runs/multiscan-pilot-v1/atlas-v13-curved-ugoaiy7_/outputs/dual_g2_s9134101_b0_a2__rimls_2.npz,3ab63f28cf6cb7aa13f60c2c7871eedd1a2811438f0e2066ff94b89e64d911a6,,,,,2,2,0.39815085635774544,0.9744329773574392,0.5283633022503046
dual_g2_s9134101_b0_a8,synthetic,global_hard,/srv/slam-research/grf/map-denoise/runs/multiscan-pilot-v1/atlas-v13-curved-ugoaiy7_/outputs/dual_g2_s9134101_b0_a8__global_hard.npz,6d63a6167318cea9aafc4b9eaded6958ac41976b9eccb0ef2452db00415370b5,0.0415094660000932,0.00020309900003212533,0.0,0,2,8,0.8308737111816434,2.2089602087210345,1.1090770495963433
dual_g2_s9134101_b0_a8,synthetic,atlas_hard_96,/srv/slam-research/grf/map-denoise/runs/multiscan-pilot-v1/atlas-v13-curved-ugoaiy7_/outputs/dual_g2_s9134101_b0_a8__atlas_hard_96.npz,185bbbd9583dd64b97cdbd0cf5602e1b3caa67f1108fc8f71de35bc4a14be59e,0.0415094660000932,0.003122812000015074,0.0,5,2,8,0.4055022824719889,1.1385711310197149,0.5670788248099787
dual_g2_s9134101_b0_a8,synthetic,atlas_hard_256,/srv/slam-research/grf/map-denoise/runs/multiscan-pilot-v1/atlas-v13-curved-ugoaiy7_/outputs/dual_g2_s9134101_b0_a8__atlas_hard_256.npz,f8e65960b770b5e0802463c87def386d3025879d15ce5d1ec62ae48512dab701,0.0415094660000932,0.0012921449999794277,0.0,1,2,8,0.4589181675119554,1.183006906942594,0.6319973649311561
dual_g2_s9134101_b0_a8,synthetic,atlas_tied_96,/srv/slam-research/grf/map-denoise/runs/multiscan-pilot-v1/atlas-v13-curved-ugoaiy7_/outputs/dual_g2_s9134101_b0_a8__atlas_tied_96.npz,a32590a33ec9173058aa41b7ce9f98e51b9a0f3eb3473afb87ce2df8c9f75b7d,0.0415094660000932,0.001793966000036562,0.0,5,2,8,0.7164395025012681,1.9814909375502059,0.9577036927551177
dual_g2_s9134101_b0_a8,synthetic,atlas_tied_256,/srv/slam-research/grf/map-denoise/runs/multiscan-pilot-v1/atlas-v13-curved-ugoaiy7_/outputs/dual_g2_s9134101_b0_a8__atlas_tied_256.npz,42218151e8eb74e335054473f5ecc9600600e4bcfedce0a5b3ccfb76025ae1b0,0.0415094660000932,0.0011225910000121075,0.0,1,2,8,0.803529362670819,2.1564478697541825,1.0949491728704377
dual_g2_s9134101_b0_a8,synthetic,atlas_relax_96,/srv/slam-research/grf/map-denoise/runs/multiscan-pilot-v1/atlas-v13-curved-ugoaiy7_/outputs/dual_g2_s9134101_b0_a8__atlas_relax_96.npz,cb5b0bc2c52b9636d4d9c64d15bebb8c6f250a8dfb83f1c705dfb106ede26be9,0.0415094660000932,0.016129605999935848,0.02734375,5,2,8,0.33500812124522145,1.0111638458531356,0.4911471233405442
dual_g2_s9134101_b0_a8,synthetic,atlas_relax_256,/srv/slam-research/grf/map-denoise/runs/multiscan-pilot-v1/atlas-v13-curved-ugoaiy7_/outputs/dual_g2_s9134101_b0_a8__atlas_relax_256.npz,0c2177d572c902ae3556ecb40c2ded52144b584e2d955fd71cf191479b94ce9b,0.0415094660000932,0.008888233999982731,0.026041666666666668,1,2,8,0.3907078125202179,1.0407516402091983,0.5455607032792785
dual_g2_s9134101_b0_a8,synthetic,bias_only,/srv/slam-research/grf/map-denoise/runs/multiscan-pilot-v1/atlas-v13-curved-ugoaiy7_/outputs/dual_g2_s9134101_b0_a8__bias_only.npz,8ff9c7856dda7facd68c24f1d53cbb623973d977a306101da4d34b80d0deb6cd,,,,,2,8,0.747343091632192,1.7544627165448634,0.9935349733437605
dual_g2_s9134101_b0_a8,synthetic,old_original,/srv/slam-research/grf/map-denoise/runs/multiscan-pilot-v1/atlas-v13-curved-ugoaiy7_/outputs/dual_g2_s9134101_b0_a8__old_original.npz,f7716ee545475d160a1064362b83755a6a99cb6c1db237b82410f9a709578550,,,0.0,,2,8,0.27872848595381355,0.7148821271780664,0.364512474954014
dual_g2_s9134101_b0_a8,synthetic,whole_spatial,/srv/slam-research/grf/map-denoise/runs/multiscan-pilot-v1/atlas-v13-curved-ugoaiy7_/outputs/dual_g2_s9134101_b0_a8__whole_spatial.npz,aa0611f2213bc8482fd1d7f1c72aabac601ad49234b592cba5849e16d184c6a0,,,,,2,8,0.8408283833292924,2.2131559798815092,1.1230583494737374
dual_g2_s9134101_b0_a8,synthetic,local_spatial_96,/srv/slam-research/grf/map-denoise/runs/multiscan-pilot-v1/atlas-v13-curved-ugoaiy7_/outputs/dual_g2_s9134101_b0_a8__local_spatial_96.npz,3dbed45c2bd31acc5801602524f2c54f39e4ace0ff34eff0d35153024d5f39f0,,,,,2,8,0.353488883699615,0.9711209395642376,0.48709244338280616
dual_g2_s9134101_b0_a8,synthetic,apss_2,/srv/slam-research/grf/map-denoise/runs/multiscan-pilot-v1/atlas-v13-curved-ugoaiy7_/outputs/dual_g2_s9134101_b0_a8__apss_2.npz,a704e256ac0dadabbaa47e8c89a10d40025cc79667edfbb89fa5550f1b18a4ee,,,,,2,8,0.38258774505953735,0.9350826155447184,0.5177774709272405
dual_g2_s9134101_b0_a8,synthetic,rimls_2,/srv/slam-research/grf/map-denoise/runs/multiscan-pilot-v1/atlas-v13-curved-ugoaiy7_/outputs/dual_g2_s9134101_b0_a8__rimls_2.npz,9df739bb0e148809c165255b4c7277c6b937a8c0b210610ffa500a1977bb671c,,,,,2,8,0.3936584536504875,0.9504380279903334,0.5450198567328878
dual_g2_s9134101_b4_a0,synthetic,global_hard,/srv/slam-research/grf/map-denoise/runs/multiscan-pilot-v1/atlas-v13-curved-ugoaiy7_/outputs/dual_g2_s9134101_b4_a0__global_hard.npz,fa6a18444a29b23f64a03b5816c73e80194f54a2b30b19fa7771f3ad1b86f959,0.038886735999994926,0.00013641299995015288,0.0,0,2,0,0.07370759910729686,0.21214212468363072,0.30770343179150056
dual_g2_s9134101_b4_a0,synthetic,atlas_hard_96,/srv/slam-research/grf/map-denoise/runs/multiscan-pilot-v1/atlas-v13-curved-ugoaiy7_/outputs/dual_g2_s9134101_b4_a0__atlas_hard_96.npz,8cee507b7ccbc5d839521819b41733902da9db1806e1a1c447d68c0cf4cf0d75,0.038886735999994926,0.00196733299992502,0.0,12,2,0,0.20131918982745658,0.5483962113951777,0.3852843280686897
dual_g2_s9134101_b4_a0,synthetic,atlas_hard_256,/srv/slam-research/grf/map-denoise/runs/multiscan-pilot-v1/atlas-v13-curved-ugoaiy7_/outputs/dual_g2_s9134101_b4_a0__atlas_hard_256.npz,684a49a2ddad4036dd5c80091153da5d787fdc62db423c563e38681a266796e5,0.038886735999994926,0.0012682750000294618,0.0,2,2,0,0.11179623192510402,0.23499846414002556,0.3193529621381713
dual_g2_s9134101_b4_a0,synthetic,atlas_tied_96,/srv/slam-research/grf/map-denoise/runs/multiscan-pilot-v1/atlas-v13-curved-ugoaiy7_/outputs/dual_g2_s9134101_b4_a0__atlas_tied_96.npz,5422ee3b5d1d35a5002deb8c7ffa2581089001621c86bba0bdab110fa8e71798,0.038886735999994926,0.0020552109999698587,0.0,12,2,0,0.1405319439385773,0.296860705440876,0.332051035488414
dual_g2_s9134101_b4_a0,synthetic,atlas_tied_256,/srv/slam-research/grf/map-denoise/runs/multiscan-pilot-v1/atlas-v13-curved-ugoaiy7_/outputs/dual_g2_s9134101_b4_a0__atlas_tied_256.npz,977d5f155844a9e9ffafe793cfcbb1f454e46000901ea41eace51a5da37c3cc1,0.038886735999994926,0.0011122170000135156,0.0,2,2,0,0.068928698824717,0.22740206533468876,0.30976920021897125
dual_g2_s9134101_b4_a0,synthetic,atlas_relax_96,/srv/slam-research/grf/map-denoise/runs/multiscan-pilot-v1/atlas-v13-curved-ugoaiy7_/outputs/dual_g2_s9134101_b4_a0__atlas_relax_96.npz,3f5cd76a39cc6bd8908f146d55ac8f149208d299cc88b8cc13489f52a0275bfb,0.038886735999994926,0.015342395000061515,0.0078125,12,2,0,0.2036284312260075,0.5838056651329843,0.3483910963257327
dual_g2_s9134101_b4_a0,synthetic,atlas_relax_256,/srv/slam-research/grf/map-denoise/runs/multiscan-pilot-v1/atlas-v13-curved-ugoaiy7_/outputs/dual_g2_s9134101_b4_a0__atlas_relax_256.npz,adf31c8dc98541315e5245842bd9f9474d3a7296026c90e634cbda6d56a6313a,0.038886735999994926,0.008423474999972314,0.0026041666666666665,2,2,0,0.11212848296201965,0.2505260293286897,0.2763156010594126
dual_g2_s9134101_b4_a0,synthetic,bias_only,/srv/slam-research/grf/map-denoise/runs/multiscan-pilot-v1/atlas-v13-curved-ugoaiy7_/outputs/dual_g2_s9134101_b4_a0__bias_only.npz,812fa6fc336123e94840b481bc47bb52ae170289cfe1d232d1e64945f9ae6daa,,,,,2,0,0.7560483856360812,1.7893729927248672,0.9954077985896168
dual_g2_s9134101_b4_a0,synthetic,old_original,/srv/slam-research/grf/map-denoise/runs/multiscan-pilot-v1/atlas-v13-curved-ugoaiy7_/outputs/dual_g2_s9134101_b4_a0__old_original.npz,7c1457da64ef86a7386bbed25024e26263571426c535953da1fb1d7f67b073a3,,,0.0,,2,0,0.2207831876100063,0.8465695001946505,0.35178170055384755
dual_g2_s9134101_b4_a0,synthetic,whole_spatial,/srv/slam-research/grf/map-denoise/runs/multiscan-pilot-v1/atlas-v13-curved-ugoaiy7_/outputs/dual_g2_s9134101_b4_a0__whole_spatial.npz,d6d1d49a86c1f07e567b7a51875c74abd1eb897676f3086ab1fa7e222d7b6fdf,,,,,2,0,0.053816181314871925,0.0785788743131587,0.2709576782373385
dual_g2_s9134101_b4_a0,synthetic,local_spatial_96,/srv/slam-research/grf/map-denoise/runs/multiscan-pilot-v1/atlas-v13-curved-ugoaiy7_/outputs/dual_g2_s9134101_b4_a0__local_spatial_96.npz,4d0085e3c490a2f19455b90ead6ac3c0087ea9ab55329adf472124a9c20f1ee6,,,,,2,0,0.2822774848364054,0.8690304736243182,0.39292165025492987
dual_g2_s9134101_b4_a0,synthetic,apss_2,/srv/slam-research/grf/map-denoise/runs/multiscan-pilot-v1/atlas-v13-curved-ugoaiy7_/outputs/dual_g2_s9134101_b4_a0__apss_2.npz,08d850a765980028bd92170a96dfc8196670dda604909539d53d213e35fe788c,,,,,2,0,0.3875242487554082,0.9710489933935066,0.5059254593316662
dual_g2_s9134101_b4_a0,synthetic,rimls_2,/srv/slam-research/grf/map-denoise/runs/multiscan-pilot-v1/atlas-v13-curved-ugoaiy7_/outputs/dual_g2_s9134101_b4_a0__rimls_2.npz,c8915eb2fd81c305e92f306f71cc15ff3c5c7440e44105af441752e19c1f0f4d,,,,,2,0,0.3991090297478474,0.9767287017440464,0.5307883709622477
dual_g2_s9134101_b4_a2,synthetic,global_hard,/srv/slam-research/grf/map-denoise/runs/multiscan-pilot-v1/atlas-v13-curved-ugoaiy7_/outputs/dual_g2_s9134101_b4_a2__global_hard.npz,00370624cf85fff31fa6b79041cb98baf052fd0c54cab9b51bb7970d8fb28d48,0.039525852999986455,0.00014068300004055345,0.0,0,2,2,0.5956275665192673,1.134409094435743,0.6888941551985975
dual_g2_s9134101_b4_a2,synthetic,atlas_hard_96,/srv/slam-research/grf/map-denoise/runs/multiscan-pilot-v1/atlas-v13-curved-ugoaiy7_/outputs/dual_g2_s9134101_b4_a2__atlas_hard_96.npz,f77c46f9db0807f35048ac0d6d8882820b4c88da44cd9bf9ce6b4c239ad9c7ee,0.039525852999986455,0.002165692000062336,0.0,3,2,2,0.5693900733710819,1.331075748996783,0.7075593199660962
dual_g2_s9134101_b4_a2,synthetic,atlas_hard_256,/srv/slam-research/grf/map-denoise/runs/multiscan-pilot-v1/atlas-v13-curved-ugoaiy7_/outputs/dual_g2_s9134101_b4_a2__atlas_hard_256.npz,59ffcac909621d8ec398f8124deb2d3e03fbde18676eee15043e1152a9e0f8e0,0.039525852999986455,0.0012955439999586815,0.0,0,2,2,0.6140815547378531,1.3655401288905171,0.7493358487275134
dual_g2_s9134101_b4_a2,synthetic,atlas_tied_96,/srv/slam-research/grf/map-denoise/runs/multiscan-pilot-v1/atlas-v13-curved-ugoaiy7_/outputs/dual_g2_s9134101_b4_a2__atlas_tied_96.npz,57b3bb66ac38c47a2b9996e0aa091d7099bf263f4607fdf50a5c44ac3a4eba0d,0.039525852999986455,0.001788498999985677,0.0,3,2,2,0.5657816133140129,1.300858114297478,0.6929743317455365
dual_g2_s9134101_b4_a2,synthetic,atlas_tied_256,/srv/slam-research/grf/map-denoise/runs/multiscan-pilot-v1/atlas-v13-curved-ugoaiy7_/outputs/dual_g2_s9134101_b4_a2__atlas_tied_256.npz,8cff42f7357118ba4cf33d68783994d56879d725ff6e4b8b3457c8b9049b15a7,0.039525852999986455,0.0013713929999994434,0.0,0,2,2,0.5843311811352567,1.253096405820079,0.6913653030959334
dual_g2_s9134101_b4_a2,synthetic,atlas_relax_96,/srv/slam-research/grf/map-denoise/runs/multiscan-pilot-v1/atlas-v13-curved-ugoaiy7_/outputs/dual_g2_s9134101_b4_a2__atlas_relax_96.npz,33aac84997df96b8ad0886eea7bf45264a7fd5149f66b4fff429ce5748cad629,0.039525852999986455,0.017402552000021387,0.109375,3,2,2,0.3657250022645582,0.9079413209477398,0.4794012223008972
dual_g2_s9134101_b4_a2,synthetic,atlas_relax_256,/srv/slam-research/grf/map-denoise/runs/multiscan-pilot-v1/atlas-v13-curved-ugoaiy7_/outputs/dual_g2_s9134101_b4_a2__atlas_relax_256.npz,7eac2b628ab3c3acf6b1109fc5c2c965222b6b6df606b5daab146d030a10637c,0.039525852999986455,0.00876791299992874,0.06640625,0,2,2,0.43852992423028353,1.004608543839547,0.5546202292892023
dual_g2_s9134101_b4_a2,synthetic,bias_only,/srv/slam-research/grf/map-denoise/runs/multiscan-pilot-v1/atlas-v13-curved-ugoaiy7_/outputs/dual_g2_s9134101_b4_a2__bias_only.npz,df35a4df141200b0b61df1ba68bb5ec496bef06ce4386b8e2e9db1a5b6b3987d,,,,,2,2,0.7553921513366578,1.7797346503805405,0.9953788577631505
dual_g2_s9134101_b4_a2,synthetic,old_original,/srv/slam-research/grf/map-denoise/runs/multiscan-pilot-v1/atlas-v13-curved-ugoaiy7_/outputs/dual_g2_s9134101_b4_a2__old_original.npz,364d6d69d7b4d589a0495be11068dca7c98c89ccf902913752f8b6f40ad1dbd7,,,0.0,,2,2,0.23167567124632418,0.8219004528680196,0.33864462682660373
dual_g2_s9134101_b4_a2,synthetic,whole_spatial,/srv/slam-research/grf/map-denoise/runs/multiscan-pilot-v1/atlas-v13-curved-ugoaiy7_/outputs/dual_g2_s9134101_b4_a2__whole_spatial.npz,68837ec4ddc1f3175303409421b4925dd1525a0ec3ce2d6e3fc9199a69793024,,,,,2,2,0.5309155722518099,0.9827315452843821,0.611515571230602
dual_g2_s9134101_b4_a2,synthetic,local_spatial_96,/srv/slam-research/grf/map-denoise/runs/multiscan-pilot-v1/atlas-v13-curved-ugoaiy7_/outputs/dual_g2_s9134101_b4_a2__local_spatial_96.npz,8fd432ceb7f3c1f0b3e9ea6a0558308f8afb50a7b9b148124c11969b02449e03,,,,,2,2,0.30746571914436766,0.8931368456784478,0.4251888075030354
dual_g2_s9134101_b4_a2,synthetic,apss_2,/srv/slam-research/grf/map-denoise/runs/multiscan-pilot-v1/atlas-v13-curved-ugoaiy7_/outputs/dual_g2_s9134101_b4_a2__apss_2.npz,22345dce82b456f80a34f2ea6fe2f71aff992408c9739b9cba723cf2c7b16f3f,,,,,2,2,0.3873792344452302,0.9657849706613517,0.5071520148578634
dual_g2_s9134101_b4_a2,synthetic,rimls_2,/srv/slam-research/grf/map-denoise/runs/multiscan-pilot-v1/atlas-v13-curved-ugoaiy7_/outputs/dual_g2_s9134101_b4_a2__rimls_2.npz,61e230c4ba55c655a6de7d01c26d8644b24e8e01834b2589920da7904e69f4b1,,,,,2,2,0.39862184451915716,0.9759104436649106,0.532330567661279
dual_g2_s9134101_b4_a8,synthetic,global_hard,/srv/slam-research/grf/map-denoise/runs/multiscan-pilot-v1/atlas-v13-curved-ugoaiy7_/outputs/dual_g2_s9134101_b4_a8__global_hard.npz,8d9539794bb7d0744d51e8135b1c3454c7fc04d7c71ae2faf58d56d1a79688f0,0.041859992000013335,0.0001395809999849007,0.0,0,2,8,0.8286823236426759,2.228623210262296,1.1261823119779837
dual_g2_s9134101_b4_a8,synthetic,atlas_hard_96,/srv/slam-research/grf/map-denoise/runs/multiscan-pilot-v1/atlas-v13-curved-ugoaiy7_/outputs/dual_g2_s9134101_b4_a8__atlas_hard_96.npz,26993ad05afadf76af2c133e00b6c532c3248d5dc772cd42f0cd5398a462bf38,0.041859992000013335,0.00206792200003747,0.0,5,2,8,0.40737853574087496,1.1250181265749581,0.6009453408812852
dual_g2_s9134101_b4_a8,synthetic,atlas_hard_256,/srv/slam-research/grf/map-denoise/runs/multiscan-pilot-v1/atlas-v13-curved-ugoaiy7_/outputs/dual_g2_s9134101_b4_a8__atlas_hard_256.npz,ef0272e0ea72265b2aaa7b362d2f09602d001aef859423c556276d833d0933e4,0.041859992000013335,0.0012696449999793913,0.0,1,2,8,0.45759619175854005,1.1437060438153461,0.6573026747940609
dual_g2_s9134101_b4_a8,synthetic,atlas_tied_96,/srv/slam-research/grf/map-denoise/runs/multiscan-pilot-v1/atlas-v13-curved-ugoaiy7_/outputs/dual_g2_s9134101_b4_a8__atlas_tied_96.npz,d591743b8e300cb3011f20f2211036d71644c506c4506511ebf2a7b024e38963,0.041859992000013335,0.0017727239999203448,0.0,5,2,8,0.712556004493765,1.9775086038506244,0.9730083891801631
dual_g2_s9134101_b4_a8,synthetic,atlas_tied_256,/srv/slam-research/grf/map-denoise/runs/multiscan-pilot-v1/atlas-v13-curved-ugoaiy7_/outputs/dual_g2_s9134101_b4_a8__atlas_tied_256.npz,1257d719d15c3f7b43d2d685066aead6b1cd0f973346df601b51d3a8ee2e3f60,0.041859992000013335,0.0011339519999182812,0.0,1,2,8,0.8010909158162635,2.1656678199361044,1.1108698257700331
dual_g2_s9134101_b4_a8,synthetic,atlas_relax_96,/srv/slam-research/grf/map-denoise/runs/multiscan-pilot-v1/atlas-v13-curved-ugoaiy7_/outputs/dual_g2_s9134101_b4_a8__atlas_relax_96.npz,0065fdda4c5ef439ced8709a7f98fb7bc5827571d08436cc27a06fd72cbe7883,0.041859992000013335,0.016838949000089087,0.02734375,5,2,8,0.3381023111185614,0.9961422854462338,0.531605411563053
dual_g2_s9134101_b4_a8,synthetic,atlas_relax_256,/srv/slam-research/grf/map-denoise/runs/multiscan-pilot-v1/atlas-v13-curved-ugoaiy7_/outputs/dual_g2_s9134101_b4_a8__atlas_relax_256.npz,8b5fb42242b22f5969453fc0d4e7fbaa4eadccf9193d2dfb0f44e4fec021fc12,0.041859992000013335,0.009550810000064303,0.024739583333333332,1,2,8,0.3878747264389652,1.0201586408676977,0.5712826511775914
dual_g2_s9134101_b4_a8,synthetic,bias_only,/srv/slam-research/grf/map-denoise/runs/multiscan-pilot-v1/atlas-v13-curved-ugoaiy7_/outputs/dual_g2_s9134101_b4_a8__bias_only.npz,0337327bc7b97d8cd083808ef3643b869edf214a9389bd86a9f64605ab36f92f,,,,,2,8,0.7470287171392025,1.7634736466310295,1.0125434900129047
dual_g2_s9134101_b4_a8,synthetic,old_original,/srv/slam-research/grf/map-denoise/runs/multiscan-pilot-v1/atlas-v13-curved-ugoaiy7_/outputs/dual_g2_s9134101_b4_a8__old_original.npz,475d8f436fe99cfb8d09dbdd2dc720b1e2a468097528ecf55c8474fcb4560658,,,0.0,,2,8,0.27733260231776313,0.72300701855573,0.4135490309504914
dual_g2_s9134101_b4_a8,synthetic,whole_spatial,/srv/slam-research/grf/map-denoise/runs/multiscan-pilot-v1/atlas-v13-curved-ugoaiy7_/outputs/dual_g2_s9134101_b4_a8__whole_spatial.npz,d60d28ac3a389048be7c0e0c2aaa66d58c8e427398e952872e702cee9d5814b9,,,,,2,8,0.8389651857923535,2.183894937741327,1.1400525899351184
dual_g2_s9134101_b4_a8,synthetic,local_spatial_96,/srv/slam-research/grf/map-denoise/runs/multiscan-pilot-v1/atlas-v13-curved-ugoaiy7_/outputs/dual_g2_s9134101_b4_a8__local_spatial_96.npz,2c3661c68718c26c98fe6dfe7730a4041d644904150eb3bc99cfb990616bb755,,,,,2,8,0.3552950897240343,0.9632683586272918,0.5261392205794486
dual_g2_s9134101_b4_a8,synthetic,apss_2,/srv/slam-research/grf/map-denoise/runs/multiscan-pilot-v1/atlas-v13-curved-ugoaiy7_/outputs/dual_g2_s9134101_b4_a8__apss_2.npz,d5c20898b0b09f516cb30f4b7c6b068df0b55a1e6fd82c54e04a03da8a5aed5c,,,,,2,8,0.38428944124161896,0.9537074668838814,0.5549784130422346
dual_g2_s9134101_b4_a8,synthetic,rimls_2,/srv/slam-research/grf/map-denoise/runs/multiscan-pilot-v1/atlas-v13-curved-ugoaiy7_/outputs/dual_g2_s9134101_b4_a8__rimls_2.npz,f43bb7d5da8c336f82ce1231c2f1039be19a1ea40278cb138622ffc2f14e7705,,,,,2,8,0.3953305052971534,0.9700801961386052,0.5806522032298698
dual_g8_s9134101_b0_a0,synthetic,global_hard,/srv/slam-research/grf/map-denoise/runs/multiscan-pilot-v1/atlas-v13-curved-ugoaiy7_/outputs/dual_g8_s9134101_b0_a0__global_hard.npz,4cfb3da2b68e062894d76f57050810d1c945ec7a59cdf06c54a1001bbc7a5c66,0.0405427509999754,0.00015699599998697522,0.0,0,8,0,0.062291137616273716,0.12234146576755113,0.15792592961669508
dual_g8_s9134101_b0_a0,synthetic,atlas_hard_96,/srv/slam-research/grf/map-denoise/runs/multiscan-pilot-v1/atlas-v13-curved-ugoaiy7_/outputs/dual_g8_s9134101_b0_a0__atlas_hard_96.npz,197664d46431ba1037e058424edeb11cf6854e970514e3eb66c57f664654eba0,0.0405427509999754,0.0019427700000278492,0.0,12,8,0,0.17305030791007292,0.460237206551316,0.25580397259615356
dual_g8_s9134101_b0_a0,synthetic,atlas_hard_256,/srv/slam-research/grf/map-denoise/runs/multiscan-pilot-v1/atlas-v13-curved-ugoaiy7_/outputs/dual_g8_s9134101_b0_a0__atlas_hard_256.npz,2e18fcb2fae76212296a8deb2c2e5cab6544eb0f2be161b856b0c9fc05eb2970,0.0405427509999754,0.001253727999937837,0.0,2,8,0,0.10449375067871834,0.2854641172328318,0.19243740420397645
dual_g8_s9134101_b0_a0,synthetic,atlas_tied_96,/srv/slam-research/grf/map-denoise/runs/multiscan-pilot-v1/atlas-v13-curved-ugoaiy7_/outputs/dual_g8_s9134101_b0_a0__atlas_tied_96.npz,8364ebf4ba7e78a5716bcbe20a4f17e5384f5d67f75c6a197b110a2f80e3c337,0.0405427509999754,0.00170455900001798,0.0,12,8,0,0.09823241365399689,0.24462242423048303,0.18403142747602733
dual_g8_s9134101_b0_a0,synthetic,atlas_tied_256,/srv/slam-research/grf/map-denoise/runs/multiscan-pilot-v1/atlas-v13-curved-ugoaiy7_/outputs/dual_g8_s9134101_b0_a0__atlas_tied_256.npz,2cc9d8b8286ecf9f484c8e40d21faac8e4e6d6b34e5b46b9e3b56c04a5f1149a,0.0405427509999754,0.0011097450000079334,0.0,2,8,0,0.06913097313506224,0.12721774646967096,0.1607099606248182
dual_g8_s9134101_b0_a0,synthetic,atlas_relax_96,/srv/slam-research/grf/map-denoise/runs/multiscan-pilot-v1/atlas-v13-curved-ugoaiy7_/outputs/dual_g8_s9134101_b0_a0__atlas_relax_96.npz,91bf93f797180692cfebf0dace68154f7bca70521d81018d6795674c34ba5f2d,0.0405427509999754,0.015336992000015925,0.0,12,8,0,0.1730499595040985,0.4602374458219342,0.25580246372453436
dual_g8_s9134101_b0_a0,synthetic,atlas_relax_256,/srv/slam-research/grf/map-denoise/runs/multiscan-pilot-v1/atlas-v13-curved-ugoaiy7_/outputs/dual_g8_s9134101_b0_a0__atlas_relax_256.npz,0fd0a48bbcbf54f838291a665e86a0ce8b9c29125df828010f2db620df0943e8,0.0405427509999754,0.00868931499996961,0.0,2,8,0,0.10449380617844066,0.2854641809589995,0.19243744937493215
dual_g8_s9134101_b0_a0,synthetic,bias_only,/srv/slam-research/grf/map-denoise/runs/multiscan-pilot-v1/atlas-v13-curved-ugoaiy7_/outputs/dual_g8_s9134101_b0_a0__bias_only.npz,be70c4485821819c67499f8480bbb0889240e06523538f2f215eaa62a59317eb,,,,,8,0,0.8029395157088993,1.858771279698841,0.9959490167304907
dual_g8_s9134101_b0_a0,synthetic,old_original,/srv/slam-research/grf/map-denoise/runs/multiscan-pilot-v1/atlas-v13-curved-ugoaiy7_/outputs/dual_g8_s9134101_b0_a0__old_original.npz,055bacf149d3b8ef830440fa5bc8c652248d937a744f2f1274fd892f7bcdd9f0,,,0.0,,8,0,0.2295312351272961,1.0193223364636605,0.4772944770929883
dual_g8_s9134101_b0_a0,synthetic,whole_spatial,/srv/slam-research/grf/map-denoise/runs/multiscan-pilot-v1/atlas-v13-curved-ugoaiy7_/outputs/dual_g8_s9134101_b0_a0__whole_spatial.npz,6aaa7865a3fd51099668815cf5951b1911495505fe3561fb4942e4ba0da1e725,,,,,8,0,0.060200500014053526,0.1238068025211734,0.1575886871595484
dual_g8_s9134101_b0_a0,synthetic,local_spatial_96,/srv/slam-research/grf/map-denoise/runs/multiscan-pilot-v1/atlas-v13-curved-ugoaiy7_/outputs/dual_g8_s9134101_b0_a0__local_spatial_96.npz,0493d70ae6d9834bf82e248b07f47e3a763b5bff2eadaddbdefc88d4ce370232,,,,,8,0,0.3768673688956923,1.7117216285681653,0.6528324324025041
dual_g8_s9134101_b0_a0,synthetic,apss_2,/srv/slam-research/grf/map-denoise/runs/multiscan-pilot-v1/atlas-v13-curved-ugoaiy7_/outputs/dual_g8_s9134101_b0_a0__apss_2.npz,d0869383684c8679d3c1778fd7987bffcac755db6d6833f4b254ded240a5a2c8,,,,,8,0,0.42540611791196187,1.0537899686467989,0.5559970978206578
dual_g8_s9134101_b0_a0,synthetic,rimls_2,/srv/slam-research/grf/map-denoise/runs/multiscan-pilot-v1/atlas-v13-curved-ugoaiy7_/outputs/dual_g8_s9134101_b0_a0__rimls_2.npz,e5cca2e233210c14cb30a4ea14e9265b555c646faba0fb3313e1acc8242ced9c,,,,,8,0,0.44197516849046375,1.0756154260374111,0.5751273033781837
dual_g8_s9134101_b0_a2,synthetic,global_hard,/srv/slam-research/grf/map-denoise/runs/multiscan-pilot-v1/atlas-v13-curved-ugoaiy7_/outputs/dual_g8_s9134101_b0_a2__global_hard.npz,c48ff33fdbff0d5f4feb3efb1ca7d2c7e0fe6a2ab7ccd13748309e046d4d8259,0.038569594000023244,0.00014536699995915114,0.0,0,8,2,0.16754941526826084,0.4074647505728782,0.2468565487300815
dual_g8_s9134101_b0_a2,synthetic,atlas_hard_96,/srv/slam-research/grf/map-denoise/runs/multiscan-pilot-v1/atlas-v13-curved-ugoaiy7_/outputs/dual_g8_s9134101_b0_a2__atlas_hard_96.npz,64c86132a75c0b950f38af1d4584fa45993231cf322d070f24665273c625e307,0.038569594000023244,0.0019479679999676591,0.0,11,8,2,0.1618619517215029,0.494741604695239,0.26066312714736045
dual_g8_s9134101_b0_a2,synthetic,atlas_hard_256,/srv/slam-research/grf/map-denoise/runs/multiscan-pilot-v1/atlas-v13-curved-ugoaiy7_/outputs/dual_g8_s9134101_b0_a2__atlas_hard_256.npz,28eea867b6cee88140e3ce7ce051705d9267ae63b08cba09ae613a545ab5e886,0.038569594000023244,0.0012723079998977482,0.0,2,8,2,0.15048257815272997,0.37497049027736085,0.23504946357893114
dual_g8_s9134101_b0_a2,synthetic,atlas_tied_96,/srv/slam-research/grf/map-denoise/runs/multiscan-pilot-v1/atlas-v13-curved-ugoaiy7_/outputs/dual_g8_s9134101_b0_a2__atlas_tied_96.npz,3661a710b8f41b3621b2c3db1e21a07e623b7dad8676292d88fcb5514853ae41,0.038569594000023244,0.0018560680000518914,0.0,11,8,2,0.14888977825475025,0.4203897118344637,0.24058726052609838
dual_g8_s9134101_b0_a2,synthetic,atlas_tied_256,/srv/slam-research/grf/map-denoise/runs/multiscan-pilot-v1/atlas-v13-curved-ugoaiy7_/outputs/dual_g8_s9134101_b0_a2__atlas_tied_256.npz,07007b60687e0f277faf0c0dce1a2120b01254e47612bf5e12b3460a507daf41,0.038569594000023244,0.0011631270000407312,0.0,2,8,2,0.16757409704724338,0.449317069638967,0.24947732440482331
dual_g8_s9134101_b0_a2,synthetic,atlas_relax_96,/srv/slam-research/grf/map-denoise/runs/multiscan-pilot-v1/atlas-v13-curved-ugoaiy7_/outputs/dual_g8_s9134101_b0_a2__atlas_relax_96.npz,90ddddc697738aa3845c4c9ed937fcccc369e6ef4ebe5b757d0f05352ceeffae,0.038569594000023244,0.015163155999971423,0.0,11,8,2,0.16185892984147143,0.49474160469581885,0.260662626564727
dual_g8_s9134101_b0_a2,synthetic,atlas_relax_256,/srv/slam-research/grf/map-denoise/runs/multiscan-pilot-v1/atlas-v13-curved-ugoaiy7_/outputs/dual_g8_s9134101_b0_a2__atlas_relax_256.npz,8b6691ee4e89013d7dd1de1d6c5589c49e2c944eccb5bbf50e676d9b6ad470fb,0.038569594000023244,0.008330304000082833,0.0,2,8,2,0.15048131975377052,0.3749704631569271,0.23504866090814144
dual_g8_s9134101_b0_a2,synthetic,bias_only,/srv/slam-research/grf/map-denoise/runs/multiscan-pilot-v1/atlas-v13-curved-ugoaiy7_/outputs/dual_g8_s9134101_b0_a2__bias_only.npz,83ca91eaeae68cfd829182c0cd4f1dae5b9b3deb0da338e634f57ff07e7ee313,,,,,8,2,0.8027502458960137,1.8566604910066453,0.9962524335900148
dual_g8_s9134101_b0_a2,synthetic,old_original,/srv/slam-research/grf/map-denoise/runs/multiscan-pilot-v1/atlas-v13-curved-ugoaiy7_/outputs/dual_g8_s9134101_b0_a2__old_original.npz,79fe0c8a8f8efedc5f1392b2608d11483e2757a0ab7000eace4016689dc55181,,,0.0,,8,2,0.25066186408311736,1.0027848458960351,0.48187150373383514
dual_g8_s9134101_b0_a2,synthetic,whole_spatial,/srv/slam-research/grf/map-denoise/runs/multiscan-pilot-v1/atlas-v13-curved-ugoaiy7_/outputs/dual_g8_s9134101_b0_a2__whole_spatial.npz,f028fd733f3d0ab6d9aad466b73b4c039d4e83532971dd66b406c052646b3941,,,,,8,2,0.4172349109697027,1.1135154859394119,0.5413420426225898
dual_g8_s9134101_b0_a2,synthetic,local_spatial_96,/srv/slam-research/grf/map-denoise/runs/multiscan-pilot-v1/atlas-v13-curved-ugoaiy7_/outputs/dual_g8_s9134101_b0_a2__local_spatial_96.npz,265c785df1b4fa543ee786c958cff3b6f2e064c9090190f53bd100d0178e034a,,,,,8,2,0.3583258651275418,1.5978950164400387,0.6467345126414367
dual_g8_s9134101_b0_a2,synthetic,apss_2,/srv/slam-research/grf/map-denoise/runs/multiscan-pilot-v1/atlas-v13-curved-ugoaiy7_/outputs/dual_g8_s9134101_b0_a2__apss_2.npz,f2a40d60576099df8455c0bf90a059144fe11de2b8c7e22373d10ce3d88cec05,,,,,8,2,0.42491375432307127,1.0483266647545637,0.5569627623850892
dual_g8_s9134101_b0_a2,synthetic,rimls_2,/srv/slam-research/grf/map-denoise/runs/multiscan-pilot-v1/atlas-v13-curved-ugoaiy7_/outputs/dual_g8_s9134101_b0_a2__rimls_2.npz,5da9b8a3fa14798a8228fa270b634cde818eb3138ede1399471d73ab51660a6d,,,,,8,2,0.44118835666851686,1.0695426573422784,0.5758579284654778
dual_g8_s9134101_b0_a8,synthetic,global_hard,/srv/slam-research/grf/map-denoise/runs/multiscan-pilot-v1/atlas-v13-curved-ugoaiy7_/outputs/dual_g8_s9134101_b0_a8__global_hard.npz,d400535f6866dfab1dae27e781c179ced5c5f1b608b07d123802fbcac3d8cd77,0.039785854000001564,0.00014225400002487731,0.0,0,8,8,1.0722738950201638,2.6255898108171696,1.3645714504503026
dual_g8_s9134101_b0_a8,synthetic,atlas_hard_96,/srv/slam-research/grf/map-denoise/runs/multiscan-pilot-v1/atlas-v13-curved-ugoaiy7_/outputs/dual_g8_s9134101_b0_a8__atlas_hard_96.npz,dd1902a5e7eaf517326f934593e9ba73a9ddf899aa242653bd48ca5a699a474e,0.039785854000001564,0.002122171999985767,0.0,5,8,8,0.35124563100395173,0.949142545355671,0.5333286852927663
dual_g8_s9134101_b0_a8,synthetic,atlas_hard_256,/srv/slam-research/grf/map-denoise/runs/multiscan-pilot-v1/atlas-v13-curved-ugoaiy7_/outputs/dual_g8_s9134101_b0_a8__atlas_hard_256.npz,bd4b4ffb13b0e639d7f2906db6bea66247bd80128ce054d893d90c007bd33c9a,0.039785854000001564,0.0013019850000546285,0.0,1,8,8,0.7471947271384844,2.1537631830963817,1.0274066882531652
dual_g8_s9134101_b0_a8,synthetic,atlas_tied_96,/srv/slam-research/grf/map-denoise/runs/multiscan-pilot-v1/atlas-v13-curved-ugoaiy7_/outputs/dual_g8_s9134101_b0_a8__atlas_tied_96.npz,5cecde2e3cf3499cb593cd1afb03330103f04e968af0ee7a1bfa914835b844a7,0.039785854000001564,0.001788900999940779,0.0,5,8,8,0.82811895985749,2.2506014000002628,1.1042630452634343
dual_g8_s9134101_b0_a8,synthetic,atlas_tied_256,/srv/slam-research/grf/map-denoise/runs/multiscan-pilot-v1/atlas-v13-curved-ugoaiy7_/outputs/dual_g8_s9134101_b0_a8__atlas_tied_256.npz,1df538b22b484e60f58dd125235669593d5f60408539d0510b919c778841c567,0.039785854000001564,0.0011177689999612994,0.0,1,8,8,0.930273697013777,2.4747520371976366,1.2692100212746715
dual_g8_s9134101_b0_a8,synthetic,atlas_relax_96,/srv/slam-research/grf/map-denoise/runs/multiscan-pilot-v1/atlas-v13-curved-ugoaiy7_/outputs/dual_g8_s9134101_b0_a8__atlas_relax_96.npz,9ede901648e199dce74236b4fcf0bf6fda98284f0f1def7fc2e3aa5946f3aa29,0.039785854000001564,0.015930047999972885,0.0234375,5,8,8,0.2847648072887423,0.7668255662014903,0.43640881813756094
dual_g8_s9134101_b0_a8,synthetic,atlas_relax_256,/srv/slam-research/grf/map-denoise/runs/multiscan-pilot-v1/atlas-v13-curved-ugoaiy7_/outputs/dual_g8_s9134101_b0_a8__atlas_relax_256.npz,8fb41c993ff6741dc99da900fba8dfdbe12bb72ffd844443ee039e281fc3cdea,0.039785854000001564,0.008583292000025722,0.07552083333333333,1,8,8,0.4896098096243741,1.372531439957378,0.682774012203752
dual_g8_s9134101_b0_a8,synthetic,bias_only,/srv/slam-research/grf/map-denoise/runs/multiscan-pilot-v1/atlas-v13-curved-ugoaiy7_/outputs/dual_g8_s9134101_b0_a8__bias_only.npz,9960d4c67a08ed92636d6b202094887ccc79419b4c3ca1b10fdced9128c90a9e,,,,,8,8,0.7946467696018962,1.8878869366113384,0.9970119638018694
dual_g8_s9134101_b0_a8,synthetic,old_original,/srv/slam-research/grf/map-denoise/runs/multiscan-pilot-v1/atlas-v13-curved-ugoaiy7_/outputs/dual_g8_s9134101_b0_a8__old_original.npz,69b7e97dad1452a6fc0edff27470cbea2fd6f3aa67aaae3182ee827e1368ffda,,,0.0,,8,8,0.35646560428547575,1.0182582103348392,0.5067408082001813
dual_g8_s9134101_b0_a8,synthetic,whole_spatial,/srv/slam-research/grf/map-denoise/runs/multiscan-pilot-v1/atlas-v13-curved-ugoaiy7_/outputs/dual_g8_s9134101_b0_a8__whole_spatial.npz,afee53fc9ffa3551e6b66c72b1e89879023899c0361f29305293f3104c5b224c,,,,,8,8,1.1369808050184387,2.747023366708639,1.3930594938512648
dual_g8_s9134101_b0_a8,synthetic,local_spatial_96,/srv/slam-research/grf/map-denoise/runs/multiscan-pilot-v1/atlas-v13-curved-ugoaiy7_/outputs/dual_g8_s9134101_b0_a8__local_spatial_96.npz,100c76774a97458e2bad45a98176a0673019248871ba29e93ebdfef0add9c5cf,,,,,8,8,0.4275712549117898,1.570370637001692,0.6815838270892163
dual_g8_s9134101_b0_a8,synthetic,apss_2,/srv/slam-research/grf/map-denoise/runs/multiscan-pilot-v1/atlas-v13-curved-ugoaiy7_/outputs/dual_g8_s9134101_b0_a8__apss_2.npz,61b823d3c35c0689abe478456c9c7dd4ea249f2d1e57b4c139e0ed4490a885a2,,,,,8,8,0.42678078543982595,1.0304823375316494,0.5743706543869346
dual_g8_s9134101_b0_a8,synthetic,rimls_2,/srv/slam-research/grf/map-denoise/runs/multiscan-pilot-v1/atlas-v13-curved-ugoaiy7_/outputs/dual_g8_s9134101_b0_a8__rimls_2.npz,3cd29e5945809f45e5a84cb49388521326382d6672aa5ed8ce41983476f9b6bc,,,,,8,8,0.4423709151237487,1.0711337169334376,0.5918052258658553
dual_g8_s9134101_b4_a0,synthetic,global_hard,/srv/slam-research/grf/map-denoise/runs/multiscan-pilot-v1/atlas-v13-curved-ugoaiy7_/outputs/dual_g8_s9134101_b4_a0__global_hard.npz,70ed7d5b014b5aa8a07629e87287f3579aa09762cb3b4fb632449a9b16207ff6,0.03887602500003595,0.00014581499999621883,0.0,0,8,0,0.08876239494196199,0.12545714800879923,0.47234505158462714
dual_g8_s9134101_b4_a0,synthetic,atlas_hard_96,/srv/slam-research/grf/map-denoise/runs/multiscan-pilot-v1/atlas-v13-curved-ugoaiy7_/outputs/dual_g8_s9134101_b4_a0__atlas_hard_96.npz,56fbcb0febfd6c209069566a2cf1c66acf9447f68c6ee3a59f911cc5f5230ec9,0.03887602500003595,0.0019514059999892197,0.0,12,8,0,0.1998361096246358,0.46998583260844323,0.5137223568295363
dual_g8_s9134101_b4_a0,synthetic,atlas_hard_256,/srv/slam-research/grf/map-denoise/runs/multiscan-pilot-v1/atlas-v13-curved-ugoaiy7_/outputs/dual_g8_s9134101_b4_a0__atlas_hard_256.npz,606e8a57826c5ea10c8e98dc6b0f9897416fbd44799eeffb868dbb0fbb15a249,0.03887602500003595,0.0013280619999704868,0.0,2,8,0,0.1305829095838219,0.2950386912926306,0.48488071499022084
dual_g8_s9134101_b4_a0,synthetic,atlas_tied_96,/srv/slam-research/grf/map-denoise/runs/multiscan-pilot-v1/atlas-v13-curved-ugoaiy7_/outputs/dual_g8_s9134101_b4_a0__atlas_tied_96.npz,6aa984e813e21230f0f665f9a1e4091a67b2eaaed57950da227b5ac98bcf923f,0.03887602500003595,0.0017250270000204182,0.0,12,8,0,0.12518292580759505,0.24872013120020176,0.4818787480868614
dual_g8_s9134101_b4_a0,synthetic,atlas_tied_256,/srv/slam-research/grf/map-denoise/runs/multiscan-pilot-v1/atlas-v13-curved-ugoaiy7_/outputs/dual_g8_s9134101_b4_a0__atlas_tied_256.npz,f27579d697282e58df5caca399408a4b1d9bb3a73ea009e4cf72cd7e2a197eb1,0.03887602500003595,0.0011202919999959704,0.0,2,8,0,0.0951227907749043,0.1287432449397615,0.47324611678026385
dual_g8_s9134101_b4_a0,synthetic,atlas_relax_96,/srv/slam-research/grf/map-denoise/runs/multiscan-pilot-v1/atlas-v13-curved-ugoaiy7_/outputs/dual_g8_s9134101_b4_a0__atlas_relax_96.npz,daa7264fc2f5e602f892444cf1e9f72976f0173739ce0a679d01ba36e76b6672,0.03887602500003595,0.0150450120000869,0.0,12,8,0,0.19983570309796353,0.46998583261902555,0.5137215061543059
dual_g8_s9134101_b4_a0,synthetic,atlas_relax_256,/srv/slam-research/grf/map-denoise/runs/multiscan-pilot-v1/atlas-v13-curved-ugoaiy7_/outputs/dual_g8_s9134101_b4_a0__atlas_relax_256.npz,232141c9ae8770a791e68cd8b756da038a28bae64a9539ef17523bd21c678b91,0.03887602500003595,0.008570573000042714,0.0,2,8,0,0.13058296366603783,0.2950386568891425,0.4848807325118421
dual_g8_s9134101_b4_a0,synthetic,bias_only,/srv/slam-research/grf/map-denoise/runs/multiscan-pilot-v1/atlas-v13-curved-ugoaiy7_/outputs/dual_g8_s9134101_b4_a0__bias_only.npz,04d4d7ea1c40b8528b2c2104b4369d66d7e450572aebfebf7c1cd234e66d7d10,,,,,8,0,0.8296645708118174,1.9653959253902118,1.0910330839750655
dual_g8_s9134101_b4_a0,synthetic,old_original,/srv/slam-research/grf/map-denoise/runs/multiscan-pilot-v1/atlas-v13-curved-ugoaiy7_/outputs/dual_g8_s9134101_b4_a0__old_original.npz,ae8c923937a54f158dc250ff8534e72528881f935533c937ea23a0be17ee9030,,,0.0,,8,0,0.25797371119526225,1.0947477491303805,0.6537561920649384
dual_g8_s9134101_b4_a0,synthetic,whole_spatial,/srv/slam-research/grf/map-denoise/runs/multiscan-pilot-v1/atlas-v13-curved-ugoaiy7_/outputs/dual_g8_s9134101_b4_a0__whole_spatial.npz,e36cef1652638aa036a601ea05e0c2a32a68b43ef5293bfd056dda46073aed67,,,,,8,0,0.08658032242703338,0.12575267097674248,0.47222561949548614
dual_g8_s9134101_b4_a0,synthetic,local_spatial_96,/srv/slam-research/grf/map-denoise/runs/multiscan-pilot-v1/atlas-v13-curved-ugoaiy7_/outputs/dual_g8_s9134101_b4_a0__local_spatial_96.npz,2723404dc4b63737fd0b43226eabdbd4334be8b0be89dcb06047450df8435459,,,,,8,0,0.40635764795912466,1.800075685613142,0.7941501343412323
dual_g8_s9134101_b4_a0,synthetic,apss_2,/srv/slam-research/grf/map-denoise/runs/multiscan-pilot-v1/atlas-v13-curved-ugoaiy7_/outputs/dual_g8_s9134101_b4_a0__apss_2.npz,981107533a4a592f3dc6d589101fb0261f95ce891aeb2749100bfee68fa0e713,,,,,8,0,0.45207901989968485,1.107010159564622,0.7123830871541462
dual_g8_s9134101_b4_a0,synthetic,rimls_2,/srv/slam-research/grf/map-denoise/runs/multiscan-pilot-v1/atlas-v13-curved-ugoaiy7_/outputs/dual_g8_s9134101_b4_a0__rimls_2.npz,8e9aa917a579b57b7c879165391f619915510d3bfcba6bd215fa089d68d356f8,,,,,8,0,0.46856972701496424,1.1284080943339527,0.7273882415912521
dual_g8_s9134101_b4_a2,synthetic,global_hard,/srv/slam-research/grf/map-denoise/runs/multiscan-pilot-v1/atlas-v13-curved-ugoaiy7_/outputs/dual_g8_s9134101_b4_a2__global_hard.npz,5c2df723986020110d576150eedea803963912abe82df1740f66cac0b0efdf26,0.03909693899993272,0.00014768799997000315,0.0,0,8,2,0.19984428306327495,0.4322621808406162,0.5373067533052087
dual_g8_s9134101_b4_a2,synthetic,atlas_hard_96,/srv/slam-research/grf/map-denoise/runs/multiscan-pilot-v1/atlas-v13-curved-ugoaiy7_/outputs/dual_g8_s9134101_b4_a2__atlas_hard_96.npz,6e622af1725cc078b2191fb2298b44e4fad81c4be7c2d862117c08ae25d22c30,0.03909693899993272,0.0021978320000926033,0.0,11,8,2,0.19401238680117724,0.5051262997266797,0.5434988295479207
dual_g8_s9134101_b4_a2,synthetic,atlas_hard_256,/srv/slam-research/grf/map-denoise/runs/multiscan-pilot-v1/atlas-v13-curved-ugoaiy7_/outputs/dual_g8_s9134101_b4_a2__atlas_hard_256.npz,0a392b6f2f7702b83c4417414bda5668225a1ea10aa13d24688e6608e11f3943,0.03909693899993272,0.0012566000000333588,0.0,2,8,2,0.18362606154885844,0.4068217960619083,0.532265874335219
dual_g8_s9134101_b4_a2,synthetic,atlas_tied_96,/srv/slam-research/grf/map-denoise/runs/multiscan-pilot-v1/atlas-v13-curved-ugoaiy7_/outputs/dual_g8_s9134101_b4_a2__atlas_tied_96.npz,160d4c7de7e4c441e566165a7a0f7a8c6bb268a21b63b47db48047e535cf0407,0.03909693899993272,0.0017170739999983198,0.0,11,8,2,0.18153255850814035,0.43368193737082134,0.5345775135291008
dual_g8_s9134101_b4_a2,synthetic,atlas_tied_256,/srv/slam-research/grf/map-denoise/runs/multiscan-pilot-v1/atlas-v13-curved-ugoaiy7_/outputs/dual_g8_s9134101_b4_a2__atlas_tied_256.npz,fd11c9cc9e121730bbd02a58cca39ac4d17d74933cfc6d34d81e9df738a56e51,0.03909693899993272,0.001173696000023483,0.0,2,8,2,0.20001105527587684,0.4729866993815224,0.5385440192518055
dual_g8_s9134101_b4_a2,synthetic,atlas_relax_96,/srv/slam-research/grf/map-denoise/runs/multiscan-pilot-v1/atlas-v13-curved-ugoaiy7_/outputs/dual_g8_s9134101_b4_a2__atlas_relax_96.npz,e9401f82481e7a1166c18ebb0715d24ea9161791c27c6ab84c4f7e7ad609316b,0.03909693899993272,0.015431948000014017,0.0,11,8,2,0.19400922755185435,0.5051262997266797,0.5434985945134135
dual_g8_s9134101_b4_a2,synthetic,atlas_relax_256,/srv/slam-research/grf/map-denoise/runs/multiscan-pilot-v1/atlas-v13-curved-ugoaiy7_/outputs/dual_g8_s9134101_b4_a2__atlas_relax_256.npz,2460e07e9af74c16a4e871f143a41757e41e8708beb6105deb38e55f3681f4c0,0.03909693899993272,0.00882827400005226,0.0,2,8,2,0.18362479408446286,0.40682211082772474,0.5322655436873245
dual_g8_s9134101_b4_a2,synthetic,bias_only,/srv/slam-research/grf/map-denoise/runs/multiscan-pilot-v1/atlas-v13-curved-ugoaiy7_/outputs/dual_g8_s9134101_b4_a2__bias_only.npz,fc5eabbc69cd033da8b658a2e0045a3c3a967b268589951c47c5bca29cf270eb,,,,,8,2,0.834491634427748,1.988861189256419,1.1043704200969027
dual_g8_s9134101_b4_a2,synthetic,old_original,/srv/slam-research/grf/map-denoise/runs/multiscan-pilot-v1/atlas-v13-curved-ugoaiy7_/outputs/dual_g8_s9134101_b4_a2__old_original.npz,443f48bdf24ef7eb6f9ffd789be93f211d0bbfc07ff17f50c2af73d0b7042506,,,0.0,,8,2,0.28737972057165556,1.1221033944066354,0.6816807514005585
dual_g8_s9134101_b4_a2,synthetic,whole_spatial,/srv/slam-research/grf/map-denoise/runs/multiscan-pilot-v1/atlas-v13-curved-ugoaiy7_/outputs/dual_g8_s9134101_b4_a2__whole_spatial.npz,09caf7c125a05c29edad149fb8c7bca6d36a218cec961e0d9fc823275b6e57aa,,,,,8,2,0.449521737067899,1.1392003591115432,0.7216803846932244
dual_g8_s9134101_b4_a2,synthetic,local_spatial_96,/srv/slam-research/grf/map-denoise/runs/multiscan-pilot-v1/atlas-v13-curved-ugoaiy7_/outputs/dual_g8_s9134101_b4_a2__local_spatial_96.npz,02bc91e30e682335c0ba364adb7abb88dbb58ff4d56d158b91b65922025e9429,,,,,8,2,0.390001605444033,1.7158759427753476,0.8019110131188184
dual_g8_s9134101_b4_a2,synthetic,apss_2,/srv/slam-research/grf/map-denoise/runs/multiscan-pilot-v1/atlas-v13-curved-ugoaiy7_/outputs/dual_g8_s9134101_b4_a2__apss_2.npz,c3b4dd4c77e2c416795cea90cb2d1f52f3cc53c42146c0498418e37f0ab45070,,,,,8,2,0.4580423712568256,1.121160978306059,0.7339312236858513
dual_g8_s9134101_b4_a2,synthetic,rimls_2,/srv/slam-research/grf/map-denoise/runs/multiscan-pilot-v1/atlas-v13-curved-ugoaiy7_/outputs/dual_g8_s9134101_b4_a2__rimls_2.npz,b6cb63d9e87b1e7b468415ad790af1677a04b8061652189f7312756f5a527d8a,,,,,8,2,0.4741351730937271,1.128390524331502,0.7481757501250298
dual_g8_s9134101_b4_a8,synthetic,global_hard,/srv/slam-research/grf/map-denoise/runs/multiscan-pilot-v1/atlas-v13-curved-ugoaiy7_/outputs/dual_g8_s9134101_b4_a8__global_hard.npz,b5fc08c0fd094157b4fe59a53da63d09e23b6883257d707847cbf9055c165403,0.03815300300004765,0.00014689800002543052,0.0,0,8,8,1.1033444359780662,2.6782611450526,1.442303975430852
dual_g8_s9134101_b4_a8,synthetic,atlas_hard_96,/srv/slam-research/grf/map-denoise/runs/multiscan-pilot-v1/atlas-v13-curved-ugoaiy7_/outputs/dual_g8_s9134101_b4_a8__atlas_hard_96.npz,a82187af2b610ebc07f9d7ac27069be288aa25086e8a7ccedf9180630140488b,0.03815300300004765,0.0020773180000333014,0.0,5,8,8,0.38227826175882207,1.1427043925716915,0.709174606342165
dual_g8_s9134101_b4_a8,synthetic,atlas_hard_256,/srv/slam-research/grf/map-denoise/runs/multiscan-pilot-v1/atlas-v13-curved-ugoaiy7_/outputs/dual_g8_s9134101_b4_a8__atlas_hard_256.npz,97c236ad2dd6ab959b9775b9b879e44343ce01c761caf419523316d4c6698bb0,0.03815300300004765,0.0012767780000331186,0.0,1,8,8,0.7783883044906769,2.2578255239335703,1.12849079293674
dual_g8_s9134101_b4_a8,synthetic,atlas_tied_96,/srv/slam-research/grf/map-denoise/runs/multiscan-pilot-v1/atlas-v13-curved-ugoaiy7_/outputs/dual_g8_s9134101_b4_a8__atlas_tied_96.npz,e24adc16ddbf96902b21c572bef9aa144b17b5b2a263413bc7868a24153ba57c,0.03815300300004765,0.001747833999957038,0.0,5,8,8,0.8592270237097162,2.422049945188989,1.1990032033301052
dual_g8_s9134101_b4_a8,synthetic,atlas_tied_256,/srv/slam-research/grf/map-denoise/runs/multiscan-pilot-v1/atlas-v13-curved-ugoaiy7_/outputs/dual_g8_s9134101_b4_a8__atlas_tied_256.npz,056e0a88b41c2d7e422662e2fef457a3921cc09dcd69c4ff14cb2b46e59acf04,0.03815300300004765,0.0011396900000590904,0.0,1,8,8,0.9618627628107573,2.581892417012156,1.352512881246834
dual_g8_s9134101_b4_a8,synthetic,atlas_relax_96,/srv/slam-research/grf/map-denoise/runs/multiscan-pilot-v1/atlas-v13-curved-ugoaiy7_/outputs/dual_g8_s9134101_b4_a8__atlas_relax_96.npz,c1759a1e4e9f6e34797688a0204afbaa37e67235ac825a7dd7288c9012dc43f0,0.03815300300004765,0.015939322999997785,0.0234375,5,8,8,0.3157990407780074,0.8604298394036184,0.639420326077841
dual_g8_s9134101_b4_a8,synthetic,atlas_relax_256,/srv/slam-research/grf/map-denoise/runs/multiscan-pilot-v1/atlas-v13-curved-ugoaiy7_/outputs/dual_g8_s9134101_b4_a8__atlas_relax_256.npz,00eef7d4dfb58493fb7214344f8260dda2c29dc959e0dd042657dc877e502522,0.03815300300004765,0.008726111999976638,0.07552083333333333,1,8,8,0.520868774759723,1.4531000532989262,0.8271096646561302
dual_g8_s9134101_b4_a8,synthetic,bias_only,/srv/slam-research/grf/map-denoise/runs/multiscan-pilot-v1/atlas-v13-curved-ugoaiy7_/outputs/dual_g8_s9134101_b4_a8__bias_only.npz,1a7d4846ac8fa3e4f419572b5be18ff577465d74432fd1bc0a44fd891c9ab4f5,,,,,8,8,0.8256259502474826,1.9873929707375653,1.1010163091903615
dual_g8_s9134101_b4_a8,synthetic,old_original,/srv/slam-research/grf/map-denoise/runs/multiscan-pilot-v1/atlas-v13-curved-ugoaiy7_/outputs/dual_g8_s9134101_b4_a8__old_original.npz,3084bb778fc6bdf3f40242dc89ce92a85ef3021bf2a8276898f39e8386e47469,,,0.0,,8,8,0.38762803875963336,1.08049241285547,0.6892659863490525
dual_g8_s9134101_b4_a8,synthetic,whole_spatial,/srv/slam-research/grf/map-denoise/runs/multiscan-pilot-v1/atlas-v13-curved-ugoaiy7_/outputs/dual_g8_s9134101_b4_a8__whole_spatial.npz,8ef380d68dbed0074037cc59dd9e9feae0f669b66c4f095039d987b7b2295417,,,,,8,8,1.1680342094314993,2.8019790200070367,1.4693046192050565
dual_g8_s9134101_b4_a8,synthetic,local_spatial_96,/srv/slam-research/grf/map-denoise/runs/multiscan-pilot-v1/atlas-v13-curved-ugoaiy7_/outputs/dual_g8_s9134101_b4_a8__local_spatial_96.npz,4391a9ada5ea932ad4ccde84c863184b3a420b156029533930a8c95d76708090,,,,,8,8,0.4586508389982808,1.6598190186649486,0.8264313583474553
dual_g8_s9134101_b4_a8,synthetic,apss_2,/srv/slam-research/grf/map-denoise/runs/multiscan-pilot-v1/atlas-v13-curved-ugoaiy7_/outputs/dual_g8_s9134101_b4_a8__apss_2.npz,6223da5f92fed1e7869587075b80298a5af740a1ef1990417259f7fe4e6d6a8f,,,,,8,8,0.45760720361435975,1.0892499917469445,0.7404405643346303
dual_g8_s9134101_b4_a8,synthetic,rimls_2,/srv/slam-research/grf/map-denoise/runs/multiscan-pilot-v1/atlas-v13-curved-ugoaiy7_/outputs/dual_g8_s9134101_b4_a8__rimls_2.npz,6641d62d1343742e4cd1399143b9f99019035029de869f64d6baf4533214a39b,,,,,8,8,0.4731780798448268,1.1057197977745772,0.753867978144319
ghost_s9134111_b0_a0,synthetic,global_hard,/srv/slam-research/grf/map-denoise/runs/multiscan-pilot-v1/atlas-v13-curved-ugoaiy7_/outputs/ghost_s9134111_b0_a0__global_hard.npz,c2125a18ae7a32ee6f8f25c4f1dd7a34d245a2e7ad9f5050b7355fa42614529b,0.04027012899996407,0.00014289000000644592,0.0,0,0.0,0,0.04561196444368613,0.09498550222668874,0.05383041631783748
ghost_s9134111_b0_a0,synthetic,atlas_hard_96,/srv/slam-research/grf/map-denoise/runs/multiscan-pilot-v1/atlas-v13-curved-ugoaiy7_/outputs/ghost_s9134111_b0_a0__atlas_hard_96.npz,8544ed94ceace06eaf4cfdb226a1b14c32d5605d4ae5b413bf1a7fffa4b347db,0.04027012899996407,0.0018483119999928022,0.0,0,0.0,0,0.1282865239265313,0.2918526484830842,0.1557077234166242
ghost_s9134111_b0_a0,synthetic,atlas_hard_256,/srv/slam-research/grf/map-denoise/runs/multiscan-pilot-v1/atlas-v13-curved-ugoaiy7_/outputs/ghost_s9134111_b0_a0__atlas_hard_256.npz,7fda4602768f18b6878f292fa38bbb13704b8c18d15939d90e9eb0128950caf4,0.04027012899996407,0.0011251269999092983,0.0,0,0.0,0,0.07145168345722251,0.19258700077161703,0.08914522344720471
ghost_s9134111_b0_a0,synthetic,atlas_tied_96,/srv/slam-research/grf/map-denoise/runs/multiscan-pilot-v1/atlas-v13-curved-ugoaiy7_/outputs/ghost_s9134111_b0_a0__atlas_tied_96.npz,b63ad3875c37011773e1b7aa87568287eafe5ec8e6aaf6eed3c83d9eed754d0c,0.04027012899996407,0.001559579000058875,0.0,0,0.0,0,0.09191283265064805,0.20919614387775978,0.10528632899518887
ghost_s9134111_b0_a0,synthetic,atlas_tied_256,/srv/slam-research/grf/map-denoise/runs/multiscan-pilot-v1/atlas-v13-curved-ugoaiy7_/outputs/ghost_s9134111_b0_a0__atlas_tied_256.npz,ab83df161eb33ee52328f67731281a8210f8d5b805c5ad5b8546a2c48beabb6f,0.04027012899996407,0.0010437229999524789,0.0,0,0.0,0,0.06431351515849258,0.11967488240691256,0.07312452880485912
ghost_s9134111_b0_a0,synthetic,atlas_relax_96,/srv/slam-research/grf/map-denoise/runs/multiscan-pilot-v1/atlas-v13-curved-ugoaiy7_/outputs/ghost_s9134111_b0_a0__atlas_relax_96.npz,8544ed94ceace06eaf4cfdb226a1b14c32d5605d4ae5b413bf1a7fffa4b347db,0.04027012899996407,0.012387803000024178,0.0,0,0.0,0,0.1282865239265313,0.2918526484830842,0.1557077234166242
ghost_s9134111_b0_a0,synthetic,atlas_relax_256,/srv/slam-research/grf/map-denoise/runs/multiscan-pilot-v1/atlas-v13-curved-ugoaiy7_/outputs/ghost_s9134111_b0_a0__atlas_relax_256.npz,7fda4602768f18b6878f292fa38bbb13704b8c18d15939d90e9eb0128950caf4,0.04027012899996407,0.0056884460000219406,0.0,0,0.0,0,0.07145168345722251,0.19258700077161703,0.08914522344720471
ghost_s9134111_b0_a0,synthetic,bias_only,/srv/slam-research/grf/map-denoise/runs/multiscan-pilot-v1/atlas-v13-curved-ugoaiy7_/outputs/ghost_s9134111_b0_a0__bias_only.npz,c02de4f37f9807f5747923f5db02fc80c1866a5fc106cb70a24478cfb3bbd616,,,,,0.0,0,0.8079034063224432,1.9873426875552345,1.0071083567708259
ghost_s9134111_b0_a0,synthetic,old_original,/srv/slam-research/grf/map-denoise/runs/multiscan-pilot-v1/atlas-v13-curved-ugoaiy7_/outputs/ghost_s9134111_b0_a0__old_original.npz,17e6df23945aacddcdd3978ce582f5a275c9a805d474efa9da9b53b965d81978,,,0.0,,0.0,0,0.045340218909646936,0.09393620951580986,0.05378122937494586
ghost_s9134111_b0_a0,synthetic,whole_spatial,/srv/slam-research/grf/map-denoise/runs/multiscan-pilot-v1/atlas-v13-curved-ugoaiy7_/outputs/ghost_s9134111_b0_a0__whole_spatial.npz,c605369b9586f6281b1a56142bf10466ea1bc15f75edc1ce6a179dfaeb8eda6e,,,,,0.0,0,0.045744504086009614,0.09526494279537735,0.054294220107090924
ghost_s9134111_b0_a0,synthetic,local_spatial_96,/srv/slam-research/grf/map-denoise/runs/multiscan-pilot-v1/atlas-v13-curved-ugoaiy7_/outputs/ghost_s9134111_b0_a0__local_spatial_96.npz,a4ecdf12c654daa359e5ae867137ca7bc2fb9e6ccdf70888644121e14b861adc,,,,,0.0,0,0.12828652392653137,0.2918526484830842,0.15570772341662423
ghost_s9134111_b0_a0,synthetic,apss_2,/srv/slam-research/grf/map-denoise/runs/multiscan-pilot-v1/atlas-v13-curved-ugoaiy7_/outputs/ghost_s9134111_b0_a0__apss_2.npz,191bdb07e4faa2b8fe138b9f50d64073aed9464ae427c70ea0620390c7b6cc6e,,,,,0.0,0,0.3640113490981289,0.9313570324095428,0.4612180308412594
ghost_s9134111_b0_a0,synthetic,rimls_2,/srv/slam-research/grf/map-denoise/runs/multiscan-pilot-v1/atlas-v13-curved-ugoaiy7_/outputs/ghost_s9134111_b0_a0__rimls_2.npz,281db32c42c5ee21729e79804dc08093b1b4d6bc12507268557f805b1457493e,,,,,0.0,0,0.3759795202182854,0.9659527109943541,0.49253883703276496
ghost_s9134111_b0_a2,synthetic,global_hard,/srv/slam-research/grf/map-denoise/runs/multiscan-pilot-v1/atlas-v13-curved-ugoaiy7_/outputs/ghost_s9134111_b0_a2__global_hard.npz,b12b0a6e6a37df6783cae5593aa55548c7d0b2d8403afd59e4f57b93296ad385,0.03897046899999168,0.0001499530000046434,0.0,0,0.0,2,0.35452453619956925,0.9240875044116901,0.46450248220367757
ghost_s9134111_b0_a2,synthetic,atlas_hard_96,/srv/slam-research/grf/map-denoise/runs/multiscan-pilot-v1/atlas-v13-curved-ugoaiy7_/outputs/ghost_s9134111_b0_a2__atlas_hard_96.npz,61f0dfeeb3dc6ffa6094bbb6df153387bfe8a06f9ffd2330455db9617363d72a,0.03897046899999168,0.002082413000039196,0.0,4,0.0,2,0.3816849292209287,1.1454256241810974,0.5384072481395741
ghost_s9134111_b0_a2,synthetic,atlas_hard_256,/srv/slam-research/grf/map-denoise/runs/multiscan-pilot-v1/atlas-v13-curved-ugoaiy7_/outputs/ghost_s9134111_b0_a2__atlas_hard_256.npz,0abc767a60d3cc147269e3aa663fc20c87eb80f8b0d06bf987f68b55df78a350,0.03897046899999168,0.0012926819999847794,0.0,0,0.0,2,0.35031043506233134,0.9937629860144799,0.4776589289858809
ghost_s9134111_b0_a2,synthetic,atlas_tied_96,/srv/slam-research/grf/map-denoise/runs/multiscan-pilot-v1/atlas-v13-curved-ugoaiy7_/outputs/ghost_s9134111_b0_a2__atlas_tied_96.npz,37f7875ad0fa81b90b8d92d4fd1ae6d87f6efdf053db7872ad45c617520d021a,0.03897046899999168,0.00174521700000696,0.0,4,0.0,2,0.3661353498333478,0.9379970199231336,0.4759993324106427
ghost_s9134111_b0_a2,synthetic,atlas_tied_256,/srv/slam-research/grf/map-denoise/runs/multiscan-pilot-v1/atlas-v13-curved-ugoaiy7_/outputs/ghost_s9134111_b0_a2__atlas_tied_256.npz,c9cce07560501252d5fddf5bfe3d94d520dce59e25ed32956039585b9fc04414,0.03897046899999168,0.001363055000069835,0.0,0,0.0,2,0.35395740840948764,0.9408983402231605,0.4683137927652035
ghost_s9134111_b0_a2,synthetic,atlas_relax_96,/srv/slam-research/grf/map-denoise/runs/multiscan-pilot-v1/atlas-v13-curved-ugoaiy7_/outputs/ghost_s9134111_b0_a2__atlas_relax_96.npz,999df235fad31351982c5e12d036ea1dbe7e9d0182352965651d68db4b439094,0.03897046899999168,0.016682598999977927,0.046875,4,0.0,2,0.23076563246395163,0.6044585108835561,0.30230165321554614
ghost_s9134111_b0_a2,synthetic,atlas_relax_256,/srv/slam-research/grf/map-denoise/runs/multiscan-pilot-v1/atlas-v13-curved-ugoaiy7_/outputs/ghost_s9134111_b0_a2__atlas_relax_256.npz,5ab1627c037b8ede0f7af77c659569fd8811123afda8d0e0dcccea6d6fe96848,0.03897046899999168,0.00881802600008541,0.033854166666666664,0,0.0,2,0.21957467375010367,0.5652575141513875,0.2815286729801788
ghost_s9134111_b0_a2,synthetic,bias_only,/srv/slam-research/grf/map-denoise/runs/multiscan-pilot-v1/atlas-v13-curved-ugoaiy7_/outputs/ghost_s9134111_b0_a2__bias_only.npz,2cd914123d3f9f4236131bfe0cd23d40242ab1f77a394dc990867194d29b664e,,,,,0.0,2,0.8073651232603725,1.9874509386311134,1.0072062310268624
ghost_s9134111_b0_a2,synthetic,old_original,/srv/slam-research/grf/map-denoise/runs/multiscan-pilot-v1/atlas-v13-curved-ugoaiy7_/outputs/ghost_s9134111_b0_a2__old_original.npz,bfc0f94bdefd8b6aa74b1a5c3eda20b70219f04857d59c068d8c97600fed70ea,,,0.0,,0.0,2,0.17593059183142587,0.38575647596833895,0.21787717819687114
ghost_s9134111_b0_a2,synthetic,whole_spatial,/srv/slam-research/grf/map-denoise/runs/multiscan-pilot-v1/atlas-v13-curved-ugoaiy7_/outputs/ghost_s9134111_b0_a2__whole_spatial.npz,141ce2b888807f120571afa9026180ced945be938f43b03e5161fce3c65d31a6,,,,,0.0,2,0.3105647173012978,0.8703827919301422,0.41691257118309405
ghost_s9134111_b0_a2,synthetic,local_spatial_96,/srv/slam-research/grf/map-denoise/runs/multiscan-pilot-v1/atlas-v13-curved-ugoaiy7_/outputs/ghost_s9134111_b0_a2__local_spatial_96.npz,1680e624e5235ca8eef9fb13dca8ee838d50483a5a424c058e06f0b7e9853aab,,,,,0.0,2,0.14139265151368519,0.3378026471782873,0.178494627808386
ghost_s9134111_b0_a2,synthetic,apss_2,/srv/slam-research/grf/map-denoise/runs/multiscan-pilot-v1/atlas-v13-curved-ugoaiy7_/outputs/ghost_s9134111_b0_a2__apss_2.npz,0e467c3d48f1972bc3ec92f2fca43f363d1ba5950acf4fd3c5ce85346e215a7b,,,,,0.0,2,0.36339533305587474,0.9322757464660193,0.4618558454042755
ghost_s9134111_b0_a2,synthetic,rimls_2,/srv/slam-research/grf/map-denoise/runs/multiscan-pilot-v1/atlas-v13-curved-ugoaiy7_/outputs/ghost_s9134111_b0_a2__rimls_2.npz,fdc791e23d94cacdeebea33baa39d7e0ab61fc0b6ec2fa1b1fbc6271f317d934,,,,,0.0,2,0.3755887233418056,0.9701675212970873,0.49238228715381666
ghost_s9134111_b0_a8,synthetic,global_hard,/srv/slam-research/grf/map-denoise/runs/multiscan-pilot-v1/atlas-v13-curved-ugoaiy7_/outputs/ghost_s9134111_b0_a8__global_hard.npz,77c4998863605ade54d8c87910335258fb1f5edab5d548a501b17d1e7480bf5e,0.039159467999979825,0.000136171999997714,0.0,0,0.0,8,0.977992767193356,2.3238546046714106,1.2107053265713112
ghost_s9134111_b0_a8,synthetic,atlas_hard_96,/srv/slam-research/grf/map-denoise/runs/multiscan-pilot-v1/atlas-v13-curved-ugoaiy7_/outputs/ghost_s9134111_b0_a8__atlas_hard_96.npz,9db5ac090bc882b7cfebe76f1ede6a63b69c11124b364cffa33ce118f0f61730,0.039159467999979825,0.00209484300000895,0.0,3,0.0,8,0.3345305841556107,0.8382299273090597,0.4662805141386353
ghost_s9134111_b0_a8,synthetic,atlas_hard_256,/srv/slam-research/grf/map-denoise/runs/multiscan-pilot-v1/atlas-v13-curved-ugoaiy7_/outputs/ghost_s9134111_b0_a8__atlas_hard_256.npz,f3895849c1f011a957e8c1bed084b222c32b1f4bf2f22d562685bbaad55c9912,0.039159467999979825,0.0012836980000656695,0.0,0,0.0,8,0.4845503469643983,1.2740116453672665,0.6393575124013777
ghost_s9134111_b0_a8,synthetic,atlas_tied_96,/srv/slam-research/grf/map-denoise/runs/multiscan-pilot-v1/atlas-v13-curved-ugoaiy7_/outputs/ghost_s9134111_b0_a8__atlas_tied_96.npz,189d8ea117fd953fb221c3e9186230a4ff54590496f7162a00e7c0958dd7983e,0.039159467999979825,0.0017632880000064688,0.0,3,0.0,8,0.734633992039746,2.018397116452183,0.9798921132730478
ghost_s9134111_b0_a8,synthetic,atlas_tied_256,/srv/slam-research/grf/map-denoise/runs/multiscan-pilot-v1/atlas-v13-curved-ugoaiy7_/outputs/ghost_s9134111_b0_a8__atlas_tied_256.npz,f67db71423f6e350d8aa0d5ca347afd6a39b9b62ef1797adf4ad0cac245023fe,0.039159467999979825,0.0015819970000165995,0.0,0,0.0,8,0.898842342790172,2.247827666067953,1.1548114486008685
ghost_s9134111_b0_a8,synthetic,atlas_relax_96,/srv/slam-research/grf/map-denoise/runs/multiscan-pilot-v1/atlas-v13-curved-ugoaiy7_/outputs/ghost_s9134111_b0_a8__atlas_relax_96.npz,de82f1ebcc202e95012c627e8123fbe1ff291d8118fc934d06402dd9b88a0b8e,0.039159467999979825,0.016835631000049034,0.029947916666666668,3,0.0,8,0.24465760714226173,0.6267672778262539,0.3468435724950914
ghost_s9134111_b0_a8,synthetic,atlas_relax_256,/srv/slam-research/grf/map-denoise/runs/multiscan-pilot-v1/atlas-v13-curved-ugoaiy7_/outputs/ghost_s9134111_b0_a8__atlas_relax_256.npz,841c60e9dbb04b2c42285baf00a9b650c5984d2bcffe303e82d44391bb289c78,0.039159467999979825,0.008788882999965608,0.037760416666666664,0,0.0,8,0.3966603561937294,1.2422757675610205,0.5721889743197152
ghost_s9134111_b0_a8,synthetic,bias_only,/srv/slam-research/grf/map-denoise/runs/multiscan-pilot-v1/atlas-v13-curved-ugoaiy7_/outputs/ghost_s9134111_b0_a8__bias_only.npz,ade209bbc328b925a4d785054218be8622629ac209554f4be40f16a793b50870,,,,,0.0,8,0.7992580764778419,1.9650981784929147,1.0076492349811976
ghost_s9134111_b0_a8,synthetic,old_original,/srv/slam-research/grf/map-denoise/runs/multiscan-pilot-v1/atlas-v13-curved-ugoaiy7_/outputs/ghost_s9134111_b0_a8__old_original.npz,86fa55945545cb5c143e7476d13c54c9766d754bae17757eab56a4dc895086ba,,,0.0,,0.0,8,0.2381850284597288,0.581794358297054,0.2956746616881099
ghost_s9134111_b0_a8,synthetic,whole_spatial,/srv/slam-research/grf/map-denoise/runs/multiscan-pilot-v1/atlas-v13-curved-ugoaiy7_/outputs/ghost_s9134111_b0_a8__whole_spatial.npz,63658c9796b3f63972716e23c75f0df21121c63c572bb688bd579c542d7d96cd,,,,,0.0,8,0.9811990662805573,2.299761612518701,1.2098417621778794
ghost_s9134111_b0_a8,synthetic,local_spatial_96,/srv/slam-research/grf/map-denoise/runs/multiscan-pilot-v1/atlas-v13-curved-ugoaiy7_/outputs/ghost_s9134111_b0_a8__local_spatial_96.npz,b0d88bba2e9dc70a3b2389c7e47828aa44443dd5d398184180fe5452a226f2bc,,,,,0.0,8,0.22779326736299801,0.5968679151419838,0.3242056104228771
ghost_s9134111_b0_a8,synthetic,apss_2,/srv/slam-research/grf/map-denoise/runs/multiscan-pilot-v1/atlas-v13-curved-ugoaiy7_/outputs/ghost_s9134111_b0_a8__apss_2.npz,ee8a57373d443cc1ca9b6b3589f40b12ae6300cd2129f5df5a9d6196403cd5ec,,,,,0.0,8,0.35938273393647235,0.9234069698816979,0.4771716549231148
ghost_s9134111_b0_a8,synthetic,rimls_2,/srv/slam-research/grf/map-denoise/runs/multiscan-pilot-v1/atlas-v13-curved-ugoaiy7_/outputs/ghost_s9134111_b0_a8__rimls_2.npz,407dfa7c587190823f2219a5f6a5587ac2211b62e907e423e2ad5db0189b70f8,,,,,0.0,8,0.37163545814409166,0.9562011418852964,0.5047386253060905
ghost_s9134111_b4_a0,synthetic,global_hard,/srv/slam-research/grf/map-denoise/runs/multiscan-pilot-v1/atlas-v13-curved-ugoaiy7_/outputs/ghost_s9134111_b4_a0__global_hard.npz,7c2a7b0d368aa38e92685e13352074d73e04bd8b925794e8a19cbd532ca8b942,0.038975298999957886,0.00012470600006508903,0.0,0,0.0,0,0.04562669942255838,0.09489871836241622,0.05915371386295782
ghost_s9134111_b4_a0,synthetic,atlas_hard_96,/srv/slam-research/grf/map-denoise/runs/multiscan-pilot-v1/atlas-v13-curved-ugoaiy7_/outputs/ghost_s9134111_b4_a0__atlas_hard_96.npz,d13af0a1cd06c49180835893dcf85f307da773a8902f77e7a77344a573c1dd45,0.038975298999957886,0.0017955689999098468,0.0,0,0.0,0,0.1280861228327358,0.2916533606927773,0.15725980676947404
ghost_s9134111_b4_a0,synthetic,atlas_hard_256,/srv/slam-research/grf/map-denoise/runs/multiscan-pilot-v1/atlas-v13-curved-ugoaiy7_/outputs/ghost_s9134111_b4_a0__atlas_hard_256.npz,1c81560e72a9c5d098c7cd59b43ff44303fc908fb81a172683d48633fde5361a,0.038975298999957886,0.001138380000043071,0.0,0,0.0,0,0.07127647138729103,0.1923156244060144,0.09216007678371294
ghost_s9134111_b4_a0,synthetic,atlas_tied_96,/srv/slam-research/grf/map-denoise/runs/multiscan-pilot-v1/atlas-v13-curved-ugoaiy7_/outputs/ghost_s9134111_b4_a0__atlas_tied_96.npz,758d7d966641e2bf9112837dc2c05767de4d235999e2b32285b8cb1a4c6863f3,0.038975298999957886,0.0015636229999245188,0.0,0,0.0,0,0.0919139834765796,0.20929224370005609,0.10812791303340771
ghost_s9134111_b4_a0,synthetic,atlas_tied_256,/srv/slam-research/grf/map-denoise/runs/multiscan-pilot-v1/atlas-v13-curved-ugoaiy7_/outputs/ghost_s9134111_b4_a0__atlas_tied_256.npz,e8118479ae6413733ae826811d3ce166d4f07afde9571349e6f2a04ca99e0510,0.038975298999957886,0.001032182000017201,0.0,0,0.0,0,0.06436319563793765,0.11957472779264092,0.07715307177886169
ghost_s9134111_b4_a0,synthetic,atlas_relax_96,/srv/slam-research/grf/map-denoise/runs/multiscan-pilot-v1/atlas-v13-curved-ugoaiy7_/outputs/ghost_s9134111_b4_a0__atlas_relax_96.npz,d13af0a1cd06c49180835893dcf85f307da773a8902f77e7a77344a573c1dd45,0.038975298999957886,0.012246007999920039,0.0,0,0.0,0,0.1280861228327358,0.2916533606927773,0.15725980676947404
ghost_s9134111_b4_a0,synthetic,atlas_relax_256,/srv/slam-research/grf/map-denoise/runs/multiscan-pilot-v1/atlas-v13-curved-ugoaiy7_/outputs/ghost_s9134111_b4_a0__atlas_relax_256.npz,1c81560e72a9c5d098c7cd59b43ff44303fc908fb81a172683d48633fde5361a,0.038975298999957886,0.006265469000027224,0.0,0,0.0,0,0.07127647138729103,0.1923156244060144,0.09216007678371294
ghost_s9134111_b4_a0,synthetic,bias_only,/srv/slam-research/grf/map-denoise/runs/multiscan-pilot-v1/atlas-v13-curved-ugoaiy7_/outputs/ghost_s9134111_b4_a0__bias_only.npz,86eecccf87253a15ace8000885789b0a51659eecdf4d86daba79e42f195963ee,,,,,0.0,0,0.8078178494720915,1.986161430775784,1.0074185643296931
ghost_s9134111_b4_a0,synthetic,old_original,/srv/slam-research/grf/map-denoise/runs/multiscan-pilot-v1/atlas-v13-curved-ugoaiy7_/outputs/ghost_s9134111_b4_a0__old_original.npz,7bb38e9d91451fc27ab8f489e945ba6d73a01e44303762c04c1f35ddf69d655f,,,0.0,,0.0,0,0.045374115277961063,0.093917391890026,0.05911991897762494
ghost_s9134111_b4_a0,synthetic,whole_spatial,/srv/slam-research/grf/map-denoise/runs/multiscan-pilot-v1/atlas-v13-curved-ugoaiy7_/outputs/ghost_s9134111_b4_a0__whole_spatial.npz,58aa55fa93c0879d28d9171248d3bf10469185a34423a859813f5bed09cb6541,,,,,0.0,0,0.04575924956435307,0.09517944695871007,0.05956614271465771
ghost_s9134111_b4_a0,synthetic,local_spatial_96,/srv/slam-research/grf/map-denoise/runs/multiscan-pilot-v1/atlas-v13-curved-ugoaiy7_/outputs/ghost_s9134111_b4_a0__local_spatial_96.npz,68e24b69ad0c227520527d79d9430d86d44a180155435338d775117b7a5f56e8,,,,,0.0,0,0.1280861228327358,0.29165336069277625,0.15725980676947404
ghost_s9134111_b4_a0,synthetic,apss_2,/srv/slam-research/grf/map-denoise/runs/multiscan-pilot-v1/atlas-v13-curved-ugoaiy7_/outputs/ghost_s9134111_b4_a0__apss_2.npz,341f7870ea65516f3b6a4ed451cd876fb645cba76556763b731e332e685c3209,,,,,0.0,0,0.36390494509156257,0.9312146254480866,0.4616387385238436
ghost_s9134111_b4_a0,synthetic,rimls_2,/srv/slam-research/grf/map-denoise/runs/multiscan-pilot-v1/atlas-v13-curved-ugoaiy7_/outputs/ghost_s9134111_b4_a0__rimls_2.npz,3194cf602d7490a994e02af31e36218b755aaa613239fa6a9a2feec20eab4fb0,,,,,0.0,0,0.3759387321538656,0.9655536179581943,0.4928574417143747
ghost_s9134111_b4_a2,synthetic,global_hard,/srv/slam-research/grf/map-denoise/runs/multiscan-pilot-v1/atlas-v13-curved-ugoaiy7_/outputs/ghost_s9134111_b4_a2__global_hard.npz,b75df32f145ac02fa8983e05e0779a39b3943351b0cdec7a52138a26fe3b1c09,0.03889763500001209,0.0001405259999955888,0.0,0,0.0,2,0.3544404478987153,0.9242511308651626,0.465218142779728
ghost_s9134111_b4_a2,synthetic,atlas_hard_96,/srv/slam-research/grf/map-denoise/runs/multiscan-pilot-v1/atlas-v13-curved-ugoaiy7_/outputs/ghost_s9134111_b4_a2__atlas_hard_96.npz,55627fec5a9a4002ecd7712cb979e9bb054e89c1f9ae4390db050d0ab4ea1f04,0.03889763500001209,0.0021063519999415803,0.0,4,0.0,2,0.38152166504952784,1.1452781013768496,0.539021088857927
ghost_s9134111_b4_a2,synthetic,atlas_hard_256,/srv/slam-research/grf/map-denoise/runs/multiscan-pilot-v1/atlas-v13-curved-ugoaiy7_/outputs/ghost_s9134111_b4_a2__atlas_hard_256.npz,a365dc1f40fa39fce8834cd5d156a5e70b2f61fb4d9c428cf629fd33636aa2d2,0.03889763500001209,0.0012962340000512995,0.0,0,0.0,2,0.35167592481377813,0.9933494460501185,0.4788539861042934
ghost_s9134111_b4_a2,synthetic,atlas_tied_96,/srv/slam-research/grf/map-denoise/runs/multiscan-pilot-v1/atlas-v13-curved-ugoaiy7_/outputs/ghost_s9134111_b4_a2__atlas_tied_96.npz,ecd9bd6c97ac628c7fbb86bf094689da47279c4e978490b49a3b1ba451ec7a90,0.03889763500001209,0.0017901219999885143,0.0,4,0.0,2,0.36600931249026464,0.9376203898749838,0.4766686652560551
ghost_s9134111_b4_a2,synthetic,atlas_tied_256,/srv/slam-research/grf/map-denoise/runs/multiscan-pilot-v1/atlas-v13-curved-ugoaiy7_/outputs/ghost_s9134111_b4_a2__atlas_tied_256.npz,a9fa2ea19e0c09ab49818e98b8acdbac2aded20656d006b003bf9dcd408fa18f,0.03889763500001209,0.0013003200000412107,0.0,0,0.0,2,0.3543746012835416,0.9412993497353747,0.4694171467571702
ghost_s9134111_b4_a2,synthetic,atlas_relax_96,/srv/slam-research/grf/map-denoise/runs/multiscan-pilot-v1/atlas-v13-curved-ugoaiy7_/outputs/ghost_s9134111_b4_a2__atlas_relax_96.npz,ed333c65b6337e42c0a4f74c12984862786eb4d064edc6a6bab5d133886ebd05,0.03889763500001209,0.017799304000050142,0.045572916666666664,4,0.0,2,0.23018979648411408,0.6046472175456968,0.30297110249284914
ghost_s9134111_b4_a2,synthetic,atlas_relax_256,/srv/slam-research/grf/map-denoise/runs/multiscan-pilot-v1/atlas-v13-curved-ugoaiy7_/outputs/ghost_s9134111_b4_a2__atlas_relax_256.npz,8641352d970dbfe9f3ea0e93811c1e6ce975e80a33b260fe8d11cbad1865ec57,0.03889763500001209,0.009133309999924677,0.033854166666666664,0,0.0,2,0.22033099041134088,0.5652864413591135,0.2834458197189781
ghost_s9134111_b4_a2,synthetic,bias_only,/srv/slam-research/grf/map-denoise/runs/multiscan-pilot-v1/atlas-v13-curved-ugoaiy7_/outputs/ghost_s9134111_b4_a2__bias_only.npz,e2ce59acf64ad07cb5f0fab70a60c904e981f866841283a325e7d828439b1f4a,,,,,0.0,2,0.8072623405920548,1.9876757880638345,1.007590201282939
ghost_s9134111_b4_a2,synthetic,old_original,/srv/slam-research/grf/map-denoise/runs/multiscan-pilot-v1/atlas-v13-curved-ugoaiy7_/outputs/ghost_s9134111_b4_a2__old_original.npz,c0cc40c6d0abed8958e87fee52d54d49f23dd1e0affe4759101c478f49f0821c,,,0.0,,0.0,2,0.17583965117915004,0.38543938775269193,0.21950841625308365
ghost_s9134111_b4_a2,synthetic,whole_spatial,/srv/slam-research/grf/map-denoise/runs/multiscan-pilot-v1/atlas-v13-curved-ugoaiy7_/outputs/ghost_s9134111_b4_a2__whole_spatial.npz,5eeb195e482e43279b9462c3c00064c95ff485d72a5c1b0d3c8329840328f5c3,,,,,0.0,2,0.31039644361757945,0.8708032585083296,0.4176639341792953
ghost_s9134111_b4_a2,synthetic,local_spatial_96,/srv/slam-research/grf/map-denoise/runs/multiscan-pilot-v1/atlas-v13-curved-ugoaiy7_/outputs/ghost_s9134111_b4_a2__local_spatial_96.npz,a7464e4eb1dfa6f8d4ec1f8ac0900bf89754fbe91f81b0ebce5c3c4e70c94651,,,,,0.0,2,0.14120254036224547,0.33695136791677033,0.18029874913480612
ghost_s9134111_b4_a2,synthetic,apss_2,/srv/slam-research/grf/map-denoise/runs/multiscan-pilot-v1/atlas-v13-curved-ugoaiy7_/outputs/ghost_s9134111_b4_a2__apss_2.npz,4b65cca919253309f8f084564b38dc6ec3ae7fee8766efc9c5d7d8bce6278ddd,,,,,0.0,2,0.3632266661644655,0.9321723544638582,0.4624260662473484
ghost_s9134111_b4_a2,synthetic,rimls_2,/srv/slam-research/grf/map-denoise/runs/multiscan-pilot-v1/atlas-v13-curved-ugoaiy7_/outputs/ghost_s9134111_b4_a2__rimls_2.npz,8e84dcbe24bf3f1057cffa1471eaa7d0fe5888dafc01a76ee36dfdbb0c138694,,,,,0.0,2,0.3754011163573157,0.966872118006536,0.4928270506462274
ghost_s9134111_b4_a8,synthetic,global_hard,/srv/slam-research/grf/map-denoise/runs/multiscan-pilot-v1/atlas-v13-curved-ugoaiy7_/outputs/ghost_s9134111_b4_a8__global_hard.npz,e74539cd3fabcb818b494124dc7b5d62d287f0070dd9a5b1a95d13d0376eb7ef,0.038684944000010546,0.00013543200009280554,0.0,0,0.0,8,0.9779320605302435,2.3224499706875728,1.2127600587201646
ghost_s9134111_b4_a8,synthetic,atlas_hard_96,/srv/slam-research/grf/map-denoise/runs/multiscan-pilot-v1/atlas-v13-curved-ugoaiy7_/outputs/ghost_s9134111_b4_a8__atlas_hard_96.npz,725698970e1bd8a6f173caa524d519b54540815dca52837410e08f01f1cfa13c,0.038684944000010546,0.002115742999990289,0.0,3,0.0,8,0.33338932802618054,0.8549414916442808,0.47290585426334175
ghost_s9134111_b4_a8,synthetic,atlas_hard_256,/srv/slam-research/grf/map-denoise/runs/multiscan-pilot-v1/atlas-v13-curved-ugoaiy7_/outputs/ghost_s9134111_b4_a8__atlas_hard_256.npz,6def1ccfef6c208fe262b22d9765a2b5a1c35b298ade28338b53d1c2cfa0fc06,0.038684944000010546,0.0012916309999582154,0.0,0,0.0,8,0.48363616434521545,1.2631888793064847,0.643365711380297
ghost_s9134111_b4_a8,synthetic,atlas_tied_96,/srv/slam-research/grf/map-denoise/runs/multiscan-pilot-v1/atlas-v13-curved-ugoaiy7_/outputs/ghost_s9134111_b4_a8__atlas_tied_96.npz,6ecdd119ed9e0fa00194d066ed8969101a023243e96425542dff07cc6e114e7a,0.038684944000010546,0.0017587890000640982,0.0,3,0.0,8,0.734452020500992,2.0135617584015533,0.9817951816329812
ghost_s9134111_b4_a8,synthetic,atlas_tied_256,/srv/slam-research/grf/map-denoise/runs/multiscan-pilot-v1/atlas-v13-curved-ugoaiy7_/outputs/ghost_s9134111_b4_a8__atlas_tied_256.npz,144cdf84aa9667b08431dda2070679e7dfce41a6856caf978abd588b8d10bbbf,0.038684944000010546,0.0011623190000591421,0.0,0,0.0,8,0.8982463508858832,2.24504510672987,1.1570583760218465
ghost_s9134111_b4_a8,synthetic,atlas_relax_96,/srv/slam-research/grf/map-denoise/runs/multiscan-pilot-v1/atlas-v13-curved-ugoaiy7_/outputs/ghost_s9134111_b4_a8__atlas_relax_96.npz,48c877ef6a946c5a6b4f78bb7e01a4d9028d738008811594b4867cd02fd861d2,0.038684944000010546,0.016905069000017647,0.029947916666666668,3,0.0,8,0.24376465860437602,0.6225236725179251,0.3545202871436574
ghost_s9134111_b4_a8,synthetic,atlas_relax_256,/srv/slam-research/grf/map-denoise/runs/multiscan-pilot-v1/atlas-v13-curved-ugoaiy7_/outputs/ghost_s9134111_b4_a8__atlas_relax_256.npz,ea547a4236e1746f6b3f77304230813ec3b8633bae1303485e5fa5beded8c141,0.038684944000010546,0.008796680000045853,0.0390625,0,0.0,8,0.3959975494250029,1.235082643256867,0.5772884382769201
ghost_s9134111_b4_a8,synthetic,bias_only,/srv/slam-research/grf/map-denoise/runs/multiscan-pilot-v1/atlas-v13-curved-ugoaiy7_/outputs/ghost_s9134111_b4_a8__bias_only.npz,4ed7df4835ca1782bd8e7298f3c6b4302ca75129db52136032c9aea2c5819af9,,,,,0.0,8,0.7988208323791635,1.9563940091210887,1.0101047661670717
ghost_s9134111_b4_a8,synthetic,old_original,/srv/slam-research/grf/map-denoise/runs/multiscan-pilot-v1/atlas-v13-curved-ugoaiy7_/outputs/ghost_s9134111_b4_a8__old_original.npz,cb5da2f4e40c0688aeceaabe27658bd0f38f28e315fc1d265c194454a4dd7d6f,,,0.0,,0.0,8,0.23723878793582898,0.5613357118306881,0.3033147101570449
ghost_s9134111_b4_a8,synthetic,whole_spatial,/srv/slam-research/grf/map-denoise/runs/multiscan-pilot-v1/atlas-v13-curved-ugoaiy7_/outputs/ghost_s9134111_b4_a8__whole_spatial.npz,9b70012d45be4c91bc4b259ee28a6f9325064175b1d56aaa3baac80414aa64ad,,,,,0.0,8,0.9813838782169428,2.3013727672456454,1.2119826575475088
ghost_s9134111_b4_a8,synthetic,local_spatial_96,/srv/slam-research/grf/map-denoise/runs/multiscan-pilot-v1/atlas-v13-curved-ugoaiy7_/outputs/ghost_s9134111_b4_a8__local_spatial_96.npz,2d06d06a7cd0b8e32a0b3359cb823da5e28f1015ddadc0449cdef61cd3cf67ee,,,,,0.0,8,0.22782883600399026,0.5948741604686347,0.3335984954872705
ghost_s9134111_b4_a8,synthetic,apss_2,/srv/slam-research/grf/map-denoise/runs/multiscan-pilot-v1/atlas-v13-curved-ugoaiy7_/outputs/ghost_s9134111_b4_a8__apss_2.npz,888c69e834cb63373377ad85273edf79874831ac94b9b1dc318f91f7192024dc,,,,,0.0,8,0.35913479111920904,0.9226270300925489,0.48263105687397523
ghost_s9134111_b4_a8,synthetic,rimls_2,/srv/slam-research/grf/map-denoise/runs/multiscan-pilot-v1/atlas-v13-curved-ugoaiy7_/outputs/ghost_s9134111_b4_a8__rimls_2.npz,01953a14bafb77d520db1eee4131d8e60d5880d55fd7256cbe2e5b397174442c,,,,,0.0,8,0.3715379159997842,0.9504422596431152,0.5099627308083114
dual_g2_s9134111_b0_a0,synthetic,global_hard,/srv/slam-research/grf/map-denoise/runs/multiscan-pilot-v1/atlas-v13-curved-ugoaiy7_/outputs/dual_g2_s9134111_b0_a0__global_hard.npz,e30721f76c51f990fefabe3ad51a061cc9ea98b1ec236e156e4d6593cb43baab,0.03839981800001624,0.00013378500000271742,0.0,0,2,0,0.061859675530004384,0.1504122389296428,0.268949693886386
dual_g2_s9134111_b0_a0,synthetic,atlas_hard_96,/srv/slam-research/grf/map-denoise/runs/multiscan-pilot-v1/atlas-v13-curved-ugoaiy7_/outputs/dual_g2_s9134111_b0_a0__atlas_hard_96.npz,ea914baf363e726869c22093f654996578d9c198c19a7d221db4716321d1924b,0.03839981800001624,0.0020122629999832498,0.0,11,2,0,0.16179147961561743,0.40386095938701866,0.33405646700464436
dual_g2_s9134111_b0_a0,synthetic,atlas_hard_256,/srv/slam-research/grf/map-denoise/runs/multiscan-pilot-v1/atlas-v13-curved-ugoaiy7_/outputs/dual_g2_s9134111_b0_a0__atlas_hard_256.npz,88b0e03cb9d1ae8eb73ce6cbfe72bcd8ff0d39f9f662c22167aafacf15dcded2,0.03839981800001624,0.0012789390000307321,0.0,2,2,0,0.0871823754728512,0.25750451305057387,0.2705106737432967
dual_g2_s9134111_b0_a0,synthetic,atlas_tied_96,/srv/slam-research/grf/map-denoise/runs/multiscan-pilot-v1/atlas-v13-curved-ugoaiy7_/outputs/dual_g2_s9134111_b0_a0__atlas_tied_96.npz,407a4d4b4bb8c7ab217a01089c977e88effb1960e735c9b84f883903bdcad940,0.03839981800001624,0.0017066019998992488,0.0,11,2,0,0.08918034305216294,0.1760646160295728,0.28368416986115713
dual_g2_s9134111_b0_a0,synthetic,atlas_tied_256,/srv/slam-research/grf/map-denoise/runs/multiscan-pilot-v1/atlas-v13-curved-ugoaiy7_/outputs/dual_g2_s9134111_b0_a0__atlas_tied_256.npz,e9bf68a8ae89e2ac3b4d05302aff2f9205ad9e8de05e5c6c9c4b8aa0e379e3a7,0.03839981800001624,0.0011077990000103455,0.0,2,2,0,0.07922530316177837,0.22745138950524144,0.27508254937348703
dual_g2_s9134111_b0_a0,synthetic,atlas_relax_96,/srv/slam-research/grf/map-denoise/runs/multiscan-pilot-v1/atlas-v13-curved-ugoaiy7_/outputs/dual_g2_s9134111_b0_a0__atlas_relax_96.npz,9631b4c7e732f97a3fac7f671d0086e29e645c9579c533181f76773f7a447099,0.03839981800001624,0.015857997000011892,0.005208333333333333,11,2,0,0.16333642487259145,0.46175712792251417,0.31924175054819376
dual_g2_s9134111_b0_a0,synthetic,atlas_relax_256,/srv/slam-research/grf/map-denoise/runs/multiscan-pilot-v1/atlas-v13-curved-ugoaiy7_/outputs/dual_g2_s9134111_b0_a0__atlas_relax_256.npz,c076b9ab064503eb7509024bdb0756015aff53fc11c18f6a0c91e4cf23ecdfa1,0.03839981800001624,0.008463241999947968,0.0026041666666666665,2,2,0,0.09664975320714131,0.30440345375198674,0.25993139164831164
dual_g2_s9134111_b0_a0,synthetic,bias_only,/srv/slam-research/grf/map-denoise/runs/multiscan-pilot-v1/atlas-v13-curved-ugoaiy7_/outputs/dual_g2_s9134111_b0_a0__bias_only.npz,64259c8659999d454df64171e66112767012399c34b35d2144a7ba79ba0053d6,,,,,2,0,0.7679682952553653,1.9021722545724742,1.0074359319305166
dual_g2_s9134111_b0_a0,synthetic,old_original,/srv/slam-research/grf/map-denoise/runs/multiscan-pilot-v1/atlas-v13-curved-ugoaiy7_/outputs/dual_g2_s9134111_b0_a0__old_original.npz,af9eed76c916446053a54afb0d82ed942ce08dcb78122ac2cd5e5c83b84f6194,,,0.0,,2,0,0.17144049221621446,0.772757474437776,0.32613379268417064
dual_g2_s9134111_b0_a0,synthetic,whole_spatial,/srv/slam-research/grf/map-denoise/runs/multiscan-pilot-v1/atlas-v13-curved-ugoaiy7_/outputs/dual_g2_s9134111_b0_a0__whole_spatial.npz,275a861c2fd4bf2bc70b933e727d0dce6ccf66e5bcc089fdce51bf903faac58d,,,,,2,0,0.05686920091028974,0.08700187262394433,0.2568014784428142
dual_g2_s9134111_b0_a0,synthetic,local_spatial_96,/srv/slam-research/grf/map-denoise/runs/multiscan-pilot-v1/atlas-v13-curved-ugoaiy7_/outputs/dual_g2_s9134111_b0_a0__local_spatial_96.npz,b801ce6fa2603acdc8e39981acdff0e0e41197d1cba80caca8c6ca7ad0df7579,,,,,2,0,0.22832817340262088,0.7743980562119958,0.3496611430477479
dual_g2_s9134111_b0_a0,synthetic,apss_2,/srv/slam-research/grf/map-denoise/runs/multiscan-pilot-v1/atlas-v13-curved-ugoaiy7_/outputs/dual_g2_s9134111_b0_a0__apss_2.npz,73b2938ad4a69fd06b4dc42eb18d0ba4423218568554254242c018b5c1352b71,,,,,2,0,0.3626812640826886,0.9449142824108273,0.4723597049479308
dual_g2_s9134111_b0_a0,synthetic,rimls_2,/srv/slam-research/grf/map-denoise/runs/multiscan-pilot-v1/atlas-v13-curved-ugoaiy7_/outputs/dual_g2_s9134111_b0_a0__rimls_2.npz,5f7680397c737c480fa65d7e066486b1c0c2cb3ab069fce74fa7bbd769de7d8b,,,,,2,0,0.3741605163801727,0.965456222836643,0.5034988966702721
dual_g2_s9134111_b0_a2,synthetic,global_hard,/srv/slam-research/grf/map-denoise/runs/multiscan-pilot-v1/atlas-v13-curved-ugoaiy7_/outputs/dual_g2_s9134111_b0_a2__global_hard.npz,d6ab834d64f2fa17f373a026e14cd69164732c520e3bcc17081f3b14f673b69b,0.03747733399995923,0.00012562599999910162,0.0,0,2,2,0.4027789856375734,1.2568950485049541,0.5661154587524602
dual_g2_s9134111_b0_a2,synthetic,atlas_hard_96,/srv/slam-research/grf/map-denoise/runs/multiscan-pilot-v1/atlas-v13-curved-ugoaiy7_/outputs/dual_g2_s9134111_b0_a2__atlas_hard_96.npz,224f54e29378c970d0d84b15d583a9e4c3ac1e33cb3a6e4cba13ac0705303fcd,0.03747733399995923,0.0017838579999533977,0.0,0,2,2,0.24123731187580244,0.764909393630951,0.35741455582377746
dual_g2_s9134111_b0_a2,synthetic,atlas_hard_256,/srv/slam-research/grf/map-denoise/runs/multiscan-pilot-v1/atlas-v13-curved-ugoaiy7_/outputs/dual_g2_s9134111_b0_a2__atlas_hard_256.npz,2d76a14b345d424190f5f0afe257eba36dfa7504feb775d331fae0fc0df9e788,0.03747733399995923,0.0011310550000871444,0.0,0,2,2,0.34081533153382937,0.881261651461976,0.4346337451762924
dual_g2_s9134111_b0_a2,synthetic,atlas_tied_96,/srv/slam-research/grf/map-denoise/runs/multiscan-pilot-v1/atlas-v13-curved-ugoaiy7_/outputs/dual_g2_s9134111_b0_a2__atlas_tied_96.npz,465bbc61428f629dc9e11f6d2e40d65b1ee0bfb94568e3e5f2c983b9c703faad,0.03747733399995923,0.0015637029999879815,0.0,0,2,2,0.3267914412419272,0.9747172640985848,0.4549337685089195
dual_g2_s9134111_b0_a2,synthetic,atlas_tied_256,/srv/slam-research/grf/map-denoise/runs/multiscan-pilot-v1/atlas-v13-curved-ugoaiy7_/outputs/dual_g2_s9134111_b0_a2__atlas_tied_256.npz,b5a7ff5938f63022c5404a192db67b32e814a3d4ae9062aee76fca39bb2cc645,0.03747733399995923,0.0010092900000699956,0.0,0,2,2,0.4026207850558808,1.1711926690921908,0.5539237673133978
dual_g2_s9134111_b0_a2,synthetic,atlas_relax_96,/srv/slam-research/grf/map-denoise/runs/multiscan-pilot-v1/atlas-v13-curved-ugoaiy7_/outputs/dual_g2_s9134111_b0_a2__atlas_relax_96.npz,224f54e29378c970d0d84b15d583a9e4c3ac1e33cb3a6e4cba13ac0705303fcd,0.03747733399995923,0.011640902999943137,0.0,0,2,2,0.24123731187580244,0.764909393630951,0.35741455582377746
dual_g2_s9134111_b0_a2,synthetic,atlas_relax_256,/srv/slam-research/grf/map-denoise/runs/multiscan-pilot-v1/atlas-v13-curved-ugoaiy7_/outputs/dual_g2_s9134111_b0_a2__atlas_relax_256.npz,2d76a14b345d424190f5f0afe257eba36dfa7504feb775d331fae0fc0df9e788,0.03747733399995923,0.005657238999901892,0.0,0,2,2,0.34081533153382937,0.881261651461976,0.4346337451762924
dual_g2_s9134111_b0_a2,synthetic,bias_only,/srv/slam-research/grf/map-denoise/runs/multiscan-pilot-v1/atlas-v13-curved-ugoaiy7_/outputs/dual_g2_s9134111_b0_a2__bias_only.npz,091a3310f3bfce6fac58d88accaa0ad49c91caca6982fc3ae779b19b57fd887f,,,,,2,2,0.7674709997858237,1.9028821537945377,1.0074296494308126
dual_g2_s9134111_b0_a2,synthetic,old_original,/srv/slam-research/grf/map-denoise/runs/multiscan-pilot-v1/atlas-v13-curved-ugoaiy7_/outputs/dual_g2_s9134111_b0_a2__old_original.npz,89e6b8d9d3f4caef92e0c957b887e3fb075c66e2756ca4410b05216ffff8c68c,,,0.0,,2,2,0.19015839192506653,0.7309160029892178,0.2996585456088455
dual_g2_s9134111_b0_a2,synthetic,whole_spatial,/srv/slam-research/grf/map-denoise/runs/multiscan-pilot-v1/atlas-v13-curved-ugoaiy7_/outputs/dual_g2_s9134111_b0_a2__whole_spatial.npz,3a7e03ed2009067924567d10774727525f96c15bdcbbc1d639c55a379dbbe2f2,,,,,2,2,0.40292376520128165,1.2577148261487143,0.565895946112577
dual_g2_s9134111_b0_a2,synthetic,local_spatial_96,/srv/slam-research/grf/map-denoise/runs/multiscan-pilot-v1/atlas-v13-curved-ugoaiy7_/outputs/dual_g2_s9134111_b0_a2__local_spatial_96.npz,3fcabacb841807f54b7a66a0e4a9f4aa1468e6ac6e4e837ce92646f5863f09f3,,,,,2,2,0.24123731187580236,0.7649093936309502,0.3574145558237774
dual_g2_s9134111_b0_a2,synthetic,apss_2,/srv/slam-research/grf/map-denoise/runs/multiscan-pilot-v1/atlas-v13-curved-ugoaiy7_/outputs/dual_g2_s9134111_b0_a2__apss_2.npz,3b55d56f59911a5414209dac7b5a62ad0c4862a8010deacd895357c422d7b1ba,,,,,2,2,0.36265448079804946,0.9403782618158678,0.4729782559597925
dual_g2_s9134111_b0_a2,synthetic,rimls_2,/srv/slam-research/grf/map-denoise/runs/multiscan-pilot-v1/atlas-v13-curved-ugoaiy7_/outputs/dual_g2_s9134111_b0_a2__rimls_2.npz,6a54b7737a04e590ad5a8541ccde34be271f1577d79e25770fa92fc500f1ec0e,,,,,2,2,0.3740197689636826,0.9589876709785207,0.5032233650216338
dual_g2_s9134111_b0_a8,synthetic,global_hard,/srv/slam-research/grf/map-denoise/runs/multiscan-pilot-v1/atlas-v13-curved-ugoaiy7_/outputs/dual_g2_s9134111_b0_a8__global_hard.npz,bc66b6df11cd4255d3f76f8fb4963041479a1e0a1867696384b843a2866da10a,0.03838451100000384,0.00013903100000334234,0.0,0,2,8,0.82794514585799,2.1271747175372053,1.094431667543388
dual_g2_s9134111_b0_a8,synthetic,atlas_hard_96,/srv/slam-research/grf/map-denoise/runs/multiscan-pilot-v1/atlas-v13-curved-ugoaiy7_/outputs/dual_g2_s9134111_b0_a8__atlas_hard_96.npz,b11c0e52bd0cd2f756a3f47e7d55f0b5ac1ad80efa7ad53cfe07280bee0d351f,0.03838451100000384,0.002073213000016949,0.0,5,2,8,0.3966086480539917,0.9768037964834589,0.5553473257936025
dual_g2_s9134111_b0_a8,synthetic,atlas_hard_256,/srv/slam-research/grf/map-denoise/runs/multiscan-pilot-v1/atlas-v13-curved-ugoaiy7_/outputs/dual_g2_s9134111_b0_a8__atlas_hard_256.npz,e3d409d5e8f6e74dc0ec1b9636cd16c5d7186d3aba157a57a058e6a552161b1f,0.03838451100000384,0.0012813609999966502,0.0,1,2,8,0.4638314367302602,1.2248538654757086,0.6401316770184927
dual_g2_s9134111_b0_a8,synthetic,atlas_tied_96,/srv/slam-research/grf/map-denoise/runs/multiscan-pilot-v1/atlas-v13-curved-ugoaiy7_/outputs/dual_g2_s9134111_b0_a8__atlas_tied_96.npz,692f77a1760a15dc62a874761148f77f6f0b56a4e0db1387ca5960d58c00a2ab,0.03838451100000384,0.0017800790000137567,0.0,5,2,8,0.6887406148768601,1.8565381901156277,0.9339297655401888
dual_g2_s9134111_b0_a8,synthetic,atlas_tied_256,/srv/slam-research/grf/map-denoise/runs/multiscan-pilot-v1/atlas-v13-curved-ugoaiy7_/outputs/dual_g2_s9134111_b0_a8__atlas_tied_256.npz,cb6684ddd374f8e079d83519b05ee52f57e9921bc44830196aef0811970fdcc4,0.03838451100000384,0.0011374510000905502,0.0,1,2,8,0.7775921715741939,2.1514162431035295,1.0743576174482388
dual_g2_s9134111_b0_a8,synthetic,atlas_relax_96,/srv/slam-research/grf/map-denoise/runs/multiscan-pilot-v1/atlas-v13-curved-ugoaiy7_/outputs/dual_g2_s9134111_b0_a8__atlas_relax_96.npz,52e2c33bc42e93767038720d1de596501c359051cd7dd85d4490ac2482ed818b,0.03838451100000384,0.015887653000049795,0.01953125,5,2,8,0.32419575848668764,0.8882543502867524,0.4773187576762748
dual_g2_s9134111_b0_a8,synthetic,atlas_relax_256,/srv/slam-research/grf/map-denoise/runs/multiscan-pilot-v1/atlas-v13-curved-ugoaiy7_/outputs/dual_g2_s9134111_b0_a8__atlas_relax_256.npz,750b80ec92d97cd7406d05960860c905a11ca6ffc4dd5053d3a19b9af61b0d4f,0.03838451100000384,0.008918114000039168,0.02734375,1,2,8,0.42246952481457994,1.2647199868160728,0.6473884535912734
dual_g2_s9134111_b0_a8,synthetic,bias_only,/srv/slam-research/grf/map-denoise/runs/multiscan-pilot-v1/atlas-v13-curved-ugoaiy7_/outputs/dual_g2_s9134111_b0_a8__bias_only.npz,d7e357e16b8575d25f9fe3eb8ca9efd728c219b9a0ea940ae22516176aeee3e5,,,,,2,8,0.7596357331700186,1.8687303065558576,1.007539194905571
dual_g2_s9134111_b0_a8,synthetic,old_original,/srv/slam-research/grf/map-denoise/runs/multiscan-pilot-v1/atlas-v13-curved-ugoaiy7_/outputs/dual_g2_s9134111_b0_a8__old_original.npz,ecaabc059f0ee5a0544df4c0588cb0dcfd3ce5c9d3c1f106cc7037c1215a8ab8,,,0.0,,2,8,0.2361888648364073,0.6618711095355466,0.312017005955179
dual_g2_s9134111_b0_a8,synthetic,whole_spatial,/srv/slam-research/grf/map-denoise/runs/multiscan-pilot-v1/atlas-v13-curved-ugoaiy7_/outputs/dual_g2_s9134111_b0_a8__whole_spatial.npz,eca521252f1f13a20c2746e7ab63e238106825eb56aba98cb12c1d196ca3b1df,,,,,2,8,0.8316184016433615,2.1379277432180985,1.0970558519751687
dual_g2_s9134111_b0_a8,synthetic,local_spatial_96,/srv/slam-research/grf/map-denoise/runs/multiscan-pilot-v1/atlas-v13-curved-ugoaiy7_/outputs/dual_g2_s9134111_b0_a8__local_spatial_96.npz,965360d03ec6d85fba57d00894c3c0f8c9ba82ffa187272022047c8945e5f81b,,,,,2,8,0.30697137405154135,0.8604786824892057,0.45188146481572594
dual_g2_s9134111_b0_a8,synthetic,apss_2,/srv/slam-research/grf/map-denoise/runs/multiscan-pilot-v1/atlas-v13-curved-ugoaiy7_/outputs/dual_g2_s9134111_b0_a8__apss_2.npz,286399d4943bdfe8b6f79caead4c80192aa836be256e57d8935be27b4c92e415,,,,,2,8,0.3601139346055669,0.9342007294244261,0.488650123146628
dual_g2_s9134111_b0_a8,synthetic,rimls_2,/srv/slam-research/grf/map-denoise/runs/multiscan-pilot-v1/atlas-v13-curved-ugoaiy7_/outputs/dual_g2_s9134111_b0_a8__rimls_2.npz,26ace451517ef6456f3517dde3e90b4d60342c3c46315d511b2b27910eeb74d6,,,,,2,8,0.37127739583294145,0.9582359634770506,0.5157416384252862
dual_g2_s9134111_b4_a0,synthetic,global_hard,/srv/slam-research/grf/map-denoise/runs/multiscan-pilot-v1/atlas-v13-curved-ugoaiy7_/outputs/dual_g2_s9134111_b4_a0__global_hard.npz,d937088459f2a13f3a1f5566bbe6e0c66c3ca4c20ff90066ce03776c2eb3d6ee,0.039967206000028455,0.00015261800001553638,0.0,0,2,0,0.061978018249169035,0.1507240833392206,0.2752016746111826
dual_g2_s9134111_b4_a0,synthetic,atlas_hard_96,/srv/slam-research/grf/map-denoise/runs/multiscan-pilot-v1/atlas-v13-curved-ugoaiy7_/outputs/dual_g2_s9134111_b4_a0__atlas_hard_96.npz,8980cf646193b850bea8de3278645c5eae68b678dc614d6f01996121e926fe65,0.039967206000028455,0.001998802999992222,0.0,11,2,0,0.1625260444986858,0.405377292479072,0.3394138443813745
dual_g2_s9134111_b4_a0,synthetic,atlas_hard_256,/srv/slam-research/grf/map-denoise/runs/multiscan-pilot-v1/atlas-v13-curved-ugoaiy7_/outputs/dual_g2_s9134111_b4_a0__atlas_hard_256.npz,831cf039a16f7dbbf1e61ab4f5331535cb81852751478bf386d60307760ea716,0.039967206000028455,0.001335722000021633,0.0,2,2,0,0.08768940550174491,0.25316414749786853,0.2767907626077141
dual_g2_s9134111_b4_a0,synthetic,atlas_tied_96,/srv/slam-research/grf/map-denoise/runs/multiscan-pilot-v1/atlas-v13-curved-ugoaiy7_/outputs/dual_g2_s9134111_b4_a0__atlas_tied_96.npz,fff43e7ab934e846a7ab727e995f4542af1a34b5f1e61325143d26718ce5a74c,0.039967206000028455,0.0017579880000084813,0.0,11,2,0,0.08957007670791023,0.1761895210691616,0.2898831381310732
dual_g2_s9134111_b4_a0,synthetic,atlas_tied_256,/srv/slam-research/grf/map-denoise/runs/multiscan-pilot-v1/atlas-v13-curved-ugoaiy7_/outputs/dual_g2_s9134111_b4_a0__atlas_tied_256.npz,ff4e8a9c125ce7d137c9ced51a31adf83952de6d07d8f8f5b03bf98f8882f585,0.039967206000028455,0.001157910999950218,0.0,2,2,0,0.08006590933927714,0.22466094936241393,0.28119387610767504
dual_g2_s9134111_b4_a0,synthetic,atlas_relax_96,/srv/slam-research/grf/map-denoise/runs/multiscan-pilot-v1/atlas-v13-curved-ugoaiy7_/outputs/dual_g2_s9134111_b4_a0__atlas_relax_96.npz,c7275c310289ff7927ddc3f51715eae67404e7981d6a7145515bef4b0d04259c,0.039967206000028455,0.015735087000052772,0.005208333333333333,11,2,0,0.16446944382548379,0.4550609465719196,0.324672265728339
dual_g2_s9134111_b4_a0,synthetic,atlas_relax_256,/srv/slam-research/grf/map-denoise/runs/multiscan-pilot-v1/atlas-v13-curved-ugoaiy7_/outputs/dual_g2_s9134111_b4_a0__atlas_relax_256.npz,d987827966d032d26ab9d294a699dcfc18a2994ed9973a876b68b68240188200,0.039967206000028455,0.008648032999985844,0.00390625,2,2,0,0.10001221824468874,0.3066196715080871,0.28527567390206665
dual_g2_s9134111_b4_a0,synthetic,bias_only,/srv/slam-research/grf/map-denoise/runs/multiscan-pilot-v1/atlas-v13-curved-ugoaiy7_/outputs/dual_g2_s9134111_b4_a0__bias_only.npz,ea71839f7bcd9f6cd8c8c0500e4acfda6648187f02765997dadd3278d52c74b1,,,,,2,0,0.7680423909020787,1.9019839136302823,1.009084662235227
dual_g2_s9134111_b4_a0,synthetic,old_original,/srv/slam-research/grf/map-denoise/runs/multiscan-pilot-v1/atlas-v13-curved-ugoaiy7_/outputs/dual_g2_s9134111_b4_a0__old_original.npz,a2f9fc86413863d06e6f28f3669d979f1ff4dbb11d53571d2d0baf887aa7e4b4,,,0.0,,2,0,0.17135691261707464,0.772168334795184,0.3311552244823836
dual_g2_s9134111_b4_a0,synthetic,whole_spatial,/srv/slam-research/grf/map-denoise/runs/multiscan-pilot-v1/atlas-v13-curved-ugoaiy7_/outputs/dual_g2_s9134111_b4_a0__whole_spatial.npz,dbbe80d0c1936da154553fa170fe679e11eed28ad2434a2dedab31cf83d4f2e3,,,,,2,0,0.05695882031315829,0.08674235087762537,0.26332698822806194
dual_g2_s9134111_b4_a0,synthetic,local_spatial_96,/srv/slam-research/grf/map-denoise/runs/multiscan-pilot-v1/atlas-v13-curved-ugoaiy7_/outputs/dual_g2_s9134111_b4_a0__local_spatial_96.npz,a70ee5bfe6818e766c03e143b99d3dc1a3441a3768ee0ce1ac475ac77d788f5c,,,,,2,0,0.2269953384524933,0.7689990064213069,0.3541237282106897
dual_g2_s9134111_b4_a0,synthetic,apss_2,/srv/slam-research/grf/map-denoise/runs/multiscan-pilot-v1/atlas-v13-curved-ugoaiy7_/outputs/dual_g2_s9134111_b4_a0__apss_2.npz,13463894ac8f608a3b566be1305da8c7396d2ce659d22c63f3660aefaf91b63f,,,,,2,0,0.3638927452274798,0.9400071898912892,0.4774634507916729
dual_g2_s9134111_b4_a0,synthetic,rimls_2,/srv/slam-research/grf/map-denoise/runs/multiscan-pilot-v1/atlas-v13-curved-ugoaiy7_/outputs/dual_g2_s9134111_b4_a0__rimls_2.npz,86cc0be89dd1878ee659e52155090c01898e248839787ef5b59cae803131c52e,,,,,2,0,0.37549716590438337,0.9703688665752466,0.5088247884169229
dual_g2_s9134111_b4_a2,synthetic,global_hard,/srv/slam-research/grf/map-denoise/runs/multiscan-pilot-v1/atlas-v13-curved-ugoaiy7_/outputs/dual_g2_s9134111_b4_a2__global_hard.npz,a7363c8d0197e5a3993c8bb4b79b806e3f0372893f2fdf22e6823ebd7e259bbd,0.03936047900003814,0.00012327100000675273,0.0,0,2,2,0.40255863634130407,1.2501989944307101,0.5698067913543134
dual_g2_s9134111_b4_a2,synthetic,atlas_hard_96,/srv/slam-research/grf/map-denoise/runs/multiscan-pilot-v1/atlas-v13-curved-ugoaiy7_/outputs/dual_g2_s9134111_b4_a2__atlas_hard_96.npz,b00bc4df1a3facf2c88c0587fc44c133cb75d999d3663985c57fbea03cb59b53,0.03936047900003814,0.0017685799999753726,0.0,0,2,2,0.23568661188155535,0.7691302015829575,0.3602465631685011
dual_g2_s9134111_b4_a2,synthetic,atlas_hard_256,/srv/slam-research/grf/map-denoise/runs/multiscan-pilot-v1/atlas-v13-curved-ugoaiy7_/outputs/dual_g2_s9134111_b4_a2__atlas_hard_256.npz,4f4e304c632bbd5e40cc7c39413773a422cab646ac8f635c3b82336c985d52f3,0.03936047900003814,0.0011618859999771303,0.0,0,2,2,0.34067259503828895,0.8814212554172965,0.4395965950894379
dual_g2_s9134111_b4_a2,synthetic,atlas_tied_96,/srv/slam-research/grf/map-denoise/runs/multiscan-pilot-v1/atlas-v13-curved-ugoaiy7_/outputs/dual_g2_s9134111_b4_a2__atlas_tied_96.npz,4376f07cff1f780198c30d40a25364834e700af34c94ff5062cdae6a1222b32d,0.03936047900003814,0.0017685329999039823,0.0,0,2,2,0.3238990911678643,0.9761954979681541,0.4581116316418526
dual_g2_s9134111_b4_a2,synthetic,atlas_tied_256,/srv/slam-research/grf/map-denoise/runs/multiscan-pilot-v1/atlas-v13-curved-ugoaiy7_/outputs/dual_g2_s9134111_b4_a2__atlas_tied_256.npz,3fb976d046d5fd76aa29215c8287c568fae6bac2c24249f260a4a9721789b0b7,0.03936047900003814,0.0010404280000102517,0.0,0,2,2,0.40217615503221243,1.175919176114512,0.5576729047018156
dual_g2_s9134111_b4_a2,synthetic,atlas_relax_96,/srv/slam-research/grf/map-denoise/runs/multiscan-pilot-v1/atlas-v13-curved-ugoaiy7_/outputs/dual_g2_s9134111_b4_a2__atlas_relax_96.npz,b00bc4df1a3facf2c88c0587fc44c133cb75d999d3663985c57fbea03cb59b53,0.03936047900003814,0.011667978999980733,0.0,0,2,2,0.23568661188155535,0.7691302015829575,0.3602465631685011
dual_g2_s9134111_b4_a2,synthetic,atlas_relax_256,/srv/slam-research/grf/map-denoise/runs/multiscan-pilot-v1/atlas-v13-curved-ugoaiy7_/outputs/dual_g2_s9134111_b4_a2__atlas_relax_256.npz,4f4e304c632bbd5e40cc7c39413773a422cab646ac8f635c3b82336c985d52f3,0.03936047900003814,0.006281713000021227,0.0,0,2,2,0.34067259503828895,0.8814212554172965,0.4395965950894379
dual_g2_s9134111_b4_a2,synthetic,bias_only,/srv/slam-research/grf/map-denoise/runs/multiscan-pilot-v1/atlas-v13-curved-ugoaiy7_/outputs/dual_g2_s9134111_b4_a2__bias_only.npz,91b9bf7968626711622e8834732a18337f9255efe8a4a54a94cacb1cc6585dad,,,,,2,2,0.7675157123479376,1.901869390254993,1.0095205726282508
dual_g2_s9134111_b4_a2,synthetic,old_original,/srv/slam-research/grf/map-denoise/runs/multiscan-pilot-v1/atlas-v13-curved-ugoaiy7_/outputs/dual_g2_s9134111_b4_a2__old_original.npz,423d429f7f380617e57fcd05c155d59e520ad78adb80dc6038b8a7434969499e,,,0.0,,2,2,0.19027388222913846,0.7317408974722605,0.3065583816612355
dual_g2_s9134111_b4_a2,synthetic,whole_spatial,/srv/slam-research/grf/map-denoise/runs/multiscan-pilot-v1/atlas-v13-curved-ugoaiy7_/outputs/dual_g2_s9134111_b4_a2__whole_spatial.npz,43df8ed1c14aed5ff254d2eed5756e4d2477d961c8c0a8538e96980fc5de2b51,,,,,2,2,0.4027072521247596,1.250387269491266,0.5695790306982136
dual_g2_s9134111_b4_a2,synthetic,local_spatial_96,/srv/slam-research/grf/map-denoise/runs/multiscan-pilot-v1/atlas-v13-curved-ugoaiy7_/outputs/dual_g2_s9134111_b4_a2__local_spatial_96.npz,8e615e972f8e2bd5c3db6a49a8b1a486cbb9b8e40b9395c8437fb0792b5b9f33,,,,,2,2,0.23568661188155546,0.7691302015829578,0.36024656316850123
dual_g2_s9134111_b4_a2,synthetic,apss_2,/srv/slam-research/grf/map-denoise/runs/multiscan-pilot-v1/atlas-v13-curved-ugoaiy7_/outputs/dual_g2_s9134111_b4_a2__apss_2.npz,e6ec09295edb67dc886eafa6bb61b09d36f1ca693c96f0eb9a21ebe3b814485a,,,,,2,2,0.36380404400535804,0.9368554968552427,0.4787284405757445
dual_g2_s9134111_b4_a2,synthetic,rimls_2,/srv/slam-research/grf/map-denoise/runs/multiscan-pilot-v1/atlas-v13-curved-ugoaiy7_/outputs/dual_g2_s9134111_b4_a2__rimls_2.npz,8c2cfb14381d75ed09f35b92ccf38e0bf768c5d30285a12e499af3e5163bae7d,,,,,2,2,0.37517978623116194,0.9645992258654432,0.5090120215172055
dual_g2_s9134111_b4_a8,synthetic,global_hard,/srv/slam-research/grf/map-denoise/runs/multiscan-pilot-v1/atlas-v13-curved-ugoaiy7_/outputs/dual_g2_s9134111_b4_a8__global_hard.npz,c79e1b81d4696d8041be311b25d23b98ccfe91d78d7a3687454c2904bd346582,0.03941689900000256,0.00013593100004527514,0.0,0,2,8,0.8254804383523714,2.1548010278094116,1.094375366473692
dual_g2_s9134111_b4_a8,synthetic,atlas_hard_96,/srv/slam-research/grf/map-denoise/runs/multiscan-pilot-v1/atlas-v13-curved-ugoaiy7_/outputs/dual_g2_s9134111_b4_a8__atlas_hard_96.npz,593ffaaebabe5a3b392dd6187298d9bf1777ec2fcd9d0c2aa872064804d4f822,0.03941689900000256,0.0020454479999898467,0.0,5,2,8,0.39511717215969133,0.9747006643793233,0.5631125642339843
dual_g2_s9134111_b4_a8,synthetic,atlas_hard_256,/srv/slam-research/grf/map-denoise/runs/multiscan-pilot-v1/atlas-v13-curved-ugoaiy7_/outputs/dual_g2_s9134111_b4_a8__atlas_hard_256.npz,8812715f3aea68c9778453f7e394d4f15d43303fe858da7500b810cb6de63b7d,0.03941689900000256,0.0013562180000690205,0.0,1,2,8,0.4611854916707531,1.2367016412618792,0.6449909518003936
dual_g2_s9134111_b4_a8,synthetic,atlas_tied_96,/srv/slam-research/grf/map-denoise/runs/multiscan-pilot-v1/atlas-v13-curved-ugoaiy7_/outputs/dual_g2_s9134111_b4_a8__atlas_tied_96.npz,4738cc08da3e10dfc275563aaea23d1cab5a042ebf53792781733edbd1082029,0.03941689900000256,0.0019304719999126974,0.0,5,2,8,0.688915665832534,1.8251064649036877,0.939391645602854
dual_g2_s9134111_b4_a8,synthetic,atlas_tied_256,/srv/slam-research/grf/map-denoise/runs/multiscan-pilot-v1/atlas-v13-curved-ugoaiy7_/outputs/dual_g2_s9134111_b4_a8__atlas_tied_256.npz,b3bf3e8d307daa07ba0f9e3790f09539807f3d7c3c8e643128286e875b6de215,0.03941689900000256,0.001132009000002654,0.0,1,2,8,0.7760909513061435,2.153541112679482,1.0743841837300405
dual_g2_s9134111_b4_a8,synthetic,atlas_relax_96,/srv/slam-research/grf/map-denoise/runs/multiscan-pilot-v1/atlas-v13-curved-ugoaiy7_/outputs/dual_g2_s9134111_b4_a8__atlas_relax_96.npz,15c9f8f5df4540fe4f1d2da47a00262e581c782586c79a387efec6727a80d99e,0.03941689900000256,0.016443575000039345,0.018229166666666668,5,2,8,0.32574028653179254,0.8916392622579671,0.4898009193803005
dual_g2_s9134111_b4_a8,synthetic,atlas_relax_256,/srv/slam-research/grf/map-denoise/runs/multiscan-pilot-v1/atlas-v13-curved-ugoaiy7_/outputs/dual_g2_s9134111_b4_a8__atlas_relax_256.npz,8bf795261a3a22016fa85d116fa8ca774c4ea70c665a66111bbde260d73b3970,0.03941689900000256,0.008949702999984765,0.026041666666666668,1,2,8,0.42364123494305544,1.2661164649641692,0.656325065549823
dual_g2_s9134111_b4_a8,synthetic,bias_only,/srv/slam-research/grf/map-denoise/runs/multiscan-pilot-v1/atlas-v13-curved-ugoaiy7_/outputs/dual_g2_s9134111_b4_a8__bias_only.npz,0968f8ae69b39295fe715779f9ba5c665b4f2af7c293c2cc9ad1880e88378c36,,,,,2,8,0.7600296591615461,1.8692832419799228,1.0131956228656356
dual_g2_s9134111_b4_a8,synthetic,old_original,/srv/slam-research/grf/map-denoise/runs/multiscan-pilot-v1/atlas-v13-curved-ugoaiy7_/outputs/dual_g2_s9134111_b4_a8__old_original.npz,bcb1c940cb084331c29e99f93b2744e9cfa09de914672e5a6b8f88ccae6ea0e8,,,0.0,,2,8,0.23613541534056348,0.6569058438340317,0.3296169622364749
dual_g2_s9134111_b4_a8,synthetic,whole_spatial,/srv/slam-research/grf/map-denoise/runs/multiscan-pilot-v1/atlas-v13-curved-ugoaiy7_/outputs/dual_g2_s9134111_b4_a8__whole_spatial.npz,2c7f2ded972e03a056e8e3cf7e226b17638c1462b52f4c7e30cfacd8d3b7e790,,,,,2,8,0.8297726649269784,2.125396516321909,1.0977984475924263
dual_g2_s9134111_b4_a8,synthetic,local_spatial_96,/srv/slam-research/grf/map-denoise/runs/multiscan-pilot-v1/atlas-v13-curved-ugoaiy7_/outputs/dual_g2_s9134111_b4_a8__local_spatial_96.npz,81de65bea1f6f2469d4c86f74aaf8facaf5824ed34b73a7e07dd3af5f247ebac,,,,,2,8,0.3062211897086284,0.8377721197116224,0.4632161725119567
dual_g2_s9134111_b4_a8,synthetic,apss_2,/srv/slam-research/grf/map-denoise/runs/multiscan-pilot-v1/atlas-v13-curved-ugoaiy7_/outputs/dual_g2_s9134111_b4_a8__apss_2.npz,25598f0539acf9268a1369498fe7312dd5ce78cd9090254653f942bac20e1e10,,,,,2,8,0.3620077220791107,0.9274960622803496,0.501213106187943
dual_g2_s9134111_b4_a8,synthetic,rimls_2,/srv/slam-research/grf/map-denoise/runs/multiscan-pilot-v1/atlas-v13-curved-ugoaiy7_/outputs/dual_g2_s9134111_b4_a8__rimls_2.npz,3cdd10e28b66b1bf5d0654ba9b5d8839ca61df7be9efd2e9223c675c976aaf4b,,,,,2,8,0.3731140661072289,0.9593049296148602,0.5280920288507394
dual_g8_s9134111_b0_a0,synthetic,global_hard,/srv/slam-research/grf/map-denoise/runs/multiscan-pilot-v1/atlas-v13-curved-ugoaiy7_/outputs/dual_g8_s9134111_b0_a0__global_hard.npz,4b70e1a2c6d56aea6a5f736d8d7c163d13a52e00a852475659415b331d073a4c,0.04146574399999281,0.0001461349999090089,0.0,0,8,0,0.07308710514792031,0.15006714932169785,0.15163623020101352
dual_g8_s9134111_b0_a0,synthetic,atlas_hard_96,/srv/slam-research/grf/map-denoise/runs/multiscan-pilot-v1/atlas-v13-curved-ugoaiy7_/outputs/dual_g8_s9134111_b0_a0__atlas_hard_96.npz,a73c4d69ea8dade837cab52b057493918d3268ace787187d8f419d6ae2e69ebd,0.04146574399999281,0.0019448219999276262,0.0,12,8,0,0.1391597817100206,0.3328758018244104,0.20846372455139672
dual_g8_s9134111_b0_a0,synthetic,atlas_hard_256,/srv/slam-research/grf/map-denoise/runs/multiscan-pilot-v1/atlas-v13-curved-ugoaiy7_/outputs/dual_g8_s9134111_b0_a0__atlas_hard_256.npz,6895483e96fce9fad13ddb03eb37a4a08977014345e2c3d9c3e3b027a71765a7,0.04146574399999281,0.0014776340000253185,0.0,2,8,0,0.09449627859348851,0.22986566526301416,0.16794717187004118
dual_g8_s9134111_b0_a0,synthetic,atlas_tied_96,/srv/slam-research/grf/map-denoise/runs/multiscan-pilot-v1/atlas-v13-curved-ugoaiy7_/outputs/dual_g8_s9134111_b0_a0__atlas_tied_96.npz,01140df0ad2e285e79958bb1d238c4e3e1d9b4acfa617bd8ccfffed49160f26a,0.04146574399999281,0.0017072330000473812,0.0,12,8,0,0.09667212542741897,0.2054290251508853,0.16954857151509353
dual_g8_s9134111_b0_a0,synthetic,atlas_tied_256,/srv/slam-research/grf/map-denoise/runs/multiscan-pilot-v1/atlas-v13-curved-ugoaiy7_/outputs/dual_g8_s9134111_b0_a0__atlas_tied_256.npz,5f50185bcfd092887bb7282bb10bbb5b2a3545cbb36c3d6ca99da8f241a0f214,0.04146574399999281,0.0011345960000426203,0.0,2,8,0,0.07477590598827294,0.15546681224636785,0.15267329878493882
dual_g8_s9134111_b0_a0,synthetic,atlas_relax_96,/srv/slam-research/grf/map-denoise/runs/multiscan-pilot-v1/atlas-v13-curved-ugoaiy7_/outputs/dual_g8_s9134111_b0_a0__atlas_relax_96.npz,d6dc2f22f35e6ca451de36dc1af238305cbaedeb8693996e6f58422fc81aa4bd,0.04146574399999281,0.015773828999954276,0.0,12,8,0,0.1391594644185309,0.33287580792604154,0.2084634495616047
dual_g8_s9134111_b0_a0,synthetic,atlas_relax_256,/srv/slam-research/grf/map-denoise/runs/multiscan-pilot-v1/atlas-v13-curved-ugoaiy7_/outputs/dual_g8_s9134111_b0_a0__atlas_relax_256.npz,f139ac132e1de26d12446667607df33203213fb04771afe33d204238a626bc48,0.04146574399999281,0.008503103000066403,0.0,2,8,0,0.09449596661616667,0.22986523916250376,0.16794710350169115
dual_g8_s9134111_b0_a0,synthetic,bias_only,/srv/slam-research/grf/map-denoise/runs/multiscan-pilot-v1/atlas-v13-curved-ugoaiy7_/outputs/dual_g8_s9134111_b0_a0__bias_only.npz,a6e2169043be27bf29261a1096e7cac658135c7e92f9d1e95a96a25138706b1a,,,,,8,0,0.8104642035165509,1.9650062417153695,1.0075338429034246
dual_g8_s9134111_b0_a0,synthetic,old_original,/srv/slam-research/grf/map-denoise/runs/multiscan-pilot-v1/atlas-v13-curved-ugoaiy7_/outputs/dual_g8_s9134111_b0_a0__old_original.npz,b0046eee942d9fd37b345db2ad1f290934177b8957cad37a36ce199b4eb9fe3f,,,0.0,,8,0,0.22745966555631733,1.000306093190858,0.4661784428552924
dual_g8_s9134111_b0_a0,synthetic,whole_spatial,/srv/slam-research/grf/map-denoise/runs/multiscan-pilot-v1/atlas-v13-curved-ugoaiy7_/outputs/dual_g8_s9134111_b0_a0__whole_spatial.npz,4a680b21f58bcc5f2b48e42093c7f1e9269f224e63b7fac6d5ece8f83dc9ed21,,,,,8,0,0.051840995428416324,0.09226368678839257,0.14078926430861877
dual_g8_s9134111_b0_a0,synthetic,local_spatial_96,/srv/slam-research/grf/map-denoise/runs/multiscan-pilot-v1/atlas-v13-curved-ugoaiy7_/outputs/dual_g8_s9134111_b0_a0__local_spatial_96.npz,655fa94798a2bbef2ed4b408807189de224efc3d80815302fe8f8c40f2b3e336,,,,,8,0,0.2102797055359881,0.7457628618760087,0.41134408375955095
dual_g8_s9134111_b0_a0,synthetic,apss_2,/srv/slam-research/grf/map-denoise/runs/multiscan-pilot-v1/atlas-v13-curved-ugoaiy7_/outputs/dual_g8_s9134111_b0_a0__apss_2.npz,0cb446f76695924d254b08225aa597c16aae3b00dafb1425a59365709664f06e,,,,,8,0,0.36316412458645986,0.9749607648043778,0.4913297500447131
dual_g8_s9134111_b0_a0,synthetic,rimls_2,/srv/slam-research/grf/map-denoise/runs/multiscan-pilot-v1/atlas-v13-curved-ugoaiy7_/outputs/dual_g8_s9134111_b0_a0__rimls_2.npz,c502e91ad56dc081a1cbc23f67dc16e8923f8328deb2b1db13a3ccd03ada1704,,,,,8,0,0.3789390664721794,0.9934019092079652,0.522223701359649
dual_g8_s9134111_b0_a2,synthetic,global_hard,/srv/slam-research/grf/map-denoise/runs/multiscan-pilot-v1/atlas-v13-curved-ugoaiy7_/outputs/dual_g8_s9134111_b0_a2__global_hard.npz,02113d51b88840cd3e16e8da1efbf0c4f3cba251062b4677e76be086aaca97ba,0.043683256999997866,0.00015274899999440095,0.0,0,8,2,0.16871761579931852,0.45891101574287335,0.2425501957210848
dual_g8_s9134111_b0_a2,synthetic,atlas_hard_96,/srv/slam-research/grf/map-denoise/runs/multiscan-pilot-v1/atlas-v13-curved-ugoaiy7_/outputs/dual_g8_s9134111_b0_a2__atlas_hard_96.npz,4115f93538dfcc0675af6f0dcfb2756c96e840edddf7b32f83363b3f0ff7ef69,0.043683256999997866,0.0019884380000121382,0.0,12,8,2,0.14913896680295302,0.33714326021290664,0.22015835002006437
dual_g8_s9134111_b0_a2,synthetic,atlas_hard_256,/srv/slam-research/grf/map-denoise/runs/multiscan-pilot-v1/atlas-v13-curved-ugoaiy7_/outputs/dual_g8_s9134111_b0_a2__atlas_hard_256.npz,de3d1cac71299f081c752711e13a94977d2f8532e638e477ca2e73196a845e5b,0.043683256999997866,0.0013877480000701325,0.0,2,8,2,0.12659122388701186,0.32975617304980664,0.20781018061389664
dual_g8_s9134111_b0_a2,synthetic,atlas_tied_96,/srv/slam-research/grf/map-denoise/runs/multiscan-pilot-v1/atlas-v13-curved-ugoaiy7_/outputs/dual_g8_s9134111_b0_a2__atlas_tied_96.npz,feee092623ac08882439ed1219bfe062724b2d53f1236787883cf8638050c8bd,0.043683256999997866,0.0017121390000056635,0.0,12,8,2,0.14757968383703682,0.40722377694980855,0.22534750306910561
dual_g8_s9134111_b0_a2,synthetic,atlas_tied_256,/srv/slam-research/grf/map-denoise/runs/multiscan-pilot-v1/atlas-v13-curved-ugoaiy7_/outputs/dual_g8_s9134111_b0_a2__atlas_tied_256.npz,92961390786d24f27cd52a3269a75f380dad6df65049b773e7f07a54ca500fc7,0.043683256999997866,0.0011089790000369248,0.0,2,8,2,0.1651658739899176,0.5058089642426622,0.24835956987312907
dual_g8_s9134111_b0_a2,synthetic,atlas_relax_96,/srv/slam-research/grf/map-denoise/runs/multiscan-pilot-v1/atlas-v13-curved-ugoaiy7_/outputs/dual_g8_s9134111_b0_a2__atlas_relax_96.npz,4536e4fcc705124b2b08a865f844cf6dd46ad03d65f39ad98528892808af0290,0.043683256999997866,0.016851991000066846,0.0,12,8,2,0.14922127297188606,0.3371492414215847,0.2202634718854986
dual_g8_s9134111_b0_a2,synthetic,atlas_relax_256,/srv/slam-research/grf/map-denoise/runs/multiscan-pilot-v1/atlas-v13-curved-ugoaiy7_/outputs/dual_g8_s9134111_b0_a2__atlas_relax_256.npz,965b65fb2a21d50e2a01dacc9192c6c60541861ca1d67713bfd1ff7126625d36,0.043683256999997866,0.009690131000070323,0.0,2,8,2,0.1265913909326796,0.32975537960027634,0.2078102998808427
dual_g8_s9134111_b0_a2,synthetic,bias_only,/srv/slam-research/grf/map-denoise/runs/multiscan-pilot-v1/atlas-v13-curved-ugoaiy7_/outputs/dual_g8_s9134111_b0_a2__bias_only.npz,81a32711b38cd5e257127274e7f291997d984dd70c4a8cd944c67d70f3fc9cba,,,,,8,2,0.809031454079829,1.9624145311900714,1.006514184500681
dual_g8_s9134111_b0_a2,synthetic,old_original,/srv/slam-research/grf/map-denoise/runs/multiscan-pilot-v1/atlas-v13-curved-ugoaiy7_/outputs/dual_g8_s9134111_b0_a2__old_original.npz,e41c4e64e2dc2cae04f5964b006e1d27ca1044ad420cc23f0668daea2a4d2e68,,,0.0,,8,2,0.2381993393047367,1.008952713282064,0.45754559428151254
dual_g8_s9134111_b0_a2,synthetic,whole_spatial,/srv/slam-research/grf/map-denoise/runs/multiscan-pilot-v1/atlas-v13-curved-ugoaiy7_/outputs/dual_g8_s9134111_b0_a2__whole_spatial.npz,20fc957fc08e63b53a7ddf3674ad22ef9d60805d3a73e91d068ad6200ad827e9,,,,,8,2,0.3825045905985274,1.0405950383176403,0.5143484963916165
dual_g8_s9134111_b0_a2,synthetic,local_spatial_96,/srv/slam-research/grf/map-denoise/runs/multiscan-pilot-v1/atlas-v13-curved-ugoaiy7_/outputs/dual_g8_s9134111_b0_a2__local_spatial_96.npz,b240bc8e898b4b9e85cf4c42d7a690765d8369b1da930a5319d306de76b27c09,,,,,8,2,0.2808653038667597,1.2876234196956622,0.5419248414792176
dual_g8_s9134111_b0_a2,synthetic,apss_2,/srv/slam-research/grf/map-denoise/runs/multiscan-pilot-v1/atlas-v13-curved-ugoaiy7_/outputs/dual_g8_s9134111_b0_a2__apss_2.npz,5edf5ad24372a48bb64d8967d95524546938cb62ee2dceabd97658ec8df0812b,,,,,8,2,0.3634938814631347,0.9891250260078389,0.4932187540414803
dual_g8_s9134111_b0_a2,synthetic,rimls_2,/srv/slam-research/grf/map-denoise/runs/multiscan-pilot-v1/atlas-v13-curved-ugoaiy7_/outputs/dual_g8_s9134111_b0_a2__rimls_2.npz,4c4b9a778a82853f59138be53987203d8f41aa8ea96f3ff343ee5007898ed299,,,,,8,2,0.3794072498778456,1.0232269643513894,0.5234429458328531
dual_g8_s9134111_b0_a8,synthetic,global_hard,/srv/slam-research/grf/map-denoise/runs/multiscan-pilot-v1/atlas-v13-curved-ugoaiy7_/outputs/dual_g8_s9134111_b0_a8__global_hard.npz,b12180cc1b3ccd1154763ba1579d75259bdba9938b83c6b0938dd5d19a49ba2f,0.04063596600008168,0.0001467199999751756,0.0,0,8,8,0.8377130161193568,2.495681046015045,1.146020788306347
dual_g8_s9134111_b0_a8,synthetic,atlas_hard_96,/srv/slam-research/grf/map-denoise/runs/multiscan-pilot-v1/atlas-v13-curved-ugoaiy7_/outputs/dual_g8_s9134111_b0_a8__atlas_hard_96.npz,08a08474ef447d1ea8952af88f9b96c17214abe96782a2464029b2d3cc99ae34,0.04063596600008168,0.002079449999996541,0.0,8,8,8,0.279164811034874,0.8950884916290145,0.4486740847071455
dual_g8_s9134111_b0_a8,synthetic,atlas_hard_256,/srv/slam-research/grf/map-denoise/runs/multiscan-pilot-v1/atlas-v13-curved-ugoaiy7_/outputs/dual_g8_s9134111_b0_a8__atlas_hard_256.npz,eaeb85d0f51ab368b3074bc8448f7762e6f3384db5ba864d6297c6f747c0aabb,0.04063596600008168,0.0012796669999488586,0.0,2,8,8,0.561625479575666,1.9724462081733878,0.8658562194302045
dual_g8_s9134111_b0_a8,synthetic,atlas_tied_96,/srv/slam-research/grf/map-denoise/runs/multiscan-pilot-v1/atlas-v13-curved-ugoaiy7_/outputs/dual_g8_s9134111_b0_a8__atlas_tied_96.npz,4f9dcd4736694afe5e886287018c5aececaf91d058099b52122b6949058dbca0,0.04063596600008168,0.002224977999958355,0.0,8,8,8,0.6553383417955644,2.187881740396354,0.971795863057555
dual_g8_s9134111_b0_a8,synthetic,atlas_tied_256,/srv/slam-research/grf/map-denoise/runs/multiscan-pilot-v1/atlas-v13-curved-ugoaiy7_/outputs/dual_g8_s9134111_b0_a8__atlas_tied_256.npz,2b7bfeb4c1e43772aaa901f6529c67ce9908e77a9c639849de69dda6aa981ee4,0.04063596600008168,0.0011948080000365735,0.0,2,8,8,0.7488509795386954,2.505819250633775,1.097541629198891
dual_g8_s9134111_b0_a8,synthetic,atlas_relax_96,/srv/slam-research/grf/map-denoise/runs/multiscan-pilot-v1/atlas-v13-curved-ugoaiy7_/outputs/dual_g8_s9134111_b0_a8__atlas_relax_96.npz,d86e5b89bdeb1495158c79c3e0cc1d9a3487b653d71c9d01667c0a49dd7de507,0.04063596600008168,0.01648219399999107,0.032552083333333336,8,8,8,0.24503958706786277,0.6516662986724981,0.4150463771085414
dual_g8_s9134111_b0_a8,synthetic,atlas_relax_256,/srv/slam-research/grf/map-denoise/runs/multiscan-pilot-v1/atlas-v13-curved-ugoaiy7_/outputs/dual_g8_s9134111_b0_a8__atlas_relax_256.npz,e251915b6e6c317d8a9bb1edf3f87bab788d64c68f99718feacd776ee33c1f09,0.04063596600008168,0.008331654000016897,0.0625,2,8,8,0.41917975433755544,1.2229798200538946,0.6157097817242255
dual_g8_s9134111_b0_a8,synthetic,bias_only,/srv/slam-research/grf/map-denoise/runs/multiscan-pilot-v1/atlas-v13-curved-ugoaiy7_/outputs/dual_g8_s9134111_b0_a8__bias_only.npz,18d8ec07f32a522a6066204d49f2aabd7bb2fd1f98de9ab998c5e0cc95db5016,,,,,8,8,0.8059226354895582,1.9248753979176547,1.0107853890300067
dual_g8_s9134111_b0_a8,synthetic,old_original,/srv/slam-research/grf/map-denoise/runs/multiscan-pilot-v1/atlas-v13-curved-ugoaiy7_/outputs/dual_g8_s9134111_b0_a8__old_original.npz,11af961700d22fe8bf05f2743b1e059a18d9a28f24edaf96f0ff97e3aed6fba2,,,0.0,,8,8,0.37928358516695515,1.2504496339840938,0.5742559023615623
dual_g8_s9134111_b0_a8,synthetic,whole_spatial,/srv/slam-research/grf/map-denoise/runs/multiscan-pilot-v1/atlas-v13-curved-ugoaiy7_/outputs/dual_g8_s9134111_b0_a8__whole_spatial.npz,8f938cd751e439044e7c6c9600c27e81356b8731cbe998d3f1f2d8c41a4903e4,,,,,8,8,1.0668209644171978,2.709457853918026,1.3276366005502236
dual_g8_s9134111_b0_a8,synthetic,local_spatial_96,/srv/slam-research/grf/map-denoise/runs/multiscan-pilot-v1/atlas-v13-curved-ugoaiy7_/outputs/dual_g8_s9134111_b0_a8__local_spatial_96.npz,0ea78d2730b22458381851619cf6981eef9f0e854caa1bf25af54ac7fc3108f2,,,,,8,8,0.43762743396761694,1.5598257453860243,0.7453238039833746
dual_g8_s9134111_b0_a8,synthetic,apss_2,/srv/slam-research/grf/map-denoise/runs/multiscan-pilot-v1/atlas-v13-curved-ugoaiy7_/outputs/dual_g8_s9134111_b0_a8__apss_2.npz,c42e4649a1310a7a0741e60594216ad798e4795bb1ca54f86e96a235734237dc,,,,,8,8,0.38222355538228975,1.0582978246249586,0.5396533209618709
dual_g8_s9134111_b0_a8,synthetic,rimls_2,/srv/slam-research/grf/map-denoise/runs/multiscan-pilot-v1/atlas-v13-curved-ugoaiy7_/outputs/dual_g8_s9134111_b0_a8__rimls_2.npz,ce3ec8b828f2e893c8f8e24912a1544b6c2b176f14065c979bc7ddd104847a16,,,,,8,8,0.3992886303749967,1.109140174006453,0.5662211485621786
dual_g8_s9134111_b4_a0,synthetic,global_hard,/srv/slam-research/grf/map-denoise/runs/multiscan-pilot-v1/atlas-v13-curved-ugoaiy7_/outputs/dual_g8_s9134111_b4_a0__global_hard.npz,d2ed2bb7301713814353aea7dfde69cffb2228fa1f194361f41faa0f1f7ff9e3,0.0407235090000313,0.0002564000000120359,0.0,0,8,0,0.10785544398302076,0.1503897952017385,0.5579665846824673
dual_g8_s9134111_b4_a0,synthetic,atlas_hard_96,/srv/slam-research/grf/map-denoise/runs/multiscan-pilot-v1/atlas-v13-curved-ugoaiy7_/outputs/dual_g8_s9134111_b4_a0__atlas_hard_96.npz,d0bb1634b28f21a9430b76798e4cca9af342c7a96ac8f03d118988f3a713848c,0.0407235090000313,0.002584990999935144,0.0,12,8,0,0.1735925894789647,0.3352409045344852,0.5758135984624542
dual_g8_s9134111_b4_a0,synthetic,atlas_hard_256,/srv/slam-research/grf/map-denoise/runs/multiscan-pilot-v1/atlas-v13-curved-ugoaiy7_/outputs/dual_g8_s9134111_b4_a0__atlas_hard_256.npz,72d0cbd18e479f8d16d2903821eb66933abdd4b345b20fc07d9bb148e62aba6b,0.0407235090000313,0.0013698340000019016,0.0,2,8,0,0.12930169599242108,0.23019828838007583,0.562636998462068
dual_g8_s9134111_b4_a0,synthetic,atlas_tied_96,/srv/slam-research/grf/map-denoise/runs/multiscan-pilot-v1/atlas-v13-curved-ugoaiy7_/outputs/dual_g8_s9134111_b4_a0__atlas_tied_96.npz,3fd6aa6b63edd5c61490e68b0228267948cb2fcc616ee4588c48dffdf84ed01a,0.0407235090000313,0.0017002540000703448,0.0,12,8,0,0.13179149593464842,0.20543976285164695,0.5631419197479722
dual_g8_s9134111_b4_a0,synthetic,atlas_tied_256,/srv/slam-research/grf/map-denoise/runs/multiscan-pilot-v1/atlas-v13-curved-ugoaiy7_/outputs/dual_g8_s9134111_b4_a0__atlas_tied_256.npz,d24fec7008082ebeb3205c800eb9dfb50da5d553bdca7ea011d02cc5c6d3802c,0.0407235090000313,0.001109348999989379,0.0,2,8,0,0.10953717880685654,0.15570920438695582,0.5582479125525146
dual_g8_s9134111_b4_a0,synthetic,atlas_relax_96,/srv/slam-research/grf/map-denoise/runs/multiscan-pilot-v1/atlas-v13-curved-ugoaiy7_/outputs/dual_g8_s9134111_b4_a0__atlas_relax_96.npz,69961736c812001a43e4324c8c2c6a3c1b319fe8ab1a6f0bf1ca5429a81493e5,0.0407235090000313,0.015265161000002081,0.0,12,8,0,0.17359227542213942,0.3352335431130738,0.5758134967536155
dual_g8_s9134111_b4_a0,synthetic,atlas_relax_256,/srv/slam-research/grf/map-denoise/runs/multiscan-pilot-v1/atlas-v13-curved-ugoaiy7_/outputs/dual_g8_s9134111_b4_a0__atlas_relax_256.npz,9a319bf6477a251bfc6bfe838028f70fc42cf9001ae1d63efb50a57437ab689b,0.0407235090000313,0.008923114999902282,0.0,2,8,0,0.129301385882898,0.23019786560684036,0.562636978119068
dual_g8_s9134111_b4_a0,synthetic,bias_only,/srv/slam-research/grf/map-denoise/runs/multiscan-pilot-v1/atlas-v13-curved-ugoaiy7_/outputs/dual_g8_s9134111_b4_a0__bias_only.npz,ba05d7b0a8f9a1900311c328222fb8055751f4b76745677428921f1c80c8d10a,,,,,8,0,0.8451868763270282,2.081385604228289,1.1416836175044514
dual_g8_s9134111_b4_a0,synthetic,old_original,/srv/slam-research/grf/map-denoise/runs/multiscan-pilot-v1/atlas-v13-curved-ugoaiy7_/outputs/dual_g8_s9134111_b4_a0__old_original.npz,03875dfe6413242bebb607a8eca3f0622b31ee343d5ca19b25172e652c34a5b0,,,0.0,,8,0,0.26221492703715615,1.1414938479917118,0.7110529402176292
dual_g8_s9134111_b4_a0,synthetic,whole_spatial,/srv/slam-research/grf/map-denoise/runs/multiscan-pilot-v1/atlas-v13-curved-ugoaiy7_/outputs/dual_g8_s9134111_b4_a0__whole_spatial.npz,eac39fd27cf37635168518aba27b4eba2c6b8efa9b22b1f6a368a2d6b3563d6e,,,,,8,0,0.08654610259114019,0.09222266487261631,0.5551027168451914
dual_g8_s9134111_b4_a0,synthetic,local_spatial_96,/srv/slam-research/grf/map-denoise/runs/multiscan-pilot-v1/atlas-v13-curved-ugoaiy7_/outputs/dual_g8_s9134111_b4_a0__local_spatial_96.npz,2f85463c30793a893e4b12df1c858e7dac339f513c4cce36db02796b1fd7d3ae,,,,,8,0,0.2443729971776862,0.8611239138114389,0.6763459249355095
dual_g8_s9134111_b4_a0,synthetic,apss_2,/srv/slam-research/grf/map-denoise/runs/multiscan-pilot-v1/atlas-v13-curved-ugoaiy7_/outputs/dual_g8_s9134111_b4_a0__apss_2.npz,37b5720ee06167fbd589bf2472739fc0e40b1a9ea8c4d6fa8b75f88b564c9a25,,,,,8,0,0.3980445447565388,1.0436922585472155,0.7278964629404081
dual_g8_s9134111_b4_a0,synthetic,rimls_2,/srv/slam-research/grf/map-denoise/runs/multiscan-pilot-v1/atlas-v13-curved-ugoaiy7_/outputs/dual_g8_s9134111_b4_a0__rimls_2.npz,cdf85371e5067ad7ca07ec5a28008e64c1099d5cad1ce4bbfc8bd35d136bccb2,,,,,8,0,0.4137195059321644,1.125898396005264,0.7492513628758617
dual_g8_s9134111_b4_a2,synthetic,global_hard,/srv/slam-research/grf/map-denoise/runs/multiscan-pilot-v1/atlas-v13-curved-ugoaiy7_/outputs/dual_g8_s9134111_b4_a2__global_hard.npz,5a677ea85db66099c7f4831a6786fdad2ea1199b6d5b98491a6a0a8fbbfdbb29,0.038792740999952,0.0001463349999539787,0.0,0,8,2,0.19919344300430541,0.48158428688305904,0.5899981460622381
dual_g8_s9134111_b4_a2,synthetic,atlas_hard_96,/srv/slam-research/grf/map-denoise/runs/multiscan-pilot-v1/atlas-v13-curved-ugoaiy7_/outputs/dual_g8_s9134111_b4_a2__atlas_hard_96.npz,adfef1e15b11c5e3505becc4a9d1a1623fa031abeb58c626a0328a20331f7a80,0.038792740999952,0.0019303179999496933,0.0,12,8,2,0.17946791962229525,0.33928964676410467,0.581011280476465
dual_g8_s9134111_b4_a2,synthetic,atlas_hard_256,/srv/slam-research/grf/map-denoise/runs/multiscan-pilot-v1/atlas-v13-curved-ugoaiy7_/outputs/dual_g8_s9134111_b4_a2__atlas_hard_256.npz,b50aac0dbf7dd56ef36556742bccc3f72ecd8587c72361608ef995b1e2d0f677,0.038792740999952,0.0012488689999372582,0.0,2,8,2,0.15718927980540973,0.3370405541276046,0.5766373234419185
dual_g8_s9134111_b4_a2,synthetic,atlas_tied_96,/srv/slam-research/grf/map-denoise/runs/multiscan-pilot-v1/atlas-v13-curved-ugoaiy7_/outputs/dual_g8_s9134111_b4_a2__atlas_tied_96.npz,0cffe421be0abe5a0509049d3bc7145eae69cb92c8454c8a4dc2df281410d643,0.038792740999952,0.0018832499999916763,0.0,12,8,2,0.17863901546188898,0.43595685649507915,0.5833069840908386
dual_g8_s9134111_b4_a2,synthetic,atlas_tied_256,/srv/slam-research/grf/map-denoise/runs/multiscan-pilot-v1/atlas-v13-curved-ugoaiy7_/outputs/dual_g8_s9134111_b4_a2__atlas_tied_256.npz,ade21d928dd0e2d2c373d92876ce433c7b56b567146914de075ba93357f1dac5,0.038792740999952,0.0011791939999739043,0.0,2,8,2,0.19564910701543803,0.5272450169478261,0.5924204245195303
dual_g8_s9134111_b4_a2,synthetic,atlas_relax_96,/srv/slam-research/grf/map-denoise/runs/multiscan-pilot-v1/atlas-v13-curved-ugoaiy7_/outputs/dual_g8_s9134111_b4_a2__atlas_relax_96.npz,821224ef75e264c4d8441bccf956fa25737150221ef13b9e81b5b73060ecdcec,0.038792740999952,0.015166140000019368,0.0,12,8,2,0.17955895342575615,0.3400616682244102,0.5810545380409778
dual_g8_s9134111_b4_a2,synthetic,atlas_relax_256,/srv/slam-research/grf/map-denoise/runs/multiscan-pilot-v1/atlas-v13-curved-ugoaiy7_/outputs/dual_g8_s9134111_b4_a2__atlas_relax_256.npz,b29fe160263f597eca79bde77011004c10995175c0440f4da53ae7bc1f8e2c18,0.038792740999952,0.008814186999984486,0.0,2,8,2,0.15718943208965422,0.3370420670191179,0.5766373722104017
dual_g8_s9134111_b4_a2,synthetic,bias_only,/srv/slam-research/grf/map-denoise/runs/multiscan-pilot-v1/atlas-v13-curved-ugoaiy7_/outputs/dual_g8_s9134111_b4_a2__bias_only.npz,6d7b0951742de87834bfb563f46aa914135e1d8a74b892b82ece1b4b09f6f65d,,,,,8,2,0.8372417735558595,2.0882424215007322,1.1391755682769267
dual_g8_s9134111_b4_a2,synthetic,old_original,/srv/slam-research/grf/map-denoise/runs/multiscan-pilot-v1/atlas-v13-curved-ugoaiy7_/outputs/dual_g8_s9134111_b4_a2__old_original.npz,1d2f54c8d4e3b779c3a2ee9cc57397649cc68e0dee11ea9e853a156f492602cc,,,0.0,,8,2,0.26955505097874266,1.1686024721061752,0.7075369509863519
dual_g8_s9134111_b4_a2,synthetic,whole_spatial,/srv/slam-research/grf/map-denoise/runs/multiscan-pilot-v1/atlas-v13-curved-ugoaiy7_/outputs/dual_g8_s9134111_b4_a2__whole_spatial.npz,7a8a1eedeb67e50374b589fad5dd4bbade9e16efe3e6a4afcd68c2a15b691eb7,,,,,8,2,0.4124795727667709,1.0989421946178146,0.7441804239954234
dual_g8_s9134111_b4_a2,synthetic,local_spatial_96,/srv/slam-research/grf/map-denoise/runs/multiscan-pilot-v1/atlas-v13-curved-ugoaiy7_/outputs/dual_g8_s9134111_b4_a2__local_spatial_96.npz,86e621f41f5b66b4738d2548c2e062ff61365885eb6180cb65bae974159b3f4e,,,,,8,2,0.3095015981290144,1.3835313967915768,0.7614350995047222
dual_g8_s9134111_b4_a2,synthetic,apss_2,/srv/slam-research/grf/map-denoise/runs/multiscan-pilot-v1/atlas-v13-curved-ugoaiy7_/outputs/dual_g8_s9134111_b4_a2__apss_2.npz,ec32353398bdfd148a5841accd915451b10e03e639cd3acbdfa80e37be8d34db,,,,,8,2,0.39357395959410457,1.0531837089700697,0.7292919848029844
dual_g8_s9134111_b4_a2,synthetic,rimls_2,/srv/slam-research/grf/map-denoise/runs/multiscan-pilot-v1/atlas-v13-curved-ugoaiy7_/outputs/dual_g8_s9134111_b4_a2__rimls_2.npz,d5ccc6498347979668a2559decfbd9e99deceaef9c7ce19cc4c120f9cba8ecfe,,,,,8,2,0.4094959403456347,1.1242550659776362,0.7501379492898183
dual_g8_s9134111_b4_a8,synthetic,global_hard,/srv/slam-research/grf/map-denoise/runs/multiscan-pilot-v1/atlas-v13-curved-ugoaiy7_/outputs/dual_g8_s9134111_b4_a8__global_hard.npz,15a22c34fb375625dd0b957aec21bbe64afcaf74b90c2ffc8d6cda7410c08acb,0.03781675099992299,0.00015535900001850678,0.0,0,8,8,0.9132575902587137,2.812332032081981,1.4447263659942415
dual_g8_s9134111_b4_a8,synthetic,atlas_hard_96,/srv/slam-research/grf/map-denoise/runs/multiscan-pilot-v1/atlas-v13-curved-ugoaiy7_/outputs/dual_g8_s9134111_b4_a8__atlas_hard_96.npz,7db10f38212712c164e7ad02baa0836de5485fd5fa46c3d7d446913d84c610a4,0.03781675099992299,0.0022779119999540853,0.0,8,8,8,0.3531881051206409,1.1608744428380102,0.985414711171585
dual_g8_s9134111_b4_a8,synthetic,atlas_hard_256,/srv/slam-research/grf/map-denoise/runs/multiscan-pilot-v1/atlas-v13-curved-ugoaiy7_/outputs/dual_g8_s9134111_b4_a8__atlas_hard_256.npz,2ed17ad8a0479b56c528c178aa7407fb969e22a9229b409b958b48c77ee23018,0.03781675099992299,0.00130332800006272,0.0,2,8,8,0.6367233071675562,2.340853444880581,1.233816284063512
dual_g8_s9134111_b4_a8,synthetic,atlas_tied_96,/srv/slam-research/grf/map-denoise/runs/multiscan-pilot-v1/atlas-v13-curved-ugoaiy7_/outputs/dual_g8_s9134111_b4_a8__atlas_tied_96.npz,e84b6174da1092d5a04e696c301cec29294b9f28e7598efa893da95aac462ee3,0.03781675099992299,0.001753122999957668,0.0,8,8,8,0.730737154515363,2.403261093953681,1.3107082012743492
dual_g8_s9134111_b4_a8,synthetic,atlas_tied_256,/srv/slam-research/grf/map-denoise/runs/multiscan-pilot-v1/atlas-v13-curved-ugoaiy7_/outputs/dual_g8_s9134111_b4_a8__atlas_tied_256.npz,6101d3b2f712835e6083737cb84afa5f2a4671fc293a7f6b7f5cdf8278ba96f0,0.03781675099992299,0.0011580770000136908,0.0,2,8,8,0.8225987291924078,2.68184390167162,1.4056272620893802
dual_g8_s9134111_b4_a8,synthetic,atlas_relax_96,/srv/slam-research/grf/map-denoise/runs/multiscan-pilot-v1/atlas-v13-curved-ugoaiy7_/outputs/dual_g8_s9134111_b4_a8__atlas_relax_96.npz,f684abfd0c5903a47a990f27bdebeceea24af68d727f86b10849b9e1795f4cfa,0.03781675099992299,0.0153147399998943,0.03125,8,8,8,0.3269887474755982,0.8324794602023472,0.9806805911266849
dual_g8_s9134111_b4_a8,synthetic,atlas_relax_256,/srv/slam-research/grf/map-denoise/runs/multiscan-pilot-v1/atlas-v13-curved-ugoaiy7_/outputs/dual_g8_s9134111_b4_a8__atlas_relax_256.npz,2621ec2be8b4dafe70ee5883a882019f1acfea80fdb8d2e21d1e40fb72cb6b52,0.03781675099992299,0.008525902999963364,0.06380208333333333,2,8,8,0.48811464774870533,1.4895191414116635,1.0683525291381457
dual_g8_s9134111_b4_a8,synthetic,bias_only,/srv/slam-research/grf/map-denoise/runs/multiscan-pilot-v1/atlas-v13-curved-ugoaiy7_/outputs/dual_g8_s9134111_b4_a8__bias_only.npz,e85ab0b222e5ebcf1dfe17526dcdf0e6e86051e694a0b6628ceb5bf39d7145d9,,,,,8,8,0.8795074978376975,2.272204589596527,1.3393045261155851
dual_g8_s9134111_b4_a8,synthetic,old_original,/srv/slam-research/grf/map-denoise/runs/multiscan-pilot-v1/atlas-v13-curved-ugoaiy7_/outputs/dual_g8_s9134111_b4_a8__old_original.npz,f30d84852797161cb3ffe94ba3f36268c7cc29b02e196e6a8cfbdbc4fda9f233,,,0.0,,8,8,0.4473477823338143,1.6358247480524937,1.047326076838329
dual_g8_s9134111_b4_a8,synthetic,whole_spatial,/srv/slam-research/grf/map-denoise/runs/multiscan-pilot-v1/atlas-v13-curved-ugoaiy7_/outputs/dual_g8_s9134111_b4_a8__whole_spatial.npz,eb0467735f6fd9032465e9f4b2c590604966f30f183cc5f0993b54260d8cd942,,,,,8,8,1.1418196876503515,2.8647829263353697,1.594919519566459
dual_g8_s9134111_b4_a8,synthetic,local_spatial_96,/srv/slam-research/grf/map-denoise/runs/multiscan-pilot-v1/atlas-v13-curved-ugoaiy7_/outputs/dual_g8_s9134111_b4_a8__local_spatial_96.npz,8dd1b57055fbcd62560882f2c092ea903a086cfd6a16998d7d785de2e6acd5aa,,,,,8,8,0.5078992087186898,1.9183626378906198,1.148252058173097
dual_g8_s9134111_b4_a8,synthetic,apss_2,/srv/slam-research/grf/map-denoise/runs/multiscan-pilot-v1/atlas-v13-curved-ugoaiy7_/outputs/dual_g8_s9134111_b4_a8__apss_2.npz,0c453c90642ac6f82182dfac1532d2919b18434f56c904446f9630eaf6e348e0,,,,,8,8,0.45557229826857415,1.1727628461679178,1.0298813216747562
dual_g8_s9134111_b4_a8,synthetic,rimls_2,/srv/slam-research/grf/map-denoise/runs/multiscan-pilot-v1/atlas-v13-curved-ugoaiy7_/outputs/dual_g8_s9134111_b4_a8__rimls_2.npz,b675b9fbd7a1a6a75e2cde18becb9130354f78da2372f5e9e3d107c34bcab5f5,,,,,8,8,0.4726177811810974,1.2228523003533773,1.0442231890066094
