phase,case,seed,gap,sigma,bias,retain,n,method,status,seconds,identifiable,geometry_scored,surface_accuracy_mean_mm,surface_accuracy_rms_mm,surface_accuracy_p95_mm,reference_sample_coverage_1mm,reference_sample_coverage_2mm,reference_sample_distance_mean_mm,output_point_count_ratio,matched_point_rms_mm,matched_normal_mae_mm,within_source_layer_rms_mm,reported_model_k,model_k_note,layer_balanced_source_surface_mae_mm,worst_layer_source_surface_mae_mm,independent_surface_mae_mm,support,source_group_gap_mm,source_group_gap_error_mm,source_group_gap_retention
development,s9140101_g0_n0.5_b0_r1.0,9140101,0,0.5,0,1.0,768,identity,OK,0.0009017769998536096,True,True,0.3973333545305215,0.5002274540101597,1.0033594570896103,0.9635416666666666,1.0,0.3851207371513093,1.0,0.5002274540101596,0.3973333545305215,0.499721135051195,,self-report; not geometry-derived layer count or success,0.3973333545305215,0.3973333545305215,0.3973333545305215,0.0,,,
development,s9140101_g0_n0.5_b0_r1.0,9140101,0,0.5,0,1.0,768,bias_only,OK,0.0007248580000123184,True,True,0.39325274120977083,0.4978007036073219,1.0142342470931265,0.9622395833333334,1.0,0.38105609182207617,1.0,0.49780071809205656,0.39325274120977083,0.49729191385273197,,self-report; not geometry-derived layer count or success,0.39325274120977083,0.39325274120977083,0.39325274120977083,1.0,,,
development,s9140101_g0_n0.5_b0_r1.0,9140101,0,0.5,0,1.0,768,old_original,APPLY,0.0012846629999785364,True,True,0.029146342780845436,0.035552072285941635,0.0650195171173968,1.0,1.0,0.02922631466685817,1.0,0.035573601299322154,0.029146342780845436,0.02808960532137243,,self-report; not geometry-derived layer count or success,0.029146342780845436,0.029146342780845436,0.029146342780845436,1.0,,,
development,s9140101_g0_n0.5_b0_r1.0,9140101,0,0.5,0,1.0,768,atlas_tied_256,OK,0.0017597879998447752,True,True,0.029944036030622106,0.03648557387991987,0.06432556110164248,1.0,1.0,0.02995861287712311,1.0,0.036488193917490384,0.029944036030622106,0.02535802915081658,,self-report; not geometry-derived layer count or success,0.029944036030622106,0.029944036030622106,0.029944036030622106,1.0,,,
development,s9140101_g0_n0.5_b0_r1.0,9140101,0,0.5,0,1.0,768,atlas_relax_96,OK,0.013372216000107073,True,True,0.06238993353738384,0.07475792709838396,0.14465014769261014,1.0,1.0,0.06249660753072545,1.0,0.07479908122814356,0.06238993353738384,0.0686264661103343,,self-report; not geometry-derived layer count or success,0.06238993353738384,0.06238993353738384,0.06238993353738384,1.0,,,
development,s9140101_g0_n0.5_b0_r1.0,9140101,0,0.5,0,1.0,768,spatial_12,OK,0.0402248039999904,True,True,0.02958851146639933,0.03611907447670452,0.06590745759144818,1.0,1.0,0.029669190285181047,1.0,0.036140265809995555,0.02958851146639933,0.028254107885791982,,self-report; not geometry-derived layer count or success,0.02958851146639933,0.02958851146639933,0.02958851146639933,1.0,,,
development,s9140101_g0_n0.5_b0_r1.0,9140101,0,0.5,0,1.0,768,spatial_36,OK,0.10363024200000837,True,True,0.02958851146639933,0.03611907447670452,0.06590745759144818,1.0,1.0,0.029669190285181047,1.0,0.036140265809995555,0.02958851146639933,0.028254107885791982,,self-report; not geometry-derived layer count or success,0.02958851146639933,0.02958851146639933,0.02958851146639933,1.0,,,
development,s9140101_g0_n0.5_b0_r1.0,9140101,0,0.5,0,1.0,768,spatial_108,OK,0.3069060959999206,True,True,0.02958851146639933,0.03611907447670452,0.06590745759144818,1.0,1.0,0.029669190285181047,1.0,0.036140265809995555,0.02958851146639933,0.028254107885791982,,self-report; not geometry-derived layer count or success,0.02958851146639933,0.02958851146639933,0.02958851146639933,1.0,,,
development,s9140101_g0_n0.5_b0_r1.0,9140101,0,0.5,0,1.0,768,apss_0.5,OK,0.0054861370001617615,True,True,0.37657249654218067,0.47900904968791286,0.9537149105267271,0.9661458333333334,1.0,0.36910517531978276,1.0,0.47901076493188416,0.37657249654218067,0.47846518991529907,,self-report; not geometry-derived layer count or success,0.37657249654218067,0.37657249654218067,0.37657249654218067,1.0,,,
development,s9140101_g0_n0.5_b0_r1.0,9140101,0,0.5,0,1.0,768,apss_1.0,OK,0.005577248999998119,True,True,0.29076488293819563,0.37718064205724405,0.7459900709791731,0.984375,1.0,0.2901267401252673,1.0,0.3772033064924411,0.29076488293819563,0.3766140530583252,,self-report; not geometry-derived layer count or success,0.29076488293819563,0.29076488293819563,0.29076488293819563,1.0,,,
development,s9140101_g0_n0.5_b0_r1.0,9140101,0,0.5,0,1.0,768,apss_2.0,OK,0.008024328000146852,True,True,0.16164184843208415,0.20936468460276597,0.41624428246904516,1.0,1.0,0.16192272896316892,1.0,0.2094694950935988,0.16164184843208415,0.20835699937586383,,self-report; not geometry-derived layer count or success,0.16164184843208415,0.16164184843208415,0.16164184843208415,1.0,,,
development,s9140101_g0_n0.5_b0_r1.0,9140101,0,0.5,0,1.0,768,apss_4.0,OK,0.009107142999937423,True,True,0.09068757039382584,0.11526437011822847,0.23459135420950777,1.0,1.0,0.09105141411799138,1.0,0.115393730493303,0.09068757039382584,0.1126041969155188,,self-report; not geometry-derived layer count or success,0.09068757039382584,0.09068757039382584,0.09068757039382584,1.0,,,
development,s9140101_g0_n0.5_b0_r1.0,9140101,0,0.5,0,1.0,768,apss_8.0,OK,0.01066491100004896,True,True,0.05898558253682435,0.07698383677826262,0.15910550330644674,1.0,1.0,0.0591425392231893,1.0,0.07704747556662998,0.05898558253682435,0.07089899589628323,,self-report; not geometry-derived layer count or success,0.05898558253682435,0.05898558253682435,0.05898558253682435,1.0,,,
development,s9140101_g0_n0.5_b0_r1.0,9140101,0,0.5,0,1.0,768,rimls_0.5,OK,0.006287124999971638,True,True,0.3732032915626416,0.4752683708670837,0.9456204922026692,0.9661458333333334,1.0,0.3694935626272792,1.0,0.47592996188026365,0.3732032915626416,0.47468253152898926,,self-report; not geometry-derived layer count or success,0.3732032915626416,0.3732032915626416,0.3732032915626416,1.0,,,
development,s9140101_g0_n0.5_b0_r1.0,9140101,0,0.5,0,1.0,768,rimls_1.0,OK,0.007877318000055311,True,True,0.2818652300465218,0.3671702324216307,0.7362073202597664,0.9856770833333334,1.0,0.28729478413699,1.0,0.37003353195710353,0.2818652300465218,0.3665778404708028,,self-report; not geometry-derived layer count or success,0.2818652300465218,0.2818652300465218,0.2818652300465218,1.0,,,
development,s9140101_g0_n0.5_b0_r1.0,9140101,0,0.5,0,1.0,768,rimls_2.0,OK,0.011811430000079781,True,True,0.16120006032903103,0.20808070823307756,0.41364721824511863,1.0,1.0,0.1646252092785329,1.0,0.2098566544925508,0.16120006032903103,0.20700960590175935,,self-report; not geometry-derived layer count or success,0.16120006032903103,0.16120006032903103,0.16120006032903103,1.0,,,
development,s9140101_g0_n0.5_b0_r1.0,9140101,0,0.5,0,1.0,768,rimls_4.0,OK,0.021230659000138985,True,True,0.10447263255490645,0.13268523070410274,0.2690642409421824,1.0,1.0,0.1059213973529533,1.0,0.13331848213632846,0.10447263255490645,0.12981301155379166,,self-report; not geometry-derived layer count or success,0.10447263255490645,0.10447263255490645,0.10447263255490645,1.0,,,
development,s9140101_g0_n0.5_b0_r1.0,9140101,0,0.5,0,1.0,768,rimls_8.0,OK,0.05267484799992417,True,True,0.07495189432441611,0.09566199357951614,0.19787859791935722,1.0,1.0,0.07547733016058913,1.0,0.09584266899770459,0.07495189432441611,0.08595418276142042,,self-report; not geometry-derived layer count or success,0.07495189432441611,0.07495189432441611,0.07495189432441611,1.0,,,
development,s9140101_g0_n0.5_b0_r0.25,9140101,0,0.5,0,0.25,197,identity,OK,0.0004959320001489687,True,True,0.38053932407211544,0.4776010363151678,0.9430537612323717,0.9796954314720813,1.0,0.3771477205305919,1.0,0.4776010363151678,0.38053932407211544,0.4765103589240449,,self-report; not geometry-derived layer count or success,0.38053932407211544,0.38053932407211544,0.38053932407211544,0.0,,,
development,s9140101_g0_n0.5_b0_r0.25,9140101,0,0.5,0,0.25,197,bias_only,OK,0.00036885800000163727,True,True,0.3726962592371534,0.4718034792202591,0.9177682349289911,0.9695431472081218,1.0,0.3689552714175644,1.0,0.47180349447356124,0.3726962592371534,0.4706993682563652,,self-report; not geometry-derived layer count or success,0.3726962592371534,0.3726962592371534,0.3726962592371534,1.0,,,
development,s9140101_g0_n0.5_b0_r0.25,9140101,0,0.5,0,0.25,197,old_original,APPLY,0.0007468280000466621,True,True,0.033529432933323645,0.040022470097079675,0.0682934204604845,1.0,1.0,0.03355444956113999,1.0,0.04002894768979044,0.033529432933323645,0.02368903512749138,,self-report; not geometry-derived layer count or success,0.033529432933323645,0.033529432933323645,0.033529432933323645,1.0,,,
development,s9140101_g0_n0.5_b0_r0.25,9140101,0,0.5,0,0.25,197,atlas_tied_256,OK,0.0007645159998901363,True,True,0.03352786767022839,0.04002043249470723,0.06828981317404027,1.0,1.0,0.03353877109259489,1.0,0.040022881118452786,0.03352786767022839,0.023685592449067046,,self-report; not geometry-derived layer count or success,0.03352786767022839,0.03352786767022839,0.03352786767022839,1.0,,,
development,s9140101_g0_n0.5_b0_r0.25,9140101,0,0.5,0,0.25,197,atlas_relax_96,OK,0.00413991100003841,True,True,0.0649328406297154,0.07629003273196552,0.13717301008069924,1.0,1.0,0.06495787023583122,1.0,0.07629994917184914,0.0649328406297154,0.06728960362722346,,self-report; not geometry-derived layer count or success,0.0649328406297154,0.0649328406297154,0.0649328406297154,1.0,,,
development,s9140101_g0_n0.5_b0_r0.25,9140101,0,0.5,0,0.25,197,spatial_12,OK,0.020903649000047153,True,True,0.033529432933323645,0.04002247009707967,0.06829342046048449,1.0,1.0,0.03355444956113999,1.0,0.04002894768979044,0.033529432933323645,0.02368903512749138,,self-report; not geometry-derived layer count or success,0.033529432933323645,0.033529432933323645,0.033529432933323645,1.0,,,
development,s9140101_g0_n0.5_b0_r0.25,9140101,0,0.5,0,0.25,197,spatial_36,OK,0.05723114800002804,True,True,0.033529432933323645,0.04002247009707967,0.06829342046048449,1.0,1.0,0.03355444956113999,1.0,0.04002894768979044,0.033529432933323645,0.02368903512749138,,self-report; not geometry-derived layer count or success,0.033529432933323645,0.033529432933323645,0.033529432933323645,1.0,,,
development,s9140101_g0_n0.5_b0_r0.25,9140101,0,0.5,0,0.25,197,spatial_108,OK,0.16744331799986867,True,True,0.033529432933323645,0.04002247009707967,0.06829342046048449,1.0,1.0,0.03355444956113999,1.0,0.04002894768979044,0.033529432933323645,0.02368903512749138,,self-report; not geometry-derived layer count or success,0.033529432933323645,0.033529432933323645,0.033529432933323645,1.0,,,
development,s9140101_g0_n0.5_b0_r0.25,9140101,0,0.5,0,0.25,197,apss_0.5,OK,0.002244080000082249,True,True,0.34607754868523943,0.4425735013749621,0.8986264563049482,0.9695431472081218,1.0,0.3460869713946108,1.0,0.4425754877082166,0.34607754868523943,0.44145722527983566,,self-report; not geometry-derived layer count or success,0.34607754868523943,0.34607754868523943,0.34607754868523943,1.0,,,
development,s9140101_g0_n0.5_b0_r0.25,9140101,0,0.5,0,0.25,197,apss_1.0,OK,0.002220062000105827,True,True,0.2711433134664678,0.3567716575265199,0.7468581192010277,0.9898477157360406,1.0,0.27116929145956387,1.0,0.35677797113138965,0.2711433134664678,0.3556211997034304,,self-report; not geometry-derived layer count or success,0.2711433134664678,0.2711433134664678,0.2711433134664678,1.0,,,
development,s9140101_g0_n0.5_b0_r0.25,9140101,0,0.5,0,0.25,197,apss_2.0,OK,0.0029686140001103922,True,True,0.15393604907238467,0.18839768952268465,0.33281796364753424,1.0,1.0,0.15400114535216577,1.0,0.18842441344720232,0.15393604907238467,0.18701901158661763,,self-report; not geometry-derived layer count or success,0.15393604907238467,0.15393604907238467,0.15393604907238467,1.0,,,
development,s9140101_g0_n0.5_b0_r0.25,9140101,0,0.5,0,0.25,197,apss_4.0,OK,0.0035239549999914743,True,True,0.08678419388400002,0.1128902027336391,0.22744841364098062,1.0,1.0,0.08689248856857912,1.0,0.11292090507289275,0.08678419388400002,0.10934542393917379,,self-report; not geometry-derived layer count or success,0.08678419388400002,0.08678419388400002,0.08678419388400002,1.0,,,
development,s9140101_g0_n0.5_b0_r0.25,9140101,0,0.5,0,0.25,197,apss_8.0,OK,0.004924580000079004,True,True,0.06400711733351327,0.07925536688709464,0.12956682432886193,1.0,1.0,0.06405691700562716,1.0,0.07927201458251483,0.06400711733351327,0.07451308789163821,,self-report; not geometry-derived layer count or success,0.06400711733351327,0.06400711733351327,0.06400711733351327,1.0,,,
development,s9140101_g0_n0.5_b0_r0.25,9140101,0,0.5,0,0.25,197,rimls_0.5,OK,0.0019290430000182823,True,True,0.34638135467971526,0.4427441033761358,0.8988926269024435,0.9695431472081218,1.0,0.34724255465255255,1.0,0.44292091789233023,0.34638135467971526,0.4416212135259597,,self-report; not geometry-derived layer count or success,0.34638135467971526,0.34638135467971526,0.34638135467971526,1.0,,,
development,s9140101_g0_n0.5_b0_r0.25,9140101,0,0.5,0,0.25,197,rimls_1.0,OK,0.002025731999992786,True,True,0.271881032267318,0.357889096251173,0.7517278033817384,0.9898477157360406,1.0,0.273201324737521,1.0,0.35832400633498046,0.271881032267318,0.3567336256703921,,self-report; not geometry-derived layer count or success,0.271881032267318,0.271881032267318,0.271881032267318,1.0,,,
development,s9140101_g0_n0.5_b0_r0.25,9140101,0,0.5,0,0.25,197,rimls_2.0,OK,0.0027305250000608794,True,True,0.15579547320792,0.19025188416562816,0.3381151460242826,1.0,1.0,0.1564483142728277,1.0,0.19069186205083372,0.15579547320792,0.18882575264199153,,self-report; not geometry-derived layer count or success,0.15579547320792,0.15579547320792,0.15579547320792,1.0,,,
development,s9140101_g0_n0.5_b0_r0.25,9140101,0,0.5,0,0.25,197,rimls_4.0,OK,0.003010586999835141,True,True,0.09482761433014568,0.12269894316724808,0.25008319308375654,1.0,1.0,0.09521053501400308,1.0,0.12283832812219585,0.09482761433014568,0.11882069695640597,,self-report; not geometry-derived layer count or success,0.09482761433014568,0.09482761433014568,0.09482761433014568,1.0,,,
development,s9140101_g0_n0.5_b0_r0.25,9140101,0,0.5,0,0.25,197,rimls_8.0,OK,0.0038908409999294236,True,True,0.08015723996180957,0.09753158938389396,0.17265649224725538,1.0,1.0,0.08024813031350962,1.0,0.0975625759562952,0.08015723996180957,0.08815002112829222,,self-report; not geometry-derived layer count or success,0.08015723996180957,0.08015723996180957,0.08015723996180957,1.0,,,
development,s9140101_g0_n0.5_b4_r1.0,9140101,0,0.5,4,1.0,768,identity,OK,0.0008188599999812141,True,True,3.2751008899870833,4.044929491545488,7.064423183274059,0.234375,0.5768229166666666,1.973364270717435,1.0,4.044929491545488,3.2751008899870833,4.044866907408179,,self-report; not geometry-derived layer count or success,3.2751008899870833,3.2751008899870833,3.2751008899870833,0.0,,,
development,s9140101_g0_n0.5_b4_r1.0,9140101,0,0.5,4,1.0,768,bias_only,OK,0.0007242399999540794,True,True,0.3932496050285725,0.4978007470730078,1.0142228126543449,0.9622395833333334,1.0,0.38135843726664814,1.0,0.4979002901506573,0.3932496050285725,0.49729195736288856,,self-report; not geometry-derived layer count or success,0.3932496050285725,0.3932496050285725,0.3932496050285725,1.0,,,
development,s9140101_g0_n0.5_b4_r1.0,9140101,0,0.5,4,1.0,768,old_original,APPLY,0.0011906340000678028,True,True,0.029147476294825555,0.035553483547415506,0.06502607231176862,1.0,1.0,0.031641615628687135,1.0,0.0369404579165548,0.029147476294825555,0.028091441179588294,,self-report; not geometry-derived layer count or success,0.029147476294825555,0.029147476294825555,0.029147476294825555,1.0,,,
development,s9140101_g0_n0.5_b4_r1.0,9140101,0,0.5,4,1.0,768,atlas_tied_256,OK,0.0016915819999212545,True,True,0.029601503230857917,0.03612583532070682,0.06373323402319284,1.0,1.0,0.03215609891623902,1.0,0.03747451694190596,0.029601503230857917,0.02519570487564223,,self-report; not geometry-derived layer count or success,0.029601503230857917,0.029601503230857917,0.029601503230857917,1.0,,,
development,s9140101_g0_n0.5_b4_r1.0,9140101,0,0.5,4,1.0,768,atlas_relax_96,OK,0.012827346999984002,True,True,0.062165077176011,0.07444140582880589,0.14372937311515013,1.0,1.0,0.06369717056240938,1.0,0.0751380303875421,0.062165077176011,0.06818491113487962,,self-report; not geometry-derived layer count or success,0.062165077176011,0.062165077176011,0.062165077176011,1.0,,,
development,s9140101_g0_n0.5_b4_r1.0,9140101,0,0.5,4,1.0,768,spatial_12,OK,0.037562156000149116,True,True,0.02958973667956706,0.0361204602275108,0.06592108337602448,1.0,1.0,0.032069536989854014,1.0,0.03748646409922776,0.02958973667956706,0.02825587936015141,,self-report; not geometry-derived layer count or success,0.02958973667956706,0.02958973667956706,0.02958973667956706,1.0,,,
development,s9140101_g0_n0.5_b4_r1.0,9140101,0,0.5,4,1.0,768,spatial_36,OK,0.10495237500003896,True,True,0.02958973667956706,0.0361204602275108,0.06592108337602448,1.0,1.0,0.032069536989854014,1.0,0.03748646409922776,0.02958973667956706,0.02825587936015141,,self-report; not geometry-derived layer count or success,0.02958973667956706,0.02958973667956706,0.02958973667956706,1.0,,,
development,s9140101_g0_n0.5_b4_r1.0,9140101,0,0.5,4,1.0,768,spatial_108,OK,0.3077998150001804,True,True,0.02958973667956706,0.0361204602275108,0.06592108337602448,1.0,1.0,0.032069536989854014,1.0,0.03748646409922776,0.02958973667956706,0.02825587936015141,,self-report; not geometry-derived layer count or success,0.02958973667956706,0.02958973667956706,0.02958973667956706,1.0,,,
development,s9140101_g0_n0.5_b4_r1.0,9140101,0,0.5,4,1.0,768,apss_0.5,FAILED,0.005274243000030765,,,,,,,,,,,,,,,,,,,,,
development,s9140101_g0_n0.5_b4_r1.0,9140101,0,0.5,4,1.0,768,apss_1.0,OK,0.006303153000089878,True,True,0.27906383114876143,0.3633570718463269,0.7322252699875231,0.9869791666666666,1.0,0.27968374755982767,1.0,0.36352722713193825,0.27906383114876143,0.3627661742529148,,self-report; not geometry-derived layer count or success,0.27906383114876143,0.27906383114876143,0.27906383114876143,1.0,,,
development,s9140101_g0_n0.5_b4_r1.0,9140101,0,0.5,4,1.0,768,apss_2.0,OK,0.00863708800011409,True,True,0.1575422118257688,0.2034429652591724,0.4067848462299021,1.0,1.0,0.15875623669531988,1.0,0.20380866856763893,0.1575422118257688,0.20242305825706405,,self-report; not geometry-derived layer count or success,0.1575422118257688,0.1575422118257688,0.1575422118257688,1.0,,,
development,s9140101_g0_n0.5_b4_r1.0,9140101,0,0.5,4,1.0,768,apss_4.0,OK,0.010541913999986718,True,True,0.09005333094638647,0.11447463231905027,0.23711761995068006,1.0,1.0,0.0916432376838483,1.0,0.11504475828948493,0.09005333094638647,0.1118049932680109,,self-report; not geometry-derived layer count or success,0.09005333094638647,0.09005333094638647,0.09005333094638647,1.0,,,
development,s9140101_g0_n0.5_b4_r1.0,9140101,0,0.5,4,1.0,768,apss_8.0,OK,0.015173376000120697,True,True,0.058762620834316305,0.07678280866379576,0.15916497295874352,1.0,1.0,0.0606584139803657,1.0,0.07748632614233514,0.058762620834316305,0.07069210123501164,,self-report; not geometry-derived layer count or success,0.058762620834316305,0.058762620834316305,0.058762620834316305,1.0,,,
development,s9140101_g0_n0.5_b4_r1.0,9140101,0,0.5,4,1.0,768,rimls_0.5,OK,0.006467886000109502,True,True,0.3731931844664091,0.47520085493476427,0.9460972569870192,0.9661458333333334,1.0,0.36981553947086815,1.0,0.47596541962137273,0.3731931844664091,0.4746136599895693,,self-report; not geometry-derived layer count or success,0.3731931844664091,0.3731931844664091,0.3731931844664091,1.0,,,
development,s9140101_g0_n0.5_b4_r1.0,9140101,0,0.5,4,1.0,768,rimls_1.0,OK,0.007414734999883876,True,True,0.28178081309820335,0.3671499727606822,0.7347771176837161,0.9856770833333334,1.0,0.2875227368207786,1.0,0.3701370092669618,0.28178081309820335,0.36655719181426316,,self-report; not geometry-derived layer count or success,0.28178081309820335,0.28178081309820335,0.28178081309820335,1.0,,,
development,s9140101_g0_n0.5_b4_r1.0,9140101,0,0.5,4,1.0,768,rimls_2.0,OK,0.011508079000122962,True,True,0.16116495229360914,0.20802963484525877,0.4131732501269916,1.0,1.0,0.165276239723666,1.0,0.2100838501445083,0.16116495229360914,0.2069614780308035,,self-report; not geometry-derived layer count or success,0.16116495229360914,0.16116495229360914,0.16116495229360914,1.0,,,
development,s9140101_g0_n0.5_b4_r1.0,9140101,0,0.5,4,1.0,768,rimls_4.0,OK,0.02149191500006964,True,True,0.10432212110407106,0.13243917242110861,0.26847284166965013,1.0,1.0,0.10680644759044171,1.0,0.13347287416476963,0.10432212110407106,0.12957730988500382,,self-report; not geometry-derived layer count or success,0.10432212110407106,0.10432212110407106,0.10432212110407106,1.0,,,
development,s9140101_g0_n0.5_b4_r1.0,9140101,0,0.5,4,1.0,768,rimls_8.0,OK,0.05309755000007499,True,True,0.07476414928488519,0.09540587279581744,0.19692438594027722,1.0,1.0,0.0767465691022876,1.0,0.09611251143858054,0.07476414928488519,0.08569207473545377,,self-report; not geometry-derived layer count or success,0.07476414928488519,0.07476414928488519,0.07476414928488519,1.0,,,
development,s9140101_g0_n0.5_b4_r0.25,9140101,0,0.5,4,0.25,197,identity,OK,0.0005170880001514888,True,True,3.3218262473428464,4.054719128320203,6.954317311127166,0.2131979695431472,0.4619289340101523,2.7851436738508135,1.0,4.054719128320203,3.3218262473428464,4.048323976697507,,self-report; not geometry-derived layer count or success,3.3218262473428464,3.3218262473428464,3.3218262473428464,0.0,,,
development,s9140101_g0_n0.5_b4_r0.25,9140101,0,0.5,4,0.25,197,bias_only,OK,0.0003782420001243736,True,True,0.40660520797440614,0.5228553075965637,1.0778219824060138,0.9390862944162437,1.0,0.4009581873398368,1.0,0.5228906806340242,0.40660520797440614,0.47069893076155644,,self-report; not geometry-derived layer count or success,0.40660520797440614,0.40660520797440614,0.40660520797440614,1.0,,,
development,s9140101_g0_n0.5_b4_r0.25,9140101,0,0.5,4,0.25,197,old_original,APPLY,0.0007459559999460907,True,True,0.22764048247582133,0.22886997939278497,0.2637262819061098,1.0,1.0,0.22772286926642174,1.0,0.2289517922129979,0.22764048247582133,0.023691310757935586,,self-report; not geometry-derived layer count or success,0.22764048247582133,0.22764048247582133,0.22764048247582133,1.0,,,
development,s9140101_g0_n0.5_b4_r0.25,9140101,0,0.5,4,0.25,197,atlas_tied_256,OK,0.000769586000160416,True,True,0.22764048247582133,0.2288696231338997,0.2637251466553755,1.0,1.0,0.2277221964473902,1.0,0.22895077319057602,0.22764048247582133,0.023687868870553994,,self-report; not geometry-derived layer count or success,0.22764048247582133,0.22764048247582133,0.22764048247582133,1.0,,,
development,s9140101_g0_n0.5_b4_r0.25,9140101,0,0.5,4,0.25,197,atlas_relax_96,OK,0.004066019999982018,True,True,0.22395199579932243,0.23384142588480217,0.3480838656266232,1.0,1.0,0.22404348220708883,1.0,0.23392398729019742,0.22395199579932243,0.06728533300309737,,self-report; not geometry-derived layer count or success,0.22395199579932243,0.22395199579932243,0.22395199579932243,1.0,,,
development,s9140101_g0_n0.5_b4_r0.25,9140101,0,0.5,4,0.25,197,spatial_12,OK,0.020976089999976466,True,True,0.2276404824758213,0.22886997939278494,0.2637262819061098,1.0,1.0,0.22772286926642174,1.0,0.22895179221299788,0.2276404824758213,0.02369131075793558,,self-report; not geometry-derived layer count or success,0.2276404824758213,0.2276404824758213,0.2276404824758213,1.0,,,
development,s9140101_g0_n0.5_b4_r0.25,9140101,0,0.5,4,0.25,197,spatial_36,OK,0.05682876499986378,True,True,0.2276404824758213,0.22886997939278494,0.2637262819061098,1.0,1.0,0.22772286926642174,1.0,0.22895179221299788,0.2276404824758213,0.02369131075793558,,self-report; not geometry-derived layer count or success,0.2276404824758213,0.2276404824758213,0.2276404824758213,1.0,,,
development,s9140101_g0_n0.5_b4_r0.25,9140101,0,0.5,4,0.25,197,spatial_108,OK,0.1651415389999329,True,True,0.2276404824758213,0.22886997939278494,0.2637262819061098,1.0,1.0,0.22772286926642174,1.0,0.22895179221299788,0.2276404824758213,0.02369131075793558,,self-report; not geometry-derived layer count or success,0.2276404824758213,0.2276404824758213,0.2276404824758213,1.0,,,
development,s9140101_g0_n0.5_b4_r0.25,9140101,0,0.5,4,0.25,197,apss_0.5,OK,0.00220583300006183,True,True,0.38540032632760285,0.4970809172789637,1.028660605280726,0.9441624365482234,1.0,0.38556938321681755,1.0,0.4971198094046619,0.38540032632760285,0.44145509802854827,,self-report; not geometry-derived layer count or success,0.38540032632760285,0.38540032632760285,0.38540032632760285,1.0,,,
development,s9140101_g0_n0.5_b4_r0.25,9140101,0,0.5,4,0.25,197,apss_1.0,OK,0.0022518240000408696,True,True,0.3384137844676958,0.4242253549148172,0.7868042146655361,0.9746192893401016,1.0,0.3385826153525041,1.0,0.4242740695014128,0.3384137844676958,0.35565773885339375,,self-report; not geometry-derived layer count or success,0.3384137844676958,0.3384137844676958,0.3384137844676958,1.0,,,
development,s9140101_g0_n0.5_b4_r0.25,9140101,0,0.5,4,0.25,197,apss_2.0,OK,0.0029077449999022065,True,True,0.2542420994847703,0.3020282793837715,0.5501630298992534,1.0,1.0,0.2544535118837417,1.0,0.3021074730393291,0.2542420994847703,0.18705146206853296,,self-report; not geometry-derived layer count or success,0.2542420994847703,0.2542420994847703,0.2542420994847703,1.0,,,
development,s9140101_g0_n0.5_b4_r0.25,9140101,0,0.5,4,0.25,197,apss_4.0,OK,0.0034663520000322023,True,True,0.2318292921788424,0.2563020980507205,0.4490082406347064,1.0,1.0,0.23196317133026534,1.0,0.25639022421667595,0.2318292921788424,0.10929750570373531,,self-report; not geometry-derived layer count or success,0.2318292921788424,0.2318292921788424,0.2318292921788424,1.0,,,
development,s9140101_g0_n0.5_b4_r0.25,9140101,0,0.5,4,0.25,197,apss_8.0,OK,0.004934820000016771,True,True,0.23281608126688547,0.24441270476564594,0.3862998971001655,1.0,1.0,0.23290931074819377,1.0,0.2444956477810886,0.23281608126688547,0.07439248990583505,,self-report; not geometry-derived layer count or success,0.23281608126688547,0.23281608126688547,0.23281608126688547,1.0,,,
development,s9140101_g0_n0.5_b4_r0.25,9140101,0,0.5,4,0.25,197,rimls_0.5,OK,0.0021120110000083514,True,True,0.38537675963110135,0.4971780470211386,1.028660605280726,0.9441624365482234,1.0,0.38603192007170484,1.0,0.4973780283859808,0.38537675963110135,0.4416181159187667,,self-report; not geometry-derived layer count or success,0.38537675963110135,0.38537675963110135,0.38537675963110135,1.0,,,
development,s9140101_g0_n0.5_b4_r0.25,9140101,0,0.5,4,0.25,197,rimls_1.0,OK,0.002408446999879743,True,True,0.33892759889709956,0.4250962932556,0.7934624884220539,0.9746192893401016,1.0,0.33963193466062824,1.0,0.4254993469988515,0.33892759889709956,0.3567690195978404,,self-report; not geometry-derived layer count or success,0.33892759889709956,0.33892759889709956,0.33892759889709956,1.0,,,
development,s9140101_g0_n0.5_b4_r0.25,9140101,0,0.5,4,0.25,197,rimls_2.0,OK,0.0035655190001762094,True,True,0.2545148925916945,0.30278488880203064,0.5459498943766246,1.0,1.0,0.25548842952919737,1.0,0.3031234707552691,0.2545148925916945,0.18886188512458443,,self-report; not geometry-derived layer count or success,0.2545148925916945,0.2545148925916945,0.2545148925916945,1.0,,,
development,s9140101_g0_n0.5_b4_r0.25,9140101,0,0.5,4,0.25,197,rimls_4.0,OK,0.005474826999943616,True,True,0.23043830403698118,0.25819556458243503,0.4456320272927265,1.0,1.0,0.23073787191495196,1.0,0.2583422007214191,0.23043830403698118,0.11872553865939874,,self-report; not geometry-derived layer count or success,0.23043830403698118,0.23043830403698118,0.23043830403698118,1.0,,,
development,s9140101_g0_n0.5_b4_r0.25,9140101,0,0.5,4,0.25,197,rimls_8.0,OK,0.010473271999899225,True,True,0.2180805032568753,0.23516250222533702,0.37233239299046755,1.0,1.0,0.21820283602873972,1.0,0.2352561829096343,0.2180805032568753,0.08799032078649126,,self-report; not geometry-derived layer count or success,0.2180805032568753,0.2180805032568753,0.2180805032568753,1.0,,,
development,s9140101_g0_n1.0_b0_r1.0,9140101,0,1.0,0,1.0,768,identity,OK,0.0008188610001980123,True,True,0.794666709061043,1.0004549080203193,2.0067189141792205,0.7330729166666666,0.9830729166666666,0.7225976684712195,1.0,1.0004549080203191,0.794666709061043,0.99944227010239,,self-report; not geometry-derived layer count or success,0.794666709061043,0.794666709061043,0.794666709061043,0.0,,,
development,s9140101_g0_n1.0_b0_r1.0,9140101,0,1.0,0,1.0,768,bias_only,OK,0.0007010130000253412,True,True,0.7865027260846776,0.9956017846709773,2.0283556670948784,0.7434895833333334,0.9830729166666666,0.7152238381296877,1.0,0.9956018948103623,0.7865027260846776,0.9945842055479805,,self-report; not geometry-derived layer count or success,0.7865027260846776,0.7865027260846776,0.7865027260846776,1.0,,,
development,s9140101_g0_n1.0_b0_r1.0,9140101,0,1.0,0,1.0,768,old_original,APPLY,0.001148299000078623,True,True,0.058363164348771514,0.07118448574615417,0.13020347892384093,1.0,1.0,0.05886341464284491,1.0,0.07134771868379074,0.058363164348771514,0.05628767344550077,,self-report; not geometry-derived layer count or success,0.058363164348771514,0.058363164348771514,0.058363164348771514,1.0,,,
development,s9140101_g0_n1.0_b0_r1.0,9140101,0,1.0,0,1.0,768,atlas_tied_256,OK,0.0017089320001559827,True,True,0.05989896144349103,0.07298687761439036,0.12867997549269916,1.0,1.0,0.059995673011166206,1.0,0.07300778180523709,0.05989896144349103,0.050736230897821345,,self-report; not geometry-derived layer count or success,0.05989896144349103,0.05989896144349103,0.05989896144349103,1.0,,,
development,s9140101_g0_n1.0_b0_r1.0,9140101,0,1.0,0,1.0,768,atlas_relax_96,OK,0.012030825000010736,True,True,0.1246165434659261,0.1500911428695978,0.28452071049509653,1.0,1.0,0.1254559574942066,1.0,0.15044762588584476,0.1246165434659261,0.14026856700576756,,self-report; not geometry-derived layer count or success,0.1246165434659261,0.1246165434659261,0.1246165434659261,1.0,,,
development,s9140101_g0_n1.0_b0_r1.0,9140101,0,1.0,0,1.0,768,spatial_12,OK,0.03728382300005251,True,True,0.0592506499716689,0.07232353156414068,0.13194016102870448,1.0,1.0,0.05975456883295859,1.0,0.07248420008469357,0.0592506499716689,0.0566173251168071,,self-report; not geometry-derived layer count or success,0.0592506499716689,0.0592506499716689,0.0592506499716689,1.0,,,
development,s9140101_g0_n1.0_b0_r1.0,9140101,0,1.0,0,1.0,768,spatial_36,OK,0.10126465600001211,True,True,0.0592506499716689,0.07232353156414068,0.13194016102870448,1.0,1.0,0.05975456883295859,1.0,0.07248420008469357,0.0592506499716689,0.0566173251168071,,self-report; not geometry-derived layer count or success,0.0592506499716689,0.0592506499716689,0.0592506499716689,1.0,,,
development,s9140101_g0_n1.0_b0_r1.0,9140101,0,1.0,0,1.0,768,spatial_108,OK,0.29915552100010245,True,True,0.0592506499716689,0.07232353156414068,0.13194016102870448,1.0,1.0,0.05975456883295859,1.0,0.07248420008469357,0.0592506499716689,0.0566173251168071,,self-report; not geometry-derived layer count or success,0.0592506499716689,0.0592506499716689,0.0592506499716689,1.0,,,
development,s9140101_g0_n1.0_b0_r1.0,9140101,0,1.0,0,1.0,768,apss_0.5,OK,0.005540977999999086,True,True,0.7768218070060425,0.9848651805352052,2.0014656882268294,0.7421875,0.9830729166666666,0.7152629081174721,1.0,0.9848697111491788,0.7768218070060425,0.9838193400542996,,self-report; not geometry-derived layer count or success,0.7768218070060425,0.7768218070060425,0.7768218070060425,1.0,,,
development,s9140101_g0_n1.0_b0_r1.0,9140101,0,1.0,0,1.0,768,apss_1.0,OK,0.006385521999845878,True,True,0.6218772708672219,0.8129102678894068,1.5836729013260422,0.8125,0.9856770833333334,0.6070366006439626,1.0,0.8130702691607837,0.6218772708672219,0.811745308747891,,self-report; not geometry-derived layer count or success,0.6218772708672219,0.6218772708672219,0.6218772708672219,1.0,,,
development,s9140101_g0_n1.0_b0_r1.0,9140101,0,1.0,0,1.0,768,apss_2.0,OK,0.00924315299994305,True,True,0.32244132512476653,0.4172241768310359,0.8332535870215834,0.9765625,0.9986979166666666,0.32495750679311197,1.0,0.4181154466907365,0.32244132512476653,0.41542477243971543,,self-report; not geometry-derived layer count or success,0.32244132512476653,0.32244132512476653,0.32244132512476653,1.0,,,
development,s9140101_g0_n1.0_b0_r1.0,9140101,0,1.0,0,1.0,768,apss_4.0,OK,0.011406136999994487,True,True,0.18033090444442088,0.22888586732400545,0.4747883234869917,1.0,1.0,0.18262775295678532,1.0,0.2299092984355307,0.18033090444442088,0.223781968034635,,self-report; not geometry-derived layer count or success,0.18033090444442088,0.18033090444442088,0.18033090444442088,1.0,,,
development,s9140101_g0_n1.0_b0_r1.0,9140101,0,1.0,0,1.0,768,apss_8.0,OK,0.016463249000025826,True,True,0.11625370674952033,0.1516309612953478,0.31108314543119053,1.0,1.0,0.11729702931882136,1.0,0.15213112870355827,0.11625370674952033,0.13957189424107602,,self-report; not geometry-derived layer count or success,0.11625370674952033,0.11625370674952033,0.11625370674952033,1.0,,,
development,s9140101_g0_n1.0_b0_r1.0,9140101,0,1.0,0,1.0,768,rimls_0.5,OK,0.006641987000193694,True,True,0.7779834694854258,0.9859138981369505,2.0014656882268294,0.7408854166666666,0.9830729166666666,0.7168208121824867,1.0,0.986147385368783,0.777983444874805,0.984878898407364,,self-report; not geometry-derived layer count or success,0.7779834694854258,0.7779834694854258,0.7779834694854258,1.0,,,
development,s9140101_g0_n1.0_b0_r1.0,9140101,0,1.0,0,1.0,768,rimls_1.0,OK,0.007412401999999929,True,True,0.6439211322436261,0.8371219781750225,1.6690998125674603,0.796875,0.9869791666666666,0.6328914399355368,1.0,0.8478585537535009,0.6439128798617241,0.8360384285013787,,self-report; not geometry-derived layer count or success,0.6439211322436261,0.6439211322436261,0.6439211322436261,1.0,,,
development,s9140101_g0_n1.0_b0_r1.0,9140101,0,1.0,0,1.0,768,rimls_2.0,OK,0.011904085999958625,True,True,0.33189954396172383,0.43208848667093797,0.8479084275439772,0.9700520833333334,0.9986979166666666,0.3530470552892487,1.0,0.44729910443824505,0.33189954396172383,0.4301299831106088,,self-report; not geometry-derived layer count or success,0.33189954396172383,0.33189954396172383,0.33189954396172383,1.0,,,
development,s9140101_g0_n1.0_b0_r1.0,9140101,0,1.0,0,1.0,768,rimls_4.0,OK,0.02155520900009833,True,True,0.20995583416928842,0.2662533867534834,0.5420223240879987,1.0,1.0,0.21898780952609576,1.0,0.27128369662908036,0.20995583416928842,0.2608377294948948,,self-report; not geometry-derived layer count or success,0.20995583416928842,0.20995583416928842,0.20995583416928842,1.0,,,
development,s9140101_g0_n1.0_b0_r1.0,9140101,0,1.0,0,1.0,768,rimls_8.0,OK,0.05434337799988498,True,True,0.1482310797385078,0.18906710887190709,0.39295774675394796,1.0,1.0,0.15159053512795898,1.0,0.19045272321080983,0.1482310797385078,0.16996835319736864,,self-report; not geometry-derived layer count or success,0.1482310797385078,0.1482310797385078,0.1482310797385078,1.0,,,
development,s9140101_g0_n1.0_b0_r0.25,9140101,0,1.0,0,0.25,197,identity,OK,0.0005008350001389772,True,True,0.7610786481442309,0.9552020726303356,1.8861075224647434,0.7715736040609137,0.9796954314720813,0.743066731474299,1.0,0.9552020726303356,0.7610786481442309,0.9530207178480898,,self-report; not geometry-derived layer count or success,0.7610786481442309,0.7610786481442309,0.7610786481442309,0.0,,,
development,s9140101_g0_n1.0_b0_r0.25,9140101,0,1.0,0,0.25,197,bias_only,OK,0.00038093500006652903,True,True,0.745400159199376,0.9436002634112262,1.835210335414428,0.7563451776649747,0.9695431472081218,0.7242696120614043,1.0,0.9436003825497488,0.745400159199376,0.9413920257789179,,self-report; not geometry-derived layer count or success,0.745400159199376,0.745400159199376,0.745400159199376,1.0,,,
development,s9140101_g0_n1.0_b0_r0.25,9140101,0,1.0,0,0.25,197,old_original,APPLY,0.000718723000090904,True,True,0.06708197881632594,0.08007740545077348,0.13665717727613216,1.0,1.0,0.06724269146050749,1.0,0.08012791519961086,0.06708197881632594,0.047432899491040036,,self-report; not geometry-derived layer count or success,0.06708197881632594,0.06708197881632594,0.06708197881632594,1.0,,,
development,s9140101_g0_n1.0_b0_r0.25,9140101,0,1.0,0,0.25,197,atlas_tied_256,OK,0.000781271000050765,True,True,0.06707008033177334,0.080062046822263,0.13663088876881915,1.0,1.0,0.0671422670431,1.0,0.08008162220527912,0.06707008033177334,0.04740696606797118,,self-report; not geometry-derived layer count or success,0.06707008033177334,0.06707008033177334,0.06707008033177334,1.0,,,
development,s9140101_g0_n1.0_b0_r0.25,9140101,0,1.0,0,0.25,197,atlas_relax_96,OK,0.004053829999975278,True,True,0.1299388419972328,0.15267810549953512,0.2745295142414937,1.0,1.0,0.13011799033073168,1.0,0.15275765155822973,0.1299388419972328,0.134753710936491,,self-report; not geometry-derived layer count or success,0.1299388419972328,0.1299388419972328,0.1299388419972328,1.0,,,
development,s9140101_g0_n1.0_b0_r0.25,9140101,0,1.0,0,0.25,197,spatial_12,OK,0.021631153999805974,True,True,0.06708197881632595,0.08007740545077348,0.13665717727613216,1.0,1.0,0.0672426914605075,1.0,0.08012791519961086,0.06708197881632595,0.04743289949104003,,self-report; not geometry-derived layer count or success,0.06708197881632595,0.06708197881632595,0.06708197881632595,1.0,,,
development,s9140101_g0_n1.0_b0_r0.25,9140101,0,1.0,0,0.25,197,spatial_36,OK,0.05706366899994464,True,True,0.06708197881632595,0.08007740545077348,0.13665717727613216,1.0,1.0,0.0672426914605075,1.0,0.08012791519961086,0.06708197881632595,0.04743289949104003,,self-report; not geometry-derived layer count or success,0.06708197881632595,0.06708197881632595,0.06708197881632595,1.0,,,
development,s9140101_g0_n1.0_b0_r0.25,9140101,0,1.0,0,0.25,197,spatial_108,OK,0.16483482499984348,True,True,0.06708197881632595,0.08007740545077348,0.13665717727613216,1.0,1.0,0.0672426914605075,1.0,0.08012791519961086,0.06708197881632595,0.04743289949104003,,self-report; not geometry-derived layer count or success,0.06708197881632595,0.06708197881632595,0.06708197881632595,1.0,,,
development,s9140101_g0_n1.0_b0_r0.25,9140101,0,1.0,0,0.25,197,apss_0.5,OK,0.0022302499999113934,True,True,0.7028227835245209,0.8946194619817982,1.824535880362442,0.7918781725888325,0.9695431472081218,0.7028501326104408,1.0,0.8946327100760422,0.7028227835245209,0.8923472797316059,,self-report; not geometry-derived layer count or success,0.7028227835245209,0.7028227835245209,0.7028227835245209,1.0,,,
development,s9140101_g0_n1.0_b0_r0.25,9140101,0,1.0,0,0.25,197,apss_1.0,OK,0.0022634819999893807,True,True,0.5528143968434621,0.7296689250979264,1.5478647539498178,0.868020304568528,0.9847715736040609,0.5530895465752941,1.0,0.7297152656803274,0.5528143968434621,0.7274020451529651,,self-report; not geometry-derived layer count or success,0.5528143968434621,0.5528143968434621,0.5528143968434621,1.0,,,
development,s9140101_g0_n1.0_b0_r0.25,9140101,0,1.0,0,0.25,197,apss_2.0,OK,0.003022559999863006,True,True,0.31005488488440325,0.37972656039554104,0.6721402256888476,0.9949238578680203,1.0,0.3105289801305826,1.0,0.37993860695485837,0.31005488488440325,0.3770172164531473,,self-report; not geometry-derived layer count or success,0.31005488488440325,0.31005488488440325,0.31005488488440325,1.0,,,
development,s9140101_g0_n1.0_b0_r0.25,9140101,0,1.0,0,0.25,197,apss_4.0,OK,0.00370565399998668,True,True,0.17377085493763403,0.22633322678654974,0.45830023728820113,1.0,1.0,0.17446187645058614,1.0,0.2265792439281585,0.17377085493763403,0.21921862200080947,,self-report; not geometry-derived layer count or success,0.17377085493763403,0.17377085493763403,0.17377085493763403,1.0,,,
development,s9140101_g0_n1.0_b0_r0.25,9140101,0,1.0,0,0.25,197,apss_8.0,OK,0.005211939999981041,True,True,0.1284426360130714,0.15898102817260074,0.26289983367230235,1.0,1.0,0.12878414088297055,1.0,0.15911654023081445,0.1284426360130714,0.14933816456636237,,self-report; not geometry-derived layer count or success,0.1284426360130714,0.1284426360130714,0.1284426360130714,1.0,,,
development,s9140101_g0_n1.0_b0_r0.25,9140101,0,1.0,0,0.25,197,rimls_0.5,OK,0.0021297250000316126,True,True,0.7061734445547185,0.8963788470312023,1.824676975288655,0.7918781725888325,0.9695431472081218,0.70901453571025,1.0,0.8977754500250038,0.7061734445547185,0.8940497429755783,,self-report; not geometry-derived layer count or success,0.7061734445547185,0.7061734445547185,0.7061734445547185,1.0,,,
development,s9140101_g0_n1.0_b0_r0.25,9140101,0,1.0,0,0.25,197,rimls_1.0,OK,0.0025113750000400614,True,True,0.5573327323029612,0.7348944593898067,1.558835559940198,0.868020304568528,0.9847715736040609,0.5642743162716807,1.0,0.7377484194513144,0.5573327323029612,0.7325865370660566,,self-report; not geometry-derived layer count or success,0.5573327323029612,0.5573327323029612,0.5573327323029612,1.0,,,
development,s9140101_g0_n1.0_b0_r0.25,9140101,0,1.0,0,0.25,197,rimls_2.0,OK,0.0036085510000702925,True,True,0.3147916926792323,0.3846846073113699,0.6790396157755904,0.9949238578680203,1.0,0.31959987415977265,1.0,0.3883634274741193,0.3147916926792323,0.3818337306063762,,self-report; not geometry-derived layer count or success,0.3147916926792323,0.3147916926792323,0.3147916926792323,1.0,,,
development,s9140101_g0_n1.0_b0_r0.25,9140101,0,1.0,0,0.25,197,rimls_4.0,OK,0.0054936540000198875,True,True,0.1898835336381857,0.24603670290627863,0.5013022417566765,1.0,1.0,0.19235817419421913,1.0,0.24715135443624867,0.1898835336381857,0.23803407509966645,,self-report; not geometry-derived layer count or success,0.1898835336381857,0.1898835336381857,0.1898835336381857,1.0,,,
development,s9140101_g0_n1.0_b0_r0.25,9140101,0,1.0,0,0.25,197,rimls_8.0,OK,0.010374318000003768,True,True,0.16125042045232352,0.1964729961721808,0.3513633709422486,1.0,1.0,0.1618562036653598,1.0,0.1967206190728022,0.16125042045232352,0.17688749985347887,,self-report; not geometry-derived layer count or success,0.16125042045232352,0.16125042045232352,0.16125042045232352,1.0,,,
development,s9140101_g0_n1.0_b4_r1.0,9140101,0,1.0,4,1.0,768,identity,OK,0.0008368259998405847,True,True,3.3740337631321182,4.150104118530021,7.331900235555329,0.22916666666666666,0.5625,2.026850272357242,1.0,4.150104118530022,3.3740337631321182,4.149860120886646,,self-report; not geometry-derived layer count or success,3.3740337631321182,3.3740337631321182,3.3740337631321182,0.0,,,
development,s9140101_g0_n1.0_b4_r1.0,9140101,0,1.0,4,1.0,768,bias_only,OK,0.0007026949999726639,True,True,0.7865015838144567,0.9956017409576411,2.0283355778749415,0.7421875,0.9830729166666666,0.7158082018331003,1.0,0.9957921578065598,0.7865015838144567,0.9945841617899205,,self-report; not geometry-derived layer count or success,0.7865015838144567,0.7865015838144567,0.7865015838144567,1.0,,,
development,s9140101_g0_n1.0_b4_r1.0,9140101,0,1.0,4,1.0,768,old_original,APPLY,0.0011595339999530552,True,True,0.05837055864362186,0.07119366274144194,0.1302259604837583,1.0,1.0,0.06338084181857276,1.0,0.07396056335563773,0.05837055864362186,0.056299276672887144,,self-report; not geometry-derived layer count or success,0.05837055864362186,0.05837055864362186,0.05837055864362186,1.0,,,
development,s9140101_g0_n1.0_b4_r1.0,9140101,0,1.0,4,1.0,768,atlas_tied_256,OK,0.0017178250000142725,True,True,0.05921342511140587,0.07226896789961666,0.12750465743784903,1.0,1.0,0.06417473106172954,1.0,0.0748640011510808,0.05921342511140587,0.05041638532281335,,self-report; not geometry-derived layer count or success,0.05921342511140587,0.05921342511140587,0.05921342511140587,1.0,,,
development,s9140101_g0_n1.0_b4_r1.0,9140101,0,1.0,4,1.0,768,atlas_relax_96,OK,0.012216244999990522,True,True,0.10598961784542206,0.13896075666049268,0.274676579625348,1.0,1.0,0.1107507466499481,1.0,0.1407445395995302,0.10598961784542206,0.13375247147428337,,self-report; not geometry-derived layer count or success,0.10598961784542206,0.10598961784542206,0.10598961784542206,1.0,,,
development,s9140101_g0_n1.0_b4_r1.0,9140101,0,1.0,4,1.0,768,spatial_12,OK,0.038221211000063704,True,True,0.059258069214258885,0.07233212055389118,0.1319894481763275,1.0,1.0,0.06423648732709532,1.0,0.07505707047020464,0.059258069214258885,0.056628296365824435,,self-report; not geometry-derived layer count or success,0.059258069214258885,0.059258069214258885,0.059258069214258885,1.0,,,
development,s9140101_g0_n1.0_b4_r1.0,9140101,0,1.0,4,1.0,768,spatial_36,OK,0.10410267699990072,True,True,0.059258069214258885,0.07233212055389118,0.1319894481763275,1.0,1.0,0.06423648732709532,1.0,0.07505707047020464,0.059258069214258885,0.056628296365824435,,self-report; not geometry-derived layer count or success,0.059258069214258885,0.059258069214258885,0.059258069214258885,1.0,,,
development,s9140101_g0_n1.0_b4_r1.0,9140101,0,1.0,4,1.0,768,spatial_108,OK,0.30231189500000255,True,True,0.059258069214258885,0.07233212055389118,0.1319894481763275,1.0,1.0,0.06423648732709532,1.0,0.07505707047020464,0.059258069214258885,0.056628296365824435,,self-report; not geometry-derived layer count or success,0.059258069214258885,0.059258069214258885,0.059258069214258885,1.0,,,
development,s9140101_g0_n1.0_b4_r1.0,9140101,0,1.0,4,1.0,768,apss_0.5,OK,0.0056392010001218296,True,True,0.7769033433797962,0.9848726871369283,2.001288947746726,0.7421875,0.9830729166666666,0.7159857039548275,1.0,0.985067415698593,0.7769033433797962,0.983827193993672,,self-report; not geometry-derived layer count or success,0.7769033433797962,0.7769033433797962,0.7769033433797962,1.0,,,
development,s9140101_g0_n1.0_b4_r1.0,9140101,0,1.0,4,1.0,768,apss_1.0,OK,0.007104440999910366,True,True,0.6214614498792824,0.8123904636118756,1.579926931556262,0.8111979166666666,0.984375,0.6075220139650028,1.0,0.812779114580387,0.6214614498792824,0.8112086903301611,,self-report; not geometry-derived layer count or success,0.6214614498792824,0.6214614498792824,0.6214614498792824,1.0,,,
development,s9140101_g0_n1.0_b4_r1.0,9140101,0,1.0,4,1.0,768,apss_2.0,OK,0.011490050000020346,True,True,0.32254157197818495,0.4174009293289666,0.8318232479064204,0.9778645833333334,0.9986979166666666,0.3264393967122059,1.0,0.418761197888844,0.32254157197818495,0.41560335522889025,,self-report; not geometry-derived layer count or success,0.32254157197818495,0.32254157197818495,0.32254157197818495,1.0,,,
development,s9140101_g0_n1.0_b4_r1.0,9140101,0,1.0,4,1.0,768,apss_4.0,OK,0.013082597999982681,True,True,0.18062886083591764,0.229083033763193,0.47423303353035184,1.0,1.0,0.185082454826952,1.0,0.23095788457509384,0.18062886083591764,0.22395997930258954,,self-report; not geometry-derived layer count or success,0.18062886083591764,0.18062886083591764,0.18062886083591764,1.0,,,
development,s9140101_g0_n1.0_b4_r1.0,9140101,0,1.0,4,1.0,768,apss_8.0,OK,0.017023760000029142,True,True,0.11647849300093914,0.15184345479192754,0.3139110479949765,1.0,1.0,0.1208478990221206,1.0,0.1535849065981932,0.11647849300093914,0.13980535194058805,,self-report; not geometry-derived layer count or success,0.11647849300093914,0.11647849300093914,0.11647849300093914,1.0,,,
development,s9140101_g0_n1.0_b4_r1.0,9140101,0,1.0,4,1.0,768,rimls_0.5,OK,0.00655478899989248,True,True,0.7780594413469979,0.9859276722086258,2.001288947746726,0.7408854166666666,0.9830729166666666,0.7174766392353841,1.0,0.9863435836783943,0.7780592962410177,0.9848940276841157,,self-report; not geometry-derived layer count or success,0.7780594413469979,0.7780594413469979,0.7780594413469979,1.0,,,
development,s9140101_g0_n1.0_b4_r1.0,9140101,0,1.0,4,1.0,768,rimls_1.0,OK,0.008071200000131284,True,True,0.6434571959239908,0.8367126440367255,1.6661568473314092,0.7981770833333334,0.9856770833333334,0.6331323886037757,1.0,0.8475350003118306,0.6434478632367556,0.8356205926546457,,self-report; not geometry-derived layer count or success,0.6434571959239908,0.6434571959239908,0.6434571959239908,1.0,,,
development,s9140101_g0_n1.0_b4_r1.0,9140101,0,1.0,4,1.0,768,rimls_2.0,OK,0.012023834000046918,True,True,0.3320674724825013,0.4322281022411018,0.8469098950640226,0.96875,0.9986979166666666,0.3543894286053786,1.0,0.44801961283847186,0.3320674724825013,0.4302646664074702,,self-report; not geometry-derived layer count or success,0.3320674724825013,0.3320674724825013,0.3320674724825013,1.0,,,
development,s9140101_g0_n1.0_b4_r1.0,9140101,0,1.0,4,1.0,768,rimls_4.0,OK,0.021690176999982214,True,True,0.2102598929683319,0.2663748750588765,0.5413942703681541,1.0,1.0,0.22105078479817938,1.0,0.2722039130169435,0.2102598929683319,0.2609021388671713,,self-report; not geometry-derived layer count or success,0.2102598929683319,0.2102598929683319,0.2102598929683319,1.0,,,
development,s9140101_g0_n1.0_b4_r1.0,9140101,0,1.0,4,1.0,768,rimls_8.0,OK,0.05417041100008646,True,True,0.14863256162518854,0.1894444268441951,0.392257798133166,1.0,1.0,0.1545579358937854,1.0,0.19186191582525122,0.14863256162518854,0.1702195090717631,,self-report; not geometry-derived layer count or success,0.14863256162518854,0.14863256162518854,0.14863256162518854,1.0,,,
development,s9140101_g0_n1.0_b4_r0.25,9140101,0,1.0,4,0.25,197,identity,OK,0.0005008309999539051,True,True,3.423675059075015,4.167217773889369,7.252497856274301,0.2131979695431472,0.45685279187817257,2.8438878169011454,1.0,4.167217773889369,3.423675059075015,4.162634977791499,,self-report; not geometry-derived layer count or success,3.423675059075015,3.423675059075015,3.423675059075015,0.0,,,
development,s9140101_g0_n1.0_b4_r0.25,9140101,0,1.0,4,0.25,197,bias_only,OK,0.0003949609999835957,True,True,0.7486796965576156,0.9614527232317719,1.9413068198758925,0.7411167512690355,0.9644670050761421,0.7224683080306473,1.0,0.9615291944945804,0.7486796965576156,0.941391163291623,,self-report; not geometry-derived layer count or success,0.7486796965576156,0.7486796965576156,0.7486796965576156,1.0,,,
development,s9140101_g0_n1.0_b4_r0.25,9140101,0,1.0,4,0.25,197,old_original,APPLY,0.00072438099982719,True,True,0.1953817204505962,0.20105760203639783,0.2675952542165731,1.0,1.0,0.1957927711768584,1.0,0.20144171560167423,0.1953817204505962,0.04743566854584857,,self-report; not geometry-derived layer count or success,0.1953817204505962,0.1953817204505962,0.1953817204505962,1.0,,,
development,s9140101_g0_n1.0_b4_r0.25,9140101,0,1.0,4,0.25,197,atlas_tied_256,OK,0.0007883910000145988,True,True,0.19538172045059637,0.20105148627858432,0.2675887180553436,1.0,1.0,0.19577959494549121,1.0,0.20142367826432062,0.19538172045059637,0.04740974001819458,,self-report; not geometry-derived layer count or success,0.19538172045059637,0.19538172045059637,0.19538172045059637,1.0,,,
development,s9140101_g0_n1.0_b4_r0.25,9140101,0,1.0,4,0.25,197,atlas_relax_96,OK,0.004016664999880959,True,True,0.18984148413423674,0.23140398776663096,0.43682086846536283,1.0,1.0,0.19081581830212252,1.0,0.2317756568199942,0.18984148413423674,0.13474880223813973,,self-report; not geometry-derived layer count or success,0.18984148413423674,0.18984148413423674,0.18984148413423674,1.0,,,
development,s9140101_g0_n1.0_b4_r0.25,9140101,0,1.0,4,0.25,197,spatial_12,OK,0.021202084999913495,True,True,0.19538172045059615,0.2010576020363978,0.26759525421657293,1.0,1.0,0.1957927711768583,1.0,0.20144171560167415,0.19538172045059615,0.04743566854584858,,self-report; not geometry-derived layer count or success,0.19538172045059615,0.19538172045059615,0.19538172045059615,1.0,,,
development,s9140101_g0_n1.0_b4_r0.25,9140101,0,1.0,4,0.25,197,spatial_36,OK,0.05770455300012145,True,True,0.19538172045059615,0.2010576020363978,0.26759525421657293,1.0,1.0,0.1957927711768583,1.0,0.20144171560167415,0.19538172045059615,0.04743566854584858,,self-report; not geometry-derived layer count or success,0.19538172045059615,0.19538172045059615,0.19538172045059615,1.0,,,
development,s9140101_g0_n1.0_b4_r0.25,9140101,0,1.0,4,0.25,197,spatial_108,OK,0.16968701899986627,True,True,0.19538172045059615,0.2010576020363978,0.26759525421657293,1.0,1.0,0.1957927711768583,1.0,0.20144171560167415,0.19538172045059615,0.04743566854584858,,self-report; not geometry-derived layer count or success,0.19538172045059615,0.19538172045059615,0.19538172045059615,1.0,,,
development,s9140101_g0_n1.0_b4_r0.25,9140101,0,1.0,4,0.25,197,apss_0.5,OK,0.002171647000068333,True,True,0.7059243278438122,0.9136923070768608,1.877724579382676,0.7461928934010152,0.9644670050761421,0.706163410202095,1.0,0.9137857883817583,0.7059243278438122,0.8923872306222552,,self-report; not geometry-derived layer count or success,0.7059243278438122,0.7059243278438122,0.7059243278438122,1.0,,,
development,s9140101_g0_n1.0_b4_r0.25,9140101,0,1.0,4,0.25,197,apss_1.0,OK,0.0022944740001094033,True,True,0.5768239962090197,0.7550836786161432,1.4276808706747581,0.8375634517766497,0.9847715736040609,0.5773732622319279,1.0,0.7552252602744359,0.5768239962090197,0.7274633745665683,,self-report; not geometry-derived layer count or success,0.5768239962090197,0.5768239962090197,0.5768239962090197,1.0,,,
development,s9140101_g0_n1.0_b4_r0.25,9140101,0,1.0,4,0.25,197,apss_2.0,OK,0.0029767309999897407,True,True,0.35744776844417925,0.4338924280573289,0.8538251586654136,0.9898477157360406,1.0,0.35851375688550224,1.0,0.43425484368361705,0.35744776844417925,0.3771239174749282,,self-report; not geometry-derived layer count or success,0.35744776844417925,0.35744776844417925,0.35744776844417925,1.0,,,
development,s9140101_g0_n1.0_b4_r0.25,9140101,0,1.0,4,0.25,197,apss_4.0,OK,0.0036332889999357576,True,True,0.23743054108105863,0.29916383746561154,0.635902195759545,1.0,1.0,0.2386909221193144,1.0,0.29961251732199007,0.23743054108105863,0.2192239071238188,,self-report; not geometry-derived layer count or success,0.23743054108105863,0.23743054108105863,0.23743054108105863,1.0,,,
development,s9140101_g0_n1.0_b4_r0.25,9140101,0,1.0,4,0.25,197,apss_8.0,OK,0.005251566999959323,True,True,0.20517185473276278,0.2534649474811314,0.5163451105690096,1.0,1.0,0.2061960976078968,1.0,0.2538541124307255,0.20517185473276278,0.14890485989599717,,self-report; not geometry-derived layer count or success,0.20517185473276278,0.20517185473276278,0.20517185473276278,1.0,,,
development,s9140101_g0_n1.0_b4_r0.25,9140101,0,1.0,4,0.25,197,rimls_0.5,OK,0.0021651570000358333,True,True,0.7087234718910517,0.9151614031518386,1.877724579382676,0.7461928934010152,0.9644670050761421,0.7120740685781496,1.0,0.9166454927543791,0.7087234718910517,0.8940827011420535,,self-report; not geometry-derived layer count or success,0.7087234718910517,0.7087234718910517,0.7087234718910517,1.0,,,
development,s9140101_g0_n1.0_b4_r0.25,9140101,0,1.0,4,0.25,197,rimls_1.0,OK,0.002454892000059772,True,True,0.5801146139104152,0.7598373929724576,1.475611829731705,0.8375634517766497,0.9847715736040609,0.5865150434046162,1.0,0.7626603088125969,0.5801146139104152,0.7325999536720171,,self-report; not geometry-derived layer count or success,0.5801146139104152,0.5801146139104152,0.5801146139104152,1.0,,,
development,s9140101_g0_n1.0_b4_r0.25,9140101,0,1.0,4,0.25,197,rimls_2.0,OK,0.003560832999937702,True,True,0.3605495066113727,0.43720147522384734,0.8408955893283232,0.9847715736040609,1.0,0.3658313716718973,1.0,0.44063439262520243,0.3605495066113727,0.3817887685302543,,self-report; not geometry-derived layer count or success,0.3605495066113727,0.3605495066113727,0.3605495066113727,1.0,,,
development,s9140101_g0_n1.0_b4_r0.25,9140101,0,1.0,4,0.25,197,rimls_4.0,OK,0.005557163000048604,True,True,0.24763254790692069,0.308760659899858,0.6256969935713486,1.0,1.0,0.2513215472880367,1.0,0.3099486824659142,0.24763254790692069,0.23750176466432057,,self-report; not geometry-derived layer count or success,0.24763254790692069,0.24763254790692069,0.24763254790692069,1.0,,,
development,s9140101_g0_n1.0_b4_r0.25,9140101,0,1.0,4,0.25,197,rimls_8.0,OK,0.010712355999885403,True,True,0.1958545043461922,0.24703761250842152,0.48572240746498185,1.0,1.0,0.1976365177813045,1.0,0.24754757276206238,0.1958545043461922,0.17570725078554866,,self-report; not geometry-derived layer count or success,0.1958545043461922,0.1958545043461922,0.1958545043461922,1.0,,,
development,s9140101_g0_n2.0_b0_r1.0,9140101,0,2.0,0,1.0,768,identity,OK,0.0008271410001725599,True,True,1.589333418122086,2.0009098160406387,4.013437828358441,0.40625,0.8125,1.2670160558569932,1.0,2.0009098160406382,1.589333418122086,1.99888454020478,,self-report; not geometry-derived layer count or success,1.589333418122086,1.589333418122086,1.589333418122086,0.0,,,
development,s9140101_g0_n2.0_b0_r1.0,9140101,0,2.0,0,1.0,768,bias_only,OK,0.0007031679999727203,True,True,1.5727179444889885,1.9911974162612516,4.053552998201222,0.4205729166666667,0.8177083333333334,1.2492692276783035,1.0,1.991198567305642,1.5727179444889885,1.9891622517198984,,self-report; not geometry-derived layer count or success,1.5727179444889885,1.5727179444889885,1.5727179444889885,1.0,,,
development,s9140101_g0_n2.0_b0_r1.0,9140101,0,2.0,0,1.0,768,old_original,APPLY,0.0011684649998642271,True,True,0.11730429784567524,0.1430155955770053,0.2617543723744338,1.0,1.0,0.12111325378075845,1.0,0.14464615238471412,0.11730429784567524,0.11348614515467259,,self-report; not geometry-derived layer count or success,0.11730429784567524,0.11730429784567524,0.11730429784567524,1.0,,,
development,s9140101_g0_n2.0_b0_r1.0,9140101,0,2.0,0,1.0,768,atlas_tied_256,OK,0.0018404529998861108,True,True,0.12093546567502093,0.14725239690835945,0.26031833527316717,1.0,1.0,0.12159026018688052,1.0,0.14742224843542281,0.12093546567502093,0.10446228079337477,,self-report; not geometry-derived layer count or success,0.12093546567502093,0.12093546567502093,0.12093546567502093,1.0,,,
development,s9140101_g0_n2.0_b0_r1.0,9140101,0,2.0,0,1.0,768,atlas_relax_96,OK,0.01223535099984474,True,True,0.25148529510209533,0.31591447718627813,0.6419486460483395,1.0,1.0,0.25803919329272457,1.0,0.3193970361883117,0.25148529510209533,0.3019637977168142,,self-report; not geometry-derived layer count or success,0.25148529510209533,0.25148529510209533,0.25148529510209533,1.0,,,
development,s9140101_g0_n2.0_b0_r1.0,9140101,0,2.0,0,1.0,768,spatial_12,OK,0.03774091100012811,True,True,0.11917528053363856,0.1454229705269507,0.26550664640588273,1.0,1.0,0.12299310555116748,1.0,0.14702683874742312,0.11917528053363856,0.11422413711109536,,self-report; not geometry-derived layer count or success,0.11917528053363856,0.11917528053363856,0.11917528053363856,1.0,,,
development,s9140101_g0_n2.0_b0_r1.0,9140101,0,2.0,0,1.0,768,spatial_36,OK,0.10294435699984206,True,True,0.11917528053363856,0.1454229705269507,0.26550664640588273,1.0,1.0,0.12299310555116748,1.0,0.14702683874742312,0.11917528053363856,0.11422413711109536,,self-report; not geometry-derived layer count or success,0.11917528053363856,0.11917528053363856,0.11917528053363856,1.0,,,
development,s9140101_g0_n2.0_b0_r1.0,9140101,0,2.0,0,1.0,768,spatial_108,OK,0.3066700409999612,True,True,0.11917528053363856,0.1454229705269507,0.26550664640588273,1.0,1.0,0.12299310555116748,1.0,0.14702683874742312,0.11917528053363856,0.11422413711109536,,self-report; not geometry-derived layer count or success,0.11917528053363856,0.11917528053363856,0.11917528053363856,1.0,,,
development,s9140101_g0_n2.0_b0_r1.0,9140101,0,2.0,0,1.0,768,apss_0.5,OK,0.005561419000059686,True,True,1.5694236460407736,1.9875814966496794,4.053552998201222,0.41796875,0.8125,1.2591996538299004,1.0,1.9875896539101783,1.5694236460407736,1.985541792137905,,self-report; not geometry-derived layer count or success,1.5694236460407736,1.5694236460407736,1.5694236460407736,1.0,,,
development,s9140101_g0_n2.0_b0_r1.0,9140101,0,2.0,0,1.0,768,apss_1.0,OK,0.0065700249999736116,True,True,1.4757879355491428,1.8942571650744244,3.9294588031008284,0.4453125,0.8151041666666666,1.242397127274163,1.0,1.8945428772889712,1.4757879355491428,1.8913711799232906,,self-report; not geometry-derived layer count or success,1.4757879355491428,1.4757879355491428,1.4757879355491428,1.0,,,
development,s9140101_g0_n2.0_b0_r1.0,9140101,0,2.0,0,1.0,768,apss_2.0,OK,0.010199413000009372,True,True,0.751671532497947,0.9828465242096746,1.8490672448029255,0.7252604166666666,0.9622395833333334,0.7542684641372573,1.0,0.9888156888014561,0.751671532497947,0.9798273831604295,,self-report; not geometry-derived layer count or success,0.751671532497947,0.751671532497947,0.751671532497947,1.0,,,
development,s9140101_g0_n2.0_b0_r1.0,9140101,0,2.0,0,1.0,768,apss_4.0,OK,0.013374168999916947,True,True,0.366104682365284,0.46410105005451113,0.9409883435251029,0.9596354166666666,1.0,0.3804653122672546,1.0,0.47203163202580983,0.366104682365284,0.4521058371460722,,self-report; not geometry-derived layer count or success,0.366104682365284,0.366104682365284,0.366104682365284,1.0,,,
development,s9140101_g0_n2.0_b0_r1.0,9140101,0,2.0,0,1.0,768,apss_8.0,OK,0.019934121999995114,True,True,0.23062865929995946,0.3003511358350743,0.6220346963425553,1.0,1.0,0.23738096536312425,1.0,0.30435477616654555,0.23062865929995946,0.27349566357942007,,self-report; not geometry-derived layer count or success,0.23062865929995946,0.23062865929995946,0.23062865929995946,1.0,,,
development,s9140101_g0_n2.0_b0_r1.0,9140101,0,2.0,0,1.0,768,rimls_0.5,OK,0.005706375999807278,True,True,1.5697766219474696,1.9878917345445462,4.053552998201222,0.41796875,0.8125,1.2596027162073318,1.0,1.98803778558146,1.5697766219474696,1.9858413805144468,,self-report; not geometry-derived layer count or success,1.5697766219474696,1.5697766219474696,1.5697766219474696,1.0,,,
development,s9140101_g0_n2.0_b0_r1.0,9140101,0,2.0,0,1.0,768,rimls_1.0,OK,0.007245381000075213,True,True,1.486585217867842,1.905048915011729,3.9304887613993573,0.4401041666666667,0.81640625,1.2580918624663744,1.0,1.9135078365946514,1.4859456765976402,1.9020826092954666,,self-report; not geometry-derived layer count or success,1.486585217867842,1.486585217867842,1.486585217867842,1.0,,,
development,s9140101_g0_n2.0_b0_r1.0,9140101,0,2.0,0,1.0,768,rimls_2.0,OK,0.012311316999785049,True,True,0.841226222443749,1.1652752372395307,2.189036003187485,0.6536458333333334,0.9505208333333334,0.8764069796504543,1.0,1.2902432893337392,0.8412214176584282,1.160395909661418,,self-report; not geometry-derived layer count or success,0.841226222443749,0.841226222443749,0.841226222443749,1.0,,,
development,s9140101_g0_n2.0_b0_r1.0,9140101,0,2.0,0,1.0,768,rimls_4.0,OK,0.022846995000008974,True,True,0.43456700680763244,0.5499141846425811,1.1080006714728454,0.9166666666666666,0.9986979166666666,0.48785163079521815,1.0,0.5905917055901474,0.43456700680763244,0.5376183131238136,,self-report; not geometry-derived layer count or success,0.43456700680763244,0.43456700680763244,0.43456700680763244,1.0,,,
development,s9140101_g0_n2.0_b0_r1.0,9140101,0,2.0,0,1.0,768,rimls_8.0,OK,0.05875721400002476,True,True,0.2962062659606709,0.38004360683304755,0.7835630101248243,0.9921875,1.0,0.3153361517908914,1.0,0.3903244934869607,0.2962062659606709,0.3404927460669918,,self-report; not geometry-derived layer count or success,0.2962062659606709,0.2962062659606709,0.2962062659606709,1.0,,,
development,s9140101_g0_n2.0_b0_r0.25,9140101,0,2.0,0,0.25,197,identity,OK,0.000504867000017839,True,True,1.5221572962884617,1.9104041452606713,3.772215044929487,0.41116751269035534,0.7817258883248731,1.4248212042451742,1.0,1.9104041452606713,1.5221572962884617,1.9060414356961797,,self-report; not geometry-derived layer count or success,1.5221572962884617,1.5221572962884617,1.5221572962884617,0.0,,,
development,s9140101_g0_n2.0_b0_r0.25,9140101,0,2.0,0,0.25,197,bias_only,OK,0.00037793199999214266,True,True,1.4907962913977302,1.8871959236203353,3.6701332857891997,0.45685279187817257,0.7766497461928934,1.384021551195082,1.0,1.887196890215805,1.4907962913977302,1.882779437557891,,self-report; not geometry-derived layer count or success,1.4907962913977302,1.4907962913977302,1.4907962913977302,1.0,,,
development,s9140101_g0_n2.0_b0_r0.25,9140101,0,2.0,0,0.25,197,old_original,APPLY,0.000727004999816927,True,True,0.13439608422312554,0.16049057794396854,0.274245995156865,1.0,1.0,0.13545235146528473,1.0,0.16089819422113116,0.13439608422312554,0.09543155647052595,,self-report; not geometry-derived layer count or success,0.13439608422312554,0.13439608422312554,0.13439608422312554,1.0,,,
development,s9140101_g0_n2.0_b0_r0.25,9140101,0,2.0,0,0.25,197,atlas_tied_256,OK,0.0007957289999467321,True,True,0.13429814254307448,0.16036338850089804,0.27388072381611295,1.0,1.0,0.13477296252154908,1.0,0.16052108326377584,0.13429814254307448,0.09521750224138469,,self-report; not geometry-derived layer count or success,0.13429814254307448,0.13429814254307448,0.13429814254307448,1.0,,,
development,s9140101_g0_n2.0_b0_r0.25,9140101,0,2.0,0,0.25,197,atlas_relax_96,OK,0.004214562000015576,True,True,0.2606329838413495,0.30647082614061516,0.5505660131274829,1.0,1.0,0.2618966113667744,1.0,0.30711508683862093,0.2606329838413495,0.2712796962167139,,self-report; not geometry-derived layer count or success,0.2606329838413495,0.2606329838413495,0.2606329838413495,1.0,,,
development,s9140101_g0_n2.0_b0_r0.25,9140101,0,2.0,0,0.25,197,spatial_12,OK,0.021690988999807814,True,True,0.13439608422312557,0.16049057794396854,0.274245995156865,1.0,1.0,0.13545235146528475,1.0,0.1608981942211312,0.13439608422312557,0.09543155647052594,,self-report; not geometry-derived layer count or success,0.13439608422312557,0.13439608422312557,0.13439608422312557,1.0,,,
development,s9140101_g0_n2.0_b0_r0.25,9140101,0,2.0,0,0.25,197,spatial_36,OK,0.058872256000086054,True,True,0.13439608422312557,0.16049057794396854,0.274245995156865,1.0,1.0,0.13545235146528475,1.0,0.1608981942211312,0.13439608422312557,0.09543155647052594,,self-report; not geometry-derived layer count or success,0.13439608422312557,0.13439608422312557,0.13439608422312557,1.0,,,
development,s9140101_g0_n2.0_b0_r0.25,9140101,0,2.0,0,0.25,197,spatial_108,OK,0.16859804199998507,True,True,0.13439608422312557,0.16049057794396854,0.274245995156865,1.0,1.0,0.13545235146528475,1.0,0.1608981942211312,0.13439608422312557,0.09543155647052594,,self-report; not geometry-derived layer count or success,0.13439608422312557,0.13439608422312557,0.13439608422312557,1.0,,,
development,s9140101_g0_n2.0_b0_r0.25,9140101,0,2.0,0,0.25,197,apss_0.5,OK,0.0022493139999824052,True,True,1.4792232058715895,1.8630634642153368,3.6542934532548346,0.4416243654822335,0.7766497461928934,1.403595157068909,1.0,1.8630927704216156,1.4792232058715895,1.859507457178688,,self-report; not geometry-derived layer count or success,1.4792232058715895,1.4792232058715895,1.4792232058715895,1.0,,,
development,s9140101_g0_n2.0_b0_r0.25,9140101,0,2.0,0,0.25,197,apss_1.0,OK,0.002327100000002247,True,True,1.1839895537491736,1.5567200793126483,3.2899396461702737,0.5126903553299492,0.8477157360406091,1.1790609377904793,1.0,1.5570029034865915,1.1839895537491736,1.5515899550429133,,self-report; not geometry-derived layer count or success,1.1839895537491736,1.1839895537491736,1.1839895537491736,1.0,,,
development,s9140101_g0_n2.0_b0_r0.25,9140101,0,2.0,0,0.25,197,apss_2.0,OK,0.003165543000022808,True,True,0.637069318899379,0.7826178709271275,1.406200258728991,0.7918781725888325,0.9898477157360406,0.6405104653140429,1.0,0.7842961287904576,0.637069318899379,0.7777657135045213,,self-report; not geometry-derived layer count or success,0.637069318899379,0.637069318899379,0.637069318899379,1.0,,,
development,s9140101_g0_n2.0_b0_r0.25,9140101,0,2.0,0,0.25,197,apss_4.0,OK,0.003789750000123604,True,True,0.34931475387514016,0.4556628107797926,0.9289467072206443,0.9796954314720813,1.0,0.35385728744519507,1.0,0.45760817887867566,0.34931475387514016,0.44169107364341764,,self-report; not geometry-derived layer count or success,0.34931475387514016,0.34931475387514016,0.34931475387514016,1.0,,,
development,s9140101_g0_n2.0_b0_r0.25,9140101,0,2.0,0,0.25,197,apss_8.0,OK,0.005407798999840452,True,True,0.256391361885602,0.31616115800979505,0.5255677370875179,0.9949238578680203,1.0,0.2587753363159404,1.0,0.31726031090204715,0.256391361885602,0.29619926188925033,,self-report; not geometry-derived layer count or success,0.256391361885602,0.256391361885602,0.256391361885602,1.0,,,
development,s9140101_g0_n2.0_b0_r0.25,9140101,0,2.0,0,0.25,197,rimls_0.5,OK,0.0020647169999392645,True,True,1.4697084091117314,1.858808111970157,3.6542934532548346,0.4517766497461929,0.7817258883248731,1.3925780992546306,1.0,1.8607020867645354,1.4697084091117314,1.8544789661714762,,self-report; not geometry-derived layer count or success,1.4697084091117314,1.4697084091117314,1.4697084091117314,1.0,,,
development,s9140101_g0_n2.0_b0_r0.25,9140101,0,2.0,0,0.25,197,rimls_1.0,OK,0.0024445480000849784,True,True,1.202672996025001,1.5791079275733695,3.290214346267714,0.5025380710659898,0.8375634517766497,1.2186493297266894,1.0,1.5890870572122124,1.202672996025001,1.5735229200422782,,self-report; not geometry-derived layer count or success,1.202672996025001,1.202672996025001,1.202672996025001,1.0,,,
development,s9140101_g0_n2.0_b0_r0.25,9140101,0,2.0,0,0.25,197,rimls_2.0,OK,0.0036202190001404233,True,True,0.6546835697658401,0.8039713005267887,1.415554889339375,0.7614213197969543,0.9796954314720813,0.6870272423337312,1.0,0.8387058127173745,0.6546835697658401,0.7986700590360427,,self-report; not geometry-derived layer count or success,0.6546835697658401,0.6546835697658401,0.6546835697658401,1.0,,,
development,s9140101_g0_n2.0_b0_r0.25,9140101,0,2.0,0,0.25,197,rimls_4.0,OK,0.005564380000123492,True,True,0.3829037240055445,0.49580287199045453,1.0127689915847249,0.9441624365482234,1.0,0.398748637285365,1.0,0.5048890553469311,0.3829037240055445,0.4792060016997849,,self-report; not geometry-derived layer count or success,0.3829037240055445,0.3829037240055445,0.3829037240055445,1.0,,,
development,s9140101_g0_n2.0_b0_r0.25,9140101,0,2.0,0,0.25,197,rimls_8.0,OK,0.010511444000030679,True,True,0.3206033758753089,0.3908601400788181,0.6946373362359587,0.9949238578680203,1.0,0.3245848873548675,1.0,0.3928302069009056,0.3206033758753089,0.34740332390850337,,self-report; not geometry-derived layer count or success,0.3206033758753089,0.3206033758753089,0.3206033758753089,1.0,,,
development,s9140101_g0_n2.0_b4_r1.0,9140101,0,2.0,4,1.0,768,identity,OK,0.0008408749999944121,True,True,3.6939278028709026,4.5220071246343245,8.28563365259624,0.19140625,0.4921875,2.193926246433381,1.0,4.522007124634325,3.6939278028709026,4.521111339967805,,self-report; not geometry-derived layer count or success,3.6939278028709026,3.6939278028709026,3.6939278028709026,0.0,,,
development,s9140101_g0_n2.0_b4_r1.0,9140101,0,2.0,4,1.0,768,bias_only,OK,0.000698824000210152,True,True,1.5732084372758361,1.9912273149201505,4.054038074346059,0.4192708333333333,0.8203125,1.2516017917580582,1.0,1.9917144043765989,1.5732084372758361,1.989192180968446,,self-report; not geometry-derived layer count or success,1.5732084372758361,1.5732084372758361,1.5732084372758361,1.0,,,
development,s9140101_g0_n2.0_b4_r1.0,9140101,0,2.0,4,1.0,768,old_original,APPLY,0.0011657210000066698,True,True,0.11744599926758152,0.14320201858362624,0.26248036993333973,1.0,1.0,0.13120248848273683,1.0,0.15134549167762734,0.11744599926758152,0.11361831368611117,,self-report; not geometry-derived layer count or success,0.11744599926758152,0.11744599926758152,0.11744599926758152,1.0,,,
development,s9140101_g0_n2.0_b4_r1.0,9140101,0,2.0,4,1.0,768,atlas_tied_256,OK,0.0017160470001726935,True,True,0.12081874108060336,0.14716576206672347,0.25910792978274,1.0,1.0,0.13286891001481788,1.0,0.1537577455305591,0.12081874108060336,0.10431483070828938,,self-report; not geometry-derived layer count or success,0.12081874108060336,0.12081874108060336,0.12081874108060336,1.0,,,
development,s9140101_g0_n2.0_b4_r1.0,9140101,0,2.0,4,1.0,768,atlas_relax_96,OK,0.012065835999919727,True,True,0.25834307123808187,0.31989557263523194,0.6449690863762265,1.0,1.0,0.27077673046404244,1.0,0.32629361855633665,0.25834307123808187,0.3080446199909795,,self-report; not geometry-derived layer count or success,0.25834307123808187,0.25834307123808187,0.25834307123808187,1.0,,,
development,s9140101_g0_n2.0_b4_r1.0,9140101,0,2.0,4,1.0,768,spatial_12,OK,0.03743049900003825,True,True,0.11917915815459483,0.1454356496502892,0.2655029656772771,1.0,1.0,0.1328648263850093,1.0,0.1534606747787769,0.11917915815459483,0.11424027893476783,,self-report; not geometry-derived layer count or success,0.11917915815459483,0.11917915815459483,0.11917915815459483,1.0,,,
development,s9140101_g0_n2.0_b4_r1.0,9140101,0,2.0,4,1.0,768,spatial_36,OK,0.1046577409999827,True,True,0.11917915815459483,0.1454356496502892,0.2655029656772771,1.0,1.0,0.1328648263850093,1.0,0.1534606747787769,0.11917915815459483,0.11424027893476783,,self-report; not geometry-derived layer count or success,0.11917915815459483,0.11917915815459483,0.11917915815459483,1.0,,,
development,s9140101_g0_n2.0_b4_r1.0,9140101,0,2.0,4,1.0,768,spatial_108,OK,0.30715186599991284,True,True,0.11917915815459483,0.1454356496502892,0.2655029656772771,1.0,1.0,0.1328648263850093,1.0,0.1534606747787769,0.11917915815459483,0.11424027893476783,,self-report; not geometry-derived layer count or success,0.11917915815459483,0.11917915815459483,0.11917915815459483,1.0,,,
development,s9140101_g0_n2.0_b4_r1.0,9140101,0,2.0,4,1.0,768,apss_0.5,OK,0.005480911999939053,True,True,1.5700201050371116,1.9876461002474504,4.054038074346059,0.4153645833333333,0.8177083333333334,1.2614849926280784,1.0,1.9881401208186604,1.5700201050371116,1.9856038659272661,,self-report; not geometry-derived layer count or success,1.5700201050371116,1.5700201050371116,1.5700201050371116,1.0,,,
development,s9140101_g0_n2.0_b4_r1.0,9140101,0,2.0,4,1.0,768,apss_1.0,OK,0.0063099500000589615,True,True,1.4757122962850573,1.8941024535641409,3.937507248314384,0.4401041666666667,0.8177083333333334,1.2448754872686167,1.0,1.8948880446119967,1.4757122962850573,1.891222605558906,,self-report; not geometry-derived layer count or success,1.4757122962850573,1.4757122962850573,1.4757122962850573,1.0,,,
development,s9140101_g0_n2.0_b4_r1.0,9140101,0,2.0,4,1.0,768,apss_2.0,OK,0.009978362000083507,True,True,0.7526174687882042,0.983939267125429,1.8322166639444175,0.7265625,0.9596354166666666,0.7571677592916615,1.0,0.9908591529945909,0.7526174687882042,0.9808365842952671,,self-report; not geometry-derived layer count or success,0.7526174687882042,0.7526174687882042,0.7526174687882042,1.0,,,
development,s9140101_g0_n2.0_b4_r1.0,9140101,0,2.0,4,1.0,768,apss_4.0,OK,0.01212950100011767,True,True,0.36641905086671916,0.464577340329934,0.933892495525616,0.9596354166666666,1.0,0.38546425126200456,1.0,0.4746883854765376,0.36641905086671916,0.45234562746847234,,self-report; not geometry-derived layer count or success,0.36641905086671916,0.36641905086671916,0.36641905086671916,1.0,,,
development,s9140101_g0_n2.0_b4_r1.0,9140101,0,2.0,4,1.0,768,apss_8.0,OK,0.017136831000016173,True,True,0.2314784434352576,0.3012864515331372,0.6178643775206837,1.0,1.0,0.24600563562279051,1.0,0.30842396358648577,0.2314784434352576,0.2740004542220886,,self-report; not geometry-derived layer count or success,0.2314784434352576,0.2314784434352576,0.2314784434352576,1.0,,,
development,s9140101_g0_n2.0_b4_r1.0,9140101,0,2.0,4,1.0,768,rimls_0.5,OK,0.00651782800014189,True,True,1.57038693111319,1.987965706887326,4.054038074346059,0.4166666666666667,0.8177083333333334,1.2618679342940091,1.0,1.9885931449961838,1.57038693111319,1.98591220857154,,self-report; not geometry-derived layer count or success,1.57038693111319,1.57038693111319,1.57038693111319,1.0,,,
development,s9140101_g0_n2.0_b4_r1.0,9140101,0,2.0,4,1.0,768,rimls_1.0,OK,0.007353930999897784,True,True,1.486682893559963,1.9048635964226825,3.9384122620840727,0.4401041666666667,0.81640625,1.2603358614016937,1.0,1.9136793493617732,1.4860129682084622,1.901863240303242,,self-report; not geometry-derived layer count or success,1.486682893559963,1.486682893559963,1.486682893559963,1.0,,,
development,s9140101_g0_n2.0_b4_r1.0,9140101,0,2.0,4,1.0,768,rimls_2.0,OK,0.012319288000071538,True,True,0.8413245972997601,1.1638613482091267,2.170546318464541,0.6497395833333334,0.9505208333333334,0.8792095419323805,1.0,1.2905919393247864,0.8413182387719397,1.1589916821853798,,self-report; not geometry-derived layer count or success,0.8413245972997601,0.8413245972997601,0.8413245972997601,1.0,,,
development,s9140101_g0_n2.0_b4_r1.0,9140101,0,2.0,4,1.0,768,rimls_4.0,OK,0.023210335999920062,True,True,0.4344648262161766,0.5503797941084582,1.1097544921451932,0.9114583333333334,0.9986979166666666,0.4913252233545258,1.0,0.5931071969850755,0.4344648262161766,0.537897566249688,,self-report; not geometry-derived layer count or success,0.4344648262161766,0.4344648262161766,0.4344648262161766,1.0,,,
development,s9140101_g0_n2.0_b4_r1.0,9140101,0,2.0,4,1.0,768,rimls_8.0,OK,0.058335288000080254,True,True,0.2972951742616203,0.3811784054610293,0.7918267578143137,0.9921875,1.0,0.32181984553738663,1.0,0.39405385385099195,0.2972951742616203,0.3410564635734509,,self-report; not geometry-derived layer count or success,0.2972951742616203,0.2972951742616203,0.2972951742616203,1.0,,,
development,s9140101_g0_n2.0_b4_r0.25,9140101,0,2.0,4,0.25,197,identity,OK,0.0005279630001950864,True,True,3.7262165180445486,4.53698512288313,8.005285994932224,0.16243654822335024,0.39086294416243655,2.9990495822198278,1.0,4.53698512288313,3.7262165180445486,4.5350974154215695,,self-report; not geometry-derived layer count or success,3.7262165180445486,3.7262165180445486,3.7262165180445486,0.0,,,
development,s9140101_g0_n2.0_b4_r0.25,9140101,0,2.0,4,0.25,197,bias_only,OK,0.0003820599999926344,True,True,1.4807863190969417,1.8873199579974516,3.68930954938064,0.467005076142132,0.7563451776649747,1.3716649886949506,1.0,1.8874838694100882,1.4807863190969417,1.8827775189745724,,self-report; not geometry-derived layer count or success,1.4807863190969417,1.4807863190969417,1.4807863190969417,1.0,,,
development,s9140101_g0_n2.0_b4_r0.25,9140101,0,2.0,4,0.25,197,old_original,APPLY,0.0007585480000216194,True,True,0.13410421628869768,0.16196393472347698,0.27616279494143336,1.0,1.0,0.13890679870302292,1.0,0.1642431770407937,0.13410421628869768,0.09542996516637145,,self-report; not geometry-derived layer count or success,0.13410421628869768,0.13410421628869768,0.13410421628869768,1.0,,,
development,s9140101_g0_n2.0_b4_r0.25,9140101,0,2.0,4,0.25,197,atlas_tied_256,OK,0.0007977340001161792,True,True,0.13401692732078554,0.161837913965673,0.2758548115982614,1.0,1.0,0.13832858740953335,1.0,0.163877512885792,0.13401692732078554,0.09521592564957168,,self-report; not geometry-derived layer count or success,0.13401692732078554,0.13401692732078554,0.13401692732078554,1.0,,,
development,s9140101_g0_n2.0_b4_r0.25,9140101,0,2.0,4,0.25,197,atlas_relax_96,OK,0.004065298999876177,True,True,0.22544469441526302,0.2955647172891026,0.6190531124096025,0.9949238578680203,1.0,0.22957713152117662,1.0,0.2972830527239256,0.22544469441526302,0.2712846800029732,,self-report; not geometry-derived layer count or success,0.22544469441526302,0.22544469441526302,0.22544469441526302,1.0,,,
development,s9140101_g0_n2.0_b4_r0.25,9140101,0,2.0,4,0.25,197,spatial_12,OK,0.021368574000007357,True,True,0.13410421628869768,0.161963934723477,0.27616279494143325,1.0,1.0,0.13890679870302292,1.0,0.16424317704079372,0.13410421628869768,0.09542996516637145,,self-report; not geometry-derived layer count or success,0.13410421628869768,0.13410421628869768,0.13410421628869768,1.0,,,
development,s9140101_g0_n2.0_b4_r0.25,9140101,0,2.0,4,0.25,197,spatial_36,OK,0.07216795600015757,True,True,0.13410421628869768,0.161963934723477,0.27616279494143325,1.0,1.0,0.13890679870302292,1.0,0.16424317704079372,0.13410421628869768,0.09542996516637145,,self-report; not geometry-derived layer count or success,0.13410421628869768,0.13410421628869768,0.13410421628869768,1.0,,,
development,s9140101_g0_n2.0_b4_r0.25,9140101,0,2.0,4,0.25,197,spatial_108,OK,0.17138970799987874,True,True,0.13410421628869768,0.161963934723477,0.27616279494143325,1.0,1.0,0.13890679870302292,1.0,0.16424317704079372,0.13410421628869768,0.09542996516637145,,self-report; not geometry-derived layer count or success,0.13410421628869768,0.13410421628869768,0.13410421628869768,1.0,,,
development,s9140101_g0_n2.0_b4_r0.25,9140101,0,2.0,4,0.25,197,apss_0.5,OK,0.0022109349999936967,True,True,1.4650637733955387,1.865296013791427,3.6501569024110365,0.4467005076142132,0.7563451776649747,1.3901400561528467,1.0,1.865494394899695,1.4650637733955387,1.8596501158290248,,self-report; not geometry-derived layer count or success,1.4650637733955387,1.4650637733955387,1.4650637733955387,1.0,,,
development,s9140101_g0_n2.0_b4_r0.25,9140101,0,2.0,4,0.25,197,apss_1.0,OK,0.0023745650000819296,True,True,1.1777775709612512,1.5573603577193647,3.200300699844385,0.5177664974619289,0.8324873096446701,1.1740787462138316,1.0,1.5578507625882114,1.1777775709612512,1.5516434261355692,,self-report; not geometry-derived layer count or success,1.1777775709612512,1.1777775709612512,1.1777775709612512,1.0,,,
development,s9140101_g0_n2.0_b4_r0.25,9140101,0,2.0,4,0.25,197,apss_2.0,OK,0.003162331999874368,True,True,0.6524084097730418,0.7972900942965779,1.5283870088308475,0.7918781725888325,0.9898477157360406,0.6575487566164674,1.0,0.7993877498302522,0.6524084097730418,0.7783589294785178,,self-report; not geometry-derived layer count or success,0.6524084097730418,0.6524084097730418,0.6524084097730418,1.0,,,
development,s9140101_g0_n2.0_b4_r0.25,9140101,0,2.0,4,0.25,197,apss_4.0,OK,0.0038172050001321622,True,True,0.35801611648130705,0.4664571284994514,1.0149201752261165,0.949238578680203,1.0,0.36426946529361837,1.0,0.4691509756017299,0.35801611648130705,0.4424724616669506,,self-report; not geometry-derived layer count or success,0.35801611648130705,0.35801611648130705,0.35801611648130705,1.0,,,
development,s9140101_g0_n2.0_b4_r0.25,9140101,0,2.0,4,0.25,197,apss_8.0,OK,0.005318783999882726,True,True,0.24520986455530944,0.33322829635675344,0.7773596407229176,0.9847715736040609,1.0,0.24994244933430082,1.0,0.33530500375977557,0.24520986455530944,0.2980320308139716,,self-report; not geometry-derived layer count or success,0.24520986455530944,0.24520986455530944,0.24520986455530944,1.0,,,
development,s9140101_g0_n2.0_b4_r0.25,9140101,0,2.0,4,0.25,197,rimls_0.5,OK,0.0020966179999959422,True,True,1.4564074789815709,1.8592576191551269,3.6501569024110365,0.467005076142132,0.7715736040609137,1.3787750953058184,1.0,1.861366179191329,1.4564074789815709,1.8544934722536488,,self-report; not geometry-derived layer count or success,1.4564074789815709,1.4564074789815709,1.4564074789815709,1.0,,,
development,s9140101_g0_n2.0_b4_r0.25,9140101,0,2.0,4,0.25,197,rimls_1.0,OK,0.0024598859999969136,True,True,1.196739610526989,1.5786224296882803,3.2521675621296993,0.5126903553299492,0.8223350253807107,1.2132833608352054,1.0,1.588829995182994,1.196739610526989,1.5734884060313001,,self-report; not geometry-derived layer count or success,1.196739610526989,1.196739610526989,1.196739610526989,1.0,,,
development,s9140101_g0_n2.0_b4_r0.25,9140101,0,2.0,4,0.25,197,rimls_2.0,OK,0.003835185000070851,True,True,0.668003445180751,0.8163920155950509,1.5162113389174072,0.766497461928934,0.9796954314720813,0.7055467132824742,1.0,0.851391413424449,0.668003445180751,0.7990744832256202,,self-report; not geometry-derived layer count or success,0.668003445180751,0.668003445180751,0.668003445180751,1.0,,,
development,s9140101_g0_n2.0_b4_r0.25,9140101,0,2.0,4,0.25,197,rimls_4.0,OK,0.0057401820001814485,True,True,0.38994600914473754,0.4974193771079723,0.9871888045646028,0.949238578680203,1.0,0.410426637979307,1.0,0.5074675770032815,0.38994600914473754,0.47968051829004116,,self-report; not geometry-derived layer count or success,0.38994600914473754,0.38994600914473754,0.38994600914473754,1.0,,,
development,s9140101_g0_n2.0_b4_r0.25,9140101,0,2.0,4,0.25,197,rimls_8.0,OK,0.010733385999856182,True,True,0.29294865471679976,0.35938539649869955,0.7094609351839444,0.9949238578680203,1.0,0.2992014144801925,1.0,0.3625020974638226,0.29294865471679976,0.3505374672572068,,self-report; not geometry-derived layer count or success,0.29294865471679976,0.29294865471679976,0.29294865471679976,1.0,,,
development,s9140101_g2_n0.5_b0_r1.0,9140101,2,0.5,0,1.0,768,identity,OK,0.0008782559998508077,True,True,0.39690036103900744,0.49931199574084756,0.9794919769406482,0.9635416666666666,1.0,0.3851834287896136,1.0,0.5002274540101596,0.3973333545305215,0.4996498427964326,,self-report; not geometry-derived layer count or success,0.40082544123394126,0.41423505417507345,0.39690036103900744,0.0,1.982515069476701,0.017484930523298914,0.9912575347383505
development,s9140101_g2_n0.5_b0_r1.0,9140101,2,0.5,0,1.0,768,bias_only,OK,0.0007189769999058626,True,True,0.39397979453966014,0.4974790532601096,0.9937130375761921,0.9622395833333334,1.0,0.3827067773838972,1.0,0.498289382337566,0.39437728704148584,0.4976860291627996,,self-report; not geometry-derived layer count or success,0.39747299940298586,0.40936053487114604,0.39397979453966014,0.9791666666666666,1.9814596478395499,0.018540352160450135,0.9907298239197749
development,s9140101_g2_n0.5_b0_r1.0,9140101,2,0.5,0,1.0,768,old_original,APPLY,0.0014368709998962004,True,True,0.0875496029558394,0.21283327042460107,0.47952437266755615,0.9817708333333334,1.0,0.09429322278062106,1.0,0.249230868598091,0.09495042608882275,0.24072095749416766,,self-report; not geometry-derived layer count or success,0.09836850805129316,0.11149394278717949,0.0875496029558394,0.9791666666666666,1.8708918068250953,0.12910819317490474,0.9354459034125476
development,s9140101_g2_n0.5_b0_r1.0,9140101,2,0.5,0,1.0,768,atlas_tied_256,OK,0.00187383200000113,True,True,0.03948802422137427,0.08481894255163787,0.07336571229723458,1.0,1.0,0.039004057138060974,1.0,0.0848203871598,0.03948802422137426,0.08061992819231736,,self-report; not geometry-derived layer count or success,0.03918008026974411,0.040362585044003946,0.03948802422137427,0.9791666666666666,1.9566856419389762,0.043314358061023794,0.9783428209694881
development,s9140101_g2_n0.5_b0_r1.0,9140101,2,0.5,0,1.0,768,atlas_relax_96,OK,0.015495675000011033,True,True,0.0848284899613559,0.16717724996665329,0.20311271457520164,0.9973958333333334,0.9986979166666666,0.08340409735710824,1.0,0.16727996230779368,0.0848284899613559,0.16335717993499727,,self-report; not geometry-derived layer count or success,0.08785943026478923,0.09949824102997319,0.0848284899613559,0.9791666666666666,1.970588353365585,0.02941164663441498,0.9852941766827925
development,s9140101_g2_n0.5_b0_r1.0,9140101,2,0.5,0,1.0,768,spatial_12,OK,0.03806678700016164,True,True,0.03437649155283367,0.08128968235042887,0.04471367514730296,1.0,1.0,0.03404564378355406,1.0,0.08132895756021555,0.03437649155283365,0.07639784381089283,,self-report; not geometry-derived layer count or success,0.032825354038848675,0.038781722092551055,0.03437649155283367,0.9791666666666666,1.9683021717180504,0.03169782828194956,0.9841510858590252
development,s9140101_g2_n0.5_b0_r1.0,9140101,2,0.5,0,1.0,768,spatial_36,OK,0.1030960260000029,True,True,0.03431169622186828,0.08127421013882721,0.04470058493249326,1.0,1.0,0.03398202599470499,1.0,0.0813134927044406,0.03431169622186827,0.07639619904536746,,self-report; not geometry-derived layer count or success,0.03275408103234752,0.03873532336010728,0.03431169622186828,0.9791666666666666,1.9682524231699354,0.03174757683006457,0.9841262115849677
development,s9140101_g2_n0.5_b0_r1.0,9140101,2,0.5,0,1.0,768,spatial_108,OK,0.30987617699997827,True,True,0.03431169622186828,0.08127421013882721,0.04470058493249326,1.0,1.0,0.03398202599470499,1.0,0.0813134927044406,0.03431169622186827,0.07639619904536746,,self-report; not geometry-derived layer count or success,0.03275408103234752,0.03873532336010728,0.03431169622186828,0.9791666666666666,1.9682524231699354,0.03174757683006457,0.9841262115849677
development,s9140101_g2_n0.5_b0_r1.0,9140101,2,0.5,0,1.0,768,apss_0.5,OK,0.008595362000050955,True,True,0.3778636149296606,0.47924948106992643,0.9454860953411552,0.9661458333333334,1.0,0.3709441796816448,1.0,0.47979600794541133,0.37811898345845973,0.47919367456308887,,self-report; not geometry-derived layer count or success,0.38111806064132003,0.39263451702350355,0.3778636149296606,0.9791666666666666,1.981552484925699,0.01844751507430109,0.9907762424628495
development,s9140101_g2_n0.5_b0_r1.0,9140101,2,0.5,0,1.0,768,apss_1.0,OK,0.010054895999928704,True,True,0.2941683316997097,0.3737157355295446,0.7290277189805191,0.9921875,1.0,0.2940727480105361,1.0,0.37384612381938703,0.29416833169970974,0.3730616054484242,,self-report; not geometry-derived layer count or success,0.29753077637742853,0.310442563939869,0.2941683316997097,0.9791666666666666,1.9736929206822136,0.02630707931778642,0.9868464603411068
development,s9140101_g2_n0.5_b0_r1.0,9140101,2,0.5,0,1.0,768,apss_2.0,OK,0.013949954000054277,True,True,0.18234973472184954,0.24123532364080877,0.5033360885899323,0.9973958333333334,1.0,0.18401794715522504,1.0,0.2447338910223737,0.18301227919653965,0.24259431952088736,,self-report; not geometry-derived layer count or success,0.1896749398368661,0.21525955669571958,0.18234973472184954,0.9791666666666666,1.9568472588299684,0.04315274117003165,0.9784236294149842
development,s9140101_g2_n0.5_b0_r1.0,9140101,2,0.5,0,1.0,768,apss_4.0,OK,0.016982062999886693,True,True,0.13988476302940325,0.2094356669159467,0.4579430354862502,0.99609375,1.0,0.14201048366656235,1.0,0.21505786084102815,0.14082252692958885,0.20857053347063992,,self-report; not geometry-derived layer count or success,0.1497527415627002,0.18404476575384773,0.13988476302940325,0.9791666666666666,1.9069752406101332,0.09302475938986676,0.9534876203050666
development,s9140101_g2_n0.5_b0_r1.0,9140101,2,0.5,0,1.0,768,apss_8.0,OK,0.025564246999920215,True,True,0.13563536438832255,0.2354167680438286,0.6147377587588797,0.9934895833333334,1.0,0.13771266934535883,1.0,0.24086344483497438,0.1367507162193298,0.22431461829359828,,self-report; not geometry-derived layer count or success,0.14616875141656832,0.18233400657396415,0.13563536438832255,0.9791666666666666,1.8228187800883555,0.17718121991164448,0.9114093900441778
development,s9140101_g2_n0.5_b0_r1.0,9140101,2,0.5,0,1.0,768,rimls_0.5,OK,0.006080439000015758,True,True,0.37889408178594114,0.4802985572533049,0.9511021785407388,0.96484375,1.0,0.3730276144542059,1.0,0.4812245550652235,0.37914915239477437,0.48023778462638606,,self-report; not geometry-derived layer count or success,0.38207025095943137,0.3932872694477142,0.37889408178594114,0.9791666666666666,1.98139408218942,0.018605917810579964,0.99069704109471
development,s9140101_g2_n0.5_b0_r1.0,9140101,2,0.5,0,1.0,768,rimls_1.0,OK,0.007466137999927014,True,True,0.2965264334390483,0.3772774396382629,0.7377692000957983,0.9908854166666666,1.0,0.30156362213856447,1.0,0.3805777535242899,0.2965264334390483,0.3766733549040514,,self-report; not geometry-derived layer count or success,0.29986587933587083,0.31268935157966915,0.2965264334390483,0.9791666666666666,1.976800907170073,0.023199092829927048,0.9884004535850365
development,s9140101_g2_n0.5_b0_r1.0,9140101,2,0.5,0,1.0,768,rimls_2.0,OK,0.011702273000082641,True,True,0.18624601178632738,0.24570849400957623,0.5103321611236965,0.9973958333333334,1.0,0.1911693781934957,1.0,0.25086782287350606,0.18673933707226512,0.24678353460167757,,self-report; not geometry-derived layer count or success,0.19369480017188076,0.22040377847440484,0.18624601178632738,0.9791666666666666,1.9685203294341114,0.03147967056588863,0.9842601647170557
development,s9140101_g2_n0.5_b0_r1.0,9140101,2,0.5,0,1.0,768,rimls_4.0,OK,0.021263303000068845,True,True,0.15534156232886534,0.21839547056121783,0.4804184810835772,0.99609375,1.0,0.15878394910382157,1.0,0.2249130875701732,0.15607733764111995,0.22008451276567714,,self-report; not geometry-derived layer count or success,0.16598546642331544,0.2040326809469462,0.15534156232886534,0.9791666666666666,1.9518414788800207,0.048158521119979314,0.9759207394400103
development,s9140101_g2_n0.5_b0_r1.0,9140101,2,0.5,0,1.0,768,rimls_8.0,OK,0.05293166799992832,True,True,0.1458939876840184,0.2275103980293413,0.5373328593806039,0.9934895833333334,1.0,0.14888348227539586,1.0,0.23433758754573178,0.14698260705054264,0.22969244969951697,,self-report; not geometry-derived layer count or success,0.15547989532634224,0.1881094823054127,0.1458939876840184,0.9791666666666666,1.9288552333729314,0.07114476662706859,0.9644276166864657
development,s9140101_g2_n0.5_b0_r0.25,9140101,2,0.5,0,0.25,426,identity,OK,0.0005913970001074631,True,True,0.4016470022175288,0.5066127513807039,1.0253519429946019,0.9553990610328639,1.0,0.3937279031914968,1.0,0.5069599300505043,0.4017787338365516,0.5049707918699349,,self-report; not geometry-derived layer count or success,0.39555057366729074,0.41423505417507345,0.4016470022175288,0.0,1.9354887368426974,0.0645112631573026,0.9677443684213487
development,s9140101_g2_n0.5_b0_r0.25,9140101,2,0.5,0,0.25,426,bias_only,OK,0.0005011959999592364,True,True,0.3982393821680973,0.505105487300079,1.0168295932324252,0.9530516431924883,1.0,0.39115238129107854,1.0,0.5051055652536326,0.3982393821680973,0.5028034176848598,,self-report; not geometry-derived layer count or success,0.3920772615140454,0.410563623476201,0.3982393821680973,0.8873239436619719,1.924770286674881,0.07522971332511896,0.9623851433374405
development,s9140101_g2_n0.5_b0_r0.25,9140101,2,0.5,0,0.25,426,old_original,APPLY,0.0011329920000662241,True,True,0.1898505248366898,0.27264925718035216,0.6050378477365612,0.9859154929577465,1.0,0.19799598492176046,1.0,0.3067562365386212,0.19973018765699546,0.2953214268776632,,self-report; not geometry-derived layer count or success,0.18841628720152248,0.2223579885679413,0.1898505248366898,0.8873239436619719,1.8290399891513711,0.17096001084862888,0.9145199945756856
development,s9140101_g2_n0.5_b0_r0.25,9140101,2,0.5,0,0.25,426,atlas_tied_256,OK,0.0016830110000682907,True,True,0.08298605393753052,0.14408615854840143,0.2812478584037376,1.0,1.0,0.08244632633716832,1.0,0.14408804102967976,0.08298605393753052,0.12907647044593418,,self-report; not geometry-derived layer count or success,0.09182651274917045,0.11834788918409024,0.08298605393753052,0.8873239436619719,1.8735699909995034,0.1264300090004966,0.9367849954997517
development,s9140101_g2_n0.5_b0_r0.25,9140101,2,0.5,0,0.25,426,atlas_relax_96,OK,0.009013639999920997,True,True,0.1192455474273406,0.16687209276402976,0.33732157136021107,1.0,1.0,0.11886868704937179,1.0,0.16692402658678668,0.1192455474273406,0.15880992687101184,,self-report; not geometry-derived layer count or success,0.1177794839581387,0.12217767436574443,0.1192455474273406,0.8873239436619719,1.920507459290558,0.079492540709442,0.960253729645279
development,s9140101_g2_n0.5_b0_r0.25,9140101,2,0.5,0,0.25,426,spatial_12,OK,0.029432134999979098,True,True,0.07290183693562774,0.1378566365612458,0.2812478584037376,1.0,1.0,0.07249273202724796,1.0,0.1378671274289997,0.07290183693562773,0.12766029424624506,,self-report; not geometry-derived layer count or success,0.07986613121768259,0.10075901406384714,0.07290183693562774,0.8873239436619719,1.9110629834026445,0.08893701659735553,0.9555314917013222
development,s9140101_g2_n0.5_b0_r0.25,9140101,2,0.5,0,0.25,426,spatial_36,OK,0.07962756099982471,True,True,0.07288217057338708,0.13784675740827268,0.2812478584037376,1.0,1.0,0.07247333703646329,1.0,0.1378572489790398,0.07288217057338708,0.1276606971321464,,self-report; not geometry-derived layer count or success,0.07983978815814192,0.10071264091240648,0.07288217057338708,0.8873239436619719,1.911082352957464,0.08891764704253591,0.955541176478732
development,s9140101_g2_n0.5_b0_r0.25,9140101,2,0.5,0,0.25,426,spatial_108,OK,0.23350364600014473,True,True,0.07288217057338708,0.13784675740827268,0.2812478584037376,1.0,1.0,0.07247333703646329,1.0,0.1378572489790398,0.07288217057338708,0.1276606971321464,,self-report; not geometry-derived layer count or success,0.07983978815814192,0.10071264091240648,0.07288217057338708,0.8873239436619719,1.911082352957464,0.08891764704253591,0.955541176478732
development,s9140101_g2_n0.5_b0_r0.25,9140101,2,0.5,0,0.25,426,apss_0.5,OK,0.0032478190000801987,True,True,0.3810186447807471,0.48577838872710766,0.9314783544949806,0.9624413145539906,1.0,0.3771236373100882,1.0,0.48578202271411,0.3810186447807471,0.48341874539209073,,self-report; not geometry-derived layer count or success,0.37375817569628744,0.39553958294966635,0.3810186447807471,0.8873239436619719,1.927044624553872,0.07295537544612807,0.963522312276936
development,s9140101_g2_n0.5_b0_r0.25,9140101,2,0.5,0,0.25,426,apss_1.0,OK,0.0032497800000328425,True,True,0.30658461809293325,0.38977999777170247,0.7613220460996575,0.9882629107981221,1.0,0.3058648959341007,1.0,0.38985116228340877,0.30658461809293325,0.3861824016527598,,self-report; not geometry-derived layer count or success,0.3006335192934515,0.3184868156918968,0.30658461809293325,0.8873239436619719,1.9101953955817732,0.0898046044182268,0.9550976977908866
development,s9140101_g2_n0.5_b0_r0.25,9140101,2,0.5,0,0.25,426,apss_2.0,OK,0.004282527999976082,True,True,0.21731991100428671,0.2763764605549912,0.5385541870230635,0.9976525821596244,1.0,0.21808210011359605,1.0,0.2783226909390321,0.2177219437321197,0.26885638690249347,,self-report; not geometry-derived layer count or success,0.21073920782918626,0.23168741553798655,0.21731991100428671,0.8873239436619719,1.864887245500197,0.13511275449980298,0.9324436227500985
development,s9140101_g2_n0.5_b0_r0.25,9140101,2,0.5,0,0.25,426,apss_4.0,OK,0.005126025999970807,True,True,0.18412300606544865,0.2553590097680767,0.5365245871870108,0.9929577464788732,1.0,0.18596233805428786,1.0,0.2612479170921126,0.18545017336779432,0.24228206957344645,,self-report; not geometry-derived layer count or success,0.18201048418522842,0.19232955173292607,0.18412300606544865,0.8873239436619719,1.7985756851115602,0.20142431488843981,0.8992878425557801
development,s9140101_g2_n0.5_b0_r0.25,9140101,2,0.5,0,0.25,426,apss_8.0,OK,0.005696682000007058,True,True,0.19351360979907736,0.2790624692124614,0.6516756611025937,0.9859154929577465,1.0,0.19780000453389898,1.0,0.2940493424659024,0.19767301386081254,0.2529681847545482,,self-report; not geometry-derived layer count or success,0.19615683668305628,0.200705368216325,0.19351360979907736,0.8873239436619719,1.6890469349623256,0.3109530650376744,0.8445234674811628
development,s9140101_g2_n0.5_b0_r0.25,9140101,2,0.5,0,0.25,426,rimls_0.5,OK,0.003874104999795236,True,True,0.37927738379144216,0.4831730213761819,0.9208203608171773,0.960093896713615,1.0,0.3771500885234632,1.0,0.4834910063499865,0.37927738379144216,0.4808028023761318,,self-report; not geometry-derived layer count or success,0.3723280529516977,0.39317604547093116,0.37927738379144216,0.8873239436619719,1.927404436742194,0.07259556325780592,0.963702218371097
development,s9140101_g2_n0.5_b0_r0.25,9140101,2,0.5,0,0.25,426,rimls_1.0,OK,0.004376029000013659,True,True,0.3013626593865234,0.381045968407623,0.7454102215660063,0.9882629107981221,1.0,0.3045646095044951,1.0,0.3830913309057991,0.3013626593865234,0.37743104588673027,,self-report; not geometry-derived layer count or success,0.296481321429115,0.3111253353013403,0.3013626593865234,0.8873239436619719,1.9111351293839856,0.08886487061601445,0.9555675646919928
development,s9140101_g2_n0.5_b0_r0.25,9140101,2,0.5,0,0.25,426,rimls_2.0,OK,0.007104278000042541,True,True,0.217661675357546,0.27764363032663864,0.5443468285970106,0.9976525821596244,1.0,0.22089573574054971,1.0,0.28195908076252263,0.21807281959566482,0.2715975482545504,,self-report; not geometry-derived layer count or success,0.21010158437832915,0.23401529003033605,0.217661675357546,0.8873239436619719,1.8778708770140777,0.12212912298592227,0.9389354385070389
development,s9140101_g2_n0.5_b0_r0.25,9140101,2,0.5,0,0.25,426,rimls_4.0,OK,0.012116150000110792,True,True,0.19295946835708552,0.26129350620686337,0.527251118612062,0.9929577464788732,1.0,0.1959329764529856,1.0,0.2668266872915883,0.19384947805963712,0.25506972591430993,,self-report; not geometry-derived layer count or success,0.1875292190275985,0.2064899961237144,0.19295946835708552,0.8873239436619719,1.8531746254002446,0.14682537459975542,0.9265873127001223
development,s9140101_g2_n0.5_b0_r0.25,9140101,2,0.5,0,0.25,426,rimls_8.0,OK,0.029190570000082516,True,True,0.1688849320034947,0.25867324774292494,0.6080501023921819,0.9906103286384976,1.0,0.17193889526561873,1.0,0.26861173431724744,0.17115729254894646,0.2537409570688418,,self-report; not geometry-derived layer count or success,0.16312415077612302,0.18722357609459334,0.1688849320034947,0.8873239436619719,1.832867754584691,0.16713224541530902,0.9164338772923455
development,s9140101_g2_n0.5_b4_r1.0,9140101,2,0.5,4,1.0,768,identity,OK,0.0008299779999560997,True,True,3.1236003830355856,3.857590063289984,6.843928581262414,0.24739583333333334,0.5807291666666666,1.9113772696523785,1.0,4.044929491545488,3.2751008899870833,4.044790067850932,,self-report; not geometry-derived layer count or success,3.242128518579327,3.3687424247851117,3.1236003830355856,0.0,1.9483539811511519,0.05164601884884812,0.9741769905755759
development,s9140101_g2_n0.5_b4_r1.0,9140101,2,0.5,4,1.0,768,bias_only,OK,0.0007166959999267419,True,True,0.43276039882610456,0.6566515245747384,1.0452345111119365,0.9518229166666666,0.9986979166666666,0.39864795093616695,1.0,0.7135449937925619,0.44133618627854504,0.7126784606354919,,self-report; not geometry-derived layer count or success,0.44626733782511924,0.46519893567684495,0.43276039882610456,0.9791666666666666,1.9626722090932711,0.037327790906728886,0.9813361045466356
development,s9140101_g2_n0.5_b4_r1.0,9140101,2,0.5,4,1.0,768,old_original,APPLY,0.001434656000128598,True,True,0.12637834933425085,0.4785598337388184,0.5308724161409798,0.9713541666666666,0.9986979166666666,0.11411420496302625,1.0,0.568304059924704,0.1419112087164678,0.5631966476180377,,self-report; not geometry-derived layer count or success,0.14716987963160388,0.1673185558080414,0.12637834933425085,0.9791666666666666,1.852111266387889,0.14788873361211108,0.9260556331939445
development,s9140101_g2_n0.5_b4_r1.0,9140101,2,0.5,4,1.0,768,atlas_tied_256,OK,0.0018458750000718283,True,True,0.07828483468559845,0.43691685701031147,0.07345762513166969,0.9895833333333334,0.9986979166666666,0.05929471790080674,1.0,0.5177365580599457,0.08646518299234386,0.5162324216094278,,self-report; not geometry-derived layer count or success,0.08799367888198698,0.09385702351749753,0.07828483468559845,0.9791666666666666,1.93788885267886,0.06211114732113998,0.96894442633943
development,s9140101_g2_n0.5_b4_r1.0,9140101,2,0.5,4,1.0,768,atlas_relax_96,OK,0.015236576000006608,True,True,0.12308879215411588,0.4599140162155987,0.20814841353966893,0.9869791666666666,0.9973958333333334,0.10051487249244506,1.0,0.5373083700529159,0.13126866653646077,0.5354634395223643,,self-report; not geometry-derived layer count or success,0.13612696239566882,0.1547749190446106,0.12308879215411588,0.9791666666666666,1.951685463982104,0.04831453601789604,0.975842731991052
development,s9140101_g2_n0.5_b4_r1.0,9140101,2,0.5,4,1.0,768,spatial_12,OK,0.03860290000011446,True,True,0.0731422954169343,0.4362435300565461,0.044833413028078264,0.9895833333333334,0.9986979166666666,0.054083359578694055,1.0,0.5171723579861084,0.08132122534123462,0.5156956134588552,,self-report; not geometry-derived layer count or success,0.08160005813539209,0.08265924989564855,0.0731422954169343,0.9791666666666666,1.9495082028474617,0.050491797152538265,0.9747541014237309
development,s9140101_g2_n0.5_b4_r1.0,9140101,2,0.5,4,1.0,768,spatial_36,OK,0.10351012000000992,True,True,0.07307825727136731,0.43624068236674035,0.04485206407019038,0.9895833333333334,0.9986979166666666,0.05403565663857868,1.0,0.5171699557092636,0.08125718819984473,0.515694880544805,,self-report; not geometry-derived layer count or success,0.08152961961420088,0.0825642339320603,0.07307825727136731,0.9791666666666666,1.9494590463692625,0.05054095363073752,0.9747295231846312
development,s9140101_g2_n0.5_b4_r1.0,9140101,2,0.5,4,1.0,768,spatial_108,OK,0.30894712700001037,True,True,0.07307825727136731,0.43624068236674035,0.04485206407019038,0.9895833333333334,0.9986979166666666,0.05403565663857868,1.0,0.5171699557092636,0.08125718819984473,0.515694880544805,,self-report; not geometry-derived layer count or success,0.08152961961420088,0.0825642339320603,0.07307825727136731,0.9791666666666666,1.9494590463692625,0.05054095363073752,0.9747295231846312
development,s9140101_g2_n0.5_b4_r1.0,9140101,2,0.5,4,1.0,768,apss_0.5,OK,0.005267085000014049,True,True,0.41978294379006487,0.6453582048212677,1.0086295165830146,0.9557291666666666,0.9986979166666666,0.38834923906678487,1.0,0.7029682141378557,0.42821840016547125,0.7021003128548774,,self-report; not geometry-derived layer count or success,0.4330103035518848,0.45140722346926676,0.41978294379006487,0.9791666666666666,1.9628943767205862,0.0371056232794138,0.9814471883602931
development,s9140101_g2_n0.5_b4_r1.0,9140101,2,0.5,4,1.0,768,apss_1.0,OK,0.005694986999969842,True,True,0.34245883664253834,0.5792597456550816,0.8035323472817542,0.98046875,0.9986979166666666,0.31720835321980845,1.0,0.6424682524296113,0.3506402444831385,0.6415017133251386,,self-report; not geometry-derived layer count or success,0.35534459962620657,0.3734073124048713,0.34245883664253834,0.9791666666666666,1.956985408395256,0.04301459160474397,0.978492704197628
development,s9140101_g2_n0.5_b4_r1.0,9140101,2,0.5,4,1.0,768,apss_2.0,OK,0.007752607000156786,True,True,0.223666711342583,0.4935730669524785,0.5495585708697264,0.98828125,0.9986979166666666,0.2021269508136665,1.0,0.5671625562643046,0.2321291096565544,0.5655616817435896,,self-report; not geometry-derived layer count or success,0.24046324857244536,0.27246507206431403,0.223666711342583,0.9791666666666666,1.940347423315009,0.05965257668499091,0.9701737116575045
development,s9140101_g2_n0.5_b4_r1.0,9140101,2,0.5,4,1.0,768,apss_4.0,OK,0.008794362999879013,True,True,0.1783834984168152,0.4765472093471446,0.5140105011433937,0.9856770833333334,0.9986979166666666,0.1582009226703672,1.0,0.5534804151597434,0.1873548896998756,0.5498760590059566,,self-report; not geometry-derived layer count or success,0.1980653061797411,0.23919188712390313,0.1783834984168152,0.9791666666666666,1.8894992475136994,0.11050075248630065,0.9447496237568497
development,s9140101_g2_n0.5_b4_r1.0,9140101,2,0.5,4,1.0,768,apss_8.0,OK,0.010691640000004554,True,True,0.17428830411960272,0.4885877482390361,0.6714966168849426,0.9830729166666666,0.9986979166666666,0.15535899782206555,1.0,0.5642979724511807,0.18356060500564472,0.5556602529046433,,self-report; not geometry-derived layer count or success,0.19478927099384347,0.23790119632939752,0.17428830411960272,0.9791666666666666,1.8049387773010745,0.19506122269892545,0.9024693886505373
development,s9140101_g2_n0.5_b4_r1.0,9140101,2,0.5,4,1.0,768,rimls_0.5,OK,0.005688634999842179,True,True,0.4178081379654097,0.6437749209601721,1.0035719623574182,0.9544270833333334,0.9986979166666666,0.3884798944669916,1.0,0.7017674088018473,0.42624291070445836,0.7006437850969567,,self-report; not geometry-derived layer count or success,0.43096794820858825,0.44910810117436106,0.4178081379654097,0.9791666666666666,1.9626470194951893,0.03735298050481073,0.9813235097475946
development,s9140101_g2_n0.5_b4_r1.0,9140101,2,0.5,4,1.0,768,rimls_1.0,OK,0.006257967999999892,True,True,0.33530794209390785,0.5709466186558858,0.7785379081045731,0.98046875,0.9986979166666666,0.3170200707643243,1.0,0.6369414064258835,0.3434893243423391,0.6340348917026343,,self-report; not geometry-derived layer count or success,0.3486203235411267,0.3683212512198257,0.33530794209390785,0.9791666666666666,1.958176142897177,0.0418238571028231,0.9790880714485884
development,s9140101_g2_n0.5_b4_r1.0,9140101,2,0.5,4,1.0,768,rimls_2.0,OK,0.008739114000036352,True,True,0.2248955206558445,0.49400159984812425,0.5510266023901155,0.9869791666666666,0.9986979166666666,0.20657825743565317,1.0,0.5689491582927101,0.23353551598013833,0.5664783875416112,,self-report; not geometry-derived layer count or success,0.24231335660749342,0.27601864610542165,0.2248955206558445,0.9791666666666666,1.9496313897706,0.05036861022940009,0.9748156948853
development,s9140101_g2_n0.5_b4_r1.0,9140101,2,0.5,4,1.0,768,rimls_4.0,OK,0.01111411500005488,True,True,0.19392280863789332,0.48099971988071605,0.5057814938151695,0.9856770833333334,0.9986979166666666,0.17457316030645434,1.0,0.5580159604781697,0.20282609360540305,0.5552637950165629,,self-report; not geometry-derived layer count or success,0.21456769604161263,0.25965427422721604,0.19392280863789332,0.9791666666666666,1.932839598167887,0.06716040183211303,0.9664197990839435
development,s9140101_g2_n0.5_b4_r1.0,9140101,2,0.5,4,1.0,768,rimls_8.0,OK,0.014959318999899551,True,True,0.18507093474328462,0.4852062978279599,0.6053420809192481,0.9830729166666666,0.9986979166666666,0.16661213066091896,1.0,0.5619286029144888,0.19434409739042735,0.5589999798346432,,self-report; not geometry-derived layer count or success,0.20461226205169464,0.24400020878615677,0.18507093474328462,0.9791666666666666,1.9100651956564665,0.08993480434353351,0.9550325978282332
development,s9140101_g2_n0.5_b4_r0.25,9140101,2,0.5,4,0.25,426,identity,OK,0.0008574579999276466,True,True,3.1463172225659823,3.915167510836588,6.948291432157202,0.23943661971830985,0.5446009389671361,2.118681519329627,1.0,4.014031445281742,3.2311136553149606,4.013998195272921,,self-report; not geometry-derived layer count or success,3.2889131767856705,3.462311741197799,3.1463172225659823,0.0,2.0144260423018925,0.014426042301892483,1.0072130211509462
development,s9140101_g2_n0.5_b4_r0.25,9140101,2,0.5,4,0.25,426,bias_only,OK,0.000592359999927794,True,True,0.6869045641534798,1.3403435067904623,2.7541535588528436,0.8779342723004695,0.9624413145539906,0.5320606987998412,1.0,1.3597644955439907,0.691599399834231,1.3528994076767025,,self-report; not geometry-derived layer count or success,0.6224694097185801,0.8298593800655327,0.6869045641534798,0.8873239436619719,1.7726831174365656,0.2273168825634344,0.8863415587182828
development,s9140101_g2_n0.5_b4_r0.25,9140101,2,0.5,4,0.25,426,old_original,APPLY,0.0013160749999769905,True,True,0.47338127001499386,1.2721309746613592,2.7541535588528436,0.9084507042253521,0.9624413145539906,0.33121633315463644,1.0,1.2996800377816093,0.48728077632967354,1.2870555803620238,,self-report; not geometry-derived layer count or success,0.40543618302159057,0.6509699629458393,0.47338127001499386,0.8873239436619719,1.676950575293894,0.323049424706106,0.838475287646947
development,s9140101_g2_n0.5_b4_r0.25,9140101,2,0.5,4,0.25,426,atlas_tied_256,OK,0.001397236000002522,True,True,0.3813342221947029,1.2502186856688404,2.7541535588528436,0.9295774647887324,0.9647887323943662,0.22696711005413847,1.0,1.2710177005355747,0.3860290578754541,1.2607494663373568,,self-report; not geometry-derived layer count or success,0.31954386167994586,0.5189994502664708,0.3813342221947029,0.8873239436619719,1.7214752693928421,0.2785247306071579,0.8607376346964211
development,s9140101_g2_n0.5_b4_r0.25,9140101,2,0.5,4,0.25,426,atlas_relax_96,OK,0.009350243999961094,True,True,0.40085264350543365,1.2524024113409193,2.7541535588528436,0.9295774647887324,0.9647887323943662,0.24685196863873152,1.0,1.2731718917972936,0.40554747918618483,1.2656892879811388,,self-report; not geometry-derived layer count or success,0.3368600098282478,0.5429224179020588,0.40085264350543365,0.8873239436619719,1.7679801746271635,0.2320198253728365,0.8839900873135818
development,s9140101_g2_n0.5_b4_r0.25,9140101,2,0.5,4,0.25,426,spatial_12,OK,0.04138140200007001,True,True,0.3618966500609643,1.2492327245394383,2.7541535588528436,0.9295774647887324,0.9647887323943662,0.20812674512651047,1.0,1.2700483768818436,0.36659148574171546,1.2620102184678632,,self-report; not geometry-derived layer count or success,0.30033386818970975,0.49910672084572705,0.3618966500609643,0.8873239436619719,1.7589800267643196,0.24101997323568036,0.8794900133821598
development,s9140101_g2_n0.5_b4_r0.25,9140101,2,0.5,4,0.25,426,spatial_36,OK,0.07565749700006563,True,True,0.3618991552687711,1.2492329138456302,2.7541535588528436,0.9295774647887324,0.9647887323943662,0.2081299226694854,1.0,1.27004856303279,0.3665939909495223,1.2620089889409203,,self-report; not geometry-derived layer count or success,0.30032432842512535,0.4991333159983161,0.3618991552687711,0.8873239436619719,1.7589991062934882,0.2410008937065118,0.8794995531467441
development,s9140101_g2_n0.5_b4_r0.25,9140101,2,0.5,4,0.25,426,spatial_108,OK,0.22103300899993883,True,True,0.3618991552687706,1.2492329138456302,2.7541535588528436,0.9295774647887324,0.9647887323943662,0.208129922669485,1.0,1.27004856303279,0.3665939909495218,1.2620089889409203,,self-report; not geometry-derived layer count or success,0.3003243284251245,0.49913331599831634,0.3618991552687706,0.8873239436619719,1.75899910629349,0.24100089370651,0.879499553146745
development,s9140101_g2_n0.5_b4_r0.25,9140101,2,0.5,4,0.25,426,apss_0.5,OK,0.0032763149999937013,True,True,0.6692364980747806,1.33314575277547,2.7541535588528436,0.8896713615023474,0.9624413145539906,0.5156134341580009,1.0,1.3526709639573873,0.6739313337555318,1.345894362742764,,self-report; not geometry-derived layer count or success,0.603302917330041,0.8151881666065135,0.6692364980747806,0.8873239436619719,1.774971717154086,0.22502828284591403,0.887485858577043
development,s9140101_g2_n0.5_b4_r0.25,9140101,2,0.5,4,0.25,426,apss_1.0,OK,0.0032567050000125164,True,True,0.5936424475135866,1.3012683333354227,2.7541535588528436,0.9107981220657277,0.9624413145539906,0.44126071859316485,1.0,1.3212863315673857,0.5983372831943378,1.313562074790279,,self-report; not geometry-derived layer count or success,0.528795588209012,0.7374206731649894,0.5936424475135866,0.8873239436619719,1.7582024747384137,0.24179752526158627,0.8791012373692069
development,s9140101_g2_n0.5_b4_r0.25,9140101,2,0.5,4,0.25,426,apss_2.0,OK,0.004244372999892221,True,True,0.5030269464192378,1.2718661930184745,2.7541535588528436,0.9248826291079812,0.9647887323943662,0.3510246023450251,1.0,1.29289933193092,0.5083255307627423,1.2826820883002998,,self-report; not geometry-derived layer count or success,0.43493987915700716,0.6550968339742124,0.5030269464192378,0.8873239436619719,1.712845514680263,0.287154485319737,0.8564227573401315
development,s9140101_g2_n0.5_b4_r0.25,9140101,2,0.5,4,0.25,426,apss_4.0,OK,0.004850853000107236,True,True,0.4745687493730583,1.2687991258459963,2.7541535588528436,0.9225352112676056,0.9647887323943662,0.32224705919045193,1.0,1.289952727967873,0.479907952016591,1.2746716214342986,,self-report; not geometry-derived layer count or success,0.4081772048475263,0.6233694463547205,0.4745687493730583,0.8873239436619719,1.646407411807491,0.35359258819250905,0.8232037059037455
development,s9140101_g2_n0.5_b4_r0.25,9140101,2,0.5,4,0.25,426,apss_8.0,OK,0.007853486999920278,True,True,0.49305468418584747,1.2758349627034058,2.7541535588528436,0.9154929577464789,0.9647887323943662,0.34232318848964505,1.0,1.2984769983208184,0.5005319747496216,1.2717573548865835,,self-report; not geometry-derived layer count or success,0.42545820140001084,0.6506795214488431,0.49305468418584747,0.8873239436619719,1.5364372837073181,0.46356271629268186,0.7682186418536591
development,s9140101_g2_n0.5_b4_r0.25,9140101,2,0.5,4,0.25,426,rimls_0.5,OK,0.004715963000080592,True,True,0.6671587950671958,1.3321896461857143,2.7541535588528436,0.8873239436619719,0.9624413145539906,0.5158071772757167,1.0,1.3518386716791493,0.671853630747947,1.3449650060472287,,self-report; not geometry-derived layer count or success,0.6015965582614664,0.8123677757209081,0.6671587950671958,0.8873239436619719,1.7752719247356938,0.22472807526430616,0.8876359623678469
development,s9140101_g2_n0.5_b4_r0.25,9140101,2,0.5,4,0.25,426,rimls_1.0,OK,0.004469147000008888,True,True,0.5881416991994763,1.2986884922491533,2.7541535588528436,0.9131455399061033,0.9624413145539906,0.43954576092900494,1.0,1.3192925002511557,0.5928365348802276,1.3110363747077125,,self-report; not geometry-derived layer count or success,0.5244667170551712,0.7295761705303399,0.5881416991994763,0.8873239436619719,1.7592124771001654,0.24078752289983463,0.8796062385500827
development,s9140101_g2_n0.5_b4_r0.25,9140101,2,0.5,4,0.25,426,rimls_2.0,OK,0.006870395000078133,True,True,0.5043545918974724,1.2721497832961324,2.7541535588528436,0.9248826291079812,0.9647887323943662,0.3548709807147964,1.0,1.2937058689432666,0.5096578756472766,1.2835801193721912,,self-report; not geometry-derived layer count or success,0.4357602573302738,0.6574531122812824,0.5043545918974724,0.8873239436619719,1.7257750347969718,0.2742249652030282,0.8628875173984859
development,s9140101_g2_n0.5_b4_r0.25,9140101,2,0.5,4,0.25,426,rimls_4.0,OK,0.011370024999905581,True,True,0.4838553186378949,1.2697889033873448,2.7541535588528436,0.9248826291079812,0.9647887323943662,0.33234722471322364,1.0,1.2910070747217859,0.4889163180675324,1.2786879938683164,,self-report; not geometry-derived layer count or success,0.4168565459991269,0.6330358622043434,0.4838553186378949,0.8873239436619719,1.7006478713898874,0.2993521286101126,0.8503239356949437
development,s9140101_g2_n0.5_b4_r0.25,9140101,2,0.5,4,0.25,426,rimls_8.0,OK,0.026481418000003032,True,True,0.47150220975361595,1.2711792895347465,2.7541535588528436,0.9225352112676056,0.9647887323943662,0.3200032894194491,1.0,1.2930564143838048,0.4776679275581153,1.275521584528533,,self-report; not geometry-derived layer count or success,0.4055525285049278,0.6218987256644904,0.47150220975361595,0.8873239436619719,1.6793713335814013,0.32062866641859866,0.8396856667907007
development,s9140101_g2_n1.0_b0_r1.0,9140101,2,1.0,0,1.0,768,identity,OK,0.0008129350001127023,True,True,0.7642120822596133,0.9667354427317653,1.9525457212030335,0.7317708333333334,0.9817708333333334,0.7266921381330271,1.0,1.0004549080203191,0.794666709061043,0.9992996855928652,,self-report; not geometry-derived layer count or success,0.8016508824678825,0.8284701083501469,0.7642120822596133,0.0,1.9650301389534022,0.03496986104659783,0.9825150694767011
development,s9140101_g2_n1.0_b0_r1.0,9140101,2,1.0,0,1.0,768,bias_only,OK,0.0006911870000294584,True,True,0.759028694994988,0.9648803806923669,1.987077744806597,0.7395833333333334,0.9830729166666666,0.718438220337173,1.0,0.9957389711266723,0.7868980913839958,0.9945682395645872,,self-report; not geometry-derived layer count or success,0.7926153406905838,0.8145695780278819,0.759028694994988,1.0,1.9640250503762715,0.03597494962372849,0.9820125251881358
development,s9140101_g2_n1.0_b0_r1.0,9140101,2,1.0,0,1.0,768,old_original,APPLY,0.0013311430000157998,True,True,0.23151240200974077,0.34187986384693947,0.7696039431439536,0.98046875,1.0,0.23769497262116038,1.0,0.357995913597581,0.23642668000390585,0.33103657729712843,,self-report; not geometry-derived layer count or success,0.24667010190230093,0.28600384304728843,0.23151240200974077,1.0,1.7358757914398302,0.2641242085601698,0.8679378957199151
development,s9140101_g2_n1.0_b0_r1.0,9140101,2,1.0,0,1.0,768,atlas_tied_256,OK,0.0018294249998689338,True,True,0.08620179083441164,0.29322648211397384,0.1575435996535477,0.98828125,0.9986979166666666,0.07676320981325059,1.0,0.31499720826486055,0.09176673619181382,0.3112205271383257,,self-report; not geometry-derived layer count or success,0.10235237037522747,0.14300120563953586,0.08620179083441164,1.0,1.9190390510490765,0.08096094895092354,0.9595195255245382
development,s9140101_g2_n1.0_b0_r1.0,9140101,2,1.0,0,1.0,768,atlas_relax_96,OK,0.015679690000069968,True,True,0.16095203555971674,0.298990112567104,0.4055008656466912,0.9895833333333334,0.9986979166666666,0.15488129420455252,1.0,0.306766402509194,0.16294417704318256,0.2998361100153,,self-report; not geometry-derived layer count or success,0.17515107465247315,0.22202556147214897,0.16095203555971674,1.0,1.9958103250003607,0.004189674999639292,0.9979051625001804
development,s9140101_g2_n1.0_b0_r1.0,9140101,2,1.0,0,1.0,768,spatial_12,OK,0.038255593000030785,True,True,0.06496196746003516,0.25183298186301284,0.07211808610543761,0.98828125,0.9986979166666666,0.06398030108790488,1.0,0.27640162009840896,0.07056679229281788,0.27367744606167893,,self-report; not geometry-derived layer count or success,0.0783678647726316,0.1083234825746747,0.06496196746003516,1.0,1.9424540738502345,0.0575459261497655,0.9712270369251172
development,s9140101_g2_n1.0_b0_r1.0,9140101,2,1.0,0,1.0,768,spatial_36,OK,0.10370853800009172,True,True,0.07221349890733005,0.23875436054770363,0.06494018289085231,0.9895833333333334,0.9986979166666666,0.07131683269973282,1.0,0.2656095117048421,0.07791230742792521,0.2615213877544309,,self-report; not geometry-derived layer count or success,0.08626442485723464,0.11833555085954488,0.07221349890733005,1.0,1.9388639418396278,0.06113605816037215,0.9694319709198139
development,s9140101_g2_n1.0_b0_r1.0,9140101,2,1.0,0,1.0,768,spatial_108,OK,0.308430627000007,True,True,0.07235316270145654,0.23881816883442572,0.0649666760567577,0.9895833333333334,0.9986979166666666,0.07144432704737322,1.0,0.26567088169009306,0.07805212870997308,0.2615583256594427,,self-report; not geometry-derived layer count or success,0.08638414165360128,0.11837807742608372,0.07235316270145654,1.0,1.9387033148595405,0.061296685140459495,0.9693516574297703
development,s9140101_g2_n1.0_b0_r1.0,9140101,2,1.0,0,1.0,768,apss_0.5,OK,0.005395755999870744,True,True,0.7490202456069269,0.9550846200896459,1.9605367514338603,0.73828125,0.9830729166666666,0.7161697470640727,1.0,0.9847988984327736,0.7754686702647778,0.983635734345664,,self-report; not geometry-derived layer count or success,0.781500476834149,0.8046626140605344,0.7490202456069269,1.0,1.9646480248128158,0.03535197518718425,0.9823240124064079
development,s9140101_g2_n1.0_b0_r1.0,9140101,2,1.0,0,1.0,768,apss_1.0,OK,0.006119398000009824,True,True,0.625043013401621,0.8168615839813229,1.6086228963977707,0.7994791666666666,0.9856770833333334,0.6223033878308598,1.0,0.8416497658483315,0.6443046586012695,0.8404001049909505,,self-report; not geometry-derived layer count or success,0.6492332671499521,0.6681591239768936,0.625043013401621,1.0,1.9751892864386116,0.02481071356138842,0.9875946432193058
development,s9140101_g2_n1.0_b0_r1.0,9140101,2,1.0,0,1.0,768,apss_2.0,OK,0.00861726100015403,True,True,0.3422859326954542,0.441767308184628,0.8914573372831404,0.9609375,1.0,0.35053207623200483,1.0,0.4510089244453938,0.3454206924234687,0.447327729637844,,self-report; not geometry-derived layer count or success,0.35646264663179783,0.39886375079178166,0.3422859326954542,1.0,1.9695027898712214,0.030497210128778596,0.9847513949356107
development,s9140101_g2_n1.0_b0_r1.0,9140101,2,1.0,0,1.0,768,apss_4.0,OK,0.01058276100002331,True,True,0.22970979240103087,0.30851966010762044,0.6843784304569476,0.9934895833333334,1.0,0.23577362371209762,1.0,0.3158138755719929,0.23102586146244997,0.3073155475290609,,self-report; not geometry-derived layer count or success,0.24634851347946674,0.3051874972248111,0.22970979240103087,1.0,1.8998057610973125,0.10019423890268753,0.9499028805486562
development,s9140101_g2_n1.0_b0_r1.0,9140101,2,1.0,0,1.0,768,apss_8.0,OK,0.014396480999948835,True,True,0.18289367467636156,0.2739995110774407,0.6444357285411971,0.9856770833333334,1.0,0.18818868450699985,1.0,0.2837004942937303,0.1850261954196195,0.26421445314103326,,self-report; not geometry-derived layer count or success,0.19872645811837963,0.2513353756621308,0.18289367467636156,1.0,1.800510967824473,0.19948903217552694,0.9002554839122365
development,s9140101_g2_n1.0_b0_r1.0,9140101,2,1.0,0,1.0,768,rimls_0.5,OK,0.005135785999982545,True,True,0.7503689286005081,0.9560611561818451,1.961380051928474,0.7356770833333334,0.9830729166666666,0.7182235379218751,1.0,0.9862610471987362,0.7769715858164776,0.9847111851532632,,self-report; not geometry-derived layer count or success,0.7829380630988596,0.8058493358632064,0.7503689286005081,1.0,1.9638362182086484,0.0361637817913516,0.9819181091043242
development,s9140101_g2_n1.0_b0_r1.0,9140101,2,1.0,0,1.0,768,rimls_1.0,OK,0.0059361659998558025,True,True,0.6364465550335531,0.8300148556637968,1.65968240457248,0.7981770833333334,0.9856770833333334,0.6430977418105952,1.0,0.861777082390858,0.6562238650810547,0.8537930523907002,,self-report; not geometry-derived layer count or success,0.6613402073590258,0.6809869617064345,0.6364465550335531,1.0,1.9755445905348328,0.02445540946516722,0.9877722952674164
development,s9140101_g2_n1.0_b0_r1.0,9140101,2,1.0,0,1.0,768,rimls_2.0,OK,0.008501982000097996,True,True,0.35362853584901893,0.4556213695029646,0.9625524254190116,0.9505208333333334,1.0,0.3795761061108954,1.0,0.47673788550569446,0.35654324201311893,0.46065030565122306,,self-report; not geometry-derived layer count or success,0.3683422601593823,0.41364661864031077,0.35362853584901893,1.0,1.9781887917152075,0.02181120828479255,0.9890943958576037
development,s9140101_g2_n1.0_b0_r1.0,9140101,2,1.0,0,1.0,768,rimls_4.0,OK,0.010718324999970719,True,True,0.25918004415627044,0.3389214967786567,0.7493656874424349,0.9895833333333334,1.0,0.27274769616962596,1.0,0.350581682332612,0.2601967118294198,0.33972354715001984,,self-report; not geometry-derived layer count or success,0.27683076973308174,0.3407055520831438,0.25918004415627044,1.0,1.9447209533146212,0.05527904668537875,0.9723604766573106
development,s9140101_g2_n1.0_b0_r1.0,9140101,2,1.0,0,1.0,768,rimls_8.0,OK,0.017012207999869133,True,True,0.20097766283383553,0.2840067145046851,0.581754002757465,0.9856770833333334,1.0,0.20953661225510314,1.0,0.2950795636341297,0.20272206703099568,0.2854079156645152,,self-report; not geometry-derived layer count or success,0.21607576084146804,0.2673400012842527,0.20097766283383553,1.0,1.8924032691110495,0.1075967308889505,0.9462016345555248
development,s9140101_g2_n1.0_b0_r0.25,9140101,2,1.0,0,0.25,426,identity,OK,0.0006003519999921991,True,True,0.7953692071252935,1.0024705172757524,2.0251287900931048,0.7276995305164319,0.9765258215962441,0.744028568536381,1.0,1.0139198601010087,0.8035574676731032,1.0099415837398698,,self-report; not geometry-derived layer count or success,0.7911011473345815,0.8284701083501469,0.7953692071252935,0.0,1.8709774736853946,0.12902252631460542,0.9354887368426973
development,s9140101_g2_n1.0_b0_r0.25,9140101,2,1.0,0,0.25,426,bias_only,OK,0.000468358000034641,True,True,0.7826294672743597,0.9957658469782003,2.027789307321428,0.7394366197183099,0.9741784037558685,0.7300909686296234,1.0,1.0057625453367243,0.7899000287568292,1.001470326592469,,self-report; not geometry-derived layer count or success,0.7787871818504954,0.8121257225694969,0.7826294672743597,1.0,1.8615444452713905,0.1384555547286095,0.9307722226356953
development,s9140101_g2_n1.0_b0_r0.25,9140101,2,1.0,0,0.25,426,old_original,APPLY,0.0009282549999625189,True,True,0.23983557898698893,0.28484440942315714,0.5149915608536431,0.9460093896713615,1.0,0.28028034647194355,1.0,0.40130798216848085,0.27971916004756375,0.32677745285794163,,self-report; not geometry-derived layer count or success,0.30515749317307994,0.38147249254962834,0.23983557898698893,1.0,1.5267704220527538,0.4732295779472462,0.7633852110263769
development,s9140101_g2_n1.0_b0_r0.25,9140101,2,1.0,0,0.25,426,atlas_tied_256,OK,0.001168137999911778,True,True,0.3528230479216589,0.42766648355666403,0.818633454456466,0.9483568075117371,1.0,0.3739419017735298,1.0,0.47135436818580584,0.3721359670225532,0.3672718704124656,,self-report; not geometry-derived layer count or success,0.41045151992545115,0.5253981786341448,0.3528230479216589,1.0,1.389951182144473,0.610048817855527,0.6949755910722365
development,s9140101_g2_n1.0_b0_r0.25,9140101,2,1.0,0,0.25,426,atlas_relax_96,OK,0.006951312000182952,True,True,0.28862325336668404,0.36415044906989485,0.7682002841466397,0.9577464788732394,1.0,0.3130013882681562,1.0,0.42145668366532,0.3106193906567358,0.32275656697684757,,self-report; not geometry-derived layer count or success,0.34755496106284156,0.4583616722811586,0.28862325336668404,1.0,1.476090742543102,0.523909257456898,0.738045371271551
development,s9140101_g2_n1.0_b0_r0.25,9140101,2,1.0,0,0.25,426,spatial_12,OK,0.02828945000010208,True,True,0.3494041431192242,0.42477354254545746,0.8099267099758568,0.9483568075117371,1.0,0.3702206135464062,1.0,0.470417720362276,0.36975838346070766,0.3675857907050194,,self-report; not geometry-derived layer count or success,0.4092834817561189,0.5278587766423523,0.3494041431192242,1.0,1.3937715489425282,0.6062284510574718,0.6968857744712641
development,s9140101_g2_n1.0_b0_r0.25,9140101,2,1.0,0,0.25,426,spatial_36,OK,0.07700171100009356,True,True,0.3494041431192242,0.42477354254545746,0.8099267099758568,0.9483568075117371,1.0,0.3702206135464062,1.0,0.470417720362276,0.36975838346070766,0.3675857907050194,,self-report; not geometry-derived layer count or success,0.4092834817561189,0.5278587766423523,0.3494041431192242,1.0,1.3937715489425282,0.6062284510574718,0.6968857744712641
development,s9140101_g2_n1.0_b0_r0.25,9140101,2,1.0,0,0.25,426,spatial_108,OK,0.22336933400015369,True,True,0.3494041431192242,0.42477354254545746,0.8099267099758568,0.9483568075117371,1.0,0.3702206135464062,1.0,0.470417720362276,0.36975838346070766,0.3675857907050194,,self-report; not geometry-derived layer count or success,0.4092834817561189,0.5278587766423523,0.3494041431192242,1.0,1.3937715489425282,0.6062284510574718,0.6968857744712641
development,s9140101_g2_n1.0_b0_r0.25,9140101,2,1.0,0,0.25,426,apss_0.5,OK,0.003237704000184749,True,True,0.7651957122620814,0.9827344182127606,1.9921194377186189,0.7347417840375586,0.9765258215962441,0.7215006529022755,1.0,0.9918209756251324,0.7721352453943638,0.987528009368207,,self-report; not geometry-derived layer count or success,0.7568258303553823,0.8027540754723269,0.7651957122620814,1.0,1.862569153846752,0.13743084615324808,0.931284576923376
development,s9140101_g2_n1.0_b0_r0.25,9140101,2,1.0,0,0.25,426,apss_1.0,OK,0.0032170730000871117,True,True,0.6539119424538328,0.8541397198543652,1.677773376830532,0.7769953051643192,0.9859154929577465,0.6317111032980105,1.0,0.8584689129925108,0.6572308396278638,0.852645143625501,,self-report; not geometry-derived layer count or success,0.6363199999200788,0.6990525190434336,0.6539119424538328,1.0,1.8464170059075087,0.15358299409249132,0.9232085029537543
development,s9140101_g2_n1.0_b0_r0.25,9140101,2,1.0,0,0.25,426,apss_2.0,OK,0.004385563999903752,True,True,0.39795231994345975,0.5111825276166934,1.019314274540714,0.9436619718309859,1.0,0.40284182552554293,1.0,0.5181964276759938,0.40084995840904286,0.5032014738134002,,self-report; not geometry-derived layer count or success,0.3855282285022442,0.43149341822264026,0.39795231994345975,1.0,1.8036018370917735,0.19639816290822654,0.9018009185458867
development,s9140101_g2_n1.0_b0_r0.25,9140101,2,1.0,0,0.25,426,apss_4.0,OK,0.00477784600002451,True,True,0.2786914652610698,0.3569987632435644,0.7438743568300101,0.9906103286384976,1.0,0.2848896988499301,1.0,0.36455369806055943,0.28056262367262474,0.3345639910596584,,self-report; not geometry-derived layer count or success,0.27658049347670455,0.28852688406446514,0.2786914652610698,1.0,1.7309811904003882,0.2690188095996118,0.8654905952001941
development,s9140101_g2_n1.0_b0_r0.25,9140101,2,1.0,0,0.25,426,apss_8.0,OK,0.005605963000107295,True,True,0.2410959337721767,0.31414979628787376,0.6998881806153013,0.9859154929577465,1.0,0.25020292238809,1.0,0.3354791100076949,0.2475357383417491,0.274932366368126,,self-report; not geometry-derived layer count or success,0.2560661844620276,0.2816575228228631,0.2410959337721767,1.0,1.598633035605823,0.4013669643941771,0.7993165178029115
development,s9140101_g2_n1.0_b0_r0.25,9140101,2,1.0,0,0.25,426,rimls_0.5,OK,0.003507446000185155,True,True,0.763455395020518,0.9819482336706641,1.9886760484261337,0.7323943661971831,0.9765258215962441,0.7222556537915664,1.0,0.9903681835541595,0.7698238898374238,0.9857613175560515,,self-report; not geometry-derived layer count or success,0.7539062923831282,0.8016590847460145,0.763455395020518,1.0,1.8632470850717076,0.13675291492829245,0.9316235425358538
development,s9140101_g2_n1.0_b0_r0.25,9140101,2,1.0,0,0.25,426,rimls_1.0,OK,0.004196665999870675,True,True,0.632903187639845,0.8273778467064983,1.6587366569292534,0.7816901408450704,0.9859154929577465,0.6352629080324831,1.0,0.8380801947128399,0.6356607361864842,0.8246962270840055,,self-report; not geometry-derived layer count or success,0.6181238790066239,0.6707344505462048,0.632903187639845,1.0,1.8497925074862163,0.15020749251378374,0.9248962537431081
development,s9140101_g2_n1.0_b0_r0.25,9140101,2,1.0,0,0.25,426,rimls_2.0,OK,0.006530484999984765,True,True,0.3832800307810643,0.49165604662052215,0.9928060983037111,0.9413145539906104,1.0,0.4049272911672239,1.0,0.5105075690702321,0.38628327377711724,0.48468798428013626,,self-report; not geometry-derived layer count or success,0.3725537201299716,0.41375663982779365,0.3832800307810643,1.0,1.8176018048237763,0.1823981951762237,0.9088009024118882
development,s9140101_g2_n1.0_b0_r0.25,9140101,2,1.0,0,0.25,426,rimls_4.0,OK,0.011292556999933367,True,True,0.3014194229898719,0.38453062615051165,0.7947618955891762,0.9835680751173709,1.0,0.31414881975642106,1.0,0.39486421552694656,0.3026401697603739,0.3697198322913849,,self-report; not geometry-derived layer count or success,0.2928968154561016,0.3221268783689185,0.3014194229898719,1.0,1.7834311746921636,0.2165688253078364,0.8917155873460818
development,s9140101_g2_n1.0_b0_r0.25,9140101,2,1.0,0,0.25,426,rimls_8.0,OK,0.026733837999927346,True,True,0.22211591166660283,0.300615063846852,0.7098317586518923,0.9906103286384976,1.0,0.23199434806199618,1.0,0.3183312309901766,0.22635098892206476,0.2874178580289097,,self-report; not geometry-derived layer count or success,0.22190468899008625,0.23524358878602183,0.22211591166660283,1.0,1.7297677887811198,0.2702322112188802,0.8648838943905599
development,s9140101_g2_n1.0_b4_r1.0,9140101,2,1.0,4,1.0,768,identity,OK,0.0008285179999347747,True,True,3.214132688080149,3.960528906706538,7.201247299409692,0.22786458333333334,0.5572916666666666,1.9859728725744243,1.0,4.150104118530022,3.3740337631321182,4.149725927883632,,self-report; not geometry-derived layer count or success,3.3485019756670047,3.446544039533041,3.214132688080149,0.0,1.9308690506278527,0.06913094937214725,0.9654345253139264
development,s9140101_g2_n1.0_b4_r1.0,9140101,2,1.0,4,1.0,768,bias_only,OK,0.0007677480000438663,True,True,0.7588935356353727,0.9645798583137515,1.9872938529997501,0.734375,0.9830729166666666,0.72430456232575,1.0,0.9982353910342854,0.7869974726028236,0.9945448589613277,,self-report; not geometry-derived layer count or success,0.7927431422828337,0.8147743300421874,0.7588935356353727,1.0,1.963815740047317,0.03618425995268293,0.9819078700236585
development,s9140101_g2_n1.0_b4_r1.0,9140101,2,1.0,4,1.0,768,old_original,APPLY,0.0013636520000090968,True,True,0.2293320223862163,0.3409587024268615,0.7760193912482946,0.9791666666666666,1.0,0.2538931071442939,1.0,0.365221973109506,0.23449468922686031,0.33115454996561483,,self-report; not geometry-derived layer count or success,0.2446993665394543,0.28368609867844163,0.2293320223862163,1.0,1.7349292639553846,0.2650707360446154,0.8674646319776923
development,s9140101_g2_n1.0_b4_r1.0,9140101,2,1.0,4,1.0,768,atlas_tied_256,OK,0.0018530130000726786,True,True,0.0820962223721634,0.29060554396895405,0.13372051703757692,0.9895833333333334,0.9986979166666666,0.10571683494958484,1.0,0.3121607836027923,0.08523903868632184,0.30007175617619064,,self-report; not geometry-derived layer count or success,0.09338697393862345,0.12454946987777644,0.0820962223721634,1.0,1.9135053598847334,0.08649464011526664,0.9567526799423667
development,s9140101_g2_n1.0_b4_r1.0,9140101,2,1.0,4,1.0,768,atlas_relax_96,OK,0.01610124400008317,True,True,0.16398541409973152,0.3034406155290753,0.40430799517349164,0.9895833333333334,0.9986979166666666,0.177829704720458,1.0,0.31801600346869074,0.1657610423943535,0.3032513784130731,,self-report; not geometry-derived layer count or success,0.1770420398039716,0.22020089095679563,0.16398541409973152,1.0,1.9928160916450148,0.007183908354985169,0.9964080458225074
development,s9140101_g2_n1.0_b4_r1.0,9140101,2,1.0,4,1.0,768,spatial_12,OK,0.03849853099995926,True,True,0.06466847459573603,0.2518235468302727,0.07150602344354828,0.98828125,0.9986979166666666,0.09610844646656187,1.0,0.2764504678687063,0.06788976230158845,0.2645630932930571,,self-report; not geometry-derived layer count or success,0.07481737897201476,0.1012391715771509,0.06466847459573603,1.0,1.9491317844052465,0.05086821559475352,0.9745658922026232
development,s9140101_g2_n1.0_b4_r1.0,9140101,2,1.0,4,1.0,768,spatial_36,OK,0.10647182399998201,True,True,0.07246816398186534,0.2390835900000071,0.06456634483816949,0.98828125,0.9986979166666666,0.10219111522683692,1.0,0.27490172492381537,0.07794424004522692,0.2615356951122707,,self-report; not geometry-derived layer count or success,0.08628170150923181,0.11812653790752065,0.07246816398186534,1.0,1.9384785293148727,0.061521470685127255,0.9692392646574364
development,s9140101_g2_n1.0_b4_r1.0,9140101,2,1.0,4,1.0,768,spatial_108,OK,0.3031125359998441,True,True,0.07261265128077558,0.2391500238364455,0.06460386817923572,0.98828125,0.9986979166666666,0.10228265170007854,1.0,0.27496345110709214,0.07808929114720088,0.26157414423519953,,self-report; not geometry-derived layer count or success,0.08640543930539055,0.11817004953107249,0.07261265128077558,1.0,1.9383109952565976,0.06168900474340244,0.9691554976282988
development,s9140101_g2_n1.0_b4_r1.0,9140101,2,1.0,4,1.0,768,apss_0.5,OK,0.005759805000025153,True,True,0.7482801682306546,0.9543938992878207,1.96210349846565,0.7330729166666666,0.9830729166666666,0.721760958898332,1.0,0.9871907911666268,0.7751920610597992,0.9834661646776846,,self-report; not geometry-derived layer count or success,0.7813712283642844,0.8050670822201679,0.7482801682306546,1.0,1.9644383337225166,0.03556166627748336,0.9822191668612583
development,s9140101_g2_n1.0_b4_r1.0,9140101,2,1.0,4,1.0,768,apss_1.0,OK,0.007057382000084544,True,True,0.6254954763769707,0.8160330623062761,1.6081974198307507,0.7916666666666666,0.9856770833333334,0.6308544197495174,1.0,0.84382365520592,0.6446930453692604,0.8396310670253139,,self-report; not geometry-derived layer count or success,0.6499345872104876,0.6700437002308636,0.6254954763769707,1.0,1.977205591511191,0.02279440848880898,0.9886027957555955
development,s9140101_g2_n1.0_b4_r1.0,9140101,2,1.0,4,1.0,768,apss_2.0,OK,0.010105245999966428,True,True,0.3421310464084246,0.44142337314330743,0.8860901770146167,0.9609375,1.0,0.3627332207415517,1.0,0.45611864004297653,0.3452165614950083,0.4469557348490241,,self-report; not geometry-derived layer count or success,0.3563857970003855,0.39926355334699815,0.3421310464084246,1.0,1.9698943941545497,0.0301056058454503,0.9849471970772748
development,s9140101_g2_n1.0_b4_r1.0,9140101,2,1.0,4,1.0,768,apss_4.0,OK,0.013838394000003973,True,True,0.22983431330963397,0.3089173719736975,0.6860752451328354,0.9934895833333334,1.0,0.2519815959440845,1.0,0.3236709786539834,0.2310518209781942,0.3073959071532398,,self-report; not geometry-derived layer count or success,0.2463904977273136,0.30527761128715464,0.22983431330963397,1.0,1.8998729240661625,0.10012707593383752,0.9499364620330812
development,s9140101_g2_n1.0_b4_r1.0,9140101,2,1.0,4,1.0,768,apss_8.0,OK,0.024855099999967933,True,True,0.18318774109592093,0.2741336589901935,0.6517254038781469,0.9856770833333334,1.0,0.20922338426638457,1.0,0.2928093043896234,0.18536198495225387,0.26458155391988253,,self-report; not geometry-derived layer count or success,0.19904755636201737,0.25153084908577156,0.18318774109592093,1.0,1.8005637170695512,0.1994362829304488,0.9002818585347756
development,s9140101_g2_n1.0_b4_r1.0,9140101,2,1.0,4,1.0,768,rimls_0.5,OK,0.006450972000038746,True,True,0.74960482551493,0.9554582942815539,1.9629630927528567,0.7317708333333334,0.9830729166666666,0.723598738570742,1.0,0.9886876711924346,0.7766232385865872,0.984582203899302,,self-report; not geometry-derived layer count or success,0.7827191610709647,0.8060953533460445,0.74960482551493,1.0,1.9636876409134958,0.03631235908650421,0.9818438204567479
development,s9140101_g2_n1.0_b4_r1.0,9140101,2,1.0,4,1.0,768,rimls_1.0,OK,0.007517517000223961,True,True,0.6372193997792385,0.8299921586568553,1.6530633510018315,0.7864583333333334,0.9856770833333334,0.6501450852097707,1.0,0.8648734103346406,0.6570246102136224,0.8538704919252013,,self-report; not geometry-derived layer count or success,0.6623789061621757,0.6829210425714954,0.6372193997792385,1.0,1.976172651543352,0.023827348456648023,0.988086325771676
development,s9140101_g2_n1.0_b4_r1.0,9140101,2,1.0,4,1.0,768,rimls_2.0,OK,0.012020525000025373,True,True,0.35327088136910123,0.4550092680347871,0.953943445192824,0.9518229166666666,1.0,0.3891434153682139,1.0,0.481273160310429,0.3561466215626177,0.4600324915529119,,self-report; not geometry-derived layer count or success,0.36798588998862347,0.4134332282251194,0.35327088136910123,1.0,1.9780700736979453,0.021929926302054703,0.9890350368489726
development,s9140101_g2_n1.0_b4_r1.0,9140101,2,1.0,4,1.0,768,rimls_4.0,OK,0.021623851999947874,True,True,0.25926072937646855,0.33939925854457237,0.7482636874515093,0.9895833333333334,1.0,0.28543227679009187,1.0,0.35753737794820195,0.2601707803324605,0.33987459063299114,,self-report; not geometry-derived layer count or success,0.27681250824683523,0.34070459549000975,0.25926072937646855,1.0,1.9446402616257723,0.055359738374227696,0.9723201308128862
development,s9140101_g2_n1.0_b4_r1.0,9140101,2,1.0,4,1.0,768,rimls_8.0,OK,0.053665765000005194,True,True,0.2012650461769864,0.284354385374517,0.5945318226838459,0.9856770833333334,1.0,0.2271603366930907,1.0,0.3037018983751839,0.20296189747311655,0.2857457475939325,,self-report; not geometry-derived layer count or success,0.2163278014333302,0.2673576741646832,0.2012650461769864,1.0,1.8914237498947222,0.10857625010527783,0.9457118749473611
development,s9140101_g2_n1.0_b4_r0.25,9140101,2,1.0,4,0.25,426,identity,OK,0.0006071170000723214,True,True,3.2632449836762367,4.03433143269058,7.311244089181098,0.22535211267605634,0.5305164319248826,2.1989229995056183,1.0,4.1374101366132265,3.356438683876619,4.137303045190403,,self-report; not geometry-derived layer count or success,3.409428069914444,3.56839622802792,3.2632449836762367,0.0,1.9499147791445892,0.050085220855410784,0.9749573895722946
development,s9140101_g2_n1.0_b4_r0.25,9140101,2,1.0,4,0.25,426,bias_only,OK,0.00048493100007362955,True,True,0.7804556047761051,0.9941894526317567,2.010151413225728,0.7370892018779343,0.971830985915493,0.7314174118496852,1.0,1.0047433596630109,0.7874270277889807,1.001455881368796,,self-report; not geometry-derived layer count or success,0.7755017132740121,0.8112776568189177,0.7804556047761051,1.0,1.8615595214068628,0.13844047859313724,0.9307797607034314
development,s9140101_g2_n1.0_b4_r0.25,9140101,2,1.0,4,0.25,426,old_original,APPLY,0.0009475560000282712,True,True,0.23835046259507905,0.2957440717632241,0.5622305676787934,0.9460093896713615,1.0,0.28061691416291706,1.0,0.398733925204922,0.27304138670118944,0.3267373935953917,,self-report; not geometry-derived layer count or success,0.28819426638923534,0.333652905453373,0.23835046259507905,1.0,1.5267990647758085,0.4732009352241915,0.7633995323879043
development,s9140101_g2_n1.0_b4_r0.25,9140101,2,1.0,4,0.25,426,atlas_tied_256,OK,0.0011686489999647165,True,True,0.35733703280305334,0.43318514476160985,0.8239900865653164,0.9577464788732394,1.0,0.37893187883606233,1.0,0.46947427395780955,0.3723834409373578,0.3673645351031142,,self-report; not geometry-derived layer count or success,0.403336501959511,0.4961956850259705,0.35733703280305334,1.0,1.3906703464924817,0.6093296535075183,0.6953351732462408
development,s9140101_g2_n1.0_b4_r0.25,9140101,2,1.0,4,0.25,426,atlas_relax_96,OK,0.006954085999950621,True,True,0.28064948561194425,0.35908981672047147,0.7876773795622019,0.9647887323943662,1.0,0.30719832093433175,1.0,0.40951485529181636,0.29845970860019855,0.31992377845661174,,self-report; not geometry-derived layer count or success,0.32498621390477767,0.4045657298185149,0.28064948561194425,1.0,1.484397087901499,0.5156029120985011,0.7421985439507495
development,s9140101_g2_n1.0_b4_r0.25,9140101,2,1.0,4,0.25,426,spatial_12,OK,0.028083169999945312,True,True,0.3544155811463697,0.4309512679889989,0.8310655517661826,0.9553990610328639,1.0,0.37588344482244185,1.0,0.46820285619682617,0.3700825728308028,0.36751910215793937,,self-report; not geometry-derived layer count or success,0.4020010535505606,0.497756495709834,0.3544155811463697,1.0,1.3938292748258247,0.6061707251741753,0.6969146374129124
development,s9140101_g2_n1.0_b4_r0.25,9140101,2,1.0,4,0.25,426,spatial_36,OK,0.07749940799999422,True,True,0.3544155811463697,0.4309512679889989,0.8310655517661826,0.9553990610328639,1.0,0.37588344482244185,1.0,0.46820285619682617,0.3700825728308028,0.36751910215793937,,self-report; not geometry-derived layer count or success,0.4020010535505606,0.497756495709834,0.3544155811463697,1.0,1.3938292748258247,0.6061707251741753,0.6969146374129124
development,s9140101_g2_n1.0_b4_r0.25,9140101,2,1.0,4,0.25,426,spatial_108,OK,0.2410640410000724,True,True,0.3544155811463697,0.4309512679889989,0.8310655517661826,0.9553990610328639,1.0,0.37588344482244185,1.0,0.46820285619682617,0.3700825728308028,0.36751910215793937,,self-report; not geometry-derived layer count or success,0.4020010535505606,0.497756495709834,0.3544155811463697,1.0,1.3938292748258247,0.6061707251741753,0.6969146374129124
development,s9140101_g2_n1.0_b4_r0.25,9140101,2,1.0,4,0.25,426,apss_0.5,OK,0.0033573720002095797,True,True,0.7630085229610042,0.9813109118345263,1.9587114091579514,0.7347417840375586,0.9741784037558685,0.7222864634794456,1.0,0.990958567813133,0.7696312203759903,0.9876589423952583,,self-report; not geometry-derived layer count or success,0.7533212831521191,0.8022510948237329,0.7630085229610042,1.0,1.8625520499973611,0.13744795000263887,0.9312760249986806
development,s9140101_g2_n1.0_b4_r0.25,9140101,2,1.0,4,0.25,426,apss_1.0,OK,0.0033694269998250093,True,True,0.6507514059849709,0.8517525684083673,1.7091331449087404,0.784037558685446,0.9835680751173709,0.6327214815241284,1.0,0.8567677198145847,0.6536845995791107,0.8521796707126819,,self-report; not geometry-derived layer count or success,0.6310309372729912,0.6989919241913495,0.6507514059849709,1.0,1.8468964033246662,0.1531035966753338,0.9234482016623331
development,s9140101_g2_n1.0_b4_r0.25,9140101,2,1.0,4,0.25,426,apss_2.0,OK,0.0044419099999686296,True,True,0.3928248900941139,0.5063564488851653,1.0255311922755135,0.9413145539906104,1.0,0.4032231542952953,1.0,0.5153227255973516,0.3956206015200723,0.502987671865962,,self-report; not geometry-derived layer count or success,0.37599930452113317,0.4348631955179505,0.3928248900941139,1.0,1.8038792256308158,0.19612077436918418,0.9019396128154079
development,s9140101_g2_n1.0_b4_r0.25,9140101,2,1.0,4,0.25,426,apss_4.0,OK,0.004778738999902998,True,True,0.27446402280236537,0.35398520491148405,0.7434174845969771,0.9929577464788732,1.0,0.28599667555644015,1.0,0.36231485771067673,0.275635370728765,0.3338539798655494,,self-report; not geometry-derived layer count or success,0.2650399570202735,0.2968261981457478,0.27446402280236537,1.0,1.7306295593709649,0.26937044062903515,0.8653147796854824
development,s9140101_g2_n1.0_b4_r0.25,9140101,2,1.0,4,0.25,426,apss_8.0,OK,0.005543198000168559,True,True,0.24510229495113472,0.32011922649145974,0.711864741299818,0.9859154929577465,1.0,0.25948918433178003,1.0,0.33969765660024254,0.25009405028692683,0.27410890401887855,,self-report; not geometry-derived layer count or success,0.24683351813066093,0.2566151145994588,0.24510229495113472,1.0,1.5971222928436004,0.4028777071563996,0.7985611464218002
development,s9140101_g2_n1.0_b4_r0.25,9140101,2,1.0,4,0.25,426,rimls_0.5,OK,0.0035453469999993104,True,True,0.7610585572974882,0.9805838162285392,1.95675092267594,0.7323943661971831,0.9741784037558685,0.7228714423938011,1.0,0.989612358497804,0.767096585721763,0.9859408725078477,,self-report; not geometry-derived layer count or success,0.7500608271513745,0.8011681028625398,0.7610585572974882,1.0,1.8632672881441887,0.13673271185581126,0.9316336440720944
development,s9140101_g2_n1.0_b4_r0.25,9140101,2,1.0,4,0.25,426,rimls_1.0,OK,0.00474231799989866,True,True,0.6289175337555938,0.8243705784390114,1.6194163841810525,0.784037558685446,0.9835680751173709,0.6342290006932314,1.0,0.8357961789939676,0.6314379452188194,0.8241206962773464,,self-report; not geometry-derived layer count or success,0.6120794235400578,0.6701549885763423,0.6289175337555938,1.0,1.8504992125164077,0.1495007874835923,0.9252496062582038
development,s9140101_g2_n1.0_b4_r0.25,9140101,2,1.0,4,0.25,426,rimls_2.0,OK,0.007376553000085551,True,True,0.3785321604121109,0.486144743402927,0.9989865981497208,0.9389671361502347,1.0,0.40588998241188756,1.0,0.5072522162857352,0.3813745748733951,0.4839094735544954,,self-report; not geometry-derived layer count or success,0.36369970916326094,0.4167352194916227,0.3785321604121109,1.0,1.8173265481185366,0.18267345188146344,0.9086632740592683
development,s9140101_g2_n1.0_b4_r0.25,9140101,2,1.0,4,0.25,426,rimls_4.0,OK,0.012774359000104596,True,True,0.2966628341653583,0.380860785444041,0.7879988259275249,0.9906103286384976,1.0,0.31398272835783964,1.0,0.3923437650018932,0.2973767607985877,0.3686133431642279,,self-report; not geometry-derived layer count or success,0.2837315297134364,0.3246672229688904,0.2966628341653583,1.0,1.782144891867854,0.21785510813214604,0.891072445933927
development,s9140101_g2_n1.0_b4_r0.25,9140101,2,1.0,4,0.25,426,rimls_8.0,OK,0.02654136599994672,True,True,0.22343454349676187,0.3067813031476841,0.7146911112985164,0.9929577464788732,1.0,0.23972590167115443,1.0,0.32439049800006936,0.22681387497715377,0.2858445793598898,,self-report; not geometry-derived layer count or success,0.21493077346525763,0.250580078000946,0.22343454349676187,1.0,1.7250291347159552,0.2749708652840448,0.8625145673579776
development,s9140101_g2_n2.0_b0_r1.0,9140101,2,2.0,0,1.0,768,identity,OK,0.0008450450000054843,True,True,1.4658629002975188,1.8968856079043541,3.880062052937324,0.40234375,0.7994791666666666,1.2873980381287746,1.0,2.0009098160406382,1.589333418122086,1.9985993711857304,,self-report; not geometry-derived layer count or success,1.603301764935765,1.6569402167002938,1.4658629002975188,0.0,1.9300602779068046,0.06993972209319543,0.9650301389534023
development,s9140101_g2_n2.0_b0_r1.0,9140101,2,2.0,0,1.0,768,bias_only,OK,0.0007831109999187902,True,True,1.4510109721078355,1.8902906713340342,3.9388661169124806,0.4166666666666667,0.8033854166666666,1.2739919684763217,1.0,1.991176373538464,1.5734262680308773,1.9888395662911496,,self-report; not geometry-derived layer count or success,1.5851866711226226,1.6303465893266034,1.4510109721078355,1.0,1.92896137515834,0.0710386248416599,0.96448068757917
development,s9140101_g2_n2.0_b0_r1.0,9140101,2,2.0,0,1.0,768,old_original,APPLY,0.0014787500001602893,True,True,0.3882128867724928,0.477962589028692,0.9338684706062127,0.9401041666666666,1.0,0.40596522854902045,1.0,0.5044273805435457,0.399958359198686,0.4392435651979652,,self-report; not geometry-derived layer count or success,0.4117766622915051,0.4571428004263347,0.3882128867724928,1.0,1.531260052331093,0.4687399476689069,0.7656300261655465
development,s9140101_g2_n2.0_b0_r1.0,9140101,2,2.0,0,1.0,768,atlas_tied_256,OK,0.0017750790000263805,True,True,0.37191547250907586,0.4762290224862081,0.9599750988197213,0.95703125,1.0,0.3798180825048358,1.0,0.4819000962265543,0.37350561646877517,0.3878303472980963,,self-report; not geometry-derived layer count or success,0.3928764758036306,0.4672604201164933,0.37191547250907586,1.0,1.4226265276140215,0.5773734723859785,0.7113132638070108
development,s9140101_g2_n2.0_b0_r1.0,9140101,2,2.0,0,1.0,768,atlas_relax_96,OK,0.012357281000049625,True,True,0.33532418481232745,0.42111285785260966,0.8683661333713852,0.9583333333333334,1.0,0.36275630086506183,1.0,0.46597276483770944,0.35209669840445823,0.4193089207973121,,self-report; not geometry-derived layer count or success,0.35914627189088566,0.3862166340787668,0.33532418481232745,1.0,1.6989619673165446,0.3010380326834554,0.8494809836582723
development,s9140101_g2_n2.0_b0_r1.0,9140101,2,2.0,0,1.0,768,spatial_12,OK,0.04069727699993564,True,True,0.40889315006626514,0.49813268230708085,0.9254462920142871,0.9518229166666666,1.0,0.42445503479830354,1.0,0.5193176079110513,0.4184012182693145,0.40866355599724075,,self-report; not geometry-derived layer count or success,0.4069961348690746,0.4507917253115218,0.40889315006626514,1.0,1.371534840491829,0.628465159508171,0.6857674202459145
development,s9140101_g2_n2.0_b0_r1.0,9140101,2,2.0,0,1.0,768,spatial_36,OK,0.10536875699995107,True,True,0.40889315006626514,0.49813268230708085,0.9254462920142871,0.9518229166666666,1.0,0.42445503479830354,1.0,0.5193176079110513,0.4184012182693145,0.40866355599724075,,self-report; not geometry-derived layer count or success,0.4069961348690746,0.4507917253115218,0.40889315006626514,1.0,1.371534840491829,0.628465159508171,0.6857674202459145
development,s9140101_g2_n2.0_b0_r1.0,9140101,2,2.0,0,1.0,768,spatial_108,OK,0.3072807170001397,True,True,0.40889315006626514,0.49813268230708085,0.9254462920142871,0.9518229166666666,1.0,0.42445503479830354,1.0,0.5193176079110513,0.4184012182693145,0.40866355599724075,,self-report; not geometry-derived layer count or success,0.4069961348690746,0.4507917253115218,0.40889315006626514,1.0,1.371534840491829,0.628465159508171,0.6857674202459145
development,s9140101_g2_n2.0_b0_r1.0,9140101,2,2.0,0,1.0,768,apss_0.5,OK,0.0054170739999790385,True,True,1.4486529659288419,1.8878660196595274,3.9388661169124806,0.4114583333333333,0.8033854166666666,1.2792524131426664,1.0,1.988857548741669,1.571364589997673,1.9865153077354227,,self-report; not geometry-derived layer count or success,1.5830288295045758,1.627819483710336,1.4486529659288419,1.0,1.9292546177650731,0.07074538223492688,0.9646273088825366
development,s9140101_g2_n2.0_b0_r1.0,9140101,2,2.0,0,1.0,768,apss_1.0,OK,0.005831070000112959,True,True,1.3948725665360004,1.830632354125734,3.760060472880516,0.4348958333333333,0.8098958333333334,1.260286942520467,1.0,1.926145398079664,1.5066357609544792,1.9238452569638451,,self-report; not geometry-derived layer count or success,1.517679998018549,1.5600898683445767,1.3948725665360004,1.0,1.9327784346718953,0.06722156532810475,0.9663892173359476
development,s9140101_g2_n2.0_b0_r1.0,9140101,2,2.0,0,1.0,768,apss_2.0,OK,0.007891853000046467,True,True,0.9778170090764785,1.3291556825975797,2.7986390133720853,0.6236979166666666,0.9140625,0.9227243236557797,1.0,1.39102168544224,1.0376056833742677,1.386287112971412,,self-report; not geometry-derived layer count or success,1.0533316133468233,1.1137191844414371,0.9778170090764785,1.0,1.9397302099702218,0.06026979002977817,0.9698651049851109
development,s9140101_g2_n2.0_b0_r1.0,9140101,2,2.0,0,1.0,768,apss_4.0,OK,0.009002497999972547,True,True,0.4870712691379298,0.6416960235159145,1.3426601924400623,0.8815104166666666,0.9973958333333334,0.49468547449220573,1.0,0.6585593336292422,0.49163059489308125,0.6425889848095553,,self-report; not geometry-derived layer count or success,0.5191391149679233,0.6247260250802531,0.4870712691379298,1.0,1.8716011080466461,0.12839889195335386,0.9358005540233231
development,s9140101_g2_n2.0_b0_r1.0,9140101,2,2.0,0,1.0,768,apss_8.0,OK,0.010997677999966982,True,True,0.29801659676574277,0.40972176781656616,0.8808409149752858,0.9622395833333334,1.0,0.31449039588117966,1.0,0.4291141611918148,0.3022996790882512,0.4002865840013469,,self-report; not geometry-derived layer count or success,0.32532621796941324,0.41368661562210995,0.29801659676574277,1.0,1.7455123950074574,0.25448760499254264,0.8727561975037287
development,s9140101_g2_n2.0_b0_r1.0,9140101,2,2.0,0,1.0,768,rimls_0.5,OK,0.0056535170001552615,True,True,1.4482711069960892,1.8873175546643017,3.9388661169124806,0.41015625,0.8046875,1.2820513724376557,1.0,1.9884358327187999,1.571072527885711,1.9859980425789276,,self-report; not geometry-derived layer count or success,1.5828164577234607,1.6279131223029248,1.4482711069960892,1.0,1.9294708399034928,0.07052916009650723,0.9647354199517464
development,s9140101_g2_n2.0_b0_r1.0,9140101,2,2.0,0,1.0,768,rimls_1.0,OK,0.0075498599999264115,True,True,1.3796685385138623,1.8144470602931524,3.751526792349386,0.4322916666666667,0.80078125,1.2793469074623476,1.0,1.9142090453423957,1.488600625126433,1.9064500757983767,,self-report; not geometry-derived layer count or success,1.4996737063748582,1.5421943383688104,1.3796685385138623,1.0,1.9195300964721813,0.08046990352781869,0.9597650482360907
development,s9140101_g2_n2.0_b0_r1.0,9140101,2,2.0,0,1.0,768,rimls_2.0,OK,0.012143463000029442,True,True,0.8338997625451251,1.1556305005157512,2.2540593169651064,0.6471354166666666,0.9244791666666666,0.9075397893763736,1.0,1.298555405258124,0.8716538051562125,1.1887397512620133,,self-report; not geometry-derived layer count or success,0.89306293273484,0.9749032981148397,0.8338997625451251,1.0,1.9232420870361853,0.07675791296381473,0.9616210435180926
development,s9140101_g2_n2.0_b0_r1.0,9140101,2,2.0,0,1.0,768,rimls_4.0,OK,0.022987120999914623,True,True,0.4944980847116045,0.6500933402017257,1.4188546692168318,0.8671875,0.9921875,0.559747093158136,1.0,0.7019496507287661,0.498270618514352,0.6524038929783859,,self-report; not geometry-derived layer count or success,0.529726449285584,0.6500838484972606,0.4944980847116045,1.0,1.9124704295956478,0.08752957040435216,0.9562352147978239
development,s9140101_g2_n2.0_b0_r1.0,9140101,2,2.0,0,1.0,768,rimls_8.0,OK,0.05721481899990977,True,True,0.33294476718166033,0.45470178936140176,0.9095320597850536,0.9544270833333334,0.9986979166666666,0.36478743112717876,1.0,0.4841706896813231,0.3368886442208138,0.45402420424259915,,self-report; not geometry-derived layer count or success,0.36162467188876446,0.4562231236090188,0.33294476718166033,1.0,1.8029669645000446,0.19703303549995543,0.9014834822500223
development,s9140101_g2_n2.0_b0_r0.25,9140101,2,2.0,0,0.25,426,identity,OK,0.0007390420000774611,True,True,1.5528626423995726,1.9815611674026343,3.9362706977388067,0.392018779342723,0.7887323943661971,1.3427013568092696,1.0,2.0278397202020173,1.6071149353462064,2.0198831674797395,,self-report; not geometry-derived layer count or success,1.582202294669163,1.6569402167002938,1.5528626423995726,0.0,1.7419549473707894,0.2580450526292106,0.8709774736853947
development,s9140101_g2_n2.0_b0_r0.25,9140101,2,2.0,0,0.25,426,bias_only,OK,0.0005147990000295977,True,True,1.5185890522030325,1.961435443278587,3.995242641874559,0.4295774647887324,0.7981220657276995,1.3158911683470467,1.0,2.0101293213951985,1.580071718719772,2.0015586913601395,,self-report; not geometry-derived layer count or success,1.5580159630040669,1.6241832301511818,1.5185890522030325,1.0,1.7237638051027908,0.2762361948972092,0.8618819025513954
development,s9140101_g2_n2.0_b0_r0.25,9140101,2,2.0,0,0.25,426,old_original,APPLY,0.0009190299999772833,True,True,0.35311216491806524,0.4324840999649974,0.8636730658875047,0.9272300469483568,1.0,0.3868865677608602,1.0,0.5003680816752155,0.3843549404194571,0.33337432119521615,,self-report; not geometry-derived layer count or success,0.44653643818018907,0.633080931462385,0.35311216491806524,1.0,1.2621559444705652,0.7378440555294348,0.6310779722352826
development,s9140101_g2_n2.0_b0_r0.25,9140101,2,2.0,0,0.25,426,atlas_tied_256,OK,0.00116926800001238,True,True,0.3567857295817118,0.43639567927831785,0.8693076843010172,0.9366197183098591,1.0,0.38929373688195257,1.0,0.49698071091147666,0.38412595226745594,0.33038049120174096,,self-report; not geometry-derived layer count or success,0.442281641285218,0.6167487083385043,0.3567857295817118,1.0,1.2508400016934413,0.7491599983065587,0.6254200008467207
development,s9140101_g2_n2.0_b0_r0.25,9140101,2,2.0,0,0.25,426,atlas_relax_96,OK,0.006916807000152403,True,True,0.41685367996660827,0.4952295477631831,0.9265843878899003,0.9295774647887324,1.0,0.46585120219603576,1.0,0.5727272733436191,0.45561717520711636,0.4187088066848168,,self-report; not geometry-derived layer count or success,0.5071121786484672,0.66159718897252,0.41685367996660827,1.0,1.2900507090379123,0.7099492909620877,0.6450253545189562
development,s9140101_g2_n2.0_b0_r0.25,9140101,2,2.0,0,0.25,426,spatial_12,OK,0.02852721800013569,True,True,0.35311216491806524,0.4324840999649974,0.8636730658875047,0.9272300469483568,1.0,0.3868865677608602,1.0,0.5003680816752155,0.3843549404194571,0.33337432119521615,,self-report; not geometry-derived layer count or success,0.4465364381801891,0.633080931462385,0.35311216491806524,1.0,1.2621559444705652,0.7378440555294348,0.6310779722352826
development,s9140101_g2_n2.0_b0_r0.25,9140101,2,2.0,0,0.25,426,spatial_36,OK,0.07779470800005583,True,True,0.35311216491806524,0.4324840999649974,0.8636730658875047,0.9272300469483568,1.0,0.3868865677608602,1.0,0.5003680816752155,0.3843549404194571,0.33337432119521615,,self-report; not geometry-derived layer count or success,0.4465364381801891,0.633080931462385,0.35311216491806524,1.0,1.2621559444705652,0.7378440555294348,0.6310779722352826
development,s9140101_g2_n2.0_b0_r0.25,9140101,2,2.0,0,0.25,426,spatial_108,OK,0.2252616250000301,True,True,0.35311216491806524,0.4324840999649974,0.8636730658875047,0.9272300469483568,1.0,0.3868865677608602,1.0,0.5003680816752155,0.3843549404194571,0.33337432119521615,,self-report; not geometry-derived layer count or success,0.4465364381801891,0.633080931462385,0.35311216491806524,1.0,1.2621559444705652,0.7378440555294348,0.6310779722352826
development,s9140101_g2_n2.0_b0_r0.25,9140101,2,2.0,0,0.25,426,apss_0.5,OK,0.003303959000049872,True,True,1.5115810924904645,1.956014128564362,3.9898002831849047,0.43427230046948356,0.7981220657276995,1.3167517283762984,1.0,2.0035193012481596,1.5706720190370607,1.9950393494395033,,self-report; not geometry-derived layer count or success,1.5456006620178686,1.6208147330754439,1.5115810924904645,1.0,1.7262722275774962,0.2737277724225038,0.8631361137887481
development,s9140101_g2_n2.0_b0_r0.25,9140101,2,2.0,0,0.25,426,apss_1.0,OK,0.0033221609999145585,True,True,1.4053508587679266,1.853870872904818,3.763613587624768,0.45774647887323944,0.8075117370892019,1.248145425806086,1.0,1.8954014677740807,1.4547457578344138,1.8861425457751864,,self-report; not geometry-derived layer count or success,1.4087134150133611,1.5468104434765197,1.4053508587679266,1.0,1.714771650160095,0.2852283498399051,0.8573858250800475
development,s9140101_g2_n2.0_b0_r0.25,9140101,2,2.0,0,0.25,426,apss_2.0,OK,0.004414224999891303,True,True,0.9429901523512386,1.2726857004183465,2.6500327693672925,0.6408450704225352,0.9178403755868545,0.8836378953279566,1.0,1.294166990516521,0.962775298209143,1.273936217584395,,self-report; not geometry-derived layer count or success,0.9015864165490184,1.085153061529392,0.9429901523512386,1.0,1.6623976890977605,0.33760231090223947,0.8311988445488803
development,s9140101_g2_n2.0_b0_r0.25,9140101,2,2.0,0,0.25,426,apss_4.0,OK,0.004967829999941387,True,True,0.5449062214769241,0.6938285762161288,1.411566823135537,0.8591549295774648,0.9953051643192489,0.5550953014142902,1.0,0.7058851719998191,0.5465112027384168,0.6570717762429872,,self-report; not geometry-derived layer count or success,0.5242495124751673,0.5911072412633291,0.5449062214769241,1.0,1.5777245963746789,0.4222754036253211,0.7888622981873394
development,s9140101_g2_n2.0_b0_r0.25,9140101,2,2.0,0,0.25,426,apss_8.0,OK,0.005717713000194635,True,True,0.3886609952358664,0.47951394096309785,0.9161540908317394,0.9553990610328639,1.0,0.408307732575181,1.0,0.5037330122699315,0.3968472084616915,0.40696156031520453,,self-report; not geometry-derived layer count or success,0.4119419997636721,0.4571695920863599,0.3886609952358664,1.0,1.4134265202504377,0.5865734797495623,0.7067132601252188
development,s9140101_g2_n2.0_b0_r0.25,9140101,2,2.0,0,0.25,426,rimls_0.5,OK,0.0038246780000008584,True,True,1.5102623735271514,1.9545049363669034,3.9894008271761963,0.43661971830985913,0.7981220657276995,1.3233973876766663,1.0,2.0023166519916207,1.5692685403054034,1.9935471595303464,,self-report; not geometry-derived layer count or success,1.543777407243471,1.6202508064292676,1.5102623735271514,1.0,1.727081074290971,0.272918925709029,0.8635405371454855
development,s9140101_g2_n2.0_b0_r0.25,9140101,2,2.0,0,0.25,426,rimls_1.0,OK,0.004430807000062487,True,True,1.3815460670348458,1.8336740073079718,3.6748243166912866,0.45774647887323944,0.8028169014084507,1.2617907800286907,1.0,1.8786395258650332,1.429940685118847,1.8607294117445992,,self-report; not geometry-derived layer count or success,1.3805136303177732,1.5287947947209939,1.3815460670348458,1.0,1.7092701704263358,0.2907298295736642,0.8546350852131679
development,s9140101_g2_n2.0_b0_r0.25,9140101,2,2.0,0,0.25,426,rimls_2.0,OK,0.006812472000092384,True,True,0.8433885268039593,1.1361363557460522,2.3223212747901547,0.6267605633802817,0.9225352112676056,0.8980842105322397,1.0,1.238174567278771,0.860203822516243,1.1340285800947962,,self-report; not geometry-derived layer count or success,0.8113156713861134,0.9585553972294275,0.8433885268039593,1.0,1.6773500080235335,0.3226499919764665,0.8386750040117668
development,s9140101_g2_n2.0_b0_r0.25,9140101,2,2.0,0,0.25,426,rimls_4.0,OK,0.012227990000155842,True,True,0.5656532513828479,0.7264094281761204,1.5347150942881036,0.8333333333333334,0.9882629107981221,0.6216838259933749,1.0,0.7684357643014671,0.567694522538787,0.6974775658590092,,self-report; not geometry-derived layer count or success,0.542872334746713,0.6180812078133942,0.5656532513828479,1.0,1.6158843121010358,0.3841156878989642,0.8079421560505179
development,s9140101_g2_n2.0_b0_r0.25,9140101,2,2.0,0,0.25,426,rimls_8.0,OK,0.027537556999959634,True,True,0.38461418883575466,0.48636940908852805,0.9878263616189227,0.9413145539906104,0.9976525821596244,0.4142054707366559,1.0,0.515686762005291,0.39014650759818814,0.4372713540284911,,self-report; not geometry-derived layer count or success,0.3869240327838678,0.397153890799817,0.38461418883575466,1.0,1.5004271441031762,0.49957285589682376,0.7502135720515881
development,s9140101_g2_n2.0_b4_r1.0,9140101,2,2.0,4,1.0,768,identity,OK,0.0008318909999616153,True,True,3.5091600357568153,4.3299561338816694,7.957896508760987,0.19401041666666666,0.4778645833333333,2.208532475665186,1.0,4.522007124634325,3.6939278028709026,4.520832029186323,,self-report; not geometry-derived layer count or success,3.68369125902486,3.722999587393666,3.5091600357568153,0.0,1.8958991895812556,0.10410081041874442,0.9479495947906278
development,s9140101_g2_n2.0_b4_r1.0,9140101,2,2.0,4,1.0,768,bias_only,OK,0.000755270999889035,True,True,1.4513595159142347,1.8902330559127796,3.9372654840951404,0.41015625,0.8059895833333334,1.279457285359306,1.0,1.9936225955486326,1.5735928130133534,1.9888286606362928,,self-report; not geometry-derived layer count or success,1.5853533198111234,1.6304797427040398,1.4513595159142347,1.0,1.9286531480990539,0.07134685190094614,0.9643265740495269
development,s9140101_g2_n2.0_b4_r1.0,9140101,2,2.0,4,1.0,768,old_original,APPLY,0.0012853020000420656,True,True,0.3652746847023373,0.45756277661701383,0.9150958993276941,0.95703125,1.0,0.4017260681920585,1.0,0.4922193138094443,0.37534523144163806,0.42098980376665807,,self-report; not geometry-derived layer count or success,0.38498113371963816,0.4217498219106893,0.3652746847023373,1.0,1.560948001645508,0.43905199835449205,0.780474000822754
development,s9140101_g2_n2.0_b4_r1.0,9140101,2,2.0,4,1.0,768,atlas_tied_256,OK,0.001733657999920979,True,True,0.3699418283348374,0.47545644974617096,0.9615149346971307,0.95703125,1.0,0.39696074979309887,1.0,0.49085824142555756,0.37134158921193317,0.3876909554271013,,self-report; not geometry-derived layer count or success,0.3904436640639838,0.4637492143752679,0.3699418283348374,1.0,1.4258914561580367,0.5741085438419633,0.7129457280790183
development,s9140101_g2_n2.0_b4_r1.0,9140101,2,2.0,4,1.0,768,atlas_relax_96,OK,0.012394524999990608,True,True,0.3373460157521588,0.42700114708786585,0.8650267003569725,0.9518229166666666,0.9986979166666666,0.38610235260964765,1.0,0.48501383271528153,0.35554433096288873,0.4204644345819252,,self-report; not geometry-derived layer count or success,0.35636010198568757,0.35946873428503673,0.3373460157521588,1.0,1.6650489610047101,0.3349510389952899,0.8325244805023551
development,s9140101_g2_n2.0_b4_r1.0,9140101,2,2.0,4,1.0,768,spatial_12,OK,0.03843228400000953,True,True,0.4088988110913518,0.49811384703501826,0.9239815834524246,0.9479166666666666,1.0,0.44071437013864956,1.0,0.5286882996263708,0.41840389883853213,0.40856046701735865,,self-report; not geometry-derived layer count or success,0.4070294857382011,0.45074626387086986,0.4088988110913518,1.0,1.3712955254711767,0.6287044745288233,0.6856477627355884
development,s9140101_g2_n2.0_b4_r1.0,9140101,2,2.0,4,1.0,768,spatial_36,OK,0.10534500000017033,True,True,0.4088988110913518,0.49811384703501826,0.9239815834524246,0.9479166666666666,1.0,0.44071437013864956,1.0,0.5286882996263708,0.41840389883853213,0.40856046701735865,,self-report; not geometry-derived layer count or success,0.4070294857382011,0.45074626387086986,0.4088988110913518,1.0,1.3712955254711767,0.6287044745288233,0.6856477627355884
development,s9140101_g2_n2.0_b4_r1.0,9140101,2,2.0,4,1.0,768,spatial_108,OK,0.31691996900008235,True,True,0.4088988110913518,0.49811384703501826,0.9239815834524246,0.9479166666666666,1.0,0.44071437013864956,1.0,0.5286882996263708,0.41840389883853213,0.40856046701735865,,self-report; not geometry-derived layer count or success,0.4070294857382011,0.45074626387086986,0.4088988110913518,1.0,1.3712955254711767,0.6287044745288233,0.6856477627355884
development,s9140101_g2_n2.0_b4_r1.0,9140101,2,2.0,4,1.0,768,apss_0.5,OK,0.005582946000004085,True,True,1.448030765570193,1.8869032519195592,3.9372654840951404,0.4049479166666667,0.80859375,1.2876132012748989,1.0,1.9904211891322536,1.5705345906501533,1.9856065163792171,,self-report; not geometry-derived layer count or success,1.5821939224482935,1.6269318822245016,1.448030765570193,1.0,1.9285280643186389,0.07147193568136112,0.9642640321593194
development,s9140101_g2_n2.0_b4_r1.0,9140101,2,2.0,4,1.0,768,apss_1.0,OK,0.0069185520001155965,True,True,1.3733301609382524,1.8074388713089466,3.676780604145402,0.4375,0.796875,1.2782918821008293,1.0,1.904460759192593,1.480662339757987,1.898836271665916,,self-report; not geometry-derived layer count or success,1.4931065659444474,1.5408803993961293,1.3733301609382524,1.0,1.9220901036694356,0.07790989633056444,0.9610450518347178
development,s9140101_g2_n2.0_b4_r1.0,9140101,2,2.0,4,1.0,768,apss_2.0,OK,0.010607431999915207,True,True,0.7555789673341863,1.0112161371685364,2.0832026412541635,0.69921875,0.94140625,0.7996897390814555,1.0,1.058418469662786,0.7854710626353851,1.0435846476369615,,self-report; not geometry-derived layer count or success,0.8061115705365807,0.8853641613485056,0.7555789673341863,1.0,1.975286007590203,0.024713992409796992,0.9876430037951015
development,s9140101_g2_n2.0_b4_r1.0,9140101,2,2.0,4,1.0,768,apss_4.0,OK,0.01608397699988018,True,True,0.4269747058268485,0.5716420665600039,1.2594764988344693,0.9036458333333334,0.9986979166666666,0.4686181528439998,1.0,0.5995431026641317,0.43054684401785787,0.571005820188834,,self-report; not geometry-derived layer count or success,0.46003900137755754,0.5731888533259897,0.4269747058268485,1.0,1.8656453845162677,0.1343546154837323,0.9328226922581339
development,s9140101_g2_n2.0_b4_r1.0,9140101,2,2.0,4,1.0,768,apss_8.0,OK,0.02998452399992857,True,True,0.2906631102970855,0.40464505503308285,0.8616855218636149,0.9583333333333334,1.0,0.33256630701505924,1.0,0.43802665586108125,0.2956507365847451,0.39578623497232707,,self-report; not geometry-derived layer count or success,0.3186504337884161,0.4066560381980029,0.2906631102970855,1.0,1.7363852869253027,0.2636147130746973,0.8681926434626513
development,s9140101_g2_n2.0_b4_r1.0,9140101,2,2.0,4,1.0,768,rimls_0.5,OK,0.005830736000007164,True,True,1.4483987374954506,1.8872029970351443,3.9372654840951404,0.40625,0.80859375,1.2874872380598725,1.0,1.9907710658193387,1.5708840536380102,1.9858858810210884,,self-report; not geometry-derived layer count or success,1.5826036840022408,1.6275731871736814,1.4483987374954506,1.0,1.9289600314248863,0.07103996857511374,0.9644800157124431
development,s9140101_g2_n2.0_b4_r1.0,9140101,2,2.0,4,1.0,768,rimls_1.0,OK,0.007615536000002976,True,True,1.380819556466528,1.815305736587271,3.7510826971822095,0.4309895833333333,0.80078125,1.2851253229192963,1.0,1.9174752675108737,1.489389171159169,1.907128824090965,,self-report; not geometry-derived layer count or success,1.5006689493165504,1.543971114316425,1.380819556466528,1.0,1.9198545115672458,0.08014548843275415,0.9599272557836229
development,s9140101_g2_n2.0_b4_r1.0,9140101,2,2.0,4,1.0,768,rimls_2.0,OK,0.01274975599994832,True,True,0.8337619273245473,1.155743765934928,2.2634631623900248,0.640625,0.9244791666666666,0.9140554288605031,1.0,1.302918456010966,0.8711480005935565,1.1886913879949572,,self-report; not geometry-derived layer count or success,0.8934705848692299,0.9787792652327003,0.8337619273245473,1.0,1.9196572082297847,0.0803427917702153,0.9598286041148923
development,s9140101_g2_n2.0_b4_r1.0,9140101,2,2.0,4,1.0,768,rimls_4.0,OK,0.024199365000185935,True,True,0.49279897965445535,0.649620832580216,1.416833857846229,0.8684895833333334,0.9921875,0.5686587703253047,1.0,0.708101955072539,0.49703649779474074,0.6524252235126498,,self-report; not geometry-derived layer count or success,0.5281549887521786,0.6472128789456033,0.49279897965445535,1.0,1.906963234490249,0.09303676550975104,0.9534816172451245
development,s9140101_g2_n2.0_b4_r1.0,9140101,2,2.0,4,1.0,768,rimls_8.0,OK,0.05996203099994091,True,True,0.33279698574539424,0.454862010660929,0.9038631589672219,0.9518229166666666,0.9986979166666666,0.3823743954215788,1.0,0.49433914170673543,0.3369794863826257,0.45371720273767624,,self-report; not geometry-derived layer count or success,0.36134762406503645,0.45440747455569286,0.33279698574539424,1.0,1.7916684549883943,0.20833154501160567,0.8958342274941972
development,s9140101_g2_n2.0_b4_r0.25,9140101,2,2.0,4,0.25,426,identity,OK,0.0006402720000551199,True,True,3.6154295601226676,4.437243233945516,8.040039927278036,0.1784037558685446,0.4413145539906103,2.444975612276805,1.0,4.54660766421397,3.7209427702654057,4.545045593145057,,self-report; not geometry-derived layer count or success,3.7592226900700814,3.874062449484108,3.6154295601226676,0.0,1.8208922528299845,0.17910774717001554,0.9104461264149922
development,s9140101_g2_n2.0_b4_r0.25,9140101,2,2.0,4,0.25,426,bias_only,OK,0.00048071900005197676,True,True,1.5193286001996842,1.9600585529201442,3.994109190657425,0.4225352112676056,0.8051643192488263,1.31595198943004,1.0,2.0083650134657147,1.5781004995337837,2.0015500092801393,,self-report; not geometry-derived layer count or success,1.5551909704374152,1.623919557726521,1.5193286001996842,1.0,1.7237810785043428,0.2762189214956572,0.8618905392521714
development,s9140101_g2_n2.0_b4_r0.25,9140101,2,2.0,4,0.25,426,old_original,APPLY,0.0009037390000230516,True,True,0.35519964452436426,0.43500263711883036,0.8620211180779414,0.9389671361502347,1.0,0.3902220797598651,1.0,0.4932087922371269,0.38014913955305407,0.33330092215961626,,self-report; not geometry-derived layer count or success,0.432887947113531,0.591104369794962,0.35519964452436426,1.0,1.2622080542921374,0.7377919457078626,0.6311040271460687
development,s9140101_g2_n2.0_b4_r0.25,9140101,2,2.0,4,0.25,426,atlas_tied_256,OK,0.0012298499998451007,True,True,0.35920983207748036,0.43957660489275485,0.8418777381074956,0.9413145539906104,1.0,0.3933260685510666,1.0,0.4924033291779554,0.38124742702658915,0.3306712774700374,,self-report; not geometry-derived layer count or success,0.4303276847210022,0.5775684578042413,0.35920983207748036,1.0,1.2523945144044788,0.7476054855955212,0.6261972572022394
development,s9140101_g2_n2.0_b4_r0.25,9140101,2,2.0,4,0.25,426,atlas_relax_96,OK,0.0070238939999853756,True,True,0.41429823379918773,0.4903162193808055,0.9002869719997437,0.9272300469483568,1.0,0.46351552171101107,1.0,0.5625049501929554,0.44823139355035,0.41786841548522957,,self-report; not geometry-derived layer count or success,0.4896862168227223,0.614050686639839,0.41429823379918773,1.0,1.2760577209655424,0.7239422790344576,0.6380288604827712
development,s9140101_g2_n2.0_b4_r0.25,9140101,2,2.0,4,0.25,426,spatial_12,OK,0.029195436000009067,True,True,0.35519964452436426,0.4350026371188303,0.8620211180779414,0.9389671361502347,1.0,0.3902220797598651,1.0,0.4932087922371269,0.38014913955305407,0.3333009221596162,,self-report; not geometry-derived layer count or success,0.43288794711353107,0.5911043697949621,0.35519964452436426,1.0,1.2622080542921374,0.7377919457078626,0.6311040271460687
development,s9140101_g2_n2.0_b4_r0.25,9140101,2,2.0,4,0.25,426,spatial_36,OK,0.07815712199999325,True,True,0.35519964452436426,0.4350026371188303,0.8620211180779414,0.9389671361502347,1.0,0.3902220797598651,1.0,0.4932087922371269,0.38014913955305407,0.3333009221596162,,self-report; not geometry-derived layer count or success,0.43288794711353107,0.5911043697949621,0.35519964452436426,1.0,1.2622080542921374,0.7377919457078626,0.6311040271460687
development,s9140101_g2_n2.0_b4_r0.25,9140101,2,2.0,4,0.25,426,spatial_108,OK,0.2228022660001443,True,True,0.35519964452436426,0.4350026371188303,0.8620211180779414,0.9389671361502347,1.0,0.3902220797598651,1.0,0.4932087922371269,0.38014913955305407,0.3333009221596162,,self-report; not geometry-derived layer count or success,0.43288794711353107,0.5911043697949621,0.35519964452436426,1.0,1.2622080542921374,0.7377919457078626,0.6311040271460687
development,s9140101_g2_n2.0_b4_r0.25,9140101,2,2.0,4,0.25,426,apss_0.5,OK,0.0032240920002095663,True,True,1.5118492770648588,1.9544424186553722,3.9908740536405256,0.4295774647887324,0.8051643192488263,1.3165627168040968,1.0,2.0017886963784046,1.5684650952715427,1.9950561286292339,,self-report; not geometry-derived layer count or success,1.5423622573787055,1.6206707710572168,1.5118492770648588,1.0,1.7263417663393714,0.2736582336606286,0.8631708831696857
development,s9140101_g2_n2.0_b4_r0.25,9140101,2,2.0,4,0.25,426,apss_1.0,OK,0.0032909699998526776,True,True,1.4043992930952498,1.8522264755010236,3.7472643288243015,0.4507042253521127,0.8075117370892019,1.247494820956355,1.0,1.8935651447330373,1.4511682051986756,1.8860455083493137,,self-report; not geometry-derived layer count or success,1.4031360163194497,1.5472325829571274,1.4043992930952498,1.0,1.715403618621352,0.28459638137864807,0.857701809310676
development,s9140101_g2_n2.0_b4_r0.25,9140101,2,2.0,4,0.25,426,apss_2.0,OK,0.004349173000036899,True,True,0.939517049471903,1.269272645411245,2.6890319946531807,0.6431924882629108,0.9178403755868545,0.8839119964242537,1.0,1.2908584417402884,0.9576327665199039,1.2737058437376656,,self-report; not geometry-derived layer count or success,0.8935465833153164,1.0858051329290785,0.939517049471903,1.0,1.6645905563722976,0.3354094436277024,0.8322952781861488
development,s9140101_g2_n2.0_b4_r0.25,9140101,2,2.0,4,0.25,426,apss_4.0,OK,0.004720277999922473,True,True,0.5387263807595909,0.687898032692807,1.4317907904872587,0.8685446009389671,0.9953051643192489,0.5538970692645802,1.0,0.7011267365737294,0.5396357396956907,0.6565594988489629,,self-report; not geometry-derived layer count or success,0.5111244510121528,0.5967233681062755,0.5387263807595909,1.0,1.5795575868770304,0.4204424131229696,0.7897787934385152
development,s9140101_g2_n2.0_b4_r0.25,9140101,2,2.0,4,0.25,426,apss_8.0,OK,0.0055645149998326815,True,True,0.3860947546115958,0.47724883365520315,0.9341611465019749,0.960093896713615,1.0,0.41140387425312036,1.0,0.5016616739920082,0.392804318025303,0.40638999539824106,,self-report; not geometry-derived layer count or success,0.39743023827124,0.41125962410889316,0.3860947546115958,1.0,1.4164989748592216,0.5835010251407784,0.7082494874296108
development,s9140101_g2_n2.0_b4_r0.25,9140101,2,2.0,4,0.25,426,rimls_0.5,OK,0.003755757000135418,True,True,1.5101246576122913,1.9529205652352053,3.990718955793504,0.4295774647887324,0.8051643192488263,1.322219223891226,1.0,2.000564203439871,1.5666571479449587,1.9935617626299629,,self-report; not geometry-derived layer count or success,1.5400330246932956,1.6199053944482842,1.5101246576122913,1.0,1.7273995258341739,0.2726004741658261,0.8636997629170869
development,s9140101_g2_n2.0_b4_r0.25,9140101,2,2.0,4,0.25,426,rimls_1.0,OK,0.004249183000183621,True,True,1.3820731812124516,1.8321935784947672,3.7224900068096343,0.45539906103286387,0.8004694835680751,1.2611056081886884,1.0,1.8770414760167533,1.428132467587253,1.8608592653766904,,self-report; not geometry-derived layer count or success,1.3769670856888556,1.530463231384048,1.3820731812124516,1.0,1.7097909278040995,0.29020907219590053,0.8548954639020497
development,s9140101_g2_n2.0_b4_r0.25,9140101,2,2.0,4,0.25,426,rimls_2.0,OK,0.006913531000009243,True,True,0.8390483667256026,1.129758749717962,2.2815513951325643,0.636150234741784,0.9225352112676056,0.8968128483324493,1.0,1.233185139793732,0.8543603846130703,1.1315701436175993,,self-report; not geometry-derived layer count or success,0.802273687319351,0.9591633262500494,0.8390483667256026,1.0,1.6805077444026946,0.31949225559730543,0.8402538722013473
development,s9140101_g2_n2.0_b4_r0.25,9140101,2,2.0,4,0.25,426,rimls_4.0,OK,0.012211449999995239,True,True,0.5589632367103972,0.7216251860007387,1.504600805238323,0.8403755868544601,0.9882629107981221,0.618155128372538,1.0,0.7643722611489226,0.560220756461342,0.6974104387742655,,self-report; not geometry-derived layer count or success,0.5313030853083901,0.6187785184598126,0.5589632367103972,1.0,1.6189355086332846,0.3810644913667154,0.8094677543166423
development,s9140101_g2_n2.0_b4_r0.25,9140101,2,2.0,4,0.25,426,rimls_8.0,OK,0.028465135000033115,True,True,0.3798206563688287,0.4852107077796806,1.0009243376396413,0.9389671361502347,0.9976525821596244,0.4132845020304128,1.0,0.51575410324648,0.38467754542768423,0.4373958079688286,,self-report; not geometry-derived layer count or success,0.3728590212346903,0.4088601889473328,0.3798206563688287,1.0,1.5108461901457104,0.4891538098542896,0.7554230950728552
development,s9140101_g4_n0.5_b0_r1.0,9140101,4,0.5,0,1.0,768,identity,OK,0.0008142070000758395,True,True,0.3973333545305215,0.5002274540101597,1.0033594570896103,0.96484375,1.0,0.38130070859835613,1.0,0.5002274540101596,0.3973333545305215,0.4996923653716333,,self-report; not geometry-derived layer count or success,0.4015738829963592,0.4196668044506003,0.3973333545305215,0.0,4.011031599899846,0.011031599899846256,1.0027578999749616
development,s9140101_g4_n0.5_b0_r1.0,9140101,4,0.5,0,1.0,768,bias_only,OK,0.0007069939999837516,True,True,0.3957941347130684,0.4998903313489152,1.0086359459048604,0.9609375,1.0,0.3808327865891319,1.0,0.49989034427836637,0.3957941347130684,0.49935581648288657,,self-report; not geometry-derived layer count or success,0.4003682453361302,0.41988445066119395,0.3957941347130684,0.9856770833333334,4.009468077696456,0.009468077696456412,1.002367019424114
development,s9140101_g4_n0.5_b0_r1.0,9140101,4,0.5,0,1.0,768,old_original,APPLY,0.001778385000079652,True,True,0.1286768680881033,0.28841813569095104,0.6478955158330393,0.984375,0.9986979166666666,0.12464363739131062,1.0,0.305119942615638,0.13115469458153406,0.30426310941764495,,self-report; not geometry-derived layer count or success,0.12268405971155269,0.15882543515680642,0.1286768680881033,0.9856770833333334,3.9667119827138793,0.03328801728612074,0.9916779956784698
development,s9140101_g4_n0.5_b0_r1.0,9140101,4,0.5,0,1.0,768,atlas_tied_256,OK,0.0018525469999985944,True,True,0.057429103375913615,0.11205443527226545,0.11690406387965017,0.9986979166666666,1.0,0.056684506061319084,1.0,0.11206277466814443,0.057429103375913636,0.10843329928838193,,self-report; not geometry-derived layer count or success,0.0557355028770321,0.06296153167225986,0.057429103375913615,0.9856770833333334,4.027778346988727,0.027778346988727165,1.0069445867471818
development,s9140101_g4_n0.5_b0_r1.0,9140101,4,0.5,0,1.0,768,atlas_relax_96,OK,0.015541723000069396,True,True,0.08287054361488969,0.13147798922962609,0.1853327505897691,0.9986979166666666,1.0,0.08227992804089884,1.0,0.13153433700510828,0.08287054361488969,0.1266519863362655,,self-report; not geometry-derived layer count or success,0.07973263376250325,0.09312104913268539,0.08287054361488969,0.9856770833333334,4.002565912962304,0.0025659129623036847,1.000641478240576
development,s9140101_g4_n0.5_b0_r1.0,9140101,4,0.5,0,1.0,768,spatial_12,OK,0.039355823999812856,True,True,0.053258643401729755,0.10942426314089222,0.10827158360439873,0.9986979166666666,1.0,0.05250546985873008,1.0,0.10943239425587581,0.053258643401729755,0.10636094615432377,,self-report; not geometry-derived layer count or success,0.051630890761282994,0.05857596869385585,0.053258643401729755,0.9856770833333334,4.010332560487874,0.010332560487873899,1.0025831401219685
development,s9140101_g4_n0.5_b0_r1.0,9140101,4,0.5,0,1.0,768,spatial_36,OK,0.1312131209999734,True,True,0.05325864340173023,0.1094242631408924,0.10827158360439942,0.9986979166666666,1.0,0.05250546985873054,1.0,0.10943239425587602,0.05325864340173022,0.10636094615432433,,self-report; not geometry-derived layer count or success,0.05163089076128343,0.0585759686938564,0.05325864340173023,0.9856770833333334,4.010332560487876,0.010332560487875675,1.002583140121969
development,s9140101_g4_n0.5_b0_r1.0,9140101,4,0.5,0,1.0,768,spatial_108,OK,0.30068330499989315,True,True,0.053258643401729755,0.10942426314089222,0.10827158360439873,0.9986979166666666,1.0,0.05250546985873008,1.0,0.10943239425587581,0.053258643401729755,0.10636094615432377,,self-report; not geometry-derived layer count or success,0.051630890761282994,0.05857596869385585,0.053258643401729755,0.9856770833333334,4.010332560487874,0.010332560487873899,1.0025831401219685
development,s9140101_g4_n0.5_b0_r1.0,9140101,4,0.5,0,1.0,768,apss_0.5,OK,0.0057489379998969525,True,True,0.38099944609797826,0.4795758398768042,0.951117426449384,0.9700520833333334,1.0,0.3739080416432969,1.0,0.47963834893570834,0.38099944609797826,0.47898415773203334,,self-report; not geometry-derived layer count or success,0.38573760616461433,0.4059537557822616,0.38099944609797826,0.9856770833333334,4.009084016728563,0.009084016728563071,1.0022710041821408
development,s9140101_g4_n0.5_b0_r1.0,9140101,4,0.5,0,1.0,768,apss_1.0,OK,0.006262700999968729,True,True,0.31465313507377796,0.3923032236393424,0.766318648399735,0.9921875,1.0,0.3152692695179787,1.0,0.3928949597287095,0.314653135073778,0.3913869530362512,,self-report; not geometry-derived layer count or success,0.31628527885184277,0.32324909230491916,0.31465313507377796,0.9856770833333334,4.010638618647149,0.010638618647148768,1.0026596546617872
development,s9140101_g4_n0.5_b0_r1.0,9140101,4,0.5,0,1.0,768,apss_2.0,OK,0.008627596999986054,True,True,0.22336059538647302,0.30993651427633384,0.5405362571409671,0.9895833333333334,0.9986979166666666,0.22618775830261229,1.0,0.31622166028481696,0.22375769819956604,0.3111334205085786,,self-report; not geometry-derived layer count or success,0.22708091531430488,0.24125997500385737,0.22336059538647302,0.9856770833333334,3.97151410120605,0.028485898793949804,0.9928785253015125
development,s9140101_g4_n0.5_b0_r1.0,9140101,4,0.5,0,1.0,768,apss_4.0,OK,0.010469993000015165,True,True,0.19227998329985432,0.3545985598699308,0.8890537210022192,0.9596354166666666,0.9986979166666666,0.19523264709538538,1.0,0.36106968967802705,0.19227998329985438,0.3473840237793041,,self-report; not geometry-derived layer count or success,0.19816811297618092,0.2232907995951743,0.19227998329985432,0.9856770833333334,3.865857098951598,0.13414290104840187,0.9664642747378995
development,s9140101_g4_n0.5_b0_r1.0,9140101,4,0.5,0,1.0,768,apss_8.0,OK,0.015673488999937035,True,True,0.24974349208133453,0.47695296949964266,1.3619783413734972,0.9153645833333334,1.0,0.25215382377383827,1.0,0.4816715606225129,0.24974349208133453,0.45957105282245564,,self-report; not geometry-derived layer count or success,0.26651363367083925,0.33806623778605943,0.24974349208133453,0.9856770833333334,3.7409906105321142,0.25900938946788576,0.9352476526330286
development,s9140101_g4_n0.5_b0_r1.0,9140101,4,0.5,0,1.0,768,rimls_0.5,OK,0.006168941999931121,True,True,0.38192721547562325,0.48066586799828626,0.954083865425644,0.9700520833333334,1.0,0.37535916487444937,1.0,0.48113022026658564,0.38192721547562325,0.4800734787301926,,self-report; not geometry-derived layer count or success,0.3866584267215523,0.4068449280375164,0.38192721547562325,0.9856770833333334,4.009162410527662,0.009162410527662423,1.0022906026319156
development,s9140101_g4_n0.5_b0_r1.0,9140101,4,0.5,0,1.0,768,rimls_1.0,OK,0.008015503000024182,True,True,0.3166245564276952,0.3949978089167086,0.7758444337752961,0.9895833333333334,1.0,0.32048104180146547,1.0,0.39793575725876096,0.3166245564276952,0.3940533970266075,,self-report; not geometry-derived layer count or success,0.3182190117826843,0.3250220212973043,0.3166245564276952,0.9856770833333334,4.012481886391388,0.01248188639138803,1.003120471597847
development,s9140101_g4_n0.5_b0_r1.0,9140101,4,0.5,0,1.0,768,rimls_2.0,OK,0.014425646000063352,True,True,0.22556140856724535,0.30274628881750976,0.5583936087470563,0.9908854166666666,1.0,0.2319099995411309,1.0,0.3133887035092023,0.2255614085672454,0.3014727140517698,,self-report; not geometry-derived layer count or success,0.2288188530606704,0.24271728289928388,0.22556140856724535,0.9856770833333334,4.000818781226105,0.0008187812261049032,1.0002046953065262
development,s9140101_g4_n0.5_b0_r1.0,9140101,4,0.5,0,1.0,768,rimls_4.0,OK,0.022217449999970995,True,True,0.2044363444296938,0.3382956098217062,0.7477116909574393,0.96484375,0.9986979166666666,0.2112260554716295,1.0,0.35377195832986613,0.2044363444296938,0.3367561389718096,,self-report; not geometry-derived layer count or success,0.21289132419294876,0.2489659045161701,0.2044363444296938,0.9856770833333334,3.9645702499452495,0.035429750054750464,0.9911425624863124
development,s9140101_g4_n0.5_b0_r1.0,9140101,4,0.5,0,1.0,768,rimls_8.0,OK,0.05529958500005705,True,True,0.2796569704603447,0.4464267149654136,1.1490613491868054,0.9348958333333334,1.0,0.2844635321546017,1.0,0.45701005164111114,0.2796569704603447,0.44597507708483125,,self-report; not geometry-derived layer count or success,0.3023778706561792,0.39932037815840643,0.2796569704603447,0.9856770833333334,4.013970774911051,0.013970774911051365,1.0034926937277628
development,s9140101_g4_n0.5_b0_r0.25,9140101,4,0.5,0,0.25,407,identity,OK,0.0006088239999826328,True,True,0.4021475259076615,0.5006840208831723,0.9687805165660519,0.9705159705159705,1.0,0.38908698012227694,1.0,0.5006840208831723,0.40214752590766156,0.49906202051127874,,self-report; not geometry-derived layer count or success,0.38811659928698927,0.4196668044506003,0.4021475259076615,0.0,3.9692633420815797,0.030736657918420285,0.9923158355203949
development,s9140101_g4_n0.5_b0_r0.25,9140101,4,0.5,0,0.25,407,bias_only,OK,0.0005332890000318002,True,True,0.40761326184088986,0.5105926244727815,1.012610999553805,0.9557739557739557,1.0,0.3947912385566202,1.0,0.5105928912354172,0.40761326184089,0.5089433858364137,,self-report; not geometry-derived layer count or success,0.3883859662044188,0.43162082434830684,0.40761326184088986,0.8255528255528255,3.9676382858527437,0.032361714147256304,0.9919095714631859
development,s9140101_g4_n0.5_b0_r0.25,9140101,4,0.5,0,0.25,407,old_original,APPLY,0.001112552999984473,True,True,0.2172899796821724,0.33923216565600117,0.8321084160308142,0.9852579852579852,1.0,0.21080739968457812,1.0,0.3392356695491093,0.21728997968217234,0.3348714242563106,,self-report; not geometry-derived layer count or success,0.18809191579422097,0.2537472307245868,0.2172899796821724,0.8255528255528255,3.8798987064950827,0.12010129350491727,0.9699746766237707
development,s9140101_g4_n0.5_b0_r0.25,9140101,4,0.5,0,0.25,407,atlas_tied_256,OK,0.00131686500003525,True,True,0.1043543559124366,0.1994536920580975,0.45791532131053375,1.0,1.0,0.10122675813014209,1.0,0.199458666764929,0.10435435591243658,0.19099859198708283,,self-report; not geometry-derived layer count or success,0.09972705716655123,0.11013208804818295,0.1043543559124366,0.8255528255528255,3.8825989298393306,0.11740107016066936,0.9706497324598327
development,s9140101_g4_n0.5_b0_r0.25,9140101,4,0.5,0,0.25,407,atlas_relax_96,OK,0.01018666300001314,True,True,0.11373838173814924,0.20865432899936495,0.4707621524483609,1.0,1.0,0.11070470983260158,1.0,0.20866664309412053,0.11373838173814924,0.20191846761951515,,self-report; not geometry-derived layer count or success,0.11023507545850346,0.1181126757668782,0.11373838173814924,0.8255528255528255,3.8891250629240997,0.11087493707590035,0.9722812657310249
development,s9140101_g4_n0.5_b0_r0.25,9140101,4,0.5,0,0.25,407,spatial_12,OK,0.028941235999809578,True,True,0.1066532776617704,0.19897355517413384,0.45791532131053375,1.0,1.0,0.103543161823336,1.0,0.1989809889277542,0.1066532776617704,0.19177999642345644,,self-report; not geometry-derived layer count or success,0.09794095075746566,0.11753165269145478,0.1066532776617704,0.8255528255528255,3.8893698545048565,0.1106301454951435,0.9723424636262141
development,s9140101_g4_n0.5_b0_r0.25,9140101,4,0.5,0,0.25,407,spatial_36,OK,0.0756591809999918,True,True,0.10665327758585157,0.19897355514103568,0.45791532131053375,1.0,1.0,0.10354316174725708,1.0,0.1989809888946572,0.10665327758585152,0.19177999639823307,,self-report; not geometry-derived layer count or success,0.09794095065916507,0.1175316526434822,0.10665327758585157,0.8255528255528255,3.8893698546203264,0.11063014537967364,0.9723424636550816
development,s9140101_g4_n0.5_b0_r0.25,9140101,4,0.5,0,0.25,407,spatial_108,OK,0.23001336599986644,True,True,0.10665327758585157,0.19897355514103568,0.45791532131053375,1.0,1.0,0.10354316174725708,1.0,0.1989809888946572,0.10665327758585152,0.19177999639823307,,self-report; not geometry-derived layer count or success,0.09794095065916507,0.1175316526434822,0.10665327758585157,0.8255528255528255,3.8893698546203264,0.11063014537967364,0.9723424636550816
development,s9140101_g4_n0.5_b0_r0.25,9140101,4,0.5,0,0.25,407,apss_0.5,OK,0.003444080000008398,True,True,0.3857873244005354,0.4810031159566511,0.9806385249806124,0.9656019656019657,1.0,0.38092915115676124,1.0,0.4810326611203297,0.3857873244005354,0.47925478477916206,,self-report; not geometry-derived layer count or success,0.35937069370176766,0.4187716257150188,0.3857873244005354,0.8255528255528255,3.96486169071222,0.03513830928778017,0.991215422678055
development,s9140101_g4_n0.5_b0_r0.25,9140101,4,0.5,0,0.25,407,apss_1.0,OK,0.0034448410001459706,True,True,0.3192576970017443,0.3964767485696642,0.7525852654042127,0.995085995085995,1.0,0.3178396996716966,1.0,0.39668783140341934,0.3192576970017443,0.3944335887163633,,self-report; not geometry-derived layer count or success,0.29534227433614624,0.34911894298199386,0.3192576970017443,0.8255528255528255,3.9492231691571447,0.050776830842855336,0.9873057922892862
development,s9140101_g4_n0.5_b0_r0.25,9140101,4,0.5,0,0.25,407,apss_2.0,OK,0.004395377000037115,True,True,0.25856652066272334,0.35607456362824164,0.6776523554629635,0.9901719901719902,1.0,0.258055878671218,1.0,0.35838437444589005,0.2585665206627233,0.3480579819540512,,self-report; not geometry-derived layer count or success,0.2501569854178689,0.26906682433861895,0.25856652066272334,0.8255528255528255,3.8333314281722806,0.16666857182771944,0.9583328570430701
development,s9140101_g4_n0.5_b0_r0.25,9140101,4,0.5,0,0.25,407,apss_4.0,OK,0.0052730050001628115,True,True,0.23950831792057514,0.40050404942953094,0.9222541741857574,0.9606879606879607,0.9877149877149877,0.2447260113735597,1.0,0.4297266540637836,0.24486463475186107,0.40407661778571485,,self-report; not geometry-derived layer count or success,0.24630187572892892,0.24953368278786056,0.23950831792057514,0.8255528255528255,3.7021575236001594,0.2978424763998406,0.9255393809000398
development,s9140101_g4_n0.5_b0_r0.25,9140101,4,0.5,0,0.25,407,apss_8.0,OK,0.0068761500001528475,True,True,0.31763542582893456,0.5115275178795815,1.1991061621901662,0.914004914004914,0.9852579852579852,0.3279343412744962,1.0,0.552588183615862,0.32800112170639345,0.4916229693463759,,self-report; not geometry-derived layer count or success,0.34183862617852834,0.37295389866559425,0.31763542582893456,0.8255528255528255,3.492428125495316,0.5075718745046842,0.873107031373829
development,s9140101_g4_n0.5_b0_r0.25,9140101,4,0.5,0,0.25,407,rimls_0.5,OK,0.003929940000034549,True,True,0.38739014481795114,0.48274547815125063,0.9806385249806124,0.9656019656019657,1.0,0.38344239259796553,1.0,0.48359711942868727,0.38739014481795125,0.48100878956560195,,self-report; not geometry-derived layer count or success,0.36135742105301993,0.41989509272333486,0.38739014481795114,0.8255528255528255,3.965344957874058,0.03465504212594217,0.9913362394685145
development,s9140101_g4_n0.5_b0_r0.25,9140101,4,0.5,0,0.25,407,rimls_1.0,OK,0.004678698000134318,True,True,0.3218866300318249,0.3986758591236459,0.7542641043169539,0.9926289926289926,1.0,0.3237787363345544,1.0,0.40072433702514704,0.3218866300318249,0.3967364769259499,,self-report; not geometry-derived layer count or success,0.29710613730968816,0.3528280187346034,0.3218866300318249,0.8255528255528255,3.9547950468901862,0.04520495310981376,0.9886987617225466
development,s9140101_g4_n0.5_b0_r0.25,9140101,4,0.5,0,0.25,407,rimls_2.0,OK,0.0068982739999228215,True,True,0.256483905400257,0.34375132649465123,0.6623343098788967,0.9901719901719902,1.0,0.2601326042677139,1.0,0.35340403401014153,0.25648390540025706,0.3389715256941676,,self-report; not geometry-derived layer count or success,0.24493860301769682,0.2708995868282052,0.256483905400257,0.8255528255528255,3.8743361251926935,0.12566387480730645,0.9685840312981734
development,s9140101_g4_n0.5_b0_r0.25,9140101,4,0.5,0,0.25,407,rimls_4.0,OK,0.012177490999874863,True,True,0.24987721851604927,0.39898649388077784,0.9051367767431262,0.9631449631449631,0.9877149877149877,0.25362859856166187,1.0,0.4148519346224464,0.25110159988343195,0.39796355880828854,,self-report; not geometry-derived layer count or success,0.24481141238538928,0.2589556461517062,0.24987721851604927,0.8255528255528255,3.840429225856772,0.15957077414322818,0.960107306464193
development,s9140101_g4_n0.5_b0_r0.25,9140101,4,0.5,0,0.25,407,rimls_8.0,OK,0.02776292800012925,True,True,0.35436656173204284,0.5062906564940137,1.1551955236733538,0.9287469287469288,0.9901719901719902,0.3589069342374894,1.0,0.5242448073461163,0.3575062498698106,0.5027961347169074,,self-report; not geometry-derived layer count or success,0.36233255298161793,0.3731850688186655,0.35436656173204284,0.8255528255528255,3.860165535570365,0.1398344644296352,0.9650413838925912
development,s9140101_g4_n0.5_b4_r1.0,9140101,4,0.5,4,1.0,768,identity,OK,0.0008988859999590204,True,True,3.0102595657623126,3.773319380446557,6.917853722325692,0.25,0.5833333333333334,1.9514974161349796,1.0,4.044929491545488,3.2751008899870833,4.043582024429493,,self-report; not geometry-derived layer count or success,3.278596247234164,3.2935097714883734,3.0102595657623126,0.0,4.20973108126392,0.2097310812639197,1.05243277031598
development,s9140101_g4_n0.5_b4_r1.0,9140101,4,0.5,4,1.0,768,bias_only,OK,0.0008426500000950909,True,True,0.41578025929960694,0.6146200695441992,1.0386153564463887,0.95703125,0.9986979166666666,0.3873021490252138,1.0,0.6834788468169183,0.4281674558554977,0.6829272322282632,,self-report; not geometry-derived layer count or success,0.42619288576941594,0.4346177181366983,0.41578025929960694,0.9856770833333334,3.998932751044164,0.0010672489558358755,0.999733187761041
development,s9140101_g4_n0.5_b4_r1.0,9140101,4,0.5,4,1.0,768,old_original,APPLY,0.0015391479998925206,True,True,0.14864572245650706,0.4593971219577054,0.6583008544283443,0.98046875,0.9973958333333334,0.1325979309800659,1.0,0.5570820903578452,0.16350997254977997,0.5562551307955486,,self-report; not geometry-derived layer count or success,0.14849379882044778,0.21256280673226513,0.14864572245650706,0.9856770833333334,3.9561869592560335,0.043813040743966525,0.9890467398140084
development,s9140101_g4_n0.5_b4_r1.0,9140101,4,0.5,4,1.0,768,atlas_tied_256,OK,0.002148884000007456,True,True,0.07741494535904701,0.3747483916576296,0.11702564629678115,0.9947916666666666,0.9986979166666666,0.06449517617546996,1.0,0.47939781336613513,0.0898021419149378,0.4784182517860581,,self-report; not geometry-derived layer count or success,0.08156195261638209,0.11672009362355307,0.07741494535904701,0.9856770833333334,4.017242176490511,0.01724217649051063,1.0043105441226277
development,s9140101_g4_n0.5_b4_r1.0,9140101,4,0.5,4,1.0,768,atlas_relax_96,OK,0.015547012000070026,True,True,0.10282698666753802,0.3809936279181202,0.18526410914624747,0.9947916666666666,0.9986979166666666,0.08956728819275772,1.0,0.4843089108036759,0.1152141832234288,0.4826811610338663,,self-report; not geometry-derived layer count or success,0.10553882004758178,0.14682036959786238,0.10282698666753802,0.9856770833333334,3.9920789774593004,0.007921022540699596,0.9980197443648251
development,s9140101_g4_n0.5_b4_r1.0,9140101,4,0.5,4,1.0,768,spatial_12,OK,0.039439334000007875,True,True,0.0732427118463041,0.3739703897572667,0.10887661085890948,0.9947916666666666,0.9986979166666666,0.06036269021795149,1.0,0.4787896630722667,0.08562990840219487,0.4778599329063096,,self-report; not geometry-derived layer count or success,0.07745601714598102,0.11233128650582687,0.0732427118463041,0.9856770833333334,3.9997961218327074,0.00020387816729261488,0.9999490304581768
development,s9140101_g4_n0.5_b4_r1.0,9140101,4,0.5,4,1.0,768,spatial_36,OK,0.10650460099986958,True,True,0.0732427118463041,0.3739703897572667,0.10887661085890948,0.9947916666666666,0.9986979166666666,0.06036269021795149,1.0,0.4787896630722667,0.08562990840219487,0.4778599329063096,,self-report; not geometry-derived layer count or success,0.07745601714598102,0.11233128650582687,0.0732427118463041,0.9856770833333334,3.9997961218327074,0.00020387816729261488,0.9999490304581768
development,s9140101_g4_n0.5_b4_r1.0,9140101,4,0.5,4,1.0,768,spatial_108,OK,0.3082002209998791,True,True,0.0732427118463041,0.3739703897572667,0.10887661085890948,0.9947916666666666,0.9986979166666666,0.06036269021795149,1.0,0.4787896630722667,0.08562990840219487,0.4778599329063096,,self-report; not geometry-derived layer count or success,0.07745601714598102,0.11233128650582687,0.0732427118463041,0.9856770833333334,3.9997961218327074,0.00020387816729261488,0.9999490304581768
development,s9140101_g4_n0.5_b4_r1.0,9140101,4,0.5,4,1.0,768,apss_0.5,OK,0.005630298999903971,True,True,0.4009664659530346,0.5981875972828149,0.965163337900927,0.9661458333333334,0.9986979166666666,0.38024327199673674,1.0,0.6687844602649932,0.41335366250892536,0.6681489463795987,,self-report; not geometry-derived layer count or success,0.411560536508953,0.41921120744216833,0.4009664659530346,0.9856770833333334,3.998558347902677,0.001441652097323054,0.9996395869756692
development,s9140101_g4_n0.5_b4_r1.0,9140101,4,0.5,4,1.0,768,apss_1.0,OK,0.006551121000029525,True,True,0.3346287712556764,0.5307998146860674,0.7766781098010791,0.9869791666666666,0.9986979166666666,0.32149168134462275,1.0,0.6095768407756942,0.3470159678115672,0.6084282075889004,,self-report; not geometry-derived layer count or success,0.34211027339046785,0.3630412362538249,0.3346287712556764,0.9856770833333334,4.0001264003425785,0.00012640034257849209,1.0000316000856446
development,s9140101_g4_n0.5_b4_r1.0,9140101,4,0.5,4,1.0,768,apss_2.0,OK,0.008557341999903656,True,True,0.24337039569246768,0.4732777156825414,0.5403496050176635,0.9856770833333334,0.9973958333333334,0.23287994423164626,1.0,0.5632625600137783,0.25613991155511423,0.56003315527856,,self-report; not geometry-derived layer count or success,0.252916327959528,0.2666702846340291,0.24337039569246768,0.9856770833333334,3.9609553707374134,0.03904462926258656,0.9902388426843534
development,s9140101_g4_n0.5_b4_r1.0,9140101,4,0.5,4,1.0,768,apss_4.0,OK,0.01043898100010665,True,True,0.2122868912332961,0.5036400267959779,0.9267262729258235,0.9557291666666666,0.9973958333333334,0.20204373562227854,1.0,0.5896653881929683,0.22467408778918693,0.5805180712970429,,self-report; not geometry-derived layer count or success,0.22404560057613754,0.22672714601848132,0.2122868912332961,0.9856770833333334,3.8551762462639783,0.14482375373602174,0.9637940615659946
development,s9140101_g4_n0.5_b4_r1.0,9140101,4,0.5,4,1.0,768,apss_8.0,OK,0.0154543769999691,True,True,0.26982669470272297,0.5961855441758152,1.38235472022838,0.91015625,0.9986979166666666,0.2591509323410772,1.0,0.670358572019197,0.2822138912586137,0.6534330588910565,,self-report; not geometry-derived layer count or success,0.2924920687278952,0.3363456259301626,0.26982669470272297,0.9856770833333334,3.730268848578433,0.269731151421567,0.9325672121446082
development,s9140101_g4_n0.5_b4_r1.0,9140101,4,0.5,4,1.0,768,rimls_0.5,OK,0.0065339800000856485,True,True,0.40189371951430375,0.5990584286019112,0.9687752264895898,0.9661458333333334,0.9986979166666666,0.3819037276887573,1.0,0.6698431024102951,0.41428091607019457,0.6689269563355124,,self-report; not geometry-derived layer count or success,0.4124774402868606,0.42017227029575244,0.40189371951430375,0.9856770833333334,3.998618607610768,0.0013813923892320723,0.999654651902692
development,s9140101_g4_n0.5_b4_r1.0,9140101,4,0.5,4,1.0,768,rimls_1.0,OK,0.007860217000143166,True,True,0.33654342598519427,0.5327649386372109,0.7863947831241934,0.9856770833333334,0.9986979166666666,0.3266612980497651,1.0,0.6127868557993177,0.3489306225410851,0.6101290351061671,,self-report; not geometry-derived layer count or success,0.34398463155527137,0.3650875264280764,0.33654342598519427,0.9856770833333334,4.001957586492338,0.001957586492338237,1.0004893966230846
development,s9140101_g4_n0.5_b4_r1.0,9140101,4,0.5,4,1.0,768,rimls_2.0,OK,0.011905586000011681,True,True,0.24557958381703868,0.4685396257723568,0.5626252105097566,0.9869791666666666,0.9986979166666666,0.2384954764417606,1.0,0.5616866625400454,0.25796678037292947,0.5548538077170397,,self-report; not geometry-derived layer count or success,0.2546708115113503,0.26873361198742146,0.24557958381703868,0.9856770833333334,3.990056110586045,0.009943889413955187,0.9975140276465112
development,s9140101_g4_n0.5_b4_r1.0,9140101,4,0.5,4,1.0,768,rimls_4.0,OK,0.022917897000070298,True,True,0.2245026585567156,0.4923622174696548,0.7712693146478112,0.9609375,0.9973958333333334,0.21792955205447115,1.0,0.5853018246287848,0.2368898551126064,0.5747151000651842,,self-report; not geometry-derived layer count or success,0.2388450525793088,0.247187228437239,0.2245026585567156,0.9856770833333334,3.953832570492522,0.0461674295074781,0.9884581426231305
development,s9140101_g4_n0.5_b4_r1.0,9140101,4,0.5,4,1.0,768,rimls_8.0,OK,0.05539022399989335,True,True,0.2996709117914092,0.5720950021508859,1.2011598961727261,0.9309895833333334,0.9986979166666666,0.29127155844819086,1.0,0.6529118154944875,0.3120581083473,0.6450530411034462,,self-report; not geometry-derived layer count or success,0.32837268011904686,0.39798151967850004,0.2996709117914092,0.9856770833333334,4.003421568822755,0.0034215688227545726,1.0008553922056886
development,s9140101_g4_n0.5_b4_r0.25,9140101,4,0.5,4,0.25,407,identity,OK,0.0006679719999738154,True,True,3.176124653770384,3.940156008120136,7.0070247222638855,0.25061425061425063,0.5405405405405406,2.165088144897186,1.0,4.083941922305227,3.3135309266058353,4.081795220721574,,self-report; not geometry-derived layer count or success,3.329565568536192,3.3656213655840106,3.176124653770384,0.0,4.096540567878507,0.09654056787850696,1.0241351419696267
development,s9140101_g4_n0.5_b4_r0.25,9140101,4,0.5,4,0.25,407,bias_only,OK,0.000520946000051481,True,True,0.9941866853512682,1.871917293822504,5.8922904772312785,0.8157248157248157,0.9361179361179361,0.6499406691069473,1.0,1.8743223242556966,0.99564359832175,1.8623149510522443,,self-report; not geometry-derived layer count or success,0.8139495167343533,1.2225102416297695,0.9941866853512682,0.8255528255528255,4.143439930062538,0.14343993006253797,1.0358599825156345
development,s9140101_g4_n0.5_b4_r0.25,9140101,4,0.5,4,0.25,407,old_original,APPLY,0.0010634480001954216,True,True,0.8298353360266142,1.8311073828114592,5.8922904772312785,0.85995085995086,0.9385749385749386,0.4853701393142271,1.0,1.8335651727961197,0.831292248997096,1.825458489938711,,self-report; not geometry-derived layer count or success,0.6474476398364453,1.0608440814297315,0.8298353360266142,0.8255528255528255,4.055723697329651,0.05572369732965132,1.0139309243324128
development,s9140101_g4_n0.5_b4_r0.25,9140101,4,0.5,4,0.25,407,atlas_tied_256,OK,0.001241507000031561,True,True,0.72666305890217,1.808902445244015,5.8922904772312785,0.8796068796068796,0.9385749385749386,0.381124825235954,1.0,1.811390177800435,0.7281199718726514,1.8057802498366906,,self-report; not geometry-derived layer count or success,0.5636870299845159,0.933434031909771,0.72666305890217,0.8255528255528255,4.061021758106205,0.06102175810620469,1.0152554395265512
development,s9140101_g4_n0.5_b4_r0.25,9140101,4,0.5,4,0.25,407,atlas_relax_96,OK,0.009249116000091817,True,True,0.7339342762896832,1.8103122667365292,5.8922904772312785,0.8796068796068796,0.9385749385749386,0.3884095024285474,1.0,1.8127999392678829,0.7353911892601647,1.806647466145539,,self-report; not geometry-derived layer count or success,0.5706484756092551,0.9410920361392013,0.7339342762896832,0.8255528255528255,4.064948526644501,0.06494852664450068,1.0162371316611252
development,s9140101_g4_n0.5_b4_r0.25,9140101,4,0.5,4,0.25,407,spatial_12,OK,0.027991494000161765,True,True,0.7316704876839419,1.8091457756786498,5.8922904772312785,0.8796068796068796,0.9385749385749386,0.3860636602656084,1.0,1.811632580002122,0.7331274006544235,1.8056013658160541,,self-report; not geometry-derived layer count or success,0.567761365700078,0.939606538221728,0.7316704876839419,0.8255528255528255,4.065183455431851,0.06518345543185067,1.0162958638579627
development,s9140101_g4_n0.5_b4_r0.25,9140101,4,0.5,4,0.25,407,spatial_36,OK,0.07619835500008776,True,True,0.7316704876345224,1.8091457756720768,5.8922904772312785,0.8796068796068796,0.9385749385749386,0.3860636602149663,1.0,1.8116325799955584,0.733127400605004,1.8056013658124515,,self-report; not geometry-derived layer count or success,0.5677613656211155,0.9396065382091966,0.7316704876345224,0.8255528255528255,4.065183455564712,0.06518345556471239,1.016295863891178
development,s9140101_g4_n0.5_b4_r0.25,9140101,4,0.5,4,0.25,407,spatial_108,OK,0.22259886200004075,True,True,0.7316704876345224,1.8091457756720768,5.8922904772312785,0.8796068796068796,0.9385749385749386,0.3860636602149663,1.0,1.8116325799955584,0.733127400605004,1.8056013658124515,,self-report; not geometry-derived layer count or success,0.5677613656211155,0.9396065382091966,0.7316704876345224,0.8255528255528255,4.065183455564712,0.06518345556471239,1.016295863891178
development,s9140101_g4_n0.5_b4_r0.25,9140101,4,0.5,4,0.25,407,apss_0.5,OK,0.0033203299999513547,True,True,0.9708970315197245,1.8639963278834748,5.8922904772312785,0.8329238329238329,0.9361179361179361,0.6279491052088253,1.0,1.8664189622456588,0.9723539444902062,1.8544579335568963,,self-report; not geometry-derived layer count or success,0.78234095809272,1.2096077286108242,0.9708970315197245,0.8255528255528255,4.1406083300039604,0.14060833000396045,1.0351520825009901
development,s9140101_g4_n0.5_b4_r0.25,9140101,4,0.5,4,0.25,407,apss_1.0,OK,0.0034803489998012083,True,True,0.9086666243544518,1.843804504203394,5.8922904772312785,0.8697788697788698,0.9385749385749386,0.5656766999438368,1.0,1.8462932384543684,0.9101235373249336,1.834889007342027,,self-report; not geometry-derived layer count or success,0.7250066308441993,1.141263984090933,0.9086666243544518,0.8255528255528255,4.125001741391489,0.12500174139148879,1.0312504353478722
development,s9140101_g4_n0.5_b4_r0.25,9140101,4,0.5,4,0.25,407,apss_2.0,OK,0.0045905169999969075,True,True,0.850702776770256,1.8343829052413583,5.8922904772312785,0.85995085995086,0.9361179361179361,0.5083086456615581,1.0,1.837293643425603,0.8521596897407377,1.8287425653537253,,self-report; not geometry-derived layer count or success,0.6859021505253262,1.0597519762748977,0.850702776770256,0.8255528255528255,4.009072072509766,0.009072072509765938,1.0022680181274415
development,s9140101_g4_n0.5_b4_r0.25,9140101,4,0.5,4,0.25,407,apss_4.0,OK,0.005570158999944397,True,True,0.8309250074914184,1.839444273055023,5.8922904772312785,0.8476658476658476,0.9262899262899262,0.495965110383142,1.0,1.8507692186401092,0.8398596441671923,1.8441714600581658,,self-report; not geometry-derived layer count or success,0.683623208661622,1.0349393923675179,0.8309250074914184,0.8255528255528255,3.8779737171363267,0.12202628286367334,0.9694934292840817
development,s9140101_g4_n0.5_b4_r0.25,9140101,4,0.5,4,0.25,407,apss_8.0,OK,0.007418396000048233,True,True,0.8894609829543167,1.862529275858766,5.8922904772312785,0.8034398034398035,0.9213759213759214,0.5617046598190806,1.0,1.8797911856942155,0.9042543046965373,1.8721495534210815,,self-report; not geometry-derived layer count or success,0.7565305140747703,1.0887050045889093,0.8894609829543167,0.8255528255528255,3.667695829921957,0.3323041700780429,0.9169239574804893
development,s9140101_g4_n0.5_b4_r0.25,9140101,4,0.5,4,0.25,407,rimls_0.5,OK,0.0038338060001024132,True,True,0.9725052505680954,1.8644693479897563,5.8922904772312785,0.8329238329238329,0.9361179361179361,0.632420556897213,1.0,1.8670961783936346,0.9739621635385771,1.854922191849894,,self-report; not geometry-derived layer count or success,0.784291676161888,1.2107882969481445,0.9725052505680954,0.8255528255528255,4.141102672644372,0.14110267264437226,1.035275668161093
development,s9140101_g4_n0.5_b4_r0.25,9140101,4,0.5,4,0.25,407,rimls_1.0,OK,0.004333850999955757,True,True,0.9108637944988673,1.8443063017078871,5.8922904772312785,0.8697788697788698,0.9361179361179361,0.5731279576098536,1.0,1.847180336876227,0.9123207074693491,1.8352621547241328,,self-report; not geometry-derived layer count or success,0.7264220204908184,1.1444373000502768,0.9108637944988673,0.8255528255528255,4.130539481320849,0.1305394813208487,1.0326348703302122
development,s9140101_g4_n0.5_b4_r0.25,9140101,4,0.5,4,0.25,407,rimls_2.0,OK,0.006394488000069032,True,True,0.8493773336388284,1.832091428102143,5.8922904772312785,0.8722358722358723,0.9385749385749386,0.5117990474054199,1.0,1.8364048845166099,0.85083424660931,1.8262015033808514,,self-report; not geometry-derived layer count or success,0.6806915856586313,1.0632775691223122,0.8493773336388284,0.8255528255528255,4.050013472062921,0.05001347206292106,1.0125033680157303
development,s9140101_g4_n0.5_b4_r0.25,9140101,4,0.5,4,0.25,407,rimls_4.0,OK,0.011706404999813458,True,True,0.8345294869101367,1.8393344802388083,5.8922904772312785,0.8501228501228502,0.9262899262899262,0.4986332080906874,1.0,1.8475049252240177,0.8392372313332306,1.840049089549865,,self-report; not geometry-derived layer count or success,0.6670914086725949,1.054181739185737,0.8345294869101367,0.8255528255528255,4.016083250040313,0.01608325004031297,1.0040208125100782
development,s9140101_g4_n0.5_b4_r0.25,9140101,4,0.5,4,0.25,407,rimls_8.0,OK,0.02731115200003842,True,True,0.9238251675550839,1.8617624846029437,5.8922904772312785,0.8157248157248157,0.9287469287469288,0.5904633573648745,1.0,1.8710027438873924,0.930154247056559,1.8685422100384805,,self-report; not geometry-derived layer count or success,0.7571243675496131,1.1462026048939606,0.9238251675550839,0.8255528255528255,4.034970780490079,0.03497078049007918,1.0087426951225198
development,s9140101_g4_n1.0_b0_r1.0,9140101,4,1.0,0,1.0,768,identity,OK,0.000835785000163014,True,True,0.7846908971339733,0.9794032657885289,1.9255813185950215,0.73828125,0.9830729166666666,0.7131418069145656,1.0,1.0004549080203191,0.794666709061043,0.9993847307432666,,self-report; not geometry-derived layer count or success,0.8031477659927184,0.8393336089012006,0.7846908971339733,0.0,4.022063199799692,0.022063199799691624,1.005515799949923
development,s9140101_g4_n1.0_b0_r1.0,9140101,4,1.0,0,1.0,768,bias_only,OK,0.0007170799999585142,True,True,0.7790403888647438,0.9749878245458382,1.9246373276762954,0.7330729166666666,0.9830729166666666,0.7095304278032456,1.0,0.9962975292706338,0.7891167889183949,0.9952220998252193,,self-report; not geometry-derived layer count or success,0.7985769185425777,0.8389401382724251,0.7790403888647438,0.9973958333333334,4.020344331614497,0.020344331614497335,1.0050860829036243
development,s9140101_g4_n1.0_b0_r1.0,9140101,4,1.0,0,1.0,768,old_original,APPLY,0.0014207710000846419,True,True,0.294018687792068,0.5436676417158322,1.4129377674038508,0.90625,0.984375,0.30172814607393966,1.0,0.5804262888352104,0.3038396853536869,0.5643226856197786,,self-report; not geometry-derived layer count or success,0.297603731625619,0.3242104675320419,0.294018687792068,0.9973958333333334,3.7363863960904307,0.26361360390956934,0.9340965990226077
development,s9140101_g4_n1.0_b0_r1.0,9140101,4,1.0,0,1.0,768,atlas_tied_256,OK,0.0018562190000466217,True,True,0.10842316998354133,0.19368122638544183,0.23150189833333662,0.9973958333333334,0.9986979166666666,0.1072575355054803,1.0,0.2586680795372027,0.11489335707279104,0.253599069387403,,self-report; not geometry-derived layer count or success,0.11356586453028919,0.11922983271163037,0.10842316998354133,0.9973958333333334,4.0580534397451675,0.05805343974516752,1.0145133599362919
development,s9140101_g4_n1.0_b0_r1.0,9140101,4,1.0,0,1.0,768,atlas_relax_96,OK,0.016390311000122892,True,True,0.19051361342927522,0.3452567131572868,0.3896925073912187,0.9947916666666666,0.99609375,0.1826764496580854,1.0,0.40764153907449324,0.20036189067559498,0.4019693902302747,,self-report; not geometry-derived layer count or success,0.199705289221909,0.20250678875763578,0.19051361342927522,0.9973958333333334,3.9760087514659506,0.023991248534049436,0.9940021878664876
development,s9140101_g4_n1.0_b0_r1.0,9140101,4,1.0,0,1.0,768,spatial_12,OK,0.038687439000113955,True,True,0.1001934699698838,0.18834622498762157,0.20868078110301322,0.9973958333333334,0.9986979166666666,0.0999953943177468,1.0,0.2530000822622376,0.10644529609424584,0.24826543173063387,,self-report; not geometry-derived layer count or success,0.10671688020958275,0.10787563910168682,0.1001934699698838,0.9973958333333334,4.0244179566507245,0.024417956650724548,1.0061044891626811
development,s9140101_g4_n1.0_b0_r1.0,9140101,4,1.0,0,1.0,768,spatial_36,OK,0.10521572600009677,True,True,0.10019338840422666,0.18834616390628658,0.20868053469681289,0.9973958333333334,0.9986979166666666,0.09999531444087645,1.0,0.2530000430557019,0.10644521514752163,0.2482653941955917,,self-report; not geometry-derived layer count or success,0.10671679793719914,0.1078755511731565,0.10019338840422666,0.9973958333333334,4.024417939261652,0.024417939261652144,1.006104484815413
development,s9140101_g4_n1.0_b0_r1.0,9140101,4,1.0,0,1.0,768,spatial_108,OK,0.31045767899991006,True,True,0.10019338840422576,0.18834616390628595,0.20868053469681008,0.9973958333333334,0.9986979166666666,0.09999531444087552,1.0,0.25300004305570134,0.1064452151475207,0.24826539419559146,,self-report; not geometry-derived layer count or success,0.10671679793719796,0.10787555117315424,0.10019338840422576,0.9973958333333334,4.024417939261647,0.024417939261646815,1.0061044848154117
development,s9140101_g4_n1.0_b0_r1.0,9140101,4,1.0,0,1.0,768,apss_0.5,OK,0.00581277800006319,True,True,0.765537894842803,0.9586290992005742,1.913076279072663,0.7291666666666666,0.984375,0.7170300835757168,1.0,0.9790723042135164,0.7749986101452105,0.9779636551050135,,self-report; not geometry-derived layer count or success,0.7846372208981549,0.825761960110717,0.765537894842803,0.9973958333333334,4.020444762190249,0.020444762190249044,1.0051111905475623
development,s9140101_g4_n1.0_b0_r1.0,9140101,4,1.0,0,1.0,768,apss_1.0,OK,0.006247990000019854,True,True,0.6641425665781193,0.8281703522103107,1.6322360061363084,0.7838541666666666,0.9869791666666666,0.6528345287957512,1.0,0.8457961124467996,0.6707517893031238,0.8437247035243699,,self-report; not geometry-derived layer count or success,0.679565001505321,0.7171680402346958,0.6641425665781193,0.9973958333333334,4.022069456043144,0.02206945604314381,1.005517364010786
development,s9140101_g4_n1.0_b0_r1.0,9140101,4,1.0,0,1.0,768,apss_2.0,OK,0.008635410000124466,True,True,0.4113345529280778,0.5224605710571762,0.9694424103346302,0.9544270833333334,0.99609375,0.4198271168334155,1.0,0.5329251633127153,0.41282516778837525,0.5261692187658048,,self-report; not geometry-derived layer count or success,0.41963770820886725,0.44870454733630005,0.4113345529280778,0.9973958333333334,3.99962104019619,0.0003789598038101971,0.9999052600490475
development,s9140101_g4_n1.0_b0_r1.0,9140101,4,1.0,0,1.0,768,apss_4.0,OK,0.01057127700005367,True,True,0.27678406312967546,0.42370867885234714,0.9277171502217182,0.953125,0.99609375,0.2857925302935905,1.0,0.43278745546741404,0.2769509140924668,0.41799939888511595,,self-report; not geometry-derived layer count or success,0.2841733535710058,0.3149890953461057,0.27678406312967546,0.9973958333333334,3.883357277222164,0.11664272277783594,0.970839319305541
development,s9140101_g4_n1.0_b0_r1.0,9140101,4,1.0,0,1.0,768,apss_8.0,OK,0.014641747999803556,True,True,0.29956856185660835,0.5088057441612588,1.37440641860031,0.9075520833333334,0.9986979166666666,0.30606317245515885,1.0,0.5151621233142002,0.29956856185660835,0.49366253036924984,,self-report; not geometry-derived layer count or success,0.3154080154872063,0.38298968431109115,0.29956856185660835,0.9973958333333334,3.760648629518046,0.2393513704819541,0.9401621573795115
development,s9140101_g4_n1.0_b0_r1.0,9140101,4,1.0,0,1.0,768,rimls_0.5,OK,0.006852364999986094,True,True,0.7665610567088789,0.960135305761317,1.9129606103638939,0.7278645833333334,0.984375,0.7185123516233526,1.0,0.9811499369247185,0.776025543660887,0.9794463939740298,,self-report; not geometry-derived layer count or success,0.7855786734173398,0.8263386937115387,0.7665610567088789,0.9973958333333334,4.020948255597267,0.020948255597266652,1.0052370638993167
development,s9140101_g4_n1.0_b0_r1.0,9140101,4,1.0,0,1.0,768,rimls_1.0,OK,0.007767923000074006,True,True,0.6745991296941333,0.8432202521513659,1.6730502855674112,0.77734375,0.9869791666666666,0.6680481506928772,1.0,0.8671990024702965,0.6812447989259732,0.8586268759527982,,self-report; not geometry-derived layer count or success,0.6894264823461106,0.7243349982720304,0.6745991296941333,0.9973958333333334,4.028010649591467,0.02801064959146693,1.0070026623978667
development,s9140101_g4_n1.0_b0_r1.0,9140101,4,1.0,0,1.0,768,rimls_2.0,OK,0.012511885999856531,True,True,0.4217046526766577,0.5332022361436453,0.9971326830464567,0.94921875,0.99609375,0.4470232231414614,1.0,0.5525785298456958,0.421848303872874,0.5313600465605938,,self-report; not geometry-derived layer count or success,0.42905578687507884,0.45980771435115314,0.4217046526766577,0.9973958333333334,4.027739753286829,0.027739753286828872,1.0069349383217072
development,s9140101_g4_n1.0_b0_r1.0,9140101,4,1.0,0,1.0,768,rimls_4.0,OK,0.02264456800003245,True,True,0.300551322353757,0.42974511562678663,0.8403296867534278,0.9557291666666666,0.99609375,0.3207578730230822,1.0,0.45047985384435146,0.3006834245158863,0.42786414445455284,,self-report; not geometry-derived layer count or success,0.31141121049913184,0.3571830973609795,0.300551322353757,0.9973958333333334,3.9923277141676627,0.007672285832337256,0.9980819285419157
development,s9140101_g4_n1.0_b0_r1.0,9140101,4,1.0,0,1.0,768,rimls_8.0,OK,0.05631553399985023,True,True,0.31994126740465595,0.4830401928430033,1.1645706303926433,0.9283854166666666,0.9973958333333334,0.33080333962173925,1.0,0.4966111270277702,0.31994126740465595,0.48129782011589417,,self-report; not geometry-derived layer count or success,0.34509531130965454,0.452419231970982,0.31994126740465595,0.9973958333333334,4.052922052467765,0.052922052467764935,1.0132305131169412
development,s9140101_g4_n1.0_b0_r0.25,9140101,4,1.0,0,0.25,407,identity,OK,0.0005980779999390506,True,True,0.804295051815323,1.0013680417663446,1.9375610331321038,0.7395577395577395,0.9877149877149877,0.7295102715824402,1.0,1.0013680417663446,0.804295051815323,0.9981240410225576,,self-report; not geometry-derived layer count or success,0.7762331985739785,0.8393336089012006,0.804295051815323,0.0,3.9385266841631603,0.06147331583683968,0.9846316710407901
development,s9140101_g4_n1.0_b0_r0.25,9140101,4,1.0,0,0.25,407,bias_only,OK,0.0004866179999680753,True,True,0.7992957558444669,0.9970959999180452,1.9513362012674316,0.7272727272727273,0.9828009828009828,0.7313750687188559,1.0,0.9975926414831203,0.7995424724348421,0.9942341156478426,,self-report; not geometry-derived layer count or success,0.762779802770245,0.8454450323475435,0.7992957558444669,1.0,3.9309091531265365,0.06909084687346345,0.9827272882816341
development,s9140101_g4_n1.0_b0_r0.25,9140101,4,1.0,0,0.25,407,old_original,APPLY,0.0009210099999563681,True,True,0.3201113645839036,0.4193042638197592,0.8169056547580329,0.9557739557739557,0.9557739557739557,0.40701136166307794,1.0,0.721531088706009,0.4062485225071083,0.6617385229987345,,self-report; not geometry-derived layer count or success,0.4517703314607361,0.554131526179667,0.3201113645839036,1.0,3.3830791309604002,0.6169208690395998,0.8457697827401001
development,s9140101_g4_n1.0_b0_r0.25,9140101,4,1.0,0,0.25,407,atlas_tied_256,OK,0.0012029450001591613,True,True,0.6437435506204057,0.7883882711647332,1.4989871490173756,0.7960687960687961,0.995085995085995,0.6282626281010311,1.0,0.798180843321913,0.6471803171391461,0.7902624489785103,,self-report; not geometry-derived layer count or success,0.6645552426173178,0.7036248264273505,0.6437435506204057,1.0,3.7805257539058426,0.21947424609415744,0.9451314384764606
development,s9140101_g4_n1.0_b0_r0.25,9140101,4,1.0,0,0.25,407,atlas_relax_96,OK,0.009806517000015447,True,True,0.35144101470336164,0.521085630543136,1.2968446112931116,0.9459459459459459,0.995085995085995,0.3418721687738841,1.0,0.5313216346854563,0.35369310810716903,0.5147283868051429,,self-report; not geometry-derived layer count or success,0.3726857547842781,0.41539297687037424,0.35144101470336164,1.0,3.809010967859934,0.1909890321400658,0.9522527419649836
development,s9140101_g4_n1.0_b0_r0.25,9140101,4,1.0,0,0.25,407,spatial_12,OK,0.02696674100002383,True,True,0.5704219141835424,0.7160532991903564,1.493512883089868,0.855036855036855,0.995085995085995,0.555810898139402,1.0,0.7244542558310204,0.57341635957284,0.7031563318852034,,self-report; not geometry-derived layer count or success,0.6099451860680374,0.6920845915019896,0.5704219141835424,1.0,3.6374178025171036,0.36258219748289644,0.9093544506292759
development,s9140101_g4_n1.0_b0_r0.25,9140101,4,1.0,0,0.25,407,spatial_36,OK,0.07478818100003082,True,True,0.5772122910715964,0.7329249231876802,1.5303371213519523,0.8452088452088452,0.9926289926289926,0.5626389191551509,1.0,0.7416950607809023,0.580415067045215,0.7176997412793376,,self-report; not geometry-derived layer count or success,0.620878146687676,0.7118641876516633,0.5772122910715964,1.0,3.6275818392165604,0.3724181607834396,0.9068954598041401
development,s9140101_g4_n1.0_b0_r0.25,9140101,4,1.0,0,0.25,407,spatial_108,OK,0.21647713399988788,True,True,0.5811577419086987,0.7388639092057677,1.539623083495929,0.8427518427518428,0.9926289926289926,0.5637823049620783,1.0,0.7476679413547402,0.5843993611897419,0.7224095520562465,,self-report; not geometry-derived layer count or success,0.6240071669349174,0.71307002294755,0.5811577419086987,1.0,3.613004840849353,0.3869951591506471,0.9032512102123382
development,s9140101_g4_n1.0_b0_r0.25,9140101,4,1.0,0,0.25,407,apss_0.5,OK,0.0034221309999793448,True,True,0.779065002489736,0.973036237518848,1.9191809064000094,0.7297297297297297,0.9828009828009828,0.7299558656390934,1.0,0.973577781655123,0.7793117190801112,0.9699614112436115,,self-report; not geometry-derived layer count or success,0.7368722341807198,0.8323024571312851,0.779065002489736,1.0,3.9264547574965545,0.07354524250344552,0.9816136893741386
development,s9140101_g4_n1.0_b0_r0.25,9140101,4,1.0,0,0.25,407,apss_1.0,OK,0.003515994000053979,True,True,0.6474244036071635,0.7970366350813625,1.5651971337777544,0.7862407862407862,1.0,0.6392347957915434,1.0,0.7976072639748094,0.6474244036071635,0.7924961155179733,,self-report; not geometry-derived layer count or success,0.5984695699000264,0.7085503285674563,0.6474244036071635,1.0,3.911378305122157,0.0886216948778431,0.9778445762805392
development,s9140101_g4_n1.0_b0_r0.25,9140101,4,1.0,0,0.25,407,apss_2.0,OK,0.004477412000142067,True,True,0.4204501673052902,0.5229504934388172,0.9360932646621785,0.9631449631449631,0.9975429975429976,0.42768439381585116,1.0,0.5295769609978375,0.42120189535790414,0.5121844649830578,,self-report; not geometry-derived layer count or success,0.41622195820419755,0.4274199384338029,0.4204501673052902,1.0,3.8226180089529453,0.17738199104705465,0.9556545022382363
development,s9140101_g4_n1.0_b0_r0.25,9140101,4,1.0,0,0.25,407,apss_4.0,OK,0.005333144000132961,True,True,0.2949838455753804,0.43217334112020017,0.9494593254908144,0.9533169533169533,0.9828009828009828,0.31223380937686274,1.0,0.48503456358801605,0.30585207913402646,0.4555633361863762,,self-report; not geometry-derived layer count or success,0.32993076918865893,0.38407456395239054,0.2949838455753804,1.0,3.6946370382102005,0.3053629617897995,0.9236592595525501
development,s9140101_g4_n1.0_b0_r0.25,9140101,4,1.0,0,0.25,407,apss_8.0,OK,0.0068361539999841625,True,True,0.3220851056276165,0.5139012242786722,1.2707767734773396,0.9041769041769042,0.9803439803439803,0.34272438542085637,1.0,0.5764351211169193,0.3382646946767577,0.5282702316023905,,self-report; not geometry-derived layer count or success,0.37502660668128607,0.45769013256992164,0.3220851056276165,1.0,3.502029189522913,0.4979708104770868,0.8755072973807283
development,s9140101_g4_n1.0_b0_r0.25,9140101,4,1.0,0,0.25,407,rimls_0.5,OK,0.0034410729999763134,True,True,0.7802570282147275,0.975072123465181,1.9191809064000094,0.7297297297297297,0.9828009828009828,0.7319273869404508,1.0,0.9761340863487425,0.7805037448051028,0.9720256206385898,,self-report; not geometry-derived layer count or success,0.7382076156130128,0.8333154862272704,0.7802570282147275,1.0,3.9268018368257023,0.07319816317429773,0.9817004592064256
development,s9140101_g4_n1.0_b0_r0.25,9140101,4,1.0,0,0.25,407,rimls_1.0,OK,0.0041378149999218294,True,True,0.6576237488837894,0.8144350409155042,1.6051187541993959,0.7862407862407862,1.0,0.6547882413765385,1.0,0.8219229497451329,0.6576237488837894,0.8097708905783351,,self-report; not geometry-derived layer count or success,0.6057127454770455,0.7224408028612707,0.6576237488837894,1.0,3.9245748384926107,0.07542516150738932,0.9811437096231527
development,s9140101_g4_n1.0_b0_r0.25,9140101,4,1.0,0,0.25,407,rimls_2.0,OK,0.006403260000070077,True,True,0.4273145987468581,0.5267648763749955,0.9530248175085198,0.9533169533169533,0.9975429975429976,0.4522479905849386,1.0,0.5447215451618835,0.4273145987468581,0.5154144374630184,,self-report; not geometry-derived layer count or success,0.4173003585315156,0.4398185671925342,0.4273145987468581,1.0,3.864645995133537,0.1353540048664632,0.9661614987833842
development,s9140101_g4_n1.0_b0_r0.25,9140101,4,1.0,0,0.25,407,rimls_4.0,OK,0.012216402000149174,True,True,0.32043287633636613,0.45010226213140875,0.8474580359434448,0.9533169533169533,0.9828009828009828,0.3432621476953064,1.0,0.4909838559697913,0.32634065449667743,0.4641318385149401,,self-report; not geometry-derived layer count or success,0.33601292202969624,0.3577621644934458,0.32043287633636613,1.0,3.837512846997189,0.1624871530028109,0.9593782117492973
development,s9140101_g4_n1.0_b0_r0.25,9140101,4,1.0,0,0.25,407,rimls_8.0,OK,0.02734888999998475,True,True,0.3626841555315544,0.5160728117444111,1.2714611417949444,0.918918918918919,0.9828009828009828,0.37694003327591574,1.0,0.5515001494256678,0.3699908234969211,0.5415491075864377,,self-report; not geometry-derived layer count or success,0.38056741079792644,0.4043501236791925,0.3626841555315544,1.0,3.898129032498799,0.10187096750120084,0.9745322581246998
development,s9140101_g4_n1.0_b4_r1.0,9140101,4,1.0,4,1.0,768,identity,OK,0.0008356210000783904,True,True,3.099413287509499,3.8729211111888633,7.22220066369872,0.22786458333333334,0.5625,2.0277237047186127,1.0,4.150104118530022,3.3740337631321182,4.148472522736828,,self-report; not geometry-derived layer count or success,3.3797791143351823,3.4042926128015876,3.099413287509499,0.0,4.220762681163766,0.22076268116376596,1.0551906702909415
development,s9140101_g4_n1.0_b4_r1.0,9140101,4,1.0,4,1.0,768,bias_only,OK,0.0008641909998914343,True,True,0.8279502579862869,1.1275818968888012,2.0962112168374314,0.7239583333333334,0.9778645833333334,0.7263471526722776,1.0,1.179554502694259,0.8444222520601956,1.1771961950376408,,self-report; not geometry-derived layer count or success,0.8495810121523858,0.8715917218790638,0.8279502579862869,0.9700520833333334,4.089506405116483,0.08950640511648267,1.0223766012791207
development,s9140101_g4_n1.0_b4_r1.0,9140101,4,1.0,4,1.0,768,old_original,APPLY,0.0014811749999807944,True,True,0.27294762175866033,0.7279424041831831,1.3928819739053933,0.921875,0.9895833333333334,0.2528913283883591,1.0,0.8083262449327608,0.289907245516377,0.8047614161799215,,self-report; not geometry-derived layer count or success,0.2804261214256597,0.3208886677771692,0.27294762175866033,0.9700520833333334,3.8973512487537527,0.10264875124624728,0.9743378121884382
development,s9140101_g4_n1.0_b4_r1.0,9140101,4,1.0,4,1.0,768,atlas_tied_256,OK,0.0026430469999922934,True,True,0.1833996939120186,0.6252130033816647,0.26749960491757163,0.9791666666666666,0.9947916666666666,0.15426694450605039,1.0,0.7100259171377109,0.19774580083834006,0.705518381228792,,self-report; not geometry-derived layer count or success,0.187726824540549,0.2304768867438595,0.1833996939120186,0.9700520833333334,4.070367962427098,0.07036796242709809,1.0175919906067745
development,s9140101_g4_n1.0_b4_r1.0,9140101,4,1.0,4,1.0,768,atlas_relax_96,OK,0.018342717999985325,True,True,0.2620537408652893,0.6867597935669889,0.5044281786821926,0.9752604166666666,0.9921875,0.22242739245992774,1.0,0.7760143738862256,0.27970022164703523,0.7707643689207887,,self-report; not geometry-derived layer count or success,0.2706480983326317,0.30927054912397334,0.2620537408652893,0.9700520833333334,3.9939709282054228,0.006029071794577234,0.9984927320513557
development,s9140101_g4_n1.0_b4_r1.0,9140101,4,1.0,4,1.0,768,spatial_12,OK,0.037592368999867176,True,True,0.17434216430777724,0.6234811991435311,0.23791792010053678,0.9791666666666666,0.9947916666666666,0.14650691903049964,1.0,0.7078689532208257,0.18846392176828383,0.7036448352685668,,self-report; not geometry-derived layer count or success,0.18021564860709538,0.21541552427019584,0.17434216430777724,0.9700520833333334,4.037782225969758,0.03778222596975844,1.0094455564924396
development,s9140101_g4_n1.0_b4_r1.0,9140101,4,1.0,4,1.0,768,spatial_36,OK,0.10866997300013281,True,True,0.17434208094560075,0.6234811802543647,0.23791765834649564,0.9791666666666666,0.9947916666666666,0.14650684283982943,1.0,0.7078689389039381,0.18846383907016886,0.7036448217343602,,self-report; not geometry-derived layer count or success,0.18021556476975353,0.2154154452146505,0.17434208094560075,0.9700520833333334,4.037782211317973,0.03778221131797288,1.0094455528294932
development,s9140101_g4_n1.0_b4_r1.0,9140101,4,1.0,4,1.0,768,spatial_108,OK,0.32191325100006907,True,True,0.1743420809456008,0.6234811802543647,0.2379176583464957,0.9791666666666666,0.9947916666666666,0.14650684283982943,1.0,0.7078689389039381,0.18846383907016886,0.7036448217343602,,self-report; not geometry-derived layer count or success,0.18021556476975356,0.21541544521465053,0.1743420809456008,0.9700520833333334,4.037782211317973,0.03778221131797288,1.0094455528294932
development,s9140101_g4_n1.0_b4_r1.0,9140101,4,1.0,4,1.0,768,apss_0.5,OK,0.00572776200010594,True,True,0.814556003912339,1.1138199188597977,2.065618816418061,0.72265625,0.98046875,0.7320108541080442,1.0,1.165530301598256,0.8305004481093183,1.163121007341879,,self-report; not geometry-derived layer count or success,0.8357772423371022,0.8582915643756465,0.814556003912339,0.9700520833333334,4.089691134351257,0.08969113435125742,1.0224227835878144
development,s9140101_g4_n1.0_b4_r1.0,9140101,4,1.0,4,1.0,768,apss_1.0,OK,0.006161011000131111,True,True,0.7188075253415703,1.0090413264767284,1.778285825611651,0.7721354166666666,0.9830729166666666,0.6719167061308369,1.0,1.062477627127546,0.7326466891704865,1.0592336450905995,,self-report; not geometry-derived layer count or success,0.7360091085806473,0.7503554313973333,0.7188075253415703,0.9700520833333334,4.0785593391863095,0.07855933918630953,1.0196398347965774
development,s9140101_g4_n1.0_b4_r1.0,9140101,4,1.0,4,1.0,768,apss_2.0,OK,0.00862552700004926,True,True,0.4735927690183535,0.7846242159470853,1.073203659237892,0.9361979166666666,0.9947916666666666,0.4463685629320176,1.0,0.840118968031314,0.4817974582276208,0.8338319566582211,,self-report; not geometry-derived layer count or success,0.48056631646965897,0.4858191879702962,0.4735927690183535,0.9700520833333334,4.036535627217677,0.03653562721767667,1.0091339068044192
development,s9140101_g4_n1.0_b4_r1.0,9140101,4,1.0,4,1.0,768,apss_4.0,OK,0.010341070000094987,True,True,0.3441528314670588,0.7255203132043289,1.242732137957814,0.93359375,0.9921875,0.31899750386273923,1.0,0.7865853230668602,0.35221317017790166,0.7767114978495753,,self-report; not geometry-derived layer count or success,0.35058240170501676,0.357540347189326,0.3441528314670588,0.9700520833333334,3.9085729978650674,0.0914270021349326,0.9771432494662668
development,s9140101_g4_n1.0_b4_r1.0,9140101,4,1.0,4,1.0,768,apss_8.0,OK,0.014610048000122333,True,True,0.3687734359123421,0.7787762371318204,1.5350467405325356,0.8919270833333334,0.9947916666666666,0.34160761453738303,1.0,0.8348582242140437,0.3766108280236666,0.8211829300474393,,self-report; not geometry-derived layer count or success,0.3830648432668176,0.410601974970929,0.3687734359123421,0.9700520833333334,3.7864631684840298,0.21353683151597025,0.9466157921210074
development,s9140101_g4_n1.0_b4_r1.0,9140101,4,1.0,4,1.0,768,rimls_0.5,OK,0.006013594000023659,True,True,0.815487040593179,1.1151183794228425,2.065618816418061,0.7213541666666666,0.98046875,0.7334930567649005,1.0,1.1672120799687107,0.8314318700378266,1.164358917506137,,self-report; not geometry-derived layer count or success,0.8366380716650748,0.8588511986079993,0.815487040593179,0.9700520833333334,4.089961988029564,0.08996198802956368,1.022490497007391
development,s9140101_g4_n1.0_b4_r1.0,9140101,4,1.0,4,1.0,768,rimls_1.0,OK,0.007542833999877985,True,True,0.7295128280441426,1.0217721414700291,1.829945317777103,0.7682291666666666,0.9830729166666666,0.6870137857120101,1.0,1.0795504605978532,0.7433599843992433,1.0713407182933425,,self-report; not geometry-derived layer count or success,0.746123120854105,0.7579118879845085,0.7295128280441426,0.9700520833333334,4.085223116400337,0.08522311640033742,1.0213057791000844
development,s9140101_g4_n1.0_b4_r1.0,9140101,4,1.0,4,1.0,768,rimls_2.0,OK,0.01215918499997315,True,True,0.48390540242986435,0.7910450469235121,1.0678646279819675,0.9322916666666666,0.9947916666666666,0.47266163136208883,1.0,0.8538876457368132,0.49192533386013815,0.8389733163052935,,self-report; not geometry-derived layer count or success,0.4912602472497974,0.4940997449343117,0.48390540242986435,0.9700520833333334,4.063609194464849,0.06360919446484914,1.0159022986162123
development,s9140101_g4_n1.0_b4_r1.0,9140101,4,1.0,4,1.0,768,rimls_4.0,OK,0.02267210500008332,True,True,0.36687962815716063,0.7281818415655942,1.114206651689177,0.9361979166666666,0.9921875,0.3524667649924437,1.0,0.7965604344677097,0.3749110629516575,0.7804003345192204,,self-report; not geometry-derived layer count or success,0.37695275288660474,0.38566396327571284,0.36687962815716063,0.9700520833333334,4.017597248113945,0.017597248113944808,1.0043993120284862
development,s9140101_g4_n1.0_b4_r1.0,9140101,4,1.0,4,1.0,768,rimls_8.0,OK,0.05661845700001322,True,True,0.3924160740629496,0.7635647939007517,1.43735421517127,0.9114583333333334,0.9934895833333334,0.36805275250698344,1.0,0.8251619019229905,0.40025346617427404,0.8129637224554364,,self-report; not geometry-derived layer count or success,0.4155845747860135,0.48099730486276865,0.3924160740629496,0.9700520833333334,4.073845895643371,0.0738458956433714,1.0184614739108429
development,s9140101_g4_n1.0_b4_r0.25,9140101,4,1.0,4,0.25,407,identity,OK,0.0006054739999399317,True,True,3.280996822980246,4.04631477918768,7.264184113848851,0.22358722358722358,0.5282555282555282,2.265901367246847,1.0,4.203043616440465,3.426780150997398,4.199778972574405,,self-report; not geometry-derived layer count or success,3.4447900820303254,3.4852875512590633,3.280996822980246,0.0,4.065803909960088,0.06580390996008756,1.016450977490022
development,s9140101_g4_n1.0_b4_r0.25,9140101,4,1.0,4,0.25,407,bias_only,OK,0.0004707519999556098,True,True,0.8073107075250877,1.0065914876254005,1.9816646934259954,0.7100737100737101,0.9852579852579852,0.7424119632130277,1.0,1.0094079148094226,0.8079771999652268,0.9941691233199619,,self-report; not geometry-derived layer count or success,0.7723089011424589,0.852513307887578,0.8073107075250877,1.0,3.9309452885014076,0.06905471149859244,0.9827363221253519
development,s9140101_g4_n1.0_b4_r0.25,9140101,4,1.0,4,0.25,407,old_original,APPLY,0.0009320940000634437,True,True,0.3254666701367079,0.4077178611835158,0.7293033718052027,0.9557739557739557,0.9557739557739557,0.4289413982551569,1.0,0.7380678203093,0.4192810441143378,0.6616149611872488,,self-report; not geometry-derived layer count or success,0.479387172158518,0.6145429407440504,0.3254666701367079,1.0,3.3831129574142276,0.6168870425857724,0.8457782393535569
development,s9140101_g4_n1.0_b4_r0.25,9140101,4,1.0,4,0.25,407,atlas_tied_256,OK,0.0012255669998921803,True,True,0.6405474753753577,0.7947071831890163,1.5055871026006715,0.7960687960687961,0.995085995085995,0.6288771879967031,1.0,0.807131312531888,0.6443606259607556,0.7892510826925441,,self-report; not geometry-derived layer count or success,0.667828255898941,0.7205980094063522,0.6405474753753577,1.0,3.7808667600632186,0.21913323993678135,0.9452166900158047
development,s9140101_g4_n1.0_b4_r0.25,9140101,4,1.0,4,0.25,407,atlas_relax_96,OK,0.010003377999964869,True,True,0.3820374915776231,0.5476223747747926,1.3492362862996101,0.9385749385749386,0.995085995085995,0.3810391675359664,1.0,0.5563229126126473,0.38331364365963627,0.5148265531187859,,self-report; not geometry-derived layer count or success,0.4001336496981792,0.4379554312323615,0.3820374915776231,1.0,3.81022479546861,0.18977520453139007,0.9525561988671525
development,s9140101_g4_n1.0_b4_r0.25,9140101,4,1.0,4,0.25,407,spatial_12,OK,0.028636752000011256,True,True,0.5686550440055694,0.7281783877765349,1.5088203297532892,0.8353808353808354,0.995085995085995,0.559485478524983,1.0,0.7395627042762722,0.5720570757384998,0.7034129232832373,,self-report; not geometry-derived layer count or success,0.6166240285848446,0.7168381159244149,0.5686550440055694,1.0,3.6437541108828255,0.3562458891171745,0.9109385277207064
development,s9140101_g4_n1.0_b4_r0.25,9140101,4,1.0,4,0.25,407,spatial_36,OK,0.07587825599989628,True,True,0.578092103375666,0.7467113607358165,1.5451482783034856,0.8255528255528255,0.9926289926289926,0.5689461466322503,1.0,0.7583487390179401,0.5816986798667212,0.7178027230874072,,self-report; not geometry-derived layer count or success,0.6296081007446878,0.7373381244868557,0.578092103375666,1.0,3.629141294089914,0.3708587059100861,0.9072853235224785
development,s9140101_g4_n1.0_b4_r0.25,9140101,4,1.0,4,0.25,407,spatial_108,OK,0.2188936319998902,True,True,0.5822369151245826,0.7524772529807683,1.5630931400503723,0.8255528255528255,0.995085995085995,0.5703913528745389,1.0,0.7641272725622146,0.5858802234730595,0.7226170481667816,,self-report; not geometry-derived layer count or success,0.6330442206115243,0.7390980705306138,0.5822369151245826,1.0,3.6155337409915185,0.3844662590084815,0.9038834352478796
development,s9140101_g4_n1.0_b4_r0.25,9140101,4,1.0,4,0.25,407,apss_0.5,OK,0.0033833929999218526,True,True,0.7866431603629817,0.9832149515372405,1.930905792875579,0.714987714987715,0.9852579852579852,0.7407965726903888,1.0,0.9861447572122701,0.7873096528031206,0.9702402434716617,,self-report; not geometry-derived layer count or success,0.7448843848558079,0.8402826393008704,0.7866431603629817,1.0,3.926523715565454,0.07347628443454601,0.9816309288913635
development,s9140101_g4_n1.0_b4_r0.25,9140101,4,1.0,4,0.25,407,apss_1.0,OK,0.0035809440000775794,True,True,0.6610581142091903,0.8085959621944417,1.5766385939550183,0.7813267813267813,0.995085995085995,0.6575805866869582,1.0,0.8114871002570083,0.6612129711211081,0.7914913652558676,,self-report; not geometry-derived layer count or success,0.6158064808285977,0.7179083678399335,0.6610581142091903,1.0,3.911244191757609,0.08875580824239115,0.9778110479394022
development,s9140101_g4_n1.0_b4_r0.25,9140101,4,1.0,4,0.25,407,apss_2.0,OK,0.004686199999923701,True,True,0.4382085869856314,0.5470464293134785,0.9927806908324538,0.9508599508599509,0.9975429975429976,0.45125784416790765,1.0,0.553519086196717,0.4382120979222606,0.5117708421684821,,self-report; not geometry-derived layer count or success,0.4378442376577898,0.43867141515856123,0.4382085869856314,1.0,3.822843574282145,0.17715642571785484,0.9557108935705363
development,s9140101_g4_n1.0_b4_r0.25,9140101,4,1.0,4,0.25,407,apss_4.0,OK,0.0055676869999388146,True,True,0.31270629396962735,0.43933556045749594,0.8941529464843637,0.9582309582309583,0.9828009828009828,0.3421131582550275,1.0,0.5064323938968857,0.3265035772416682,0.4548723145192667,,self-report; not geometry-derived layer count or success,0.353338062626685,0.41367859053664,0.31270629396962735,1.0,3.6951575660354927,0.3048424339645073,0.9237893915088732
development,s9140101_g4_n1.0_b4_r0.25,9140101,4,1.0,4,0.25,407,apss_8.0,OK,0.007536716000004162,True,True,0.3402660918760016,0.5059496814837152,1.2074229390156193,0.9066339066339066,0.9778869778869779,0.3728917534113177,1.0,0.5847733147411651,0.3600926320382359,0.5278013529632538,,self-report; not geometry-derived layer count or success,0.39771875499999265,0.48232556188084924,0.3402660918760016,1.0,3.5025498746643295,0.49745012533567046,0.8756374686660824
development,s9140101_g4_n1.0_b4_r0.25,9140101,4,1.0,4,0.25,407,rimls_0.5,OK,0.003808409999919604,True,True,0.7875932571449155,0.9851846716406063,1.9352163605157284,0.714987714987715,0.9852579852579852,0.7423871807783724,1.0,0.9886698070668809,0.7882597495850545,0.9722818427181401,,self-report; not geometry-derived layer count or success,0.7459944627720949,0.8410329806332804,0.7875932571449155,1.0,3.9268907996658817,0.07310920033411827,0.9817226999164704
development,s9140101_g4_n1.0_b4_r0.25,9140101,4,1.0,4,0.25,407,rimls_1.0,OK,0.004266576999953031,True,True,0.6710525908182025,0.8262594908495121,1.5997849055389592,0.773955773955774,0.995085995085995,0.6718816488789461,1.0,0.8359448220544707,0.6712284889050509,0.8088201548924542,,self-report; not geometry-derived layer count or success,0.6228625707538378,0.7316190828397149,0.6710525908182025,1.0,3.9243468391182046,0.07565316088179541,0.9810867097795511
development,s9140101_g4_n1.0_b4_r0.25,9140101,4,1.0,4,0.25,407,rimls_2.0,OK,0.006617481999910524,True,True,0.4430172635748996,0.5478955064449631,1.024129636162275,0.941031941031941,1.0,0.47341770753528284,1.0,0.5680889588931506,0.44301726357489957,0.5147480322372338,,self-report; not geometry-derived layer count or success,0.4368722302712379,0.45069006758941643,0.4430172635748996,1.0,3.864565174465647,0.13543482553435293,0.9661412936164118
development,s9140101_g4_n1.0_b4_r0.25,9140101,4,1.0,4,0.25,407,rimls_4.0,OK,0.01180499600013718,True,True,0.3353549524095446,0.459929488856624,0.8933370443805296,0.9582309582309583,0.9828009828009828,0.3695618834668574,1.0,0.5141508825826355,0.3439950786083513,0.46339775041226433,,self-report; not geometry-derived layer count or success,0.3514822593216517,0.36831807451675264,0.3353549524095446,1.0,3.838064801709102,0.16193519829089809,0.9595162004272755
development,s9140101_g4_n1.0_b4_r0.25,9140101,4,1.0,4,0.25,407,rimls_8.0,OK,0.02787432800005263,True,True,0.38210508106594804,0.514151001889334,1.208326112127824,0.918918918918919,0.9828009828009828,0.40504609783452694,1.0,0.5633441305307776,0.39237801088181185,0.5412404666825047,,self-report; not geometry-derived layer count or success,0.38643420358006875,0.3997995603303975,0.38210508106594804,1.0,3.898982779918482,0.10101722008151803,0.9747456949796205
development,s9140101_g4_n2.0_b0_r1.0,9140101,4,2.0,0,1.0,768,identity,OK,0.0008054420000007667,True,True,1.5028743021931483,1.8800098303093624,3.786838480757982,0.4309895833333333,0.81640625,1.2559132880702653,1.0,2.0009098160406382,1.589333418122086,1.9987694614865332,,self-report; not geometry-derived layer count or success,1.6062955319854368,1.6786672178024011,1.5028743021931483,0.0,4.044126399599383,0.04412639959938325,1.0110315998998458
development,s9140101_g4_n2.0_b0_r1.0,9140101,4,2.0,0,1.0,768,bias_only,OK,0.0007164720000218949,True,True,1.4907333219802226,1.8699763880578135,3.7494563053802397,0.4361979166666667,0.8177083333333334,1.245740319326452,1.0,1.9905772262851198,1.5752481936710871,1.9884166505792469,,self-report; not geometry-derived layer count or success,1.5945953112997924,1.6771430131822687,1.4907333219802226,0.9986979166666666,4.040788085787648,0.04078808578764814,1.010197021446912
development,s9140101_g4_n2.0_b0_r1.0,9140101,4,2.0,0,1.0,768,old_original,APPLY,0.0013784780001060426,True,True,0.3847326957952247,0.6240099652554244,1.652437625922292,0.8880208333333334,0.9908854166666666,0.4000502200919132,1.0,0.6533211298772817,0.39276031122581195,0.6353655586255295,,self-report; not geometry-derived layer count or success,0.38337580850062847,0.42344632414311384,0.3847326957952247,0.9986979166666666,3.76552748726157,0.23447251273843017,0.9413818718153925
development,s9140101_g4_n2.0_b0_r1.0,9140101,4,2.0,0,1.0,768,atlas_tied_256,OK,0.0018188250001003325,True,True,0.23609367437757492,0.4260738967041634,0.41753632462077706,0.984375,0.9895833333333334,0.2441108638998759,1.0,0.6122701578871563,0.27543954518195823,0.6070454698291866,,self-report; not geometry-derived layer count or success,0.2876521988836293,0.33975952134409276,0.23609367437757492,0.9986979166666666,4.069785693856056,0.06978569385605571,1.017446423464014
development,s9140101_g4_n2.0_b0_r1.0,9140101,4,2.0,0,1.0,768,atlas_relax_96,OK,0.015419293999912043,True,True,0.3893345374439996,0.5799207927754831,0.788582330313385,0.9765625,0.9908854166666666,0.38959748290261564,1.0,0.6732981180544216,0.41192318428488406,0.6582914528629865,,self-report; not geometry-derived layer count or success,0.41712574783664974,0.43932335232418324,0.3893345374439996,0.9986979166666666,4.00597678897064,0.0059767889706403565,1.00149419724266
development,s9140101_g4_n2.0_b0_r1.0,9140101,4,2.0,0,1.0,768,spatial_12,OK,0.03981133800016323,True,True,0.2273247570010438,0.42707044092070173,0.4545138898256867,0.984375,0.9895833333333334,0.24732450915082685,1.0,0.5911570447730138,0.2644017563635699,0.5851972969922766,,self-report; not geometry-derived layer count or success,0.2759714584014177,0.32530764290180264,0.2273247570010438,0.9986979166666666,4.048362220636677,0.048362220636676945,1.0120905551591692
development,s9140101_g4_n2.0_b0_r1.0,9140101,4,2.0,0,1.0,768,spatial_36,OK,0.10876848899988545,True,True,0.22226654624926714,0.4091499769973706,0.45838131461664505,0.9895833333333334,0.9921875,0.23735639786954155,1.0,0.5216107669867489,0.24413663065267785,0.5118774455456326,,self-report; not geometry-derived layer count or success,0.25799811983046345,0.3170480846413533,0.22226654624926714,0.9986979166666666,4.044340216682256,0.044340216682256184,1.011085054170564
development,s9140101_g4_n2.0_b0_r1.0,9140101,4,2.0,0,1.0,768,spatial_108,OK,0.316795675000094,True,True,0.22222398986789083,0.40911994248804484,0.45827593337283257,0.9895833333333334,0.9921875,0.23731551951690574,1.0,0.5215880385293133,0.24409429779509395,0.5118610184427472,,self-report; not geometry-derived layer count or success,0.25795036021906737,0.31697703626247997,0.22222398986789083,0.9986979166666666,4.044264452484493,0.04426445248449262,1.0110661131211232
development,s9140101_g4_n2.0_b0_r1.0,9140101,4,2.0,0,1.0,768,apss_0.5,OK,0.005707056000119337,True,True,1.4857238505430077,1.864930034684804,3.715846616989698,0.4270833333333333,0.8138020833333334,1.2549565011673192,1.0,1.9852447652141418,1.569634360078852,1.9830721551443895,,self-report; not geometry-derived layer count or success,1.5888809297260043,1.6709996268871876,1.4857238505430077,0.9986979166666666,4.041195704840498,0.04119570484049806,1.0102989262101245
development,s9140101_g4_n2.0_b0_r1.0,9140101,4,2.0,0,1.0,768,apss_1.0,OK,0.0064820100001270475,True,True,1.413441293248445,1.77056814557825,3.4642935746358003,0.4153645833333333,0.8033854166666666,1.2899212610304518,1.0,1.8850487424656641,1.48951316478609,1.8814001532324516,,self-report; not geometry-derived layer count or success,1.5100079874407053,1.5974525641003974,1.413441293248445,0.9986979166666666,4.061619945294851,0.06161994529485071,1.0154049863237127
development,s9140101_g4_n2.0_b0_r1.0,9140101,4,2.0,0,1.0,768,apss_2.0,OK,0.009799300000167932,True,True,0.882321296114818,1.1021996288378237,1.942631404458971,0.5963541666666666,0.9401041666666666,0.9066549424696806,1.0,1.1400307616471537,0.8962599899589702,1.1246313677451425,,self-report; not geometry-derived layer count or success,0.9146792151981509,0.9932679095519878,0.882321296114818,0.9986979166666666,4.055664875951668,0.0556648759516678,1.013916218987917
development,s9140101_g4_n2.0_b0_r1.0,9140101,4,2.0,0,1.0,768,apss_4.0,OK,0.012088547000075778,True,True,0.4675495494564224,0.6304088340118195,1.2015582952784771,0.89453125,0.9921875,0.49523985800316783,1.0,0.6588087432000745,0.47005174734964666,0.629701654994913,,self-report; not geometry-derived layer count or success,0.47779839700620325,0.5108507688741779,0.4675495494564224,0.9986979166666666,3.9005629189713775,0.09943708102862248,0.9751407297428444
development,s9140101_g4_n2.0_b0_r1.0,9140101,4,2.0,0,1.0,768,apss_8.0,OK,0.017696220000061658,True,True,0.41522055509615724,0.6119950224908086,1.4634134780521937,0.8971354166666666,0.9908854166666666,0.43300401010219297,1.0,0.629278134972908,0.4162399327222139,0.5990805081766019,,self-report; not geometry-derived layer count or success,0.42704671784685555,0.47315566771199363,0.41522055509615724,0.9986979166666666,3.775604900811803,0.2243950991881971,0.9439012252029507
development,s9140101_g4_n2.0_b0_r1.0,9140101,4,2.0,0,1.0,768,rimls_0.5,OK,0.0060712550000516785,True,True,1.4861087925653347,1.86542818554968,3.715846616989698,0.4270833333333333,0.8138020833333334,1.2552440351748146,1.0,1.9856413060043705,1.5697622434838319,1.9832814244804102,,self-report; not geometry-derived layer count or success,1.5890989235205177,1.671602091677044,1.4861087925653347,0.9986979166666666,4.041323295438491,0.04132329543849078,1.0103308238596227
development,s9140101_g4_n2.0_b0_r1.0,9140101,4,2.0,0,1.0,768,rimls_1.0,OK,0.008167210999999952,True,True,1.4209545979305893,1.7817266998955639,3.483310358112964,0.41015625,0.8098958333333334,1.2937930025328603,1.0,1.9037176930927584,1.4990952375955136,1.894735733207973,,self-report; not geometry-derived layer count or success,1.5194164488303539,1.6054250654713476,1.4209545979305893,0.9986979166666666,4.051070810291149,0.051070810291149016,1.0127677025727873
development,s9140101_g4_n2.0_b0_r1.0,9140101,4,2.0,0,1.0,768,rimls_2.0,OK,0.013287768999816763,True,True,0.9579616715927276,1.2182680487481916,2.2330230669042894,0.5442708333333334,0.9231770833333334,1.0113827160430322,1.0,1.4142442639841353,0.983885796471344,1.275580096489186,,self-report; not geometry-derived layer count or success,1.0034110958414433,1.084414395204373,0.9579616715927276,0.9986979166666666,4.083413983628319,0.08341398362831942,1.0208534959070799
development,s9140101_g4_n2.0_b0_r1.0,9140101,4,2.0,0,1.0,768,rimls_4.0,OK,0.024506909999900017,True,True,0.534391058720543,0.7000495694285246,1.3719636334281389,0.8307291666666666,0.98828125,0.6095102038419461,1.0,0.7771481473334297,0.5365110469184938,0.6994096506915003,,self-report; not geometry-derived layer count or success,0.548941328287796,0.6019771267649265,0.534391058720543,0.9986979166666666,4.0375043404440865,0.03750434044408646,1.0093760851110216
development,s9140101_g4_n2.0_b0_r1.0,9140101,4,2.0,0,1.0,768,rimls_8.0,OK,0.05940834100010761,True,True,0.44889440510757556,0.6153250456315676,1.2877025720051685,0.9075520833333334,0.98828125,0.4775639872919382,1.0,0.6447853297692504,0.44929046372886505,0.6094337199765126,,self-report; not geometry-derived layer count or success,0.47293981012509245,0.5738436092770999,0.44889440510757556,0.9986979166666666,4.110884897457512,0.11088489745751229,1.027721224364378
development,s9140101_g4_n2.0_b0_r0.25,9140101,4,2.0,0,0.25,407,identity,OK,0.0005974410000817443,True,True,1.5630591826388958,1.941558979618224,3.814683767909107,0.41277641277641275,0.7936117936117936,1.32470953592883,1.0,2.0027360835326893,1.6085901036306463,1.9962480820451152,,self-report; not geometry-derived layer count or success,1.5524663971479573,1.6786672178024011,1.5630591826388958,0.0,3.8770533683263197,0.12294663167368025,0.9692633420815799
development,s9140101_g4_n2.0_b0_r0.25,9140101,4,2.0,0,0.25,407,bias_only,OK,0.0004699609999079257,True,True,1.544019559878965,1.925642996505508,3.775728050541172,0.42997542997543,0.7936117936117936,1.3122297779140124,1.0,1.9903450718928073,1.5924921997090156,1.983626668537526,,self-report; not geometry-derived layer count or success,1.519734977088177,1.6833382345836534,1.544019559878965,1.0,3.863571263204146,0.1364287367958541,0.9658928158010365
development,s9140101_g4_n2.0_b0_r0.25,9140101,4,2.0,0,0.25,407,old_original,APPLY,0.0009482020000177727,True,True,0.35218381927276077,0.4364092911160535,0.7784672665793979,0.9557739557739557,0.9557739557739557,0.4493548095288345,1.0,0.7402244421923877,0.44065067174410455,0.669822842471696,,self-report; not geometry-derived layer count or success,0.5032856057901078,0.6441276950537725,0.35218381927276077,1.0,3.397745370140472,0.6022546298595279,0.849436342535118
development,s9140101_g4_n2.0_b0_r0.25,9140101,4,2.0,0,0.25,407,atlas_tied_256,OK,0.0011654320001071028,True,True,0.6756930537874895,0.8195960940600161,1.554352638675477,0.7714987714987716,0.9606879606879607,0.7211208316956725,1.0,0.8990548426324663,0.7070196249009022,0.7742156365213677,,self-report; not geometry-derived layer count or success,0.8132846047597848,1.052234034608211,0.6756930537874895,1.0,3.051728870961279,0.9482711290387211,0.7629322177403197
development,s9140101_g4_n2.0_b0_r0.25,9140101,4,2.0,0,0.25,407,atlas_relax_96,OK,0.006985209000049508,True,True,0.40738894357447886,0.5641857178286286,1.1681084488183109,0.8697788697788698,0.9533169533169533,0.4961806554193269,1.0,0.8039692925211427,0.48785132493940103,0.705390266085687,,self-report; not geometry-derived layer count or success,0.616405366902802,0.9054744004890132,0.40738894357447886,1.0,3.194350443575953,0.8056495564240471,0.7985876108939882
development,s9140101_g4_n2.0_b0_r0.25,9140101,4,2.0,0,0.25,407,spatial_12,OK,0.027509841999972195,True,True,0.6690916530428759,0.8142834463059933,1.575517297705185,0.7788697788697788,0.9606879606879607,0.7110902735853069,1.0,0.90145637310727,0.7055400729928456,0.7918541047512185,,self-report; not geometry-derived layer count or success,0.8208652560793068,1.0801876290969294,0.6690916530428759,1.0,3.109877935514851,0.8901220644851491,0.7774694838787127
development,s9140101_g4_n2.0_b0_r0.25,9140101,4,2.0,0,0.25,407,spatial_36,OK,0.08017506000010144,True,True,0.6690916530428759,0.8142834463059933,1.575517297705185,0.7788697788697788,0.9606879606879607,0.7110902735853069,1.0,0.90145637310727,0.7055400729928456,0.7918541047512185,,self-report; not geometry-derived layer count or success,0.8208652560793068,1.0801876290969294,0.6690916530428759,1.0,3.109877935514851,0.8901220644851491,0.7774694838787127
development,s9140101_g4_n2.0_b0_r0.25,9140101,4,2.0,0,0.25,407,spatial_108,OK,0.22083556000006865,True,True,0.6690916530428759,0.8142834463059933,1.575517297705185,0.7788697788697788,0.9606879606879607,0.7110902735853069,1.0,0.90145637310727,0.7055400729928456,0.7918541047512185,,self-report; not geometry-derived layer count or success,0.8208652560793068,1.0801876290969294,0.6690916530428759,1.0,3.109877935514851,0.8901220644851491,0.7774694838787127
development,s9140101_g4_n2.0_b0_r0.25,9140101,4,2.0,0,0.25,407,apss_0.5,OK,0.003268813999966369,True,True,1.529485740479999,1.9117584382591657,3.775728050541172,0.43243243243243246,0.7936117936117936,1.317071263171627,1.0,1.9769388957706526,1.5779585511442433,1.9700508069856693,,self-report; not geometry-derived layer count or success,1.4979012406489827,1.6779196128676068,1.529485740479999,1.0,3.8618882900222165,0.13811170997778355,0.9654720725055541
development,s9140101_g4_n2.0_b0_r0.25,9140101,4,2.0,0,0.25,407,apss_1.0,OK,0.003473427000017182,True,True,1.4237238568040127,1.7827803522627217,3.4775299418638554,0.43734643734643736,0.7936117936117936,1.2966670484116412,1.0,1.8257856259512997,1.455336542369261,1.815208516169621,,self-report; not geometry-derived layer count or success,1.3472220936192723,1.5903302739576453,1.4237238568040127,1.0,3.8696156935066295,0.13038430649337052,0.9674039233766574
development,s9140101_g4_n2.0_b0_r0.25,9140101,4,2.0,0,0.25,407,apss_2.0,OK,0.0047997409999425145,True,True,0.8942336333525777,1.0957216174387194,1.9652962489608103,0.5945945945945946,0.9533169533169533,0.9098063916005873,1.0,1.1163350805949679,0.9000735847043908,1.0899582710647981,,self-report; not geometry-derived layer count or success,0.8409927732160671,0.9738429957340102,0.8942336333525777,1.0,3.7512019539672545,0.24879804603274547,0.9378004884918136
development,s9140101_g4_n2.0_b0_r0.25,9140101,4,2.0,0,0.25,407,apss_4.0,OK,0.005692408999948384,True,True,0.4864143573223754,0.6117180811650273,1.1941560260665613,0.8943488943488943,0.9803439803439803,0.5241999790607152,1.0,0.6720573438004733,0.5010963722982508,0.6249325333427661,,self-report; not geometry-derived layer count or success,0.5222924018059708,0.5699541919144904,0.4864143573223754,1.0,3.651679893105748,0.34832010689425186,0.912919973276437
development,s9140101_g4_n2.0_b0_r0.25,9140101,4,2.0,0,0.25,407,apss_8.0,OK,0.007549788999995144,True,True,0.40309826317457853,0.563503209775674,1.3237884065294356,0.8869778869778869,0.9778869778869779,0.4400284327834648,1.0,0.6449731474289214,0.42531447775043824,0.5901669132479432,,self-report; not geometry-derived layer count or success,0.4741081455077233,0.583826503392889,0.40309826317457853,1.0,3.4934696467399826,0.5065303532600174,0.8733674116849957
development,s9140101_g4_n2.0_b0_r0.25,9140101,4,2.0,0,0.25,407,rimls_0.5,OK,0.0034348140000020067,True,True,1.5304419324138991,1.912738617560599,3.775728050541172,0.42997542997543,0.7936117936117936,1.3193867156104955,1.0,1.9783159888745865,1.57891496944691,1.9710128025187612,,self-report; not geometry-derived layer count or success,1.4991709677875567,1.678484827872401,1.5304419324138991,1.0,3.861869244237906,0.1381307557620941,0.9654673110594765
development,s9140101_g4_n2.0_b0_r0.25,9140101,4,2.0,0,0.25,407,rimls_1.0,OK,0.004134431000011318,True,True,1.4383650229948421,1.799045165509646,3.4896582137217425,0.4348894348894349,0.7936117936117936,1.3077415432759305,1.0,1.8616147664328888,1.478219313137998,1.8458733169256027,,self-report; not geometry-derived layer count or success,1.3665870658812271,1.6176054340221433,1.4383650229948421,1.0,3.8460480006796587,0.15395199932034132,0.9615120001699147
development,s9140101_g4_n2.0_b0_r0.25,9140101,4,2.0,0,0.25,407,rimls_2.0,OK,0.00648683000008532,True,True,0.9607094463879146,1.201372880463583,2.065328055387417,0.5331695331695332,0.9484029484029484,1.0092312928337137,1.0,1.3357471380206263,0.9662665616037637,1.192018394089882,,self-report; not geometry-derived layer count or success,0.8897194472923678,1.06505668956762,0.9607094463879146,1.0,3.8098067128932325,0.19019328710676753,0.9524516782233081
development,s9140101_g4_n2.0_b0_r0.25,9140101,4,2.0,0,0.25,407,rimls_4.0,OK,0.012084708999964278,True,True,0.5596618821441703,0.6908557101749885,1.2917667994043922,0.8132678132678133,0.9877149877149877,0.6377087817172103,1.0,0.7730678017807504,0.5694627629679372,0.6950753804034797,,self-report; not geometry-derived layer count or success,0.5694674945929015,0.5694781342136774,0.5596618821441703,1.0,3.8041375514698057,0.1958624485301943,0.9510343878674514
development,s9140101_g4_n2.0_b0_r0.25,9140101,4,2.0,0,0.25,407,rimls_8.0,OK,0.02869437599997582,True,True,0.4530707940776173,0.5878108400870978,1.33672456399328,0.8894348894348895,0.9852579852579852,0.49273066290248885,1.0,0.657785823089038,0.4695110855184655,0.628444896318163,,self-report; not geometry-derived layer count or success,0.4786790715736831,0.49929437723375814,0.4530707940776173,1.0,3.906613817331223,0.09338618266877718,0.9766534543328057
development,s9140101_g4_n2.0_b4_r1.0,9140101,4,2.0,4,1.0,768,identity,OK,0.0008075419998476718,True,True,3.398079716950806,4.230614895082133,8.105008305326825,0.1953125,0.4830729166666667,2.2203268777683665,1.0,4.522007124634325,3.6939278028709026,4.51957037772319,,self-report; not geometry-derived layer count or success,3.7062766122640713,3.758964865674924,3.398079716950806,0.0,4.242825880963458,0.24282588096345759,1.0607064702408644
development,s9140101_g4_n2.0_b4_r1.0,9140101,4,2.0,4,1.0,768,bias_only,OK,0.0007088170000315586,True,True,1.4937786208927548,1.8796787692906007,3.7503027903117574,0.4348958333333333,0.8177083333333334,1.2566973941782582,1.0,2.003568572104023,1.577991224246011,1.997859799277625,,self-report; not geometry-derived layer count or success,1.596830883559964,1.6772126855885254,1.4937786208927548,0.9986979166666666,4.045522554855922,0.04552255485592216,1.0113806387139805
development,s9140101_g4_n2.0_b4_r1.0,9140101,4,2.0,4,1.0,768,old_original,APPLY,0.0013181720000829955,True,True,0.3878918819293619,0.6540496140861367,1.6490032755535746,0.88671875,0.9908854166666666,0.4298708166101885,1.0,0.6922442151161029,0.3956287556395088,0.6650444537761675,,self-report; not geometry-derived layer count or success,0.38575367485213785,0.4280134280279465,0.3878918819293619,0.9986979166666666,3.7695271492826237,0.23047285071737633,0.9423817873206559
development,s9140101_g4_n2.0_b4_r1.0,9140101,4,2.0,4,1.0,768,atlas_tied_256,OK,0.0018224600000849023,True,True,0.23591811870110355,0.46476014121002457,0.40151613238137235,0.9869791666666666,0.9908854166666666,0.2722384990736552,1.0,0.634813437060139,0.2707440012592955,0.6183705974457847,,self-report; not geometry-derived layer count or success,0.2789049296739261,0.3136997068175989,0.23591811870110355,0.9986979166666666,4.075577718371229,0.07557771837122917,1.0188944295928073
development,s9140101_g4_n2.0_b4_r1.0,9140101,4,2.0,4,1.0,768,atlas_relax_96,OK,0.014989011000125174,True,True,0.38548172850814,0.6119056235096914,0.818703108387968,0.9765625,0.9895833333333334,0.4047904160630568,1.0,0.702412120482975,0.40516349096763765,0.6779001777641562,,self-report; not geometry-derived layer count or success,0.4072786684458186,0.41630160002588745,0.38548172850814,0.9986979166666666,4.027664990509426,0.02766499050942617,1.0069162476273565
development,s9140101_g4_n2.0_b4_r1.0,9140101,4,2.0,4,1.0,768,spatial_12,OK,0.03849516600007519,True,True,0.2294578191971662,0.4671408550429767,0.4550890657895573,0.9869791666666666,0.9908854166666666,0.27698406029468775,1.0,0.6196403782293192,0.2622815034249244,0.6012857731443413,,self-report; not geometry-derived layer count or success,0.2720354732592417,0.31350903681537784,0.2294578191971662,0.9986979166666666,4.065062279468961,0.06506227946896104,1.0162655698672403
development,s9140101_g4_n2.0_b4_r1.0,9140101,4,2.0,4,1.0,768,spatial_36,OK,0.10539840999990702,True,True,0.22523562105401962,0.451199097531412,0.4594194382626632,0.9895833333333334,0.9921875,0.2726801654747768,1.0,0.5693797124696468,0.24698223777265627,0.5476162819654556,,self-report; not geometry-derived layer count or success,0.2603296169197755,0.3170109099606877,0.22523562105401962,0.9986979166666666,4.04882044515155,0.04882044515155037,1.0122051112878876
development,s9140101_g4_n2.0_b4_r1.0,9140101,4,2.0,4,1.0,768,spatial_108,OK,0.3071202139999514,True,True,0.22519523046713127,0.4511732399762198,0.4593482734084104,0.9895833333333334,0.9921875,0.2726445168860832,1.0,0.5693599394374921,0.2469420393063381,0.5476016877389548,,self-report; not geometry-derived layer count or success,0.26028424817338025,0.3169433001618775,0.22519523046713127,0.9986979166666666,4.048748317133537,0.048748317133537,1.0121870792833843
development,s9140101_g4_n2.0_b4_r1.0,9140101,4,2.0,4,1.0,768,apss_0.5,FAILED,0.005005982000056974,,,,,,,,,,,,,,,,,,,,,
development,s9140101_g4_n2.0_b4_r1.0,9140101,4,2.0,4,1.0,768,apss_1.0,OK,0.006656238999994457,True,True,1.4196133294792859,1.7826831715661602,3.4582296968332003,0.41015625,0.8033854166666666,1.3014687822390207,1.0,1.8997490453241566,1.4946641187461236,1.8925003409346624,,self-report; not geometry-derived layer count or success,1.5151808502960802,1.6027188767038802,1.4196133294792859,0.9986979166666666,4.065962033216488,0.06596203321648808,1.016490508304122
development,s9140101_g4_n2.0_b4_r1.0,9140101,4,2.0,4,1.0,768,apss_2.0,OK,0.009853335999878254,True,True,0.88854196458773,1.1230280786528792,1.9306205869401167,0.5963541666666666,0.9401041666666666,0.9220168226054201,1.0,1.1647017723242763,0.9016630494364323,1.1437942416839408,,self-report; not geometry-derived layer count or success,0.9192271245252257,0.994167178237411,0.88854196458773,0.9986979166666666,4.061151137777517,0.06115113777751713,1.0152877844443793
development,s9140101_g4_n2.0_b4_r1.0,9140101,4,2.0,4,1.0,768,apss_4.0,OK,0.012602358000094682,True,True,0.4689173766073705,0.6583145314327147,1.1920285509265371,0.890625,0.9921875,0.5171047284487372,1.0,0.6969056541899943,0.47161626505857773,0.6587763933414122,,self-report; not geometry-derived layer count or success,0.47853700607497995,0.5080655010782962,0.4689173766073705,0.9986979166666666,3.905267708892924,0.09473229110707582,0.976316927223231
development,s9140101_g4_n2.0_b4_r1.0,9140101,4,2.0,4,1.0,768,apss_8.0,OK,0.018792267999970136,True,True,0.4170231414236903,0.6405786579368783,1.4626629640110846,0.89453125,0.9908854166666666,0.4576916563374896,1.0,0.6682135645390759,0.4180700603262522,0.629132295660316,,self-report; not geometry-derived layer count or success,0.4283176727603459,0.47204081914581175,0.4170231414236903,0.9986979166666666,3.780290449196561,0.2197095508034388,0.9450726122991403
development,s9140101_g4_n2.0_b4_r1.0,9140101,4,2.0,4,1.0,768,rimls_0.5,OK,0.0065019189999020455,True,True,1.4890530577595558,1.8752233777417324,3.7478326641485435,0.4270833333333333,0.8138020833333334,1.26645072457275,1.0,1.9988138563538038,1.5725002710131175,1.992913759874586,,self-report; not geometry-derived layer count or success,1.591217239175756,1.6710755589587059,1.4890530577595558,0.9986979166666666,4.046002440695048,0.04600244069504811,1.011500610173762
development,s9140101_g4_n2.0_b4_r1.0,9140101,4,2.0,4,1.0,768,rimls_1.0,OK,0.007351272999812863,True,True,1.4244759412659678,1.7921216449622523,3.464602056440371,0.4010416666666667,0.80859375,1.3033730103290282,1.0,1.9171290267919514,1.5020965873744776,1.9046640887347581,,self-report; not geometry-derived layer count or success,1.5220052096727235,1.6066500017805017,1.4244759412659678,0.9986979166666666,4.0526710254323355,0.05267102543233548,1.0131677563580839
development,s9140101_g4_n2.0_b4_r1.0,9140101,4,2.0,4,1.0,768,rimls_2.0,OK,0.012329730999908861,True,True,0.968616724329251,1.2398804468795024,2.211170061313015,0.5455729166666666,0.921875,1.0271501824865366,1.0,1.4357016409209018,0.9935554371728533,1.2937065814672404,,self-report; not geometry-derived layer count or success,1.013043346696477,1.092030795193461,0.968616724329251,0.9986979166666666,4.093799601050016,0.09379960105001572,1.023449900262504
development,s9140101_g4_n2.0_b4_r1.0,9140101,4,2.0,4,1.0,768,rimls_4.0,OK,0.023694532000035906,True,True,0.5351266768996465,0.7248897969241211,1.3470033529123402,0.8294270833333334,0.98828125,0.625447346559079,1.0,0.8098176948514682,0.5372798290152394,0.7246034064684628,,self-report; not geometry-derived layer count or success,0.5488207394604744,0.5980619573601432,0.5351266768996465,0.9986979166666666,4.042501257890104,0.042501257890103616,1.010625314472526
development,s9140101_g4_n2.0_b4_r1.0,9140101,4,2.0,4,1.0,768,rimls_8.0,OK,0.0594105860000127,True,True,0.4494939586379849,0.6426612923324261,1.2730363556735953,0.90625,0.98828125,0.49725700485120683,1.0,0.6820981460591916,0.4499168968228828,0.6371801614104856,,self-report; not geometry-derived layer count or success,0.47285385991037254,0.5707182357503291,0.4494939586379849,0.9986979166666666,4.115088519418563,0.11508851941856335,1.0287721298546408
development,s9140101_g4_n2.0_b4_r0.25,9140101,4,2.0,4,0.25,407,identity,OK,0.000597653999875547,True,True,3.607707195404586,4.4161070711298995,7.984104311895059,0.1769041769041769,0.43243243243243246,2.5072528410140156,1.0,4.598224723541147,3.772303776953625,4.592026046259344,,self-report; not geometry-derived layer count or success,3.7829867103228496,3.8070085549707753,3.607707195404586,0.0,4.004330594123246,0.004330594123246101,1.0010826485308115
development,s9140101_g4_n2.0_b4_r0.25,9140101,4,2.0,4,0.25,407,bias_only,OK,0.0004776690000198869,True,True,1.5512708126582004,1.931727755650706,3.8295187905288675,0.4226044226044226,0.7813267813267813,1.3287114165651963,1.0,2.0025447043238285,1.6011837718775643,1.9835699693986177,,self-report; not geometry-derived layer count or success,1.5294001137660735,1.6908141958178788,1.5512708126582004,1.0,3.86365763708646,0.13634236291354007,0.965914409271615
development,s9140101_g4_n2.0_b4_r0.25,9140101,4,2.0,4,0.25,407,old_original,APPLY,0.0009191019998979755,True,True,0.3649869931202142,0.44001706822533593,0.7528021015104942,0.9557739557739557,0.9557739557739557,0.4957365487844838,1.0,0.7724538385593589,0.46110529889870583,0.6696094505055623,,self-report; not geometry-derived layer count or success,0.5346564322351635,0.7000448922790209,0.3649869931202142,1.0,3.3977297321428415,0.6022702678571585,0.8494324330357104
development,s9140101_g4_n2.0_b4_r0.25,9140101,4,2.0,4,0.25,407,atlas_tied_256,OK,0.0011238199999752396,True,True,0.6775159268303197,0.8216422667338027,1.5801849744841157,0.7493857493857494,0.9582309582309583,0.7463550768762818,1.0,0.92414586319558,0.7157403138809855,0.7753150183435558,,self-report; not geometry-derived layer count or success,0.8342906616521597,1.1008652005630326,0.6775159268303197,1.0,3.0555003468652724,0.9444996531347276,0.7638750867163181
development,s9140101_g4_n2.0_b4_r0.25,9140101,4,2.0,4,0.25,407,atlas_relax_96,OK,0.007108146999826204,True,True,0.4344623366189466,0.5745007093634638,1.2312417933336897,0.8648648648648649,0.9508599508599509,0.548137731627166,1.0,0.8242391223659584,0.516312032481147,0.6993886847835216,,self-report; not geometry-derived layer count or success,0.6472228393979601,0.9415913389291364,0.4344623366189466,1.0,3.2029076652789983,0.7970923347210017,0.8007269163197496
development,s9140101_g4_n2.0_b4_r0.25,9140101,4,2.0,4,0.25,407,spatial_12,OK,0.027987369000129547,True,True,0.6724106261951863,0.816903952887983,1.6059784071010696,0.7764127764127764,0.9484029484029484,0.7398175925134739,1.0,0.9279534829976082,0.7161980853910087,0.7916319895882609,,self-report; not geometry-derived layer count or success,0.8416205187017984,1.12364775824595,0.6724106261951863,1.0,3.1100667299159133,0.8899332700840867,0.7775166824789783
development,s9140101_g4_n2.0_b4_r0.25,9140101,4,2.0,4,0.25,407,spatial_36,OK,0.07619002499995986,True,True,0.6724106261951863,0.816903952887983,1.6059784071010696,0.7764127764127764,0.9484029484029484,0.7398175925134739,1.0,0.9279534829976082,0.7161980853910087,0.7916319895882609,,self-report; not geometry-derived layer count or success,0.8416205187017984,1.12364775824595,0.6724106261951863,1.0,3.1100667299159133,0.8899332700840867,0.7775166824789783
development,s9140101_g4_n2.0_b4_r0.25,9140101,4,2.0,4,0.25,407,spatial_108,OK,0.22368731400001707,True,True,0.6724106261951863,0.816903952887983,1.6059784071010696,0.7764127764127764,0.9484029484029484,0.7398175925134739,1.0,0.9279534829976082,0.7161980853910087,0.7916319895882609,,self-report; not geometry-derived layer count or success,0.8416205187017984,1.12364775824595,0.6724106261951863,1.0,3.1100667299159133,0.8899332700840867,0.7775166824789783
development,s9140101_g4_n2.0_b4_r0.25,9140101,4,2.0,4,0.25,407,apss_0.5,OK,0.0034087110000200482,True,True,1.535263189916566,1.9179145933877204,3.8196007685804982,0.4152334152334152,0.7813267813267813,1.3324603083224744,1.0,1.9892595072600483,1.5851697854315063,1.9699943694040318,,self-report; not geometry-derived layer count or success,1.5059522987864224,1.6840822273198428,1.535263189916566,1.0,3.862599330350503,0.13740066964949715,0.9656498325876257
development,s9140101_g4_n2.0_b4_r0.25,9140101,4,2.0,4,0.25,407,apss_1.0,OK,0.003974686999981714,True,True,1.4373065782089973,1.793342073218015,3.5060193089198575,0.4176904176904177,0.7813267813267813,1.3165906449675913,1.0,1.8415969573651498,1.4692810702708354,1.8161867901279023,,self-report; not geometry-derived layer count or success,1.363041932243609,1.601933253663947,1.4373065782089973,1.0,3.868974952918446,0.13102504708155394,0.9672437382296115
development,s9140101_g4_n2.0_b4_r0.25,9140101,4,2.0,4,0.25,407,apss_2.0,OK,0.005528377000018736,True,True,0.9057835212121287,1.1138344362608767,1.960462151512578,0.5798525798525799,0.9533169533169533,0.9356760732271419,1.0,1.1393803031635512,0.9107550982818294,1.091101140077568,,self-report; not geometry-derived layer count or success,0.8555648133637961,0.9796667247540699,0.9057835212121287,1.0,3.7514795872672857,0.2485204127327143,0.9378698968168214
development,s9140101_g4_n2.0_b4_r0.25,9140101,4,2.0,4,0.25,407,apss_4.0,OK,0.008016336999844498,True,True,0.5020342210537662,0.6264497146539252,1.1622963414068597,0.8746928746928747,0.9803439803439803,0.5638298679902428,1.0,0.7050055695657381,0.519603192333788,0.6248525956570881,,self-report; not geometry-derived layer count or success,0.5428179714865189,0.5950191599680739,0.5020342210537662,1.0,3.651067910697266,0.3489320893027341,0.9127669776743165
development,s9140101_g4_n2.0_b4_r0.25,9140101,4,2.0,4,0.25,407,apss_8.0,OK,0.013547557000038069,True,True,0.4250240014471187,0.5690119598249341,1.2461762632442475,0.8968058968058968,0.9754299754299754,0.4887932187646728,1.0,0.6713443619630357,0.4505328492864994,0.5884621912782063,,self-report; not geometry-derived layer count or success,0.5007185671268655,0.6135671149778543,0.4250240014471187,1.0,3.490581165719463,0.5094188342805368,0.8726452914298658
development,s9140101_g4_n2.0_b4_r0.25,9140101,4,2.0,4,0.25,407,rimls_0.5,OK,0.003689283999847248,True,True,1.5362368793800385,1.918842970478328,3.8199169032000406,0.4176904176904177,0.7813267813267813,1.3342996755297671,1.0,1.9905918519755685,1.586143885025138,1.9709176006676867,,self-report; not geometry-derived layer count or success,1.5073516208384623,1.6845253861643017,1.5362368793800385,1.0,3.8624410814308434,0.13755891856915659,0.9656102703577109
development,s9140101_g4_n2.0_b4_r0.25,9140101,4,2.0,4,0.25,407,rimls_1.0,OK,0.0042646200001854595,True,True,1.4498432482175159,1.809066691223848,3.518313963545906,0.4176904176904177,0.7837837837837838,1.3254266393058836,1.0,1.8764105307714356,1.489752476338101,1.847032447267903,,self-report; not geometry-derived layer count or success,1.3804494477240508,1.626230291071667,1.4498432482175159,1.0,3.844095043985487,0.15590495601451293,0.9610237609963718
development,s9140101_g4_n2.0_b4_r0.25,9140101,4,2.0,4,0.25,407,rimls_2.0,OK,0.0065788669999164995,True,True,0.9651672589837291,1.2092969605686028,2.038631719387692,0.542997542997543,0.9434889434889435,1.0259628079395837,1.0,1.3451247715172454,0.9683323161401123,1.179204309272088,,self-report; not geometry-derived layer count or success,0.8978088945446138,1.0621834913029207,0.9651672589837291,1.0,3.795231652612356,0.20476834738764405,0.948807913153089
development,s9140101_g4_n2.0_b4_r0.25,9140101,4,2.0,4,0.25,407,rimls_4.0,OK,0.012012069000093106,True,True,0.5716316561916811,0.7096855928106902,1.328924195232369,0.7936117936117936,0.9828009828009828,0.6689972488207809,1.0,0.8043782744417107,0.5832990818728905,0.6947303973955471,,self-report; not geometry-derived layer count or success,0.5831026014586939,0.5835444110088485,0.5716316561916811,1.0,3.8007311593038753,0.19926884069612472,0.9501827898259688
development,s9140101_g4_n2.0_b4_r0.25,9140101,4,2.0,4,0.25,407,rimls_8.0,OK,0.028535121000004438,True,True,0.4796633186507438,0.6011891391164208,1.2781313777926802,0.8869778869778869,0.9828009828009828,0.5399068586241567,1.0,0.6877936758014391,0.498368671585335,0.6262282038481762,,self-report; not geometry-derived layer count or success,0.4985080458176804,0.4988214453346118,0.4796633186507438,1.0,3.8951041782040314,0.10489582179596857,0.9737760445510079
development,s9140101_g8_n0.5_b0_r1.0,9140101,8,0.5,0,1.0,768,identity,OK,0.0008442670000476937,True,True,0.3973333545305214,0.5002274540101597,1.0033594570896103,0.9596354166666666,1.0,0.38795072574260575,1.0,0.5002274540101596,0.39733335453052154,0.49968535244876555,,self-report; not geometry-derived layer count or success,0.3985505649131344,0.40317837468465295,0.3973333545305214,0.0,8.012396645345078,0.012396645345077673,1.0015495806681347
development,s9140101_g8_n0.5_b0_r1.0,9140101,8,0.5,0,1.0,768,bias_only,OK,0.0007359730000189302,True,True,0.40587964874240184,0.5130244361287234,1.0105875128944748,0.9609375,1.0,0.39528375868197374,1.0,0.5130245081062567,0.40587964874240184,0.5123932245713948,,self-report; not geometry-derived layer count or success,0.4084781018161826,0.41835736894818076,0.40587964874240184,0.9856770833333334,8.01701514278413,0.017015142784130077,1.0021268928480163
development,s9140101_g8_n0.5_b0_r1.0,9140101,8,0.5,0,1.0,768,old_original,APPLY,0.0014350210001339292,True,True,0.18744943743665088,0.44839301727143893,1.2018932175272738,0.9388020833333334,0.99609375,0.17990182574485383,1.0,0.44839490445261543,0.18744943743665088,0.4468579247153266,,self-report; not geometry-derived layer count or success,0.16718822581603662,0.24422095118550077,0.18744943743665088,0.9856770833333334,7.945434402651041,0.05456559734895894,0.9931793003313801
development,s9140101_g8_n0.5_b0_r1.0,9140101,8,0.5,0,1.0,768,atlas_tied_256,OK,0.001875801999858595,True,True,0.04318775396781011,0.08707534783434402,0.09006542321879064,0.9986979166666666,1.0,0.04301283367259278,1.0,0.08707984019096046,0.0431877539678101,0.08498002980281354,,self-report; not geometry-derived layer count or success,0.0412641859186573,0.04857755355107989,0.04318775396781011,0.9856770833333334,8.010701072228748,0.010701072228748387,1.0013376340285935
development,s9140101_g8_n0.5_b0_r1.0,9140101,8,0.5,0,1.0,768,atlas_relax_96,OK,0.015291381999986697,True,True,0.07754859118204228,0.12417722412115502,0.22795394123595897,0.9986979166666666,1.0,0.07761658504344067,1.0,0.12427889337312031,0.07754859118204224,0.12125056990212472,,self-report; not geometry-derived layer count or success,0.08117521529433924,0.09496356835495348,0.07754859118204228,0.9856770833333334,8.02338405182562,0.023384051825619423,1.0029230064782024
development,s9140101_g8_n0.5_b0_r1.0,9140101,8,0.5,0,1.0,768,spatial_12,OK,0.03784905499992419,True,True,0.04054922289975708,0.0853625025542374,0.07075394487276268,0.9986979166666666,1.0,0.04038806137805737,1.0,0.08536887983665364,0.04054922289975706,0.08134924180743862,,self-report; not geometry-derived layer count or success,0.04061100152575828,0.04084588263847571,0.04054922289975708,0.9856770833333334,8.029570199388266,0.02957019938826555,1.0036962749235332
development,s9140101_g8_n0.5_b0_r1.0,9140101,8,0.5,0,1.0,768,spatial_36,OK,0.11539104200005568,True,True,0.04054922289975708,0.0853625025542374,0.07075394487276268,0.9986979166666666,1.0,0.04038806137805737,1.0,0.08536887983665364,0.04054922289975706,0.08134924180743862,,self-report; not geometry-derived layer count or success,0.04061100152575828,0.04084588263847571,0.04054922289975708,0.9856770833333334,8.029570199388266,0.02957019938826555,1.0036962749235332
development,s9140101_g8_n0.5_b0_r1.0,9140101,8,0.5,0,1.0,768,spatial_108,OK,0.3115554799999245,True,True,0.04054922289975708,0.0853625025542374,0.07075394487276268,0.9986979166666666,1.0,0.04038806137805737,1.0,0.08536887983665364,0.04054922289975706,0.08134924180743862,,self-report; not geometry-derived layer count or success,0.04061100152575828,0.04084588263847571,0.04054922289975708,0.9856770833333334,8.029570199388266,0.02957019938826555,1.0036962749235332
development,s9140101_g8_n0.5_b0_r1.0,9140101,8,0.5,0,1.0,768,apss_0.5,OK,0.00602988099990398,True,True,0.383126480338321,0.48831388908158524,0.9465679140013933,0.9635416666666666,1.0,0.3810703242589912,1.0,0.48853322201468125,0.38312648033832103,0.4876741095278476,,self-report; not geometry-derived layer count or success,0.38613138259569735,0.3975559614752271,0.383126480338321,0.9856770833333334,8.018427815819908,0.01842781581990849,1.0023034769774886
development,s9140101_g8_n0.5_b0_r1.0,9140101,8,0.5,0,1.0,768,apss_1.0,OK,0.006315426000128355,True,True,0.2932484611328387,0.3751362117489974,0.7369387008691822,0.98828125,1.0,0.29596807333210445,1.0,0.3768006042963857,0.2932484611328387,0.37399704965890557,,self-report; not geometry-derived layer count or success,0.29691229179747425,0.3108421034333163,0.2932484611328387,0.9856770833333334,8.027264838909387,0.027264838909387024,1.0034081048636734
development,s9140101_g8_n0.5_b0_r1.0,9140101,8,0.5,0,1.0,768,apss_2.0,OK,0.0086367970000083,True,True,0.19704697501844612,0.2655969454801741,0.5143033826491804,0.9947916666666666,1.0,0.20325989028527003,1.0,0.27221460793334706,0.19704697501844617,0.26317644602354173,,self-report; not geometry-derived layer count or success,0.19793845167321233,0.20132782826163031,0.19704697501844612,0.9856770833333334,8.035756861022529,0.03575686102252895,1.0044696076278161
development,s9140101_g8_n0.5_b0_r1.0,9140101,8,0.5,0,1.0,768,apss_4.0,OK,0.012173069000027681,True,True,0.23366412336341733,0.4419160880098972,1.090161360173461,0.9453125,0.984375,0.24280348810234323,1.0,0.46757799040570314,0.23366412336341735,0.4385470318002654,,self-report; not geometry-derived layer count or success,0.24211052475034195,0.2742235755679563,0.23366412336341733,0.9856770833333334,7.917841971687498,0.0821580283125023,0.9897302464609372
development,s9140101_g8_n0.5_b0_r1.0,9140101,8,0.5,0,1.0,768,apss_8.0,OK,0.01532997799995428,True,True,0.39956546760605827,0.8223685253404476,2.26906364762632,0.87109375,0.9361979166666666,0.4008812257855123,1.0,0.8442709807160341,0.39956546760605827,0.7852183035480702,,self-report; not geometry-derived layer count or success,0.4203602357376943,0.49942153239658765,0.39956546760605827,0.9856770833333334,7.4987392710809475,0.5012607289190525,0.9373424088851184
development,s9140101_g8_n0.5_b0_r1.0,9140101,8,0.5,0,1.0,768,rimls_0.5,OK,0.006363505000081204,True,True,0.3850475567441747,0.49036931327667155,0.9492789850106792,0.9622395833333334,1.0,0.38443233309079766,1.0,0.49124043944679935,0.38504755674417473,0.4897279645239231,,self-report; not geometry-derived layer count or success,0.38809182642078777,0.3996660794487028,0.3850475567441747,0.9856770833333334,8.01905208884978,0.01905208884977938,1.0023815111062224
development,s9140101_g8_n0.5_b0_r1.0,9140101,8,0.5,0,1.0,768,rimls_1.0,OK,0.007452947000047061,True,True,0.29710589999257797,0.379951530992159,0.7480408031567264,0.98828125,1.0,0.3041570271372868,1.0,0.38416093108126836,0.29710589999257797,0.3787957732596812,,self-report; not geometry-derived layer count or success,0.3007648186849261,0.3146759550993983,0.29710589999257797,0.9856770833333334,8.030575405151863,0.030575405151862967,1.0038219256439829
development,s9140101_g8_n0.5_b0_r1.0,9140101,8,0.5,0,1.0,768,rimls_2.0,OK,0.012254801999915799,True,True,0.2059024230118726,0.2739881543012469,0.5310478571568717,0.99609375,1.0,0.21291040591404542,1.0,0.279297149371829,0.2059024230118726,0.2700713983057558,,self-report; not geometry-derived layer count or success,0.20752684988487047,0.2137028886891397,0.2059024230118726,0.9856770833333334,8.068830589324149,0.06883058932414876,1.0086038236655186
development,s9140101_g8_n0.5_b0_r1.0,9140101,8,0.5,0,1.0,768,rimls_4.0,OK,0.02418730800013691,True,True,0.23929271317952094,0.3716033460811051,0.7457607334646464,0.96484375,0.9934895833333334,0.25762633497972,1.0,0.41855508108337663,0.23929271317952094,0.3669340966860116,,self-report; not geometry-derived layer count or success,0.2498932860662244,0.2901964542691367,0.23929271317952094,0.9856770833333334,8.101626062985332,0.10162606298533206,1.0127032578731665
development,s9140101_g8_n0.5_b0_r1.0,9140101,8,0.5,0,1.0,768,rimls_8.0,OK,0.05840545799992469,True,True,0.37771226680456976,0.6527237624746187,1.6241256255209768,0.9036458333333334,0.9583333333333334,0.39873952098709253,1.0,0.7187688878018377,0.3777122668045698,0.6519181701171104,,self-report; not geometry-derived layer count or success,0.39807685781818775,0.4755026295927354,0.37771226680456976,0.9856770833333334,7.971075884685398,0.02892411531460226,0.9963844855856747
development,s9140101_g8_n0.5_b0_r0.25,9140101,8,0.5,0,0.25,403,identity,OK,0.0005965150000974972,True,True,0.3892402102406508,0.4890357804670202,0.9439093670660397,0.9702233250620348,1.0,0.38184089583756986,1.0,0.4890357804670202,0.3892402102406509,0.48832498858924533,,self-report; not geometry-derived layer count or success,0.3797738735557661,0.40317837468465295,0.3892402102406508,0.0,8.017537185964803,0.01753718596480347,1.0021921482456004
development,s9140101_g8_n0.5_b0_r0.25,9140101,8,0.5,0,0.25,403,bias_only,OK,0.0004823100000521663,True,True,0.40099982702045095,0.5075510245998003,1.0119380411275338,0.9578163771712159,1.0,0.3917957578503979,1.0,0.507551078604758,0.400999827020451,0.5068909102663947,,self-report; not geometry-derived layer count or success,0.39089915406650866,0.415871983517053,0.40099982702045095,0.9627791563275434,8.01408856079081,0.014088560790810334,1.0017610700988513
development,s9140101_g8_n0.5_b0_r0.25,9140101,8,0.5,0,0.25,403,old_original,APPLY,0.0010536770000726392,True,True,0.38994867349486095,0.6152503766674565,1.4767561825394442,0.890818858560794,0.9950372208436724,0.3737817088719993,1.0,0.6152514427198672,0.38994867349486095,0.6137416034536393,,self-report; not geometry-derived layer count or success,0.33048172745950355,0.4775073670438532,0.38994867349486095,0.9627791563275434,7.905851108333244,0.09414889166675611,0.9882313885416555
development,s9140101_g8_n0.5_b0_r0.25,9140101,8,0.5,0,0.25,403,atlas_tied_256,OK,0.0012739859998873726,True,True,0.03974087152247275,0.09338848663138345,0.05204220876766729,0.9975186104218362,1.0,0.039753455072053884,1.0,0.09338967547112267,0.03974087152247275,0.09040291407480072,,self-report; not geometry-derived layer count or success,0.04047199315359323,0.042279612891884984,0.03974087152247275,0.9627791563275434,8.037349323716567,0.037349323716567184,1.004668665464571
development,s9140101_g8_n0.5_b0_r0.25,9140101,8,0.5,0,0.25,403,atlas_relax_96,OK,0.00989365500004169,True,True,0.0658678795226827,0.11119062337164881,0.16116899514595637,0.9975186104218362,1.0,0.06602180721503909,1.0,0.11124667621493536,0.06586787952268273,0.10928207326113136,,self-report; not geometry-derived layer count or success,0.06908532019037561,0.07704009681049974,0.0658678795226827,0.9627791563275434,8.029855846422162,0.029855846422162102,1.0037319808027703
development,s9140101_g8_n0.5_b0_r0.25,9140101,8,0.5,0,0.25,403,spatial_12,OK,0.027238675000035073,True,True,0.03909429346072188,0.09255987491252443,0.043418937847149154,0.9975186104218362,1.0,0.0391155871842532,1.0,0.09256366764631511,0.03909429346072184,0.08974568143084802,,self-report; not geometry-derived layer count or success,0.03952935209846857,0.0406049878715478,0.03909429346072188,0.9627791563275434,8.028585671374639,0.028585671374639077,1.0035732089218299
development,s9140101_g8_n0.5_b0_r0.25,9140101,8,0.5,0,0.25,403,spatial_36,OK,0.08238481900002625,True,True,0.03909429346072188,0.09255987491252443,0.043418937847149154,0.9975186104218362,1.0,0.0391155871842532,1.0,0.09256366764631511,0.03909429346072184,0.08974568143084802,,self-report; not geometry-derived layer count or success,0.03952935209846857,0.0406049878715478,0.03909429346072188,0.9627791563275434,8.028585671374639,0.028585671374639077,1.0035732089218299
development,s9140101_g8_n0.5_b0_r0.25,9140101,8,0.5,0,0.25,403,spatial_108,OK,0.22376876299995274,True,True,0.03909429346072188,0.09255987491252443,0.043418937847149154,0.9975186104218362,1.0,0.0391155871842532,1.0,0.09256366764631511,0.03909429346072184,0.08974568143084802,,self-report; not geometry-derived layer count or success,0.03952935209846857,0.0406049878715478,0.03909429346072188,0.9627791563275434,8.028585671374639,0.028585671374639077,1.0035732089218299
development,s9140101_g8_n0.5_b0_r0.25,9140101,8,0.5,0,0.25,403,apss_0.5,OK,0.0034437289998550114,True,True,0.384382737187413,0.4821828291310963,0.9266017101149586,0.9602977667493796,1.0,0.38440963653686583,1.0,0.4823006961151452,0.38438273718741306,0.4815298043962923,,self-report; not geometry-derived layer count or success,0.37563462742848863,0.3972633895931913,0.384382737187413,0.9627791563275434,8.01552794406083,0.015527944060830023,1.0019409930076038
development,s9140101_g8_n0.5_b0_r0.25,9140101,8,0.5,0,0.25,403,apss_1.0,OK,0.00356949800016082,True,True,0.3104587836330977,0.3867990706524418,0.6961224191315161,0.9900744416873449,1.0,0.3126177964033231,1.0,0.38777172226504253,0.31045878363309776,0.38568583290811137,,self-report; not geometry-derived layer count or success,0.3096984165485891,0.3115783425305337,0.3104587836330977,0.9627791563275434,8.023508796688098,0.023508796688098244,1.0029385995860123
development,s9140101_g8_n0.5_b0_r0.25,9140101,8,0.5,0,0.25,403,apss_2.0,OK,0.004425590999971973,True,True,0.19979334306641783,0.2762532761479183,0.5051457806762382,0.9900744416873449,1.0,0.20573168173093845,1.0,0.2825940413909095,0.19979334306641786,0.27584134736314936,,self-report; not geometry-derived layer count or success,0.20140890216218132,0.20540319857686046,0.19979334306641783,0.9627791563275434,8.013785920181446,0.013785920181446087,1.0017232400226808
development,s9140101_g8_n0.5_b0_r0.25,9140101,8,0.5,0,0.25,403,apss_4.0,OK,0.005745967999928325,True,True,0.2809937289731903,0.5350742965364546,1.2792767998445542,0.9081885856079405,0.9776674937965261,0.288698816952063,1.0,0.5523792028154614,0.2809937289731903,0.5173956944457797,,self-report; not geometry-derived layer count or success,0.26907212012375814,0.29854701807664874,0.2809937289731903,0.9627791563275434,7.779537802593942,0.2204621974060581,0.9724422253242427
development,s9140101_g8_n0.5_b0_r0.25,9140101,8,0.5,0,0.25,403,apss_8.0,OK,0.008407760000181952,True,True,0.5850926482160143,0.9719046338016492,2.367993460050125,0.7841191066997518,0.9007444168734491,0.5898167936874021,1.0,0.9841420897286574,0.5850926482160144,0.8326815363941327,,self-report; not geometry-derived layer count or success,0.5665159775821398,0.6124448012965654,0.5850926482160143,0.9627791563275434,7.215722043359594,0.7842779566404063,0.9019652554199492
development,s9140101_g8_n0.5_b0_r0.25,9140101,8,0.5,0,0.25,403,rimls_0.5,OK,0.003527198999790926,True,True,0.38564517298545564,0.48424782212954015,0.9310783411649388,0.9578163771712159,1.0,0.38620893354259345,1.0,0.4849814137416354,0.3856451729854557,0.48355878841224975,,self-report; not geometry-derived layer count or success,0.376516117662521,0.3990867268351754,0.38564517298545564,0.9627791563275434,8.016773602383093,0.016773602383093333,1.0020967002978867
development,s9140101_g8_n0.5_b0_r0.25,9140101,8,0.5,0,0.25,403,rimls_1.0,OK,0.004406619000064893,True,True,0.3126850975152293,0.3897429193504875,0.7133670132396531,0.9875930521091811,1.0,0.3172844483124553,1.0,0.39232518813190553,0.3126850975152294,0.38857159367150484,,self-report; not geometry-derived layer count or success,0.311617396437717,0.3142571727213824,0.3126850975152293,0.9627791563275434,8.030781760858236,0.03078176085823614,1.0038477201072795
development,s9140101_g8_n0.5_b0_r0.25,9140101,8,0.5,0,0.25,403,rimls_2.0,OK,0.0064816470001005655,True,True,0.20820871359368165,0.28081449447972695,0.5341637251775948,0.9900744416873449,1.0,0.21629409558438298,1.0,0.2887368363504927,0.2082087135936817,0.27862357216285866,,self-report; not geometry-derived layer count or success,0.21042194207885945,0.21589391189190635,0.20820871359368165,0.9627791563275434,8.065832555341995,0.06583255534199495,1.0082290694177494
development,s9140101_g8_n0.5_b0_r0.25,9140101,8,0.5,0,0.25,403,rimls_4.0,OK,0.011985629000037079,True,True,0.2930359521506751,0.46044171904477355,0.9307326441098481,0.9528535980148883,0.9900744416873449,0.309029335285884,1.0,0.5006200471495335,0.2930359521506752,0.45422155918769774,,self-report; not geometry-derived layer count or success,0.28956123085888086,0.2981521061999427,0.2930359521506751,0.9627791563275434,8.07386871283995,0.07386871283994978,1.0092335891049937
development,s9140101_g8_n0.5_b0_r0.25,9140101,8,0.5,0,0.25,403,rimls_8.0,OK,0.02918767200003458,True,True,0.5364283908250426,0.8393466022499191,2.1356330507410894,0.8138957816377171,0.9354838709677419,0.5536518975076098,1.0,0.8756870297267207,0.5364283908250426,0.7871219427880218,,self-report; not geometry-derived layer count or success,0.5561560457413983,0.6049305545223267,0.5364283908250426,0.9627791563275434,7.957432303633735,0.04256769636626512,0.9946790379542169
development,s9140101_g8_n0.5_b4_r1.0,9140101,8,0.5,4,1.0,768,identity,OK,0.000867977000098108,True,True,2.92714197963709,3.673448549478376,6.79674448107036,0.23697916666666666,0.6067708333333334,1.9310464284854467,1.0,4.044929491545488,3.2751008899870833,4.044236982091096,,self-report; not geometry-derived layer count or success,3.2962114000361975,3.3764731412130278,2.92714197963709,0.0,8.147976200220073,0.1479762002200733,1.0184970250275092
development,s9140101_g8_n0.5_b4_r1.0,9140101,8,0.5,4,1.0,768,bias_only,OK,0.0007543040001110057,True,True,0.4352409696051045,0.6727204464169261,1.049809254894881,0.9544270833333334,0.9986979166666666,0.40366687991625777,1.0,0.672774060777652,0.4352409696051045,0.6708711361989741,,self-report; not geometry-derived layer count or success,0.4423121447232395,0.4691966124991193,0.4352409696051045,0.9856770833333334,8.062974554048965,0.06297455404896546,1.0078718192561207
development,s9140101_g8_n0.5_b4_r1.0,9140101,8,0.5,4,1.0,768,old_original,APPLY,0.0014783530000386236,True,True,0.21681185192471797,0.6248327657844259,1.3469248967377048,0.9309895833333334,0.9908854166666666,0.19527766164358792,1.0,0.6248913030438284,0.216811851924718,0.6234357581510159,,self-report; not geometry-derived layer count or success,0.2010216586570595,0.26105566078360254,0.21681185192471797,0.9856770833333334,7.991391403456003,0.008608596543997038,0.9989239254320004
development,s9140101_g8_n0.5_b4_r1.0,9140101,8,0.5,4,1.0,768,atlas_tied_256,OK,0.00191050900002665,True,True,0.07254158443356785,0.44376357708258474,0.09008899279123782,0.9921875,0.9986979166666666,0.05213128428507472,1.0,0.44384561193721034,0.07254158443356784,0.441635767533252,,self-report; not geometry-derived layer count or success,0.07508872999964933,0.084772927003365,0.07254158443356785,0.9856770833333334,8.056666715608394,0.05666671560839376,1.0070833394510492
development,s9140101_g8_n0.5_b4_r1.0,9140101,8,0.5,4,1.0,768,atlas_relax_96,OK,0.015329944999848522,True,True,0.10617146745608301,0.45229428151780215,0.22692917888042238,0.9934895833333334,0.9986979166666666,0.0857333971753827,1.0,0.4524016000995647,0.10617146745608297,0.44928397658956304,,self-report; not geometry-derived layer count or success,0.1144178908304973,0.14577062920450806,0.10617146745608301,0.9856770833333334,8.06856487835047,0.06856487835046998,1.0085706097938087
development,s9140101_g8_n0.5_b4_r1.0,9140101,8,0.5,4,1.0,768,spatial_12,OK,0.03880182700004298,True,True,0.0699020660550053,0.4434305209285637,0.0707694301106275,0.9921875,0.9986979166666666,0.04968686698758366,1.0,0.4435121644728542,0.0699020660550053,0.44037812713679253,,self-report; not geometry-derived layer count or success,0.07443407033881325,0.09166466088319196,0.0699020660550053,0.9856770833333334,8.075527296709295,0.07552729670929459,1.0094409120886618
development,s9140101_g8_n0.5_b4_r1.0,9140101,8,0.5,4,1.0,768,spatial_36,OK,0.10535183499996492,True,True,0.0699020660550053,0.4434305209285637,0.0707694301106275,0.9921875,0.9986979166666666,0.04968686698758366,1.0,0.4435121644728542,0.0699020660550053,0.44037812713679253,,self-report; not geometry-derived layer count or success,0.07443407033881325,0.09166466088319196,0.0699020660550053,0.9856770833333334,8.075527296709295,0.07552729670929459,1.0094409120886618
development,s9140101_g8_n0.5_b4_r1.0,9140101,8,0.5,4,1.0,768,spatial_108,OK,0.3134678020001047,True,True,0.0699020660550053,0.4434305209285637,0.0707694301106275,0.9921875,0.9986979166666666,0.04968686698758366,1.0,0.4435121644728542,0.0699020660550053,0.44037812713679253,,self-report; not geometry-derived layer count or success,0.07443407033881325,0.09166466088319196,0.0699020660550053,0.9856770833333334,8.075527296709295,0.07552729670929459,1.0094409120886618
development,s9140101_g8_n0.5_b4_r1.0,9140101,8,0.5,4,1.0,768,apss_0.5,OK,0.00550130600004195,True,True,0.4125476614442393,0.6541140782128227,0.9606514361276998,0.9583333333333334,0.9986979166666666,0.38943095976156017,1.0,0.6543288435150795,0.4125476614442394,0.6522218952451899,,self-report; not geometry-derived layer count or success,0.4200325161256662,0.44848978540950685,0.4125476614442393,0.9856770833333334,8.06434111570228,0.0643411157022804,1.008042639462785
development,s9140101_g8_n0.5_b4_r1.0,9140101,8,0.5,4,1.0,768,apss_1.0,OK,0.0059513979999792355,True,True,0.3225921285532231,0.5744493067113318,0.7534302338455358,0.984375,0.9986979166666666,0.30410973656691,1.0,0.5755933621043713,0.3225921285532231,0.5718588996949688,,self-report; not geometry-derived layer count or success,0.33072722087826323,0.36165668080712865,0.3225921285532231,0.9856770833333334,8.073240550466164,0.07324055046616351,1.0091550688082704
development,s9140101_g8_n0.5_b4_r1.0,9140101,8,0.5,4,1.0,768,apss_2.0,OK,0.008507338999834246,True,True,0.22641703476504263,0.5098076927218483,0.5236641919281212,0.9895833333333334,0.9986979166666666,0.2115442522671418,1.0,0.513352597898245,0.22641703476504263,0.5061297354247695,,self-report; not geometry-derived layer count or success,0.2317845974558538,0.25219196451794773,0.22641703476504263,0.9856770833333334,8.081664299121211,0.08166429912121131,1.0102080373901514
development,s9140101_g8_n0.5_b4_r1.0,9140101,8,0.5,4,1.0,768,apss_4.0,OK,0.010677418000113903,True,True,0.26297064743934767,0.6201800747822228,1.1380844008940634,0.9401041666666666,0.9817708333333334,0.25393605916624656,1.0,0.6387839053885288,0.26297064743934767,0.6176822664352597,,self-report; not geometry-derived layer count or success,0.2758818892295177,0.32497017484758967,0.26297064743934767,0.9856770833333334,7.964003681908038,0.03599631809196158,0.9955004602385048
development,s9140101_g8_n0.5_b4_r1.0,9140101,8,0.5,4,1.0,768,apss_8.0,OK,0.01649807199987663,True,True,0.42880340578461756,0.93019042752206,2.424230730446965,0.8658854166666666,0.9296875,0.4190091485198166,1.0,0.9496736080097464,0.42880340578461756,0.9025025056541822,,self-report; not geometry-derived layer count or success,0.454090139812092,0.5502298018571434,0.42880340578461756,0.9856770833333334,7.545096515929545,0.45490348407045467,0.9431370644911932
development,s9140101_g8_n0.5_b4_r1.0,9140101,8,0.5,4,1.0,768,rimls_0.5,OK,0.006876620999946681,True,True,0.4144705755848294,0.6556345410247973,0.9608965551094557,0.95703125,0.9986979166666666,0.39280438392937206,1.0,0.656341018569443,0.4144705755848294,0.6537339952763374,,self-report; not geometry-derived layer count or success,0.42199273766488576,0.45059184893955534,0.4144705755848294,0.9856770833333334,8.064977334650136,0.06497733465013589,1.008122166831267
development,s9140101_g8_n0.5_b4_r1.0,9140101,8,0.5,4,1.0,768,rimls_1.0,OK,0.007657457999812323,True,True,0.3264599986847857,0.5776220195517988,0.7691976296702999,0.9830729166666666,0.9986979166666666,0.31242412176228845,1.0,0.5804438290657536,0.3264599986847857,0.574977526395492,,self-report; not geometry-derived layer count or success,0.3345919926283968,0.3655096725724233,0.3264599986847857,0.9856770833333334,8.076463109574835,0.07646310957483493,1.0095578886968544
development,s9140101_g8_n0.5_b4_r1.0,9140101,8,0.5,4,1.0,768,rimls_2.0,OK,0.012468318000173895,True,True,0.2352960603257397,0.5142331936543167,0.5403612535694974,0.9908854166666666,0.9986979166666666,0.22120544471491635,1.0,0.517142990699092,0.2352960603257397,0.5090398091961541,,self-report; not geometry-derived layer count or success,0.2413969022521702,0.26459218244770816,0.2352960603257397,0.9856770833333334,8.11468419782033,0.11468419782032946,1.0143355247275412
development,s9140101_g8_n0.5_b4_r1.0,9140101,8,0.5,4,1.0,768,rimls_4.0,OK,0.02327252200007024,True,True,0.2686105490029546,0.5721710917177653,0.8081752142157584,0.9583333333333334,0.9921875,0.2672698808334643,1.0,0.6037710597237254,0.26861054900295467,0.5657020428645304,,self-report; not geometry-derived layer count or success,0.2836840857176546,0.3409933738210685,0.2686105490029546,0.9856770833333334,8.147687287096616,0.14768728709661616,1.018460910887077
development,s9140101_g8_n0.5_b4_r1.0,9140101,8,0.5,4,1.0,768,rimls_8.0,OK,0.05865693499981717,True,True,0.40704693452452073,0.7843383941498825,1.800480648580983,0.8984375,0.9518229166666666,0.4145896467586279,1.0,0.8401411484997183,0.40704693452452084,0.783004576678078,,self-report; not geometry-derived layer count or success,0.43193507259524505,0.5265592807057218,0.40704693452452073,0.9856770833333334,8.017604392300562,0.01760439230056221,1.0022005490375703
development,s9140101_g8_n0.5_b4_r0.25,9140101,8,0.5,4,0.25,403,identity,OK,0.0005943660000866657,True,True,3.144762730201863,3.9098018480173136,6.94887074190956,0.23821339950372208,0.5310173697270472,2.2316580755696784,1.0,4.088329950732846,3.3196635133719625,4.086626070759812,,self-report; not geometry-derived layer count or success,3.2810803077965724,3.3764731412130278,3.144762730201863,0.0,7.993178876224081,0.006821123775918814,0.9991473595280101
development,s9140101_g8_n0.5_b4_r0.25,9140101,8,0.5,4,0.25,403,bias_only,OK,0.0005026179999276792,True,True,0.494157657636589,0.7902285824129666,1.197976029624463,0.9354838709677419,0.9900744416873449,0.4614009372521111,1.0,0.9295828920461181,0.524109365856441,0.91009713856874,,self-report; not geometry-derived layer count or success,0.5548457336943222,0.6308381032566914,0.494157657636589,0.9602977667493796,7.912875195899671,0.08712480410032875,0.9891093994874589
development,s9140101_g8_n0.5_b4_r0.25,9140101,8,0.5,4,0.25,403,old_original,APPLY,0.001043888999902265,True,True,0.5161327582907559,0.8784353013427942,1.6393499506013027,0.8461538461538461,0.9801488833746899,0.4849081571964543,1.0,1.0056408142136894,0.5460844665106079,0.9898265927823975,,self-report; not geometry-derived layer count or success,0.5287966107274195,0.5715389780932171,0.5161327582907559,0.9602977667493796,7.806464032472357,0.19353596752764268,0.9758080040590447
development,s9140101_g8_n0.5_b4_r0.25,9140101,8,0.5,4,0.25,403,atlas_tied_256,OK,0.0012436320000688283,True,True,0.19863627895666278,0.6063119707587787,0.15249382131174827,0.9751861042183623,0.9900744416873449,0.1753268876292968,1.0,0.7792802252681221,0.22858798717651482,0.75768962311197,,self-report; not geometry-derived layer count or success,0.26683899941609796,0.36141052047469907,0.19863627895666278,0.9602977667493796,7.950602262340415,0.049397737659584884,0.9938252827925519
development,s9140101_g8_n0.5_b4_r0.25,9140101,8,0.5,4,0.25,403,atlas_relax_96,OK,0.011137301999951887,True,True,0.20152512160839137,0.6093040516535291,0.2491893171273477,0.9751861042183623,0.9900744416873449,0.17839322688717876,1.0,0.7816168085028374,0.23147682982824339,0.7600724867226474,,self-report; not geometry-derived layer count or success,0.2718684776142075,0.37173249023840077,0.20152512160839137,0.9602977667493796,7.947919830320074,0.052080169679926236,0.9934899787900092
development,s9140101_g8_n0.5_b4_r0.25,9140101,8,0.5,4,0.25,403,spatial_12,OK,0.029054944000108662,True,True,0.20176690295305766,0.6066664115523368,0.15039071326080952,0.9751861042183623,0.9900744416873449,0.17841738998121448,1.0,0.7795556496887908,0.23171861117290965,0.757098067686619,,self-report; not geometry-derived layer count or success,0.27161959534008984,0.3702704948454491,0.20176690295305766,0.9602977667493796,7.942422315047275,0.05757768495272497,0.9928027893809094
development,s9140101_g8_n0.5_b4_r0.25,9140101,8,0.5,4,0.25,403,spatial_36,OK,0.07995864899999106,True,True,0.20176690295305766,0.6066664115523368,0.15039071326080952,0.9751861042183623,0.9900744416873449,0.17841738998121448,1.0,0.7795556496887908,0.23171861117290965,0.757098067686619,,self-report; not geometry-derived layer count or success,0.27161959534008984,0.3702704948454491,0.20176690295305766,0.9602977667493796,7.942422315047275,0.05757768495272497,0.9928027893809094
development,s9140101_g8_n0.5_b4_r0.25,9140101,8,0.5,4,0.25,403,spatial_108,OK,0.22887447800007976,True,True,0.20176690295305766,0.6066664115523368,0.15039071326080952,0.9751861042183623,0.9900744416873449,0.17841738998121448,1.0,0.7795556496887908,0.23171861117290965,0.757098067686619,,self-report; not geometry-derived layer count or success,0.27161959534008984,0.3702704948454491,0.20176690295305766,0.9602977667493796,7.942422315047275,0.05757768495272497,0.9928027893809094
development,s9140101_g8_n0.5_b4_r0.25,9140101,8,0.5,4,0.25,403,apss_0.5,OK,0.003523523000012574,True,True,0.4782252835586785,0.7740634154353452,1.1370959393341649,0.9305210918114144,0.9900744416873449,0.45511768404337566,1.0,0.915940844835222,0.5081769917785306,0.8964329612016205,,self-report; not geometry-derived layer count or success,0.5401625387922825,0.6192433697526629,0.4782252835586785,0.9602977667493796,7.916065332108764,0.08393466789123583,0.9895081665135955
development,s9140101_g8_n0.5_b4_r0.25,9140101,8,0.5,4,0.25,403,apss_1.0,OK,0.0036441299998841714,True,True,0.401841261433351,0.7168385319539025,0.9153959095328436,0.9578163771712159,0.9900744416873449,0.38100253373467574,1.0,0.8684658012174363,0.43179296965320313,0.846834281620862,,self-report; not geometry-derived layer count or success,0.47126964523457116,0.5688714873161129,0.401841261433351,0.9602977667493796,7.926525966367709,0.07347403363229077,0.9908157457959637
development,s9140101_g8_n0.5_b4_r0.25,9140101,8,0.5,4,0.25,403,apss_2.0,OK,0.004599625000082597,True,True,0.2932215389529331,0.6573813393235288,0.6909871473663541,0.9702233250620348,0.9900744416873449,0.2762584161627433,1.0,0.8214030348760302,0.32317324717278517,0.7983879943005645,,self-report; not geometry-derived layer count or success,0.3655656582193205,0.4703763431994048,0.2932215389529331,0.9602977667493796,7.92997943835968,0.07002056164031956,0.99124742979496
development,s9140101_g8_n0.5_b4_r0.25,9140101,8,0.5,4,0.25,403,apss_4.0,OK,0.005764660000068034,True,True,0.3622469731391009,0.778560419510244,1.5163074697960388,0.9007444168734491,0.9751861042183623,0.34853850551542914,1.0,0.9287968193633473,0.39219868135895297,0.9069716285793886,,self-report; not geometry-derived layer count or success,0.4212332380003336,0.49301806208914556,0.3622469731391009,0.9602977667493796,7.713953621005689,0.2860463789943113,0.9642442026257111
development,s9140101_g8_n0.5_b4_r0.25,9140101,8,0.5,4,0.25,403,apss_8.0,OK,0.008559298999898601,True,True,0.6038519250271501,1.092787804691879,2.4290507842726643,0.7766749379652605,0.9007444168734491,0.5956026174080699,1.0,1.2066530376674691,0.6338036332470021,1.1192630961439543,,self-report; not geometry-derived layer count or success,0.660641243921483,0.7269943549755676,0.6038519250271501,0.9602977667493796,7.161801193443052,0.8381988065569477,0.8952251491803815
development,s9140101_g8_n0.5_b4_r0.25,9140101,8,0.5,4,0.25,403,rimls_0.5,OK,0.003596353000148156,True,True,0.47968170811092914,0.775478103979574,1.160031316800189,0.9280397022332506,0.9900744416873449,0.4570836780723937,1.0,0.9174696748990239,0.5096334163307812,0.8975449604297572,,self-report; not geometry-derived layer count or success,0.5412100116566028,0.6192797534744313,0.47968170811092914,0.9602977667493796,7.917189637085183,0.0828103629148167,0.9896487046356479
development,s9140101_g8_n0.5_b4_r0.25,9140101,8,0.5,4,0.25,403,rimls_1.0,OK,0.00431089000016982,True,True,0.4038761998458751,0.7186373445288529,0.9161414417876401,0.9578163771712159,0.9900744416873449,0.3863777489024747,1.0,0.870742650747416,0.43382790806572713,0.8486295471460328,,self-report; not geometry-derived layer count or success,0.4722369656971973,0.5671992370191757,0.4038761998458751,0.9602977667493796,7.93381039048502,0.06618960951498032,0.9917262988106275
development,s9140101_g8_n0.5_b4_r0.25,9140101,8,0.5,4,0.25,403,rimls_2.0,OK,0.00654773699989164,True,True,0.3048566153885431,0.6611097212957551,0.7129534624573991,0.9652605459057072,0.9900744416873449,0.28841611285922547,1.0,0.8245646882097225,0.3348083236083952,0.8011638681009909,,self-report; not geometry-derived layer count or success,0.3747742062467072,0.47358556025431287,0.3048566153885431,0.9602977667493796,7.980230614848561,0.01976938515143889,0.9975288268560701
development,s9140101_g8_n0.5_b4_r0.25,9140101,8,0.5,4,0.25,403,rimls_4.0,OK,0.012020912000025419,True,True,0.3776732478390212,0.7386496599310958,1.2883251810389929,0.9305210918114144,0.9826302729528535,0.3698779091827414,1.0,0.9050699286924156,0.4076249560588733,0.88006472528647,,self-report; not geometry-derived layer count or success,0.43980684963936245,0.519373126405848,0.3776732478390212,0.9602977667493796,7.999140560923271,0.0008594390767289184,0.9998925701154089
development,s9140101_g8_n0.5_b4_r0.25,9140101,8,0.5,4,0.25,403,rimls_8.0,OK,0.029092629999922792,True,True,0.600748349072506,0.9893759883674729,2.13418207868203,0.8064516129032258,0.9305210918114144,0.5987773458909899,1.0,1.1297079610773242,0.630700057292358,1.0959929927025192,,self-report; not geometry-derived layer count or success,0.6792942332871976,0.7994381162683043,0.600748349072506,0.9602977667493796,7.88937966587934,0.11062033412065997,0.9861724582349175
development,s9140101_g8_n1.0_b0_r1.0,9140101,8,1.0,0,1.0,768,identity,OK,0.0008770140000251558,True,True,0.7946667090610428,1.0004549080203191,2.0067189141792205,0.7278645833333334,0.9791666666666666,0.7269717949984752,1.0,1.0004549080203193,0.794666709061043,0.999370704897531,,self-report; not geometry-derived layer count or success,0.7971011298262689,0.8063567493693059,0.7946667090610428,0.0,8.024793290690154,0.02479329069015357,1.0030991613362692
development,s9140101_g8_n1.0_b0_r1.0,9140101,8,1.0,0,1.0,768,bias_only,OK,0.000754897999968307,True,True,0.7911640705525516,0.9973814656892498,1.9844603441930688,0.7278645833333334,0.9817708333333334,0.7228485466083755,1.0,0.9973815003591693,0.7911640705525516,0.9962714436455952,,self-report; not geometry-derived layer count or success,0.7942753158259186,0.8061042087464428,0.7911640705525516,0.9856770833333334,8.029225016959646,0.02922501695964641,1.0036531271199558
development,s9140101_g8_n1.0_b0_r1.0,9140101,8,1.0,0,1.0,768,old_original,APPLY,0.001419611999835979,True,True,0.22837350354164987,0.507080276374144,1.140342478448189,0.9361979166666666,0.9947916666666666,0.21474326772567517,1.0,0.5070951363372096,0.22837350354164987,0.505519540139137,,self-report; not geometry-derived layer count or success,0.20328042291264967,0.2986838185714229,0.22837350354164987,0.9856770833333334,7.946581312827168,0.05341868717283216,0.993322664103396
development,s9140101_g8_n1.0_b0_r1.0,9140101,8,1.0,0,1.0,768,atlas_tied_256,OK,0.0019359020000138116,True,True,0.06864608057079435,0.11294408562461963,0.150066107575591,0.9973958333333334,1.0,0.06880829273080767,1.0,0.11297915012624289,0.06864608057079434,0.10539641692575925,,self-report; not geometry-derived layer count or success,0.06425711288055053,0.08094388112860625,0.06864608057079435,0.9856770833333334,7.999085865844924,0.0009141341550762405,0.9998857332306155
development,s9140101_g8_n1.0_b0_r1.0,9140101,8,1.0,0,1.0,768,atlas_relax_96,OK,0.016630736000024626,True,True,0.1482092504958162,0.20913594843663905,0.4382612073564892,0.9973958333333334,1.0,0.15009861038299874,1.0,0.21002903462089098,0.14820925049581615,0.20145941423230015,,self-report; not geometry-derived layer count or success,0.1575598414744707,0.19311060321509763,0.1482092504958162,0.9856770833333334,8.046687564746305,0.0466875647463052,1.0058359455932881
development,s9140101_g8_n1.0_b0_r1.0,9140101,8,1.0,0,1.0,768,spatial_12,OK,0.04109825499995168,True,True,0.06465973398899683,0.1087862749081558,0.11601415665595853,0.9973958333333334,1.0,0.06493468583989036,1.0,0.10885221110812142,0.06465973398899678,0.09827314379080428,,self-report; not geometry-derived layer count or success,0.0643874483648221,0.06542267291613989,0.06465973398899683,0.9856770833333334,8.030074665446723,0.03007466544672255,1.0037593331808403
development,s9140101_g8_n1.0_b0_r1.0,9140101,8,1.0,0,1.0,768,spatial_36,OK,0.11476213499986443,True,True,0.06465973398899683,0.1087862749081558,0.11601415665595853,0.9973958333333334,1.0,0.06493468583989036,1.0,0.10885221110812142,0.06465973398899678,0.09827314379080428,,self-report; not geometry-derived layer count or success,0.0643874483648221,0.06542267291613989,0.06465973398899683,0.9856770833333334,8.030074665446723,0.03007466544672255,1.0037593331808403
development,s9140101_g8_n1.0_b0_r1.0,9140101,8,1.0,0,1.0,768,spatial_108,OK,0.30370791899986216,True,True,0.06465973398899683,0.1087862749081558,0.11601415665595853,0.9973958333333334,1.0,0.06493468583989036,1.0,0.10885221110812142,0.06465973398899678,0.09827314379080428,,self-report; not geometry-derived layer count or success,0.0643874483648221,0.06542267291613989,0.06465973398899683,0.9856770833333334,8.030074665446723,0.03007466544672255,1.0037593331808403
development,s9140101_g8_n1.0_b0_r1.0,9140101,8,1.0,0,1.0,768,apss_0.5,OK,0.005589930000041932,True,True,0.7731324931066963,0.9804147729907935,1.9724747690488489,0.7356770833333334,0.9817708333333334,0.7204268497061328,1.0,0.9805182597743788,0.7731324931066963,0.9794335797202286,,self-report; not geometry-derived layer count or success,0.7756839076242199,0.7853843350967851,0.7731324931066963,0.9856770833333334,8.026397686602087,0.026397686602086523,1.0032997108252608
development,s9140101_g8_n1.0_b0_r1.0,9140101,8,1.0,0,1.0,768,apss_1.0,OK,0.006350032000000283,True,True,0.6329996898522512,0.8229266119532498,1.6378558339551115,0.7994791666666666,0.9856770833333334,0.6203547210458434,1.0,0.8253074300364337,0.6329996898522513,0.8216527302020054,,self-report; not geometry-derived layer count or success,0.6330857915884185,0.6334131486843414,0.6329996898522512,0.9856770833333334,8.033155339392342,0.0331553393923425,1.0041444174240428
development,s9140101_g8_n1.0_b0_r1.0,9140101,8,1.0,0,1.0,768,apss_2.0,OK,0.00910451900017506,True,True,0.36337884331177067,0.4702414974948675,0.9517277115400219,0.9596354166666666,0.9986979166666666,0.3788546803928587,1.0,0.4831273536363715,0.3633788190534495,0.46672257035148906,,self-report; not geometry-derived layer count or success,0.3612887048059963,0.3692353700160692,0.36337884331177067,0.9856770833333334,8.031660427738453,0.03166042773845312,1.0039575534673066
development,s9140101_g8_n1.0_b0_r1.0,9140101,8,1.0,0,1.0,768,apss_4.0,OK,0.011443211999903724,True,True,0.3299985737767563,0.5402109320901521,1.1537290303573744,0.93359375,0.9765625,0.3494641078308384,1.0,0.5742045683359542,0.3299985737767563,0.5342398407813002,,self-report; not geometry-derived layer count or success,0.3401241195037203,0.37862124385178153,0.3299985737767563,0.9856770833333334,7.872879313999244,0.12712068600075632,0.9841099142499055
development,s9140101_g8_n1.0_b0_r1.0,9140101,8,1.0,0,1.0,768,apss_8.0,OK,0.018022318000021187,True,True,0.46458098631629535,0.8959154110359078,2.4881504038173743,0.8541666666666666,0.91796875,0.4808823209676463,1.0,0.921825070352377,0.46458098631629535,0.847254214932005,,self-report; not geometry-derived layer count or success,0.4886573543738673,0.5801952289689923,0.46458098631629535,0.9856770833333334,7.405595925304911,0.5944040746950892,0.9256994906631139
development,s9140101_g8_n1.0_b0_r1.0,9140101,8,1.0,0,1.0,768,rimls_0.5,OK,0.006187554999996792,True,True,0.7762367047590536,0.984053916170353,1.980650233168107,0.7330729166666666,0.9817708333333334,0.7234498215093712,1.0,0.9846397449541096,0.7762367047590537,0.9829659791138223,,self-report; not geometry-derived layer count or success,0.7796878661595918,0.7928091134646089,0.7762367047590536,0.9856770833333334,8.031223445258368,0.031223445258367732,1.003902930657296
development,s9140101_g8_n1.0_b0_r1.0,9140101,8,1.0,0,1.0,768,rimls_1.0,OK,0.007828309999922567,True,True,0.6478821997771423,0.8412111079068473,1.6809145825126959,0.78515625,0.984375,0.6440428542847281,1.0,0.8519258398504691,0.6474342411110198,0.839441531139532,,self-report; not geometry-derived layer count or success,0.6477039791103638,0.6483815705563335,0.6478821997771423,0.9856770833333334,8.037978090956479,0.03797809095647864,1.0047472613695598
development,s9140101_g8_n1.0_b0_r1.0,9140101,8,1.0,0,1.0,768,rimls_2.0,OK,0.012266126999975313,True,True,0.37722351692908296,0.4857836764079152,0.9829842762379821,0.9557291666666666,0.9973958333333334,0.40846679889800086,1.0,0.5079607021024266,0.37722045643333985,0.4817089474298724,,self-report; not geometry-derived layer count or success,0.37576663891407214,0.3813056602780737,0.37722351692908296,0.9856770833333334,8.065189672815627,0.06518967281562738,1.0081487091019534
development,s9140101_g8_n1.0_b0_r1.0,9140101,8,1.0,0,1.0,768,rimls_4.0,OK,0.02359177800008183,True,True,0.3460771842280814,0.48307933028820116,0.9147135392702778,0.9544270833333334,0.98828125,0.38288260314193695,1.0,0.5481466203110642,0.3460771842280814,0.47960046487427627,,self-report; not geometry-derived layer count or success,0.3576019932798098,0.4014190890804403,0.3460771842280814,0.9856770833333334,8.071376485102348,0.0713764851023484,1.0089220606377935
development,s9140101_g8_n1.0_b0_r1.0,9140101,8,1.0,0,1.0,768,rimls_8.0,OK,0.05949540299980072,True,True,0.4336319184778968,0.7220086578387286,1.8127620542091538,0.8854166666666666,0.9427083333333334,0.4754891322879482,1.0,0.8056035509610604,0.4336319184778968,0.7187979177532736,,self-report; not geometry-derived layer count or success,0.4593688399208097,0.5572201056047559,0.4336319184778968,0.9856770833333334,7.881740529809991,0.11825947019000882,0.9852175662262489
development,s9140101_g8_n1.0_b0_r0.25,9140101,8,1.0,0,0.25,403,identity,OK,0.0006102330000885559,True,True,0.7784804204813016,0.9780715609340402,1.887818734132081,0.7444168734491315,0.9801488833746899,0.7255106341436457,1.0,0.9780715609340404,0.7784804204813016,0.9766499771784907,,self-report; not geometry-derived layer count or success,0.7595477471115322,0.8063567493693059,0.7784804204813016,0.0,8.035074371929607,0.03507437192960694,1.0043842964912009
development,s9140101_g8_n1.0_b0_r0.25,9140101,8,1.0,0,0.25,403,bias_only,OK,0.0004771060000621219,True,True,0.7942022634135937,0.9992618274161916,2.0018174591812743,0.7245657568238213,0.9727047146401985,0.7371041264329165,1.0,0.9992620885531747,0.7942022634135937,0.9977770413696458,,self-report; not geometry-derived layer count or success,0.7701569369032489,0.8296064251466165,0.7942022634135937,0.9429280397022333,8.04499107102228,0.04499107102227917,1.005623883877785
development,s9140101_g8_n1.0_b0_r0.25,9140101,8,1.0,0,0.25,403,old_original,APPLY,0.0010408119999283372,True,True,0.5599292833218897,0.8312142895733563,1.782889438223485,0.826302729528536,0.9801488833746899,0.5229648784262844,1.0,0.8312201296719738,0.5599292833218896,0.8252039714256871,,self-report; not geometry-derived layer count or success,0.4812278309528458,0.6758087223928744,0.5599292833218897,0.9429280397022333,7.876356824625927,0.12364317537407299,0.9845446030782409
development,s9140101_g8_n1.0_b0_r0.25,9140101,8,1.0,0,0.25,403,atlas_tied_256,OK,0.0012395259998356778,True,True,0.082030029102895,0.1889354475880336,0.1313394703059778,0.9925558312655087,1.0,0.08133533505824711,1.0,0.1889429161913564,0.082030029102895,0.18205168538938238,,self-report; not geometry-derived layer count or success,0.06672671801314213,0.10456251168903424,0.082030029102895,0.9429280397022333,8.053655331910544,0.05365533191054439,1.006706916488818
development,s9140101_g8_n1.0_b0_r0.25,9140101,8,1.0,0,0.25,403,atlas_relax_96,OK,0.009317563999957201,True,True,0.13841540171825786,0.2269744079591457,0.34767047768193604,0.9925558312655087,1.0,0.1387928251086445,1.0,0.22741243317294818,0.13841540171825792,0.22273205123169046,,self-report; not geometry-derived layer count or success,0.13251370114013516,0.1471050222013833,0.13841540171825786,0.9429280397022333,8.05717091773507,0.05717091773506944,1.0071463647168837
development,s9140101_g8_n1.0_b0_r0.25,9140101,8,1.0,0,0.25,403,spatial_12,OK,0.028934432000141896,True,True,0.08026054946356509,0.1875227623475233,0.12949594988735783,0.9925558312655087,1.0,0.07970990748185994,1.0,0.18755191136069674,0.08026054946356505,0.17998690150811078,,self-report; not geometry-derived layer count or success,0.06280607099536453,0.1059603950609156,0.08026054946356509,0.9429280397022333,8.042769104399802,0.042769104399802416,1.0053461380499753
development,s9140101_g8_n1.0_b0_r0.25,9140101,8,1.0,0,0.25,403,spatial_36,OK,0.07504985600007785,True,True,0.08026054946356509,0.1875227623475233,0.12949594988735783,0.9925558312655087,1.0,0.07970990748185994,1.0,0.18755191136069674,0.08026054946356505,0.17998690150811078,,self-report; not geometry-derived layer count or success,0.06280607099536453,0.1059603950609156,0.08026054946356509,0.9429280397022333,8.042769104399802,0.042769104399802416,1.0053461380499753
development,s9140101_g8_n1.0_b0_r0.25,9140101,8,1.0,0,0.25,403,spatial_108,OK,0.2198785030000181,True,True,0.08026054946356509,0.1875227623475233,0.12949594988735783,0.9925558312655087,1.0,0.07970990748185994,1.0,0.18755191136069674,0.08026054946356505,0.17998690150811078,,self-report; not geometry-derived layer count or success,0.06280607099536453,0.1059603950609156,0.08026054946356509,0.9429280397022333,8.042769104399802,0.042769104399802416,1.0053461380499753
development,s9140101_g8_n1.0_b0_r0.25,9140101,8,1.0,0,0.25,403,apss_0.5,OK,0.003410010999914448,True,True,0.7731685330285307,0.9736333961523523,1.9441130602441383,0.7320099255583127,0.9751861042183623,0.7330626933258712,1.0,0.9737826299201582,0.7731685330285307,0.9722035018502001,,self-report; not geometry-derived layer count or success,0.7468870646976711,0.811865173515686,0.7731685330285307,0.9429280397022333,8.04348901588938,0.0434890158893797,1.0054361269861725
development,s9140101_g8_n1.0_b0_r0.25,9140101,8,1.0,0,0.25,403,apss_1.0,OK,0.003714876000003642,True,True,0.6385416705566727,0.8095409828184378,1.5734143512982093,0.8014888337468983,0.9875930521091811,0.6354887020804713,1.0,0.8110919572847782,0.6385413954680608,0.807953268909315,,self-report; not geometry-derived layer count or success,0.6206225497627553,0.664925652093729,0.6385416705566727,0.9429280397022333,8.031884342989734,0.03188434298973419,1.0039855428737168
development,s9140101_g8_n1.0_b0_r0.25,9140101,8,1.0,0,0.25,403,apss_2.0,OK,0.004675520999853688,True,True,0.3810739747664474,0.49437632459249947,1.000180103831591,0.9454094292803971,0.9975186104218362,0.3946772502057682,1.0,0.5048391173176026,0.38107291619015354,0.4916049092505978,,self-report; not geometry-derived layer count or success,0.3780307405738107,0.38555481038750755,0.3810739747664474,0.9429280397022333,7.9995431554100564,0.00045684458994355026,0.9999428944262571
development,s9140101_g8_n1.0_b0_r0.25,9140101,8,1.0,0,0.25,403,apss_4.0,OK,0.006929849000016475,True,True,0.4318750227782829,0.7288240047157486,1.716840365152616,0.8808933002481389,0.9602977667493796,0.4478941632389837,1.0,0.7580676222377714,0.4318750227782829,0.7043615126200337,,self-report; not geometry-derived layer count or success,0.43630118688062725,0.4472444024220061,0.4318750227782829,0.9429280397022333,7.5912623688952525,0.4087376311047475,0.9489077961119066
development,s9140101_g8_n1.0_b0_r0.25,9140101,8,1.0,0,0.25,403,apss_8.0,OK,0.009115594999911991,True,True,0.6882077838016742,1.1244465349795418,2.663184970162792,0.7593052109181141,0.8759305210918115,0.7013540484887162,1.0,1.1493391005975249,0.6902046700989469,0.995109537980818,,self-report; not geometry-derived layer count or success,0.7210954649244814,0.797469638634238,0.6882077838016742,0.9429280397022333,6.9371924121379775,1.0628075878620225,0.8671490515172472
development,s9140101_g8_n1.0_b0_r0.25,9140101,8,1.0,0,0.25,403,rimls_0.5,OK,0.00366220599994449,True,True,0.7765694085153289,0.9798230634363283,1.9880031254614665,0.7320099255583127,0.9751861042183623,0.734694354823105,1.0,0.9804326417089334,0.7765694085153289,0.9782823371891795,,self-report; not geometry-derived layer count or success,0.7495457487838483,0.8163588461567728,0.7765694085153289,0.9429280397022333,8.046019115592745,0.04601911559274541,1.0057523894490932
development,s9140101_g8_n1.0_b0_r0.25,9140101,8,1.0,0,0.25,403,rimls_1.0,OK,0.004407540000102017,True,True,0.6504316158454774,0.8230065062231886,1.620876245483267,0.7915632754342432,0.9875930521091811,0.6570399850697074,1.0,0.8326485503516038,0.6503973274121361,0.8210124101030953,,self-report; not geometry-derived layer count or success,0.6301287084482444,0.6803254672279063,0.6504316158454774,0.9429280397022333,8.047879664181618,0.04787966418161815,1.0059849580227023
development,s9140101_g8_n1.0_b0_r0.25,9140101,8,1.0,0,0.25,403,rimls_2.0,OK,0.006472583000004306,True,True,0.39246380868143665,0.502648428194728,0.9899341710482773,0.9503722084367245,1.0,0.4188705267149103,1.0,0.5248901423850272,0.39245992181467476,0.49905168086236057,,self-report; not geometry-derived layer count or success,0.38691312418091395,0.4006365956760713,0.39246380868143665,0.9429280397022333,8.055682308655943,0.05568230865594259,1.0069602885819928
development,s9140101_g8_n1.0_b0_r0.25,9140101,8,1.0,0,0.25,403,rimls_4.0,OK,0.012284050999824103,True,True,0.42882789031909624,0.6301107872034903,1.435810371491501,0.9057071960297767,0.9727047146401985,0.4655349676981124,1.0,0.7000737444148899,0.42882789031909635,0.6292811339320497,,self-report; not geometry-derived layer count or success,0.4228382119528711,0.43764704864973464,0.42882789031909624,0.9429280397022333,7.929839228854199,0.07016077114580099,0.9912299036067749
development,s9140101_g8_n1.0_b0_r0.25,9140101,8,1.0,0,0.25,403,rimls_8.0,OK,0.029128450999905908,True,True,0.627280416606749,0.9671804109189578,2.2832096245803197,0.7890818858560794,0.9106699751861043,0.6575237083838179,1.0,1.020640815602839,0.627280416606749,0.9348531217016516,,self-report; not geometry-derived layer count or success,0.6711848927649117,0.7797339963952156,0.627280416606749,0.9429280397022333,7.678057767400421,0.32194223259957866,0.9597572209250527
development,s9140101_g8_n1.0_b4_r1.0,9140101,8,1.0,4,1.0,768,identity,OK,0.0008165830001871655,True,True,3.0131294062293406,3.767434924429433,7.082126032041213,0.22786458333333334,0.5755208333333334,1.997706167856948,1.0,4.150104118530022,3.3740337631321182,4.149138944183754,,self-report; not geometry-derived layer count or success,3.395526198408384,3.477240011735967,3.0131294062293406,0.0,8.16037284556515,0.1603728455651492,1.0200466056956436
development,s9140101_g8_n1.0_b4_r1.0,9140101,8,1.0,4,1.0,768,bias_only,OK,0.000749004999988756,True,True,0.808285600590474,1.034406351379127,2.0591260224180443,0.7174479166666666,0.9752604166666666,0.7381050044246041,1.0,1.1032192889556391,0.8266436961501814,1.1017845164596074,,self-report; not geometry-derived layer count or success,0.8223760734964043,0.8386014903186857,0.808285600590474,0.9856770833333334,8.015375870765158,0.01537587076515834,1.0019219838456448
development,s9140101_g8_n1.0_b4_r1.0,9140101,8,1.0,4,1.0,768,old_original,APPLY,0.0014201100000263978,True,True,0.24552087513893486,0.5764998073302402,1.2725285436456144,0.9244791666666666,0.9869791666666666,0.23543742062625062,1.0,0.6924331176853282,0.2638789706986422,0.6903913423932697,,self-report; not geometry-derived layer count or success,0.23139830834477956,0.3548891434327326,0.24552087513893486,0.9856770833333334,7.932718624931349,0.06728137506865117,0.9915898281164186
development,s9140101_g8_n1.0_b4_r1.0,9140101,8,1.0,4,1.0,768,atlas_tied_256,OK,0.001873531000001094,True,True,0.08578083838368056,0.29657953970172796,0.14966605560114338,0.9895833333333334,0.9947916666666666,0.08492219303476932,1.0,0.4848335091873532,0.10413893394338782,0.4820136584965111,,self-report; not geometry-derived layer count or success,0.0923604035860617,0.13714214276639075,0.08578083838368056,0.9856770833333334,7.985245153255828,0.014754846744171601,0.9981556441569785
development,s9140101_g8_n1.0_b4_r1.0,9140101,8,1.0,4,1.0,768,atlas_relax_96,OK,0.015674945000000662,True,True,0.1652076401378074,0.34484078876884217,0.4400186440212574,0.9895833333333334,0.9947916666666666,0.16486535720518797,1.0,0.5161140541500777,0.18356573569751466,0.511808836988134,,self-report; not geometry-derived layer count or success,0.18555017883074515,0.19309499232738367,0.1652076401378074,0.9856770833333334,8.033578275712392,0.033578275712391914,1.004197284464049
development,s9140101_g8_n1.0_b4_r1.0,9140101,8,1.0,4,1.0,768,spatial_12,OK,0.03824281700008214,True,True,0.08178635927084052,0.29501743941795455,0.1152803683807988,0.9895833333333334,0.9947916666666666,0.08095898737055401,1.0,0.48388691676354456,0.10014445483054779,0.48064441218620674,,self-report; not geometry-derived layer count or success,0.09248525583646511,0.12160537874466071,0.08178635927084052,0.9856770833333334,8.016227333731207,0.016227333731206883,1.0020284167164009
development,s9140101_g8_n1.0_b4_r1.0,9140101,8,1.0,4,1.0,768,spatial_36,OK,0.10562014299989642,True,True,0.08178635927084052,0.29501743941795455,0.1152803683807988,0.9895833333333334,0.9947916666666666,0.08095898737055401,1.0,0.48388691676354456,0.10014445483054779,0.48064441218620674,,self-report; not geometry-derived layer count or success,0.09248525583646511,0.12160537874466071,0.08178635927084052,0.9856770833333334,8.016227333731207,0.016227333731206883,1.0020284167164009
development,s9140101_g8_n1.0_b4_r1.0,9140101,8,1.0,4,1.0,768,spatial_108,OK,0.30592921099992054,True,True,0.08178635927084052,0.29501743941795455,0.1152803683807988,0.9895833333333334,0.9947916666666666,0.08095898737055401,1.0,0.48388691676354456,0.10014445483054779,0.48064441218620674,,self-report; not geometry-derived layer count or success,0.09248525583646511,0.12160537874466071,0.08178635927084052,0.9856770833333334,8.016227333731207,0.016227333731206883,1.0020284167164009
development,s9140101_g8_n1.0_b4_r1.0,9140101,8,1.0,4,1.0,768,apss_0.5,OK,0.00581289799993101,True,True,0.7903733413514796,1.0181264443962321,2.036754050606909,0.7265625,0.9765625,0.7356856660305002,1.0,1.0880597576051174,0.8087314369111868,1.086657152325407,,self-report; not geometry-derived layer count or success,0.803940426995657,0.822155751823018,0.7903733413514796,0.9856770833333334,8.01289950139966,0.012899501399660451,1.0016124376749576
development,s9140101_g8_n1.0_b4_r1.0,9140101,8,1.0,4,1.0,768,apss_1.0,OK,0.006430705000184389,True,True,0.650042970062992,0.8671804606764,1.6810949833185245,0.7903645833333334,0.98046875,0.6350619695368426,1.0,0.9502460589392574,0.6684010656226994,0.9466434166338766,,self-report; not geometry-derived layer count or success,0.661156991151634,0.6886988188436051,0.650042970062992,0.9856770833333334,8.019461825756602,0.01946182575660238,1.0024327282195753
development,s9140101_g8_n1.0_b4_r1.0,9140101,8,1.0,4,1.0,768,apss_2.0,OK,0.009418180000011489,True,True,0.3804774158905884,0.5441595186660897,0.9656033209351853,0.953125,0.9934895833333334,0.3932419865650396,1.0,0.6748240279301699,0.39883548976402494,0.6624320633588701,,self-report; not geometry-derived layer count or success,0.38934617238212543,0.42542445161160464,0.3804774158905884,0.9856770833333334,8.017436803685955,0.017436803685955127,1.0021796004607444
development,s9140101_g8_n1.0_b4_r1.0,9140101,8,1.0,4,1.0,768,apss_4.0,OK,0.011854702999926303,True,True,0.3468481081259003,0.6057588091669741,1.1952872179510994,0.92578125,0.9713541666666666,0.36357422654217664,1.0,0.7428427554876071,0.3652062036856076,0.7110074745417004,,self-report; not geometry-derived layer count or success,0.36793496520257135,0.37830966245518616,0.3468481081259003,0.9856770833333334,7.858624852723209,0.1413751472767908,0.9823281065904012
development,s9140101_g8_n1.0_b4_r1.0,9140101,8,1.0,4,1.0,768,apss_8.0,OK,0.01954689700005474,True,True,0.48164565892134253,0.9370749469930939,2.60665271106006,0.8463541666666666,0.9127604166666666,0.4950349293138497,1.0,1.0354754905289911,0.5000037544810498,0.9670176896620414,,self-report; not geometry-derived layer count or success,0.516698232500284,0.580170307345689,0.48164565892134253,0.9856770833333334,7.391114437303569,0.6088855626964307,0.9238893046629462
development,s9140101_g8_n1.0_b4_r1.0,9140101,8,1.0,4,1.0,768,rimls_0.5,OK,0.007198356000117201,True,True,0.7934036617126154,1.021599008276064,2.0591260224180443,0.72265625,0.9752604166666666,0.7385732243724976,1.0,1.0917185879352072,0.8117617572723228,1.089817447774905,,self-report; not geometry-derived layer count or success,0.8078308283335365,0.822776142318625,0.7934036617126154,0.9856770833333334,8.017453267727321,0.01745326772732092,1.0021816584659151
development,s9140101_g8_n1.0_b4_r1.0,9140101,8,1.0,4,1.0,768,rimls_1.0,OK,0.008112166000046273,True,True,0.6651721856002754,0.8847695576512081,1.6971785691780588,0.7760416666666666,0.9791666666666666,0.6587858759340792,1.0,0.9736737644774501,0.6830959775143038,0.9623351251785754,,self-report; not geometry-derived layer count or success,0.6759683519082487,0.7047186571821683,0.6651721856002754,0.9856770833333334,8.024196377734853,0.02419637773485306,1.0030245472168566
development,s9140101_g8_n1.0_b4_r1.0,9140101,8,1.0,4,1.0,768,rimls_2.0,OK,0.01304571999980908,True,True,0.39422108009423473,0.5575774172913404,0.9962346314247701,0.9479166666666666,0.9921875,0.42315239651259007,1.0,0.6927170833781167,0.41257604400963244,0.6731961824547139,,self-report; not geometry-derived layer count or success,0.4037035133284568,0.4374486057342623,0.39422108009423473,0.9856770833333334,8.050974915010814,0.05097491501081386,1.0063718643763517
development,s9140101_g8_n1.0_b4_r1.0,9140101,8,1.0,4,1.0,768,rimls_4.0,OK,0.023686584999950355,True,True,0.3628464322729738,0.5552081737140749,0.9582406930697783,0.9466145833333334,0.9830729166666666,0.3968829794956987,1.0,0.7227008282794528,0.38120452783268116,0.6717972026823091,,self-report; not geometry-derived layer count or success,0.38536349113315893,0.40117578724586683,0.3628464322729738,0.9856770833333334,8.056998001758249,0.05699800175824876,1.007124750219781
development,s9140101_g8_n1.0_b4_r1.0,9140101,8,1.0,4,1.0,768,rimls_8.0,OK,0.06189234400017085,True,True,0.45056265094646103,0.7725280882484886,1.9077220588174473,0.8776041666666666,0.9388020833333334,0.4899883456193003,1.0,0.9335534849282853,0.4689207465061684,0.8587254427692452,,self-report; not geometry-derived layer count or success,0.4873016175649051,0.5571853253525776,0.45056265094646103,0.9856770833333334,7.866717763696285,0.13328223630371472,0.9833397204620357
development,s9140101_g8_n1.0_b4_r0.25,9140101,8,1.0,4,0.25,403,identity,OK,0.0005924770000547142,True,True,3.2455538687562413,4.011527078333377,7.301536420106213,0.24069478908188585,0.5260545905707196,2.297646955916822,1.0,4.194774741373412,3.4212480974088706,4.192330724321907,,self-report; not geometry-derived layer count or success,3.3832202555950506,3.477240011735967,3.2455538687562413,0.0,8.010716062188886,0.010716062188885545,1.0013395077736107
development,s9140101_g8_n1.0_b4_r0.25,9140101,8,1.0,4,0.25,403,bias_only,OK,0.0004989799999748357,True,True,0.9600264336860557,1.3832713948328077,2.3301540916343226,0.6923076923076923,0.9553349875930521,0.8252063046025774,1.0,1.383339778742583,0.9600264336860554,1.3760271955406096,,self-report; not geometry-derived layer count or success,0.8911951774044049,1.0613730687019833,0.9600264336860557,0.9478908188585607,8.039846504898522,0.03984650489852193,1.0049808131123152
development,s9140101_g8_n1.0_b4_r0.25,9140101,8,1.0,4,0.25,403,old_original,APPLY,0.0011051400001633738,True,True,0.7567760795943335,1.281259231572754,2.3136627647250703,0.7667493796526055,0.9652605459057072,0.6478964543341138,1.0,1.2813371216082052,0.7567760795943335,1.2685516113560436,,self-report; not geometry-derived layer count or success,0.6368987202026989,0.9332826210298694,0.7567760795943335,0.9478908188585607,7.854272766967322,0.14572723303267843,0.9817840958709152
development,s9140101_g8_n1.0_b4_r0.25,9140101,8,1.0,4,0.25,403,atlas_tied_256,OK,0.0019497400001000642,True,True,0.31249381846978624,0.9694052916090382,0.2015170114093094,0.9553349875930521,0.9875930521091811,0.21947410012059215,1.0,0.9695046328801031,0.3124938184697862,0.9599396885382366,,self-report; not geometry-derived layer count or success,0.25124570725450396,0.40267508651682765,0.31249381846978624,0.9478908188585607,8.047796762077587,0.04779676207758676,1.0059745952596983
development,s9140101_g8_n1.0_b4_r0.25,9140101,8,1.0,4,0.25,403,atlas_relax_96,OK,0.009942947000126878,True,True,0.32712940015592923,0.9766614812501548,0.5772970279423089,0.9553349875930521,0.9875930521091811,0.23564067732377356,1.0,0.976855798386441,0.32712940015592906,0.9684668437853503,,self-report; not geometry-derived layer count or success,0.2703520374075644,0.41072797107376685,0.32712940015592923,0.9478908188585607,8.05149751895156,0.051497518951560295,1.006437189868945
development,s9140101_g8_n1.0_b4_r0.25,9140101,8,1.0,4,0.25,403,spatial_12,OK,0.028224216999888085,True,True,0.31711573551872685,0.9695793311607679,0.1839795918648641,0.9553349875930521,0.9875930521091811,0.22396453707164035,1.0,0.9696813256953626,0.3171157355187268,0.9595634317530842,,self-report; not geometry-derived layer count or success,0.2581091174100706,0.4039966456173619,0.31711573551872685,0.9478908188585607,8.036691600014242,0.0366916000142421,1.0045864500017803
development,s9140101_g8_n1.0_b4_r0.25,9140101,8,1.0,4,0.25,403,spatial_36,OK,0.07738326399999096,True,True,0.31711573551872685,0.9695793311607679,0.1839795918648641,0.9553349875930521,0.9875930521091811,0.22396453707164035,1.0,0.9696813256953626,0.3171157355187268,0.9595634317530842,,self-report; not geometry-derived layer count or success,0.2581091174100706,0.4039966456173619,0.31711573551872685,0.9478908188585607,8.036691600014242,0.0366916000142421,1.0045864500017803
development,s9140101_g8_n1.0_b4_r0.25,9140101,8,1.0,4,0.25,403,spatial_108,OK,0.23889083600010963,True,True,0.31711573551872685,0.9695793311607679,0.1839795918648641,0.9553349875930521,0.9875930521091811,0.22396453707164035,1.0,0.9696813256953626,0.3171157355187268,0.9595634317530842,,self-report; not geometry-derived layer count or success,0.2581091174100706,0.4039966456173619,0.31711573551872685,0.9478908188585607,8.036691600014242,0.0366916000142421,1.0045864500017803
development,s9140101_g8_n1.0_b4_r0.25,9140101,8,1.0,4,0.25,403,apss_0.5,OK,0.003572609000002558,True,True,0.9384961191588868,1.364852043696951,2.310591900321136,0.6898263027295285,0.9578163771712159,0.8207569403716725,1.0,1.3650254057796152,0.9384961191588868,1.3576800562749107,,self-report; not geometry-derived layer count or success,0.8670535612200803,1.0436876155105033,0.9384961191588868,0.9478908188585607,8.038291071447023,0.038291071447023484,1.004786383930878
development,s9140101_g8_n1.0_b4_r0.25,9140101,8,1.0,4,0.25,403,apss_1.0,OK,0.003914768999948137,True,True,0.8017898432220641,1.2511785780022593,1.9527637045496031,0.7617866004962779,0.9776674937965261,0.711733010847575,1.0,1.2522585656263374,0.8017895687213993,1.2428254713899278,,self-report; not geometry-derived layer count or success,0.7385756697004521,0.8948659269348671,0.8017898432220641,0.9478908188585607,8.034300952005488,0.03430095200548777,1.004287619000686
development,s9140101_g8_n1.0_b4_r0.25,9140101,8,1.0,4,0.25,403,apss_2.0,OK,0.005366760000015347,True,True,0.5457998689513119,1.0724396405298626,1.4453101632685252,0.913151364764268,0.9875930521091811,0.46742710063967136,1.0,1.0773713418711868,0.5457989274283958,1.0629321252533748,,self-report; not geometry-derived layer count or success,0.4965034687732511,0.6183835256552054,0.5457998689513119,0.9478908188585607,7.99512610726195,0.004873892738049612,0.9993907634077438
development,s9140101_g8_n1.0_b4_r0.25,9140101,8,1.0,4,0.25,403,apss_4.0,OK,0.00641828700008773,True,True,0.5929835351359226,1.193820335148343,2.401845068863909,0.8461538461538461,0.9503722084367245,0.5173935482365863,1.0,1.2119770789621114,0.5929835351359225,1.1761109371856804,,self-report; not geometry-derived layer count or success,0.5593679888496098,0.6424788180114751,0.5929835351359226,0.9478908188585607,7.5862549388578095,0.41374506114219045,0.9482818673572262
development,s9140101_g8_n1.0_b4_r0.25,9140101,8,1.0,4,0.25,403,apss_8.0,OK,0.008986329999970621,True,True,0.8028735532491826,1.453478921729189,2.9603965619422072,0.7295285359801489,0.8684863523573201,0.7257539746478558,1.0,1.4747685192658453,0.8055593138558995,1.3685273640929243,,self-report; not geometry-derived layer count or success,0.8011175290843879,0.8120993650532173,0.8028735532491826,0.9478908188585607,6.928206337529237,1.0717936624707631,0.8660257921911546
development,s9140101_g8_n1.0_b4_r0.25,9140101,8,1.0,4,0.25,403,rimls_0.5,OK,0.004067260000056194,True,True,0.9421962468679169,1.369350326549637,2.3301188221708755,0.6898263027295285,0.9578163771712159,0.8224778933301616,1.0,1.3698613614657285,0.9421962468679168,1.362002083509506,,self-report; not geometry-derived layer count or success,0.8700143157686232,1.0484763908177968,0.9421962468679169,0.9478908188585607,8.040730548387014,0.040730548387013954,1.0050913185483767
development,s9140101_g8_n1.0_b4_r0.25,9140101,8,1.0,4,0.25,403,rimls_1.0,OK,0.004412812000055055,True,True,0.8132353494490412,1.2600761349579992,1.9537479205203376,0.7518610421836228,0.9751861042183623,0.7387621446811067,1.0,1.2668707264800738,0.8132044499218959,1.2514287710587046,,self-report; not geometry-derived layer count or success,0.7477047587574359,0.9097221087495642,0.8132353494490412,0.9478908188585607,8.047946719273941,0.04794671927394134,1.0059933399092427
development,s9140101_g8_n1.0_b4_r0.25,9140101,8,1.0,4,0.25,403,rimls_2.0,OK,0.00681841000005079,True,True,0.5561623086563342,1.0764952722779173,1.45085031457611,0.913151364764268,0.9851116625310173,0.4909324575544485,1.0,1.087158349611846,0.5561588903298242,1.0664851249701073,,self-report; not geometry-derived layer count or success,0.5033884337523025,0.6338661735457061,0.5561623086563342,0.9478908188585607,8.051017841394865,0.05101784139486476,1.006377230174358
development,s9140101_g8_n1.0_b4_r0.25,9140101,8,1.0,4,0.25,403,rimls_4.0,OK,0.012451865000002726,True,True,0.5916526092630354,1.1373385097404536,1.947996940005381,0.8734491315136477,0.9578163771712159,0.5365837683327956,1.0,1.1776114452172095,0.5916526092630354,1.1335340523990736,,self-report; not geometry-derived layer count or success,0.5397764933560939,0.6680346204143603,0.5916526092630354,0.9478908188585607,7.925529390166632,0.07447060983336762,0.990691173770829
development,s9140101_g8_n1.0_b4_r0.25,9140101,8,1.0,4,0.25,403,rimls_8.0,OK,0.029689789999792993,True,True,0.7779450019351626,1.3397858520461634,2.820791925747601,0.7692307692307693,0.9007444168734491,0.7160169018536657,1.0,1.379022757260097,0.7779450019351626,1.3266100816897104,,self-report; not geometry-derived layer count or success,0.7723649611238284,0.7861610129457158,0.7779450019351626,0.9478908188585607,7.67018733760828,0.3298126623917197,0.958773417201035
development,s9140101_g8_n2.0_b0_r1.0,9140101,8,2.0,0,1.0,768,identity,OK,0.0008241819998602296,True,True,1.5694682365478674,1.9607538713169907,3.818550659348624,0.4153645833333333,0.8125,1.2650697853767445,1.0,2.0009098160406382,1.589333418122086,1.9987414097950622,,self-report; not geometry-derived layer count or success,1.5942022596525378,1.6127134987386118,1.5694682365478674,0.0,8.049586581380307,0.04958658138030714,1.0061983226725384
development,s9140101_g8_n2.0_b0_r1.0,9140101,8,2.0,0,1.0,768,bias_only,OK,0.0007355929999448563,True,True,1.5568903066163904,1.9550382953585106,3.8390972276663926,0.4231770833333333,0.8138020833333334,1.2519899212480077,1.0,1.9955862694784956,1.5768781667768685,1.9932366118512594,,self-report; not geometry-derived layer count or success,1.5834080700376785,1.608234632930264,1.5568903066163904,0.9518229166666666,8.069697893440512,0.06969789344051236,1.008712236680064
development,s9140101_g8_n2.0_b0_r1.0,9140101,8,2.0,0,1.0,768,old_original,APPLY,0.001402469000140627,True,True,0.4206253742087269,0.920077866722098,2.4453009184121703,0.890625,0.9518229166666666,0.3788393173142574,1.0,0.990982308269448,0.43718288840397035,0.9736565912175713,,self-report; not geometry-derived layer count or success,0.42452224404649286,0.4726640154187363,0.4206253742087269,0.9518229166666666,7.684397344851197,0.3156026551488029,0.9605496681063996
development,s9140101_g8_n2.0_b0_r1.0,9140101,8,2.0,0,1.0,768,atlas_tied_256,OK,0.0018843310001557256,True,True,0.18574057232678762,0.43852503338795945,0.31078489560690953,0.9700520833333334,0.9934895833333334,0.16822186356650334,1.0,0.5447568721228414,0.19861619568961453,0.5255047474932943,,self-report; not geometry-derived layer count or success,0.18277710391695767,0.24299701719121758,0.18574057232678762,0.9518229166666666,7.868870884558796,0.13112911544120376,0.9836088605698495
development,s9140101_g8_n2.0_b0_r1.0,9140101,8,2.0,0,1.0,768,atlas_relax_96,OK,0.015540609000026961,True,True,0.4047689887256099,0.7713765404887121,1.1420034194072735,0.9401041666666666,0.9908854166666666,0.3736608530246868,1.0,0.8639831814624851,0.4222540350828261,0.8410971963700818,,self-report; not geometry-derived layer count or success,0.42780230154763327,0.44889670078016725,0.4047689887256099,0.9518229166666666,7.9971553685216765,0.0028446314783234783,0.9996444210652096
development,s9140101_g8_n2.0_b0_r1.0,9140101,8,2.0,0,1.0,768,spatial_12,OK,0.03843861099994683,True,True,0.17854125887116087,0.43540521679649064,0.23241360795187405,0.9713541666666666,0.9934895833333334,0.16622108386954224,1.0,0.5410224075695775,0.19132132056041395,0.5219688125655847,,self-report; not geometry-derived layer count or success,0.18405380168779828,0.2116847784032097,0.17854125887116087,0.9518229166666666,7.948739104753454,0.05126089524654631,0.9935923880941817
development,s9140101_g8_n2.0_b0_r1.0,9140101,8,2.0,0,1.0,768,spatial_36,OK,0.10391163500003131,True,True,0.17854579131565815,0.43540660790384234,0.2324169933958177,0.9713541666666666,0.9934895833333334,0.16622536842241087,1.0,0.541023742125975,0.1913258820473105,0.5219685326728687,,self-report; not geometry-derived layer count or success,0.18405825493739214,0.21168964316170263,0.17854579131565815,0.9518229166666666,7.9487359099049995,0.05126409009500055,0.9935919887381249
development,s9140101_g8_n2.0_b0_r1.0,9140101,8,2.0,0,1.0,768,spatial_108,OK,0.31188841599987427,True,True,0.17854579131565748,0.4354066079038421,0.23241699339581542,0.9713541666666666,0.9934895833333334,0.16622536842241026,1.0,0.5410237421259748,0.19132588204730985,0.5219685326728686,,self-report; not geometry-derived layer count or success,0.1840582549373913,0.21168964316170258,0.17854579131565748,0.9518229166666666,7.948735909904997,0.05126409009500321,0.9935919887381246
development,s9140101_g8_n2.0_b0_r1.0,9140101,8,2.0,0,1.0,768,apss_0.5,OK,0.005591830999946978,True,True,1.551336946199818,1.9504978011975507,3.8390972276663926,0.4153645833333333,0.8098958333333334,1.262847022859349,1.0,1.9911844849375306,1.5713248063602965,1.9888005379840181,,self-report; not geometry-derived layer count or success,1.5785687613957893,1.6061101349960794,1.551336946199818,0.9518229166666666,8.068869662182557,0.06886966218255708,1.0086087077728196
development,s9140101_g8_n2.0_b0_r1.0,9140101,8,2.0,0,1.0,768,apss_1.0,OK,0.006474873999877673,True,True,1.4367292985107014,1.8373005617328715,3.707732664254356,0.45703125,0.80078125,1.2368924888634638,1.0,1.880682078903303,1.456148700949364,1.8763249677611598,,self-report; not geometry-derived layer count or success,1.4546837611143055,1.460271498162184,1.4367292985107014,0.9518229166666666,8.049683097665504,0.04968309766550405,1.006210387208188
development,s9140101_g8_n2.0_b0_r1.0,9140101,8,2.0,0,1.0,768,apss_2.0,OK,0.00962129599997752,True,True,0.8504703514381445,1.1125943797212385,2.2300958981585435,0.68359375,0.9453125,0.8479963011813029,1.0,1.1408173504125496,0.8528831953897944,1.108904511973169,,self-report; not geometry-derived layer count or success,0.8455095286720531,0.8737193832612083,0.8504703514381445,0.9518229166666666,7.971275933064148,0.028724066935851944,0.9964094916330185
development,s9140101_g8_n2.0_b0_r1.0,9140101,8,2.0,0,1.0,768,apss_4.0,OK,0.012875667000116664,True,True,0.5676351591017958,0.8121957134930673,1.7228710641936782,0.8411458333333334,0.9700520833333334,0.594472911606176,1.0,0.8633312285982034,0.5700941157979562,0.8048663082847125,,self-report; not geometry-derived layer count or success,0.5718321874070973,0.5784403012477921,0.5676351591017958,0.9518229166666666,7.804970893427531,0.19502910657246897,0.9756213616784414
development,s9140101_g8_n2.0_b0_r1.0,9140101,8,2.0,0,1.0,768,apss_8.0,OK,0.0197991169998204,True,True,0.608389094989517,1.0242819726413106,2.5826147287490193,0.8190104166666666,0.9114583333333334,0.6209323424945649,1.0,1.0647466164024166,0.6113631624279158,0.9646416008126373,,self-report; not geometry-derived layer count or success,0.6169241131787253,0.6380667378154667,0.608389094989517,0.9518229166666666,7.290329549043392,0.7096704509566081,0.911291193630424
development,s9140101_g8_n2.0_b0_r1.0,9140101,8,2.0,0,1.0,768,rimls_0.5,OK,0.005715922000035789,True,True,1.551579828529342,1.9507395224769775,3.8390972276663926,0.4166666666666667,0.8098958333333334,1.2625213150848784,1.0,1.9915093590798694,1.5715676886898204,1.9890271026498605,,self-report; not geometry-derived layer count or success,1.578798534594383,1.6062900675384637,1.551579828529342,0.9518229166666666,8.069880279898399,0.06988027989839907,1.0087350349872999
development,s9140101_g8_n2.0_b0_r1.0,9140101,8,2.0,0,1.0,768,rimls_1.0,OK,0.007276487000126508,True,True,1.4688097292249511,1.8706079646486875,3.7252770415791834,0.4244791666666667,0.7981770833333334,1.260636601606917,1.0,1.9198441820399441,1.4882892515951671,1.9090679329213252,,self-report; not geometry-derived layer count or success,1.4924718943305835,1.5083445745905812,1.4688097292249511,0.9518229166666666,8.06719778700923,0.06719778700922951,1.0083997233761537
development,s9140101_g8_n2.0_b0_r1.0,9140101,8,2.0,0,1.0,768,rimls_2.0,OK,0.012457473000040409,True,True,0.9270176260555035,1.2143852468957081,2.4019133494147877,0.6184895833333334,0.9192708333333334,0.9637316641157216,1.0,1.340226110144547,0.9327159665717849,1.2294378672731678,,self-report; not geometry-derived layer count or success,0.927616039981078,0.9536155985889232,0.9270176260555035,0.9518229166666666,8.005615815646912,0.005615815646912381,1.000701976955864
development,s9140101_g8_n2.0_b0_r1.0,9140101,8,2.0,0,1.0,768,rimls_4.0,OK,0.02489529199988283,True,True,0.6317707346682966,0.8502570761722644,1.719387304495492,0.7630208333333334,0.9674479166666666,0.7077183066446994,1.0,0.9464281077666993,0.6341498955120288,0.8498715185767012,,self-report; not geometry-derived layer count or success,0.6398283246322894,0.6611142174525635,0.6317707346682966,0.9518229166666666,8.006851945306664,0.00685194530666422,1.000856493163333
development,s9140101_g8_n2.0_b0_r1.0,9140101,8,2.0,0,1.0,768,rimls_8.0,OK,0.06342611499985651,True,True,0.6016319675444975,0.9095484484932309,2.1329106720774895,0.8229166666666666,0.9309895833333334,0.6585063449959687,1.0,1.0161316564647125,0.6040717243887034,0.9033854726034035,,self-report; not geometry-derived layer count or success,0.6152633099303797,0.6577404990873423,0.6016319675444975,0.9518229166666666,7.736116544467497,0.26388345553250314,0.9670145680584371
development,s9140101_g8_n2.0_b0_r0.25,9140101,8,2.0,0,0.25,403,identity,OK,0.0006420610000077431,True,True,1.5472232165835311,1.9361288485530155,3.76867145948639,0.41687344913151364,0.8138957816377171,1.2991577106542231,1.0,1.9561431218680807,1.5569608409626032,1.9532999543569813,,self-report; not geometry-derived layer count or success,1.5190954942230648,1.6127134987386118,1.5472232165835311,0.0,8.070148743859214,0.07014874385921388,1.0087685929824017
development,s9140101_g8_n2.0_b0_r0.25,9140101,8,2.0,0,0.25,403,bias_only,OK,0.0005051389998698141,True,True,1.5369935692197692,1.932415533125208,3.687138025755315,0.43424317617866004,0.8064516129032258,1.2837412648443005,1.0,1.9546937813228258,1.547815076552291,1.9521447406830266,,self-report; not geometry-derived layer count or success,1.5048463652485347,1.6110818907418711,1.5369935692197692,0.9057071960297767,8.043438522000564,0.04343852200056375,1.0054298152500705
development,s9140101_g8_n2.0_b0_r0.25,9140101,8,2.0,0,0.25,403,old_original,APPLY,0.0010184239999944111,True,True,0.7537230488571377,1.0459724388137333,2.162760831944324,0.7047146401985112,0.9553349875930521,0.8028667220092047,1.0,1.3710013033738748,0.8517176847646892,1.3028472708430425,,self-report; not geometry-derived layer count or success,0.8331879166400932,0.8790007789358737,0.7537230488571377,0.9057071960297767,7.07819589890347,0.9218041010965301,0.8847744873629337
development,s9140101_g8_n2.0_b0_r0.25,9140101,8,2.0,0,0.25,403,atlas_tied_256,OK,0.0013329629998679593,True,True,0.20620124927670289,0.4974984503830244,0.8834967294472046,0.9602977667493796,0.9900744416873449,0.18609921643144262,1.0,0.49754923065859025,0.20620124927670286,0.49527370803626697,,self-report; not geometry-derived layer count or success,0.17004626805325218,0.2594355774584709,0.20620124927670289,0.9057071960297767,7.899250455691144,0.10074954430885619,0.987406306961393
development,s9140101_g8_n2.0_b0_r0.25,9140101,8,2.0,0,0.25,403,atlas_relax_96,OK,0.009110011000075247,True,True,0.3560765926090802,0.5923451791215886,1.0991237187776093,0.9528535980148883,0.9875930521091811,0.34950157362615114,1.0,0.633693046513996,0.3620309278248728,0.6290065659022631,,self-report; not geometry-derived layer count or success,0.3385596168229918,0.39658991334911475,0.3560765926090802,0.9057071960297767,7.924310773084279,0.07568922691572144,0.9905388466355348
development,s9140101_g8_n2.0_b0_r0.25,9140101,8,2.0,0,0.25,403,spatial_12,OK,0.027287740000019767,True,True,0.21268911571463286,0.4970058712922115,0.8834967294472046,0.9602977667493796,0.9900744416873449,0.19805286280819587,1.0,0.4983294583439449,0.21268900919140032,0.493457348714288,,self-report; not geometry-derived layer count or success,0.1812845292041991,0.25892899769318556,0.21268911571463286,0.9057071960297767,7.875137250041391,0.12486274995860924,0.9843921562551738
development,s9140101_g8_n2.0_b0_r0.25,9140101,8,2.0,0,0.25,403,spatial_36,OK,0.07391533899999558,True,True,0.21263257653745374,0.4969946196918324,0.8834967294472046,0.9602977667493796,0.9900744416873449,0.19799998553844306,1.0,0.49831823339552567,0.2126324692867199,0.49344852996952154,,self-report; not geometry-derived layer count or success,0.18122535813733925,0.25887633369099655,0.21263257653745374,0.9057071960297767,7.875150266613924,0.12484973338607563,0.9843937833267405
development,s9140101_g8_n2.0_b0_r0.25,9140101,8,2.0,0,0.25,403,spatial_108,OK,0.21515075599995725,True,True,0.21263257653745374,0.4969946196918324,0.8834967294472046,0.9602977667493796,0.9900744416873449,0.19799998553844306,1.0,0.49831823339552567,0.2126324692867199,0.49344852996952154,,self-report; not geometry-derived layer count or success,0.18122535813733925,0.25887633369099655,0.21263257653745374,0.9057071960297767,7.875150266613924,0.12484973338607563,0.9843937833267405
development,s9140101_g8_n2.0_b0_r0.25,9140101,8,2.0,0,0.25,403,apss_0.5,OK,0.0033537609999712004,True,True,1.5265908113762974,1.9230381228289428,3.683780376629385,0.4392059553349876,0.7965260545905707,1.2881410283179497,1.0,1.9455128529184764,1.5374123187088191,1.94285625851518,,self-report; not geometry-derived layer count or success,1.4873188142605325,1.6111696258719401,1.5265908113762974,0.9057071960297767,8.04243206735526,0.04243206735526073,1.0053040084194076
development,s9140101_g8_n2.0_b0_r0.25,9140101,8,2.0,0,0.25,403,apss_1.0,OK,0.003776742999889393,True,True,1.3591384812335752,1.7427157753286926,3.5558199474160177,0.4466501240694789,0.8039702233250621,1.2282560270322116,1.0,1.7688231530994434,1.3698079359748212,1.762643717661488,,self-report; not geometry-derived layer count or success,1.3080303294755897,1.4607873798462414,1.3591384812335752,0.9057071960297767,8.061582418581542,0.06158241858154234,1.0076978023226928
development,s9140101_g8_n2.0_b0_r0.25,9140101,8,2.0,0,0.25,403,apss_2.0,OK,0.005130422000092949,True,True,0.8208268816844058,1.0368507643337797,2.015029490674039,0.6873449131513648,0.9578163771712159,0.8237931619833181,1.0,1.0511741909220462,0.8208098996086284,1.0341622910302162,,self-report; not geometry-derived layer count or success,0.7898711769939784,0.8664058333758324,0.8208268816844058,0.9057071960297767,7.946407758135601,0.053592241864398815,0.9933009697669501
development,s9140101_g8_n2.0_b0_r0.25,9140101,8,2.0,0,0.25,403,apss_4.0,OK,0.006888980999974592,True,True,0.6491704175569261,0.9427929026958617,2.1495173645560426,0.7915632754342432,0.9379652605459057,0.6653388125170827,1.0,0.9778391344002395,0.6491704175569261,0.908131022949614,,self-report; not geometry-derived layer count or success,0.6419184676643926,0.6598481351901042,0.6491704175569261,0.9057071960297767,7.448997057459443,0.5510029425405572,0.9311246321824304
development,s9140101_g8_n2.0_b0_r0.25,9140101,8,2.0,0,0.25,403,apss_8.0,OK,0.009889723000014783,True,True,0.7722783994764204,1.205239959971428,2.80760692357055,0.7369727047146402,0.858560794044665,0.7857916235929705,1.0,1.2340582055386666,0.7744304668457952,1.0510283401160625,,self-report; not geometry-derived layer count or success,0.7972739193978681,0.8537519033149564,0.7722783994764204,0.9057071960297767,6.777307677652133,1.222692322347867,0.8471634597065166
development,s9140101_g8_n2.0_b0_r0.25,9140101,8,2.0,0,0.25,403,rimls_0.5,OK,0.003953024999873378,True,True,1.526631831875854,1.923133904139682,3.683780376629385,0.4392059553349876,0.7965260545905707,1.2888005329056111,1.0,1.9458578079723101,1.5374533392083758,1.942944014254326,,self-report; not geometry-derived layer count or success,1.4876411981847646,1.610796368936392,1.526631831875854,0.9057071960297767,8.042085633598104,0.04208563359810391,1.005260704199763
development,s9140101_g8_n2.0_b0_r0.25,9140101,8,2.0,0,0.25,403,rimls_1.0,OK,0.004505231999928583,True,True,1.3907258003142853,1.7783398386507066,3.5903390760924134,0.43672456575682383,0.7990074441687345,1.2504035115954784,1.0,1.8129173173364324,1.4013871377762814,1.7993741201889262,,self-report; not geometry-derived layer count or success,1.3346213466948713,1.4997339558394513,1.3907258003142853,0.9057071960297767,8.044293675965315,0.044293675965315416,1.0055367094956644
development,s9140101_g8_n2.0_b0_r0.25,9140101,8,2.0,0,0.25,403,rimls_2.0,OK,0.0065212639999572275,True,True,0.879781183711044,1.1289659832714114,2.09041247536434,0.6228287841191067,0.9404466501240695,0.9088120597307319,1.0,1.1953334817551184,0.8785433209594221,1.1264159381866898,,self-report; not geometry-derived layer count or success,0.8341237437725912,0.947006862148029,0.879781183711044,0.9057071960297767,7.96525608733144,0.03474391266856003,0.99565701091643
development,s9140101_g8_n2.0_b0_r0.25,9140101,8,2.0,0,0.25,403,rimls_4.0,OK,0.012516414999936387,True,True,0.6603190625264468,0.9103281315227931,1.987493428503989,0.7667493796526055,0.9454094292803971,0.7273280760126555,1.0,0.9954431893116342,0.6601934221632468,0.901951502093012,,self-report; not geometry-derived layer count or success,0.6316707776358166,0.7025005862917919,0.6603190625264468,0.9057071960297767,7.736929474271966,0.26307052572803435,0.9671161842839957
development,s9140101_g8_n2.0_b0_r0.25,9140101,8,2.0,0,0.25,403,rimls_8.0,OK,0.029647903000068254,True,True,0.7013286897926461,1.060448038968875,2.4755207481289716,0.7667493796526055,0.890818858560794,0.7435415786046258,1.0,1.1276451596320367,0.7013201485738466,1.0053583939267672,,self-report; not geometry-derived layer count or success,0.7206042529214768,0.7682610132952113,0.7013286897926461,0.9057071960297767,7.35084224851836,0.6491577514816402,0.918855281064795
development,s9140101_g8_n2.0_b4_r1.0,9140101,8,2.0,4,1.0,768,identity,OK,0.0008257989998128323,True,True,3.3068477117024266,4.107897987205067,7.820224818006632,0.19140625,0.4856770833333333,2.1711699494841494,1.0,4.522007124634325,3.6939278028709026,4.5202288778900686,,self-report; not geometry-derived layer count or success,3.721541538333529,3.8265284137557916,3.3068477117024266,0.0,8.185166136255303,0.18516613625530276,1.0231457670319128
development,s9140101_g8_n2.0_b4_r1.0,9140101,8,2.0,4,1.0,768,bias_only,OK,0.0007324650000555266,True,True,1.5809110075345394,1.999044243870646,4.05903392170096,0.4166666666666667,0.7994791666666666,1.286962057399158,1.0,2.2354539689455635,1.689265608526859,2.2316598334061974,,self-report; not geometry-derived layer count or success,1.6749182974938357,1.7294664899362207,1.5809110075345394,0.9518229166666666,8.060982159572156,0.06098215957215558,1.0076227699465194
development,s9140101_g8_n2.0_b4_r1.0,9140101,8,2.0,4,1.0,768,old_original,APPLY,0.0014223739999579266,True,True,0.4449028521570509,1.010691094434314,2.5204374177215656,0.87890625,0.9440104166666666,0.4136088627013237,1.0,1.413009281847256,0.5496629210679537,1.3975006896964046,,self-report; not geometry-derived layer count or success,0.5160644907888511,0.6438050573945479,0.4449028521570509,0.9518229166666666,7.675928174463414,0.32407182553658576,0.9594910218079268
development,s9140101_g8_n2.0_b4_r1.0,9140101,8,2.0,4,1.0,768,atlas_tied_256,OK,0.001851412999940294,True,True,0.2097027913218005,0.6051608170710738,0.3103611762478147,0.9622395833333334,0.9908854166666666,0.20029132410120773,1.0,1.1452067262815053,0.31093083879048633,1.1317466854899796,,self-report; not geometry-derived layer count or success,0.27416334825586447,0.4139526191993771,0.2097027913218005,0.9518229166666666,7.860088289208786,0.139911710791214,0.9825110361510982
development,s9140101_g8_n2.0_b4_r1.0,9140101,8,2.0,4,1.0,768,atlas_relax_96,OK,0.015520151999908194,True,True,0.42728313828661096,0.8743228847171872,1.1413978501925761,0.93359375,0.98828125,0.39668030782220676,1.0,1.327731498987638,0.5339787955487613,1.3082217560127776,,self-report; not geometry-derived layer count or success,0.5164637810443043,0.5830555193582792,0.42728313828661096,0.9518229166666666,7.972599649794806,0.027400350205193824,0.9965749562243508
development,s9140101_g8_n2.0_b4_r1.0,9140101,8,2.0,4,1.0,768,spatial_12,OK,0.03770213799998601,True,True,0.2026101703291158,0.6029045260349448,0.22899414511663957,0.9622395833333334,0.9908854166666666,0.1971221822690036,1.0,1.1434479586353479,0.3037427124679564,1.1301024652596243,,self-report; not geometry-derived layer count or success,0.27555832602689107,0.3827148051691594,0.2026101703291158,0.9518229166666666,7.940006777734314,0.059993222265686263,0.9925008472167892
development,s9140101_g8_n2.0_b4_r1.0,9140101,8,2.0,4,1.0,768,spatial_36,OK,0.11096087900000384,True,True,0.20261471135600365,0.6029055345348578,0.22899268539635398,0.9622395833333334,0.9908854166666666,0.19712604845470727,1.0,1.1434485922195177,0.30374728264849077,1.130102216141311,,self-report; not geometry-derived layer count or success,0.2755627846340454,0.3827196879760952,0.20261471135600365,0.9518229166666666,7.940003537838914,0.05999646216108623,0.9925004422298642
development,s9140101_g8_n2.0_b4_r1.0,9140101,8,2.0,4,1.0,768,spatial_108,OK,0.31370902200001183,True,True,0.20261471135600226,0.6029055345348575,0.22899268539634904,0.9622395833333334,0.9908854166666666,0.19712604845470602,1.0,1.1434485922195177,0.3037472826484894,1.1301022161413106,,self-report; not geometry-derived layer count or success,0.27556278463404393,0.3827196879760942,0.20261471135600226,0.9518229166666666,7.940003537838908,0.05999646216109156,0.9925004422298636
development,s9140101_g8_n2.0_b4_r1.0,9140101,8,2.0,4,1.0,768,apss_0.5,OK,0.005596507000063866,True,True,1.5755041553548654,1.9946396246095144,4.05903392170096,0.4075520833333333,0.7955729166666666,1.2978146897316185,1.0,2.2315866654025345,1.6838587563471854,2.2277412530636815,,self-report; not geometry-derived layer count or success,1.6702214694733408,1.7220701641224123,1.5755041553548654,0.9518229166666666,8.059842247827829,0.0598422478278291,1.0074802809784786
development,s9140101_g8_n2.0_b4_r1.0,9140101,8,2.0,4,1.0,768,apss_1.0,OK,0.006658626999978878,True,True,1.4622318459521442,1.8870236464026693,3.891797062684488,0.4453125,0.7877604166666666,1.2699452906126523,1.0,2.1359720679355045,1.5699292883125882,2.1304010719781656,,self-report; not geometry-derived layer count or success,1.547985614290735,1.6314348448369818,1.4622318459521442,0.9518229166666666,8.038532398390801,0.03853239839080125,1.0048165497988502
development,s9140101_g8_n2.0_b4_r1.0,9140101,8,2.0,4,1.0,768,apss_2.0,OK,0.010054596999907517,True,True,0.8760575563381883,1.1899290375422131,2.2351232165416257,0.6705729166666666,0.9361979166666666,0.8739451028928883,1.0,1.523837511930694,0.9669451075397509,1.4960181644096797,,self-report; not geometry-derived layer count or success,0.9389500891248006,1.0455592052775171,0.8760575563381883,0.9518229166666666,7.955498502389783,0.04450149761021738,0.9944373127987228
development,s9140101_g8_n2.0_b4_r1.0,9140101,8,2.0,4,1.0,768,apss_4.0,OK,0.013280433000090852,True,True,0.5911986352771548,0.9123062409102399,1.6964681888911899,0.83203125,0.96484375,0.6170888575832211,1.0,1.3264788894705997,0.6820100160791739,1.284626606938444,,self-report; not geometry-derived layer count or success,0.6631429998559253,0.7348750219324354,0.5911986352771548,0.9518229166666666,7.79436279712963,0.20563720287036968,0.9742953496412038
development,s9140101_g8_n2.0_b4_r1.0,9140101,8,2.0,4,1.0,768,apss_8.0,OK,0.020463178999989395,True,True,0.6318463432818638,1.1049601799292748,2.7333341295193083,0.8111979166666666,0.9088541666666666,0.642933467265854,1.0,1.465061427858719,0.7230811380797885,1.3891999833058482,,self-report; not geometry-derived layer count or success,0.7084611180059789,0.7640461448212549,0.6318463432818638,0.9518229166666666,7.284411351781372,0.7155886482186284,0.9105514189726714
development,s9140101_g8_n2.0_b4_r1.0,9140101,8,2.0,4,1.0,768,rimls_0.5,OK,0.00558180299981359,True,True,1.5755907151865782,1.9948325424257272,4.05903392170096,0.41015625,0.7955729166666666,1.2972958404391026,1.0,2.2318672166993423,1.6839453161788978,2.2279033224641807,,self-report; not geometry-derived layer count or success,1.6702688292085184,1.7222665618483761,1.5755907151865782,0.9518229166666666,8.060848069799945,0.06084806979994539,1.0076060087249932
development,s9140101_g8_n2.0_b4_r1.0,9140101,8,2.0,4,1.0,768,rimls_1.0,OK,0.006637791000002835,True,True,1.4927841115732647,1.9170139822551717,3.8882831613621796,0.4140625,0.7864583333333334,1.2920019798744347,1.0,2.168639623679996,1.600560909132725,2.15701522539501,,self-report; not geometry-derived layer count or success,1.584022907035216,1.646931722632077,1.4927841115732647,0.9518229166666666,8.060375423598101,0.06037542359810111,1.0075469279497626
development,s9140101_g8_n2.0_b4_r1.0,9140101,8,2.0,4,1.0,768,rimls_2.0,OK,0.011009169000089969,True,True,0.9515889267791353,1.2840541241991197,2.4803172243842098,0.6080729166666666,0.9127604166666666,0.9896464226031635,1.0,1.6765453607961087,1.0456782893456862,1.586523552930098,,self-report; not geometry-derived layer count or success,1.0195687389045207,1.1255242156737018,0.9515889267791353,0.9518229166666666,7.993955887327856,0.0060441126721437755,0.999244485915982
development,s9140101_g8_n2.0_b4_r1.0,9140101,8,2.0,4,1.0,768,rimls_4.0,OK,0.015876388000151564,True,True,0.6563324707994006,0.9463943190196642,1.7005470254179966,0.7591145833333334,0.9622395833333334,0.731741574191456,1.0,1.3820898909192383,0.7470612838206039,1.3138520913029448,,self-report; not geometry-derived layer count or success,0.7323086746049106,0.7887117237797577,0.6563324707994006,0.9518229166666666,7.995273282673753,0.004726717326247076,0.9994091603342191
development,s9140101_g8_n2.0_b4_r1.0,9140101,8,2.0,4,1.0,768,rimls_8.0,OK,0.028169540999897436,True,True,0.6244950467826171,0.999773559918277,2.1575974330527057,0.8151041666666666,0.9296875,0.6781765005234135,1.0,1.4302915533507397,0.7152886519687492,1.3488334150881887,,self-report; not geometry-derived layer count or success,0.7068995313273034,0.7388623844244899,0.6244950467826171,0.9518229166666666,7.730213274732644,0.26978672526735625,0.9662766593415805
development,s9140101_g8_n2.0_b4_r0.25,9140101,8,2.0,4,0.25,403,identity,OK,0.0006033899999238201,True,True,3.563985280629118,4.356905788174147,8.002611498701405,0.1687344913151365,0.4317617866004963,2.510635558557783,1.0,4.560094054724813,3.750450913885636,4.555947013381179,,self-report; not geometry-derived layer count or success,3.698781611890487,3.8265284137557916,3.563985280629118,0.0,8.04579043411849,0.04579043411849071,1.0057238042648113
development,s9140101_g8_n2.0_b4_r0.25,9140101,8,2.0,4,0.25,403,bias_only,OK,0.0004972050001015305,True,True,1.7915723000609942,2.30551634146631,4.61014044425919,0.3746898263027295,0.7344913151364765,1.4509408158567383,1.0,2.374848348954139,1.8267236302270764,2.364081370473153,,self-report; not geometry-derived layer count or success,1.7243328091513337,1.9774831213815443,1.7915723000609942,0.8982630272952854,8.028930235437127,0.028930235437126584,1.0036162794296408
development,s9140101_g8_n2.0_b4_r0.25,9140101,8,2.0,4,0.25,403,old_original,APPLY,0.0009951810000075056,True,True,1.0183670016892181,1.6249871802971043,3.800501586581745,0.6650124069478908,0.9007444168734491,0.9572307212772594,1.0,1.9455037302754958,1.1557877163794874,1.8788602295267331,,self-report; not geometry-derived layer count or success,1.1004077237223098,1.2373292636544417,1.0183670016892181,0.8982630272952854,6.960671440774733,1.0393285592252672,0.8700839300968416
development,s9140101_g8_n2.0_b4_r0.25,9140101,8,2.0,4,0.25,403,atlas_tied_256,OK,0.001242271000137407,True,True,0.5450372292064081,1.3571201632881216,3.5810617862741374,0.913151364764268,0.9528535980148883,0.4000119890519313,1.0,1.442101806782704,0.5693583896564748,1.434783113767752,,self-report; not geometry-derived layer count or success,0.4753718638003426,0.7077434584016999,0.5450372292064081,0.8982630272952854,7.856169258398893,0.1438307416011071,0.9820211572998616
development,s9140101_g8_n2.0_b4_r0.25,9140101,8,2.0,4,0.25,403,atlas_relax_96,OK,0.009050552999951833,True,True,0.6408698317214592,1.3946082226701535,3.5810617862741374,0.9032258064516129,0.9503722084367245,0.5076376457914498,1.0,1.494818727412748,0.6713276380441282,1.4854862874296957,,self-report; not geometry-derived layer count or success,0.5851465483027867,0.7982200401172693,0.6408698317214592,0.8982630272952854,7.86546473322066,0.13453526677933958,0.9831830916525826
development,s9140101_g8_n2.0_b4_r0.25,9140101,8,2.0,4,0.25,403,spatial_12,OK,0.026878398999997444,True,True,0.5535940136052963,1.3576805525687266,3.5810617862741374,0.913151364764268,0.9528535980148883,0.41073979455169424,1.0,1.4430735935068553,0.5779129491612701,1.4341508552144915,,self-report; not geometry-derived layer count or success,0.4884813382712995,0.709596895455211,0.5535940136052963,0.8982630272952854,7.833664655499997,0.16633534450000287,0.9792080819374996
development,s9140101_g8_n2.0_b4_r0.25,9140101,8,2.0,4,0.25,403,spatial_36,OK,0.0736609690000023,True,True,0.5535350635468362,1.3576719477834707,3.5810617862741374,0.913151364764268,0.9528535980148883,0.4106844715543928,1.0,1.4430654883925043,0.57785399518194,1.4341480577186099,,self-report; not geometry-derived layer count or success,0.4884168110194449,0.7095461572152462,0.5535350635468362,0.8982630272952854,7.833692246691365,0.1663077533086348,0.9792115308364207
development,s9140101_g8_n2.0_b4_r0.25,9140101,8,2.0,4,0.25,403,spatial_108,OK,0.21137338199991973,True,True,0.553535063546835,1.3576719477834707,3.5810617862741374,0.913151364764268,0.9528535980148883,0.4106844715543916,1.0,1.443065488392504,0.5778539951819388,1.4341480577186096,,self-report; not geometry-derived layer count or success,0.48841681101944534,0.7095461572152424,0.553535063546835,0.8982630272952854,7.833692246691357,0.16630775330864278,0.9792115308364197
development,s9140101_g8_n2.0_b4_r0.25,9140101,8,2.0,4,0.25,403,apss_0.5,OK,0.003539093999961551,True,True,1.7807101087044706,2.2969686456880423,4.61014044425919,0.3746898263027295,0.7196029776674938,1.4561935942465196,1.0,2.3666458082731743,1.8158614388705525,2.355739572204711,,self-report; not geometry-derived layer count or success,1.7062306137452778,1.9772810586869087,1.7807101087044706,0.8982630272952854,8.02695933138924,0.026959331389239338,1.003369916423655
development,s9140101_g8_n2.0_b4_r0.25,9140101,8,2.0,4,0.25,403,apss_1.0,OK,0.003906646999894292,True,True,1.6123110903514495,2.1459843728486483,4.547390048647189,0.4094292803970223,0.7369727047146402,1.38625077689773,1.0,2.2213997161866508,1.6473486533075417,2.206638513785573,,self-report; not geometry-derived layer count or success,1.52591397818588,1.8261686435175732,1.6123110903514495,0.8982630272952854,8.041521545084258,0.041521545084258094,1.0051901931355323
development,s9140101_g8_n2.0_b4_r0.25,9140101,8,2.0,4,0.25,403,apss_2.0,OK,0.005402795999998489,True,True,1.0875209730883513,1.6349553364821556,3.683828519815057,0.630272952853598,0.913151364764268,0.9555595787450619,1.0,1.7144501540081474,1.1118268800185376,1.6961605342715247,,self-report; not geometry-derived layer count or success,1.0208573277165767,1.2458074918037059,1.0875209730883513,0.8982630272952854,7.898325645548232,0.10167435445176842,0.987290705693529
development,s9140101_g8_n2.0_b4_r0.25,9140101,8,2.0,4,0.25,403,apss_4.0,OK,0.008306946999937281,True,True,0.9212574173975793,1.5724801081442672,3.683828519815057,0.7468982630272953,0.9032258064516129,0.8065964447869459,1.0,1.6665346144056203,0.945578577847646,1.6206569333416099,,self-report; not geometry-derived layer count or success,0.8867393451487832,1.0322130309011863,0.9212574173975793,0.8982630272952854,7.404897715660337,0.5951022843396627,0.9256122144575422
development,s9140101_g8_n2.0_b4_r0.25,9140101,8,2.0,4,0.25,403,apss_8.0,OK,0.014231928000072003,True,True,1.0162829051703568,1.730488725199174,3.869747439817928,0.7022332506203474,0.8337468982630273,0.9026911324821034,1.0,1.8208193071644756,1.0442129887997633,1.7041433308952985,,self-report; not geometry-derived layer count or success,1.0188158431367953,1.081607559101066,1.0162829051703568,0.8982630272952854,6.735753299505722,1.2642467004942777,0.8419691624382153
development,s9140101_g8_n2.0_b4_r0.25,9140101,8,2.0,4,0.25,403,rimls_0.5,OK,0.003325880000147663,True,True,1.781230183125547,2.2970705470096,4.61014044425919,0.3771712158808933,0.71712158808933,1.4570774792433918,1.0,2.3669291781730393,1.8163815132916294,2.3558252716339654,,self-report; not geometry-derived layer count or success,1.707201650048014,1.977137140153395,1.781230183125547,0.8982630272952854,8.026700868344141,0.026700868344141426,1.0033376085430177
development,s9140101_g8_n2.0_b4_r0.25,9140101,8,2.0,4,0.25,403,rimls_1.0,OK,0.003744022000091718,True,True,1.6460509957521512,2.1771011891478276,4.588149315975766,0.3970223325062035,0.7369727047146402,1.4111652372739576,1.0,2.2592115861290183,1.6810812308265455,2.2389794318814937,,self-report; not geometry-derived layer count or success,1.5541236036051012,1.8680531532991909,1.6460509957521512,0.8982630272952854,8.027975938080507,0.027975938080507134,1.0034969922600634
development,s9140101_g8_n2.0_b4_r0.25,9140101,8,2.0,4,0.25,403,rimls_2.0,OK,0.005316384000025209,True,True,1.1441321165706657,1.6930965627912982,3.800501586581745,0.5707196029776674,0.9007444168734491,1.036883388251975,1.0,1.8037196003305018,1.1668036346703692,1.7524079307043203,,self-report; not geometry-derived layer count or success,1.0638084441565505,1.3225315585385464,1.1441321165706657,0.8982630272952854,7.924569332500013,0.07543066749998673,0.9905711665625017
development,s9140101_g8_n2.0_b4_r0.25,9140101,8,2.0,4,0.25,403,rimls_4.0,OK,0.007376582000006238,True,True,0.9341553833870876,1.553894283330762,3.5810617862741374,0.71712158808933,0.9106699751861043,0.8649641418179912,1.0,1.6767499666032724,0.9583840798948412,1.6183054832405555,,self-report; not geometry-derived layer count or success,0.8753345090825468,1.0808942637212393,0.9341553833870876,0.8982630272952854,7.693143684686349,0.30685631531365143,0.9616429605857936
development,s9140101_g8_n2.0_b4_r0.25,9140101,8,2.0,4,0.25,403,rimls_8.0,OK,0.01182478199984871,True,True,0.960515248225986,1.6392804866508948,3.737228016102224,0.71712158808933,0.8511166253101737,0.8716409269278004,1.0,1.7526098021884595,0.9848339191781219,1.6769394566277611,,self-report; not geometry-derived layer count or success,0.9457429425726342,1.0423973403620672,0.960515248225986,0.8982630272952854,7.296877104047262,0.7031228959527382,0.9121096380059077
development,s9140111_g0_n0.5_b0_r1.0,9140111,0,0.5,0,1.0,768,identity,OK,0.0008337369999935618,True,True,0.3822967282283432,0.4816396264149848,0.964230655338474,0.96484375,1.0,0.37265913954940805,1.0,0.4816396264149848,0.3822967282283432,0.4811248736403776,,self-report; not geometry-derived layer count or success,0.3822967282283432,0.3822967282283432,0.3822967282283432,0.0,,,
development,s9140111_g0_n0.5_b0_r1.0,9140111,0,0.5,0,1.0,768,bias_only,OK,0.0006933679999292508,True,True,0.38135312102837354,0.48066014860800976,0.959929309115362,0.9635416666666666,1.0,0.3718311807197036,1.0,0.48066015025692194,0.38135312102837354,0.48014434575674975,,self-report; not geometry-derived layer count or success,0.38135312102837354,0.38135312102837354,0.38135312102837354,1.0,,,
development,s9140111_g0_n0.5_b0_r1.0,9140111,0,0.5,0,1.0,768,old_original,APPLY,0.0012522280001121544,True,True,0.048508503779267444,0.07059850657978685,0.18089957924127462,1.0,1.0,0.04852522449033462,1.0,0.07060107541387331,0.048508503779267444,0.06699674196257123,,self-report; not geometry-derived layer count or success,0.048508503779267444,0.048508503779267444,0.048508503779267444,1.0,,,
development,s9140111_g0_n0.5_b0_r1.0,9140111,0,0.5,0,1.0,768,atlas_tied_256,OK,0.0017001809999328543,True,True,0.03046561605654602,0.03635451558672298,0.05781043090605034,1.0,1.0,0.03046819975868427,1.0,0.03635509592950445,0.03046561605654602,0.020237073060413422,,self-report; not geometry-derived layer count or success,0.03046561605654602,0.03046561605654602,0.03046561605654602,1.0,,,
development,s9140111_g0_n0.5_b0_r1.0,9140111,0,0.5,0,1.0,768,atlas_relax_96,OK,0.012168708999979572,True,True,0.06688171882528764,0.07946948662493228,0.1442556090705363,1.0,1.0,0.06705216705638052,1.0,0.07952964009883252,0.06688171882528764,0.07697757387740145,,self-report; not geometry-derived layer count or success,0.06688171882528764,0.06688171882528764,0.06688171882528764,1.0,,,
development,s9140111_g0_n0.5_b0_r1.0,9140111,0,0.5,0,1.0,768,spatial_12,OK,0.03782055100009529,True,True,0.022372742049775105,0.025088306472690378,0.04092991351765632,1.0,1.0,0.02239086909229175,1.0,0.025095680458115676,0.022372742049775105,0.01156881255664478,,self-report; not geometry-derived layer count or success,0.022372742049775105,0.022372742049775105,0.022372742049775105,1.0,,,
development,s9140111_g0_n0.5_b0_r1.0,9140111,0,0.5,0,1.0,768,spatial_36,OK,0.10333108800000446,True,True,0.022372742049775105,0.025088306472690378,0.04092991351765632,1.0,1.0,0.02239086909229175,1.0,0.025095680458115676,0.022372742049775105,0.01156881255664478,,self-report; not geometry-derived layer count or success,0.022372742049775105,0.022372742049775105,0.022372742049775105,1.0,,,
development,s9140111_g0_n0.5_b0_r1.0,9140111,0,0.5,0,1.0,768,spatial_108,OK,0.30039793099990675,True,True,0.022372742049775105,0.025088306472690378,0.04092991351765632,1.0,1.0,0.02239086909229175,1.0,0.025095680458115676,0.022372742049775105,0.01156881255664478,,self-report; not geometry-derived layer count or success,0.022372742049775105,0.022372742049775105,0.022372742049775105,1.0,,,
development,s9140111_g0_n0.5_b0_r1.0,9140111,0,0.5,0,1.0,768,apss_0.5,OK,0.005805329000168058,True,True,0.3629084290866258,0.45844214120573884,0.905468649767124,0.9661458333333334,1.0,0.3606814148278787,1.0,0.45844904569511985,0.3629084290866258,0.45787691004074926,,self-report; not geometry-derived layer count or success,0.3629084290866258,0.3629084290866258,0.3629084290866258,1.0,,,
development,s9140111_g0_n0.5_b0_r1.0,9140111,0,0.5,0,1.0,768,apss_1.0,OK,0.00671599000020251,True,True,0.27826782065177413,0.35942452659033736,0.7304302839269382,0.9908854166666666,1.0,0.27840763388947337,1.0,0.3594639811858372,0.27826782065177413,0.3588317356995539,,self-report; not geometry-derived layer count or success,0.27826782065177413,0.27826782065177413,0.27826782065177413,1.0,,,
development,s9140111_g0_n0.5_b0_r1.0,9140111,0,0.5,0,1.0,768,apss_2.0,OK,0.009260450000056153,True,True,0.16160571428352735,0.20089110951659395,0.3912778934611935,1.0,1.0,0.16202271940094337,1.0,0.20102250289522997,0.16160571428352735,0.19905560127032326,,self-report; not geometry-derived layer count or success,0.16160571428352735,0.16160571428352735,0.16160571428352735,1.0,,,
development,s9140111_g0_n0.5_b0_r1.0,9140111,0,0.5,0,1.0,768,apss_4.0,OK,0.012907478999977684,True,True,0.10321669363609427,0.12972105944828166,0.2656339968583737,1.0,1.0,0.103661971929647,1.0,0.1298753286461672,0.10321669363609427,0.12737300270325225,,self-report; not geometry-derived layer count or success,0.10321669363609427,0.10321669363609427,0.10321669363609427,1.0,,,
development,s9140111_g0_n0.5_b0_r1.0,9140111,0,0.5,0,1.0,768,apss_8.0,OK,0.023008306000065204,True,True,0.07717563421133045,0.09587101380586159,0.18912762130982225,1.0,1.0,0.07742059635232625,1.0,0.0959778304823078,0.07717563421133045,0.09225007376436624,,self-report; not geometry-derived layer count or success,0.07717563421133045,0.07717563421133045,0.07717563421133045,1.0,,,
development,s9140111_g0_n0.5_b0_r1.0,9140111,0,0.5,0,1.0,768,rimls_0.5,OK,0.005924961999880907,True,True,0.36358267233083036,0.45947731832910305,0.9120192835379447,0.9661458333333334,1.0,0.36224837098306817,1.0,0.4602086620173021,0.36358267233083036,0.45891181490520383,,self-report; not geometry-derived layer count or success,0.36358267233083036,0.36358267233083036,0.36358267233083036,1.0,,,
development,s9140111_g0_n0.5_b0_r1.0,9140111,0,0.5,0,1.0,768,rimls_1.0,OK,0.007322938000015711,True,True,0.27980629236542703,0.3616853500824499,0.7313702848221011,0.9869791666666666,1.0,0.2845459980020241,1.0,0.36413756641425943,0.27980629236542703,0.3610906559920692,,self-report; not geometry-derived layer count or success,0.27980629236542703,0.27980629236542703,0.27980629236542703,1.0,,,
development,s9140111_g0_n0.5_b0_r1.0,9140111,0,0.5,0,1.0,768,rimls_2.0,OK,0.011880740999913542,True,True,0.16491387998521265,0.20503127072124516,0.39581589073593365,1.0,1.0,0.16805825957653484,1.0,0.20656890093117752,0.16491387998521265,0.20325196862653536,,self-report; not geometry-derived layer count or success,0.16491387998521265,0.16491387998521265,0.16491387998521265,1.0,,,
development,s9140111_g0_n0.5_b0_r1.0,9140111,0,0.5,0,1.0,768,rimls_4.0,OK,0.021524229000078776,True,True,0.11636296660380196,0.145773650972002,0.3003103195971293,1.0,1.0,0.11774232698690691,1.0,0.14632601115950478,0.11636296660380196,0.14353683389875826,,self-report; not geometry-derived layer count or success,0.11636296660380196,0.11636296660380196,0.11636296660380196,1.0,,,
development,s9140111_g0_n0.5_b0_r1.0,9140111,0,0.5,0,1.0,768,rimls_8.0,OK,0.05405707599993548,True,True,0.09549411873610236,0.11939836009087826,0.23604595476423654,1.0,1.0,0.09599023415477641,1.0,0.11957664662719256,0.09549411873610236,0.11471841626138858,,self-report; not geometry-derived layer count or success,0.09549411873610236,0.09549411873610236,0.09549411873610236,1.0,,,
development,s9140111_g0_n0.5_b0_r0.25,9140111,0,0.5,0,0.25,201,identity,OK,0.0005133409999871219,True,True,0.3871939406198766,0.48176855636187094,0.9576359251208525,0.9651741293532339,1.0,0.38325477283428183,1.0,0.48176855636187094,0.3871939406198766,0.4817185544401634,,self-report; not geometry-derived layer count or success,0.3871939406198766,0.3871939406198766,0.3871939406198766,0.0,,,
development,s9140111_g0_n0.5_b0_r0.25,9140111,0,0.5,0,0.25,201,bias_only,OK,0.00037115199984327774,True,True,0.3789620499764735,0.47399927805782593,0.9307795986146892,0.9601990049751243,1.0,0.374696930941303,1.0,0.47399933057559634,0.3789620499764735,0.4739484564720721,,self-report; not geometry-derived layer count or success,0.3789620499764735,0.3789620499764735,0.3789620499764735,1.0,,,
development,s9140111_g0_n0.5_b0_r0.25,9140111,0,0.5,0,0.25,201,old_original,APPLY,0.0007300259999283298,True,True,0.025442951068936542,0.02937020297011077,0.05092234587582604,1.0,1.0,0.025509811987133143,1.0,0.029395039857889223,0.025442951068936542,0.028538265809697646,,self-report; not geometry-derived layer count or success,0.025442951068936542,0.025442951068936542,0.025442951068936542,1.0,,,
development,s9140111_g0_n0.5_b0_r0.25,9140111,0,0.5,0,0.25,201,atlas_tied_256,OK,0.0007691329999488516,True,True,0.0254348371063476,0.0293608174068456,0.05091140882281431,1.0,1.0,0.025444797916287006,1.0,0.029364175602085648,0.0254348371063476,0.02852860655057625,,self-report; not geometry-derived layer count or success,0.0254348371063476,0.0254348371063476,0.0254348371063476,1.0,,,
development,s9140111_g0_n0.5_b0_r0.25,9140111,0,0.5,0,0.25,201,atlas_relax_96,OK,0.0041153800000302,True,True,0.050079547482840575,0.05788250066789457,0.10475464054118028,1.0,1.0,0.05013797354550359,1.0,0.05790042607138135,0.050079547482840575,0.05513106895795721,,self-report; not geometry-derived layer count or success,0.050079547482840575,0.050079547482840575,0.050079547482840575,1.0,,,
development,s9140111_g0_n0.5_b0_r0.25,9140111,0,0.5,0,0.25,201,spatial_12,OK,0.021674501000006785,True,True,0.025442951068936542,0.02937020297011077,0.05092234587582604,1.0,1.0,0.025509811987133143,1.0,0.029395039857889223,0.025442951068936542,0.02853826580969765,,self-report; not geometry-derived layer count or success,0.025442951068936542,0.025442951068936542,0.025442951068936542,1.0,,,
development,s9140111_g0_n0.5_b0_r0.25,9140111,0,0.5,0,0.25,201,spatial_36,OK,0.058195198000021264,True,True,0.025442951068936542,0.02937020297011077,0.05092234587582604,1.0,1.0,0.025509811987133143,1.0,0.029395039857889223,0.025442951068936542,0.02853826580969765,,self-report; not geometry-derived layer count or success,0.025442951068936542,0.025442951068936542,0.025442951068936542,1.0,,,
development,s9140111_g0_n0.5_b0_r0.25,9140111,0,0.5,0,0.25,201,spatial_108,OK,0.16719311299993933,True,True,0.025442951068936542,0.02937020297011077,0.05092234587582604,1.0,1.0,0.025509811987133143,1.0,0.029395039857889223,0.025442951068936542,0.02853826580969765,,self-report; not geometry-derived layer count or success,0.025442951068936542,0.025442951068936542,0.025442951068936542,1.0,,,
development,s9140111_g0_n0.5_b0_r0.25,9140111,0,0.5,0,0.25,201,apss_0.5,OK,0.002109840000002805,True,True,0.34666329933245105,0.43388373465022784,0.7898773924665636,0.9701492537313433,1.0,0.3466046380864944,1.0,0.43388604214446996,0.34666329933245105,0.4338449804165205,,self-report; not geometry-derived layer count or success,0.34666329933245105,0.34666329933245105,0.34666329933245105,1.0,,,
development,s9140111_g0_n0.5_b0_r0.25,9140111,0,0.5,0,0.25,201,apss_1.0,OK,0.0020553029999064165,True,True,0.27537418736156494,0.3386606248995017,0.6284423665165866,1.0,1.0,0.27545018874158356,1.0,0.3386722082126575,0.27537418736156494,0.3386405355319682,,self-report; not geometry-derived layer count or success,0.27537418736156494,0.27537418736156494,0.27537418736156494,1.0,,,
development,s9140111_g0_n0.5_b0_r0.25,9140111,0,0.5,0,0.25,201,apss_2.0,OK,0.002579325999931825,True,True,0.16663030141975924,0.19801002214333688,0.36752424457659233,1.0,1.0,0.16672470989910138,1.0,0.19804347423437,0.16663030141975924,0.19736187580593428,,self-report; not geometry-derived layer count or success,0.16663030141975924,0.16663030141975924,0.16663030141975924,1.0,,,
development,s9140111_g0_n0.5_b0_r0.25,9140111,0,0.5,0,0.25,201,apss_4.0,OK,0.002714643999979671,True,True,0.09033141625551092,0.10998868105118512,0.20420728062895593,1.0,1.0,0.09046856200706006,1.0,0.1100328797650244,0.09033141625551092,0.10958383076148343,,self-report; not geometry-derived layer count or success,0.09033141625551092,0.09033141625551092,0.09033141625551092,1.0,,,
development,s9140111_g0_n0.5_b0_r0.25,9140111,0,0.5,0,0.25,201,apss_8.0,OK,0.0029342559998895013,True,True,0.057941855611829844,0.06907923933572829,0.12468245495624955,1.0,1.0,0.058049276232398715,1.0,0.06911117315429158,0.057941855611829844,0.06897976706152119,,self-report; not geometry-derived layer count or success,0.057941855611829844,0.057941855611829844,0.057941855611829844,1.0,,,
development,s9140111_g0_n0.5_b0_r0.25,9140111,0,0.5,0,0.25,201,rimls_0.5,OK,0.002171808999946734,True,True,0.3432044233913289,0.4312283139320844,0.7898773924665636,0.9701492537313433,1.0,0.3446016720681304,1.0,0.43192035979459825,0.3432044233913289,0.4311709972947948,,self-report; not geometry-derived layer count or success,0.3432044233913289,0.3432044233913289,0.3432044233913289,1.0,,,
development,s9140111_g0_n0.5_b0_r0.25,9140111,0,0.5,0,0.25,201,rimls_1.0,OK,0.0025180689999615424,True,True,0.27383588088215066,0.33625167250709,0.6283825942183974,1.0,1.0,0.27530623733371484,1.0,0.3369621750573865,0.27383588088215066,0.336233709430199,,self-report; not geometry-derived layer count or success,0.27383588088215066,0.27383588088215066,0.27383588088215066,1.0,,,
development,s9140111_g0_n0.5_b0_r0.25,9140111,0,0.5,0,0.25,201,rimls_2.0,OK,0.003575576999992336,True,True,0.16867389601117946,0.20026179102411235,0.3614205213756224,1.0,1.0,0.16963455557122606,1.0,0.2006498968452376,0.16867389601117946,0.19973128489921774,,self-report; not geometry-derived layer count or success,0.16867389601117946,0.16867389601117946,0.16867389601117946,1.0,,,
development,s9140111_g0_n0.5_b0_r0.25,9140111,0,0.5,0,0.25,201,rimls_4.0,OK,0.005723296000041955,True,True,0.1040495918658109,0.1264228803661541,0.23056594106891526,1.0,1.0,0.10445894421776872,1.0,0.12656978169220354,0.1040495918658109,0.126240818154537,,self-report; not geometry-derived layer count or success,0.1040495918658109,0.1040495918658109,0.1040495918658109,1.0,,,
development,s9140111_g0_n0.5_b0_r0.25,9140111,0,0.5,0,0.25,201,rimls_8.0,OK,0.01092021499994189,True,True,0.0785081040973266,0.09381809586670964,0.17318691851187826,1.0,1.0,0.07868136456943342,1.0,0.09387213528505166,0.0785081040973266,0.09344887751484593,,self-report; not geometry-derived layer count or success,0.0785081040973266,0.0785081040973266,0.0785081040973266,1.0,,,
development,s9140111_g0_n0.5_b4_r1.0,9140111,0,0.5,4,1.0,768,identity,OK,0.0008141969999542198,True,True,3.4605534033358567,4.0369293070175525,8.179311523669737,0.12369791666666667,0.23828125,2.539599020294513,1.0,4.0369293070175525,3.4605534033358567,4.036867925032911,,self-report; not geometry-derived layer count or success,3.4605534033358567,3.4605534033358567,3.4605534033358567,0.0,,,
development,s9140111_g0_n0.5_b4_r1.0,9140111,0,0.5,4,1.0,768,bias_only,OK,0.0006999380000252131,True,True,0.3813523379290527,0.48066229450048475,0.9602679437480273,0.9635416666666666,1.0,0.37194453809573996,1.0,0.48068904884507196,0.3813523379290527,0.4801464939544742,,self-report; not geometry-derived layer count or success,0.3813523379290527,0.3813523379290527,0.3813523379290527,1.0,,,
development,s9140111_g0_n0.5_b4_r1.0,9140111,0,0.5,4,1.0,768,old_original,APPLY,0.00128056799985643,True,True,0.0484730686473226,0.07055420719305391,0.18084157646560453,1.0,1.0,0.04909748060772559,1.0,0.07073839227427067,0.0484730686473226,0.06695005940955935,,self-report; not geometry-derived layer count or success,0.0484730686473226,0.0484730686473226,0.0484730686473226,1.0,,,
development,s9140111_g0_n0.5_b4_r1.0,9140111,0,0.5,4,1.0,768,atlas_tied_256,OK,0.0017115719999765133,True,True,0.030355633589317543,0.036300012439884365,0.057783801500654326,1.0,1.0,0.03110525769590337,1.0,0.036653284289484174,0.030355633589317543,0.020294171006107635,,self-report; not geometry-derived layer count or success,0.030355633589317543,0.030355633589317543,0.030355633589317543,1.0,,,
development,s9140111_g0_n0.5_b4_r1.0,9140111,0,0.5,4,1.0,768,atlas_relax_96,OK,0.011972921000051429,True,True,0.06671354416731136,0.07928313297060906,0.14424349426460745,1.0,1.0,0.06723364094676058,1.0,0.07949091013311989,0.06671354416731136,0.07670643712700452,,self-report; not geometry-derived layer count or success,0.06671354416731136,0.06671354416731136,0.06671354416731136,1.0,,,
development,s9140111_g0_n0.5_b4_r1.0,9140111,0,0.5,4,1.0,768,spatial_12,OK,0.037972905000060564,True,True,0.022371955009096178,0.02508781137131042,0.040920262759729126,1.0,1.0,0.023192629953920768,1.0,0.025602023400384966,0.022371955009096178,0.011567738832874624,,self-report; not geometry-derived layer count or success,0.022371955009096178,0.022371955009096178,0.022371955009096178,1.0,,,
development,s9140111_g0_n0.5_b4_r1.0,9140111,0,0.5,4,1.0,768,spatial_36,OK,0.10421449399996163,True,True,0.022371955009096178,0.02508781137131042,0.040920262759729126,1.0,1.0,0.023192629953920768,1.0,0.025602023400384966,0.022371955009096178,0.011567738832874624,,self-report; not geometry-derived layer count or success,0.022371955009096178,0.022371955009096178,0.022371955009096178,1.0,,,
development,s9140111_g0_n0.5_b4_r1.0,9140111,0,0.5,4,1.0,768,spatial_108,OK,0.30769555200004106,True,True,0.022371955009096178,0.02508781137131042,0.040920262759729126,1.0,1.0,0.023192629953920768,1.0,0.025602023400384966,0.022371955009096178,0.011567738832874624,,self-report; not geometry-derived layer count or success,0.022371955009096178,0.022371955009096178,0.022371955009096178,1.0,,,
development,s9140111_g0_n0.5_b4_r1.0,9140111,0,0.5,4,1.0,768,apss_0.5,OK,0.0052358329999151465,True,True,0.3653552785270661,0.46280419182676585,0.9211321229764341,0.9674479166666666,1.0,0.36037878412572244,1.0,0.4628349352239578,0.3653552785270661,0.46227390415333797,,self-report; not geometry-derived layer count or success,0.3653552785270661,0.3653552785270661,0.3653552785270661,1.0,,,
development,s9140111_g0_n0.5_b4_r1.0,9140111,0,0.5,4,1.0,768,apss_1.0,OK,0.005652852000139319,True,True,0.2861488289896687,0.3696322176859095,0.7422157892252397,0.9869791666666666,1.0,0.2858710725524434,1.0,0.36969261195117653,0.2861488289896687,0.3690277353628995,,self-report; not geometry-derived layer count or success,0.2861488289896687,0.2861488289896687,0.2861488289896687,1.0,,,
development,s9140111_g0_n0.5_b4_r1.0,9140111,0,0.5,4,1.0,768,apss_2.0,OK,0.007485751000103846,True,True,0.16492402560963518,0.20548217752318146,0.4009427132308545,1.0,1.0,0.16546172758243446,1.0,0.2056590143308155,0.16492402560963518,0.20370409777807258,,self-report; not geometry-derived layer count or success,0.16492402560963518,0.16492402560963518,0.16492402560963518,1.0,,,
development,s9140111_g0_n0.5_b4_r1.0,9140111,0,0.5,4,1.0,768,apss_4.0,OK,0.008849303000033615,True,True,0.10367738460038385,0.1301698408845367,0.26526373793427493,1.0,1.0,0.10440965138825746,1.0,0.13041017041594377,0.10367738460038385,0.127830207973163,,self-report; not geometry-derived layer count or success,0.10367738460038385,0.10367738460038385,0.10367738460038385,1.0,,,
development,s9140111_g0_n0.5_b4_r1.0,9140111,0,0.5,4,1.0,768,apss_8.0,OK,0.010485328999948251,True,True,0.07723196364601988,0.09595061081882268,0.1891147623299417,1.0,1.0,0.0778846041656933,1.0,0.09617795805471588,0.07723196364601988,0.09232813489629478,,self-report; not geometry-derived layer count or success,0.07723196364601988,0.07723196364601988,0.07723196364601988,1.0,,,
development,s9140111_g0_n0.5_b4_r1.0,9140111,0,0.5,4,1.0,768,rimls_0.5,OK,0.005847654000035618,True,True,0.36361379115709,0.4595240948330554,0.9119645949044195,0.9661458333333334,1.0,0.3624111535722467,1.0,0.4603177109989987,0.36361379115709,0.45895825623398406,,self-report; not geometry-derived layer count or success,0.36361379115709,0.36361379115709,0.36361379115709,1.0,,,
development,s9140111_g0_n0.5_b4_r1.0,9140111,0,0.5,4,1.0,768,rimls_1.0,OK,0.007303974000024027,True,True,0.27979136837496693,0.36169638552892586,0.7317035224756459,0.9869791666666666,1.0,0.28475164149917526,1.0,0.36421826366904403,0.27979136837496693,0.36110226647255833,,self-report; not geometry-derived layer count or success,0.27979136837496693,0.27979136837496693,0.27979136837496693,1.0,,,
development,s9140111_g0_n0.5_b4_r1.0,9140111,0,0.5,4,1.0,768,rimls_2.0,OK,0.01171622199990452,True,True,0.16492282283079754,0.20502464399213957,0.3944710158528672,1.0,1.0,0.1682299008277661,1.0,0.206627615959731,0.16492282283079754,0.20324315347048175,,self-report; not geometry-derived layer count or success,0.16492282283079754,0.16492282283079754,0.16492282283079754,1.0,,,
development,s9140111_g0_n0.5_b4_r1.0,9140111,0,0.5,4,1.0,768,rimls_4.0,OK,0.02142996500015215,True,True,0.11633349564486621,0.14574429723340285,0.3009718278738515,1.0,1.0,0.1179229293444007,1.0,0.14637405730586536,0.11633349564486621,0.14349918781789794,,self-report; not geometry-derived layer count or success,0.11633349564486621,0.11633349564486621,0.11633349564486621,1.0,,,
development,s9140111_g0_n0.5_b4_r1.0,9140111,0,0.5,4,1.0,768,rimls_8.0,OK,0.05337550700005522,True,True,0.09557309216797161,0.11944915706761075,0.23597300116312225,1.0,1.0,0.09637904480618224,1.0,0.11972106509617585,0.09557309216797161,0.11475309305227058,,self-report; not geometry-derived layer count or success,0.09557309216797161,0.09557309216797161,0.09557309216797161,1.0,,,
development,s9140111_g0_n0.5_b4_r0.25,9140111,0,0.5,4,0.25,201,identity,OK,0.0005082360000869812,True,True,3.379363335631801,3.9584718243770403,8.169963225160291,0.12935323383084577,0.19402985074626866,2.848524723745148,1.0,3.9584718243770403,3.379363335631801,3.9563364443028126,,self-report; not geometry-derived layer count or success,3.379363335631801,3.379363335631801,3.379363335631801,0.0,,,
development,s9140111_g0_n0.5_b4_r0.25,9140111,0,0.5,4,0.25,201,bias_only,OK,0.00038198799984456855,True,True,0.3931925241069428,0.4914553074657158,0.899867652185202,0.9701492537313433,1.0,0.38953998757121405,1.0,0.4915546600952074,0.3931925241069428,0.4739485155245715,,self-report; not geometry-derived layer count or success,0.3931925241069428,0.3931925241069428,0.3931925241069428,1.0,,,
development,s9140111_g0_n0.5_b4_r0.25,9140111,0,0.5,4,0.25,201,old_original,APPLY,0.0007271860001765162,True,True,0.13000432249843177,0.1330996579419011,0.17398211403733213,1.0,1.0,0.1303927322766765,1.0,0.1334705521005228,0.13000432249843177,0.028537608098346597,,self-report; not geometry-derived layer count or success,0.13000432249843177,0.13000432249843177,0.13000432249843177,1.0,,,
development,s9140111_g0_n0.5_b4_r0.25,9140111,0,0.5,4,0.25,201,atlas_tied_256,OK,0.0008019330000479385,True,True,0.13000432249843177,0.13309758734203314,0.17397117857959193,1.0,1.0,0.13038772174109997,1.0,0.13346429584288716,0.13000432249843177,0.02852794924269688,,self-report; not geometry-derived layer count or success,0.13000432249843177,0.13000432249843177,0.13000432249843177,1.0,,,
development,s9140111_g0_n0.5_b4_r0.25,9140111,0,0.5,4,0.25,201,atlas_relax_96,OK,0.004247023000061745,True,True,0.14069229831045585,0.15110708724664798,0.21443272035056865,1.0,1.0,0.14120245299818224,1.0,0.15143700957895942,0.14069229831045585,0.055127388948577785,,self-report; not geometry-derived layer count or success,0.14069229831045585,0.14069229831045585,0.14069229831045585,1.0,,,
development,s9140111_g0_n0.5_b4_r0.25,9140111,0,0.5,4,0.25,201,spatial_12,OK,0.02137234800011356,True,True,0.1300043224984318,0.13309965794190112,0.17398211403733213,1.0,1.0,0.13039273227667653,1.0,0.13347055210052283,0.1300043224984318,0.02853760809834659,,self-report; not geometry-derived layer count or success,0.1300043224984318,0.1300043224984318,0.1300043224984318,1.0,,,
development,s9140111_g0_n0.5_b4_r0.25,9140111,0,0.5,4,0.25,201,spatial_36,OK,0.05814639700020052,True,True,0.1300043224984318,0.13309965794190112,0.17398211403733213,1.0,1.0,0.13039273227667653,1.0,0.13347055210052283,0.1300043224984318,0.02853760809834659,,self-report; not geometry-derived layer count or success,0.1300043224984318,0.1300043224984318,0.1300043224984318,1.0,,,
development,s9140111_g0_n0.5_b4_r0.25,9140111,0,0.5,4,0.25,201,spatial_108,OK,0.17320091800002047,True,True,0.1300043224984318,0.13309965794190112,0.17398211403733213,1.0,1.0,0.13039273227667653,1.0,0.13347055210052283,0.1300043224984318,0.02853760809834659,,self-report; not geometry-derived layer count or success,0.1300043224984318,0.1300043224984318,0.1300043224984318,1.0,,,
development,s9140111_g0_n0.5_b4_r0.25,9140111,0,0.5,4,0.25,201,apss_0.5,OK,0.00213335300009021,True,True,0.3627377692782279,0.4526111468312963,0.8527520212154133,0.9701492537313433,1.0,0.3628174615812052,1.0,0.45271970319751365,0.3627377692782279,0.4338804545110562,,self-report; not geometry-derived layer count or success,0.3627377692782279,0.3627377692782279,0.3627377692782279,1.0,,,
development,s9140111_g0_n0.5_b4_r0.25,9140111,0,0.5,4,0.25,201,apss_1.0,OK,0.0020419310001216218,True,True,0.2983553751937287,0.36157782984833853,0.7241041834055677,0.9950248756218906,1.0,0.29861738386336206,1.0,0.36171874888572536,0.2983553751937287,0.33862862384494646,,self-report; not geometry-derived layer count or success,0.2983553751937287,0.2983553751937287,0.2983553751937287,1.0,,,
development,s9140111_g0_n0.5_b4_r0.25,9140111,0,0.5,4,0.25,201,apss_2.0,OK,0.002559605999977066,True,True,0.20076317970943572,0.24143578318566128,0.4739692307140712,1.0,1.0,0.20142528961340392,1.0,0.24165453329102235,0.20076317970943572,0.19735443639957023,,self-report; not geometry-derived layer count or success,0.20076317970943572,0.20076317970943572,0.20076317970943572,1.0,,,
development,s9140111_g0_n0.5_b4_r0.25,9140111,0,0.5,4,0.25,201,apss_4.0,OK,0.002634115000091697,True,True,0.1483445332612207,0.1720186304339926,0.30198582272047764,1.0,1.0,0.1488869976515885,1.0,0.1723217076441128,0.1483445332612207,0.10964390381839402,,self-report; not geometry-derived layer count or success,0.1483445332612207,0.1483445332612207,0.1483445332612207,1.0,,,
development,s9140111_g0_n0.5_b4_r0.25,9140111,0,0.5,4,0.25,201,apss_8.0,OK,0.0029378799999904004,True,True,0.12709280166852768,0.14449631434851548,0.24362526297788178,1.0,1.0,0.12778986010331356,1.0,0.144850809203215,0.12709280166852768,0.06917699391160081,,self-report; not geometry-derived layer count or success,0.12709280166852768,0.12709280166852768,0.12709280166852768,1.0,,,
development,s9140111_g0_n0.5_b4_r0.25,9140111,0,0.5,4,0.25,201,rimls_0.5,OK,0.00199425899995731,True,True,0.36002468094029305,0.45039631884801196,0.8520571225761451,0.9701492537313433,1.0,0.36171332615092394,1.0,0.45123592331062873,0.36002468094029305,0.43119731307308273,,self-report; not geometry-derived layer count or success,0.36002468094029305,0.36002468094029305,0.36002468094029305,1.0,,,
development,s9140111_g0_n0.5_b4_r0.25,9140111,0,0.5,4,0.25,201,rimls_1.0,OK,0.0024655740000980586,True,True,0.2970372529479409,0.35926672584379943,0.7260226761434958,1.0,1.0,0.2986459317534473,1.0,0.3600786328547971,0.2970372529479409,0.3362352097358277,,self-report; not geometry-derived layer count or success,0.2970372529479409,0.2970372529479409,0.2970372529479409,1.0,,,
development,s9140111_g0_n0.5_b4_r0.25,9140111,0,0.5,4,0.25,201,rimls_2.0,OK,0.003542711999898529,True,True,0.20194793019547233,0.24261947853317656,0.46918926566821784,1.0,1.0,0.20331115905702893,1.0,0.24310916887351638,0.20194793019547233,0.19975667041575354,,self-report; not geometry-derived layer count or success,0.20194793019547233,0.20194793019547233,0.20194793019547233,1.0,,,
development,s9140111_g0_n0.5_b4_r0.25,9140111,0,0.5,4,0.25,201,rimls_4.0,OK,0.005654380000123638,True,True,0.1578783145106683,0.18125583958246472,0.31021832813851863,1.0,1.0,0.15848512308278356,1.0,0.18159772877550723,0.1578783145106683,0.12639751367437171,,self-report; not geometry-derived layer count or success,0.1578783145106683,0.1578783145106683,0.1578783145106683,1.0,,,
development,s9140111_g0_n0.5_b4_r0.25,9140111,0,0.5,4,0.25,201,rimls_8.0,OK,0.010495815000012954,True,True,0.12637908608276716,0.1481949301433306,0.24413598017843363,1.0,1.0,0.1271829412434694,1.0,0.14854996746618324,0.12637908608276716,0.09382970114941874,,self-report; not geometry-derived layer count or success,0.12637908608276716,0.12637908608276716,0.12637908608276716,1.0,,,
development,s9140111_g0_n1.0_b0_r1.0,9140111,0,1.0,0,1.0,768,identity,OK,0.0008574189998853399,True,True,0.7645934564566864,0.9632792528299696,1.928461310676948,0.7356770833333334,0.9778645833333334,0.7087654601542592,1.0,0.9632792528299696,0.7645934564566864,0.9622497472807552,,self-report; not geometry-derived layer count or success,0.7645934564566864,0.7645934564566864,0.7645934564566864,0.0,,,
development,s9140111_g0_n1.0_b0_r1.0,9140111,0,1.0,0,1.0,768,bias_only,OK,0.0007129770001483848,True,True,0.7627091512015202,0.9613175156446175,1.9196247337973402,0.7239583333333334,0.9778645833333334,0.7077133159881903,1.0,0.9613175306385285,0.7627091512015202,0.9602859069539404,,self-report; not geometry-derived layer count or success,0.7627091512015202,0.7627091512015202,0.7627091512015202,1.0,,,
development,s9140111_g0_n1.0_b0_r1.0,9140111,0,1.0,0,1.0,768,old_original,APPLY,0.0012442089998785377,True,True,0.09699969900646555,0.14115730550391567,0.3617613224632886,1.0,1.0,0.09712528868734928,1.0,0.14118075131796956,0.09699969900646555,0.13395164092439613,,self-report; not geometry-derived layer count or success,0.09699969900646555,0.09699969900646555,0.09699969900646555,1.0,,,
development,s9140111_g0_n1.0_b0_r1.0,9140111,0,1.0,0,1.0,768,atlas_tied_256,OK,0.001712173999976585,True,True,0.06074079999392027,0.07263552295100525,0.11562801668365522,1.0,1.0,0.06075973154265719,1.0,0.07264020115014073,0.06074079999392027,0.040626063272325236,,self-report; not geometry-derived layer count or success,0.06074079999392027,0.06074079999392027,0.06074079999392027,1.0,,,
development,s9140111_g0_n1.0_b0_r1.0,9140111,0,1.0,0,1.0,768,atlas_relax_96,OK,0.01196744399999261,True,True,0.1356879415302442,0.1609886882548081,0.2905782392733513,1.0,1.0,0.13683753056203363,1.0,0.16146646828949066,0.1356879415302442,0.155703398805258,,self-report; not geometry-derived layer count or success,0.1356879415302442,0.1356879415302442,0.1356879415302442,1.0,,,
development,s9140111_g0_n1.0_b0_r1.0,9140111,0,1.0,0,1.0,768,spatial_12,OK,0.03762593399983416,True,True,0.044738581472381966,0.05014795708475524,0.08175456894070404,1.0,1.0,0.044877090190421964,1.0,0.05021524758700147,0.044738581472381966,0.023075415683948785,,self-report; not geometry-derived layer count or success,0.044738581472381966,0.044738581472381966,0.044738581472381966,1.0,,,
development,s9140111_g0_n1.0_b0_r1.0,9140111,0,1.0,0,1.0,768,spatial_36,OK,0.10239111300006698,True,True,0.044738581472381966,0.05014795708475524,0.08175456894070404,1.0,1.0,0.044877090190421964,1.0,0.05021524758700147,0.044738581472381966,0.023075415683948785,,self-report; not geometry-derived layer count or success,0.044738581472381966,0.044738581472381966,0.044738581472381966,1.0,,,
development,s9140111_g0_n1.0_b0_r1.0,9140111,0,1.0,0,1.0,768,spatial_108,OK,0.30140309400007936,True,True,0.044738581472381966,0.05014795708475524,0.08175456894070404,1.0,1.0,0.044877090190421964,1.0,0.05021524758700147,0.044738581472381966,0.023075415683948785,,self-report; not geometry-derived layer count or success,0.044738581472381966,0.044738581472381966,0.044738581472381966,1.0,,,
development,s9140111_g0_n1.0_b0_r1.0,9140111,0,1.0,0,1.0,768,apss_0.5,OK,0.005366553000158092,True,True,0.7521474352314158,0.9529522031362851,1.9196247337973402,0.7239583333333334,0.9778645833333334,0.704637568953434,1.0,0.9529590112567569,0.7521474352314158,0.9519148575917243,,self-report; not geometry-derived layer count or success,0.7521474352314158,0.7521474352314158,0.7521474352314158,1.0,,,
development,s9140111_g0_n1.0_b0_r1.0,9140111,0,1.0,0,1.0,768,apss_1.0,OK,0.005659261999880982,True,True,0.649602898562249,0.8380708978160246,1.6627362949078641,0.78515625,0.9830729166666666,0.6287218615999186,1.0,0.8381459803299728,0.649602898562249,0.8369572647197138,,self-report; not geometry-derived layer count or success,0.649602898562249,0.649602898562249,0.649602898562249,1.0,,,
development,s9140111_g0_n1.0_b0_r1.0,9140111,0,1.0,0,1.0,768,apss_2.0,OK,0.008543196000118769,True,True,0.36293089957172664,0.4592441659838132,0.8823358881998572,0.9661458333333334,1.0,0.36149873384082315,1.0,0.4599113864180745,0.36293089957172664,0.4563017822409666,,self-report; not geometry-derived layer count or success,0.36293089957172664,0.36293089957172664,0.36293089957172664,1.0,,,
development,s9140111_g0_n1.0_b0_r1.0,9140111,0,1.0,0,1.0,768,apss_4.0,OK,0.009132159000046158,True,True,0.21145377236360619,0.26507833809368675,0.530941678952314,1.0,1.0,0.2138697378498724,1.0,0.2662339931589779,0.21145377236360619,0.2606192570294842,,self-report; not geometry-derived layer count or success,0.21145377236360619,0.21145377236360619,0.21145377236360619,1.0,,,
development,s9140111_g0_n1.0_b0_r1.0,9140111,0,1.0,0,1.0,768,apss_8.0,OK,0.011580706000131613,True,True,0.15466667981436966,0.192283305011998,0.3767834745790224,1.0,1.0,0.1563643761471041,1.0,0.19313853547155307,0.15466667981436966,0.1850465307305873,,self-report; not geometry-derived layer count or success,0.15466667981436966,0.15466667981436966,0.15466667981436966,1.0,,,
development,s9140111_g0_n1.0_b0_r1.0,9140111,0,1.0,0,1.0,768,rimls_0.5,OK,0.006224359000043478,True,True,0.7499611798673188,0.9510442811031227,1.9125891874171028,0.72265625,0.9778645833333334,0.7070574273672214,1.0,0.9514020848195105,0.7499611798673188,0.9500135222255258,,self-report; not geometry-derived layer count or success,0.7499611798673188,0.7499611798673188,0.7499611798673188,1.0,,,
development,s9140111_g0_n1.0_b0_r1.0,9140111,0,1.0,0,1.0,768,rimls_1.0,OK,0.00799903600000107,True,True,0.6281140219278657,0.8130516561192229,1.6042328221155753,0.7916666666666666,0.9856770833333334,0.6291206831845343,1.0,0.8235152425769127,0.6281140219278657,0.8118361476500897,,self-report; not geometry-derived layer count or success,0.6281140219278657,0.6281140219278657,0.6281140219278657,1.0,,,
development,s9140111_g0_n1.0_b0_r1.0,9140111,0,1.0,0,1.0,768,rimls_2.0,OK,0.012323129999913363,True,True,0.3402438627850441,0.4241732743030408,0.834685303102335,0.9765625,1.0,0.3592089679861982,1.0,0.436748458391451,0.3402438627850441,0.4210213643386659,,self-report; not geometry-derived layer count or success,0.3402438627850441,0.3402438627850441,0.3402438627850441,1.0,,,
development,s9140111_g0_n1.0_b0_r1.0,9140111,0,1.0,0,1.0,768,rimls_4.0,OK,0.022930650000034802,True,True,0.23423359806609448,0.29387855568582993,0.6118329957388321,1.0,1.0,0.24285525708367958,1.0,0.29831562122893823,0.23423359806609448,0.28962389671472993,,self-report; not geometry-derived layer count or success,0.23423359806609448,0.23423359806609448,0.23423359806609448,1.0,,,
development,s9140111_g0_n1.0_b0_r1.0,9140111,0,1.0,0,1.0,768,rimls_8.0,OK,0.0626285960001951,True,True,0.19195273363149568,0.24009909543719393,0.4792968771997853,1.0,1.0,0.19520857958646898,1.0,0.24152633983777463,0.19195273363149568,0.23113760468436037,,self-report; not geometry-derived layer count or success,0.19195273363149568,0.19195273363149568,0.19195273363149568,1.0,,,
development,s9140111_g0_n1.0_b0_r0.25,9140111,0,1.0,0,0.25,201,identity,OK,0.000546840999959386,True,True,0.7743878812397532,0.9635371127237419,1.915271850241705,0.7064676616915423,0.9651741293532339,0.7558331781585278,1.0,0.9635371127237419,0.7743878812397532,0.9634371088803269,,self-report; not geometry-derived layer count or success,0.7743878812397532,0.7743878812397532,0.7743878812397532,0.0,,,
development,s9140111_g0_n1.0_b0_r0.25,9140111,0,1.0,0,0.25,201,bias_only,OK,0.0004001489999154728,True,True,0.7579251234704459,0.9479973735183018,1.8615337163459902,0.7114427860696517,0.9601990049751243,0.7384566690734393,1.0,0.9479977686907943,0.7579251234704459,0.9478957302199839,,self-report; not geometry-derived layer count or success,0.7579251234704459,0.7579251234704459,0.7579251234704459,1.0,,,
development,s9140111_g0_n1.0_b0_r0.25,9140111,0,1.0,0,0.25,201,old_original,APPLY,0.0007801889998972911,True,True,0.05095215869501585,0.058817336467202476,0.10192847937609593,1.0,1.0,0.05137163485424746,1.0,0.059003613277335776,0.05095215869501585,0.057155701734594465,,self-report; not geometry-derived layer count or success,0.05095215869501585,0.05095215869501585,0.05095215869501585,1.0,,,
development,s9140111_g0_n1.0_b0_r0.25,9140111,0,1.0,0,0.25,201,atlas_tied_256,OK,0.0008170189998963906,True,True,0.050892386920464425,0.05874790985555505,0.1018518009907281,1.0,1.0,0.05096497744132396,1.0,0.05877437486794354,0.050892386920464425,0.05708425425696863,,self-report; not geometry-derived layer count or success,0.050892386920464425,0.050892386920464425,0.050892386920464425,1.0,,,
development,s9140111_g0_n1.0_b0_r0.25,9140111,0,1.0,0,0.25,201,atlas_relax_96,OK,0.004225897999958761,True,True,0.1003371705616733,0.11596466239083117,0.20975181957710204,1.0,1.0,0.10071982581599424,1.0,0.11610820732764271,0.1003371705616733,0.11042722972687173,,self-report; not geometry-derived layer count or success,0.1003371705616733,0.1003371705616733,0.1003371705616733,1.0,,,
development,s9140111_g0_n1.0_b0_r0.25,9140111,0,1.0,0,0.25,201,spatial_12,OK,0.02210362100004204,True,True,0.05095215869501585,0.058817336467202476,0.10192847937609573,1.0,1.0,0.051371634854247436,1.0,0.059003613277335776,0.05095215869501585,0.05715570173459446,,self-report; not geometry-derived layer count or success,0.05095215869501585,0.05095215869501585,0.05095215869501585,1.0,,,
development,s9140111_g0_n1.0_b0_r0.25,9140111,0,1.0,0,0.25,201,spatial_36,OK,0.06082695200007038,True,True,0.05095215869501585,0.058817336467202476,0.10192847937609573,1.0,1.0,0.051371634854247436,1.0,0.059003613277335776,0.05095215869501585,0.05715570173459446,,self-report; not geometry-derived layer count or success,0.05095215869501585,0.05095215869501585,0.05095215869501585,1.0,,,
development,s9140111_g0_n1.0_b0_r0.25,9140111,0,1.0,0,0.25,201,spatial_108,OK,0.17169424500002606,True,True,0.05095215869501585,0.058817336467202476,0.10192847937609573,1.0,1.0,0.051371634854247436,1.0,0.059003613277335776,0.05095215869501585,0.05715570173459446,,self-report; not geometry-derived layer count or success,0.05095215869501585,0.05095215869501585,0.05095215869501585,1.0,,,
development,s9140111_g0_n1.0_b0_r0.25,9140111,0,1.0,0,0.25,201,apss_0.5,OK,0.0020774160000200936,True,True,0.7220795866984016,0.9086294415508446,1.7214265149490462,0.7263681592039801,0.9601990049751243,0.7140824913041937,1.0,0.9086379268563594,0.7220795866984016,0.9085485570356447,,self-report; not geometry-derived layer count or success,0.7220795866984016,0.7220795866984016,0.7220795866984016,1.0,,,
development,s9140111_g0_n1.0_b0_r0.25,9140111,0,1.0,0,0.25,201,apss_1.0,OK,0.0020536520000860037,True,True,0.5809332042778179,0.716253849183787,1.3419480481310462,0.8407960199004975,1.0,0.58088618070765,1.0,0.7163167350155677,0.5809332042778179,0.716164169033059,,self-report; not geometry-derived layer count or success,0.5809332042778179,0.5809332042778179,0.5809332042778179,1.0,,,
development,s9140111_g0_n1.0_b0_r0.25,9140111,0,1.0,0,0.25,201,apss_2.0,OK,0.002550562000124046,True,True,0.34166767005289594,0.40542892858496504,0.7460910365531231,1.0,1.0,0.3413015982076476,1.0,0.4056759567478326,0.34166767005289594,0.40410897706924725,,self-report; not geometry-derived layer count or success,0.34166767005289594,0.34166767005289594,0.34166767005289594,1.0,,,
development,s9140111_g0_n1.0_b0_r0.25,9140111,0,1.0,0,0.25,201,apss_4.0,OK,0.0029921170000761776,True,True,0.181983452500961,0.22095699250059425,0.40288895604261826,1.0,1.0,0.18280532110540468,1.0,0.2212994399129156,0.181983452500961,0.22011467761953576,,self-report; not geometry-derived layer count or success,0.181983452500961,0.181983452500961,0.181983452500961,1.0,,,
development,s9140111_g0_n1.0_b0_r0.25,9140111,0,1.0,0,0.25,201,apss_8.0,OK,0.0029324279998945713,True,True,0.11427089710208738,0.1365538564913667,0.25054782906964423,1.0,1.0,0.1149481911960556,1.0,0.13680539311344764,0.11427089710208738,0.13630913922937501,,self-report; not geometry-derived layer count or success,0.11427089710208738,0.11427089710208738,0.11427089710208738,1.0,,,
development,s9140111_g0_n1.0_b0_r0.25,9140111,0,1.0,0,0.25,201,rimls_0.5,OK,0.002198186999976315,True,True,0.7209435574355619,0.9046543581587435,1.7026749278351532,0.736318407960199,0.9601990049751243,0.7188169174078319,1.0,0.9056065730718089,0.7209435574355619,0.9045673983412448,,self-report; not geometry-derived layer count or success,0.7209435574355619,0.7209435574355619,0.7209435574355619,1.0,,,
development,s9140111_g0_n1.0_b0_r0.25,9140111,0,1.0,0,0.25,201,rimls_1.0,OK,0.00251673299999311,True,True,0.5665124728739658,0.6953468092160732,1.267199666442509,0.8407960199004975,1.0,0.5745221533298792,1.0,0.7007943477262492,0.5665124728739658,0.6951920652373471,,self-report; not geometry-derived layer count or success,0.5665124728739658,0.5665124728739658,0.5665124728739658,1.0,,,
development,s9140111_g0_n1.0_b0_r0.25,9140111,0,1.0,0,0.25,201,rimls_2.0,OK,0.0036067570001705462,True,True,0.3408945294421722,0.4046270958541922,0.7273507973000054,1.0,1.0,0.34730981663112365,1.0,0.40776489068769534,0.3408945294421722,0.40350172600022,,self-report; not geometry-derived layer count or success,0.3408945294421722,0.3408945294421722,0.3408945294421722,1.0,,,
development,s9140111_g0_n1.0_b0_r0.25,9140111,0,1.0,0,0.25,201,rimls_4.0,OK,0.00618409799994879,True,True,0.20892580771003783,0.25370304126076665,0.4615911595841575,1.0,1.0,0.21165847587990305,1.0,0.2548751867703971,0.20892580771003783,0.2532747447928661,,self-report; not geometry-derived layer count or success,0.20892580771003783,0.20892580771003783,0.20892580771003783,1.0,,,
development,s9140111_g0_n1.0_b0_r0.25,9140111,0,1.0,0,0.25,201,rimls_8.0,OK,0.010753217000001314,True,True,0.15470863522535788,0.18503152713467885,0.3425747065163126,1.0,1.0,0.15585093600378647,1.0,0.18546587916551688,0.15470863522535788,0.18449640056629396,,self-report; not geometry-derived layer count or success,0.15470863522535788,0.15470863522535788,0.15470863522535788,1.0,,,
development,s9140111_g0_n1.0_b4_r1.0,9140111,0,1.0,4,1.0,768,identity,OK,0.0008523009998953057,True,True,3.5188703962222774,4.130078681960038,8.350763577641311,0.09765625,0.2981770833333333,2.497921423029166,1.0,4.130078681960038,3.5188703962222774,4.129838686485221,,self-report; not geometry-derived layer count or success,3.5188703962222774,3.5188703962222774,3.5188703962222774,0.0,,,
development,s9140111_g0_n1.0_b4_r1.0,9140111,0,1.0,4,1.0,768,bias_only,OK,0.0007258929999807151,True,True,0.7627074421861876,0.9613217519743466,1.920298212954708,0.7252604166666666,0.9778645833333334,0.7080414612028999,1.0,0.9613830944663854,0.7627074421861876,0.9602901478346216,,self-report; not geometry-derived layer count or success,0.7627074421861876,0.7627074421861876,0.7627074421861876,1.0,,,
development,s9140111_g0_n1.0_b4_r1.0,9140111,0,1.0,4,1.0,768,old_original,APPLY,0.0013019519999488693,True,True,0.09692576822048167,0.1410625494976401,0.36169827678268296,1.0,1.0,0.09837274725556511,1.0,0.14150144215986638,0.09692576822048167,0.13385178400001524,,self-report; not geometry-derived layer count or success,0.09692576822048167,0.09692576822048167,0.09692576822048167,1.0,,,
development,s9140111_g0_n1.0_b4_r1.0,9140111,0,1.0,4,1.0,768,atlas_tied_256,OK,0.0017602529999294347,True,True,0.06070971889263215,0.0725983119987212,0.11557438025248458,1.0,1.0,0.062407681435760386,1.0,0.07341121720898786,0.06070971889263215,0.04058814934924315,,self-report; not geometry-derived layer count or success,0.06070971889263215,0.06070971889263215,0.06070971889263215,1.0,,,
development,s9140111_g0_n1.0_b4_r1.0,9140111,0,1.0,4,1.0,768,atlas_relax_96,OK,0.012955830000009882,True,True,0.1356463410084098,0.16086647612370458,0.2899003057297067,1.0,1.0,0.13743063785812856,1.0,0.16164336249246078,0.1356463410084098,0.1553180888440223,,self-report; not geometry-derived layer count or success,0.1356463410084098,0.1356463410084098,0.1356463410084098,1.0,,,
development,s9140111_g0_n1.0_b4_r1.0,9140111,0,1.0,4,1.0,768,spatial_12,OK,0.039059371000121246,True,True,0.04473711423612095,0.050147386467315584,0.08173486512029766,1.0,1.0,0.046657764266331746,1.0,0.05137332813769911,0.04473711423612095,0.02307417558039467,,self-report; not geometry-derived layer count or success,0.04473711423612095,0.04473711423612095,0.04473711423612095,1.0,,,
development,s9140111_g0_n1.0_b4_r1.0,9140111,0,1.0,4,1.0,768,spatial_36,OK,0.10797934600009285,True,True,0.04473711423612095,0.050147386467315584,0.08173486512029766,1.0,1.0,0.046657764266331746,1.0,0.05137332813769911,0.04473711423612095,0.02307417558039467,,self-report; not geometry-derived layer count or success,0.04473711423612095,0.04473711423612095,0.04473711423612095,1.0,,,
development,s9140111_g0_n1.0_b4_r1.0,9140111,0,1.0,4,1.0,768,spatial_108,OK,0.31473492300006,True,True,0.04473711423612095,0.050147386467315584,0.08173486512029766,1.0,1.0,0.046657764266331746,1.0,0.05137332813769911,0.04473711423612095,0.02307417558039467,,self-report; not geometry-derived layer count or success,0.04473711423612095,0.04473711423612095,0.04473711423612095,1.0,,,
development,s9140111_g0_n1.0_b4_r1.0,9140111,0,1.0,4,1.0,768,apss_0.5,OK,0.005334535999963919,True,True,0.7521605959374534,0.9529710125266843,1.920298212954708,0.7239583333333334,0.9778645833333334,0.7050240793014702,1.0,0.9530399236496361,0.7521605959374534,0.9519337124648398,,self-report; not geometry-derived layer count or success,0.7521605959374534,0.7521605959374534,0.7521605959374534,1.0,,,
development,s9140111_g0_n1.0_b4_r1.0,9140111,0,1.0,4,1.0,768,apss_1.0,OK,0.005783925000059753,True,True,0.649598090735701,0.8380973147851343,1.663209309171634,0.78515625,0.9830729166666666,0.6290913774838541,1.0,0.8382404970424293,0.649598090735701,0.8369836624703121,,self-report; not geometry-derived layer count or success,0.649598090735701,0.649598090735701,0.649598090735701,1.0,,,
development,s9140111_g0_n1.0_b4_r1.0,9140111,0,1.0,4,1.0,768,apss_2.0,OK,0.007671439999967333,True,True,0.36293813758525006,0.4593008092276535,0.8807484113744763,0.9661458333333334,1.0,0.3618488212115667,1.0,0.46008382423654026,0.36293813758525006,0.45635367619745654,,self-report; not geometry-derived layer count or success,0.36293813758525006,0.36293813758525006,0.36293813758525006,1.0,,,
development,s9140111_g0_n1.0_b4_r1.0,9140111,0,1.0,4,1.0,768,apss_4.0,OK,0.008950641000183168,True,True,0.21147221433665697,0.26523099030889424,0.5325303064108623,1.0,1.0,0.21444950739434812,1.0,0.26657001407650904,0.21147221433665697,0.260791722545651,,self-report; not geometry-derived layer count or success,0.21147221433665697,0.21147221433665697,0.21147221433665697,1.0,,,
development,s9140111_g0_n1.0_b4_r1.0,9140111,0,1.0,4,1.0,768,apss_8.0,OK,0.010826921999978367,True,True,0.154930459834303,0.19265683492146948,0.3787303632179998,1.0,1.0,0.15742821107851213,1.0,0.1937662789851408,0.154930459834303,0.18545111291702304,,self-report; not geometry-derived layer count or success,0.154930459834303,0.154930459834303,0.154930459834303,1.0,,,
development,s9140111_g0_n1.0_b4_r1.0,9140111,0,1.0,4,1.0,768,rimls_0.5,OK,0.0066759820001607295,True,True,0.7499846299915306,0.9510938431771611,1.9138727926200216,0.72265625,0.9778645833333334,0.7073951968596154,1.0,0.9515217158532413,0.7499846299915306,0.95006353331271,,self-report; not geometry-derived layer count or success,0.7499846299915306,0.7499846299915306,0.7499846299915306,1.0,,,
development,s9140111_g0_n1.0_b4_r1.0,9140111,0,1.0,4,1.0,768,rimls_1.0,OK,0.0074599019999368466,True,True,0.6281112074009875,0.8129588107563016,1.60353278751378,0.7916666666666666,0.9856770833333334,0.6294888600267506,1.0,0.8236611116788131,0.6281112074009875,0.8117391622167056,,self-report; not geometry-derived layer count or success,0.6281112074009875,0.6281112074009875,0.6281112074009875,1.0,,,
development,s9140111_g0_n1.0_b4_r1.0,9140111,0,1.0,4,1.0,768,rimls_2.0,OK,0.011726065999937418,True,True,0.3402826857558808,0.42426999409335914,0.8334168754576115,0.9765625,1.0,0.35951234408217986,1.0,0.43699068735631974,0.3402826857558808,0.42111910921620493,,self-report; not geometry-derived layer count or success,0.3402826857558808,0.3402826857558808,0.3402826857558808,1.0,,,
development,s9140111_g0_n1.0_b4_r1.0,9140111,0,1.0,4,1.0,768,rimls_4.0,OK,0.02152590900004725,True,True,0.23425630901194752,0.29411637376036665,0.611913866728051,1.0,1.0,0.24326317038425213,1.0,0.2987027108283603,0.23425630901194752,0.28988248950399925,,self-report; not geometry-derived layer count or success,0.23425630901194752,0.23425630901194752,0.23425630901194752,1.0,,,
development,s9140111_g0_n1.0_b4_r1.0,9140111,0,1.0,4,1.0,768,rimls_8.0,OK,0.05409768799995618,True,True,0.19224932949065734,0.24051107729829713,0.48003564232981677,1.0,1.0,0.19611446337903446,1.0,0.24212582941795535,0.19224932949065734,0.23154503177240138,,self-report; not geometry-derived layer count or success,0.19224932949065734,0.19224932949065734,0.19224932949065734,1.0,,,
development,s9140111_g0_n1.0_b4_r0.25,9140111,0,1.0,4,0.25,201,identity,OK,0.0005166000000826898,True,True,3.4600241332443553,4.079305161990792,8.33206698062242,0.0945273631840796,0.2537313432835821,2.884033105221471,1.0,4.079305161990792,3.4600241332443553,4.07700583865476,,self-report; not geometry-derived layer count or success,3.4600241332443553,3.4600241332443553,3.4600241332443553,0.0,,,
development,s9140111_g0_n1.0_b4_r0.25,9140111,0,1.0,4,0.25,201,bias_only,OK,0.00038585199990848196,True,True,0.7646813629010688,0.9577374519904033,1.7384942081372077,0.7114427860696517,0.9701492537313433,0.745145526508837,1.0,0.95793358348198,0.7646813629010688,0.9478961075589177,,self-report; not geometry-derived layer count or success,0.7646813629010688,0.7646813629010688,0.7646813629010688,1.0,,,
development,s9140111_g0_n1.0_b4_r0.25,9140111,0,1.0,4,0.25,201,old_original,APPLY,0.0007523179999679996,True,True,0.13694523073010806,0.14839356245084967,0.22497830143772962,1.0,1.0,0.1386226622482111,1.0,0.14971985247885294,0.13694523073010806,0.05715464248100661,,self-report; not geometry-derived layer count or success,0.13694523073010806,0.13694523073010806,0.13694523073010806,1.0,,,
development,s9140111_g0_n1.0_b4_r0.25,9140111,0,1.0,4,0.25,201,atlas_tied_256,OK,0.000789131000146881,True,True,0.13694523073010817,0.148366059599547,0.2249016475452139,1.0,1.0,0.13853098144484527,1.0,0.1496332345004969,0.13694523073010817,0.057083197364669096,,self-report; not geometry-derived layer count or success,0.13694523073010817,0.13694523073010817,0.13694523073010817,1.0,,,
development,s9140111_g0_n1.0_b4_r0.25,9140111,0,1.0,4,0.25,201,atlas_relax_96,OK,0.004092681999964043,True,True,0.168311210932262,0.19312900906885194,0.30606453943365297,1.0,1.0,0.17058819901427208,1.0,0.19418583205181686,0.168311210932262,0.11041379975832964,,self-report; not geometry-derived layer count or success,0.168311210932262,0.168311210932262,0.168311210932262,1.0,,,
development,s9140111_g0_n1.0_b4_r0.25,9140111,0,1.0,4,0.25,201,spatial_12,OK,0.021038962000147876,True,True,0.13694523073010803,0.14839356245084964,0.22497830143772962,1.0,1.0,0.13862266224821104,1.0,0.14971985247885294,0.13694523073010803,0.05715464248100667,,self-report; not geometry-derived layer count or success,0.13694523073010803,0.13694523073010803,0.13694523073010803,1.0,,,
development,s9140111_g0_n1.0_b4_r0.25,9140111,0,1.0,4,0.25,201,spatial_36,OK,0.05698226699996667,True,True,0.13694523073010803,0.14839356245084964,0.22497830143772962,1.0,1.0,0.13862266224821104,1.0,0.14971985247885294,0.13694523073010803,0.05715464248100667,,self-report; not geometry-derived layer count or success,0.13694523073010803,0.13694523073010803,0.13694523073010803,1.0,,,
development,s9140111_g0_n1.0_b4_r0.25,9140111,0,1.0,4,0.25,201,spatial_108,OK,0.16793488499979503,True,True,0.13694523073010803,0.14839356245084964,0.22497830143772962,1.0,1.0,0.13862266224821104,1.0,0.14971985247885294,0.13694523073010803,0.05715464248100667,,self-report; not geometry-derived layer count or success,0.13694523073010803,0.13694523073010803,0.13694523073010803,1.0,,,
development,s9140111_g0_n1.0_b4_r0.25,9140111,0,1.0,4,0.25,201,apss_0.5,OK,0.00218698100002257,True,True,0.7316071108504282,0.9186564871872545,1.6514345310050513,0.7313432835820896,0.9701492537313433,0.7252693680839342,1.0,0.9188672381365536,0.7316071108504282,0.9086525779373199,,self-report; not geometry-derived layer count or success,0.7316071108504282,0.7316071108504282,0.7316071108504282,1.0,,,
development,s9140111_g0_n1.0_b4_r0.25,9140111,0,1.0,4,0.25,201,apss_1.0,OK,0.0022089630001573823,True,True,0.5951340635894126,0.7287111385408931,1.3634913781782223,0.8258706467661692,1.0,0.5946657413006247,1.0,0.7290166999668026,0.5951340635894126,0.7161992715465714,,self-report; not geometry-derived layer count or success,0.5951340635894126,0.5951340635894126,0.5951340635894126,1.0,,,
development,s9140111_g0_n1.0_b4_r0.25,9140111,0,1.0,4,0.25,201,apss_2.0,OK,0.002670393000016702,True,True,0.36729866514604986,0.4332215003538474,0.8304708376169594,0.9950248756218906,1.0,0.36757782978131615,1.0,0.4338446068261272,0.36729866514604986,0.4042334815505593,,self-report; not geometry-derived layer count or success,0.36729866514604986,0.36729866514604986,0.36729866514604986,1.0,,,
development,s9140111_g0_n1.0_b4_r0.25,9140111,0,1.0,4,0.25,201,apss_4.0,OK,0.002670994000027349,True,True,0.22338887169178362,0.2626652891590695,0.47808109645140684,1.0,1.0,0.22560967898198941,1.0,0.2636282150443776,0.22338887169178362,0.2208244839750145,,self-report; not geometry-derived layer count or success,0.22338887169178362,0.22338887169178362,0.22338887169178362,1.0,,,
development,s9140111_g0_n1.0_b4_r0.25,9140111,0,1.0,4,0.25,201,apss_8.0,OK,0.0030598610001106863,True,True,0.15602273211843898,0.19007581143924976,0.3612311153376333,1.0,1.0,0.15851522182291553,1.0,0.19125631631288062,0.15602273211843898,0.137698545122125,,self-report; not geometry-derived layer count or success,0.15602273211843898,0.15602273211843898,0.15602273211843898,1.0,,,
development,s9140111_g0_n1.0_b4_r0.25,9140111,0,1.0,4,0.25,201,rimls_0.5,OK,0.0023143430000800436,True,True,0.729256153756045,0.9147758651839756,1.6514345310050513,0.7263681592039801,0.9701492537313433,0.7299603058265497,1.0,0.9159986773183757,0.729256153756045,0.9046653701936646,,self-report; not geometry-derived layer count or success,0.729256153756045,0.729256153756045,0.729256153756045,1.0,,,
development,s9140111_g0_n1.0_b4_r0.25,9140111,0,1.0,4,0.25,201,rimls_1.0,OK,0.0027549530000214872,True,True,0.5820318607986522,0.7087231404194431,1.3638994035667729,0.835820895522388,1.0,0.590947859144184,1.0,0.7143916954604588,0.5820318607986522,0.695205928042411,,self-report; not geometry-derived layer count or success,0.5820318607986522,0.5820318607986522,0.5820318607986522,1.0,,,
development,s9140111_g0_n1.0_b4_r0.25,9140111,0,1.0,4,0.25,201,rimls_2.0,OK,0.0037441290000970184,True,True,0.3652043877076364,0.4317575851537582,0.8230242633428522,0.9950248756218906,1.0,0.37214773154819347,1.0,0.4349975227335035,0.3652043877076364,0.40370668793837716,,self-report; not geometry-derived layer count or success,0.3652043877076364,0.3652043877076364,0.3652043877076364,1.0,,,
development,s9140111_g0_n1.0_b4_r0.25,9140111,0,1.0,4,0.25,201,rimls_4.0,OK,0.0064216940002097544,True,True,0.24791311969073795,0.2891659037773355,0.49720702982927245,1.0,1.0,0.2515719325604387,1.0,0.29071080121847503,0.24791311969073795,0.25460345353789615,,self-report; not geometry-derived layer count or success,0.24791311969073795,0.24791311969073795,0.24791311969073795,1.0,,,
development,s9140111_g0_n1.0_b4_r0.25,9140111,0,1.0,4,0.25,201,rimls_8.0,OK,0.011666794000120717,True,True,0.18520435234149485,0.21585456874302958,0.3645456474036051,1.0,1.0,0.1876730868778444,1.0,0.21705784087498492,0.18520435234149485,0.18728370872812264,,self-report; not geometry-derived layer count or success,0.18520435234149485,0.18520435234149485,0.18520435234149485,1.0,,,
development,s9140111_g0_n2.0_b0_r1.0,9140111,0,2.0,0,1.0,768,identity,OK,0.0008281099999294383,True,True,1.5291869129133728,1.9265585056599392,3.856922621353896,0.453125,0.8059895833333334,1.253393436430134,1.0,1.9265585056599392,1.5291869129133728,1.9244994945615104,,self-report; not geometry-derived layer count or success,1.5291869129133728,1.5291869129133728,1.5291869129133728,0.0,,,
development,s9140111_g0_n2.0_b0_r1.0,9140111,0,2.0,0,1.0,768,bias_only,OK,0.0007037969999146299,True,True,1.5254158602105032,1.9226432210636917,3.8405828970011724,0.4622395833333333,0.8033854166666666,1.2510228508341166,1.0,1.9226433266357312,1.5254158602105032,1.920580012480349,,self-report; not geometry-derived layer count or success,1.5254158602105032,1.5254158602105032,1.5254158602105032,1.0,,,
development,s9140111_g0_n2.0_b0_r1.0,9140111,0,2.0,0,1.0,768,old_original,APPLY,0.001282510999999431,True,True,0.19372433573192951,0.2818616549811107,0.7229566828831935,0.9934895833333334,1.0,0.19447138982956677,1.0,0.28202420693214403,0.19372433573192951,0.26742591756511014,,self-report; not geometry-derived layer count or success,0.19372433573192951,0.19372433573192951,0.19372433573192951,1.0,,,
development,s9140111_g0_n2.0_b0_r1.0,9140111,0,2.0,0,1.0,768,atlas_tied_256,OK,0.0018641080000634247,True,True,0.12058626946737916,0.1442839463030503,0.23025765081347746,1.0,1.0,0.12072393281181722,1.0,0.1443217827408057,0.12058626946737916,0.08078705139184415,,self-report; not geometry-derived layer count or success,0.12058626946737916,0.12058626946737916,0.12058626946737916,1.0,,,
development,s9140111_g0_n2.0_b0_r1.0,9140111,0,2.0,0,1.0,768,atlas_relax_96,OK,0.012412672999971619,True,True,0.27007786270835393,0.3229488041015785,0.5781928974316058,0.9986979166666666,1.0,0.2769870875174289,1.0,0.32663959765336337,0.27007786270835393,0.3131839808621424,,self-report; not geometry-derived layer count or success,0.27007786270835393,0.27007786270835393,0.27007786270835393,1.0,,,
development,s9140111_g0_n2.0_b0_r1.0,9140111,0,2.0,0,1.0,768,spatial_12,OK,0.039604632000191486,True,True,0.08943173731937941,0.10010640939666679,0.16283831941509727,1.0,1.0,0.09025998753326492,1.0,0.10057238120645044,0.08943173731937941,0.04573753424861633,,self-report; not geometry-derived layer count or success,0.08943173731937941,0.08943173731937941,0.08943173731937941,1.0,,,
development,s9140111_g0_n2.0_b0_r1.0,9140111,0,2.0,0,1.0,768,spatial_36,OK,0.11356397300005483,True,True,0.08943173731937941,0.10010640939666679,0.16283831941509727,1.0,1.0,0.09025998753326492,1.0,0.10057238120645044,0.08943173731937941,0.04573753424861633,,self-report; not geometry-derived layer count or success,0.08943173731937941,0.08943173731937941,0.08943173731937941,1.0,,,
development,s9140111_g0_n2.0_b0_r1.0,9140111,0,2.0,0,1.0,768,spatial_108,OK,0.3117675370001507,True,True,0.08943173731937941,0.10010640939666679,0.16283831941509727,1.0,1.0,0.09025998753326492,1.0,0.10057238120645044,0.08943173731937941,0.04573753424861633,,self-report; not geometry-derived layer count or success,0.08943173731937941,0.08943173731937941,0.08943173731937941,1.0,,,
development,s9140111_g0_n2.0_b0_r1.0,9140111,0,2.0,0,1.0,768,apss_0.5,OK,0.005253336000123454,True,True,1.521303635377078,1.919352068531406,3.8405828970011724,0.4622395833333333,0.7981770833333334,1.2567960324735166,1.0,1.9193598445506679,1.521303635377078,1.9172658369711109,,self-report; not geometry-derived layer count or success,1.521303635377078,1.521303635377078,1.521303635377078,1.0,,,
development,s9140111_g0_n2.0_b0_r1.0,9140111,0,2.0,0,1.0,768,apss_1.0,FAILED,0.005267233000040505,,,,,,,,,,,,,,,,,,,,,
development,s9140111_g0_n2.0_b0_r1.0,9140111,0,2.0,0,1.0,768,apss_2.0,OK,0.007898051999973177,True,True,0.9760057279052085,1.2717802919975658,2.542041069318952,0.6276041666666666,0.921875,0.9014855883419847,1.0,1.2736400720236878,0.9760057279052085,1.2679817094277597,,self-report; not geometry-derived layer count or success,0.9760057279052085,0.9760057279052085,0.9760057279052085,1.0,,,
development,s9140111_g0_n2.0_b0_r1.0,9140111,0,2.0,0,1.0,768,apss_4.0,OK,0.008916809000083958,True,True,0.4704894014359529,0.5877984848302866,1.1609011740334165,0.9127604166666666,0.9986979166666666,0.4743156627170664,1.0,0.5944713990868279,0.4704894014359529,0.5805012718497926,,self-report; not geometry-derived layer count or success,0.4704894014359529,0.4704894014359529,0.4704894014359529,1.0,,,
development,s9140111_g0_n2.0_b0_r1.0,9140111,0,2.0,0,1.0,768,apss_8.0,OK,0.011063547000048857,True,True,0.3127191907392792,0.38903601019795075,0.7686088773808962,0.99609375,1.0,0.32185975575026565,1.0,0.39523300761168034,0.3127191907392792,0.37455552215151955,,self-report; not geometry-derived layer count or success,0.3127191907392792,0.3127191907392792,0.3127191907392792,1.0,,,
development,s9140111_g0_n2.0_b0_r1.0,9140111,0,2.0,0,1.0,768,rimls_0.5,OK,0.006687724000130402,True,True,1.5190703458284762,1.918248778785594,3.8405828970011724,0.4596354166666667,0.7981770833333334,1.259338043178191,1.0,1.9184841276864837,1.5190703458284762,1.9161240434278304,,self-report; not geometry-derived layer count or success,1.5190703458284762,1.5190703458284762,1.5190703458284762,1.0,,,
development,s9140111_g0_n2.0_b0_r1.0,9140111,0,2.0,0,1.0,768,rimls_1.0,OK,0.0073903259999497095,True,True,1.442453158826219,1.8466868613032834,3.8067269943341833,0.4674479166666667,0.7903645833333334,1.2527177485204504,1.0,1.8532895305592112,1.442453158826219,1.8443757778891803,,self-report; not geometry-derived layer count or success,1.442453158826219,1.442453158826219,1.442453158826219,1.0,,,
development,s9140111_g0_n2.0_b0_r1.0,9140111,0,2.0,0,1.0,768,rimls_2.0,OK,0.012714786999822536,True,True,0.8106392439094386,1.0491971981723456,2.026868710218545,0.6536458333333334,0.9453125,0.8814536953640962,1.0,1.1505236624257473,0.8106392439094386,1.0459384535034302,,self-report; not geometry-derived layer count or success,0.8106392439094386,0.8106392439094386,0.8106392439094386,1.0,,,
development,s9140111_g0_n2.0_b0_r1.0,9140111,0,2.0,0,1.0,768,rimls_4.0,OK,0.022791439000002356,True,True,0.47766786659861343,0.6001064847360379,1.2256329963861747,0.8984375,0.9986979166666666,0.5281123361599517,1.0,0.6361020814208929,0.47766786659861343,0.5925744113002285,,self-report; not geometry-derived layer count or success,0.47766786659861343,0.47766786659861343,0.47766786659861343,1.0,,,
development,s9140111_g0_n2.0_b0_r1.0,9140111,0,2.0,0,1.0,768,rimls_8.0,OK,0.058688542000027155,True,True,0.38447626328395185,0.47930056894941364,0.9376655509625408,0.9661458333333334,1.0,0.4036786854503942,1.0,0.4902188977081917,0.38447626328395185,0.4599458803640635,,self-report; not geometry-derived layer count or success,0.38447626328395185,0.38447626328395185,0.38447626328395185,1.0,,,
development,s9140111_g0_n2.0_b0_r0.25,9140111,0,2.0,0,0.25,201,identity,OK,0.0004924580000533751,True,True,1.5487757624795064,1.9270742254474837,3.83054370048341,0.42786069651741293,0.7313432835820896,1.4211917182919191,1.0,1.9270742254474837,1.5487757624795064,1.9268742177606537,,self-report; not geometry-derived layer count or success,1.5487757624795064,1.5487757624795064,1.5487757624795064,0.0,,,
development,s9140111_g0_n2.0_b0_r0.25,9140111,0,2.0,0,0.25,201,bias_only,OK,0.0003664680000383669,True,True,1.5158500631413883,1.8959928861004904,3.7229883770357,0.43781094527363185,0.7263681592039801,1.384340846068651,1.0,1.8959960617066665,1.5158500631413883,1.8957895993043052,,self-report; not geometry-derived layer count or success,1.5158500631413883,1.5158500631413883,1.5158500631413883,1.0,,,
development,s9140111_g0_n2.0_b0_r0.25,9140111,0,2.0,0,0.25,201,old_original,APPLY,0.0007821249998869462,True,True,0.10247892370407669,0.11829895603371618,0.20476879490940103,1.0,1.0,0.10522292932138587,1.0,0.11977812532393643,0.10247892370407669,0.11499488547486965,,self-report; not geometry-derived layer count or success,0.10247892370407669,0.10247892370407669,0.10247892370407669,1.0,,,
development,s9140111_g0_n2.0_b0_r0.25,9140111,0,2.0,0,0.25,201,atlas_tied_256,OK,0.0008387790001052053,True,True,0.10199560476538627,0.11773667451834689,0.2040294279435586,1.0,1.0,0.10250247522668236,1.0,0.11794870659203523,0.10199560476538627,0.11441636776856022,,self-report; not geometry-derived layer count or success,0.10199560476538627,0.10199560476538627,0.10199560476538627,1.0,,,
development,s9140111_g0_n2.0_b0_r0.25,9140111,0,2.0,0,0.25,201,atlas_relax_96,OK,0.0041034009998384136,True,True,0.20208741054556778,0.23354283899213663,0.4214813264854762,1.0,1.0,0.20456294777830383,1.0,0.23470035195523387,0.20208741054556778,0.22219192465638646,,self-report; not geometry-derived layer count or success,0.20208741054556778,0.20208741054556778,0.20208741054556778,1.0,,,
development,s9140111_g0_n2.0_b0_r0.25,9140111,0,2.0,0,0.25,201,spatial_12,OK,0.022541148000073008,True,True,0.10247892370407667,0.11829895603371618,0.20476879490940103,1.0,1.0,0.10522292932138586,1.0,0.1197781253239364,0.10247892370407667,0.11499488547486963,,self-report; not geometry-derived layer count or success,0.10247892370407667,0.10247892370407667,0.10247892370407667,1.0,,,
development,s9140111_g0_n2.0_b0_r0.25,9140111,0,2.0,0,0.25,201,spatial_36,OK,0.06162973699997565,True,True,0.10247892370407667,0.11829895603371618,0.20476879490940103,1.0,1.0,0.10522292932138586,1.0,0.1197781253239364,0.10247892370407667,0.11499488547486963,,self-report; not geometry-derived layer count or success,0.10247892370407667,0.10247892370407667,0.10247892370407667,1.0,,,
development,s9140111_g0_n2.0_b0_r0.25,9140111,0,2.0,0,0.25,201,spatial_108,OK,0.17420641299986528,True,True,0.10247892370407667,0.11829895603371618,0.20476879490940103,1.0,1.0,0.10522292932138586,1.0,0.1197781253239364,0.10247892370407667,0.11499488547486963,,self-report; not geometry-derived layer count or success,0.10247892370407667,0.10247892370407667,0.10247892370407667,1.0,,,
development,s9140111_g0_n2.0_b0_r0.25,9140111,0,2.0,0,0.25,201,apss_0.5,OK,0.002325598000197715,True,True,1.489222148477349,1.8687475820516868,3.7229883770357,0.43283582089552236,0.7263681592039801,1.3770308188354246,1.0,1.868764174515834,1.489222148477349,1.8685490736793051,,self-report; not geometry-derived layer count or success,1.489222148477349,1.489222148477349,1.489222148477349,1.0,,,
development,s9140111_g0_n2.0_b0_r0.25,9140111,0,2.0,0,0.25,201,apss_1.0,OK,0.0021918979998645227,True,True,1.3117320422341427,1.6611130108627528,3.0311337962039637,0.472636815920398,0.7910447761194029,1.2606293479144335,1.0,1.6612926124040528,1.3117320422341427,1.6609194677641594,,self-report; not geometry-derived layer count or success,1.3117320422341427,1.3117320422341427,1.3117320422341427,1.0,,,
development,s9140111_g0_n2.0_b0_r0.25,9140111,0,2.0,0,0.25,201,apss_2.0,OK,0.0026352290001341316,True,True,0.7569173577175987,0.9062052743698801,1.694353278108796,0.7164179104477612,0.9850746268656716,0.7503939604694181,1.0,0.9076488468200842,0.7569173577175987,0.9037622691177788,,self-report; not geometry-derived layer count or success,0.7569173577175987,0.7569173577175987,0.7569173577175987,1.0,,,
development,s9140111_g0_n2.0_b0_r0.25,9140111,0,2.0,0,0.25,201,apss_4.0,OK,0.0026456040000084613,True,True,0.37972247436806694,0.45778189394458135,0.8216616094387883,0.9950248756218906,1.0,0.38333899333326416,1.0,0.4603871561338803,0.37972247436806694,0.4561836766795961,,self-report; not geometry-derived layer count or success,0.37972247436806694,0.37972247436806694,0.37972247436806694,1.0,,,
development,s9140111_g0_n2.0_b0_r0.25,9140111,0,2.0,0,0.25,201,apss_8.0,OK,0.002922215999888067,True,True,0.23068805425017944,0.2762135285948376,0.5032717395106057,1.0,1.0,0.23503027629293016,1.0,0.2782072802720786,0.23068805425017944,0.27567522109566694,,self-report; not geometry-derived layer count or success,0.23068805425017944,0.23068805425017944,0.23068805425017944,1.0,,,
development,s9140111_g0_n2.0_b0_r0.25,9140111,0,2.0,0,0.25,201,rimls_0.5,OK,0.0021338340000056633,True,True,1.4828752960653915,1.8620894512039592,3.7229883770357,0.42786069651741293,0.7263681592039801,1.3871458962286074,1.0,1.8635697206112103,1.4828752960653915,1.861859086254396,,self-report; not geometry-derived layer count or success,1.4828752960653915,1.4828752960653915,1.4828752960653915,1.0,,,
development,s9140111_g0_n2.0_b0_r0.25,9140111,0,2.0,0,0.25,201,rimls_1.0,OK,0.00261558000011064,True,True,1.2786102279839267,1.619103059798543,2.974499724782648,0.4626865671641791,0.8009950248756219,1.267333511186353,1.0,1.6295122539115654,1.2786102279839267,1.6189118936829052,,self-report; not geometry-derived layer count or success,1.2786102279839267,1.2786102279839267,1.2786102279839267,1.0,,,
development,s9140111_g0_n2.0_b0_r0.25,9140111,0,2.0,0,0.25,201,rimls_2.0,OK,0.003884835999997449,True,True,0.7123756846114574,0.8465564124584473,1.53306559301583,0.7114427860696517,0.9950248756218906,0.7494790074296643,1.0,0.8741792497613639,0.7123756846114574,0.8439679307603628,,self-report; not geometry-derived layer count or success,0.7123756846114574,0.7123756846114574,0.7123756846114574,1.0,,,
development,s9140111_g0_n2.0_b0_r0.25,9140111,0,2.0,0,0.25,201,rimls_4.0,OK,0.005847633000030328,True,True,0.42803719252817923,0.519350450651,0.9367905727665974,0.9701492537313433,1.0,0.4457402085399818,1.0,0.5287799993823451,0.42803719252817923,0.5184748588891245,,self-report; not geometry-derived layer count or success,0.42803719252817923,0.42803719252817923,0.42803719252817923,1.0,,,
development,s9140111_g0_n2.0_b0_r0.25,9140111,0,2.0,0,0.25,201,rimls_8.0,OK,0.01129552500015052,True,True,0.3125648619632773,0.3739930396299633,0.6835017302500296,1.0,1.0,0.32008489597329326,1.0,0.37750499361215956,0.3125648619632773,0.3733506596158647,,self-report; not geometry-derived layer count or success,0.3125648619632773,0.3125648619632773,0.3125648619632773,1.0,,,
development,s9140111_g0_n2.0_b4_r1.0,9140111,0,2.0,4,1.0,768,identity,OK,0.0008237259999077651,True,True,3.7071251734227904,4.468882821939601,8.693667685584462,0.14192708333333334,0.3815104166666667,2.371339586689651,1.0,4.468882821939601,3.7071251734227904,4.467995557860784,,self-report; not geometry-derived layer count or success,3.7071251734227904,3.7071251734227904,3.7071251734227904,0.0,,,
development,s9140111_g0_n2.0_b4_r1.0,9140111,0,2.0,4,1.0,768,bias_only,OK,0.0006915540000136389,True,True,1.52541511325364,1.9226435220550955,3.8405576769730154,0.4622395833333333,0.8046875,1.2515694613263901,1.0,1.9227508116801268,1.52541511325364,1.9205803137950967,,self-report; not geometry-derived layer count or success,1.52541511325364,1.52541511325364,1.52541511325364,1.0,,,
development,s9140111_g0_n2.0_b4_r1.0,9140111,0,2.0,4,1.0,768,old_original,APPLY,0.0013072479998754716,True,True,0.19369553214227478,0.28180978396026485,0.7232940467475483,0.9934895833333334,1.0,0.19659558523309761,1.0,0.282695929898686,0.19369553214227478,0.26737124597192846,,self-report; not geometry-derived layer count or success,0.19369553214227478,0.19369553214227478,0.19369553214227478,1.0,,,
development,s9140111_g0_n2.0_b4_r1.0,9140111,0,2.0,4,1.0,768,atlas_tied_256,OK,0.0017275139998673694,True,True,0.12042517880222355,0.14411632291566748,0.23025238393947925,1.0,1.0,0.12356174364499979,1.0,0.1455792508297949,0.12042517880222355,0.08072463782188688,,self-report; not geometry-derived layer count or success,0.12042517880222355,0.12042517880222355,0.12042517880222355,1.0,,,
development,s9140111_g0_n2.0_b4_r1.0,9140111,0,2.0,4,1.0,768,atlas_relax_96,OK,0.012238742000135971,True,True,0.2698673500842752,0.32272097902361324,0.5780845687754529,0.9986979166666666,1.0,0.27767991727058744,1.0,0.3268001262130861,0.2698673500842752,0.31295622751813396,,self-report; not geometry-derived layer count or success,0.2698673500842752,0.2698673500842752,0.2698673500842752,1.0,,,
development,s9140111_g0_n2.0_b4_r1.0,9140111,0,2.0,4,1.0,768,spatial_12,OK,0.03797668399988652,True,True,0.08943203767055037,0.10010811466429603,0.1628138725516242,1.0,1.0,0.0933139879276154,1.0,0.10259557131474133,0.08943203767055037,0.04574126647230201,,self-report; not geometry-derived layer count or success,0.08943203767055037,0.08943203767055037,0.08943203767055037,1.0,,,
development,s9140111_g0_n2.0_b4_r1.0,9140111,0,2.0,4,1.0,768,spatial_36,OK,0.10486211399984313,True,True,0.08943203767055037,0.10010811466429603,0.1628138725516242,1.0,1.0,0.0933139879276154,1.0,0.10259557131474133,0.08943203767055037,0.04574126647230201,,self-report; not geometry-derived layer count or success,0.08943203767055037,0.08943203767055037,0.08943203767055037,1.0,,,
development,s9140111_g0_n2.0_b4_r1.0,9140111,0,2.0,4,1.0,768,spatial_108,OK,0.31499368799995864,True,True,0.08943203767055037,0.10010811466429603,0.1628138725516242,1.0,1.0,0.0933139879276154,1.0,0.10259557131474133,0.08943203767055037,0.04574126647230201,,self-report; not geometry-derived layer count or success,0.08943203767055037,0.08943203767055037,0.08943203767055037,1.0,,,
development,s9140111_g0_n2.0_b4_r1.0,9140111,0,2.0,4,1.0,768,apss_0.5,OK,0.005390502000182096,True,True,1.521293106413007,1.9193548874359128,3.8405576769730154,0.4622395833333333,0.7981770833333334,1.2573849815143279,1.0,1.9194713543578632,1.521293106413007,1.9172697107962648,,self-report; not geometry-derived layer count or success,1.521293106413007,1.521293106413007,1.521293106413007,1.0,,,
development,s9140111_g0_n2.0_b4_r1.0,9140111,0,2.0,4,1.0,768,apss_1.0,FAILED,0.0051595150000594,,,,,,,,,,,,,,,,,,,,,
development,s9140111_g0_n2.0_b4_r1.0,9140111,0,2.0,4,1.0,768,apss_2.0,OK,0.008134181999821521,True,True,0.97611121751528,1.2719836203604247,2.5392304766578104,0.6263020833333334,0.9231770833333334,0.9023222535347571,1.0,1.2739822955264009,0.97611121751528,1.2681986767150017,,self-report; not geometry-derived layer count or success,0.97611121751528,0.97611121751528,0.97611121751528,1.0,,,
development,s9140111_g0_n2.0_b4_r1.0,9140111,0,2.0,4,1.0,768,apss_4.0,OK,0.009159221999880174,True,True,0.4702366845068513,0.5876970813754608,1.1607390762429204,0.9114583333333334,0.9986979166666666,0.47465586973805135,1.0,0.5945619727501633,0.4702366845068513,0.5804526580646385,,self-report; not geometry-derived layer count or success,0.4702366845068513,0.4702366845068513,0.4702366845068513,1.0,,,
development,s9140111_g0_n2.0_b4_r1.0,9140111,0,2.0,4,1.0,768,apss_8.0,OK,0.01145118099998399,True,True,0.3121047794575125,0.388146496283236,0.7666584641102333,0.99609375,1.0,0.3222831440159497,1.0,0.3946608643828948,0.3121047794575125,0.3737326861989963,,self-report; not geometry-derived layer count or success,0.3121047794575125,0.3121047794575125,0.3121047794575125,1.0,,,
development,s9140111_g0_n2.0_b4_r1.0,9140111,0,2.0,4,1.0,768,rimls_0.5,OK,0.0067553960000168445,True,True,1.5190147646933145,1.918225294970419,3.8405576769730154,0.4596354166666667,0.7981770833333334,1.2601014343203312,1.0,1.918569309331996,1.5190147646933145,1.9161007941891426,,self-report; not geometry-derived layer count or success,1.5190147646933145,1.5190147646933145,1.5190147646933145,1.0,,,
development,s9140111_g0_n2.0_b4_r1.0,9140111,0,2.0,4,1.0,768,rimls_1.0,OK,0.0077499480000824406,True,True,1.4425414371475724,1.8468714992494057,3.8048449047800394,0.4674479166666667,0.7890625,1.2531986684983265,1.0,1.8536168857610518,1.4425414371475724,1.844564737798618,,self-report; not geometry-derived layer count or success,1.4425414371475724,1.4425414371475724,1.4425414371475724,1.0,,,
development,s9140111_g0_n2.0_b4_r1.0,9140111,0,2.0,4,1.0,768,rimls_2.0,OK,0.012726864000114801,True,True,0.811376383856155,1.0503010281680911,2.0291152964555637,0.6549479166666666,0.9453125,0.8822816224949767,1.0,1.1516644580428912,0.811376383856155,1.0470150130910887,,self-report; not geometry-derived layer count or success,0.811376383856155,0.811376383856155,0.811376383856155,1.0,,,
development,s9140111_g0_n2.0_b4_r1.0,9140111,0,2.0,4,1.0,768,rimls_4.0,OK,0.02376569600005496,True,True,0.4769622318379532,0.5997458316283905,1.2257299447048664,0.8971354166666666,0.9986979166666666,0.5280137936539161,1.0,0.6359517988412897,0.4769622318379532,0.5922523947400219,,self-report; not geometry-derived layer count or success,0.4769622318379532,0.4769622318379532,0.4769622318379532,1.0,,,
development,s9140111_g0_n2.0_b4_r1.0,9140111,0,2.0,4,1.0,768,rimls_8.0,OK,0.05845420799983003,True,True,0.38297635096001587,0.4775853042489612,0.9333051939173758,0.96875,1.0,0.40291996225309296,1.0,0.48866862132359407,0.38297635096001587,0.4582722830784712,,self-report; not geometry-derived layer count or success,0.38297635096001587,0.38297635096001587,0.38297635096001587,1.0,,,
development,s9140111_g0_n2.0_b4_r0.25,9140111,0,2.0,4,0.25,201,identity,OK,0.0005390270000589226,True,True,3.6630574124291098,4.469429392725025,8.656274491546677,0.17412935323383086,0.31840796019900497,2.907952861879175,1.0,4.469429392725025,3.6630574124291098,4.46688373459499,,self-report; not geometry-derived layer count or success,3.6630574124291098,3.6630574124291098,3.6630574124291098,0.0,,,
development,s9140111_g0_n2.0_b4_r0.25,9140111,0,2.0,4,0.25,201,bias_only,OK,0.0003877139999985957,True,True,1.5180982029615049,1.9017820512359367,3.600054387697344,0.43781094527363185,0.7263681592039801,1.3917026242471848,1.0,1.9021975637230277,1.5180982029615049,1.8957917006459515,,self-report; not geometry-derived layer count or success,1.5180982029615049,1.5180982029615049,1.5180982029615049,1.0,,,
development,s9140111_g0_n2.0_b4_r0.25,9140111,0,2.0,4,0.25,201,old_original,APPLY,0.0008012599998892256,True,True,0.15621853187665352,0.18966526762288932,0.3278528984922579,1.0,1.0,0.16585055293799872,1.0,0.1946311605995376,0.15621853187665352,0.1149961546199007,,self-report; not geometry-derived layer count or success,0.15621853187665352,0.15621853187665352,0.15621853187665352,1.0,,,
development,s9140111_g0_n2.0_b4_r0.25,9140111,0,2.0,4,0.25,201,atlas_tied_256,OK,0.0008102169999801845,True,True,0.15605134200624282,0.18931502980184942,0.32703758699942176,1.0,1.0,0.16442957344389927,1.0,0.19353274735400303,0.15605134200624282,0.11441757882326045,,self-report; not geometry-derived layer count or success,0.15605134200624282,0.15605134200624282,0.15605134200624282,1.0,,,
development,s9140111_g0_n2.0_b4_r0.25,9140111,0,2.0,4,0.25,201,atlas_relax_96,OK,0.004545376000123724,True,True,0.2546991837732864,0.2955293157666552,0.4911628075778159,1.0,1.0,0.2621521712102183,1.0,0.2990923095104372,0.2546991837732864,0.22213205462224764,,self-report; not geometry-derived layer count or success,0.2546991837732864,0.2546991837732864,0.2546991837732864,1.0,,,
development,s9140111_g0_n2.0_b4_r0.25,9140111,0,2.0,4,0.25,201,spatial_12,OK,0.022910986999931993,True,True,0.15621853187665344,0.18966526762288924,0.32785289849225785,1.0,1.0,0.1658505529379986,1.0,0.19463116059953753,0.15621853187665344,0.11499615461990068,,self-report; not geometry-derived layer count or success,0.15621853187665344,0.15621853187665344,0.15621853187665344,1.0,,,
development,s9140111_g0_n2.0_b4_r0.25,9140111,0,2.0,4,0.25,201,spatial_36,OK,0.05984232700006942,True,True,0.15621853187665344,0.18966526762288924,0.32785289849225785,1.0,1.0,0.1658505529379986,1.0,0.19463116059953753,0.15621853187665344,0.11499615461990068,,self-report; not geometry-derived layer count or success,0.15621853187665344,0.15621853187665344,0.15621853187665344,1.0,,,
development,s9140111_g0_n2.0_b4_r0.25,9140111,0,2.0,4,0.25,201,spatial_108,OK,0.17252690400005122,True,True,0.15621853187665344,0.18966526762288924,0.32785289849225785,1.0,1.0,0.1658505529379986,1.0,0.19463116059953753,0.15621853187665344,0.11499615461990068,,self-report; not geometry-derived layer count or success,0.15621853187665344,0.15621853187665344,0.15621853187665344,1.0,,,
development,s9140111_g0_n2.0_b4_r0.25,9140111,0,2.0,4,0.25,201,apss_0.5,OK,0.0021143589999610413,True,True,1.4945560828381728,1.8747989290029468,3.600054387697344,0.4228855721393035,0.7263681592039801,1.3869926010207436,1.0,1.8752292970766538,1.4945560828381728,1.868766956151283,,self-report; not geometry-derived layer count or success,1.4945560828381728,1.4945560828381728,1.4945560828381728,1.0,,,
development,s9140111_g0_n2.0_b4_r0.25,9140111,0,2.0,4,0.25,201,apss_1.0,OK,0.0020990010000332404,True,True,1.3249208040685978,1.66776916669778,2.964783128934599,0.4577114427860697,0.7761194029850746,1.2750494866983868,1.0,1.6684059926779942,1.3249208040685978,1.661137511548523,,self-report; not geometry-derived layer count or success,1.3249208040685978,1.3249208040685978,1.3249208040685978,1.0,,,
development,s9140111_g0_n2.0_b4_r0.25,9140111,0,2.0,4,0.25,201,apss_2.0,OK,0.0026689779999742314,True,True,0.777175109172466,0.9234258896233449,1.7187755198248882,0.7164179104477612,0.9850746268656716,0.7697698822396274,1.0,0.9255633372161602,0.777175109172466,0.9038360558988039,,self-report; not geometry-derived layer count or success,0.777175109172466,0.777175109172466,0.777175109172466,1.0,,,
development,s9140111_g0_n2.0_b4_r0.25,9140111,0,2.0,4,0.25,201,apss_4.0,OK,0.0028737510001519695,True,True,0.4071059479735363,0.483447741959187,0.8465782603069132,0.9900497512437811,1.0,0.4138026839841702,1.0,0.48735356519175044,0.4071059479735363,0.4559183004826464,,self-report; not geometry-derived layer count or success,0.4071059479735363,0.4071059479735363,0.4071059479735363,1.0,,,
development,s9140111_g0_n2.0_b4_r0.25,9140111,0,2.0,4,0.25,201,apss_8.0,OK,0.002961443000003783,True,True,0.2546060669096651,0.3083011447001442,0.6020794307554101,1.0,1.0,0.2630378896201618,1.0,0.3126905255256942,0.2546060669096651,0.2752077896399863,,self-report; not geometry-derived layer count or success,0.2546060669096651,0.2546060669096651,0.2546060669096651,1.0,,,
development,s9140111_g0_n2.0_b4_r0.25,9140111,0,2.0,4,0.25,201,rimls_0.5,OK,0.0021357570001327986,True,True,1.488044899275516,1.868482675794833,3.600054387697344,0.4129353233830846,0.7263681592039801,1.3953973286394596,1.0,1.87047819792627,1.488044899275516,1.8622545886337447,,self-report; not geometry-derived layer count or success,1.488044899275516,1.488044899275516,1.488044899275516,1.0,,,
development,s9140111_g0_n2.0_b4_r0.25,9140111,0,2.0,4,0.25,201,rimls_1.0,OK,0.002545267999948919,True,True,1.2922043275694495,1.6261465646482753,2.9500157056404746,0.44776119402985076,0.7711442786069652,1.2818155602042938,1.0,1.6370113450424904,1.2922043275694495,1.6193787483620172,,self-report; not geometry-derived layer count or success,1.2922043275694495,1.2922043275694495,1.2922043275694495,1.0,,,
development,s9140111_g0_n2.0_b4_r0.25,9140111,0,2.0,4,0.25,201,rimls_2.0,OK,0.003803104999860807,True,True,0.7284510608182858,0.8647765492367022,1.6010558878615866,0.736318407960199,0.9950248756218906,0.7676081960943484,1.0,0.8921855496604653,0.7284510608182858,0.8440060639948083,,self-report; not geometry-derived layer count or success,0.7284510608182858,0.7284510608182858,0.7284510608182858,1.0,,,
development,s9140111_g0_n2.0_b4_r0.25,9140111,0,2.0,4,0.25,201,rimls_4.0,OK,0.006133462999969197,True,True,0.455195951411991,0.5393270824271218,0.9460789787722297,0.9651741293532339,1.0,0.4749119169047857,1.0,0.5492373640882365,0.455195951411991,0.5176609246353758,,self-report; not geometry-derived layer count or success,0.455195951411991,0.455195951411991,0.455195951411991,1.0,,,
development,s9140111_g0_n2.0_b4_r0.25,9140111,0,2.0,4,0.25,201,rimls_8.0,OK,0.01127548299996306,True,True,0.32930341935114776,0.3838676424556857,0.6386983024682262,1.0,1.0,0.339837197597901,1.0,0.38911580413109204,0.32930341935114776,0.3717921325055671,,self-report; not geometry-derived layer count or success,0.32930341935114776,0.32930341935114776,0.32930341935114776,1.0,,,
development,s9140111_g2_n0.5_b0_r1.0,9140111,2,0.5,0,1.0,768,identity,OK,0.0008263500001248758,True,True,0.3822967282283432,0.4816396264149848,0.9642306553384736,0.9609375,1.0,0.37722457377544233,1.0,0.4816396264149848,0.3822967282283432,0.48112422586953524,,self-report; not geometry-derived layer count or success,0.3813653719674621,0.38567429731900826,0.3822967282283432,0.0,2.001617238182629,0.0016172381826291549,1.0008086190913146
development,s9140111_g2_n0.5_b0_r1.0,9140111,2,0.5,0,1.0,768,bias_only,OK,0.0007283389998065104,True,True,0.38054558511672026,0.48093635306761706,0.9615571196529127,0.9596354166666666,1.0,0.3754835935484044,1.0,0.48099909870094604,0.38057575808324023,0.4804608121898342,,self-report; not geometry-derived layer count or success,0.3798282155811603,0.3832867254703008,0.38054558511672026,0.9296875,1.9978260189660926,0.002173981033907424,0.9989130094830463
development,s9140111_g2_n0.5_b0_r1.0,9140111,2,0.5,0,1.0,768,old_original,APPLY,0.001434471000038684,True,True,0.1280097625083414,0.2363353984407695,0.49795789694741444,0.9947916666666666,1.0,0.12543075291008057,1.0,0.23756952157583594,0.1283015744367142,0.2353939277931216,,self-report; not geometry-derived layer count or success,0.1223616881207689,0.14984260794393744,0.1280097625083414,0.9296875,1.9495679301057183,0.05043206989428173,0.9747839650528591
development,s9140111_g2_n0.5_b0_r1.0,9140111,2,0.5,0,1.0,768,atlas_tied_256,OK,0.001874654000175724,True,True,0.08706971086095705,0.16424987642461092,0.16721519692095685,0.9973958333333334,1.0,0.08557165193614559,1.0,0.16425377616223003,0.08706971086095705,0.15974038475604144,,self-report; not geometry-derived layer count or success,0.08643941978994715,0.08935546522690853,0.08706971086095705,0.9296875,1.9681402379370205,0.03185976206297947,0.9840701189685103
development,s9140111_g2_n0.5_b0_r1.0,9140111,2,0.5,0,1.0,768,atlas_relax_96,OK,0.015457904999948369,True,True,0.09895338044160158,0.16587941861740416,0.21175749429951202,0.9973958333333334,1.0,0.09765811620816751,1.0,0.1659649053367288,0.09895338044160161,0.16457436182268503,,self-report; not geometry-derived layer count or success,0.09767269281508437,0.10359780183415195,0.09895338044160158,0.9296875,1.9771137338948919,0.022886266105108133,0.9885568669474459
development,s9140111_g2_n0.5_b0_r1.0,9140111,2,0.5,0,1.0,768,spatial_12,OK,0.03869162900014089,True,True,0.061087191408297666,0.15420566444893322,0.16721519692095685,0.9973958333333334,1.0,0.059565851081864137,1.0,0.1542104055615977,0.06108719140829768,0.15231816519075148,,self-report; not geometry-derived layer count or success,0.05903331268830184,0.06853559495912595,0.061087191408297666,0.9296875,1.9654813578532537,0.03451864214674627,0.9827406789266269
development,s9140111_g2_n0.5_b0_r1.0,9140111,2,0.5,0,1.0,768,spatial_36,OK,0.10342765300015344,True,True,0.06108719243612948,0.15420566491606397,0.16721519692095685,0.9973958333333334,1.0,0.059565852105140794,1.0,0.15421040602871364,0.0610871924361295,0.15231816540521476,,self-report; not geometry-derived layer count or success,0.05903331379288824,0.06853559570860678,0.06108719243612948,0.9296875,1.9654813563460893,0.03451864365391066,0.9827406781730447
development,s9140111_g2_n0.5_b0_r1.0,9140111,2,0.5,0,1.0,768,spatial_108,OK,0.3036283960000219,True,True,0.06108719243613053,0.15420566491606447,0.16721519692095685,0.9973958333333334,1.0,0.05956585210514185,1.0,0.15421040602871416,0.06108719243613054,0.1523181654052152,,self-report; not geometry-derived layer count or success,0.05903331379288951,0.06853559570860704,0.06108719243613053,0.9296875,1.9654813563460891,0.034518643653910885,0.9827406781730446
development,s9140111_g2_n0.5_b0_r1.0,9140111,2,0.5,0,1.0,768,apss_0.5,OK,0.005218281999987084,True,True,0.3677931954250992,0.4685887970869493,0.9513850629205616,0.9609375,1.0,0.36616352755023324,1.0,0.4686048373669632,0.3677931954250992,0.46802488950532284,,self-report; not geometry-derived layer count or success,0.3668985034501068,0.3710378012621199,0.3677931954250992,0.9296875,1.9978611391836272,0.002138860816372823,0.9989305695918136
development,s9140111_g2_n0.5_b0_r1.0,9140111,2,0.5,0,1.0,768,apss_1.0,OK,0.0055854400000043825,True,True,0.3036948688153888,0.3944602617522715,0.7970951377449833,0.98046875,1.0,0.3038333238865474,1.0,0.39455981373436466,0.3036948688153888,0.39374315085901673,,self-report; not geometry-derived layer count or success,0.3015856426620886,0.3113439901665134,0.3036948688153888,0.9296875,1.9859382631625522,0.014061736837447825,0.9929691315812761
development,s9140111_g2_n0.5_b0_r1.0,9140111,2,0.5,0,1.0,768,apss_2.0,OK,0.007781120999879931,True,True,0.18753407202556507,0.24336227861302287,0.49471185818168145,0.9986979166666666,1.0,0.1889737704461054,1.0,0.2441255527698631,0.18753407202556507,0.2416291714519899,,self-report; not geometry-derived layer count or success,0.18636751748991964,0.19176458907652022,0.18753407202556507,0.9296875,1.9498969596039886,0.05010304039601143,0.9749484798019943
development,s9140111_g2_n0.5_b0_r1.0,9140111,2,0.5,0,1.0,768,apss_4.0,OK,0.008797086999948078,True,True,0.1499243267439145,0.21532739022833608,0.46959022164943826,0.9986979166666666,1.0,0.1512188028955613,1.0,0.2166869464169026,0.1499243267439145,0.2097505547602385,,self-report; not geometry-derived layer count or success,0.14984252823671856,0.1502209695230227,0.1499243267439145,0.9296875,1.9029257852128318,0.09707421478716816,0.9514628926064159
development,s9140111_g2_n0.5_b0_r1.0,9140111,2,0.5,0,1.0,768,apss_8.0,OK,0.010676959000193165,True,True,0.16280776450041826,0.2557076335066392,0.6485742529226171,0.99609375,1.0,0.16374410705527936,1.0,0.256578917502309,0.1628079634617434,0.24133720040290368,,self-report; not geometry-derived layer count or success,0.1650451531706325,0.17539552483585433,0.16280776450041826,0.9296875,1.8283195701508257,0.1716804298491743,0.9141597850754128
development,s9140111_g2_n0.5_b0_r1.0,9140111,2,0.5,0,1.0,768,rimls_0.5,OK,0.006673584000054689,True,True,0.3660194211201632,0.46682324677165604,0.9513850629205616,0.9596354166666666,1.0,0.36605242502361507,1.0,0.4672660799976318,0.3660194211201632,0.4662596063086368,,self-report; not geometry-derived layer count or success,0.3649677755630144,0.36983322006837765,0.3660194211201632,0.9296875,1.9979364726156816,0.0020635273843183644,0.9989682363078408
development,s9140111_g2_n0.5_b0_r1.0,9140111,2,0.5,0,1.0,768,rimls_1.0,OK,0.007674950999899011,True,True,0.29846456692910456,0.38803878282554694,0.7944319849708402,0.98046875,1.0,0.30264831930916836,1.0,0.39011669569243346,0.29846456692910456,0.3873321482857068,,self-report; not geometry-derived layer count or success,0.2959110678407004,0.3077248467557267,0.29846456692910456,0.9296875,1.9859000043933253,0.014099995606674742,0.9929500021966626
development,s9140111_g2_n0.5_b0_r1.0,9140111,2,0.5,0,1.0,768,rimls_2.0,OK,0.012101992999987488,True,True,0.18767703292212354,0.24333695382160483,0.4972081643306516,0.9973958333333334,1.0,0.1923210861213227,1.0,0.2469102542137673,0.18767703292212357,0.24205149955055516,,self-report; not geometry-derived layer count or success,0.18617696036366116,0.19311705509196905,0.18767703292212354,0.9296875,1.9586560676044855,0.04134393239551448,0.9793280338022428
development,s9140111_g2_n0.5_b0_r1.0,9140111,2,0.5,0,1.0,768,rimls_4.0,OK,0.02155661400001918,True,True,0.16114467595071436,0.223785241727865,0.4682468552642091,0.9973958333333334,1.0,0.16423830629418545,1.0,0.227521777501641,0.16114467595071436,0.22245378951323128,,self-report; not geometry-derived layer count or success,0.1596256512812369,0.16665342806532524,0.16114467595071436,0.9296875,1.9524702501058613,0.04752974989413872,0.9762351250529306
development,s9140111_g2_n0.5_b0_r1.0,9140111,2,0.5,0,1.0,768,rimls_8.0,OK,0.05243787699987479,True,True,0.18521605301183827,0.2614463259645784,0.5853376307844065,0.99609375,1.0,0.18721725463477443,1.0,0.26381730921566515,0.18524752899976119,0.261373007899241,,self-report; not geometry-derived layer count or success,0.1856854679080764,0.1877115949055829,0.18521605301183827,0.9296875,1.9798125522026195,0.020187447797380464,0.9899062761013098
development,s9140111_g2_n0.5_b0_r0.25,9140111,2,0.5,0,0.25,415,identity,OK,0.0005898479998904804,True,True,0.37601894048714796,0.47457421636392944,0.9458141368439077,0.9590361445783132,1.0,0.37176538061483216,1.0,0.47457421636392944,0.37601894048714807,0.47422619425094775,,self-report; not geometry-derived layer count or success,0.37516800344293916,0.37705644661591603,0.37601894048714796,0.0,1.9812885925078239,0.018711407492176146,0.9906442962539119
development,s9140111_g2_n0.5_b0_r0.25,9140111,2,0.5,0,0.25,415,bias_only,OK,0.0004926409999370662,True,True,0.37618394839511987,0.47385825046054647,0.9272977239317717,0.9614457831325302,1.0,0.3716839278025904,1.0,0.4738582803996505,0.37618394839511987,0.4734701344395593,,self-report; not geometry-derived layer count or success,0.37625258135596273,0.3764048951460685,0.37618394839511987,0.9951807228915662,1.976739032803987,0.023260967196012894,0.9883695164019936
development,s9140111_g2_n0.5_b0_r0.25,9140111,2,0.5,0,0.25,415,old_original,APPLY,0.0009447800000543793,True,True,0.19272406168533182,0.2551552691563183,0.5221736645433632,0.9493975903614458,1.0,0.23349534594593688,1.0,0.38291440573621144,0.23348294170104744,0.3501999325301051,,self-report; not geometry-derived layer count or success,0.2567305899444843,0.30832296438847523,0.19272406168533182,0.9951807228915662,1.656283786912419,0.34371621308758105,0.8281418934562095
development,s9140111_g2_n0.5_b0_r0.25,9140111,2,0.5,0,0.25,415,atlas_tied_256,OK,0.0012382049999359879,True,True,0.07295567339079151,0.20198646852537225,0.12333776315439934,0.9927710843373494,1.0,0.06785501212584548,1.0,0.20199102581537712,0.07295567339079151,0.1981519640471615,,self-report; not geometry-derived layer count or success,0.06811738490702379,0.07885476309292538,0.07295567339079151,0.9951807228915662,1.9752799269077077,0.024720073092292294,0.9876399634538539
development,s9140111_g2_n0.5_b0_r0.25,9140111,2,0.5,0,0.25,415,atlas_relax_96,OK,0.009575562000009086,True,True,0.07961283636043286,0.17386276093770311,0.15955534038179725,0.9951807228915662,1.0,0.07598660625365335,1.0,0.1739196339400056,0.07961283636043286,0.17234250855272806,,self-report; not geometry-derived layer count or success,0.08067884765471439,0.08304459464469746,0.07961283636043286,0.9951807228915662,1.9585168596869948,0.04148314031300515,0.9792584298434974
development,s9140111_g2_n0.5_b0_r0.25,9140111,2,0.5,0,0.25,415,spatial_12,OK,0.02907071899994662,True,True,0.11415011380325522,0.2028254568782399,0.2860223432687648,0.9927710843373494,1.0,0.11064644984383254,1.0,0.20282782161061796,0.11415011380325522,0.19965913581404104,,self-report; not geometry-derived layer count or success,0.1241583443386556,0.14636912333433025,0.11415011380325522,0.9951807228915662,1.9276619793218877,0.07233802067811235,0.9638309896609438
development,s9140111_g2_n0.5_b0_r0.25,9140111,2,0.5,0,0.25,415,spatial_36,OK,0.07762884999988273,True,True,0.05822850571181832,0.12135793928048039,0.10453131215383955,0.9975903614457832,1.0,0.05804722710872392,1.0,0.1213617932372965,0.05822850571181832,0.11986276164588364,,self-report; not geometry-derived layer count or success,0.05947059007624624,0.062227087462543504,0.05822850571181832,0.9951807228915662,1.9773365826722251,0.022663417327774882,0.9886682913361126
development,s9140111_g2_n0.5_b0_r0.25,9140111,2,0.5,0,0.25,415,spatial_108,OK,0.22294621200012443,True,True,0.05822850571181818,0.12135793928048033,0.10453131215383936,0.9975903614457832,1.0,0.05804722710872377,1.0,0.12136179323729644,0.05822850571181818,0.11986276164588354,,self-report; not geometry-derived layer count or success,0.05947059007624607,0.06222708746254326,0.05822850571181818,0.9951807228915662,1.9773365826722256,0.022663417327774438,0.9886682913361128
development,s9140111_g2_n0.5_b0_r0.25,9140111,2,0.5,0,0.25,415,apss_0.5,OK,0.0033405489998585836,True,True,0.3538477373368404,0.4507989304108899,0.9013361183208365,0.9686746987951808,1.0,0.3522185163119331,1.0,0.4508164352215895,0.3538477373368404,0.4504450751365563,,self-report; not geometry-derived layer count or success,0.34973966687349933,0.3588565077413419,0.3538477373368404,0.9951807228915662,1.9782187557010955,0.02178124429890449,0.9891093778505478
development,s9140111_g2_n0.5_b0_r0.25,9140111,2,0.5,0,0.25,415,apss_1.0,OK,0.0034665680000216526,True,True,0.2785378718074566,0.3626371506377185,0.7362429371759259,0.9855421686746988,1.0,0.2787555318780933,1.0,0.36271225204449004,0.2785378718074566,0.36189891937231433,,self-report; not geometry-derived layer count or success,0.27498252775961246,0.28287272979092437,0.2785378718074566,0.9951807228915662,1.968728022768218,0.03127197723178199,0.984364011384109
development,s9140111_g2_n0.5_b0_r0.25,9140111,2,0.5,0,0.25,415,apss_2.0,OK,0.004424843000151668,True,True,0.16714710906966546,0.21974471346737717,0.44256051074050684,1.0,1.0,0.167925017662238,1.0,0.22010815990519417,0.16714710906966546,0.21726463785072633,,self-report; not geometry-derived layer count or success,0.1660306240483281,0.168508384924558,0.16714710906966546,0.9951807228915662,1.9436677666328632,0.056332233367136775,0.9718338833164316
development,s9140111_g2_n0.5_b0_r0.25,9140111,2,0.5,0,0.25,415,apss_4.0,OK,0.005307202000039979,True,True,0.13843320215574334,0.20775482551162827,0.46333112377545016,1.0,1.0,0.13924938136013293,1.0,0.20834576015155132,0.13843320215574334,0.1983061282618109,,self-report; not geometry-derived layer count or success,0.14238393260258145,0.15115159642845216,0.13843320215574334,0.9951807228915662,1.885496157383213,0.11450384261678703,0.9427480786916065
development,s9140111_g2_n0.5_b0_r0.25,9140111,2,0.5,0,0.25,415,apss_8.0,OK,0.006452869999975519,True,True,0.17404569678313464,0.2725390946616618,0.6408574690365562,0.9879518072289156,1.0,0.17706030042690246,1.0,0.28206798988820936,0.17658887227066625,0.25080533059835997,,self-report; not geometry-derived layer count or success,0.1824968751908935,0.19560821857000746,0.17404569678313464,0.9951807228915662,1.7499782512865865,0.25002174871341354,0.8749891256432932
development,s9140111_g2_n0.5_b0_r0.25,9140111,2,0.5,0,0.25,415,rimls_0.5,OK,0.0037770789999740373,True,True,0.35449611675509185,0.4517227896275985,0.9064600963170214,0.9686746987951808,1.0,0.3541247969273938,1.0,0.4522953627539696,0.35449611675509185,0.45135398050713377,,self-report; not geometry-derived layer count or success,0.350209054378671,0.3597231232889097,0.35449611675509185,0.9951807228915662,1.9778066823225589,0.02219331767744115,0.9889033411612794
development,s9140111_g2_n0.5_b0_r0.25,9140111,2,0.5,0,0.25,415,rimls_1.0,OK,0.004495713999858708,True,True,0.2795437437289274,0.3643262379064372,0.7355525612029834,0.9855421686746988,1.0,0.28365526412851205,1.0,0.36628083259350835,0.27954374372892743,0.36364790657407187,,self-report; not geometry-derived layer count or success,0.2758396978472216,0.28405990662213015,0.2795437437289274,0.9951807228915662,1.9705464617723665,0.029453538227633524,0.9852732308861832
development,s9140111_g2_n0.5_b0_r0.25,9140111,2,0.5,0,0.25,415,rimls_2.0,OK,0.006461959000034767,True,True,0.16934259944263402,0.22185224911071602,0.4252437363057892,1.0,1.0,0.1722850945349722,1.0,0.22350449301859251,0.16934259944263402,0.22028010725572275,,self-report; not geometry-derived layer count or success,0.1686754207920712,0.17015605790428281,0.16934259944263402,0.9951807228915662,1.957116941279817,0.04288305872018294,0.9785584706399085
development,s9140111_g2_n0.5_b0_r0.25,9140111,2,0.5,0,0.25,415,rimls_4.0,OK,0.01160230400000728,True,True,0.1414021098779204,0.20488678229589577,0.4192517688529772,0.9975903614457832,1.0,0.14307784625428582,1.0,0.20652931141868522,0.1414021098779204,0.2027971296378934,,self-report; not geometry-derived layer count or success,0.14987740907205266,0.16868622813924455,0.1414021098779204,0.9951807228915662,1.947524228392578,0.052475771607422006,0.973762114196289
development,s9140111_g2_n0.5_b0_r0.25,9140111,2,0.5,0,0.25,415,rimls_8.0,OK,0.026327633999926547,True,True,0.1657010735302085,0.24940428842999668,0.5900293499241063,0.9927710843373494,1.0,0.16841650675947964,1.0,0.25670341598148627,0.16727365986965423,0.25407244094196424,,self-report; not geometry-derived layer count or success,0.18150445152499445,0.2130861549312307,0.1657010735302085,0.9951807228915662,1.9445311573059096,0.05546884269409036,0.9722655786529548
development,s9140111_g2_n0.5_b4_r1.0,9140111,2,0.5,4,1.0,768,identity,OK,0.0008411909998358169,True,True,3.2119051087260915,3.869333321751341,8.16882443593181,0.12890625,0.2643229166666667,2.5004759761519657,1.0,4.0369293070175525,3.4605534033358567,4.0349292723666546,,self-report; not geometry-derived layer count or success,3.4452746157765297,3.515962018460645,3.2119051087260915,0.0,2.2562445611963473,0.2562445611963473,1.1281222805981737
development,s9140111_g2_n0.5_b4_r1.0,9140111,2,0.5,4,1.0,768,bias_only,OK,0.0007545720000052825,True,True,0.5419643538532302,1.0315796103915802,1.542525155225659,0.9075520833333334,0.9674479166666666,0.4828627643275391,1.0,1.146215578136374,0.5878405399762977,1.1451410833339009,,self-report; not geometry-derived layer count or success,0.5553079264094416,0.7058202590561011,0.5419643538532302,0.9283854166666666,2.057737558043591,0.05773755804359082,1.0288687790217954
development,s9140111_g2_n0.5_b4_r1.0,9140111,2,0.5,4,1.0,768,old_original,APPLY,0.0014883700000609679,True,True,0.28976658656426046,0.9428478406213172,1.8110439968946375,0.9427083333333334,0.9713541666666666,0.23104759190510013,1.0,1.0673287357396015,0.33592941164366624,1.0666410507067214,,self-report; not geometry-derived layer count or success,0.2981131751452894,0.4730702211136837,0.28976658656426046,0.9283854166666666,2.008276283600201,0.008276283600201051,1.0041381418001005
development,s9140111_g2_n0.5_b4_r1.0,9140111,2,0.5,4,1.0,768,atlas_tied_256,OK,0.001939393999919048,True,True,0.24889855089883603,0.9274374205067852,1.8003073495373392,0.9466145833333334,0.9700520833333334,0.19039076768327912,1.0,1.0534684312539382,0.2947747370219036,1.0520999645381284,,self-report; not geometry-derived layer count or success,0.26226334665844203,0.41267749002674614,0.24889855089883603,0.9283854166666666,2.026865868059692,0.026865868059692044,1.013432934029846
development,s9140111_g2_n0.5_b4_r1.0,9140111,2,0.5,4,1.0,768,atlas_relax_96,OK,0.01573677599981238,True,True,0.26026339196945975,0.9276303095981917,1.6305914571216213,0.9466145833333334,0.9713541666666666,0.20122385196775294,1.0,1.053650427586218,0.30613957809252723,1.0529148810557063,,self-report; not geometry-derived layer count or success,0.27295208178651836,0.4264942333709449,0.26026339196945975,0.9283854166666666,2.036106607294449,0.036106607294449145,1.0180533036472246
development,s9140111_g2_n0.5_b4_r1.0,9140111,2,0.5,4,1.0,768,spatial_12,OK,0.039237436000121306,True,True,0.2230582756032032,0.9257183685815253,1.8003073495373392,0.9466145833333334,0.9700520833333334,0.16515867522502248,1.0,1.05195516625357,0.2689344617262708,1.0513079944928747,,self-report; not geometry-derived layer count or success,0.23500733809789698,0.39197137994483117,0.2230582756032032,0.9283854166666666,2.024232928469138,0.02423292846913805,1.012116464234569
development,s9140111_g2_n0.5_b4_r1.0,9140111,2,0.5,4,1.0,768,spatial_36,OK,0.10420490100000279,True,True,0.223058276639056,0.9257183686601529,1.8003073495373392,0.9466145833333334,0.9700520833333334,0.16515867622802116,1.0,1.0519551663227618,0.2689344627621235,1.0513079945201482,,self-report; not geometry-derived layer count or success,0.23500733921153297,0.39197138069860255,0.223058276639056,0.9283854166666666,2.024232926946213,0.02423292694621315,1.0121164634731066
development,s9140111_g2_n0.5_b4_r1.0,9140111,2,0.5,4,1.0,768,spatial_108,OK,0.3089248889998544,True,True,0.22305827663905486,0.9257183686601528,1.8003073495373392,0.9466145833333334,0.9700520833333334,0.16515867622802002,1.0,1.0519551663227618,0.2689344627621224,1.0513079945201482,,self-report; not geometry-derived layer count or success,0.23500733921153172,0.3919713806986019,0.22305827663905486,0.9283854166666666,2.0242329269462127,0.024232926946212707,1.0121164634731064
development,s9140111_g2_n0.5_b4_r1.0,9140111,2,0.5,4,1.0,768,apss_0.5,OK,0.0055628570000862965,True,True,0.5267809680731333,1.0246751811454784,1.542525155225659,0.90625,0.9674479166666666,0.471303966155781,1.0,1.14001700277215,0.572657154196201,1.1389173892022941,,self-report; not geometry-derived layer count or success,0.5398384246107617,0.6916744747409869,0.5267809680731333,0.9283854166666666,2.058556584709305,0.058556584709304804,1.0292782923546524
development,s9140111_g2_n0.5_b4_r1.0,9140111,2,0.5,4,1.0,768,apss_1.0,OK,0.006186802999991414,True,True,0.4580295618942771,0.9906111022254889,1.5425078124706522,0.9283854166666666,0.9713541666666666,0.4010640984057265,1.0,1.1095466224623025,0.5039057480173446,1.1085691126334989,,self-report; not geometry-derived layer count or success,0.46954170369579235,0.6285271617617691,0.4580295618942771,0.9283854166666666,2.0433476855821944,0.04334768558219437,1.0216738427910972
development,s9140111_g2_n0.5_b4_r1.0,9140111,2,0.5,4,1.0,768,apss_2.0,OK,0.008255100000042148,True,True,0.3463563372228342,0.9437073096319283,1.41337275352548,0.9453125,0.97265625,0.2893113145567672,1.0,1.0682272136795274,0.3924510063023714,1.0675148248890842,,self-report; not geometry-derived layer count or success,0.3594398299325078,0.5121662362701903,0.3463563372228342,0.9283854166666666,2.004836606700336,0.00483660670033581,1.002418303350168
development,s9140111_g2_n0.5_b4_r1.0,9140111,2,0.5,4,1.0,768,apss_4.0,OK,0.01003387700006897,True,True,0.3123354503937463,0.9383208262722448,1.41337275352548,0.9466145833333334,0.97265625,0.2552083041678064,1.0,1.0633494387093478,0.35821832550442806,1.062483812360412,,self-report; not geometry-derived layer count or success,0.32626914709785015,0.4740822134608133,0.3123354503937463,0.9283854166666666,1.9596945118055384,0.04030548819446156,0.9798472559027692
development,s9140111_g2_n0.5_b4_r1.0,9140111,2,0.5,4,1.0,768,apss_8.0,OK,0.013467476999949213,True,True,0.3247879551608209,0.9480935784244698,1.41337275352548,0.9440104166666666,0.97265625,0.2680881594296866,1.0,1.0719348493343328,0.3706957152287716,1.0699031495177858,,self-report; not geometry-derived layer count or success,0.3410720640116545,0.4781260648233771,0.3247879551608209,0.9283854166666666,1.8868161925118032,0.11318380748819679,0.9434080962559016
development,s9140111_g2_n0.5_b4_r1.0,9140111,2,0.5,4,1.0,768,rimls_0.5,OK,0.006246926999892821,True,True,0.5273217317825901,1.02500917449085,1.542525155225659,0.90625,0.9674479166666666,0.4730824438306116,1.0,1.1404858763185006,0.5731979179056577,1.1392178151420456,,self-report; not geometry-derived layer count or success,0.5403876443226071,0.692184572706841,0.5273217317825901,0.9283854166666666,2.057781265254381,0.05778126525438099,1.0288906326271905
development,s9140111_g2_n0.5_b4_r1.0,9140111,2,0.5,4,1.0,768,rimls_1.0,OK,0.008227305000218621,True,True,0.45997429038636745,0.9917180723016782,1.5425080570345164,0.9283854166666666,0.9674479166666666,0.40758857379607877,1.0,1.1112010578671345,0.5058504765094349,1.109526620783945,,self-report; not geometry-derived layer count or success,0.4714693414070192,0.6305338700736176,0.45997429038636745,0.9283854166666666,2.0452672486627375,0.04526724866273746,1.0226336243313687
development,s9140111_g2_n0.5_b4_r1.0,9140111,2,0.5,4,1.0,768,rimls_2.0,OK,0.012314851000155613,True,True,0.3497117609856099,0.9446802734457244,1.41337275352548,0.9453125,0.97265625,0.29568983077665295,1.0,1.0694914602051877,0.3955879471086774,1.0681467765830424,,self-report; not geometry-derived layer count or success,0.36219997687350114,0.5166696222988948,0.3497117609856099,0.9283854166666666,2.0174880399585353,0.017488039958535317,1.0087440199792677
development,s9140111_g2_n0.5_b4_r1.0,9140111,2,0.5,4,1.0,768,rimls_4.0,OK,0.022039100000029066,True,True,0.3229563098411754,0.9398104021530287,1.41337275352548,0.9466145833333334,0.97265625,0.2673795226507983,1.0,1.06515946636586,0.368832495964243,1.0640515451725394,,self-report; not geometry-derived layer count or success,0.3353999786884871,0.4900757212654784,0.3229563098411754,0.9283854166666666,2.0111288434977386,0.011128843497738572,1.0055644217488693
development,s9140111_g2_n0.5_b4_r1.0,9140111,2,0.5,4,1.0,768,rimls_8.0,OK,0.055059215000028416,True,True,0.34705155138255384,0.949449160422749,1.41337275352548,0.9440104166666666,0.97265625,0.29116193516559585,1.0,1.0734763455311103,0.39296434118915907,1.0726211920143156,,self-report; not geometry-derived layer count or success,0.3614935789580977,0.5070932500030083,0.34705155138255384,0.9283854166666666,2.0388323088228293,0.03883230882282929,1.0194161544114146
development,s9140111_g2_n0.5_b4_r0.25,9140111,2,0.5,4,0.25,415,identity,OK,0.0005932389999543375,True,True,3.2371616305862143,3.8124646400579394,8.00611957592304,0.12530120481927712,0.24096385542168675,2.6367182297855107,1.0,3.928678920482415,3.3775766556109112,3.9221822890173277,,self-report; not geometry-derived layer count or success,3.3800285229396776,3.3854698327869404,3.2371616305862143,0.0,1.7612926866857213,0.23870731331427875,0.8806463433428606
development,s9140111_g2_n0.5_b4_r0.25,9140111,2,0.5,4,0.25,415,bias_only,OK,0.0004848949999995966,True,True,0.4307597447952182,0.6673702201128319,0.9808737025727791,0.9542168674698795,0.9975903614457832,0.42136269446195734,1.0,0.6722706801273263,0.43401020091347475,0.646342227901439,,self-report; not geometry-derived layer count or success,0.4532378078362239,0.4959087002048921,0.4307597447952182,0.9951807228915662,2.0311058348541002,0.031105834854100234,1.0155529174270501
development,s9140111_g2_n0.5_b4_r0.25,9140111,2,0.5,4,0.25,415,old_original,APPLY,0.0009462040000016714,True,True,0.2268174971354864,0.49046843868080603,0.44810659396672453,0.944578313253012,0.9975903614457832,0.28344224728731576,1.0,0.6098382212669406,0.29245660611704233,0.5683489746991809,,self-report; not geometry-derived layer count or success,0.36989334274591673,0.5417449240345952,0.2268174971354864,0.9951807228915662,1.710652112487531,0.2893478875124691,0.8553260562437655
development,s9140111_g2_n0.5_b4_r0.25,9140111,2,0.5,4,0.25,415,atlas_tied_256,OK,0.0012234449998231867,True,True,0.23403918086092068,0.5027048764919256,0.30817999823771064,0.9879518072289156,0.9975903614457832,0.22346425359484198,1.0,0.5088851589982455,0.23713210509633464,0.48190936175668936,,self-report; not geometry-derived layer count or success,0.25475264833821315,0.29385706248462806,0.23403918086092068,0.9951807228915662,2.0296481386278615,0.02964813862786153,1.0148240693139308
development,s9140111_g2_n0.5_b4_r0.25,9140111,2,0.5,4,0.25,415,atlas_relax_96,OK,0.009690666000096826,True,True,0.24813818602631052,0.5025010707335943,0.3640548523087638,0.9903614457831326,0.9975903614457832,0.23895158540315253,1.0,0.5086992900789696,0.25123111026172457,0.4730300621995771,,self-report; not geometry-derived layer count or success,0.27634924749179945,0.33209270712004046,0.24813818602631052,0.9951807228915662,2.0129092329992684,0.012909232999268383,1.0064546164996342
development,s9140111_g2_n0.5_b4_r0.25,9140111,2,0.5,4,0.25,415,spatial_12,OK,0.029126075000021956,True,True,0.2803301693778997,0.5253540099241492,0.4999308870016923,0.9879518072289156,0.9975903614457832,0.27129882683921974,1.0,0.5312703088186069,0.28342309361331364,0.48530801911901594,,self-report; not geometry-derived layer count or success,0.31390447637406493,0.38155032581637405,0.2803301693778997,0.9951807228915662,1.9819675103890013,0.01803248961099868,0.9909837551945007
development,s9140111_g2_n0.5_b4_r0.25,9140111,2,0.5,4,0.25,415,spatial_36,OK,0.07893428399984259,True,True,0.23145137803520816,0.48569631144209824,0.3058406953443501,0.9927710843373494,0.9975903614457832,0.2247960197467387,1.0,0.4920894081573337,0.2345443022706222,0.45600284483753556,,self-report; not geometry-derived layer count or success,0.259184315066164,0.31386669640386383,0.23145137803520816,0.9951807228915662,2.0317076261958,0.03170762619580003,1.0158538130979
development,s9140111_g2_n0.5_b4_r0.25,9140111,2,0.5,4,0.25,415,spatial_108,OK,0.2214413889998923,True,True,0.2314513780352087,0.4856963114420984,0.3058406953443509,0.9927710843373494,0.9975903614457832,0.22479601974673918,1.0,0.49208940815733404,0.23454430227062267,0.4560028448375355,,self-report; not geometry-derived layer count or success,0.25918431506616424,0.31386669640386333,0.2314513780352087,0.9951807228915662,2.0317076261958014,0.031707626195801364,1.0158538130979007
development,s9140111_g2_n0.5_b4_r0.25,9140111,2,0.5,4,0.25,415,apss_0.5,OK,0.0032894690000375704,True,True,0.41467401248241803,0.6516058360150536,0.9674431038881144,0.9590361445783132,0.9975903614457832,0.4077108820579841,1.0,0.6566365603374099,0.4179244686006744,0.6297067161751416,,self-report; not geometry-derived layer count or success,0.43792283347706196,0.4823042314647669,0.41467401248241803,0.9951807228915662,2.032603641687358,0.032603641687357854,1.016301820843679
development,s9140111_g2_n0.5_b4_r0.25,9140111,2,0.5,4,0.25,415,apss_1.0,OK,0.003667167999992671,True,True,0.34700692398532923,0.5927708716513321,0.8320734468454014,0.9734939759036144,0.9975903614457832,0.3408023245351675,1.0,0.5983199864545974,0.3502523236145191,0.5698163582769838,,self-report; not geometry-derived layer count or success,0.37666787217254716,0.43529061362485566,0.34700692398532923,0.9951807228915662,2.0231135483536695,0.023113548353669522,1.0115567741768348
development,s9140111_g2_n0.5_b4_r0.25,9140111,2,0.5,4,0.25,415,apss_2.0,OK,0.004400741000154085,True,True,0.25727598499044246,0.5169732292060184,0.5473198362332703,0.9951807228915662,0.9975903614457832,0.2513329516195087,1.0,0.5231351463188008,0.26036890922585637,0.49130988997544145,,self-report; not geometry-derived layer count or success,0.29539850271927304,0.37313797491054523,0.25727598499044246,0.9951807228915662,1.9980026422552581,0.0019973577447418567,0.9990013211276291
development,s9140111_g2_n0.5_b4_r0.25,9140111,2,0.5,4,0.25,415,apss_4.0,OK,0.005299161000039021,True,True,0.23611823558730838,0.5030438593141678,0.41741365355551874,0.9855421686746988,0.9975903614457832,0.23202221005179186,1.0,0.5125258604109333,0.24078050203770057,0.4840860344989465,,self-report; not geometry-derived layer count or success,0.2819889832234226,0.37344096018638856,0.23611823558730838,0.9951807228915662,1.939748904092425,0.06025109590757505,0.9698744520462125
development,s9140111_g2_n0.5_b4_r0.25,9140111,2,0.5,4,0.25,415,apss_8.0,OK,0.006802155000059429,True,True,0.23732862473318567,0.5067647913156358,0.6170489769310382,0.9686746987951808,0.9975903614457832,0.24309173549630012,1.0,0.5353836937269216,0.2521126719858542,0.5098681794325041,,self-report; not geometry-derived layer count or success,0.3078686185057349,0.4316050773600156,0.23732862473318567,0.9951807228915662,1.8043012613003933,0.19569873869960674,0.9021506306501966
development,s9140111_g2_n0.5_b4_r0.25,9140111,2,0.5,4,0.25,415,rimls_0.5,OK,0.0035277540000606677,True,True,0.4152736796507701,0.6521277789508308,0.9674431038881144,0.9590361445783132,0.9975903614457832,0.40965800151065623,1.0,0.6575398729809023,0.4185241357690265,0.6303522011701246,,self-report; not geometry-derived layer count or success,0.43838308070330045,0.48245507079807953,0.4152736796507701,0.9951807228915662,2.0321917967583967,0.032191796758396674,1.0160958983791983
development,s9140111_g2_n0.5_b4_r0.25,9140111,2,0.5,4,0.25,415,rimls_1.0,OK,0.004330346999950052,True,True,0.3494460057344561,0.5940007181266709,0.8304416246691502,0.9734939759036144,0.9975903614457832,0.34661782107629385,1.0,0.6006912075489768,0.35269183846999774,0.5709116396036829,,self-report; not geometry-derived layer count or success,0.3784976392388054,0.43576719709471534,0.3494460057344561,0.9951807228915662,2.0249353117664874,0.024935311766487445,1.0124676558832437
development,s9140111_g2_n0.5_b4_r0.25,9140111,2,0.5,4,0.25,415,rimls_2.0,OK,0.006565148999925441,True,True,0.2605282199703275,0.5191878066089166,0.5585094173522116,0.9951807228915662,0.9975903614457832,0.2565243272969122,1.0,0.5258874292847066,0.26362114420574145,0.49247508350453983,,self-report; not geometry-derived layer count or success,0.2971262188798638,0.3714824006432903,0.2605282199703275,0.9951807228915662,2.0113783243150123,0.01137832431501229,1.0056891621575061
development,s9140111_g2_n0.5_b4_r0.25,9140111,2,0.5,4,0.25,415,rimls_4.0,OK,0.011601219999874957,True,True,0.24737696327556308,0.5087033739322295,0.47728052510290603,0.9855421686746988,0.9975903614457832,0.24482903400257244,1.0,0.5191183414596636,0.25236228373256236,0.48509867655574224,,self-report; not geometry-derived layer count or success,0.2871284020248701,0.3642831565238419,0.24737696327556308,0.9951807228915662,2.001700792872903,0.0017007928729029231,1.0008503964364515
development,s9140111_g2_n0.5_b4_r0.25,9140111,2,0.5,4,0.25,415,rimls_8.0,OK,0.026697284000192667,True,True,0.2683917752946379,0.5215481260511615,0.512205742992432,0.9710843373493976,0.9975903614457832,0.2710028406332896,1.0,0.5425781657088624,0.2792785230700585,0.5087964665112448,,self-report; not geometry-derived layer count or success,0.302137867268789,0.3528684974424421,0.2683917752946379,0.9951807228915662,1.9985626246085886,0.0014373753914114218,0.9992813123042943
development,s9140111_g2_n1.0_b0_r1.0,9140111,2,1.0,0,1.0,768,identity,OK,0.0008376119999411458,True,True,0.7390036858261796,0.9363372136531001,1.89482189633516,0.72265625,0.9713541666666666,0.7267938494583546,1.0,0.9632792528299696,0.7645934564566864,0.9622484517390705,,self-report; not geometry-derived layer count or success,0.7627307439349242,0.7713485946380165,0.7390036858261796,0.0,2.0032344763652583,0.0032344763652583097,1.0016172381826292
development,s9140111_g2_n1.0_b0_r1.0,9140111,2,1.0,0,1.0,768,bias_only,OK,0.0007062159997985873,True,True,0.7367367344601025,0.9343112473036983,1.901544846224859,0.7200520833333334,0.9700520833333334,0.7242510040320539,1.0,0.9616609181656368,0.7626461138481866,0.9606271151559989,,self-report; not geometry-derived layer count or success,0.7612761983633933,0.7676141206062916,0.7367367344601025,1.0,1.9957391865698468,0.004260813430153165,0.9978695932849234
development,s9140111_g2_n1.0_b0_r1.0,9140111,2,1.0,0,1.0,768,old_original,APPLY,0.001336667999794372,True,True,0.22883049007678272,0.3460517014802215,0.7828443461118828,0.9622395833333334,1.0,0.2305875564902143,1.0,0.34982766179865843,0.23004692978089847,0.3278207390410722,,self-report; not geometry-derived layer count or success,0.23282967296806742,0.24570405108701776,0.22883049007678272,1.0,1.7680015653623873,0.23199843463761272,0.8840007826811936
development,s9140111_g2_n1.0_b0_r1.0,9140111,2,1.0,0,1.0,768,atlas_tied_256,OK,0.0018099769999935233,True,True,0.1494521773213525,0.24803617048634857,0.2939373150067369,0.9921875,0.9934895833333334,0.14968952601062716,1.0,0.2676387354586486,0.15288514782330379,0.2549337945947336,,self-report; not geometry-derived layer count or success,0.1531471743480864,0.15435944164346638,0.1494521773213525,1.0,1.9955632923748514,0.004436707625148584,0.9977816461874257
development,s9140111_g2_n1.0_b0_r1.0,9140111,2,1.0,0,1.0,768,atlas_relax_96,OK,0.01555273799999668,True,True,0.16184114722126483,0.2322905702746476,0.34570230030927757,0.9921875,0.9986979166666666,0.1643910172771511,1.0,0.24686149959583212,0.1645982697970019,0.24114103114128702,,self-report; not geometry-derived layer count or success,0.16460076436154508,0.1646123054794317,0.16184114722126483,1.0,2.0254313540879942,0.02543135408799424,1.0127156770439971
development,s9140111_g2_n1.0_b0_r1.0,9140111,2,1.0,0,1.0,768,spatial_12,OK,0.04130826200002957,True,True,0.0977660856446327,0.21503052020982547,0.1986069309578858,0.9921875,0.9934895833333334,0.09867998965780313,1.0,0.23639722705928792,0.10125589094157472,0.23121021802231376,,self-report; not geometry-derived layer count or success,0.10147906511852824,0.10251158179262641,0.0977660856446327,1.0,1.9764251248618139,0.023574875138186124,0.9882125624309069
development,s9140111_g2_n1.0_b0_r1.0,9140111,2,1.0,0,1.0,768,spatial_36,OK,0.10713933500005624,True,True,0.09774563919257029,0.21498207794024685,0.19821424990362713,0.9921875,0.9934895833333334,0.09865808589840099,1.0,0.23634564129569055,0.10123474088215285,0.23122664604521667,,self-report; not geometry-derived layer count or success,0.10144480206953206,0.10241665141837075,0.09774563919257029,1.0,1.9764051478590603,0.023594852140939704,0.9882025739295301
development,s9140111_g2_n1.0_b0_r1.0,9140111,2,1.0,0,1.0,768,spatial_108,OK,0.31456433700009256,True,True,0.09774563919071944,0.2149820779387272,0.19821424989921912,0.9921875,0.9934895833333334,0.09865808589655606,1.0,0.23634564129413393,0.10123474088028717,0.23122664604423246,,self-report; not geometry-derived layer count or success,0.10144480206760395,0.10241665141615389,0.09774563919071944,1.0,1.976405147860776,0.023594852139223965,0.988202573930388
development,s9140111_g2_n1.0_b0_r1.0,9140111,2,1.0,0,1.0,768,apss_0.5,OK,0.005351887999950122,True,True,0.7261550872000831,0.924277392716346,1.8801744596379588,0.71484375,0.9700520833333334,0.7241210876344946,1.0,0.9518446893718302,0.7519745572690537,0.9507904139582908,,self-report; not geometry-derived layer count or success,0.7511540817333884,0.7549500167417671,0.7261550872000831,1.0,1.9950546599062209,0.004945340093779116,0.9975273299531104
development,s9140111_g2_n1.0_b0_r1.0,9140111,2,1.0,0,1.0,768,apss_1.0,OK,0.006190452000055302,True,True,0.6239286423003072,0.8133501071802685,1.6594338047359103,0.8046875,0.9752604166666666,0.6298859699113514,1.0,0.8299146298782918,0.637297372837871,0.8281063179645775,,self-report; not geometry-derived layer count or success,0.6360933548534503,0.6416637513114928,0.6239286423003072,1.0,1.9844436255558104,0.015556374444189558,0.9922218127779052
development,s9140111_g2_n1.0_b0_r1.0,9140111,2,1.0,0,1.0,768,apss_2.0,OK,0.0083346490000622,True,True,0.3428801325910919,0.43650099637781825,0.8668552732624923,0.9674479166666666,1.0,0.34927477338816293,1.0,0.4423784021595133,0.34443811267422264,0.43700855925050186,,self-report; not geometry-derived layer count or success,0.344191476162694,0.34533254146904313,0.3428801325910919,1.0,1.9484006240953773,0.05159937590462271,0.9742003120476886
development,s9140111_g2_n1.0_b0_r1.0,9140111,2,1.0,0,1.0,768,apss_4.0,OK,0.010083642999916265,True,True,0.23462513307790403,0.299461153621517,0.5723347851832741,0.99609375,1.0,0.2397410978859401,1.0,0.30317261237460297,0.23467038772416435,0.2932503777047467,,self-report; not geometry-derived layer count or success,0.23586505236366404,0.24139217551508424,0.23462513307790403,1.0,1.9064732526358052,0.09352674736419475,0.9532366263179026
development,s9140111_g2_n1.0_b0_r1.0,9140111,2,1.0,0,1.0,768,apss_8.0,OK,0.013951765000001615,True,True,0.21984099436020244,0.29487577487576694,0.6433581824102674,0.9934895833333334,1.0,0.22332229367164594,1.0,0.29812375427383314,0.22013881386110204,0.2818443579878767,,self-report; not geometry-derived layer count or success,0.22394539980754352,0.24155659261999557,0.21984099436020244,1.0,1.8309166034769484,0.1690833965230516,0.9154583017384742
development,s9140111_g2_n1.0_b0_r1.0,9140111,2,1.0,0,1.0,768,rimls_0.5,OK,0.0070078920000469225,True,True,0.7264043291865004,0.9244649578402835,1.8801744596379588,0.7135416666666666,0.9700520833333334,0.7246980957473771,1.0,0.952372365147175,0.7522241289137778,0.9509652631432612,,self-report; not geometry-derived layer count or success,0.7514080096155276,0.755183790465264,0.7264043291865004,1.0,1.994848403746498,0.005151596253502033,0.997424201873249
development,s9140111_g2_n1.0_b0_r1.0,9140111,2,1.0,0,1.0,768,rimls_1.0,OK,0.008334246999993411,True,True,0.6312939215285249,0.8224329696822713,1.6656389723435534,0.7916666666666666,0.9752604166666666,0.6463012284939037,1.0,0.8440220925797858,0.6456077106107333,0.8383165327733835,,self-report; not geometry-derived layer count or success,0.6447725244142806,0.6486365183834115,0.6312939215285249,1.0,1.9894438120375237,0.01055618796247626,0.9947219060187619
development,s9140111_g2_n1.0_b0_r1.0,9140111,2,1.0,0,1.0,768,rimls_2.0,OK,0.012346353999873827,True,True,0.3540752781991244,0.45131508632630724,0.9003543684711889,0.9583333333333334,1.0,0.3780938086971184,1.0,0.4704980258603127,0.35529516699611596,0.45129022332520136,,self-report; not geometry-derived layer count or success,0.35444459772954906,0.35837976156523227,0.3540752781991244,1.0,1.9671200946106258,0.03287990538937424,0.9835600473053129
development,s9140111_g2_n1.0_b0_r1.0,9140111,2,1.0,0,1.0,768,rimls_4.0,OK,0.023911169000029986,True,True,0.25839641916126094,0.3286930443177266,0.6602337270137484,0.9934895833333334,1.0,0.27170001523384507,1.0,0.33891565770372223,0.25857017382422115,0.3265744096381933,,self-report; not geometry-derived layer count or success,0.2568830104931309,0.2646886818080545,0.25839641916126094,1.0,1.9702508725438996,0.029749127456100366,0.9851254362719498
development,s9140111_g2_n1.0_b0_r1.0,9140111,2,1.0,0,1.0,768,rimls_8.0,OK,0.05638914299993303,True,True,0.2544281541210482,0.3320323481081605,0.6884633324610183,0.9921875,1.0,0.2615775620002369,1.0,0.3379003630962774,0.25460125249620374,0.3308150269793117,,self-report; not geometry-derived layer count or success,0.251932720089397,0.264278701344985,0.2544281541210482,1.0,2.0300686981668914,0.030068698166891394,1.0150343490834457
development,s9140111_g2_n1.0_b0_r0.25,9140111,2,1.0,0,0.25,415,identity,OK,0.0006097749999298685,True,True,0.745127389921151,0.9418395644925207,1.8916282736878154,0.7108433734939759,0.9686746987951808,0.7219406049714262,1.0,0.9491484327278589,0.7520378809742961,0.9484523885018956,,self-report; not geometry-derived layer count or success,0.7503360068858784,0.7541128932318321,0.745127389921151,0.0,1.9625771850156477,0.03742281498435229,0.9812885925078239
development,s9140111_g2_n1.0_b0_r0.25,9140111,2,1.0,0,0.25,415,bias_only,OK,0.000497257000006357,True,True,0.7412593559313487,0.9354807479109126,1.9135751665607057,0.7180722891566265,0.9710843373493976,0.7167831056829853,1.0,0.9433405497285461,0.7486420342367536,0.9426102759470217,,self-report; not geometry-derived layer count or success,0.7483697035907971,0.7489740737409145,0.7412593559313487,1.0,1.9590767840214678,0.04092321597853221,0.9795383920107339
development,s9140111_g2_n1.0_b0_r0.25,9140111,2,1.0,0,0.25,415,old_original,APPLY,0.0009192049999455776,True,True,0.21860809105601672,0.28185121259977874,0.5627122953856237,0.944578313253012,1.0,0.2624655620016241,1.0,0.40725822879423546,0.2617621725442696,0.3681549375590897,,self-report; not geometry-derived layer count or success,0.2910622121661401,0.35608636426815227,0.21860809105601672,1.0,1.6173789023482823,0.3826210976517177,0.8086894511741411
development,s9140111_g2_n1.0_b0_r0.25,9140111,2,1.0,0,0.25,415,atlas_tied_256,OK,0.0011501169999519334,True,True,0.3545962662441984,0.4329354279808857,0.830323288773726,0.9614457831325302,1.0,0.3698710476255154,1.0,0.4638118007059108,0.36811878069559,0.3888059923164165,,self-report; not geometry-derived layer count or success,0.4049725539080019,0.4867603393793974,0.3545962662441984,1.0,1.4458410162365856,0.5541589837634144,0.7229205081182928
development,s9140111_g2_n1.0_b0_r0.25,9140111,2,1.0,0,0.25,415,atlas_relax_96,OK,0.0073605999998562766,True,True,0.23190917318021076,0.3214333557712068,0.7625679260206486,0.9590361445783132,1.0,0.24980183347363313,1.0,0.36856042288044377,0.24783059944681837,0.3161902366330672,,self-report; not geometry-derived layer count or success,0.27336765253318546,0.33004079173555095,0.23190917318021076,1.0,1.5866567514015786,0.4133432485984214,0.7933283757007893
development,s9140111_g2_n1.0_b0_r0.25,9140111,2,1.0,0,0.25,415,spatial_12,OK,0.029355392999832475,True,True,0.34287054771836245,0.4219134646485977,0.807007175179112,0.9590361445783132,1.0,0.3593255714576202,1.0,0.45828513337773796,0.35881850781403546,0.39269141928030127,,self-report; not geometry-derived layer count or success,0.40053947664449174,0.49312879249817804,0.34287054771836245,1.0,1.4762289420731465,0.5237710579268535,0.7381144710365732
development,s9140111_g2_n1.0_b0_r0.25,9140111,2,1.0,0,0.25,415,spatial_36,OK,0.07879877099981059,True,True,0.34287054771836245,0.4219134646485977,0.807007175179112,0.9590361445783132,1.0,0.3593255714576202,1.0,0.45828513337773796,0.35881850781403546,0.39269141928030127,,self-report; not geometry-derived layer count or success,0.40053947664449174,0.49312879249817804,0.34287054771836245,1.0,1.4762289420731465,0.5237710579268535,0.7381144710365732
development,s9140111_g2_n1.0_b0_r0.25,9140111,2,1.0,0,0.25,415,spatial_108,OK,0.22603330199990523,True,True,0.34287054771836245,0.4219134646485977,0.807007175179112,0.9590361445783132,1.0,0.3593255714576202,1.0,0.45828513337773796,0.35881850781403546,0.39269141928030127,,self-report; not geometry-derived layer count or success,0.40053947664449174,0.49312879249817804,0.34287054771836245,1.0,1.4762289420731465,0.5237710579268535,0.7381144710365732
development,s9140111_g2_n1.0_b0_r0.25,9140111,2,1.0,0,0.25,415,apss_0.5,OK,0.0033382700000856858,True,True,0.7211242222302461,0.9182254701636415,1.8699994294044482,0.7301204819277108,0.9710843373493976,0.704655348852159,1.0,0.9253305470343659,0.7276555932487037,0.9246619143281906,,self-report; not geometry-derived layer count or success,0.7159947745152357,0.7418730620788138,0.7211242222302461,1.0,1.9639858483418269,0.03601415165817312,0.9819929241709134
development,s9140111_g2_n1.0_b0_r0.25,9140111,2,1.0,0,0.25,415,apss_1.0,OK,0.0035877330001312657,True,True,0.5946341137612945,0.7789375361608071,1.5514428039280928,0.8192771084337349,0.980722891566265,0.5917279798699839,1.0,0.7849344545590219,0.5992187039790221,0.7833073541334011,,self-report; not geometry-derived layer count or success,0.5775306453426632,0.6256618984661332,0.5946341137612945,1.0,1.9383181359235835,0.061681864076416515,0.9691590679617917
development,s9140111_g2_n1.0_b0_r0.25,9140111,2,1.0,0,0.25,415,apss_2.0,OK,0.004785846999993737,True,True,0.3232851980162214,0.4156105763693552,0.7899708334134017,0.9734939759036144,1.0,0.32563262981627056,1.0,0.41674898027155355,0.3233389933002168,0.41177813177630485,,self-report; not geometry-derived layer count or success,0.31316282995339706,0.33574629406532325,0.3232851980162214,1.0,1.9031691590492876,0.09683084095071237,0.9515845795246438
development,s9140111_g2_n1.0_b0_r0.25,9140111,2,1.0,0,0.25,415,apss_4.0,OK,0.005630869000015082,True,True,0.21972291837991662,0.2874283717183869,0.5489185380892379,0.9951807228915662,1.0,0.2230906388666379,1.0,0.2909531628603149,0.22029248539759494,0.2777093190107908,,self-report; not geometry-derived layer count or success,0.21721876004095303,0.22404012914793905,0.21972291837991662,1.0,1.8556922507136997,0.1443077492863003,0.9278461253568498
development,s9140111_g2_n1.0_b0_r0.25,9140111,2,1.0,0,0.25,415,apss_8.0,OK,0.007563366000113092,True,True,0.22083811597595202,0.3055904488694473,0.6752324444367859,0.983132530120482,1.0,0.22858464929459954,1.0,0.32531644482332006,0.22677327957385526,0.2886131977951884,,self-report; not geometry-derived layer count or success,0.22011978899321483,0.23488555685934195,0.22083811597595202,1.0,1.7111450761361413,0.2888549238638587,0.8555725380680707
development,s9140111_g2_n1.0_b0_r0.25,9140111,2,1.0,0,0.25,415,rimls_0.5,OK,0.0037320379999528086,True,True,0.7210375405342332,0.9187721055901271,1.8699994294044482,0.7253012048192771,0.9710843373493976,0.7058998698107216,1.0,0.9262859435490838,0.7275689115526908,0.9251152452515381,,self-report; not geometry-derived layer count or success,0.7166500716514985,0.740881721699599,0.7210375405342332,1.0,1.9608414178902942,0.0391585821097058,0.9804207089451471
development,s9140111_g2_n1.0_b0_r0.25,9140111,2,1.0,0,0.25,415,rimls_1.0,OK,0.004399319999947693,True,True,0.6037773426096985,0.7881228180993113,1.570949717936106,0.8120481927710843,0.980722891566265,0.6096481988347143,1.0,0.7984478666960185,0.6084890807588991,0.7929701208706365,,self-report; not geometry-derived layer count or success,0.5848111655875584,0.6373584104865228,0.6037773426096985,1.0,1.9457558809807092,0.054244119019290826,0.9728779404903546
development,s9140111_g2_n1.0_b0_r0.25,9140111,2,1.0,0,0.25,415,rimls_2.0,OK,0.006437002000211578,True,True,0.3308569924075087,0.4245702728913456,0.808480435055883,0.9686746987951808,1.0,0.3452399827530096,1.0,0.43413058114032643,0.3309725346377562,0.4219552855130799,,self-report; not geometry-derived layer count or success,0.3208998610776922,0.34325365534200547,0.3308569924075087,1.0,1.9170477943067061,0.08295220569329387,0.9585238971533531
development,s9140111_g2_n1.0_b0_r0.25,9140111,2,1.0,0,0.25,415,rimls_4.0,OK,0.011518382000076599,True,True,0.23066547128514542,0.2990510543640872,0.5505001249226168,0.9855421686746988,1.0,0.24046995596658743,1.0,0.30933212550616634,0.23230059529589708,0.30093770543463894,,self-report; not geometry-derived layer count or success,0.233708826380517,0.23683404509772152,0.23066547128514542,1.0,1.9142430972141153,0.08575690278588466,0.9571215486070577
development,s9140111_g2_n1.0_b0_r0.25,9140111,2,1.0,0,0.25,415,rimls_8.0,OK,0.026486669999940204,True,True,0.21096085121017275,0.2911959443510241,0.6257182149074602,0.9855421686746988,1.0,0.22045924993672164,1.0,0.31275476878030106,0.21666592974254784,0.3068559590578723,,self-report; not geometry-derived layer count or success,0.21934417502577203,0.22528787445110907,0.21096085121017275,1.0,1.8989898155668026,0.10101018443319743,0.9494949077834013
development,s9140111_g2_n1.0_b4_r1.0,9140111,2,1.0,4,1.0,768,identity,OK,0.0008934710001540225,True,True,3.277223186386601,3.9707070648915495,8.329789402165456,0.10677083333333333,0.3294270833333333,2.463515554502299,1.0,4.130078681960038,3.5188703962222774,4.127919696172651,,self-report; not geometry-derived layer count or success,3.5078930793088974,3.5586797021370664,3.277223186386601,0.0,2.2578617993789765,0.25786179937897646,1.1289308996894882
development,s9140111_g2_n1.0_b4_r1.0,9140111,2,1.0,4,1.0,768,bias_only,OK,0.0007174019999638404,True,True,0.7367343741622955,0.9343096796594872,1.9018438439838672,0.7200520833333334,0.9713541666666666,0.7267541992463049,1.0,0.9625052609117933,0.7626463413923675,0.9606252761942123,,self-report; not geometry-derived layer count or success,0.7612800079375732,0.7676013578971046,0.7367343741622955,1.0,1.995774507871344,0.004225492128655972,0.997887253935672
development,s9140111_g2_n1.0_b4_r1.0,9140111,2,1.0,4,1.0,768,old_original,APPLY,0.00136852499986162,True,True,0.2288149296405471,0.3460126789737888,0.7815390093316394,0.9622395833333334,1.0,0.23777353634009368,1.0,0.35212367670211747,0.23004928083446421,0.3277943786714075,,self-report; not geometry-derived layer count or success,0.23284083896367824,0.2457559994651021,0.2288149296405471,1.0,1.768012578163856,0.23198742183614396,0.884006289081928
development,s9140111_g2_n1.0_b4_r1.0,9140111,2,1.0,4,1.0,768,atlas_tied_256,OK,0.0018031909999081108,True,True,0.14938940041373105,0.2476110852527821,0.2939025284099059,0.9921875,0.9934895833333334,0.15818865769563453,1.0,0.270674437194886,0.15287098700079105,0.25495054941427,,self-report; not geometry-derived layer count or success,0.15312690905159776,0.15431093396135395,0.14938940041373105,1.0,1.9956240300463246,0.004375969953675396,0.9978120150231623
development,s9140111_g2_n1.0_b4_r1.0,9140111,2,1.0,4,1.0,768,atlas_relax_96,OK,0.015495026000053258,True,True,0.15988029192699807,0.26026339104382795,0.34699803159877496,0.9921875,0.99609375,0.17000512827718264,1.0,0.27652300675447095,0.16248445859366475,0.26813148919687,,self-report; not geometry-derived layer count or success,0.1621915168664617,0.16354681353207579,0.15988029192699807,1.0,2.03124206250067,0.031242062500670187,1.015621031250335
development,s9140111_g2_n1.0_b4_r1.0,9140111,2,1.0,4,1.0,768,spatial_12,OK,0.038238547999981165,True,True,0.09765550081078382,0.2144834174218961,0.19846908006554775,0.9921875,0.9934895833333334,0.11039088574516613,1.0,0.23978345353569533,0.10119202936459337,0.23117798421652766,,self-report; not geometry-derived layer count or success,0.10142188195294294,0.10248529633759637,0.09765550081078382,1.0,1.9764242263802858,0.02357577361971419,0.9882121131901429
development,s9140111_g2_n1.0_b4_r1.0,9140111,2,1.0,4,1.0,768,spatial_36,OK,0.10310845699996207,True,True,0.09763640261507084,0.21443521544413907,0.19809844246164848,0.9921875,0.9934895833333334,0.1103593709857797,1.0,0.23973305541398443,0.10117223266490201,0.23119556648498524,,self-report; not geometry-derived layer count or success,0.1013889558460096,0.10239162694896513,0.09763640261507084,1.0,1.976400212033052,0.02359978796694806,0.988200106016526
development,s9140111_g2_n1.0_b4_r1.0,9140111,2,1.0,4,1.0,768,spatial_108,OK,0.30910363099997085,True,True,0.09763640261315491,0.21443521544256156,0.1980984424570855,0.9921875,0.9934895833333334,0.11035937098393994,1.0,0.23973305541239603,0.10117223266297078,0.23119556648396608,,self-report; not geometry-derived layer count or success,0.10138895584401358,0.10239162694666948,0.09763640261315491,1.0,1.9764002120348334,0.023599787965166596,0.9882001060174167
development,s9140111_g2_n1.0_b4_r1.0,9140111,2,1.0,4,1.0,768,apss_0.5,OK,0.005929429999923741,True,True,0.7258835984778406,0.9241923351979376,1.880035980724764,0.7135416666666666,0.9713541666666666,0.7264261039811158,1.0,0.9525934316165413,0.7516865247762631,0.9506869889162808,,self-report; not geometry-derived layer count or success,0.7509327081290398,0.7544202453884815,0.7258835984778406,1.0,1.9949526918383225,0.005047308161677533,0.9974763459191612
development,s9140111_g2_n1.0_b4_r1.0,9140111,2,1.0,4,1.0,768,apss_1.0,OK,0.006814974000008078,True,True,0.6239546430375252,0.8135794847413214,1.6575331172462662,0.8020833333333334,0.9765625,0.6329853210361925,1.0,0.8313065177558078,0.6374401925730632,0.8284713188899213,,self-report; not geometry-derived layer count or success,0.636115361199602,0.6422447015298323,0.6239546430375252,1.0,1.9842675107141081,0.015732489285891882,0.9921337553570541
development,s9140111_g2_n1.0_b4_r1.0,9140111,2,1.0,4,1.0,768,apss_2.0,OK,0.010130827000011777,True,True,0.34319393303513596,0.43692490889575475,0.8702652120950082,0.9674479166666666,1.0,0.3541901051453626,1.0,0.44473707230804993,0.34478506795909447,0.43746313208423027,,self-report; not geometry-derived layer count or success,0.34455610295662364,0.34561541091986187,0.34319393303513596,1.0,1.9476102182708614,0.05238978172913855,0.9738051091354307
development,s9140111_g2_n1.0_b4_r1.0,9140111,2,1.0,4,1.0,768,apss_4.0,OK,0.014156299000205763,True,True,0.234524283048815,0.2995635659228813,0.5737067404363785,0.99609375,1.0,0.2457682516067826,1.0,0.3060200961221748,0.23458925897019847,0.29334643017846906,,self-report; not geometry-derived layer count or success,0.23577687801208308,0.2412714046636938,0.234524283048815,1.0,1.905581924836696,0.09441807516330392,0.952790962418348
development,s9140111_g2_n1.0_b4_r1.0,9140111,2,1.0,4,1.0,768,apss_8.0,OK,0.02714853799989214,True,True,0.21926906941739452,0.2943563698537243,0.6423512512897246,0.9934895833333334,1.0,0.22957605994269867,1.0,0.3003836519310238,0.2195781418822579,0.28133229731891246,,self-report; not geometry-derived layer count or success,0.22335443040268332,0.2408254519911575,0.21926906941739452,1.0,1.830897560888789,0.16910243911121103,0.9154487804443945
development,s9140111_g2_n1.0_b4_r1.0,9140111,2,1.0,4,1.0,768,rimls_0.5,OK,0.00817333600002712,True,True,0.7262344461329272,0.9244204551294505,1.880035980724764,0.7135416666666666,0.9713541666666666,0.7270956316376509,1.0,0.9531499961203483,0.7520378487742804,0.9509012760982078,,self-report; not geometry-derived layer count or success,0.7512765877876133,0.754798566328338,0.7262344461329272,1.0,1.9947769643239193,0.005223035676080734,0.9973884821619596
development,s9140111_g2_n1.0_b4_r1.0,9140111,2,1.0,4,1.0,768,rimls_1.0,OK,0.010476975000074162,True,True,0.6310707187921489,0.8224620741589136,1.6682496392250055,0.7903645833333334,0.9765625,0.6487235753205997,1.0,0.8450485961879283,0.6454045849028341,0.8383380729792457,,self-report; not geometry-derived layer count or success,0.6444844393998715,0.6487414981123728,0.6310707187921489,1.0,1.9889731167107692,0.011026883289230849,0.9944865583553846
development,s9140111_g2_n1.0_b4_r1.0,9140111,2,1.0,4,1.0,768,rimls_2.0,OK,0.014286798999819439,True,True,0.35440611596467875,0.45171356928096296,0.9006101685805611,0.95703125,1.0,0.38247326049499875,1.0,0.4729633606670887,0.35567010029542984,0.4517623455709806,,self-report; not geometry-derived layer count or success,0.35481192764650604,0.35878226857646683,0.35440611596467875,1.0,1.9665185089505597,0.033481491049440315,0.9832592544752798
development,s9140111_g2_n1.0_b4_r1.0,9140111,2,1.0,4,1.0,768,rimls_4.0,OK,0.03424036100000194,True,True,0.258398089754364,0.32873109849544774,0.6546226383250555,0.9947916666666666,1.0,0.2770544950644193,1.0,0.34139847940262374,0.2585799397824095,0.32661169277103064,,self-report; not geometry-derived layer count or success,0.256832962665965,0.264915362819154,0.258398089754364,1.0,1.9695394133498645,0.030460586650135513,0.9847697066749322
development,s9140111_g2_n1.0_b4_r1.0,9140111,2,1.0,4,1.0,768,rimls_8.0,OK,0.058436330999938946,True,True,0.2538203775889054,0.33134390647208267,0.6895843907306147,0.9921875,1.0,0.26715041114580024,1.0,0.33965428399008646,0.25401198475874104,0.3301693661111641,,self-report; not geometry-derived layer count or success,0.25128618267692227,0.26389712242895114,0.2538203775889054,1.0,2.030038350277854,0.030038350277854065,1.015019175138927
development,s9140111_g2_n1.0_b4_r0.25,9140111,2,1.0,4,0.25,415,identity,OK,0.0006248229999528121,True,True,3.312320272178656,3.933040285527436,8.004379682147915,0.0963855421686747,0.3060240963855422,2.6198674983517547,1.0,4.045078725687591,3.4500277263691332,4.03930375880238,,self-report; not geometry-derived layer count or success,3.4442219257951496,3.4571064564807283,3.312320272178656,0.0,1.7425812791935447,0.25741872080645534,0.8712906395967723
development,s9140111_g2_n1.0_b4_r0.25,9140111,2,1.0,4,0.25,415,bias_only,OK,0.0004786080000940274,True,True,0.7491200002834836,0.9463801565095038,1.820924619464553,0.7253012048192771,0.9759036144578314,0.7292881137527921,1.0,0.9613748500124008,0.7625849183551883,0.9427337701195142,,self-report; not geometry-derived layer count or success,0.7633143651454928,0.7649331909100721,0.7491200002834836,1.0,1.9590741520503085,0.04092584794969145,0.9795370760251543
development,s9140111_g2_n1.0_b4_r0.25,9140111,2,1.0,4,0.25,415,old_original,APPLY,0.0009560149999288114,True,True,0.2188643526397477,0.265662643242574,0.5116919316812496,0.9421686746987952,1.0,0.29029905359216784,1.0,0.4491277316921049,0.28354367450154805,0.36711988578459126,,self-report; not geometry-derived layer count or success,0.34263841144189877,0.4737844854004311,0.2188643526397477,1.0,1.6012856351274185,0.3987143648725815,0.8006428175637093
development,s9140111_g2_n1.0_b4_r0.25,9140111,2,1.0,4,0.25,415,atlas_tied_256,OK,0.0011672000000544358,True,True,0.33624702189263156,0.4106891833925387,0.8052440824108568,0.9373493975903614,1.0,0.37907984626175395,1.0,0.49333800291385066,0.3724507239766496,0.38896419272624216,,self-report; not geometry-derived layer count or success,0.4496655094394616,0.62102452530613,0.33624702189263156,1.0,1.4460531175376135,0.5539468824623865,0.7230265587688067
development,s9140111_g2_n1.0_b4_r0.25,9140111,2,1.0,4,0.25,415,atlas_relax_96,OK,0.006955162999929598,True,True,0.23751093860810235,0.305197806796859,0.6516843492635955,0.9397590361445783,1.0,0.284317642534653,1.0,0.4142925386317138,0.2755805459137098,0.3191521208134655,,self-report; not geometry-derived layer count or success,0.3395868366928846,0.4816328830744757,0.23751093860810235,1.0,1.590343325829692,0.40965667417030804,0.795171662914846
development,s9140111_g2_n1.0_b4_r0.25,9140111,2,1.0,4,0.25,415,spatial_12,OK,0.028398302999903535,True,True,0.3287466033795306,0.40283235603430434,0.7930055616705383,0.9349397590361446,1.0,0.37451910698886004,1.0,0.49417444740438027,0.3688190817467289,0.392836298308769,,self-report; not geometry-derived layer count or success,0.447157912235515,0.6210114665288103,0.3287466033795306,1.0,1.4764427402809517,0.5235572597190483,0.7382213701404758
development,s9140111_g2_n1.0_b4_r0.25,9140111,2,1.0,4,0.25,415,spatial_36,OK,0.07807145900005708,True,True,0.3287466033795306,0.40283235603430434,0.7930055616705383,0.9349397590361446,1.0,0.37451910698886004,1.0,0.49417444740438027,0.3688190817467289,0.392836298308769,,self-report; not geometry-derived layer count or success,0.447157912235515,0.6210114665288103,0.3287466033795306,1.0,1.4764427402809517,0.5235572597190483,0.7382213701404758
development,s9140111_g2_n1.0_b4_r0.25,9140111,2,1.0,4,0.25,415,spatial_108,OK,0.2294655169998805,True,True,0.3287466033795306,0.40283235603430434,0.7930055616705383,0.9349397590361446,1.0,0.37451910698886004,1.0,0.49417444740438027,0.3688190817467289,0.392836298308769,,self-report; not geometry-derived layer count or success,0.447157912235515,0.6210114665288103,0.3287466033795306,1.0,1.4764427402809517,0.5235572597190483,0.7382213701404758
development,s9140111_g2_n1.0_b4_r0.25,9140111,2,1.0,4,0.25,415,apss_0.5,OK,0.0037299110001640656,True,True,0.7348469488019147,0.9298094733602631,1.7819465352576809,0.727710843373494,0.9759036144578314,0.7233886612031654,1.0,0.9438752929987045,0.747153674208564,0.9246098654189385,,self-report; not geometry-derived layer count or success,0.7403653079979798,0.7554303987861746,0.7348469488019147,1.0,1.964101338145018,0.03589866185498192,0.982050669072509
development,s9140111_g2_n1.0_b4_r0.25,9140111,2,1.0,4,0.25,415,apss_1.0,OK,0.0036882560000321973,True,True,0.6148249078382438,0.7922599730194456,1.5766331119668016,0.7927710843373494,0.980722891566265,0.6213569331860288,1.0,0.8044489563724713,0.6235991890599912,0.7834354176564995,,self-report; not geometry-derived layer count or success,0.6155670868075238,0.6333923404694167,0.6148249078382438,1.0,1.9387473536300597,0.06125264636994032,0.9693736768150298
development,s9140111_g2_n1.0_b4_r0.25,9140111,2,1.0,4,0.25,415,apss_2.0,OK,0.004744018999872424,True,True,0.3548976959521235,0.4483677347293768,0.881116121385635,0.9710843373493976,1.0,0.3632315698928119,1.0,0.4538334586560122,0.35604897877663066,0.4124382917091102,,self-report; not geometry-derived layer count or success,0.367504109807412,0.3929259246618198,0.3548976959521235,1.0,1.9027824838980405,0.0972175161019595,0.9513912419490202
development,s9140111_g2_n1.0_b4_r0.25,9140111,2,1.0,4,0.25,415,apss_4.0,OK,0.006146388999923147,True,True,0.2447768752298813,0.31338795372152484,0.5796901379230012,0.983132530120482,1.0,0.2597915833511374,1.0,0.33364993151599515,0.2500140609820275,0.27815608590441715,,self-report; not geometry-derived layer count or success,0.2720336208117725,0.32090055840184833,0.2447768752298813,1.0,1.8554809326350934,0.1445190673649066,0.9277404663175467
development,s9140111_g2_n1.0_b4_r0.25,9140111,2,1.0,4,0.25,415,apss_8.0,OK,0.007839590000003227,True,True,0.23064392002686618,0.2995562029805301,0.569811635957368,0.9734939759036144,1.0,0.25392099325793355,1.0,0.3494160282136444,0.24569973251474603,0.288210135120369,,self-report; not geometry-derived layer count or success,0.2790937154230569,0.35320335663668784,0.23064392002686618,1.0,1.7111596461244896,0.28884035387551044,0.8555798230622448
development,s9140111_g2_n1.0_b4_r0.25,9140111,2,1.0,4,0.25,415,rimls_0.5,OK,0.003925405000018145,True,True,0.7335478126342516,0.9299438212427209,1.78208873550272,0.7253012048192771,0.9759036144578314,0.7233121615126005,1.0,0.9444464056260379,0.7459100661332458,0.9251283341536886,,self-report; not geometry-derived layer count or success,0.740089004612007,0.753007403175184,0.7335478126342516,1.0,1.9610463649682892,0.03895363503171079,0.9805231824841446
development,s9140111_g2_n1.0_b4_r0.25,9140111,2,1.0,4,0.25,415,rimls_1.0,OK,0.0045394829999168,True,True,0.6236439049247304,0.8021644240501813,1.5824990181367162,0.7855421686746988,0.980722891566265,0.6365905781444664,1.0,0.8185368996852033,0.6325781593487507,0.7929663416132785,,self-report; not geometry-derived layer count or success,0.6226350238761134,0.6447013405667256,0.6236439049247304,1.0,1.9462400701620017,0.053759929837998266,0.9731200350810009
development,s9140111_g2_n1.0_b4_r0.25,9140111,2,1.0,4,0.25,415,rimls_2.0,OK,0.007050132000131271,True,True,0.36366913482534513,0.4588641403960021,0.9062134482877181,0.9686746987951808,1.0,0.38471896039987025,1.0,0.47232283200155545,0.36496590109816773,0.4226799760784823,,self-report; not geometry-derived layer count or success,0.37562661559106514,0.39928542048171983,0.36366913482534513,1.0,1.9163703573967554,0.08362964260324457,0.9581851786983777
development,s9140111_g2_n1.0_b4_r0.25,9140111,2,1.0,4,0.25,415,rimls_4.0,OK,0.01209346399991773,True,True,0.2671148118851128,0.3375396253222303,0.6487175862566108,0.983132530120482,1.0,0.28890442245408304,1.0,0.36421713518235455,0.27407244568904837,0.3013144733788764,,self-report; not geometry-derived layer count or success,0.29214939248852784,0.33226668084031374,0.2671148118851128,1.0,1.9137185772244205,0.08628142277557949,0.9568592886122103
development,s9140111_g2_n1.0_b4_r0.25,9140111,2,1.0,4,0.25,415,rimls_8.0,OK,0.02716123499999412,True,True,0.2747804738153114,0.3364796203754619,0.6426939738353822,0.9759036144578314,1.0,0.2975241893548953,1.0,0.37915078180731376,0.28839778549473755,0.3061635543138206,,self-report; not geometry-derived layer count or success,0.2941545349663716,0.3069302089274846,0.2747804738153114,1.0,1.8983912975887116,0.10160870241128839,0.9491956487943558
development,s9140111_g2_n2.0_b0_r1.0,9140111,2,2.0,0,1.0,768,identity,OK,0.0008142350000071019,True,True,1.4461219424794411,1.8515246991939593,3.78964379267032,0.4453125,0.7942708333333334,1.2768199390048196,1.0,1.9265585056599392,1.5291869129133728,1.924496903478141,,self-report; not geometry-derived layer count or success,1.5254614878698485,1.542697189276033,1.4461219424794411,0.0,2.006468952730517,0.0064689527305170635,1.0032344763652585
development,s9140111_g2_n2.0_b0_r1.0,9140111,2,2.0,0,1.0,768,bias_only,OK,0.0007278020000285323,True,True,1.4431150540740363,1.847164740927242,3.7937752575120487,0.4596354166666667,0.7903645833333334,1.2732771944340284,1.0,1.9226430208550096,1.52558414689014,1.9205739800044423,,self-report; not geometry-derived layer count or success,1.522893905943676,1.5353403218887627,1.4431150540740363,1.0,1.9909956384089904,0.009004361591009591,0.9954978192044952
development,s9140111_g2_n2.0_b0_r1.0,9140111,2,2.0,0,1.0,768,old_original,APPLY,0.0013974480000342737,True,True,0.290932594005382,0.41969435948589284,0.9907602001617118,0.9479166666666666,1.0,0.2995863079572346,1.0,0.4420922172785537,0.29752071200203534,0.4129656275530697,,self-report; not geometry-derived layer count or success,0.31037806620680886,0.3698626928891344,0.290932594005382,1.0,1.7381853923667785,0.2618146076332215,0.8690926961833892
development,s9140111_g2_n2.0_b0_r1.0,9140111,2,2.0,0,1.0,768,atlas_tied_256,OK,0.001707611000028919,True,True,0.4225331065450673,0.5582355101846951,1.2929504278950943,0.87890625,1.0,0.4295528579964329,1.0,0.5641715371622891,0.42480658810229416,0.4007077211597116,,self-report; not geometry-derived layer count or success,0.4611819783454986,0.6294729404345412,0.4225331065450673,1.0,1.4565762327756464,0.5434237672243536,0.7282881163878232
development,s9140111_g2_n2.0_b0_r1.0,9140111,2,2.0,0,1.0,768,atlas_relax_96,OK,0.012606223999910071,True,True,0.3796721068638787,0.47618449083875564,0.9831532598918622,0.953125,1.0,0.3920720002558992,1.0,0.4870563513723175,0.38132138012829353,0.4388706084999742,,self-report; not geometry-derived layer count or success,0.3925006785066656,0.4442217697993751,0.3796721068638787,1.0,1.712508541608085,0.28749145839191503,0.8562542708040425
development,s9140111_g2_n2.0_b0_r1.0,9140111,2,2.0,0,1.0,768,spatial_12,OK,0.04039062699985152,True,True,0.4629914319314139,0.5386720302323421,0.9264408631697283,0.9908854166666666,1.0,0.464920471166167,1.0,0.5399715353150423,0.46334265312650275,0.39339372525290145,,self-report; not geometry-derived layer count or success,0.47607826293084654,0.5349996384111841,0.4629914319314139,1.0,1.266613247193739,0.733386752806261,0.6333066235968695
development,s9140111_g2_n2.0_b0_r1.0,9140111,2,2.0,0,1.0,768,spatial_36,OK,0.11207527500005199,True,True,0.4629914319314139,0.5386720302323421,0.9264408631697283,0.9908854166666666,1.0,0.464920471166167,1.0,0.5399715353150423,0.46334265312650275,0.39339372525290145,,self-report; not geometry-derived layer count or success,0.47607826293084654,0.5349996384111841,0.4629914319314139,1.0,1.266613247193739,0.733386752806261,0.6333066235968695
development,s9140111_g2_n2.0_b0_r1.0,9140111,2,2.0,0,1.0,768,spatial_108,OK,0.3189337129999785,True,True,0.4629914319314139,0.5386720302323421,0.9264408631697283,0.9908854166666666,1.0,0.464920471166167,1.0,0.5399715353150423,0.46334265312650275,0.39339372525290145,,self-report; not geometry-derived layer count or success,0.47607826293084654,0.5349996384111841,0.4629914319314139,1.0,1.266613247193739,0.733386752806261,0.6333066235968695
development,s9140111_g2_n2.0_b0_r1.0,9140111,2,2.0,0,1.0,768,apss_0.5,FAILED,0.005156446000000869,,,,,,,,,,,,,,,,,,,,,
development,s9140111_g2_n2.0_b0_r1.0,9140111,2,2.0,0,1.0,768,apss_1.0,OK,0.0063694790001136425,True,True,1.363553715748379,1.77618445653439,3.701227515100419,0.4700520833333333,0.78515625,1.262394052884453,1.0,1.8477830028121751,1.4388144781748171,1.8446622493211726,,self-report; not geometry-derived layer count or success,1.4392311724070255,1.4411590107825443,1.363553715748379,1.0,1.9658801043541383,0.03411989564586171,0.9829400521770691
development,s9140111_g2_n2.0_b0_r1.0,9140111,2,2.0,0,1.0,768,apss_2.0,OK,0.009441680999998425,True,True,0.7745917220689598,1.0055758748021562,2.044434205180319,0.6822916666666666,0.9466145833333334,0.7984113753310861,1.0,1.0353186504767606,0.7905659790634525,1.0206062010028256,,self-report; not geometry-derived layer count or success,0.7868754137835612,0.8039498362832996,0.7745917220689598,1.0,1.9595271573774804,0.0404728426225196,0.9797635786887402
development,s9140111_g2_n2.0_b0_r1.0,9140111,2,2.0,0,1.0,768,apss_4.0,OK,0.011497448999989501,True,True,0.4314520051832263,0.5390435666036975,1.0351811010820424,0.9348958333333334,0.9986979166666666,0.4559664424056052,1.0,0.5576275927376776,0.43418501287623873,0.5352599157692227,,self-report; not geometry-derived layer count or success,0.4326339796273805,0.43980984429679715,0.4314520051832263,1.0,1.8963500063518846,0.10364999364811545,0.9481750031759423
development,s9140111_g2_n2.0_b0_r1.0,9140111,2,2.0,0,1.0,768,apss_8.0,OK,0.01614499400011482,True,True,0.3531936767468585,0.43694526734608236,0.8670299721625325,0.9856770833333334,1.0,0.3675802788963409,1.0,0.4472900889154003,0.35396252057657485,0.4241545664970332,,self-report; not geometry-derived layer count or success,0.3581314333646597,0.3774189334926667,0.3531936767468585,1.0,1.8233366228484147,0.1766633771515853,0.9116683114242073
development,s9140111_g2_n2.0_b0_r1.0,9140111,2,2.0,0,1.0,768,rimls_0.5,OK,0.0061639529999411025,True,True,1.4386829649776256,1.8442549211416692,3.7717504397677564,0.45703125,0.7877604166666666,1.2757009279984157,1.0,1.9193360726180648,1.5201238178034122,1.9171376121257648,,self-report; not geometry-derived layer count or success,1.5176751294797741,1.5290040007602195,1.4386829649776256,1.0,1.990900102069574,0.009099897930425982,0.995450051034787
development,s9140111_g2_n2.0_b0_r1.0,9140111,2,2.0,0,1.0,768,rimls_1.0,OK,0.007429264000165858,True,True,1.3721769483813884,1.7819879306021655,3.753677936786862,0.4635416666666667,0.7864583333333334,1.2748375337728757,1.0,1.8580000705698423,1.447810270806577,1.8507759907398185,,self-report; not geometry-derived layer count or success,1.4472706878180435,1.449767071764995,1.3721769483813884,1.0,1.977565433129819,0.022434566870181083,0.9887827165649095
development,s9140111_g2_n2.0_b0_r1.0,9140111,2,2.0,0,1.0,768,rimls_2.0,OK,0.013176531999988583,True,True,0.8340780462660872,1.0952378950751418,2.19407359113557,0.6041666666666666,0.9309895833333334,0.9141878238330584,1.0,1.209766182905541,0.8529989727283495,1.1121094662429662,,self-report; not geometry-derived layer count or success,0.8474297328818601,0.8731958545812812,0.8340780462660872,1.0,1.9854678981206393,0.014532101879360715,0.9927339490603196
development,s9140111_g2_n2.0_b0_r1.0,9140111,2,2.0,0,1.0,768,rimls_4.0,OK,0.023282166999933906,True,True,0.49070491004883676,0.6141457753127129,1.2308494088910327,0.8697916666666666,0.9986979166666666,0.5563534596215547,1.0,0.6677234430222166,0.4952276910340916,0.6162829097432907,,self-report; not geometry-derived layer count or success,0.4894161417295753,0.5163033095962529,0.49070491004883676,1.0,1.9849948572730927,0.015005142726907339,0.9924974286365463
development,s9140111_g2_n2.0_b0_r1.0,9140111,2,2.0,0,1.0,768,rimls_8.0,OK,0.059926981999979034,True,True,0.40783037947044615,0.5232383419401418,1.0038143898897602,0.94140625,1.0,0.4379342675737254,1.0,0.5451635919288457,0.4092981126261319,0.5194705500631205,,self-report; not geometry-derived layer count or success,0.4010729670233144,0.43912665270381945,0.40783037947044615,1.0,2.0994845812786167,0.0994845812786167,1.0497422906393084
development,s9140111_g2_n2.0_b0_r0.25,9140111,2,2.0,0,0.25,415,identity,OK,0.0005972189999283728,True,True,1.4643741448635634,1.8659852274761715,3.7832565473756308,0.4433734939759036,0.7831325301204819,1.3011602159746187,1.0,1.8982968654557177,1.5040757619485923,1.8969047770037912,,self-report; not geometry-derived layer count or success,1.5006720137717569,1.5082257864636641,1.4643741448635634,0.0,1.9251543700312956,0.07484562996870436,0.9625771850156478
development,s9140111_g2_n2.0_b0_r0.25,9140111,2,2.0,0,0.25,415,bias_only,OK,0.00048630700007379346,True,True,1.455520035353816,1.8519965993399088,3.8857898371823967,0.44096385542168676,0.7855421686746988,1.2906481291028993,1.0,1.8845446358042672,1.4949305410380227,1.8831307000765711,,self-report; not geometry-derived layer count or success,1.4936470764309269,1.4964954069760852,1.455520035353816,1.0,1.9239159140287474,0.0760840859712526,0.9619579570143737
development,s9140111_g2_n2.0_b0_r0.25,9140111,2,2.0,0,0.25,415,old_original,APPLY,0.0008600059998116194,True,True,0.3781111801075937,0.4568460738168738,0.8805730196632519,0.9614457831325302,1.0,0.40093928127383055,1.0,0.5023135596533996,0.3996787112998171,0.43102577855338464,,self-report; not geometry-derived layer count or success,0.43534332490804856,0.514492066338081,0.3781111801075937,1.0,1.4426432017466362,0.5573567982533638,0.7213216008733181
development,s9140111_g2_n2.0_b0_r0.25,9140111,2,2.0,0,0.25,415,atlas_tied_256,OK,0.0014538339999035088,True,True,0.40827888341666796,0.48611832706342445,0.8975926035857917,0.9542168674698795,1.0,0.4298506398092626,1.0,0.521561102707442,0.4249699471410235,0.43025702049796166,,self-report; not geometry-derived layer count or success,0.4476017562326391,0.4978274288156364,0.40827888341666796,1.0,1.396219674428937,0.603780325571063,0.6981098372144685
development,s9140111_g2_n2.0_b0_r0.25,9140111,2,2.0,0,0.25,415,atlas_relax_96,OK,0.0074990059999890946,True,True,0.3137104195002762,0.3912190062167698,0.7615036077610334,0.9686746987951808,1.0,0.3441567780951542,1.0,0.4509489426666821,0.33754004931133463,0.38991210168216395,,self-report; not geometry-derived layer count or success,0.34411822848263773,0.3587168614029094,0.3137104195002762,1.0,1.5296232782129202,0.4703767217870798,0.7648116391064601
development,s9140111_g2_n2.0_b0_r0.25,9140111,2,2.0,0,0.25,415,spatial_12,OK,0.029330604000051608,True,True,0.3781111801075937,0.4568460738168738,0.8805730196632517,0.9614457831325302,1.0,0.40093928127383055,1.0,0.5023135596533996,0.3996787112998171,0.43102577855338464,,self-report; not geometry-derived layer count or success,0.43534332490804856,0.514492066338081,0.3781111801075937,1.0,1.442643201746636,0.557356798253364,0.721321600873318
development,s9140111_g2_n2.0_b0_r0.25,9140111,2,2.0,0,0.25,415,spatial_36,OK,0.08252413699983663,True,True,0.3781111801075937,0.4568460738168738,0.8805730196632517,0.9614457831325302,1.0,0.40093928127383055,1.0,0.5023135596533996,0.3996787112998171,0.43102577855338464,,self-report; not geometry-derived layer count or success,0.43534332490804856,0.514492066338081,0.3781111801075937,1.0,1.442643201746636,0.557356798253364,0.721321600873318
development,s9140111_g2_n2.0_b0_r0.25,9140111,2,2.0,0,0.25,415,spatial_108,OK,0.24151980000010553,True,True,0.3781111801075937,0.4568460738168738,0.8805730196632517,0.9614457831325302,1.0,0.40093928127383055,1.0,0.5023135596533996,0.3996787112998171,0.43102577855338464,,self-report; not geometry-derived layer count or success,0.43534332490804856,0.514492066338081,0.3781111801075937,1.0,1.442643201746636,0.557356798253364,0.721321600873318
development,s9140111_g2_n2.0_b0_r0.25,9140111,2,2.0,0,0.25,415,apss_0.5,OK,0.0034358200000497163,True,True,1.4396988510281299,1.8414953438298323,3.7823127668253647,0.4433734939759036,0.7855421686746988,1.2821853629133722,1.0,1.8730342485018576,1.4777963701317767,1.8715750329143057,,self-report; not geometry-derived layer count or success,1.4637048125422485,1.4949775205617892,1.4396988510281299,1.0,1.93032817426001,0.06967182573998998,0.965164087130005
development,s9140111_g2_n2.0_b0_r0.25,9140111,2,2.0,0,0.25,415,apss_1.0,OK,0.004054804999896078,True,True,1.304843672091974,1.7110470975580727,3.465980834971509,0.4843373493975904,0.7951807228915663,1.2094779207037274,1.0,1.743504096421968,1.3410979503149767,1.7407767334492221,,self-report; not geometry-derived layer count or success,1.2728193644374812,1.424346707427645,1.304843672091974,1.0,1.9019886687175926,0.09801133128240735,0.9509943343587963
development,s9140111_g2_n2.0_b0_r0.25,9140111,2,2.0,0,0.25,415,apss_2.0,OK,0.005552179999995133,True,True,0.6975863269008628,0.9051604911307357,1.9132036176059344,0.7180722891566265,0.963855421686747,0.7163933166803946,1.0,0.9257944217380976,0.7075751864972771,0.9136765459487051,,self-report; not geometry-derived layer count or success,0.6681505248962978,0.7556437578610381,0.6975863269008628,1.0,1.8224402690857202,0.1775597309142798,0.9112201345428601
development,s9140111_g2_n2.0_b0_r0.25,9140111,2,2.0,0,0.25,415,apss_4.0,OK,0.0076504630001181795,True,True,0.39194966751723676,0.49403005638171,0.9387849220614529,0.9518072289156626,1.0,0.4138904136121673,1.0,0.5163578191855694,0.3993286988239776,0.49477299240586803,,self-report; not geometry-derived layer count or success,0.386676830909826,0.4147545056925688,0.39194966751723676,1.0,1.8253855666617715,0.17461443333822846,0.9126927833308858
development,s9140111_g2_n2.0_b0_r0.25,9140111,2,2.0,0,0.25,415,apss_8.0,OK,0.009643227999958981,True,True,0.3305255222868312,0.41891431488812225,0.8296558596833992,0.9783132530120482,1.0,0.35120594795621607,1.0,0.45293719644718033,0.3434497913344992,0.41370416524573084,,self-report; not geometry-derived layer count or success,0.3141523110157479,0.379170783380891,0.3305255222868312,1.0,1.6827768049384946,0.3172231950615054,0.8413884024692473
development,s9140111_g2_n2.0_b0_r0.25,9140111,2,2.0,0,0.25,415,rimls_0.5,OK,0.003909215000021504,True,True,1.441537365673657,1.8426112741668375,3.833779478737778,0.44096385542168676,0.7855421686746988,1.2850543285515115,1.0,1.8747365005835641,1.4797308949887393,1.8727802714204338,,self-report; not geometry-derived layer count or success,1.4672073509372554,1.4950002428162164,1.441537365673657,1.0,1.9244474659821136,0.07555253401788642,0.9622237329910568
development,s9140111_g2_n2.0_b0_r0.25,9140111,2,2.0,0,0.25,415,rimls_1.0,OK,0.00488006000000496,True,True,1.3126910245510532,1.7174327515796601,3.5059987661814316,0.4746987951807229,0.7951807228915663,1.2242050534677555,1.0,1.7585378445466613,1.3492318986878375,1.747450685038785,,self-report; not geometry-derived layer count or success,1.285877946976762,1.4264762890093634,1.3126910245510532,1.0,1.9142333414602948,0.08576665853970522,0.9571166707301474
development,s9140111_g2_n2.0_b0_r0.25,9140111,2,2.0,0,0.25,415,rimls_2.0,OK,0.007205626999848391,True,True,0.7311423281713779,0.9472382078188154,1.9508218772023052,0.672289156626506,0.946987951807229,0.8109799817326104,1.0,1.0574842075733417,0.7416043006032692,0.9571956596399434,,self-report; not geometry-derived layer count or success,0.699693404299427,0.7927042169523391,0.7311423281713779,1.0,1.843607285388364,0.15639271461163595,0.921803642694182
development,s9140111_g2_n2.0_b0_r0.25,9140111,2,2.0,0,0.25,415,rimls_4.0,OK,0.012350730999969528,True,True,0.4332888352462619,0.5360175739412951,0.9891735914633326,0.927710843373494,0.9975903614457832,0.48673657740365994,1.0,0.5857474892651543,0.4457583366320136,0.5541221617166768,,self-report; not geometry-derived layer count or success,0.4386216009569463,0.45445981114492984,0.4332888352462619,1.0,1.8765683513168103,0.12343164868318968,0.9382841756584052
development,s9140111_g2_n2.0_b0_r0.25,9140111,2,2.0,0,0.25,415,rimls_8.0,OK,0.02837395100004869,True,True,0.3214202261943448,0.4239462531290637,0.842178592558886,0.9590361445783132,1.0,0.35352620649113525,1.0,0.4682039876164764,0.3364408516789177,0.4529259119688144,,self-report; not geometry-derived layer count or success,0.3202276032104445,0.35620887654956945,0.3214202261943448,1.0,1.853683712439123,0.146316287560877,0.9268418562195615
development,s9140111_g2_n2.0_b4_r1.0,9140111,2,2.0,4,1.0,768,identity,OK,0.0008322159999352152,True,True,3.489984102849126,4.319751284321687,8.657713656681686,0.14583333333333334,0.3815104166666667,2.3764618872919576,1.0,4.468882821939601,3.7071251734227904,4.466177080284557,,self-report; not geometry-derived layer count or success,3.7033695603911614,3.7207449267061654,3.489984102849126,0.0,2.2610962757442348,0.2610962757442348,1.1305481378721174
development,s9140111_g2_n2.0_b4_r1.0,9140111,2,2.0,4,1.0,768,bias_only,OK,0.0007170420001330058,True,True,1.4429467134994465,1.8470467270512672,3.794471332376355,0.45703125,0.7903645833333334,1.2764334157186048,1.0,1.9233615708393872,1.5255863340844626,1.9205726288536848,,self-report; not geometry-derived layer count or success,1.5229017030693517,1.5353221646332396,1.4429467134994465,1.0,1.9910465293274489,0.008953470672551145,0.9955232646637244
development,s9140111_g2_n2.0_b4_r1.0,9140111,2,2.0,4,1.0,768,old_original,APPLY,0.0013548649999393092,True,True,0.2910376209505976,0.4198710795090238,0.9919073520588682,0.9479166666666666,1.0,0.3081055678118106,1.0,0.4452766799730939,0.2975893865712824,0.4130330780842949,,self-report; not geometry-derived layer count or success,0.3104728797952551,0.37007843880736974,0.2910376209505976,1.0,1.7381380947563236,0.26186190524367636,0.8690690473781618
development,s9140111_g2_n2.0_b4_r1.0,9140111,2,2.0,4,1.0,768,atlas_tied_256,OK,0.0017256500000257802,True,True,0.42086553194693516,0.5561675432386938,1.289949751192272,0.87890625,1.0,0.4341297956795611,1.0,0.5645541713146193,0.4231646843417069,0.4000017375968385,,self-report; not geometry-derived layer count or success,0.45928791040200784,0.6264122333797859,0.42086553194693516,1.0,1.456724731683964,0.543275268316036,0.728362365841982
development,s9140111_g2_n2.0_b4_r1.0,9140111,2,2.0,4,1.0,768,atlas_relax_96,OK,0.012918803000047774,True,True,0.3567404628500885,0.4623008684632612,0.9639183415183669,0.9557291666666666,1.0,0.37621627350165365,1.0,0.4764596819235864,0.358174024421253,0.4372735600922747,,self-report; not geometry-derived layer count or success,0.36296320080198846,0.3851203541779209,0.3567404628500885,1.0,1.7991133862059443,0.2008866137940557,0.8995566931029721
development,s9140111_g2_n2.0_b4_r1.0,9140111,2,2.0,4,1.0,768,spatial_12,OK,0.03953816700004609,True,True,0.46297856923959374,0.5386505207271355,0.9265197699026998,0.9908854166666666,1.0,0.4703194907475532,1.0,0.5425227377995191,0.46333724716341157,0.3934050429297023,,self-report; not geometry-derived layer count or success,0.47606851106858417,0.5349697802202263,0.46297856923959374,1.0,1.266662350171588,0.7333376498284121,0.633331175085794
development,s9140111_g2_n2.0_b4_r1.0,9140111,2,2.0,4,1.0,768,spatial_36,OK,0.10825731299996733,True,True,0.46297856923959374,0.5386505207271355,0.9265197699026998,0.9908854166666666,1.0,0.4703194907475532,1.0,0.5425227377995191,0.46333724716341157,0.3934050429297023,,self-report; not geometry-derived layer count or success,0.47606851106858417,0.5349697802202263,0.46297856923959374,1.0,1.266662350171588,0.7333376498284121,0.633331175085794
development,s9140111_g2_n2.0_b4_r1.0,9140111,2,2.0,4,1.0,768,spatial_108,OK,0.3112156220001907,True,True,0.46297856923959374,0.5386505207271355,0.9265197699026998,0.9908854166666666,1.0,0.4703194907475532,1.0,0.5425227377995191,0.46333724716341157,0.3934050429297023,,self-report; not geometry-derived layer count or success,0.47606851106858417,0.5349697802202263,0.46297856923959374,1.0,1.266662350171588,0.7333376498284121,0.633331175085794
development,s9140111_g2_n2.0_b4_r1.0,9140111,2,2.0,4,1.0,768,apss_0.5,OK,0.00553566099983982,True,True,1.4382394027830017,1.8439025351192502,3.7721154259150853,0.4596354166666667,0.7890625,1.2784504563172086,1.0,1.919629342844216,1.519688991577808,1.9168039829274868,,self-report; not geometry-derived layer count or success,1.5173546468944386,1.5281545066343662,1.4382394027830017,1.0,1.991064611802767,0.00893538819723294,0.9955323059013835
development,s9140111_g2_n2.0_b4_r1.0,9140111,2,2.0,4,1.0,768,apss_1.0,OK,0.006273433000160367,True,True,1.3634280215134185,1.7754478311742146,3.6707077372514476,0.4713541666666667,0.7877604166666666,1.2670406053883063,1.0,1.8478513885512202,1.438709793413248,1.8438831815010222,,self-report; not geometry-derived layer count or success,1.4394808679475095,1.4430482489252976,1.3634280215134185,1.0,1.9664724056966532,0.03352759430334684,0.9832362028483266
development,s9140111_g2_n2.0_b4_r1.0,9140111,2,2.0,4,1.0,768,apss_2.0,OK,0.009895302000131778,True,True,0.7741006874340869,1.0063373617171074,2.01436881349976,0.68359375,0.9466145833333334,0.8019560796711632,1.0,1.037650306264627,0.7900209711020533,1.0214243015109998,,self-report; not geometry-derived layer count or success,0.7866199045263721,0.8023549595271137,0.7741006874340869,1.0,1.9590615227062702,0.04093847729372979,0.9795307613531351
development,s9140111_g2_n2.0_b4_r1.0,9140111,2,2.0,4,1.0,768,apss_4.0,OK,0.012117601999989347,True,True,0.43182799350705214,0.5392657885581905,1.0330111411175742,0.93359375,0.9986979166666666,0.4620353927543621,1.0,0.5612031489360756,0.43471989903833325,0.5361742268696834,,self-report; not geometry-derived layer count or success,0.4331735608067047,0.44032770395062487,0.43182799350705214,1.0,1.8957781473258513,0.10422185267414874,0.9478890736629256
development,s9140111_g2_n2.0_b4_r1.0,9140111,2,2.0,4,1.0,768,apss_8.0,OK,0.017310435000126745,True,True,0.35422975112765637,0.4378907890397907,0.8654393703746885,0.9869791666666666,1.0,0.37527232866262583,1.0,0.4515801958679492,0.35499355810355776,0.42535795941565185,,self-report; not geometry-derived layer count or success,0.35901445169062646,0.37761714009345027,0.35422975112765637,1.0,1.8235962188300736,0.1764037811699264,0.9117981094150368
development,s9140111_g2_n2.0_b4_r1.0,9140111,2,2.0,4,1.0,768,rimls_0.5,OK,0.00578295800005435,True,True,1.4383823080316176,1.844016049522265,3.7721154259150853,0.4609375,0.7890625,1.2789211733067474,1.0,1.9199733393626208,1.5200842261034644,1.9170765368198524,,self-report; not geometry-derived layer count or success,1.5176720783966697,1.5288318942931645,1.4383823080316176,1.0,1.9909715977430908,0.009028402256909152,0.9954857988715454
development,s9140111_g2_n2.0_b4_r1.0,9140111,2,2.0,4,1.0,768,rimls_1.0,OK,0.007474539999975605,True,True,1.371944308990015,1.7814155510233973,3.7458328833201353,0.4609375,0.7903645833333334,1.2781045982440373,1.0,1.8581964042497858,1.4477107147089356,1.8502525664135816,,self-report; not geometry-derived layer count or success,1.4473569992318758,1.4489934660173116,1.371944308990015,1.0,1.9786475924914813,0.021352407508518745,0.9893237962457406
development,s9140111_g2_n2.0_b4_r1.0,9140111,2,2.0,4,1.0,768,rimls_2.0,OK,0.012442975999874761,True,True,0.8339565515587656,1.0955307850005813,2.1944338615049914,0.60546875,0.9309895833333334,0.9157289085584669,1.0,1.210551116997687,0.8531492497590015,1.1124249425715411,,self-report; not geometry-derived layer count or success,0.8478178928503539,0.8724834477048206,0.8339565515587656,1.0,1.984946825705967,0.015053174294032967,0.9924734128529835
development,s9140111_g2_n2.0_b4_r1.0,9140111,2,2.0,4,1.0,768,rimls_4.0,OK,0.0230309240000679,True,True,0.4910892217720188,0.6146846605457094,1.2309704273009436,0.8671875,0.9986979166666666,0.5611791488646052,1.0,0.6710504633849546,0.49567054613956874,0.6172636551955308,,self-report; not geometry-derived layer count or success,0.48966210575043667,0.5174601914061804,0.4910892217720188,1.0,1.9850653198657924,0.014934680134207623,0.9925326599328962
development,s9140111_g2_n2.0_b4_r1.0,9140111,2,2.0,4,1.0,768,rimls_8.0,OK,0.05890069500014761,True,True,0.40996674342384765,0.5248940144337355,0.99995138235282,0.94140625,1.0,0.44606146253798123,1.0,0.5495974266832246,0.4114558712079641,0.521367592818857,,self-report; not geometry-derived layer count or success,0.40299851210210946,0.4421265349532925,0.40996674342384765,1.0,2.100716829441312,0.10071682944131188,1.050358414720656
development,s9140111_g2_n2.0_b4_r0.25,9140111,2,2.0,4,0.25,415,identity,OK,0.0005995029998757673,True,True,3.52836550171928,4.319042417159831,8.447868948001592,0.15903614457831325,0.3614457831325301,2.5666714043026344,1.0,4.42383020600587,3.6584458213450763,4.419303072990711,,self-report; not geometry-derived layer count or success,3.635851322657742,3.685994194076158,3.52836550171928,0.0,1.705158464209193,0.29484153579080696,0.8525792321045965
development,s9140111_g2_n2.0_b4_r0.25,9140111,2,2.0,4,0.25,415,bias_only,OK,0.0004649299999073264,True,True,1.4515606344914993,1.8529263228671256,3.6768898730779087,0.42650602409638555,0.7975903614457831,1.291518270411272,1.0,1.8900398991488543,1.4959896966209305,1.88317952181139,,self-report; not geometry-derived layer count or success,1.4971978665069536,1.499879099141711,1.4515606344914993,1.0,1.9238459888197066,0.07615401118029341,0.9619229944098533
development,s9140111_g2_n2.0_b4_r0.25,9140111,2,2.0,4,0.25,415,old_original,APPLY,0.0008607520001078228,True,True,0.3527361296683762,0.4326663646763876,0.8274701289681132,0.9397590361445783,1.0,0.40154620046613554,1.0,0.5224607584878238,0.39438105767242904,0.4311596925508091,,self-report; not geometry-derived layer count or success,0.47047981890960733,0.6393620965215272,0.3527361296683762,1.0,1.4427131348251032,0.5572868651748968,0.7213565674125516
development,s9140111_g2_n2.0_b4_r0.25,9140111,2,2.0,4,0.25,415,atlas_tied_256,OK,0.0012161659999492258,True,True,0.36897872805815346,0.44854173808250214,0.8225291952542949,0.9493975903614458,1.0,0.4134009144551265,1.0,0.5229077837100975,0.4029399501921595,0.4304949587134411,,self-report; not geometry-derived layer count or success,0.47177872935802667,0.6245492820523306,0.36897872805815346,1.0,1.3954731609086923,0.6045268390913077,0.6977365804543462
development,s9140111_g2_n2.0_b4_r0.25,9140111,2,2.0,4,0.25,415,atlas_relax_96,OK,0.007202445999837437,True,True,0.29053928852205946,0.3665688818536904,0.7040109468972375,0.946987951807229,0.9951807228915662,0.34484299975322924,1.0,0.4720343134249495,0.33166456880836825,0.39017358193076385,,self-report; not geometry-derived layer count or success,0.3806280734698044,0.4892903966489273,0.29053928852205946,1.0,1.5291579543764442,0.4708420456235558,0.7645789771882221
development,s9140111_g2_n2.0_b4_r0.25,9140111,2,2.0,4,0.25,415,spatial_12,OK,0.028239513000016814,True,True,0.35273612966837614,0.43266636467638764,0.8274701289681129,0.9397590361445783,1.0,0.40154620046613554,1.0,0.5224607584878239,0.394381057672429,0.4311596925508091,,self-report; not geometry-derived layer count or success,0.47047981890960733,0.6393620965215272,0.35273612966837614,1.0,1.4427131348251032,0.5572868651748968,0.7213565674125516
development,s9140111_g2_n2.0_b4_r0.25,9140111,2,2.0,4,0.25,415,spatial_36,OK,0.07806668299986086,True,True,0.35273612966837614,0.43266636467638764,0.8274701289681129,0.9397590361445783,1.0,0.40154620046613554,1.0,0.5224607584878239,0.394381057672429,0.4311596925508091,,self-report; not geometry-derived layer count or success,0.47047981890960733,0.6393620965215272,0.35273612966837614,1.0,1.4427131348251032,0.5572868651748968,0.7213565674125516
development,s9140111_g2_n2.0_b4_r0.25,9140111,2,2.0,4,0.25,415,spatial_108,OK,0.2218721970000388,True,True,0.35273612966837614,0.43266636467638764,0.8274701289681129,0.9397590361445783,1.0,0.40154620046613554,1.0,0.5224607584878239,0.394381057672429,0.4311596925508091,,self-report; not geometry-derived layer count or success,0.47047981890960733,0.6393620965215272,0.35273612966837614,1.0,1.4427131348251032,0.5572868651748968,0.7213565674125516
development,s9140111_g2_n2.0_b4_r0.25,9140111,2,2.0,4,0.25,415,apss_0.5,OK,0.003394153000044753,True,True,1.4385003872635107,1.841452909662189,3.667994111343693,0.43614457831325304,0.7951807228915663,1.285241171027345,1.0,1.8779629438952483,1.4823440271209367,1.8712605956788282,,self-report; not geometry-derived layer count or success,1.472498340039735,1.4943483942573759,1.4385003872635107,1.0,1.929764177349688,0.07023582265031192,0.964882088674844
development,s9140111_g2_n2.0_b4_r0.25,9140111,2,2.0,4,0.25,415,apss_1.0,OK,0.003717758999982834,True,True,1.30993744006127,1.708831833073127,3.3432099220809453,0.4843373493975904,0.8048192771084337,1.2277399723998594,1.0,1.746797954112661,1.353102754482476,1.7400414990548785,,self-report; not geometry-derived layer count or success,1.2970054709437302,1.4214994424334608,1.30993744006127,1.0,1.902884727824863,0.09711527217513694,0.9514423639124315
development,s9140111_g2_n2.0_b4_r0.25,9140111,2,2.0,4,0.25,415,apss_2.0,OK,0.005248369999890201,True,True,0.7048762028878542,0.9048772679441084,1.832517422090245,0.744578313253012,0.9614457831325302,0.7348398349691572,1.0,0.9341661040294577,0.7227396735097097,0.9155686401666749,,self-report; not geometry-derived layer count or success,0.7042704046575121,0.7452583542492877,0.7048762028878542,1.0,1.822939216012637,0.17706078398736302,0.9114696080063185
development,s9140111_g2_n2.0_b4_r0.25,9140111,2,2.0,4,0.25,415,apss_4.0,OK,0.006476249000115786,True,True,0.3868960104600089,0.4864660806531421,0.9213843569028879,0.946987951807229,1.0,0.4223755171936629,1.0,0.5268166680115944,0.4022575572998921,0.49536478305003573,,self-report; not geometry-derived layer count or success,0.41014981366830877,0.42766471416506235,0.3868960104600089,1.0,1.826451853448845,0.17354814655115502,0.9132259267244225
development,s9140111_g2_n2.0_b4_r0.25,9140111,2,2.0,4,0.25,415,apss_8.0,OK,0.008428584999819577,True,True,0.30655381966628453,0.3974654714388494,0.7963814617004917,0.9686746987951808,1.0,0.34517970321496283,1.0,0.4586886951233162,0.32980521526266815,0.4138368707876083,,self-report; not geometry-derived layer count or success,0.34182213250907,0.3684906921735448,0.30655381966628453,1.0,1.6842878772435734,0.31571212275642657,0.8421439386217867
development,s9140111_g2_n2.0_b4_r0.25,9140111,2,2.0,4,0.25,415,rimls_0.5,OK,0.0034445270000560413,True,True,1.4401067264355214,1.8427444123726149,3.667994111343693,0.43614457831325304,0.7927710843373494,1.2874086565550302,1.0,1.8797780289994757,1.484059900849415,1.8724830349119623,,self-report; not geometry-derived layer count or success,1.4755805901314445,1.4943983117782775,1.4401067264355214,1.0,1.9243751382808871,0.07562486171911287,0.9621875691404436
development,s9140111_g2_n2.0_b4_r0.25,9140111,2,2.0,4,0.25,415,rimls_1.0,OK,0.004739903999961825,True,True,1.3196109187352438,1.7171103892588384,3.3457318026735003,0.46265060240963857,0.8072289156626506,1.2398981481062843,1.0,1.763640915109524,1.3630503630058193,1.7472651948648297,,self-report; not geometry-derived layer count or success,1.3106667251032174,1.4269191835501684,1.3196109187352438,1.0,1.915338563206622,0.08466143679337801,0.957669281603311
development,s9140111_g2_n2.0_b4_r0.25,9140111,2,2.0,4,0.25,415,rimls_2.0,OK,0.006684740000082456,True,True,0.7379262799054629,0.9490484747680912,1.927663732951314,0.6771084337349398,0.9493975903614458,0.8293324443865701,1.0,1.0659121119362283,0.7568884574432684,0.9589468573059515,,self-report; not geometry-derived layer count or success,0.7346704042609338,0.7839778484891095,0.7379262799054629,1.0,1.8454871931398669,0.15451280686013313,0.9227435965699334
development,s9140111_g2_n2.0_b4_r0.25,9140111,2,2.0,4,0.25,415,rimls_4.0,OK,0.01322747399990476,True,True,0.437129447218307,0.5445864980754057,0.9991289425842699,0.9228915662650602,1.0,0.5052593994949592,1.0,0.6096950320340527,0.4579979008141796,0.5537158991357899,,self-report; not geometry-derived layer count or success,0.46481394598969256,0.4799404633578094,0.437129447218307,1.0,1.8793921772655107,0.12060782273448933,0.9396960886327553
development,s9140111_g2_n2.0_b4_r0.25,9140111,2,2.0,4,0.25,415,rimls_8.0,OK,0.02812534500003494,True,True,0.3646780639013925,0.46145169727959584,0.9734478625858503,0.9325301204819277,1.0,0.41063986059460583,1.0,0.5251390124198099,0.39021900965857564,0.45238292693698284,,self-report; not geometry-derived layer count or success,0.38625987770183245,0.3950461865897921,0.3646780639013925,1.0,1.8582321992008959,0.14176780079910412,0.9291160996004479
development,s9140111_g4_n0.5_b0_r1.0,9140111,4,0.5,0,1.0,768,identity,OK,0.0008135099999435624,True,True,0.38229672822834315,0.48163962641498476,0.964230655338474,0.9635416666666666,1.0,0.3765458449700397,1.0,0.4816396264149848,0.3822967282283432,0.48073581728715103,,self-report; not geometry-derived layer count or success,0.38452259665324695,0.39727981270045704,0.38229672822834315,0.0,3.9607078618767044,0.03929213812329557,0.9901769654691761
development,s9140111_g4_n0.5_b0_r1.0,9140111,4,0.5,0,1.0,768,bias_only,OK,0.0009082169999601319,True,True,0.38214683438840247,0.481677700840111,0.9530169712275485,0.96484375,1.0,0.3764168838814758,1.0,0.4816777321895744,0.38214683438840247,0.4807257813633176,,self-report; not geometry-derived layer count or success,0.3841089708143265,0.39535464824051797,0.38214683438840247,0.98046875,3.95833100358863,0.041668996411369896,0.9895827508971575
development,s9140111_g4_n0.5_b0_r1.0,9140111,4,0.5,0,1.0,768,old_original,APPLY,0.0016858339999998861,True,True,0.0912657378198908,0.21531689507556998,0.49208432685416176,0.9934895833333334,1.0,0.09024304279809799,1.0,0.2153252340340125,0.09126573781989082,0.2116385905840532,,self-report; not geometry-derived layer count or success,0.08837784696068937,0.1049293408402916,0.0912657378198908,0.98046875,3.9337543208838817,0.06624567911611834,0.9834385802209704
development,s9140111_g4_n0.5_b0_r1.0,9140111,4,0.5,0,1.0,768,atlas_tied_256,OK,0.001851025000178197,True,True,0.05237327595474909,0.10811066610186026,0.13072342011220758,0.9973958333333334,1.0,0.05196450425190074,1.0,0.10811501187988695,0.052373275954749075,0.09738670492319251,,self-report; not geometry-derived layer count or success,0.05555633184930475,0.07379951787183275,0.05237327595474909,0.98046875,3.912499565404928,0.08750043459507184,0.978124891351232
development,s9140111_g4_n0.5_b0_r1.0,9140111,4,0.5,0,1.0,768,atlas_relax_96,OK,0.015708420000009937,True,True,0.08354100407354696,0.13457791763041005,0.18751166891629495,0.9973958333333334,1.0,0.08354045925456188,1.0,0.13483354639291786,0.08354100407354696,0.1273407594834945,,self-report; not geometry-derived layer count or success,0.08572969573460812,0.09827383898606316,0.08354100407354696,0.98046875,3.939543737748054,0.06045626225194578,0.9848859344370136
development,s9140111_g4_n0.5_b0_r1.0,9140111,4,0.5,0,1.0,768,spatial_12,OK,0.04204035199995815,True,True,0.03821209898023186,0.09923968915368292,0.07048420119730851,0.9973958333333334,1.0,0.03791565643416798,1.0,0.09925779545146804,0.03821209898023187,0.0922402774126266,,self-report; not geometry-derived layer count or success,0.04096356374468022,0.05673315284241412,0.03821209898023186,0.98046875,3.9388002818553605,0.06119971814463954,0.9847000704638401
development,s9140111_g4_n0.5_b0_r1.0,9140111,4,0.5,0,1.0,768,spatial_36,OK,0.12258935399995607,True,True,0.03821209898023186,0.09923968915368292,0.07048420119730851,0.9973958333333334,1.0,0.03791565643416798,1.0,0.09925779545146804,0.03821209898023187,0.0922402774126266,,self-report; not geometry-derived layer count or success,0.04096356374468022,0.05673315284241412,0.03821209898023186,0.98046875,3.9388002818553605,0.06119971814463954,0.9847000704638401
development,s9140111_g4_n0.5_b0_r1.0,9140111,4,0.5,0,1.0,768,spatial_108,OK,0.3126787169999261,True,True,0.03821209898023186,0.09923968915368292,0.07048420119730851,0.9973958333333334,1.0,0.03791565643416798,1.0,0.09925779545146804,0.03821209898023187,0.0922402774126266,,self-report; not geometry-derived layer count or success,0.04096356374468022,0.05673315284241412,0.03821209898023186,0.98046875,3.9388002818553605,0.06119971814463954,0.9847000704638401
development,s9140111_g4_n0.5_b0_r1.0,9140111,4,0.5,0,1.0,768,apss_0.5,OK,0.005923617999997077,True,True,0.36579457891064493,0.4652290868249782,0.9459269963071715,0.9635416666666666,1.0,0.36326734767059765,1.0,0.4653177932309125,0.3657945789106451,0.46428241259805325,,self-report; not geometry-derived layer count or success,0.3684259636778564,0.38350733308993407,0.36579457891064493,0.98046875,3.9597775823014074,0.04022241769859258,0.9899443955753519
development,s9140111_g4_n0.5_b0_r1.0,9140111,4,0.5,0,1.0,768,apss_1.0,OK,0.006735052000067299,True,True,0.29118270126733065,0.3774396762487964,0.7959504957004969,0.98828125,1.0,0.2917675448332205,1.0,0.3778358325146125,0.2911827012673307,0.3761828488060154,,self-report; not geometry-derived layer count or success,0.2956321933084609,0.321133759633745,0.29118270126733065,0.98046875,3.950384969923761,0.04961503007623902,0.9875962424809402
development,s9140111_g4_n0.5_b0_r1.0,9140111,4,0.5,0,1.0,768,apss_2.0,OK,0.010059273000024405,True,True,0.19159244807940035,0.26888918506834103,0.4760394634029423,0.9908854166666666,1.0,0.19502681832721103,1.0,0.2722932419686339,0.19159244807940035,0.26485186564224955,,self-report; not geometry-derived layer count or success,0.19495253188858003,0.2142103256605952,0.19159244807940035,0.98046875,3.9105889999383923,0.08941100006160774,0.9776472499845981
development,s9140111_g4_n0.5_b0_r1.0,9140111,4,0.5,0,1.0,768,apss_4.0,OK,0.01394024499995794,True,True,0.1823665487589964,0.33244411756174197,0.7104203704593355,0.96484375,0.9986979166666666,0.18601068497893483,1.0,0.3390433708680601,0.18245265371900135,0.32135465375200795,,self-report; not geometry-derived layer count or success,0.1849466142553043,0.19924035822456307,0.1823665487589964,0.98046875,3.8264949856579658,0.17350501434203425,0.9566237464144914
development,s9140111_g4_n0.5_b0_r1.0,9140111,4,0.5,0,1.0,768,apss_8.0,OK,0.023717614999895886,True,True,0.2514081559978878,0.4642055484589933,1.2935476147450957,0.9270833333333334,1.0,0.25388437820673837,1.0,0.4681218758308063,0.25140815599788785,0.4318620561324746,,self-report; not geometry-derived layer count or success,0.2573624270204434,0.2914883982541944,0.2514081559978878,0.98046875,3.6553818130781437,0.3446181869218563,0.9138454532695359
development,s9140111_g4_n0.5_b0_r1.0,9140111,4,0.5,0,1.0,768,rimls_0.5,OK,0.006319901999859212,True,True,0.3669739116730694,0.4662310291359306,0.9459269963071715,0.9635416666666666,1.0,0.3652647591574809,1.0,0.4667452793363613,0.3669739116730695,0.46528805616181484,,self-report; not geometry-derived layer count or success,0.3695175511859715,0.3840960224240975,0.3669739116730694,0.98046875,3.9595168036574284,0.04048319634257158,0.9898792009143571
development,s9140111_g4_n0.5_b0_r1.0,9140111,4,0.5,0,1.0,768,rimls_1.0,OK,0.007666893000077835,True,True,0.2932369463727125,0.37985912961912444,0.7962331784927784,0.98828125,1.0,0.2969287365343696,1.0,0.38176221711279806,0.2932369463727126,0.37866724771726273,,self-report; not geometry-derived layer count or success,0.29760513740705463,0.3226407397531348,0.2932369463727125,0.98046875,3.9526042585705983,0.04739574142940173,0.9881510646426496
development,s9140111_g4_n0.5_b0_r1.0,9140111,4,0.5,0,1.0,768,rimls_2.0,OK,0.012319141000034506,True,True,0.1937309760371456,0.26204452620618457,0.4813268681777071,0.9908854166666666,1.0,0.19969991015987607,1.0,0.2702374759075694,0.19373097603714565,0.25979855460756446,,self-report; not geometry-derived layer count or success,0.1970171532010747,0.21585136261822055,0.1937309760371456,0.98046875,3.93660959555101,0.06339040444898991,0.9841523988877525
development,s9140111_g4_n0.5_b0_r1.0,9140111,4,0.5,0,1.0,768,rimls_4.0,OK,0.023433721000174046,True,True,0.19612106741845717,0.3154992298029206,0.6116567315112535,0.96875,1.0,0.20342822491465726,1.0,0.33242527232967173,0.19612106741845717,0.3127671761938548,,self-report; not geometry-derived layer count or success,0.19790407166354176,0.20812308106820587,0.19612106741845717,0.98046875,3.918808050345705,0.08119194965429521,0.9797020125864262
development,s9140111_g4_n0.5_b0_r1.0,9140111,4,0.5,0,1.0,768,rimls_8.0,OK,0.05447059499988427,True,True,0.26729925080150263,0.4260390838641755,1.1142728965259932,0.94140625,1.0,0.2730974018501883,1.0,0.4373311828371351,0.26729925080150263,0.42236950106026055,,self-report; not geometry-derived layer count or success,0.2730129617332233,0.3057602005060703,0.26729925080150263,0.98046875,3.8869331971419467,0.11306680285805326,0.9717332992854867
development,s9140111_g4_n0.5_b0_r0.25,9140111,4,0.5,0,0.25,447,identity,OK,0.0006596939999781171,True,True,0.38788590081327357,0.4864051855904939,0.9745695810960714,0.959731543624161,1.0,0.38110661393444795,1.0,0.4864051855904939,0.3878859008132737,0.4848523846251319,,self-report; not geometry-derived layer count or success,0.38112951034056863,0.39727981270045704,0.38788590081327357,0.0,3.9414749108964227,0.058525089103577344,0.9853687277241057
development,s9140111_g4_n0.5_b0_r0.25,9140111,4,0.5,0,0.25,447,bias_only,OK,0.0005110320000767388,True,True,0.3897014271243528,0.49310371517848295,0.9934727537610346,0.9552572706935123,1.0,0.3829660974666206,1.0,0.49310383945958813,0.3897014271243528,0.4915578046139197,,self-report; not geometry-derived layer count or success,0.3861042387443307,0.3947028655136883,0.3897014271243528,0.9530201342281879,3.940447917618172,0.059552082381828075,0.985111979404543
development,s9140111_g4_n0.5_b0_r0.25,9140111,4,0.5,0,0.25,447,old_original,APPLY,0.0010704890000852174,True,True,0.18151457208617433,0.3156038008535127,0.7027667637264622,0.9731543624161074,1.0,0.17824904792250776,1.0,0.3156065141293195,0.18151457208617433,0.3091612206128007,,self-report; not geometry-derived layer count or success,0.16673901957959278,0.2020581210258064,0.18151457208617433,0.9530201342281879,3.891859563343193,0.10814043665680684,0.9729648908357983
development,s9140111_g4_n0.5_b0_r0.25,9140111,4,0.5,0,0.25,447,atlas_tied_256,OK,0.0013362780000534258,True,True,0.0669008618463578,0.16224453974823408,0.1302115473594093,0.9910514541387024,1.0,0.06519173550148881,1.0,0.1622500479167196,0.0669008618463578,0.15459211130410547,,self-report; not geometry-derived layer count or success,0.059883733066390755,0.0766572975832104,0.0669008618463578,0.9530201342281879,3.9391412449778667,0.06085875502213334,0.9847853112444667
development,s9140111_g4_n0.5_b0_r0.25,9140111,4,0.5,0,0.25,447,atlas_relax_96,OK,0.010243880999951216,True,True,0.09662185670307127,0.17853046920948393,0.240828249972563,0.9910514541387024,1.0,0.09502439115140743,1.0,0.17855058966507276,0.09662185670307126,0.1678860026415474,,self-report; not geometry-derived layer count or success,0.09569632936705058,0.09790868615422305,0.09662185670307127,0.9530201342281879,3.9114170739550524,0.08858292604494755,0.9778542684887631
development,s9140111_g4_n0.5_b0_r0.25,9140111,4,0.5,0,0.25,447,spatial_12,OK,0.030001281000068047,True,True,0.06949936383143451,0.16264285086771882,0.11213126123578071,0.9910514541387024,1.0,0.0677983505400588,1.0,0.16264855128656017,0.0694993638314345,0.15227741802355996,,self-report; not geometry-derived layer count or success,0.06253630675311227,0.07918061966225687,0.06949936383143451,0.9530201342281879,3.929334012194271,0.07066598780572919,0.9823335030485677
development,s9140111_g4_n0.5_b0_r0.25,9140111,4,0.5,0,0.25,447,spatial_36,OK,0.08283101200004239,True,True,0.06949936383143451,0.16264285086771882,0.11213126123578071,0.9910514541387024,1.0,0.0677983505400588,1.0,0.16264855128656017,0.0694993638314345,0.15227741802355996,,self-report; not geometry-derived layer count or success,0.06253630675311227,0.07918061966225687,0.06949936383143451,0.9530201342281879,3.929334012194271,0.07066598780572919,0.9823335030485677
development,s9140111_g4_n0.5_b0_r0.25,9140111,4,0.5,0,0.25,447,spatial_108,OK,0.2505145800000719,True,True,0.06949936383143451,0.16264285086771882,0.11213126123578071,0.9910514541387024,1.0,0.0677983505400588,1.0,0.16264855128656017,0.0694993638314345,0.15227741802355996,,self-report; not geometry-derived layer count or success,0.06253630675311227,0.07918061966225687,0.06949936383143451,0.9530201342281879,3.929334012194271,0.07066598780572919,0.9823335030485677
development,s9140111_g4_n0.5_b0_r0.25,9140111,4,0.5,0,0.25,447,apss_0.5,OK,0.0038260700000591896,True,True,0.3753877452800288,0.47568042703330427,0.9436570933763889,0.9619686800894854,1.0,0.37185798537367715,1.0,0.4757107510339866,0.3753877452800289,0.473934467207343,,self-report; not geometry-derived layer count or success,0.36729604677852634,0.38663823517516577,0.3753877452800288,0.9530201342281879,3.938904280916567,0.06109571908343314,0.9847260702291417
development,s9140111_g4_n0.5_b0_r0.25,9140111,4,0.5,0,0.25,447,apss_1.0,OK,0.003929243999891696,True,True,0.3159802614777583,0.4050305560193738,0.794373287127763,0.9776286353467561,1.0,0.31495413470713185,1.0,0.4051655047177535,0.3159802614777583,0.4023761325149616,,self-report; not geometry-derived layer count or success,0.3032909935289393,0.3336230939199666,0.3159802614777583,0.9530201342281879,3.929629543906371,0.07037045609362913,0.9824073859765927
development,s9140111_g4_n0.5_b0_r0.25,9140111,4,0.5,0,0.25,447,apss_2.0,OK,0.005060063999962949,True,True,0.21751374629621756,0.3074911764252481,0.6104577055751972,0.9821029082774049,1.0,0.21772451974346108,1.0,0.3087470792829369,0.21751374629621756,0.30042223767439347,,self-report; not geometry-derived layer count or success,0.2192709605597324,0.22347136043027319,0.21751374629621756,0.9530201342281879,3.8979594048757584,0.10204059512424157,0.9744898512189396
development,s9140111_g4_n0.5_b0_r0.25,9140111,4,0.5,0,0.25,447,apss_4.0,OK,0.006156831999987844,True,True,0.21537261532613658,0.36856709352622763,0.8139776839267618,0.959731543624161,1.0,0.21550439682013098,1.0,0.37070025838155435,0.21537261532613658,0.34455835663993367,,self-report; not geometry-derived layer count or success,0.22546736052299404,0.24959758032510793,0.21537261532613658,0.9530201342281879,3.777116301185383,0.22288369881461678,0.9442790752963458
development,s9140111_g4_n0.5_b0_r0.25,9140111,4,0.5,0,0.25,447,apss_8.0,OK,0.008023553000157335,True,True,0.3203393866919672,0.5208407163579566,1.154936879787297,0.9060402684563759,0.9932885906040269,0.3216885118329354,1.0,0.5265675819550337,0.3214611839888266,0.4573379562964269,,self-report; not geometry-derived layer count or success,0.3263897028941035,0.33817070797784016,0.3203393866919672,0.9530201342281879,3.5594106855524634,0.4405893144475366,0.8898526713881159
development,s9140111_g4_n0.5_b0_r0.25,9140111,4,0.5,0,0.25,447,rimls_0.5,OK,0.0038525429999936023,True,True,0.37593624026016687,0.476403483436224,0.9502282630030905,0.9619686800894854,1.0,0.3729843808226167,1.0,0.47668027186378936,0.37593624026016687,0.47467351487605075,,self-report; not geometry-derived layer count or success,0.3679004334969385,0.38710901971706174,0.37593624026016687,0.9530201342281879,3.9390319522617343,0.060968047738265696,0.9847579880654336
development,s9140111_g4_n0.5_b0_r0.25,9140111,4,0.5,0,0.25,447,rimls_1.0,OK,0.004904026000076556,True,True,0.31713375221956147,0.40626896255555006,0.798462003511806,0.9798657718120806,1.0,0.3187181914312221,1.0,0.4075324945476121,0.3171337522195615,0.40370905336404633,,self-report; not geometry-derived layer count or success,0.30441562195541205,0.33481671408415425,0.31713375221956147,0.9530201342281879,3.9327931845594106,0.06720681544058937,0.9831982961398527
development,s9140111_g4_n0.5_b0_r0.25,9140111,4,0.5,0,0.25,447,rimls_2.0,OK,0.007783499999959531,True,True,0.21878217716686474,0.3042933685048724,0.5887377800115194,0.9821029082774049,1.0,0.221362107428451,1.0,0.3074470435567449,0.21878217716686474,0.2994170525852906,,self-report; not geometry-derived layer count or success,0.22167996440340954,0.22860676063194174,0.21878217716686474,0.9530201342281879,3.925744882139997,0.07425511786000305,0.9814362205349992
development,s9140111_g4_n0.5_b0_r0.25,9140111,4,0.5,0,0.25,447,rimls_4.0,OK,0.013044185999888214,True,True,0.2139969886601689,0.3444161945967916,0.7469368635832349,0.9686800894854586,1.0,0.21632203145287557,1.0,0.3506889004340493,0.2139969886601689,0.335376087387874,,self-report; not geometry-derived layer count or success,0.232238679379206,0.27584314863808085,0.2139969886601689,0.9530201342281879,3.906787730206995,0.09321226979300512,0.9766969325517487
development,s9140111_g4_n0.5_b0_r0.25,9140111,4,0.5,0,0.25,447,rimls_8.0,OK,0.029766210000161664,True,True,0.29597164040414503,0.4672067476718871,1.034076033677131,0.9261744966442953,0.9977628635346756,0.2976349053821302,1.0,0.4719108996553428,0.2960121353283075,0.4521830560865761,,self-report; not geometry-derived layer count or success,0.32656556212431154,0.39959968927839634,0.29597164040414503,0.9530201342281879,3.895352416023787,0.1046475839762131,0.9738381040059467
development,s9140111_g4_n0.5_b4_r1.0,9140111,4,0.5,4,1.0,768,identity,OK,0.0009634560001359205,True,True,3.0679996986408598,3.7968081247157666,8.16882443593181,0.12760416666666666,0.26953125,2.5224465848807047,1.0,4.0369293070175525,3.4605534033358567,4.0354872355961335,,self-report; not geometry-derived layer count or success,3.4354472998957273,3.5793389972242293,3.0679996986408598,0.0,4.2144329151729,0.21443291517289964,1.053608228793225
development,s9140111_g4_n0.5_b4_r1.0,9140111,4,0.5,4,1.0,768,bias_only,OK,0.0008258029999979044,True,True,0.4036580943556742,0.5494947878178248,1.0046698510841103,0.9505208333333334,0.9908854166666666,0.4064054601606702,1.0,0.6625261207766847,0.4317775260012007,0.6603519466436095,,self-report; not geometry-derived layer count or success,0.4281084000557634,0.4491374203997624,0.4036580943556742,0.98046875,3.9037826248823,0.09621737511769979,0.975945656220575
development,s9140111_g4_n0.5_b4_r1.0,9140111,4,0.5,4,1.0,768,old_original,APPLY,0.0015837979999560048,True,True,0.11308204074699069,0.34081952204587135,0.5769953462502667,0.9791666666666666,0.9908854166666666,0.1233268749362371,1.0,0.5031493841188984,0.1412014723925172,0.49883001559081414,,self-report; not geometry-derived layer count or success,0.13264143195114547,0.18170196224199228,0.11308204074699069,0.98046875,3.877414908453561,0.12258509154643882,0.9693537271133903
development,s9140111_g4_n0.5_b4_r1.0,9140111,4,0.5,4,1.0,768,atlas_tied_256,OK,0.001963991999900827,True,True,0.0740158614300044,0.2857638809611978,0.1313336461024767,0.9830729166666666,0.9908854166666666,0.08462501197360299,1.0,0.46760871721170033,0.10213529307553089,0.4614499303177913,,self-report; not geometry-derived layer count or success,0.09962392732908745,0.11401742653258427,0.0740158614300044,0.98046875,3.8575799470445373,0.14242005295546267,0.9643949867611343
development,s9140111_g4_n0.5_b4_r1.0,9140111,4,0.5,4,1.0,768,atlas_relax_96,OK,0.019907348000060665,True,True,0.10556185871156787,0.2969324633163321,0.18948283349315526,0.9830729166666666,0.9908854166666666,0.11554550257765413,1.0,0.47458707916880444,0.13368129035709442,0.4707211942278763,,self-report; not geometry-derived layer count or success,0.13018273440419298,0.15023415956709069,0.10556185871156787,0.98046875,3.8845562756629213,0.11544372433707872,0.9711390689157303
development,s9140111_g4_n0.5_b4_r1.0,9140111,4,0.5,4,1.0,768,spatial_12,OK,0.04258131200003845,True,True,0.05996120953682734,0.28256271865047466,0.0702484586565634,0.9830729166666666,0.9908854166666666,0.07168640743454847,1.0,0.46566446154461033,0.08808064118235386,0.46136901836190236,,self-report; not geometry-derived layer count or success,0.0851417646356574,0.10198547499284293,0.05996120953682734,0.98046875,3.883778665812642,0.11622133418735814,0.9709446664531605
development,s9140111_g4_n0.5_b4_r1.0,9140111,4,0.5,4,1.0,768,spatial_36,OK,0.11603665799998453,True,True,0.05996120953682734,0.28256271865047466,0.0702484586565634,0.9830729166666666,0.9908854166666666,0.07168640743454847,1.0,0.46566446154461033,0.08808064118235386,0.46136901836190236,,self-report; not geometry-derived layer count or success,0.0851417646356574,0.10198547499284293,0.05996120953682734,0.98046875,3.883778665812642,0.11622133418735814,0.9709446664531605
development,s9140111_g4_n0.5_b4_r1.0,9140111,4,0.5,4,1.0,768,spatial_108,OK,0.31982054799982507,True,True,0.05996120953682734,0.28256271865047466,0.0702484586565634,0.9830729166666666,0.9908854166666666,0.07168640743454847,1.0,0.46566446154461033,0.08808064118235386,0.46136901836190236,,self-report; not geometry-derived layer count or success,0.0851417646356574,0.10198547499284293,0.05996120953682734,0.98046875,3.883778665812642,0.11622133418735814,0.9709446664531605
development,s9140111_g4_n0.5_b4_r1.0,9140111,4,0.5,4,1.0,768,apss_0.5,OK,0.00580353100008324,True,True,0.3872091483473053,0.535098169088402,0.9992267004250065,0.94921875,0.9908854166666666,0.3933521196797092,1.0,0.6507138253213179,0.4153285799928319,0.6484599478016895,,self-report; not geometry-derived layer count or success,0.41230400522319877,0.42963888151482715,0.3872091483473053,0.98046875,3.9050726189209564,0.09492738107904364,0.9762681547302391
development,s9140111_g4_n0.5_b4_r1.0,9140111,4,0.5,4,1.0,768,apss_1.0,OK,0.0068928160001178185,True,True,0.3132067499843116,0.4611387787136844,0.8151684965257295,0.9752604166666666,0.9908854166666666,0.32250681506159556,1.0,0.5915966718022718,0.34132618162983813,0.5884104665154611,,self-report; not geometry-derived layer count or success,0.34008363413482356,0.3472051003749068,0.3132067499843116,0.98046875,3.895784807646023,0.10421519235397714,0.9739462019115057
development,s9140111_g4_n0.5_b4_r1.0,9140111,4,0.5,4,1.0,768,apss_2.0,OK,0.009958623000102307,True,True,0.21362741303847121,0.37736248803755734,0.5187112027362033,0.9765625,0.9908854166666666,0.22582769205772948,1.0,0.5303273120279288,0.24174684468399776,0.5228443690462934,,self-report; not geometry-derived layer count or success,0.23938910121026286,0.2529021384328628,0.21362741303847121,0.98046875,3.8557231049835607,0.14427689501643925,0.9639307762458902
development,s9140111_g4_n0.5_b4_r1.0,9140111,4,0.5,4,1.0,768,apss_4.0,OK,0.013732239999853846,True,True,0.20422847337044395,0.42504129182515243,0.8942923204089099,0.9505208333333334,0.9895833333333334,0.21703329507216515,1.0,0.5674581512088003,0.2324251710780599,0.5517690864015563,,self-report; not geometry-derived layer count or success,0.2292558740798399,0.24742020314426463,0.20422847337044395,0.98046875,3.7714892101791433,0.2285107898208567,0.9428723025447858
development,s9140111_g4_n0.5_b4_r1.0,9140111,4,0.5,4,1.0,768,apss_8.0,OK,0.02362697900002786,True,True,0.27346598542276795,0.5343557431715857,1.3423871451294502,0.9127604166666666,0.9908854166666666,0.2851447167623407,1.0,0.6528264509787067,0.30158541706829445,0.6187665309105759,,self-report; not geometry-derived layer count or success,0.30183714851034926,0.3032799078200367,0.27346598542276795,0.98046875,3.6007619497779397,0.39923805022206027,0.9001904874444849
development,s9140111_g4_n0.5_b4_r1.0,9140111,4,0.5,4,1.0,768,rimls_0.5,OK,0.006903862999934063,True,True,0.3883996212589289,0.5359775645809103,0.9992267004250065,0.94921875,0.9908854166666666,0.39533883803019804,1.0,0.651732651367239,0.4165190529044554,0.649170964995094,,self-report; not geometry-derived layer count or success,0.4134090170225066,0.4312337002862129,0.3883996212589289,0.98046875,3.904787859239175,0.09521214076082485,0.9761969648097938
development,s9140111_g4_n0.5_b4_r1.0,9140111,4,0.5,4,1.0,768,rimls_1.0,OK,0.007452540000031149,True,True,0.31527343870047203,0.46312227516454374,0.8317684022335653,0.9739583333333334,0.9908854166666666,0.3274098459997639,1.0,0.5940924580516822,0.3433928703459986,0.5900670542843054,,self-report; not geometry-derived layer count or success,0.34207225005437614,0.34964117829292823,0.31527343870047203,0.98046875,3.8979423359111594,0.10205766408884065,0.9744855839777898
development,s9140111_g4_n0.5_b4_r1.0,9140111,4,0.5,4,1.0,768,rimls_2.0,OK,0.012194294000209993,True,True,0.21571170429115613,0.3724670682782439,0.5057957372223238,0.9765625,0.9908854166666666,0.23018186116106823,1.0,0.5292579209755064,0.24383113593668262,0.52087600820521,,self-report; not geometry-derived layer count or success,0.24139700384824023,0.2553478504446864,0.21571170429115613,0.98046875,3.8817216124100415,0.11827838758995846,0.9704304031025104
development,s9140111_g4_n0.5_b4_r1.0,9140111,4,0.5,4,1.0,768,rimls_4.0,OK,0.021670864000043366,True,True,0.21798723684379398,0.4118102743237932,0.7736501026988958,0.9544270833333334,0.9908854166666666,0.23397665675170978,1.0,0.5634349285566529,0.2461066684893205,0.5485276035576416,,self-report; not geometry-derived layer count or success,0.24223639685041476,0.2644182522136954,0.21798723684379398,0.98046875,3.863946044929744,0.1360539550702562,0.965986511232436
development,s9140111_g4_n0.5_b4_r1.0,9140111,4,0.5,4,1.0,768,rimls_8.0,OK,0.05518654200000128,True,True,0.2898214459998355,0.5018398545865284,1.1663296920942932,0.9270833333333334,0.9908854166666666,0.3041442155353867,1.0,0.6312818444262931,0.31794087764536205,0.6162558612712407,,self-report; not geometry-derived layer count or success,0.31791347812446197,0.318070514184546,0.2898214459998355,0.98046875,3.832914524321091,0.16708547567890886,0.9582286310802728
development,s9140111_g4_n0.5_b4_r0.25,9140111,4,0.5,4,0.25,447,identity,OK,0.000600458000008075,True,True,3.176989816109904,3.7751664820037503,8.014842181335013,0.12527964205816555,0.25727069351230425,2.6203920537216114,1.0,3.9138334771160546,3.3634170882500167,3.91189193476862,,self-report; not geometry-derived layer count or success,3.415102079875716,3.5386485571842066,3.176989816109904,0.0,3.942290145088187,0.05770985491181291,0.9855725362720468
development,s9140111_g4_n0.5_b4_r0.25,9140111,4,0.5,4,0.25,447,bias_only,OK,0.000493880000021818,True,True,0.5243697360309529,0.8829766694662778,1.326213754923769,0.9284116331096197,0.9821029082774049,0.4587333883520243,1.0,0.8914719008469821,0.5281063336214891,0.869453385685849,,self-report; not geometry-derived layer count or success,0.5136348358895968,0.548227132607008,0.5243697360309529,0.9530201342281879,4.089621180465996,0.0896211804659961,1.022405295116499
development,s9140111_g4_n0.5_b4_r0.25,9140111,4,0.5,4,0.25,447,old_original,APPLY,0.0010999539999829722,True,True,0.3425001407063533,0.7953093705769992,1.2410140190750938,0.9530201342281879,0.9821029082774049,0.2793565674392095,1.0,0.804730724137944,0.34623673829688956,0.7839739500880243,,self-report; not geometry-derived layer count or success,0.32864964579899386,0.3706893802725735,0.3425001407063533,0.9530201342281879,4.0410351869591,0.04103518695909969,1.010258796739775
development,s9140111_g4_n0.5_b4_r0.25,9140111,4,0.5,4,0.25,447,atlas_tied_256,OK,0.0012640259999443515,True,True,0.26452118051407536,0.74770998975347,0.24021113085494133,0.9686800894854586,0.9821029082774049,0.20075082865853985,1.0,0.7577247539208332,0.26825777810461154,0.7349168970226907,,self-report; not geometry-derived layer count or success,0.2631365550142938,0.2753781952355349,0.26452118051407536,0.9530201342281879,4.088367229375046,0.08836722937504593,1.0220918073437615
development,s9140111_g4_n0.5_b4_r0.25,9140111,4,0.5,4,0.25,447,atlas_relax_96,OK,0.009617905999903087,True,True,0.2664494479218543,0.7504684968353994,0.41377718614757225,0.9686800894854586,0.9821029082774049,0.20310609381442318,1.0,0.7604495292896415,0.2701860455123905,0.7394494717260908,,self-report; not geometry-derived layer count or success,0.2689621426265955,0.2718877286691109,0.2664494479218543,0.9530201342281879,4.0605682528428115,0.06056825284281153,1.0151420632107029
development,s9140111_g4_n0.5_b4_r0.25,9140111,4,0.5,4,0.25,447,spatial_12,OK,0.028559645999848726,True,True,0.2579656796746043,0.7464941431297569,0.2489875503027033,0.9686800894854586,0.9821029082774049,0.19406439967113973,1.0,0.7565237184176173,0.26170227726514056,0.7354855165425838,,self-report; not geometry-derived layer count or success,0.2586434176614215,0.26595523714196934,0.2579656796746043,0.9530201342281879,4.078507587893659,0.07850758789365919,1.0196268969734148
development,s9140111_g4_n0.5_b4_r0.25,9140111,4,0.5,4,0.25,447,spatial_36,OK,0.08042904700005238,True,True,0.2579656796746043,0.7464941431297569,0.2489875503027033,0.9686800894854586,0.9821029082774049,0.19406439967113973,1.0,0.7565237184176173,0.26170227726514056,0.7354855165425838,,self-report; not geometry-derived layer count or success,0.2586434176614215,0.26595523714196934,0.2579656796746043,0.9530201342281879,4.078507587893659,0.07850758789365919,1.0196268969734148
development,s9140111_g4_n0.5_b4_r0.25,9140111,4,0.5,4,0.25,447,spatial_108,OK,0.2361309689999871,True,True,0.2579656796746043,0.7464941431297569,0.2489875503027033,0.9686800894854586,0.9821029082774049,0.19406439967113973,1.0,0.7565237184176173,0.26170227726514056,0.7354855165425838,,self-report; not geometry-derived layer count or success,0.2586434176614215,0.26595523714196934,0.2579656796746043,0.9530201342281879,4.078507587893659,0.07850758789365919,1.0196268969734148
development,s9140111_g4_n0.5_b4_r0.25,9140111,4,0.5,4,0.25,447,apss_0.5,OK,0.003646778000074846,True,True,0.5084599338391881,0.8730492728826663,1.2569221391298355,0.9351230425055929,0.9821029082774049,0.44523269249923175,1.0,0.8816550005737901,0.5121965314297243,0.8597786359657946,,self-report; not geometry-derived layer count or success,0.49368557980211025,0.5379336834253373,0.5084599338391881,0.9530201342281879,4.088072357149729,0.08807235714972883,1.0220180892874322
development,s9140111_g4_n0.5_b4_r0.25,9140111,4,0.5,4,0.25,447,apss_1.0,OK,0.003677806000041528,True,True,0.44828436839939795,0.8360952345645645,1.132194748692915,0.9574944071588367,0.9821029082774049,0.38669624392653806,1.0,0.8451238707211759,0.4520209659899342,0.8232534552671202,,self-report; not geometry-derived layer count or success,0.43309390628731836,0.47833666397218055,0.44828436839939795,0.9530201342281879,4.078878598963215,0.07887859896321459,1.0197196497408036
development,s9140111_g4_n0.5_b4_r0.25,9140111,4,0.5,4,0.25,447,apss_2.0,OK,0.004763298000170835,True,True,0.35510253802010705,0.7909620792758683,1.1213363449938254,0.9552572706935123,0.9821029082774049,0.2934001573111417,1.0,0.800913500932723,0.3588391356106433,0.7808903813278202,,self-report; not geometry-derived layer count or success,0.35546161633166673,0.36353515172045014,0.35510253802010705,0.9530201342281879,4.047231567844307,0.04723156784430671,1.0118078919610767
development,s9140111_g4_n0.5_b4_r0.25,9140111,4,0.5,4,0.25,447,apss_4.0,OK,0.0055808869999509625,True,True,0.3529135794766333,0.8099502995167341,1.6473896734880888,0.941834451901566,0.9821029082774049,0.2918675688992898,1.0,0.8201556824155735,0.35665017706716956,0.8067996728122598,,self-report; not geometry-derived layer count or success,0.36505453938508114,0.3851441113428697,0.3529135794766333,0.9530201342281879,3.9264063922862262,0.07359360771377377,0.9816015980715566
development,s9140111_g4_n0.5_b4_r0.25,9140111,4,0.5,4,0.25,447,apss_8.0,OK,0.007700005999822679,True,True,0.4174683238449243,0.8711706891041769,1.8323683501241181,0.9060402684563759,0.9731543624161074,0.36031891076215916,1.0,0.888115995326191,0.42451504820664276,0.8753875800883524,,self-report; not geometry-derived layer count or success,0.42929898728796,0.44073439247164337,0.4174683238449243,0.9530201342281879,3.7085617865111837,0.29143821348881627,0.9271404466277959
development,s9140111_g4_n0.5_b4_r0.25,9140111,4,0.5,4,0.25,447,rimls_0.5,OK,0.0037060419999761507,True,True,0.5090021964559521,0.8734739127850406,1.258211334707961,0.9351230425055929,0.9821029082774049,0.4467257169624508,1.0,0.8821987004258728,0.5127387940464884,0.8601726315454173,,self-report; not geometry-derived layer count or success,0.494212136077653,0.5384977837357783,0.5090021964559521,0.9530201342281879,4.088203590867743,0.08820359086774321,1.0220508977169358
development,s9140111_g4_n0.5_b4_r0.25,9140111,4,0.5,4,0.25,447,rimls_1.0,OK,0.00456352500009416,True,True,0.44944956938507563,0.836638422326003,1.133445958939318,0.9574944071588367,0.9821029082774049,0.3905207591485292,1.0,0.8461910267896924,0.45318616697561187,0.8238079712345802,,self-report; not geometry-derived layer count or success,0.4338602161783073,0.480056472896998,0.44944956938507563,0.9530201342281879,4.082044013435542,0.08204401343554224,1.0205110033588856
development,s9140111_g4_n0.5_b4_r0.25,9140111,4,0.5,4,0.25,447,rimls_2.0,OK,0.00696959600008995,True,True,0.35907084696855024,0.7904514782285573,1.10682952998846,0.9619686800894854,0.9821029082774049,0.2994123213739452,1.0,0.801133988019086,0.3628074445590865,0.7790503339565206,,self-report; not geometry-derived layer count or success,0.3589560038336813,0.36816238888317915,0.35907084696855024,0.9530201342281879,4.07503457153263,0.07503457153262971,1.0187586428831574
development,s9140111_g4_n0.5_b4_r0.25,9140111,4,0.5,4,0.25,447,rimls_4.0,OK,0.01238248399999975,True,True,0.35723255733548437,0.8024101504221681,1.486531991569675,0.9463087248322147,0.9821029082774049,0.29861140311884604,1.0,0.8144249639639095,0.3609691549260206,0.7964205740598278,,self-report; not geometry-derived layer count or success,0.3697021761239835,0.39057736583248287,0.35723255733548437,0.9530201342281879,4.056115416656172,0.056115416656171924,1.014028854164043
development,s9140111_g4_n0.5_b4_r0.25,9140111,4,0.5,4,0.25,447,rimls_8.0,OK,0.028314072999819473,True,True,0.4358043683788083,0.8523462861334684,1.8849654415823356,0.9351230425055929,0.9731543624161074,0.3780049896671278,1.0,0.8662986653671592,0.4407077898021803,0.8562147760942054,,self-report; not geometry-derived layer count or success,0.4449564616801649,0.455112377880481,0.4358043683788083,0.9530201342281879,4.044473483092597,0.04447348309259702,1.0111183707731493
development,s9140111_g4_n1.0_b0_r1.0,9140111,4,1.0,0,1.0,768,identity,OK,0.0008182900000974769,True,True,0.7628287316407049,0.9596027281925694,1.9106259149026892,0.72265625,0.9752604166666666,0.722811032847619,1.0,0.9632792528299696,0.7645934564566864,0.9614716345743022,,self-report; not geometry-derived layer count or success,0.7690451933064941,0.7945596254009141,0.7628287316407049,0.0,3.9214157237534075,0.07858427624659248,0.9803539309383519
development,s9140111_g4_n1.0_b0_r1.0,9140111,4,1.0,0,1.0,768,bias_only,OK,0.0007227959999909217,True,True,0.7613089576294385,0.9595110934071521,1.8624571142900448,0.71875,0.9791666666666666,0.72109215446183,1.0,0.9630951451098951,0.7630294105475385,0.9610810100994701,,self-report; not geometry-derived layer count or success,0.7673759504174338,0.7922874625075808,0.7613089576294385,0.9622395833333334,3.910626435191086,0.08937356480891401,0.9776566087977715
development,s9140111_g4_n1.0_b0_r1.0,9140111,4,1.0,0,1.0,768,old_original,APPLY,0.0015730580000763439,True,True,0.249749420737119,0.5247159605807287,1.327309442029138,0.9075520833333334,0.9934895833333334,0.24557509757357474,1.0,0.5274297865990234,0.2504122808840751,0.5072076402604417,,self-report; not geometry-derived layer count or success,0.24554704570288258,0.27343137868165773,0.249749420737119,0.9622395833333334,3.712666033378687,0.28733396662131305,0.9281665083446717
development,s9140111_g4_n1.0_b0_r1.0,9140111,4,1.0,0,1.0,768,atlas_tied_256,OK,0.0018987319999723695,True,True,0.12297578283779176,0.30543331161907966,0.2656844923184864,0.9791666666666666,0.9986979166666666,0.11607602928131,1.0,0.31981057047503764,0.12448759534819492,0.2992020283951805,,self-report; not geometry-derived layer count or success,0.12982899838063133,0.1604424127754907,0.12297578283779176,0.9622395833333334,3.776333134429116,0.223666865570884,0.944083283607279
development,s9140111_g4_n1.0_b0_r1.0,9140111,4,1.0,0,1.0,768,atlas_relax_96,OK,0.01703652400010469,True,True,0.18769770527155752,0.33708264704216534,0.42850455530742326,0.9791666666666666,1.0,0.18210847532796826,1.0,0.3428577039295249,0.18836056541851365,0.3303134681234114,,self-report; not geometry-derived layer count or success,0.19044511210252052,0.2023923647392168,0.18769770527155752,0.9622395833333334,3.8482159815089596,0.1517840184910404,0.9620539953772399
development,s9140111_g4_n1.0_b0_r1.0,9140111,4,1.0,0,1.0,768,spatial_12,OK,0.03928120599994145,True,True,0.09250053412356919,0.2943921897627063,0.12053228395841983,0.9791666666666666,0.9986979166666666,0.08826602995826177,1.0,0.3085073169699132,0.09392565509979105,0.2962887982980116,,self-report; not geometry-derived layer count or success,0.09772832093807218,0.11952270425001187,0.09250053412356919,0.9622395833333334,3.8333738666685515,0.1666261333314485,0.9583434666671379
development,s9140111_g4_n1.0_b0_r1.0,9140111,4,1.0,0,1.0,768,spatial_36,OK,0.10715377099995749,True,True,0.092501155432557,0.2943923620657666,0.12053400738116772,0.9791666666666666,0.9986979166666666,0.08826662189711248,1.0,0.308507493021293,0.09392627730124208,0.29628888108653495,,self-report; not geometry-derived layer count or success,0.09772896881836954,0.1195234993045927,0.092501155432557,0.9622395833333334,3.833373412864949,0.16662658713505119,0.9583433532162372
development,s9140111_g4_n1.0_b0_r1.0,9140111,4,1.0,0,1.0,768,spatial_108,OK,0.3076974269999937,True,True,0.092501155432557,0.2943923620657666,0.12053400738116772,0.9791666666666666,0.9986979166666666,0.08826662189711248,1.0,0.308507493021293,0.09392627730124208,0.29628888108653495,,self-report; not geometry-derived layer count or success,0.09772896881836954,0.1195234993045927,0.092501155432557,0.9622395833333334,3.833373412864949,0.16662658713505119,0.9583433532162372
development,s9140111_g4_n1.0_b0_r1.0,9140111,4,1.0,0,1.0,768,apss_0.5,OK,0.0058296479999171424,True,True,0.7513488054835076,0.9500298391395265,1.8560952322016484,0.7161458333333334,0.9791666666666666,0.7217762441248444,1.0,0.9537123110936998,0.7530692584016075,0.9516146255659964,,self-report; not geometry-derived layer count or success,0.7578457190322982,0.7852212545873022,0.7513488054835076,0.9622395833333334,3.910606813244976,0.08939318675502417,0.977651703311244
development,s9140111_g4_n1.0_b0_r1.0,9140111,4,1.0,0,1.0,768,apss_1.0,OK,0.00699899699998241,True,True,0.6350012476826711,0.8290884341338297,1.6939465747915834,0.7916666666666666,0.9830729166666666,0.6239878873233423,1.0,0.8321050461943734,0.6360201213498002,0.829597152750753,,self-report; not geometry-derived layer count or success,0.6428358708865884,0.681899271216838,0.6350012476826711,0.9622395833333334,3.901464628208534,0.0985353717914661,0.9753661570521335
development,s9140111_g4_n1.0_b0_r1.0,9140111,4,1.0,0,1.0,768,apss_2.0,OK,0.010120757000095182,True,True,0.37106663578880456,0.4819411366241937,0.9647888671013817,0.9518229166666666,1.0,0.3776741543744096,1.0,0.4889558751236015,0.37172949593576066,0.47919009802537094,,self-report; not geometry-derived layer count or success,0.3747821968510293,0.3922782737385395,0.37106663578880456,0.9622395833333334,3.852919893411363,0.1470801065886369,0.9632299733528408
development,s9140111_g4_n1.0_b0_r1.0,9140111,4,1.0,0,1.0,768,apss_4.0,OK,0.014155138999967676,True,True,0.2870600791559903,0.42877355836903197,1.014329564686223,0.9479166666666666,0.9986979166666666,0.2951357946558652,1.0,0.44012108273150335,0.2877229393029464,0.4146793722551639,,self-report; not geometry-derived layer count or success,0.2876342392728066,0.2881426095948019,0.2870600791559903,0.9622395833333334,3.7564680672951654,0.24353193270483464,0.9391170168237913
development,s9140111_g4_n1.0_b0_r1.0,9140111,4,1.0,0,1.0,768,apss_8.0,OK,0.02545004500007053,True,True,0.3167162398447552,0.5146386691467634,1.4024701636631778,0.9088541666666666,0.9986979166666666,0.3207557844415766,1.0,0.5228652485445249,0.31741355461231907,0.475882061750157,,self-report; not geometry-derived layer count or success,0.32026443474013644,0.33660380741299994,0.3167162398447552,0.9622395833333334,3.588269750085067,0.4117302499149331,0.8970674375212667
development,s9140111_g4_n1.0_b0_r1.0,9140111,4,1.0,0,1.0,768,rimls_0.5,OK,0.005923223999843685,True,True,0.7521779909463353,0.9507015829340572,1.8560952322016484,0.71484375,0.9791666666666666,0.7234320944269639,1.0,0.9546812037005905,0.7538984438644354,0.952279114817053,,self-report; not geometry-derived layer count or success,0.7586768682468833,0.7860636587373319,0.7521779909463353,0.9622395833333334,3.9106082890794536,0.08939171092054643,0.9776520722698634
development,s9140111_g4_n1.0_b0_r1.0,9140111,4,1.0,0,1.0,768,rimls_1.0,OK,0.007407784999941214,True,True,0.643827903875467,0.8381462543065317,1.7010586822149965,0.7838541666666666,0.98046875,0.6410925371406618,1.0,0.8470331871601233,0.6448970088779448,0.8387234522084118,,self-report; not geometry-derived layer count or success,0.6514097396608218,0.6887364354910434,0.643827903875467,0.9622395833333334,3.9038930506524148,0.09610694934758524,0.9759732626631037
development,s9140111_g4_n1.0_b0_r1.0,9140111,4,1.0,0,1.0,768,rimls_2.0,OK,0.012260675999868909,True,True,0.38001065915436677,0.490310695354661,0.9690449227167284,0.9518229166666666,1.0,0.40126618507491624,1.0,0.5080367922109577,0.38067351930132287,0.489100639493288,,self-report; not geometry-derived layer count or success,0.3839347006068647,0.4026256501789253,0.38001065915436677,0.9622395833333334,3.8746821013886574,0.12531789861134257,0.9686705253471644
development,s9140111_g4_n1.0_b0_r1.0,9140111,4,1.0,0,1.0,768,rimls_4.0,OK,0.022104415000057998,True,True,0.305846000878189,0.4276557094699075,0.9303550118903995,0.9479166666666666,1.0,0.3231215586080685,1.0,0.4510996574797208,0.3065088610251451,0.4237906003366938,,self-report; not geometry-derived layer count or success,0.30508337110220307,0.31325334319787074,0.305846000878189,0.9622395833333334,3.8434273256879137,0.15657267431208632,0.9608568314219784
development,s9140111_g4_n1.0_b0_r1.0,9140111,4,1.0,0,1.0,768,rimls_8.0,OK,0.0539368120000745,True,True,0.3369366220627888,0.48790694817558644,1.2672440354777281,0.9322916666666666,0.9986979166666666,0.3487999525300385,1.0,0.5060157722615111,0.33759948220974484,0.4799041692423608,,self-report; not geometry-derived layer count or success,0.33757297048855,0.3377249182637568,0.3369366220627888,0.9622395833333334,3.7996289288562095,0.2003710711437905,0.9499072322140524
development,s9140111_g4_n1.0_b0_r0.25,9140111,4,1.0,0,0.25,447,identity,OK,0.0006001529998229671,True,True,0.774632927817012,0.9704661369873501,1.9286112022613369,0.70917225950783,0.970917225950783,0.7358840459674324,1.0,0.9728103711809879,0.7757718016265472,0.9697047692502638,,self-report; not geometry-derived layer count or success,0.7622590206811373,0.7945596254009141,0.774632927817012,0.0,3.8829498217928466,0.11705017820715335,0.9707374554482117
development,s9140111_g4_n1.0_b0_r0.25,9140111,4,1.0,0,0.25,447,bias_only,OK,0.000509006999891426,True,True,0.7772648686858792,0.9724338820097751,1.9311909883694813,0.7069351230425056,0.9731543624161074,0.738259074285755,1.0,0.9733602545935902,0.777714702466786,0.9697752244115254,,self-report; not geometry-derived layer count or success,0.7675324290898564,0.7918718740069018,0.7772648686858792,0.9955257270693513,3.8663131442562952,0.13368685574370476,0.9665782860640738
development,s9140111_g4_n1.0_b0_r0.25,9140111,4,1.0,0,0.25,447,old_original,APPLY,0.0009540490000290447,True,True,0.38335671985398234,0.5046379656102158,1.0037190810270455,0.9440715883668904,0.9552572706935123,0.45094223167197733,1.0,0.7234304216260491,0.45049036783744684,0.6628291022503698,,self-report; not geometry-derived layer count or success,0.4832741711504159,0.5616397330803473,0.38335671985398234,0.9955257270693513,3.379572571044072,0.620427428955928,0.844893142761018
development,s9140111_g4_n1.0_b0_r0.25,9140111,4,1.0,0,0.25,447,atlas_tied_256,OK,0.0012899500000003172,True,True,0.0961747032603132,0.16264994154741988,0.23270492034136694,0.9955257270693513,0.9977628635346756,0.0965839763256841,1.0,0.1627384829747442,0.09617470326031317,0.14921771470377976,,self-report; not geometry-derived layer count or success,0.0989348621463706,0.10553267509860408,0.0961747032603132,0.9955257270693513,3.9130244675426975,0.0869755324573025,0.9782561168856744
development,s9140111_g4_n1.0_b0_r0.25,9140111,4,1.0,0,0.25,447,atlas_relax_96,OK,0.009888033999914114,True,True,0.17404172665658083,0.34092820175874494,0.4360073558414285,0.9910514541387024,0.9932885906040269,0.1660070964496348,1.0,0.3412668726699868,0.17404172665658083,0.3308061722875707,,self-report; not geometry-derived layer count or success,0.18778892549747872,0.22064987673748596,0.17404172665658083,0.9955257270693513,3.854727773112457,0.14527222688754282,0.9636819432781143
development,s9140111_g4_n1.0_b0_r0.25,9140111,4,1.0,0,0.25,447,spatial_12,OK,0.028902396999910707,True,True,0.09600788433267872,0.15984453454440248,0.20365000092711905,0.9955257270693513,0.9977628635346756,0.09729499651273348,1.0,0.16020599610713757,0.0960078843326787,0.14485208088785648,,self-report; not geometry-derived layer count or success,0.10160113704948419,0.11497110477361275,0.09600788433267872,0.9955257270693513,3.881423933195436,0.11857606680456412,0.970355983298859
development,s9140111_g4_n1.0_b0_r0.25,9140111,4,1.0,0,0.25,447,spatial_36,OK,0.0796289219999835,True,True,0.09676541792221889,0.16076154666477585,0.20384528824261997,0.9955257270693513,0.9977628635346756,0.09808439231317984,1.0,0.16112081556466962,0.09676541792221888,0.14302034731497884,,self-report; not geometry-derived layer count or success,0.09896572473151632,0.10422528164999739,0.09676541792221889,0.9955257270693513,3.8848170951147085,0.11518290488529148,0.9712042737786771
development,s9140111_g4_n1.0_b0_r0.25,9140111,4,1.0,0,0.25,447,spatial_108,OK,0.2340929839999717,True,True,0.09676541792241934,0.16076154666497067,0.20384528824332135,0.9955257270693513,0.9977628635346756,0.0980843923133859,1.0,0.16112081556486404,0.09676541792241934,0.14302034731509444,,self-report; not geometry-derived layer count or success,0.0989657247316159,0.1042252816498558,0.09676541792241934,0.9955257270693513,3.8848170951148573,0.11518290488514271,0.9712042737787143
development,s9140111_g4_n1.0_b0_r0.25,9140111,4,1.0,0,0.25,447,apss_0.5,FAILED,0.003209426000012172,,,,,,,,,,,,,,,,,,,,,
development,s9140111_g4_n1.0_b0_r0.25,9140111,4,1.0,0,0.25,447,apss_1.0,OK,0.003908151999894471,True,True,0.6397152426871461,0.8269478694828483,1.6292896551905784,0.7829977628635347,0.9798657718120806,0.6280848779640553,1.0,0.827165409040853,0.6397152426871461,0.8232464722199336,,self-report; not geometry-derived layer count or success,0.6118706369330336,0.6784296677998161,0.6397152426871461,0.9955257270693513,3.869341629706118,0.13065837029388216,0.9673354074265295
development,s9140111_g4_n1.0_b0_r0.25,9140111,4,1.0,0,0.25,447,apss_2.0,OK,0.005061455999793907,True,True,0.3815924915362007,0.4902112760778881,0.947670295235517,0.9619686800894854,0.9977628635346756,0.38597772465910196,1.0,0.4923485708203078,0.3815924915362007,0.4835382075138642,,self-report; not geometry-derived layer count or success,0.38855651625384124,0.4052031421831743,0.3815924915362007,0.9955257270693513,3.873624596387226,0.12637540361277422,0.9684061490968064
development,s9140111_g4_n1.0_b0_r0.25,9140111,4,1.0,0,0.25,447,apss_4.0,OK,0.00604598400013856,True,True,0.29899560139288595,0.43133181902869433,0.8997285930512966,0.9664429530201343,0.9932885906040269,0.3029886013229558,1.0,0.43484842248685956,0.29903781807310525,0.40580459449340905,,self-report; not geometry-derived layer count or success,0.3170932431529381,0.36025246780900894,0.29899560139288595,0.9955257270693513,3.763683135092969,0.23631686490703085,0.9409207837732423
development,s9140111_g4_n1.0_b0_r0.25,9140111,4,1.0,0,0.25,447,apss_8.0,OK,0.00803249099999448,True,True,0.35941221560256537,0.5505519954325376,1.2574996710282684,0.8970917225950783,0.9932885906040269,0.3638313815438626,1.0,0.559969081824038,0.36143914647954467,0.4849206416577664,,self-report; not geometry-derived layer count or success,0.36574345020635496,0.37603234735012064,0.35941221560256537,0.9955257270693513,3.5473920668977947,0.45260793310220526,0.8868480167244487
development,s9140111_g4_n1.0_b0_r0.25,9140111,4,1.0,0,0.25,447,rimls_0.5,OK,0.00377933300001132,True,True,0.7603749220023953,0.9591049839386563,1.910285565600357,0.7136465324384788,0.9731543624161074,0.7319767974517563,1.0,0.959709251194681,0.7603749220023953,0.9553853057685138,,self-report; not geometry-derived layer count or success,0.7425745880845975,0.7851240493747346,0.7603749220023953,0.9955257270693513,3.8651419628005557,0.13485803719944434,0.9662854907001389
development,s9140111_g4_n1.0_b0_r0.25,9140111,4,1.0,0,0.25,447,rimls_1.0,OK,0.004764300999795523,True,True,0.6472467258624276,0.8342030366565328,1.6327300217415999,0.7740492170022372,0.9776286353467561,0.6444735235090866,1.0,0.8389117598369885,0.6472467258624276,0.8304291643789057,,self-report; not geometry-derived layer count or success,0.6199815033872706,0.685155591335908,0.6472467258624276,0.9955257270693513,3.8713325320589984,0.1286674679410016,0.9678331330147496
development,s9140111_g4_n1.0_b0_r0.25,9140111,4,1.0,0,0.25,447,rimls_2.0,OK,0.007218578999982128,True,True,0.3901938836038733,0.497186765058461,0.9549310134581451,0.9552572706935123,0.9977628635346756,0.4080040609611205,1.0,0.5089438643855495,0.39019388360387325,0.49220854291667976,,self-report; not geometry-derived layer count or success,0.39735589724960557,0.4144757908305806,0.3901938836038733,0.9955257270693513,3.898420004498034,0.10157999550196584,0.9746050011245085
development,s9140111_g4_n1.0_b0_r0.25,9140111,4,1.0,0,0.25,447,rimls_4.0,OK,0.012844201999996585,True,True,0.3040126673619993,0.4211793266099395,0.8334047631303609,0.9642058165548099,0.9977628635346756,0.3158284373024387,1.0,0.43064591763387405,0.3040126673619993,0.41078111162557673,,self-report; not geometry-derived layer count or success,0.3321874493782706,0.3995357251070048,0.3040126673619993,0.9955257270693513,3.888122099839745,0.111877900160255,0.9720305249599362
development,s9140111_g4_n1.0_b0_r0.25,9140111,4,1.0,0,0.25,447,rimls_8.0,OK,0.028815300999895044,True,True,0.3273332700852666,0.49735404207403466,1.1707450734304203,0.9194630872483222,0.9932885906040269,0.3353834426052888,1.0,0.5078106826989865,0.3282692282364821,0.48365356437919604,,self-report; not geometry-derived layer count or success,0.3583027387295845,0.43009407129865823,0.3273332700852666,0.9955257270693513,3.8769736766460956,0.1230263233539044,0.9692434191615239
development,s9140111_g4_n1.0_b4_r1.0,9140111,4,1.0,4,1.0,768,identity,OK,0.0008476999998947576,True,True,3.157249744743975,3.8910583876126767,8.332786563189924,0.10677083333333333,0.3203125,2.492760297258491,1.0,4.130078681960038,3.5188703962222774,4.128938417759868,,self-report; not geometry-derived layer count or success,3.489173681596916,3.6593757475094364,3.157249744743975,0.0,4.175140777049603,0.17514077704960318,1.0437851942624008
development,s9140111_g4_n1.0_b4_r1.0,9140111,4,1.0,4,1.0,768,bias_only,OK,0.0007302750000235392,True,True,0.7913593441292095,1.0383280672299589,1.9881548863627279,0.703125,0.9635416666666666,0.7678056895152271,1.0,1.2085123460601572,0.8517097602227751,1.2046675361887864,,self-report; not geometry-derived layer count or success,0.8482249589148481,0.8681975514856538,0.7913593441292095,0.9661458333333334,3.851085701717177,0.14891429828282288,0.9627714254292943
development,s9140111_g4_n1.0_b4_r1.0,9140111,4,1.0,4,1.0,768,old_original,APPLY,0.00147105900009592,True,True,0.27622352452729587,0.6537854935076465,1.4086926791200565,0.8932291666666666,0.9765625,0.3059900395085613,1.0,0.897832672036492,0.3355960920268231,0.8797247752942232,,self-report; not geometry-derived layer count or success,0.32347816494499215,0.39293016493638105,0.27622352452729587,0.9661458333333334,3.6571039246068704,0.3428960753931296,0.9142759811517176
development,s9140111_g4_n1.0_b4_r1.0,9140111,4,1.0,4,1.0,768,atlas_tied_256,OK,0.001848026000061509,True,True,0.1453608136704805,0.49282869742549384,0.2603059528783738,0.96875,0.984375,0.17178583033623052,1.0,0.792065526528112,0.20553783363558117,0.7785954282465687,,self-report; not geometry-derived layer count or success,0.2034887992935963,0.21523251850736003,0.1453608136704805,0.9661458333333334,3.7299179111361007,0.2700820888638993,0.9324794777840252
development,s9140111_g4_n1.0_b4_r1.0,9140111,4,1.0,4,1.0,768,atlas_relax_96,OK,0.015002104000132022,True,True,0.21332687650629803,0.51323892807326,0.425705115373257,0.96875,0.9856770833333334,0.23296894148240824,1.0,0.8019406937890468,0.2726994321315343,0.7923907742962437,,self-report; not geometry-derived layer count or success,0.2675952305604993,0.29684923000833774,0.21332687650629803,0.9661458333333334,3.796238001925287,0.20376199807471318,0.9490595004813217
development,s9140111_g4_n1.0_b4_r1.0,9140111,4,1.0,4,1.0,768,spatial_12,OK,0.038045683000063946,True,True,0.11791761636754355,0.4868110599036569,0.12108409551616789,0.96875,0.984375,0.14919700183882734,1.0,0.7880415246748572,0.17800934067669724,0.7783663462597996,,self-report; not geometry-derived layer count or success,0.17476856096831384,0.19334258198352602,0.11791761636754355,0.9661458333333334,3.782202941638114,0.217797058361886,0.9455507354095285
development,s9140111_g4_n1.0_b4_r1.0,9140111,4,1.0,4,1.0,768,spatial_36,OK,0.10550848999992013,True,True,0.11791815534108453,0.4868111513439505,0.12108555218531901,0.96875,0.984375,0.14919739714293567,1.0,0.7880415851578966,0.17800988043658694,0.778366378541267,,self-report; not geometry-derived layer count or success,0.17476912270774667,0.19334301775065219,0.11791815534108453,0.9661458333333334,3.782202552289313,0.2177974477106872,0.9455506380723282
development,s9140111_g4_n1.0_b4_r1.0,9140111,4,1.0,4,1.0,768,spatial_108,OK,0.29891215599991483,True,True,0.11791815534108459,0.4868111513439505,0.12108555218531901,0.96875,0.984375,0.1491973971429357,1.0,0.7880415851578966,0.17800988043658697,0.778366378541267,,self-report; not geometry-derived layer count or success,0.1747691227077467,0.19334301775065227,0.11791815534108459,0.9661458333333334,3.782202552289313,0.2177974477106872,0.9455506380723282
development,s9140111_g4_n1.0_b4_r1.0,9140111,4,1.0,4,1.0,768,apss_0.5,OK,0.005940412999962064,True,True,0.7811918420805215,1.0292799924348186,1.9881548863627279,0.7018229166666666,0.9635416666666666,0.7691529391705019,1.0,1.2008169886661078,0.841542258174087,1.1968757897600415,,self-report; not geometry-derived layer count or success,0.8384853903801104,0.8560053490799169,0.7811918420805215,0.9661458333333334,3.850999076406937,0.14900092359306294,0.9627497691017343
development,s9140111_g4_n1.0_b4_r1.0,9140111,4,1.0,4,1.0,768,apss_1.0,OK,0.006875355999909516,True,True,0.6639072085758547,0.9179234702300137,1.8355575666724073,0.7799479166666666,0.96875,0.6710477673391614,1.0,1.105887622673963,0.723475251916789,1.1010622319385768,,self-report; not geometry-derived layer count or success,0.7226579462240387,0.7273422057168168,0.6639072085758547,0.9661458333333334,3.8429915351037116,0.1570084648962884,0.9607478837759279
development,s9140111_g4_n1.0_b4_r1.0,9140111,4,1.0,4,1.0,768,apss_2.0,OK,0.010008506999838573,True,True,0.3973787792695256,0.6191347975050735,0.9895696413809734,0.9427083333333334,0.9856770833333334,0.4225867399434165,1.0,0.875128609166099,0.4567513467690527,0.8649615115367124,,self-report; not geometry-derived layer count or success,0.45241049923613547,0.47728938658897446,0.3973787792695256,0.9661458333333334,3.796649714604305,0.203350285395695,0.9491624286510763
development,s9140111_g4_n1.0_b4_r1.0,9140111,4,1.0,4,1.0,768,apss_4.0,OK,0.013965482999992673,True,True,0.31261015666751674,0.5786743739894618,1.0697259642415977,0.9348958333333334,0.9830729166666666,0.3420136920124006,1.0,0.8486085616869057,0.3719827241670439,0.8296216862675838,,self-report; not geometry-derived layer count or success,0.3646487270621912,0.4066823821108993,0.31261015666751674,0.9661458333333334,3.7017408619292844,0.2982591380707156,0.9254352154823211
development,s9140111_g4_n1.0_b4_r1.0,9140111,4,1.0,4,1.0,768,apss_8.0,OK,0.02458993899995221,True,True,0.34233452550640076,0.645293060991681,1.4503803021941832,0.89453125,0.9830729166666666,0.3709467828209146,1.0,0.8946580879642738,0.40170709300592805,0.8594584581271464,,self-report; not geometry-derived layer count or success,0.3972700659159529,0.42270019132715325,0.34233452550640076,0.9661458333333334,3.5339650140105294,0.4660349859894706,0.8834912535026324
development,s9140111_g4_n1.0_b4_r1.0,9140111,4,1.0,4,1.0,768,rimls_0.5,OK,0.005706114000076923,True,True,0.7819029379101087,1.0298851214517148,1.9881548863627279,0.69921875,0.9635416666666666,0.7704839262657145,1.0,1.201577622357041,0.8422533540036743,1.1974002492757325,,self-report; not geometry-derived layer count or success,0.8391854893743882,0.856768474712385,0.7819029379101087,0.9661458333333334,3.8511539902847143,0.14884600971528572,0.9627884975711786
development,s9140111_g4_n1.0_b4_r1.0,9140111,4,1.0,4,1.0,768,rimls_1.0,OK,0.007332736999842382,True,True,0.6719111258443139,0.9253900258229149,1.8590593675309468,0.7747395833333334,0.9661458333333334,0.685258462453315,1.0,1.1150686445448785,0.7315204109891013,1.1073838250480388,,self-report; not geometry-derived layer count or success,0.7305490672047278,0.7361161718793463,0.6719111258443139,0.9661458333333334,3.843893059534146,0.15610694046585394,0.9609732648835365
development,s9140111_g4_n1.0_b4_r1.0,9140111,4,1.0,4,1.0,768,rimls_2.0,OK,0.012070501999914995,True,True,0.406079592497161,0.6255035302209757,0.9889374093626363,0.94140625,0.9856770833333334,0.44513220488943706,1.0,0.8858731221921866,0.46545215999668826,0.8706691096353135,,self-report; not geometry-derived layer count or success,0.4613048339775458,0.4850745831021835,0.406079592497161,0.9661458333333334,3.818319188668496,0.18168081133150382,0.954579797167124
development,s9140111_g4_n1.0_b4_r1.0,9140111,4,1.0,4,1.0,768,rimls_4.0,OK,0.021525021999877936,True,True,0.3312210841942751,0.5772427326908041,0.9872546637173651,0.9375,0.984375,0.36855736356593777,1.0,0.8539080505593469,0.3905936516938024,0.834883240674048,,self-report; not geometry-derived layer count or success,0.38197713374783443,0.43136135600532205,0.3312210841942751,0.9661458333333334,3.7889125809249338,0.21108741907506623,0.9472281452312334
development,s9140111_g4_n1.0_b4_r1.0,9140111,4,1.0,4,1.0,768,rimls_8.0,OK,0.052559118000090166,True,True,0.36099571926941626,0.6228660742426191,1.3142361031184249,0.91796875,0.9817708333333334,0.39377299054364506,1.0,0.883881158706035,0.4203682867689435,0.8632871714508653,,self-report; not geometry-derived layer count or success,0.41308618387290474,0.45482241539647006,0.36099571926941626,0.9661458333333334,3.7457708012459916,0.2542291987540084,0.9364427003114979
development,s9140111_g4_n1.0_b4_r0.25,9140111,4,1.0,4,0.25,447,identity,OK,0.0006363649999912013,True,True,3.229853526553691,3.864344201255408,8.021824892971859,0.10961968680089486,0.33109619686800895,2.5757633059725222,1.0,4.0035755363128045,3.40665167993224,4.002167231074538,,self-report; not geometry-derived layer count or success,3.4697138799874203,3.6204561442904453,3.229853526553691,0.0,3.88376505598461,0.11623494401538981,0.9709412639961525
development,s9140111_g4_n1.0_b4_r0.25,9140111,4,1.0,4,0.25,447,bias_only,OK,0.0005125949999182922,True,True,0.7980501836209121,1.0681215254811278,1.8378870035990376,0.7203579418344519,0.9753914988814317,0.7511788083503069,1.0,1.0710822355417329,0.7991673830278677,1.0661370234169545,,self-report; not geometry-derived layer count or success,0.8047743312348378,0.8181770363071138,0.7980501836209121,0.9955257270693513,3.90040245210919,0.09959754789081021,0.9751006130272974
development,s9140111_g4_n1.0_b4_r0.25,9140111,4,1.0,4,0.25,447,old_original,APPLY,0.0009803210000427498,True,True,0.38016007787614076,0.6317718888218006,0.8545715024905302,0.9530201342281879,0.9552572706935123,0.45491574159224607,1.0,0.8487015723048568,0.4599459385214877,0.8013622421327051,,self-report; not geometry-derived layer count or success,0.5238113805844147,0.6764736939647803,0.38016007787614076,0.9955257270693513,3.413663644179939,0.5863363558200612,0.8534159110449847
development,s9140111_g4_n1.0_b4_r0.25,9140111,4,1.0,4,0.25,447,atlas_tied_256,OK,0.0012914999999793508,True,True,0.1476662109590526,0.47558151211648925,0.27988755413939526,0.9955257270693513,0.9977628635346756,0.14501789298080583,1.0,0.47756231822422374,0.1476662109590526,0.4667706302579827,,self-report; not geometry-derived layer count or success,0.18376083204105903,0.2700404877825397,0.1476662109590526,0.9955257270693513,3.9476810622350587,0.05231893776494134,0.9869202655587647
development,s9140111_g4_n1.0_b4_r0.25,9140111,4,1.0,4,0.25,447,atlas_relax_96,OK,0.009687962000043626,True,True,0.22298856411790083,0.5624170609484878,0.44099310357475147,0.9910514541387024,0.9932885906040269,0.2115985299540616,1.0,0.5643256498725056,0.22298856411790083,0.5529974808022522,,self-report; not geometry-derived layer count or success,0.2642491810431696,0.36287750064528257,0.22298856411790083,0.9955257270693513,3.88881089966876,0.11118910033124019,0.97220272491719
development,s9140111_g4_n1.0_b4_r0.25,9140111,4,1.0,4,0.25,447,spatial_12,OK,0.027927273999921454,True,True,0.14873103944137556,0.4778282876403511,0.29739547376655084,0.9955257270693513,0.9977628635346756,0.1467111473998012,1.0,0.47989557909533004,0.14873103944137553,0.4661181012091902,,self-report; not geometry-derived layer count or success,0.19401199650655437,0.3022504339832117,0.14873103944137556,0.9955257270693513,3.915543328863212,0.08445667113678779,0.978885832215803
development,s9140111_g4_n1.0_b4_r0.25,9140111,4,1.0,4,0.25,447,spatial_36,OK,0.07629574800012051,True,True,0.14049456853270179,0.47480666370369884,0.2888549594974585,0.9955257270693513,0.9977628635346756,0.13903215675178066,1.0,0.4768870065769297,0.14049456853270176,0.46527887883836716,,self-report; not geometry-derived layer count or success,0.18433505644624984,0.2891302334374583,0.14049456853270179,0.9955257270693513,3.9189561626816753,0.08104383731832465,0.9797390406704188
development,s9140111_g4_n1.0_b4_r0.25,9140111,4,1.0,4,0.25,447,spatial_108,OK,0.2287627059999977,True,True,0.14049456853258077,0.47480666370365304,0.2888549594980007,0.9955257270693513,0.9977628635346756,0.13903215675166428,1.0,0.47688700657688393,0.14049456853258077,0.46527887883839325,,self-report; not geometry-derived layer count or success,0.18433505644602677,0.2891302334369913,0.14049456853258077,0.9955257270693513,3.9189561626818255,0.08104383731817455,0.9797390406704564
development,s9140111_g4_n1.0_b4_r0.25,9140111,4,1.0,4,0.25,447,apss_0.5,OK,0.0035136889998739207,True,True,0.7794787040829072,1.0561903353358153,1.8032442936927908,0.727069351230425,0.9753914988814317,0.7401844081883084,1.0,1.0571335882972819,0.7794787040829072,1.0520839267871316,,self-report; not geometry-derived layer count or success,0.7762802829989808,0.7839257066594894,0.7794787040829072,0.9955257270693513,3.89868040637422,0.1013195936257798,0.974670101593555
development,s9140111_g4_n1.0_b4_r0.25,9140111,4,1.0,4,0.25,447,apss_1.0,OK,0.003664550000166855,True,True,0.6604082787491348,0.940309662274221,1.6563440517119625,0.785234899328859,0.9843400447427293,0.6411218740628258,1.0,0.9415120676405393,0.6604082787491348,0.9351448842728717,,self-report; not geometry-derived layer count or success,0.6484008008773062,0.6771031677687894,0.6604082787491348,0.9955257270693513,3.9028562075613604,0.09714379243863958,0.9757140518903401
development,s9140111_g4_n1.0_b4_r0.25,9140111,4,1.0,4,0.25,447,apss_2.0,OK,0.005009512000015093,True,True,0.40709258305161045,0.6624221583965691,1.0559867105767577,0.9440715883668904,0.9977628635346756,0.402609971187044,1.0,0.6653683876682992,0.40709258305161045,0.6559683969822164,,self-report; not geometry-derived layer count or success,0.4363979371602905,0.5064487033986861,0.40709258305161045,0.9955257270693513,3.9079769076008453,0.09202309239915474,0.9769942269002113
development,s9140111_g4_n1.0_b4_r0.25,9140111,4,1.0,4,0.25,447,apss_4.0,OK,0.0055819379999775265,True,True,0.31072167932120187,0.607011963553953,0.7596013648688515,0.9664429530201343,0.9955257270693513,0.3100432339631185,1.0,0.6134021111301742,0.31148884004649857,0.6013690688040388,,self-report; not geometry-derived layer count or success,0.3602531471592136,0.47681809517730767,0.31072167932120187,0.9955257270693513,3.798361042576573,0.2016389574234272,0.9495902606441432
development,s9140111_g4_n1.0_b4_r0.25,9140111,4,1.0,4,0.25,447,apss_8.0,OK,0.007681196000021373,True,True,0.3556086243646046,0.676269364793459,1.1389654891924945,0.9149888143176734,0.9910514541387024,0.3561308241486001,1.0,0.6899247999067636,0.3592148792195277,0.6585798732472008,,self-report; not geometry-derived layer count or success,0.3973711102953149,0.4885787856475977,0.3556086243646046,0.9955257270693513,3.5820824226004526,0.4179175773995474,0.8955206056501132
development,s9140111_g4_n1.0_b4_r0.25,9140111,4,1.0,4,0.25,447,rimls_0.5,OK,0.003690121000090585,True,True,0.7805480845256954,1.056932534206522,1.803521678323702,0.7248322147651006,0.9753914988814317,0.742409012578524,1.0,1.0584596192490292,0.7805480845256954,1.0528544316244695,,self-report; not geometry-derived layer count or success,0.7776150500848589,0.7846261003257889,0.7805480845256954,0.9955257270693513,3.899568736549451,0.10043126345054887,0.9748921841373628
development,s9140111_g4_n1.0_b4_r0.25,9140111,4,1.0,4,0.25,447,rimls_1.0,OK,0.004479569000068295,True,True,0.6676424545473773,0.9461518465971407,1.6629663312795335,0.7807606263982103,0.9821029082774049,0.6565001961833251,1.0,0.9510933871150091,0.6676424545473773,0.9413097401436922,,self-report; not geometry-derived layer count or success,0.6553737470357895,0.6847005505527934,0.6676424545473773,0.9955257270693513,3.904889350081701,0.0951106499182992,0.9762223375204252
development,s9140111_g4_n1.0_b4_r0.25,9140111,4,1.0,4,0.25,447,rimls_2.0,OK,0.006885298000042894,True,True,0.41685462035047016,0.6685601274736296,1.070933433416551,0.9440715883668904,0.9977628635346756,0.4255778984957801,1.0,0.6786691091504503,0.41685462035047016,0.6623155597028413,,self-report; not geometry-derived layer count or success,0.44530071407904964,0.5132975263607342,0.41685462035047016,0.9955257270693513,3.9327393414283187,0.06726065857168129,0.9831848353570797
development,s9140111_g4_n1.0_b4_r0.25,9140111,4,1.0,4,0.25,447,rimls_4.0,OK,0.012600562999978138,True,True,0.3266932035196525,0.6060589064965396,0.7026060175490781,0.9686800894854586,0.9955257270693513,0.33188112588674956,1.0,0.6159948931493162,0.32722658081578593,0.6037077222195828,,self-report; not geometry-derived layer count or success,0.37828980568607373,0.5003500277022163,0.3266932035196525,0.9955257270693513,3.923209365323105,0.07679063467689495,0.9808023413307763
development,s9140111_g4_n1.0_b4_r0.25,9140111,4,1.0,4,0.25,447,rimls_8.0,OK,0.029456440000103612,True,True,0.3562941039926325,0.6490639554702539,1.016714410419564,0.9395973154362416,0.9932885906040269,0.3593479240117009,1.0,0.6627788249978718,0.35862173677145115,0.6546318825992086,,self-report; not geometry-derived layer count or success,0.4014685899912426,0.5038886081155568,0.3562941039926325,0.9955257270693513,3.911785898989531,0.08821410101046911,0.9779464747473827
development,s9140111_g4_n2.0_b0_r1.0,9140111,4,2.0,0,1.0,768,identity,OK,0.0008173299997906724,True,True,1.4647370596521243,1.8512528434607731,3.7327027435681313,0.4427083333333333,0.7786458333333334,1.2753683557937998,1.0,1.9265585056599392,1.5291869129133728,1.9229432691486044,,self-report; not geometry-derived layer count or success,1.5380903866129882,1.5891192508018281,1.4647370596521243,0.0,3.842831447506815,0.15716855249318495,0.9607078618767038
development,s9140111_g4_n2.0_b0_r1.0,9140111,4,2.0,0,1.0,768,bias_only,OK,0.0007016319998456311,True,True,1.4623427410794685,1.8488452310998478,3.6945252776497854,0.4544270833333333,0.7734375,1.272695183072054,1.0,1.9228716639502956,1.5260137383305572,1.9189628130479541,,self-report; not geometry-derived layer count or success,1.5347766300345296,1.584999770546849,1.4623427410794685,1.0,3.8291979120109896,0.17080208798901042,0.9572994780027474
development,s9140111_g4_n2.0_b0_r1.0,9140111,4,2.0,0,1.0,768,old_original,APPLY,0.001333718999831035,True,True,0.3759790331721773,0.6326313234582287,1.704048339705152,0.8854166666666666,0.9713541666666666,0.4003361395138634,1.0,0.6740885736860137,0.3867967174868921,0.6098724918569858,,self-report; not geometry-derived layer count or success,0.39102970142557536,0.4152903854920588,0.3759790331721773,1.0,3.4619416433006784,0.5380583566993216,0.8654854108251696
development,s9140111_g4_n2.0_b0_r1.0,9140111,4,2.0,0,1.0,768,atlas_tied_256,OK,0.0018339069999910862,True,True,0.1813294692682819,0.4873507074556738,0.27080516854224784,0.984375,0.9908854166666666,0.16540004125132615,1.0,0.5409008354876201,0.1923407629712779,0.5079836262561634,,self-report; not geometry-derived layer count or success,0.2092591808360913,0.3062244414344249,0.1813294692682819,1.0,3.6806208846470776,0.3193791153529224,0.9201552211617694
development,s9140111_g4_n2.0_b0_r1.0,9140111,4,2.0,0,1.0,768,atlas_relax_96,OK,0.014959052999984124,True,True,0.3206208247468823,0.5555851387601677,0.7168086439587035,0.96484375,0.98828125,0.32153628689061337,1.0,0.6052295238606261,0.3300446354954357,0.5726435023656103,,self-report; not geometry-derived layer count or success,0.3486251324290732,0.4551163387352942,0.3206208247468823,1.0,3.817801572579928,0.18219842742007186,0.954450393144982
development,s9140111_g4_n2.0_b0_r1.0,9140111,4,2.0,0,1.0,768,spatial_12,OK,0.03796594100003858,True,True,0.10387503120802978,0.4647262372190086,0.10894953486887488,0.984375,0.9895833333333334,0.1148880771767264,1.0,0.5213217035838354,0.11466495692196077,0.49865818122987987,,self-report; not geometry-derived layer count or success,0.1297265467015569,0.2160496881249137,0.10387503120802978,1.0,3.790469897894945,0.20953010210505507,0.9476174744737362
development,s9140111_g4_n2.0_b0_r1.0,9140111,4,2.0,0,1.0,768,spatial_36,OK,0.10261846000003061,True,True,0.10442906077017215,0.4649533569412371,0.11086823378604024,0.984375,0.9895833333333334,0.1154131871810629,1.0,0.5214184965612817,0.1152134482277483,0.49878701584141605,,self-report; not geometry-derived layer count or success,0.13022865037178874,0.21628592833166232,0.10442906077017215,1.0,3.7879366058148447,0.2120633941851553,0.9469841514537112
development,s9140111_g4_n2.0_b0_r1.0,9140111,4,2.0,0,1.0,768,spatial_108,OK,0.3066553319999912,True,True,0.10442907656271343,0.46495336384087865,0.11086827759616208,0.984375,0.9895833333333334,0.1154131999828435,1.0,0.5214185033914184,0.11521346410829097,0.49878701822444527,,self-report; not geometry-derived layer count or success,0.13022866790305507,0.21628595532379244,0.10442907656271343,1.0,3.787936590312128,0.21206340968787218,0.946984147578032
development,s9140111_g4_n2.0_b0_r1.0,9140111,4,2.0,0,1.0,768,apss_0.5,OK,0.005734729999858246,True,True,1.4590031913431218,1.8456366518742824,3.6938245553894817,0.44140625,0.7721354166666666,1.2786807012138421,1.0,1.9198082630556945,1.5226836964985173,1.9159065240428714,,self-report; not geometry-derived layer count or success,1.5317832944064205,1.5839362137591806,1.4590031913431218,1.0,3.8309998107740335,0.1690001892259665,0.9577499526935084
development,s9140111_g4_n2.0_b0_r1.0,9140111,4,2.0,0,1.0,768,apss_1.0,OK,0.006789317999846389,True,True,1.3717842011879522,1.7596947970409986,3.6917258868646616,0.4661458333333333,0.7786458333333334,1.2574363914716173,1.0,1.8302076435420556,1.4292952352438608,1.8256821540074528,,self-report; not geometry-derived layer count or success,1.4425811084182412,1.5187270084027493,1.3717842011879522,1.0,3.8359611208813384,0.16403887911866155,0.9589902802203346
development,s9140111_g4_n2.0_b0_r1.0,9140111,4,2.0,0,1.0,768,apss_2.0,OK,0.010413484999844513,True,True,0.7586466363170045,0.9701975900939624,1.9170600434000171,0.7044270833333334,0.9544270833333334,0.7787579909682836,1.0,0.9867967928653844,0.761143700289276,0.9722652416380174,,self-report; not geometry-derived layer count or success,0.7736218660412465,0.8451385175152274,0.7586466363170045,1.0,3.875110128211689,0.1248898717883109,0.9687775320529223
development,s9140111_g4_n2.0_b0_r1.0,9140111,4,2.0,0,1.0,768,apss_4.0,OK,0.015234615999816015,True,True,0.4446366012702752,0.5724237220182117,1.1917581175635052,0.9244791666666666,0.99609375,0.47476113070103954,1.0,0.5976625656986048,0.44537529021762384,0.5557680757063018,,self-report; not geometry-derived layer count or success,0.4516633483889169,0.48770236835573094,0.4446366012702752,1.0,3.7469659735842775,0.2530340264157225,0.9367414933960694
development,s9140111_g4_n2.0_b0_r1.0,9140111,4,2.0,0,1.0,768,apss_8.0,OK,0.027769019000061235,True,True,0.4070901709854697,0.5687847860482254,1.3681617516872684,0.9088541666666666,0.9973958333333334,0.4265188107480449,1.0,0.585852453728005,0.4079081813791839,0.5259305920488944,,self-report; not geometry-derived layer count or success,0.41703779771563826,0.46936276298725743,0.4070901709854697,1.0,3.5677837413283795,0.4322162586716205,0.8919459353320949
development,s9140111_g4_n2.0_b0_r1.0,9140111,4,2.0,0,1.0,768,rimls_0.5,OK,0.00650139999993371,True,True,1.4596043044602343,1.8458986269667073,3.693810416295365,0.4427083333333333,0.7721354166666666,1.279187999340908,1.0,1.9201300120414038,1.5232856153189387,1.9161574189745267,,self-report; not geometry-derived layer count or success,1.5323042684319579,1.5839932653782176,1.4596043044602343,1.0,3.8301425733071013,0.16985742669289872,0.9575356433267753
development,s9140111_g4_n2.0_b0_r1.0,9140111,4,2.0,0,1.0,768,rimls_1.0,OK,0.007411072999957469,True,True,1.3837418909122519,1.7717474526755745,3.6903344645880187,0.45703125,0.7734375,1.2720423972447343,1.0,1.8488068589460207,1.4423964142121495,1.8385457806791417,,self-report; not geometry-derived layer count or success,1.4535984817649323,1.5178013763958085,1.3837418909122519,1.0,3.8331926435382306,0.16680735646176936,0.9582981608845577
development,s9140111_g4_n2.0_b0_r1.0,9140111,4,2.0,0,1.0,768,rimls_2.0,OK,0.012377921000052083,True,True,0.834300203017655,1.093114179155402,2.0620346568161305,0.6328125,0.9348958333333334,0.8947572285601031,1.0,1.1989824608827389,0.8377815766130617,1.0932235087370459,,self-report; not geometry-derived layer count or success,0.8532706094615337,0.9420408603333377,0.834300203017655,1.0,3.8360947059345967,0.16390529406540333,0.9590236764836492
development,s9140111_g4_n2.0_b0_r1.0,9140111,4,2.0,0,1.0,768,rimls_4.0,OK,0.02267772300001525,True,True,0.49414415187395827,0.620273178185222,1.15245044301377,0.8958333333333334,0.9908854166666666,0.565456894340993,1.0,0.6861227873649464,0.49533915868210815,0.6163233520081912,,self-report; not geometry-derived layer count or success,0.5007874212407362,0.5320132842633204,0.49414415187395827,1.0,3.832978227723895,0.16702177227610493,0.9582445569309738
development,s9140111_g4_n2.0_b0_r1.0,9140111,4,2.0,0,1.0,768,rimls_8.0,OK,0.05641313299997819,True,True,0.44445503373952305,0.5733627918823981,1.1837520327407756,0.9244791666666666,0.99609375,0.48458725825546445,1.0,0.6134557514464157,0.4452881871114731,0.5640292072625751,,self-report; not geometry-derived layer count or success,0.44665971902235024,0.4545204392279746,0.44445503373952305,1.0,3.7619786845074827,0.23802131549251726,0.9404946711268707
development,s9140111_g4_n2.0_b0_r0.25,9140111,4,2.0,0,0.25,447,identity,OK,0.0006145170000309008,True,True,1.5211394359880708,1.906232413167123,3.8462809182568716,0.4228187919463087,0.7628635346756152,1.3346364141316143,1.0,1.9456207423619756,1.5515436032530947,1.9394095385005277,,self-report; not geometry-derived layer count or success,1.5245180413622745,1.5891192508018281,1.5211394359880708,0.0,3.7658996435856924,0.2341003564143076,0.9414749108964231
development,s9140111_g4_n2.0_b0_r0.25,9140111,4,2.0,0,0.25,447,bias_only,OK,0.0004947550000906631,True,True,1.5195575345878538,1.9000501534812233,3.8496215448351636,0.41387024608501116,0.7695749440715883,1.3286706738090024,1.0,1.9394512997073063,1.5501922056516588,1.9325325194885907,,self-report; not geometry-derived layer count or success,1.527614252361382,1.5815840123654132,1.5195575345878538,1.0,3.74011975739067,0.25988024260932985,0.9350299393476675
development,s9140111_g4_n2.0_b0_r0.25,9140111,4,2.0,0,0.25,447,old_original,APPLY,0.0009654269999828102,True,True,0.47308908022850693,0.5980513738614328,1.192859297477993,0.8881431767337807,0.9530201342281879,0.5380744368101574,1.0,0.7755008025361164,0.5334705392654605,0.689303224852773,,self-report; not geometry-derived layer count or success,0.5778643985120386,0.6839823401335383,0.47308908022850693,1.0,3.2637545426320855,0.7362454573679145,0.8159386356580214
development,s9140111_g4_n2.0_b0_r0.25,9140111,4,2.0,0,0.25,447,atlas_tied_256,OK,0.0011941810000735131,True,True,0.7046888373475386,0.871675127396414,1.6745018164507415,0.7248322147651006,0.9642058165548099,0.7350115215521814,1.0,0.9175113772396417,0.7228750059105299,0.7604465349472123,,self-report; not geometry-derived layer count or success,0.7911241676190107,0.9542652119168229,0.7046888373475386,1.0,2.909939891487306,1.0900601085126942,0.7274849728718265
development,s9140111_g4_n2.0_b0_r0.25,9140111,4,2.0,0,0.25,447,atlas_relax_96,OK,0.007703340000034586,True,True,0.4625528543516285,0.6632970832135889,1.4620944613270759,0.8210290827740492,0.9753914988814317,0.49542003336928586,1.0,0.7293829650487881,0.48309418281208916,0.6183892221661456,,self-report; not geometry-derived layer count or success,0.5276091767800116,0.6340166757300723,0.4625528543516285,1.0,3.2028174096168787,0.7971825903831213,0.8007043524042197
development,s9140111_g4_n2.0_b0_r0.25,9140111,4,2.0,0,0.25,447,spatial_12,OK,0.028627283000105308,True,True,0.7005796205111416,0.869980287133601,1.676050037453872,0.7225950782997763,0.9642058165548099,0.7227490673559382,1.0,0.9124007876230267,0.7188748178705213,0.7479400949716657,,self-report; not geometry-derived layer count or success,0.7880339826895291,0.9533502750643764,0.7005796205111416,1.0,2.881975488944288,1.118024511055712,0.720493872236072
development,s9140111_g4_n2.0_b0_r0.25,9140111,4,2.0,0,0.25,447,spatial_36,OK,0.07971735499995702,True,True,0.7005796205111416,0.869980287133601,1.676050037453872,0.7225950782997763,0.9642058165548099,0.7227490673559382,1.0,0.9124007876230267,0.7188748178705213,0.7479400949716657,,self-report; not geometry-derived layer count or success,0.7880339826895291,0.9533502750643764,0.7005796205111416,1.0,2.881975488944288,1.118024511055712,0.720493872236072
development,s9140111_g4_n2.0_b0_r0.25,9140111,4,2.0,0,0.25,447,spatial_108,OK,0.22724390200005473,True,True,0.7005796205111416,0.869980287133601,1.676050037453872,0.7225950782997763,0.9642058165548099,0.7227490673559382,1.0,0.9124007876230267,0.7188748178705213,0.7479400949716657,,self-report; not geometry-derived layer count or success,0.7880339826895291,0.9533502750643764,0.7005796205111416,1.0,2.881975488944288,1.118024511055712,0.720493872236072
development,s9140111_g4_n2.0_b0_r0.25,9140111,4,2.0,0,0.25,447,apss_0.5,OK,0.0035318220000135625,True,True,1.512861320547194,1.8933788248001457,3.7869789740755833,0.42058165548098436,0.767337807606264,1.3327885710569332,1.0,1.9332122753453769,1.5448460296549205,1.926308896264425,,self-report; not geometry-derived layer count or success,1.5195350381093715,1.580037782605951,1.512861320547194,1.0,3.7421857366649656,0.25781426333503443,0.9355464341662414
development,s9140111_g4_n2.0_b0_r0.25,9140111,4,2.0,0,0.25,447,apss_1.0,OK,0.0045494020000660385,True,True,1.3977462259491844,1.7782496813331883,3.5665982105428675,0.45861297539149887,0.7807606263982103,1.278713178900122,1.0,1.8169863150452517,1.4261644873222334,1.8095104388627086,,self-report; not geometry-derived layer count or success,1.3591212358260947,1.5193797033061696,1.3977462259491844,1.0,3.7332454164201567,0.2667545835798433,0.9333113541050392
development,s9140111_g4_n2.0_b0_r0.25,9140111,4,2.0,0,0.25,447,apss_2.0,OK,0.005930968000029679,True,True,0.789247403694564,0.9786104861900023,1.894147178375713,0.6957494407158836,0.9507829977628636,0.8089835853489195,1.0,1.0015533796959863,0.7972767538184389,0.9877435600697868,,self-report; not geometry-derived layer count or success,0.7827680061843564,0.8174493441118155,0.789247403694564,1.0,3.801171832540435,0.1988281674595651,0.9502929581351087
development,s9140111_g4_n2.0_b0_r0.25,9140111,4,2.0,0,0.25,447,apss_4.0,OK,0.008927084999868384,True,True,0.49388139498569605,0.6247032768242129,1.2880777540480812,0.8948545861297539,0.9932885906040269,0.5128553379616708,1.0,0.6431123945274019,0.49621352984489775,0.595732937218912,,self-report; not geometry-derived layer count or success,0.5134451712030238,0.5546352443959776,0.49388139498569605,1.0,3.669250369865289,0.33074963013471104,0.9173125924663222
development,s9140111_g4_n2.0_b0_r0.25,9140111,4,2.0,0,0.25,447,apss_8.0,OK,0.014347592999911285,True,True,0.47053951967211777,0.6453590587745588,1.4733213276464285,0.8635346756152126,0.9888143176733781,0.4831220807401185,1.0,0.6631416049050167,0.47429324148391455,0.5633033696928776,,self-report; not geometry-derived layer count or success,0.4688063675994585,0.48192205009331873,0.47053951967211777,1.0,3.4490309353438073,0.5509690646561927,0.8622577338359518
development,s9140111_g4_n2.0_b0_r0.25,9140111,4,2.0,0,0.25,447,rimls_0.5,OK,0.004277141999864398,True,True,1.5131802566590244,1.8938159691202983,3.789281834513296,0.42058165548098436,0.767337807606264,1.3333297398478425,1.0,1.9337350729481673,1.5451847757399626,1.9267419977966909,,self-report; not geometry-derived layer count or success,1.5200269789148542,1.5801635306839634,1.5131802566590244,1.0,3.741530049302684,0.2584699506973158,0.935382512325671
development,s9140111_g4_n2.0_b0_r0.25,9140111,4,2.0,0,0.25,447,rimls_1.0,OK,0.004514929999913875,True,True,1.4004632431893809,1.787439249933752,3.5782955962116225,0.4563758389261745,0.7785234899328859,1.2879507632050096,1.0,1.829779423596081,1.428695115111473,1.818259656863683,,self-report; not geometry-derived layer count or success,1.3684721524485388,1.5124275765679596,1.4004632431893809,1.0,3.732404445648306,0.2675955543516939,0.9331011114120765
development,s9140111_g4_n2.0_b0_r0.25,9140111,4,2.0,0,0.25,447,rimls_2.0,OK,0.006987054999854081,True,True,0.8512179848627172,1.0928160760481196,1.9857369191197964,0.6577181208053692,0.941834451901566,0.9015541465034725,1.0,1.182116248351281,0.8583795965714689,1.0948329164177786,,self-report; not geometry-derived layer count or success,0.8333820743762532,0.8931355097840685,0.8512179848627172,1.0,3.7592769411781246,0.2407230588218754,0.9398192352945312
development,s9140111_g4_n2.0_b0_r0.25,9140111,4,2.0,0,0.25,447,rimls_4.0,OK,0.013207696000108626,True,True,0.5295545485454879,0.6588720177053512,1.3081173425168824,0.8747203579418344,0.9932885906040269,0.5821518949558417,1.0,0.701649026380479,0.5313903912659244,0.6471502949848736,,self-report; not geometry-derived layer count or success,0.5572112763522606,0.6189328572805618,0.5295545485454879,1.0,3.7862401310404294,0.21375986895957055,0.9465600327601074
development,s9140111_g4_n2.0_b0_r0.25,9140111,4,2.0,0,0.25,447,rimls_8.0,OK,0.03217190300006223,True,True,0.4474142820445384,0.6085305077685254,1.3849193407907885,0.87248322147651,0.9955257270693513,0.4768058095453598,1.0,0.639349399690298,0.4506283103469759,0.5903195549488346,,self-report; not geometry-derived layer count or success,0.4657126477379907,0.5017698606459244,0.4474142820445384,1.0,3.755909097917133,0.244090902082867,0.9389772744792833
development,s9140111_g4_n2.0_b4_r1.0,9140111,4,2.0,4,1.0,768,identity,OK,0.0008156520000284218,True,True,3.3794593880345025,4.214278507647597,8.657713656681686,0.14322916666666666,0.3671875,2.4184465385283693,1.0,4.468882821939601,3.70712517342279,4.467742659529296,,self-report; not geometry-derived layer count or success,3.6751596158361677,3.858365199616214,3.3794593880345025,0.0,4.096556500803012,0.09655650080301204,1.024139125200753
development,s9140111_g4_n2.0_b4_r1.0,9140111,4,2.0,4,1.0,768,bias_only,OK,0.0007036889999199047,True,True,1.4625662202353389,1.8491878866379539,3.6997977902169783,0.4544270833333333,0.77734375,1.2847579618613467,1.0,1.927554942733225,1.5261262004284675,1.9188858535960198,,self-report; not geometry-derived layer count or success,1.5349240841855494,1.5853336367180955,1.4625662202353389,1.0,3.8291654081782807,0.17083459182171934,0.9572913520445702
development,s9140111_g4_n2.0_b4_r1.0,9140111,4,2.0,4,1.0,768,old_original,APPLY,0.001330252999878212,True,True,0.3657114127241359,0.6239147570039834,1.7269332649868652,0.8828125,0.9739583333333334,0.4297439388543112,1.0,0.681157881892558,0.3769260690140876,0.603455074616768,,self-report; not geometry-derived layer count or success,0.3822557046103819,0.41273001241865104,0.3657114127241359,1.0,3.466238550808344,0.533761449191656,0.866559637702086
development,s9140111_g4_n2.0_b4_r1.0,9140111,4,2.0,4,1.0,768,atlas_tied_256,OK,0.0022167779998198966,True,True,0.18266608545978855,0.4897121656699999,0.27138640410209863,0.9856770833333334,0.9908854166666666,0.2228291480736161,1.0,0.5578583405489103,0.1934042375086699,0.5086536029847191,,self-report; not geometry-derived layer count or success,0.21038675334179802,0.30762435393341214,0.18266608545978855,1.0,3.6830091189855527,0.3169908810144473,0.9207522797463882
development,s9140111_g4_n2.0_b4_r1.0,9140111,4,2.0,4,1.0,768,atlas_relax_96,OK,0.015002946000095108,True,True,0.32677891395107167,0.5556438512694525,0.7080915930146479,0.97265625,0.9895833333333334,0.3621233989519208,1.0,0.6178485635579457,0.3366348580403529,0.572313626625947,,self-report; not geometry-derived layer count or success,0.3529119900027448,0.44610608109762356,0.32677891395107167,1.0,3.817300334957508,0.18269966504249213,0.954325083739377
development,s9140111_g4_n2.0_b4_r1.0,9140111,4,2.0,4,1.0,768,spatial_12,OK,0.04824219900001481,True,True,0.10417387349465701,0.46683830140590277,0.10930203169092353,0.9856770833333334,0.9908854166666666,0.1785658165818482,1.0,0.5387781240257509,0.11467700788758219,0.4984870678480387,,self-report; not geometry-derived layer count or success,0.12984247767538093,0.21659397263548683,0.10417387349465701,1.0,3.790100022933686,0.20989997706631414,0.9475250057334215
development,s9140111_g4_n2.0_b4_r1.0,9140111,4,2.0,4,1.0,768,spatial_36,OK,0.10327105200008191,True,True,0.10471565953264671,0.46706125546954275,0.1111064052323537,0.9856770833333334,0.9908854166666666,0.17892378333055925,1.0,0.5388615044348876,0.11521419374548825,0.49861044204116145,,self-report; not geometry-derived layer count or success,0.13032925976985837,0.21679985239623023,0.10471565953264671,1.0,3.7874529996403226,0.21254700035967744,0.9468632499100806
development,s9140111_g4_n2.0_b4_r1.0,9140111,4,2.0,4,1.0,768,spatial_108,OK,0.3066147419999652,True,True,0.10471567700692087,0.4670612630908126,0.11110645448486568,0.9856770833333334,0.9908854166666666,0.17892379386899257,1.0,0.5388615117611939,0.11521421132163022,0.4986104446703827,,self-report; not geometry-derived layer count or success,0.13032927916867657,0.21679988226600996,0.10471567700692087,1.0,3.787452982412783,0.21254701758721684,0.9468632456031958
development,s9140111_g4_n2.0_b4_r1.0,9140111,4,2.0,4,1.0,768,apss_0.5,OK,0.00580309700012549,True,True,1.4595169698942378,1.8458000415581164,3.6997977902169787,0.4401041666666667,0.7747395833333334,1.2917787794113769,1.0,1.9242991341511544,1.523075134222503,1.9156509086814923,,self-report; not geometry-derived layer count or success,1.532207318044825,1.584532859010986,1.4595169698942378,1.0,3.831079061796369,0.1689209382036312,0.9577697654490922
development,s9140111_g4_n2.0_b4_r1.0,9140111,4,2.0,4,1.0,768,apss_1.0,OK,0.0071807439999247435,True,True,1.3702518282651228,1.7582998007263002,3.6957192886836285,0.4596354166666667,0.78125,1.2691554593342511,1.0,1.8337536132314451,1.4278701195363126,1.8240163291335563,,self-report; not geometry-derived layer count or success,1.4411273681472125,1.517099364923534,1.3702518282651228,1.0,3.8332225574812635,0.1667774425187365,0.9583056393703159
development,s9140111_g4_n2.0_b4_r1.0,9140111,4,2.0,4,1.0,768,apss_2.0,OK,0.010327447999998185,True,True,0.7632490455158155,0.9789458918513896,1.9586841816287908,0.6940104166666666,0.95703125,0.8046545732628618,1.0,1.0048870156624428,0.7655712756233614,0.9805449513791747,,self-report; not geometry-derived layer count or success,0.7776710238746596,0.847014445457217,0.7632490455158155,1.0,3.866143366976282,0.13385663302371809,0.9665358417440705
development,s9140111_g4_n2.0_b4_r1.0,9140111,4,2.0,4,1.0,768,apss_4.0,OK,0.015507949000038934,True,True,0.4432124684922913,0.571993701850946,1.188681750135182,0.9205729166666666,0.99609375,0.5008472155523255,1.0,0.6113606602570631,0.4437492457279459,0.55417890104807,,self-report; not geometry-derived layer count or success,0.45008248245567994,0.4863724003854504,0.4432124684922913,1.0,3.7421170146748253,0.25788298532517473,0.9355292536687063
development,s9140111_g4_n2.0_b4_r1.0,9140111,4,2.0,4,1.0,768,apss_8.0,OK,0.028666988999930254,True,True,0.4055717713963904,0.567374850635227,1.3613967751468457,0.91015625,0.9973958333333334,0.45640799017993516,1.0,0.5991757305439437,0.4063130254093417,0.5238539840339356,,self-report; not geometry-derived layer count or success,0.4153704453294842,0.4672665950430568,0.4055717713963904,1.0,3.566283891664066,0.433716108335934,0.8915709729160165
development,s9140111_g4_n2.0_b4_r1.0,9140111,4,2.0,4,1.0,768,rimls_0.5,OK,0.005224902000009024,True,True,1.4601234972165633,1.8460558596747314,3.6997977902169787,0.4401041666666667,0.7760416666666666,1.292023440329402,1.0,1.9245880317356008,1.5236822076664833,1.9158998269306684,,self-report; not geometry-derived layer count or success,1.5327210823511748,1.5845118366180813,1.4601234972165633,1.0,3.829973242559088,0.17002675744091178,0.957493310639772
development,s9140111_g4_n2.0_b4_r1.0,9140111,4,2.0,4,1.0,768,rimls_1.0,OK,0.006106781999960731,True,True,1.3834421292344619,1.7714453230460343,3.695059997758821,0.4518229166666667,0.7734375,1.2830096197037204,1.0,1.853360468071748,1.442060101402169,1.837811345917471,,self-report; not geometry-derived layer count or success,1.453501233283079,1.5190644386017609,1.3834421292344619,1.0,3.8285938979440166,0.1714061020559834,0.9571484744860042
development,s9140111_g4_n2.0_b4_r1.0,9140111,4,2.0,4,1.0,768,rimls_2.0,OK,0.011486307000041052,True,True,0.837055675564815,1.0968649721685122,2.077021265462369,0.62890625,0.94140625,0.9129481065371561,1.0,1.2118918033094979,0.8406635443713159,1.0970954275471019,,self-report; not geometry-derived layer count or success,0.8559556105069013,0.9435915526512922,0.837055675564815,1.0,3.823193808864831,0.17680619113516904,0.9557984522162077
development,s9140111_g4_n2.0_b4_r1.0,9140111,4,2.0,4,1.0,768,rimls_4.0,OK,0.015890838000132135,True,True,0.4939507623102936,0.6196102006466971,1.143958256141237,0.8828125,0.9934895833333334,0.5878959618219767,1.0,0.6980190053277877,0.4950641671676282,0.6151930737248614,,self-report; not geometry-derived layer count or success,0.5003184671872487,0.53042472601361,0.4939507623102936,1.0,3.828365060075017,0.1716349399249828,0.9570912650187543
development,s9140111_g4_n2.0_b4_r1.0,9140111,4,2.0,4,1.0,768,rimls_8.0,OK,0.026446028999998816,True,True,0.4450035517891315,0.5736732082164672,1.1806148957219273,0.9244791666666666,0.9973958333333334,0.5095559671803184,1.0,0.6264992108360072,0.4457318381054269,0.5641026152421643,,self-report; not geometry-derived layer count or success,0.446866845686458,0.45334022230242405,0.4450035517891315,1.0,3.762941726926339,0.23705827307366079,0.9407354317315848
development,s9140111_g4_n2.0_b4_r0.25,9140111,4,2.0,4,0.25,447,identity,OK,0.0006421349999072845,True,True,3.4131131670355694,4.190651537135267,8.291014996451057,0.16331096196868009,0.38031319910514544,2.5061904173336216,1.0,4.343869965723461,3.584856598631687,4.342432685385577,,self-report; not geometry-derived layer count or success,3.651674983053344,3.8113959340505668,3.4131131670355694,0.0,3.766714877777457,0.23328512222254316,0.9416787194443642
development,s9140111_g4_n2.0_b4_r0.25,9140111,4,2.0,4,0.25,447,bias_only,OK,0.000492684999926496,True,True,1.5179388660511208,1.8958011625597107,3.7070627094563386,0.40492170022371365,0.7718120805369127,1.339539161963946,1.0,1.9386090540862673,1.5501476704798678,1.9325514056722632,,self-report; not geometry-derived layer count or success,1.529891723931748,1.578311018621638,1.5179388660511208,1.0,3.7400826302332946,0.25991736976670543,0.9350206575583236
development,s9140111_g4_n2.0_b4_r0.25,9140111,4,2.0,4,0.25,447,old_original,APPLY,0.0009863949999271426,True,True,0.43978412091766994,0.5393769403093025,1.0420022887603384,0.9351230425055929,0.9530201342281879,0.533017002697322,1.0,0.7738547952403904,0.5141430870222775,0.6892825444285008,,self-report; not geometry-derived layer count or success,0.5774413084437002,0.7287477521622884,0.43978412091766994,1.0,3.263733324591707,0.7362666754082929,0.8159333311479268
development,s9140111_g4_n2.0_b4_r0.25,9140111,4,2.0,4,0.25,447,atlas_tied_256,OK,0.001184040999987701,True,True,0.6781786665302055,0.834550359092367,1.6471004474334416,0.7472035794183445,0.9440715883668904,0.7319586672486115,1.0,0.9184282540452925,0.7105500458515996,0.7607964386252241,,self-report; not geometry-derived layer count or success,0.8048730245456646,1.0303402516913704,0.6781786665302055,1.0,2.9128326701268668,1.0871673298731332,0.7282081675317167
development,s9140111_g4_n2.0_b4_r0.25,9140111,4,2.0,4,0.25,447,atlas_relax_96,OK,0.007684337999990021,True,True,0.46072157390652674,0.6310252763273786,1.435601274760934,0.8769574944071589,0.9686800894854586,0.5168585767426058,1.0,0.7298386183482547,0.4896935758611454,0.6173348773289554,,self-report; not geometry-derived layer count or success,0.5599967788560175,0.728047750720765,0.46072157390652674,1.0,3.2076409963158024,0.7923590036841976,0.8019102490789506
development,s9140111_g4_n2.0_b4_r0.25,9140111,4,2.0,4,0.25,447,spatial_12,OK,0.030255911000040214,True,True,0.6726339573244234,0.8315470296304491,1.645956928797884,0.7449664429530202,0.9463087248322147,0.7194664259987824,1.0,0.9105990106022114,0.7043907536874903,0.747961905791527,,self-report; not geometry-derived layer count or success,0.7993571086141794,1.0263622457918802,0.6726339573244234,1.0,2.8820058274523577,1.1179941725476423,0.7205014568630894
development,s9140111_g4_n2.0_b4_r0.25,9140111,4,2.0,4,0.25,447,spatial_36,OK,0.08361647100014125,True,True,0.6726339573244234,0.8315470296304491,1.645956928797884,0.7449664429530202,0.9463087248322147,0.7194664259987824,1.0,0.9105990106022114,0.7043907536874903,0.747961905791527,,self-report; not geometry-derived layer count or success,0.7993571086141794,1.0263622457918802,0.6726339573244234,1.0,2.8820058274523577,1.1179941725476423,0.7205014568630894
development,s9140111_g4_n2.0_b4_r0.25,9140111,4,2.0,4,0.25,447,spatial_108,OK,0.24013514800003577,True,True,0.6726339573244234,0.8315470296304491,1.645956928797884,0.7449664429530202,0.9463087248322147,0.7194664259987824,1.0,0.9105990106022114,0.7043907536874903,0.747961905791527,,self-report; not geometry-derived layer count or success,0.7993571086141794,1.0263622457918802,0.6726339573244234,1.0,2.8820058274523577,1.1179941725476423,0.7205014568630894
development,s9140111_g4_n2.0_b4_r0.25,9140111,4,2.0,4,0.25,447,apss_0.5,FAILED,0.003172729999960211,,,,,,,,,,,,,,,,,,,,,
development,s9140111_g4_n2.0_b4_r0.25,9140111,4,2.0,4,0.25,447,apss_1.0,OK,0.004230732999985776,True,True,1.3903147131979876,1.7717258080230986,3.467606487647003,0.4519015659955257,0.785234899328859,1.287783443886754,1.0,1.8149877585486756,1.4216391493305385,1.8076511265263822,,self-report; not geometry-derived layer count or success,1.3556095130809889,1.5134450606935483,1.3903147131979876,1.0,3.7326387117736,0.2673612882263998,0.9331596779434
development,s9140111_g4_n2.0_b4_r0.25,9140111,4,2.0,4,0.25,447,apss_2.0,OK,0.005222116999902937,True,True,0.7909106497824357,0.9719330323983844,1.7584100530935172,0.70917225950783,0.9485458612975392,0.8234426035067098,1.0,1.0062493093834979,0.8024958416820472,0.9889284919901552,,self-report; not geometry-derived layer count or success,0.7957874202705288,0.8118230586178482,0.7909106497824357,1.0,3.802761663610601,0.19723833638939903,0.9506904159026502
development,s9140111_g4_n2.0_b4_r0.25,9140111,4,2.0,4,0.25,447,apss_4.0,OK,0.006449702000054458,True,True,0.47730120913935464,0.6019799231120894,1.1877679767784761,0.9082774049217002,0.9932885906040269,0.5125399723377723,1.0,0.6325346649990865,0.4811532954641947,0.5960304119325766,,self-report; not geometry-derived layer count or success,0.5184151800448797,0.6074850324917577,0.47730120913935464,1.0,3.6694563970694234,0.3305436029305766,0.9173640992673558
development,s9140111_g4_n2.0_b4_r0.25,9140111,4,2.0,4,0.25,447,apss_8.0,OK,0.007762781999872459,True,True,0.44677754889457183,0.6019867031824091,1.3900641829384701,0.8814317673378076,0.9910514541387024,0.4777482498815923,1.0,0.6344718656877506,0.45264156278700673,0.5632531411884709,,self-report; not geometry-derived layer count or success,0.47191811977223674,0.5179963067904071,0.44677754889457183,1.0,3.4497916333237404,0.5502083666762596,0.8624479083309351
development,s9140111_g4_n2.0_b4_r0.25,9140111,4,2.0,4,0.25,447,rimls_0.5,OK,0.00374557600002845,True,True,1.5095422950980142,1.889399846703552,3.692599977411367,0.40939597315436244,0.7718120805369127,1.3434217263725086,1.0,1.9327348571150287,1.543791545950649,1.9265940358974065,,self-report; not geometry-derived layer count or success,1.5200723452837988,1.5767701137227408,1.5095422950980142,1.0,3.7416671147515195,0.2583328852484805,0.9354167786878799
development,s9140111_g4_n2.0_b4_r0.25,9140111,4,2.0,4,0.25,447,rimls_1.0,OK,0.00461633999998412,True,True,1.3947750616501036,1.7819746012574773,3.4713125743339064,0.4563758389261745,0.7785234899328859,1.2963840792595671,1.0,1.8285013074446212,1.425751314529411,1.8173392911026147,,self-report; not geometry-derived layer count or success,1.3663000867794177,1.5084107755721825,1.3947750616501036,1.0,3.7329924670199572,0.26700753298004276,0.9332481167549893
development,s9140111_g4_n2.0_b4_r0.25,9140111,4,2.0,4,0.25,447,rimls_2.0,OK,0.006977062999794725,True,True,0.8525533386615416,1.0828780403321885,2.035293288026631,0.6577181208053692,0.9395973154362416,0.9163257106197975,1.0,1.1814593241416265,0.8632724145334212,1.096490387711777,,self-report; not geometry-derived layer count or success,0.8450280574605615,0.8886389003031725,0.8525533386615416,1.0,3.7602399695116184,0.23976003048838157,0.9400599923779046
development,s9140111_g4_n2.0_b4_r0.25,9140111,4,2.0,4,0.25,447,rimls_4.0,OK,0.013097911000159002,True,True,0.5222567821706341,0.6450193426033348,1.1991953507624569,0.8859060402684564,0.9910514541387024,0.5901839471033772,1.0,0.6992393728859035,0.5256569764603964,0.6473561744203478,,self-report; not geometry-derived layer count or success,0.5660992299244466,0.6627713545149836,0.5222567821706341,1.0,3.7853159605460767,0.21468403945392334,0.9463289901365192
development,s9140111_g4_n2.0_b4_r0.25,9140111,4,2.0,4,0.25,447,rimls_8.0,OK,0.030462421000038375,True,True,0.4434644610808815,0.5846497191997214,1.2489856186729444,0.901565995525727,0.9932885906040269,0.4879784394521386,1.0,0.6284820106346852,0.4482764226127276,0.5902861337592656,,self-report; not geometry-derived layer count or success,0.47458307994994603,0.5374658383977355,0.4434644610808815,1.0,3.752587967849221,0.24741203215077912,0.9381469919623052
development,s9140111_g8_n0.5_b0_r1.0,9140111,8,0.5,0,1.0,768,identity,OK,0.000850265000053696,True,True,0.38229672822834315,0.48163962641498476,0.9642306553384739,0.9635416666666666,1.0,0.3768368229334101,1.0,0.4816396264149848,0.3822967282283432,0.4801010335904681,,self-report; not geometry-derived layer count or success,0.3845396080793434,0.3957248790245919,0.38229672822834315,0.0,8.064042807226665,0.06404280722666478,1.008005350903333
development,s9140111_g8_n0.5_b0_r1.0,9140111,8,0.5,0,1.0,768,bias_only,OK,0.0007513410000683507,True,True,0.38272818953833987,0.48376709145567887,0.9543399524590362,0.9661458333333334,1.0,0.3769116090999652,1.0,0.4837670938312257,0.3827281895383399,0.48234687556412315,,self-report; not geometry-derived layer count or success,0.3846971271283451,0.39451624446031913,0.38272818953833987,0.9869791666666666,8.06044731288771,0.060447312887710325,1.0075559141109638
development,s9140111_g8_n0.5_b0_r1.0,9140111,8,0.5,0,1.0,768,old_original,APPLY,0.00151008400007413,True,True,0.20933910931902666,0.4258643531103366,1.201852605006272,0.93359375,0.9986979166666666,0.20569094151412118,1.0,0.4258646549915311,0.20933910931902666,0.4255987782467289,,self-report; not geometry-derived layer count or success,0.19086932844550797,0.2829783655290295,0.20933910931902666,0.9869791666666666,7.99571289623883,0.00428710376117003,0.9994641120298537
development,s9140111_g8_n0.5_b0_r1.0,9140111,8,0.5,0,1.0,768,atlas_tied_256,OK,0.0019022460000996944,True,True,0.07260647750881906,0.11073597651594584,0.13313878402185078,0.9973958333333334,1.0,0.07262124668400083,1.0,0.1107401214108831,0.07260647750881917,0.09453357832215181,,self-report; not geometry-derived layer count or success,0.0741676183837798,0.08195304820176594,0.07260647750881906,0.9869791666666666,8.11096979366389,0.11096979366388915,1.0138712242079861
development,s9140111_g8_n0.5_b0_r1.0,9140111,8,0.5,0,1.0,768,atlas_relax_96,OK,0.015646983999886288,True,True,0.08104418103293515,0.13052394443767573,0.19020767088090437,0.9973958333333334,1.0,0.08158646874256809,1.0,0.130941481627827,0.0810441810329352,0.12437197381242514,,self-report; not geometry-derived layer count or success,0.08175604135194867,0.0853060980078082,0.08104418103293515,0.9869791666666666,8.065890632879421,0.06589063287942132,1.0082363291099277
development,s9140111_g8_n0.5_b0_r1.0,9140111,8,0.5,0,1.0,768,spatial_12,OK,0.03818960499984314,True,True,0.04637436051927372,0.09695051186683612,0.08961448021771128,0.9973958333333334,1.0,0.04638035079509304,1.0,0.09695135959846206,0.04637436051927383,0.08733536117536715,,self-report; not geometry-derived layer count or success,0.044487480088948934,0.05389737729991929,0.04637436051927372,0.9869791666666666,8.074069102045346,0.07406910204534611,1.0092586377556683
development,s9140111_g8_n0.5_b0_r1.0,9140111,8,0.5,0,1.0,768,spatial_36,OK,0.10606717299992852,True,True,0.04637436051927372,0.09695051186683612,0.08961448021771128,0.9973958333333334,1.0,0.04638035079509304,1.0,0.09695135959846206,0.04637436051927383,0.08733536117536715,,self-report; not geometry-derived layer count or success,0.044487480088948934,0.05389737729991929,0.04637436051927372,0.9869791666666666,8.074069102045346,0.07406910204534611,1.0092586377556683
development,s9140111_g8_n0.5_b0_r1.0,9140111,8,0.5,0,1.0,768,spatial_108,OK,0.3042902889999368,True,True,0.04637436051927372,0.09695051186683612,0.08961448021771128,0.9973958333333334,1.0,0.04638035079509304,1.0,0.09695135959846206,0.04637436051927383,0.08733536117536715,,self-report; not geometry-derived layer count or success,0.044487480088948934,0.05389737729991929,0.04637436051927372,0.9869791666666666,8.074069102045346,0.07406910204534611,1.0092586377556683
development,s9140111_g8_n0.5_b0_r1.0,9140111,8,0.5,0,1.0,768,apss_0.5,OK,0.005465951999894969,True,True,0.3656174060544637,0.4662721929162838,0.8958027876381599,0.9700520833333334,1.0,0.36418875516507954,1.0,0.46651319065630176,0.3656174060544637,0.4647194463426803,,self-report; not geometry-derived layer count or success,0.36757805644305,0.37735584539392236,0.3656174060544637,0.9869791666666666,8.063542407484013,0.06354240748401274,1.0079428009355016
development,s9140111_g8_n0.5_b0_r1.0,9140111,8,0.5,0,1.0,768,apss_1.0,OK,0.005836654999939128,True,True,0.2944394056804143,0.38198701142212194,0.7548944980073337,0.984375,1.0,0.2971838313978264,1.0,0.38385288652107763,0.29443940568041443,0.3798631988388444,,self-report; not geometry-derived layer count or success,0.29849066190487994,0.3186943293100073,0.2944394056804143,0.9869791666666666,8.071352020313594,0.07135202031359356,1.0089190025391992
development,s9140111_g8_n0.5_b0_r1.0,9140111,8,0.5,0,1.0,768,apss_2.0,OK,0.008152461999998195,True,True,0.20691216308585095,0.2867399001101875,0.5278850451856725,0.9921875,0.9986979166666666,0.21274069227972778,1.0,0.2942560946967324,0.20691216308585095,0.28339430785402175,,self-report; not geometry-derived layer count or success,0.21039027688467243,0.2277356755697044,0.20691216308585095,0.9869791666666666,8.073141030732828,0.07314103073282752,1.0091426288416034
development,s9140111_g8_n0.5_b0_r1.0,9140111,8,0.5,0,1.0,768,apss_4.0,OK,0.009898905999989438,True,True,0.2271222769905192,0.4459966289057936,0.8517837457191842,0.953125,0.984375,0.23511843068264113,1.0,0.4647632500873396,0.22712227699051923,0.4452023795339687,,self-report; not geometry-derived layer count or success,0.229773835565736,0.2429971926161679,0.2271222769905192,0.9869791666666666,7.960019521610088,0.03998047838991159,0.995002440201261
development,s9140111_g8_n0.5_b0_r1.0,9140111,8,0.5,0,1.0,768,apss_8.0,OK,0.013055477000079918,True,True,0.39621969945945995,0.7754759036251955,2.0488638258883745,0.8684895833333334,0.94921875,0.39948548659997174,1.0,0.7927715589910097,0.39621969945946,0.751837294850542,,self-report; not geometry-derived layer count or success,0.406939506275126,0.46039932208312295,0.39621969945945995,0.9869791666666666,7.612477871060966,0.38752212893903426,0.9515597338826207
development,s9140111_g8_n0.5_b0_r1.0,9140111,8,0.5,0,1.0,768,rimls_0.5,OK,0.006724655999960305,True,True,0.36631484171896106,0.4671750343721631,0.9014823671397306,0.96875,1.0,0.36564441151293864,1.0,0.4676635784029862,0.3663148417189612,0.46562490592275746,,self-report; not geometry-derived layer count or success,0.36827591478817434,0.3780558116528227,0.36631484171896106,0.9869791666666666,8.063444866626968,0.06344486662696802,1.007930608328371
development,s9140111_g8_n0.5_b0_r1.0,9140111,8,0.5,0,1.0,768,rimls_1.0,OK,0.007365438000078939,True,True,0.29685794805440907,0.3843956652861147,0.7463637301002602,0.9830729166666666,1.0,0.3024290367693025,1.0,0.38740032518643513,0.2968579480544092,0.38205853512129645,,self-report; not geometry-derived layer count or success,0.30086109162788816,0.3208248206177057,0.29685794805440907,0.9869791666666666,8.076625425433106,0.07662542543310558,1.0095781781791382
development,s9140111_g8_n0.5_b0_r1.0,9140111,8,0.5,0,1.0,768,rimls_2.0,OK,0.01214821700000357,True,True,0.21398667499952684,0.28466613716278705,0.5687138991803239,0.9921875,1.0,0.22061611536716633,1.0,0.2926185680764374,0.21398667499952687,0.27837070532278596,,self-report; not geometry-derived layer count or success,0.21736195729745547,0.2341945339520605,0.21398667499952684,0.9869791666666666,8.111289706140012,0.11128970614001155,1.0139112132675014
development,s9140111_g8_n0.5_b0_r1.0,9140111,8,0.5,0,1.0,768,rimls_4.0,OK,0.021924227999988943,True,True,0.24161432988463946,0.3997899516303374,0.7835537098122297,0.9661458333333334,0.9869791666666666,0.2571937893139564,1.0,0.44183335152946485,0.24161432988463952,0.3938314312846739,,self-report; not geometry-derived layer count or success,0.24282242154956352,0.24884719037204167,0.24161432988463946,0.9869791666666666,8.130530649607032,0.13053064960703153,1.016316331200879
development,s9140111_g8_n0.5_b0_r1.0,9140111,8,0.5,0,1.0,768,rimls_8.0,OK,0.054335727000079714,True,True,0.39229953926853134,0.649319613502197,1.4477720558539056,0.9166666666666666,0.9661458333333334,0.4106303618567185,1.0,0.6981941525628929,0.3922995392685314,0.6479020344306414,,self-report; not geometry-derived layer count or success,0.4004880641711805,0.4413243442051709,0.39229953926853134,0.9869791666666666,8.07393691833306,0.07393691833305915,1.0092421147916324
development,s9140111_g8_n0.5_b0_r0.25,9140111,8,0.5,0,0.25,433,identity,OK,0.0006097850000514882,True,True,0.3874808527662868,0.48520317235239835,0.9703634502908272,0.9607390300230947,1.0,0.3844320436990055,1.0,0.48520317235239846,0.38748085276628685,0.48492544018503514,,self-report; not geometry-derived layer count or success,0.38155954819186916,0.3957248790245919,0.3874808527662868,0.0,8.033151509142249,0.033151509142248514,1.004143938642781
development,s9140111_g8_n0.5_b0_r0.25,9140111,8,0.5,0,0.25,433,bias_only,OK,0.0005183349999242637,True,True,0.38494160168726194,0.4828263027381287,0.9371533754257586,0.9653579676674365,1.0,0.3810557472658046,1.0,0.4828263131268854,0.3849416016872621,0.48253224165138475,,self-report; not geometry-derived layer count or success,0.37889637261683584,0.39335816370796584,0.38494160168726194,0.8960739030023095,8.032761209098192,0.03276120909819191,1.004095151137274
development,s9140111_g8_n0.5_b0_r0.25,9140111,8,0.5,0,0.25,433,old_original,APPLY,0.0010285680000379216,True,True,0.12342396012043927,0.2559335421762011,0.6233266527008988,0.9838337182448037,1.0,0.12343422433885559,1.0,0.25593453560770146,0.1234239601204393,0.25524008816770594,,self-report; not geometry-derived layer count or success,0.1420518651720596,0.1866147540524552,0.12342396012043927,0.8960739030023095,8.040987794429851,0.04098779442985112,1.0051234743037314
development,s9140111_g8_n0.5_b0_r0.25,9140111,8,0.5,0,0.25,433,atlas_tied_256,OK,0.0012822759999835398,True,True,0.08972104140640293,0.16692572779832016,0.29108907422574243,0.9953810623556582,1.0,0.0897583956954181,1.0,0.16693142989287607,0.08972104140640298,0.16515136035622385,,self-report; not geometry-derived layer count or success,0.0967864229084486,0.11368868915367387,0.08972104140640293,0.8960739030023095,8.052193888627086,0.05219388862708563,1.0065242360783857
development,s9140111_g8_n0.5_b0_r0.25,9140111,8,0.5,0,0.25,433,atlas_relax_96,OK,0.009883031999834202,True,True,0.11657548145512878,0.1849132896884083,0.3491594453075285,0.9953810623556582,1.0,0.1167703831578639,1.0,0.18495426535147155,0.11657548145512882,0.18265774360814577,,self-report; not geometry-derived layer count or success,0.12446492207113623,0.1433385562519717,0.11657548145512878,0.8960739030023095,8.050697873662653,0.05069787366265288,1.0063372342078316
development,s9140111_g8_n0.5_b0_r0.25,9140111,8,0.5,0,0.25,433,spatial_12,OK,0.028412787999968714,True,True,0.0875426870305187,0.16580166662749957,0.29108907422574243,0.9953810623556582,1.0,0.08755603317917307,1.0,0.16580301341387282,0.08754268703051872,0.16440325701174702,,self-report; not geometry-derived layer count or success,0.0979192464102111,0.12274272824118795,0.0875426870305187,0.8960739030023095,8.043918598576735,0.043918598576734524,1.0054898248220918
development,s9140111_g8_n0.5_b0_r0.25,9140111,8,0.5,0,0.25,433,spatial_36,OK,0.07808032499997353,True,True,0.0875426870305187,0.16580166662749957,0.29108907422574243,0.9953810623556582,1.0,0.08755603317917307,1.0,0.16580301341387282,0.08754268703051872,0.16440325701174702,,self-report; not geometry-derived layer count or success,0.0979192464102111,0.12274272824118795,0.0875426870305187,0.8960739030023095,8.043918598576735,0.043918598576734524,1.0054898248220918
development,s9140111_g8_n0.5_b0_r0.25,9140111,8,0.5,0,0.25,433,spatial_108,OK,0.23033860800001094,True,True,0.0875426870305187,0.16580166662749957,0.29108907422574243,0.9953810623556582,1.0,0.08755603317917307,1.0,0.16580301341387282,0.08754268703051872,0.16440325701174702,,self-report; not geometry-derived layer count or success,0.0979192464102111,0.12274272824118795,0.0875426870305187,0.8960739030023095,8.043918598576735,0.043918598576734524,1.0054898248220918
development,s9140111_g8_n0.5_b0_r0.25,9140111,8,0.5,0,0.25,433,apss_0.5,OK,0.003962486000091303,True,True,0.3644200553040647,0.4631881608064716,0.8701172402115301,0.9676674364896074,1.0,0.3637197425088143,1.0,0.46326877162722657,0.3644200553040647,0.4628587906002783,,self-report; not geometry-derived layer count or success,0.3552838259145694,0.37714010948170446,0.3644200553040647,0.8960739030023095,8.032505827701426,0.03250582770142607,1.0040632284626783
development,s9140111_g8_n0.5_b0_r0.25,9140111,8,0.5,0,0.25,433,apss_1.0,OK,0.0037704189999203663,True,True,0.3031397164866188,0.39263732458228223,0.7458903205703307,0.9838337182448037,1.0,0.3050193902915695,1.0,0.3936034698623009,0.3031397164866189,0.39216628512623136,,self-report; not geometry-derived layer count or success,0.29589572994612945,0.31322526680818413,0.3031397164866188,0.8960739030023095,8.033311794343172,0.033311794343171997,1.0041639742928965
development,s9140111_g8_n0.5_b0_r0.25,9140111,8,0.5,0,0.25,433,apss_2.0,OK,0.0049664320001738815,True,True,0.207297316922656,0.2783979462550656,0.5872670280287049,0.9930715935334873,1.0,0.21199495128110982,1.0,0.28237801975280574,0.207297316922656,0.278052184958031,,self-report; not geometry-derived layer count or success,0.2114257896402828,0.2213021912244396,0.207297316922656,0.8960739030023095,8.02660179134079,0.02660179134078966,1.0033252239175987
development,s9140111_g8_n0.5_b0_r0.25,9140111,8,0.5,0,0.25,433,apss_4.0,OK,0.0062797960001717,True,True,0.22116289213315923,0.41656669545923736,0.8700269852827623,0.9584295612009238,0.9907621247113164,0.22500107975223993,1.0,0.4275177886798334,0.22116289213315923,0.41262635507067263,,self-report; not geometry-derived layer count or success,0.23670173346232753,0.2738747627193987,0.22116289213315923,0.8960739030023095,7.896120903053761,0.10387909694623865,0.9870151128817202
development,s9140111_g8_n0.5_b0_r0.25,9140111,8,0.5,0,0.25,433,apss_8.0,OK,0.009132085999908668,True,True,0.40567501267991946,0.7276491823280236,1.8216982678198854,0.8822170900692841,0.9584295612009238,0.4110925295744777,1.0,0.7493935415892603,0.4082064096188613,0.6874469814050098,,self-report; not geometry-derived layer count or success,0.4263706834740624,0.46982444358070363,0.40567501267991946,0.8960739030023095,7.5492352494355455,0.45076475056445453,0.9436544061794432
development,s9140111_g8_n0.5_b0_r0.25,9140111,8,0.5,0,0.25,433,rimls_0.5,OK,0.004243087000077139,True,True,0.36518227151246224,0.46390035696562754,0.8731049251971987,0.9676674364896074,1.0,0.365424103346011,1.0,0.4643108755026994,0.36518227151246235,0.46357564451723016,,self-report; not geometry-derived layer count or success,0.356105224474618,0.3778199281618367,0.36518227151246224,0.8960739030023095,8.032616811097183,0.032616811097183174,1.004077101387148
development,s9140111_g8_n0.5_b0_r0.25,9140111,8,0.5,0,0.25,433,rimls_1.0,OK,0.004848481000180982,True,True,0.30511262390604654,0.3951203047350689,0.7470119272831783,0.9838337182448037,1.0,0.3085731913697578,1.0,0.39687742864204606,0.30511262390604654,0.39458059670943807,,self-report; not geometry-derived layer count or success,0.297976474165665,0.31504803680425736,0.30511262390604654,0.8960739030023095,8.036639146414375,0.036639146414374935,1.0045798933017969
development,s9140111_g8_n0.5_b0_r0.25,9140111,8,0.5,0,0.25,433,rimls_2.0,OK,0.006921717000068384,True,True,0.2155362030586549,0.2841090256556593,0.599841337191389,0.9930715935334873,1.0,0.2209171840228136,1.0,0.28826296055706513,0.21553620305865492,0.28267339877456377,,self-report; not geometry-derived layer count or success,0.21957953120777668,0.2292522444042945,0.2155362030586549,0.8960739030023095,8.057662896886157,0.057662896886157,1.0072078621107696
development,s9140111_g8_n0.5_b0_r0.25,9140111,8,0.5,0,0.25,433,rimls_4.0,OK,0.01241320999997697,True,True,0.2175802179748964,0.36299793951075293,0.6497462825991535,0.9676674364896074,0.9930715935334873,0.22756609595997507,1.0,0.39385745809950273,0.21758021797489643,0.36185177038693245,,self-report; not geometry-derived layer count or success,0.24151144010078401,0.29876126982735485,0.2175802179748964,0.8960739030023095,8.063173452712311,0.06317345271231112,1.007896681589039
development,s9140111_g8_n0.5_b0_r0.25,9140111,8,0.5,0,0.25,433,rimls_8.0,OK,0.02852501500001381,True,True,0.3799542285396466,0.6049537729782349,1.3426377946780281,0.9214780600461894,0.9722863741339491,0.3905517386300436,1.0,0.6394803513295734,0.38091013159292414,0.6050190115223303,,self-report; not geometry-derived layer count or success,0.4281542631649585,0.541174754715737,0.3799542285396466,0.8960739030023095,8.074400101751023,0.07440010175102252,1.0093000127188778
development,s9140111_g8_n0.5_b4_r1.0,9140111,8,0.5,4,1.0,768,identity,OK,0.000812365999991016,True,True,3.4216644524544235,3.994101576924564,8.17240058968777,0.11979166666666667,0.2565104166666667,2.502367658651155,1.0,4.0369293070175525,3.4605534033358567,4.03686398085085,,self-report; not geometry-derived layer count or success,3.440854319340343,3.539093907058229,3.4216644524544235,0.0,8.011520125450454,0.011520125450454444,1.0014400156813068
development,s9140111_g8_n0.5_b4_r1.0,9140111,8,0.5,4,1.0,768,bias_only,OK,0.0007348350000029313,True,True,0.4178494432726303,0.6415773983455201,1.0231070308220478,0.9544270833333334,0.9921875,0.3994245280162468,1.0,0.641586511359301,0.41784944327263024,0.6406579769136239,,self-report; not geometry-derived layer count or success,0.41887122424630957,0.42396685923193106,0.4178494432726303,0.9856770833333334,8.066913318596312,0.06691331859631156,1.008364164824539
development,s9140111_g8_n0.5_b4_r1.0,9140111,8,0.5,4,1.0,768,old_original,APPLY,0.001488240000071528,True,True,0.2402088403141257,0.5925075879721501,1.3173856677186018,0.92578125,0.9895833333333334,0.2267940554263779,1.0,0.5925177396032487,0.24020884031412573,0.5924702195281736,,self-report; not geometry-derived layer count or success,0.22152130932531622,0.31471626906171696,0.2402088403141257,0.9856770833333334,8.007675752397098,0.007675752397098279,1.0009594690496373
development,s9140111_g8_n0.5_b4_r1.0,9140111,8,0.5,4,1.0,768,atlas_tied_256,OK,0.001893350000045757,True,True,0.10794931967879728,0.4355657411321364,0.1356185696984494,0.9869791666666666,0.9934895833333334,0.09524684015228684,1.0,0.4355801761593436,0.10794931967879735,0.431650210520492,,self-report; not geometry-derived layer count or success,0.10855873176992512,0.11159787778282228,0.10794931967879728,0.9856770833333334,8.117949703167273,0.11794970316727316,1.0147437128959091
development,s9140111_g8_n0.5_b4_r1.0,9140111,8,0.5,4,1.0,768,atlas_relax_96,OK,0.01580002700006844,True,True,0.11639766653454041,0.4410015914159449,0.19139187230381052,0.9869791666666666,0.9934895833333334,0.1043125834304764,1.0,0.44114047807703566,0.11639766653454046,0.43941003547467866,,self-report; not geometry-derived layer count or success,0.11615489410792054,0.11736560335236244,0.11639766653454041,0.9856770833333334,8.072915291083877,0.07291529108387707,1.0091144113854846
development,s9140111_g8_n0.5_b4_r1.0,9140111,8,0.5,4,1.0,768,spatial_12,OK,0.03953000499996051,True,True,0.0816653417582253,0.4322505516798972,0.08967383981759455,0.9869791666666666,0.9934895833333334,0.06915436242775504,1.0,0.43226428613909257,0.08166534175822537,0.4303155442970192,,self-report; not geometry-derived layer count or success,0.07881786330554091,0.09301827532931772,0.0816653417582253,0.9856770833333334,8.081048581590233,0.08104858159023287,1.010131072698779
development,s9140111_g8_n0.5_b4_r1.0,9140111,8,0.5,4,1.0,768,spatial_36,OK,0.10606831699988106,True,True,0.0816653417582253,0.4322505516798972,0.08967383981759455,0.9869791666666666,0.9934895833333334,0.06915436242775504,1.0,0.43226428613909257,0.08166534175822537,0.4303155442970192,,self-report; not geometry-derived layer count or success,0.07881786330554091,0.09301827532931772,0.0816653417582253,0.9856770833333334,8.081048581590233,0.08104858159023287,1.010131072698779
development,s9140111_g8_n0.5_b4_r1.0,9140111,8,0.5,4,1.0,768,spatial_108,OK,0.29949257900011617,True,True,0.0816653417582253,0.4322505516798972,0.08967383981759455,0.9869791666666666,0.9934895833333334,0.06915436242775504,1.0,0.43226428613909257,0.08166534175822537,0.4303155442970192,,self-report; not geometry-derived layer count or success,0.07881786330554091,0.09301827532931772,0.0816653417582253,0.9856770833333334,8.081048581590233,0.08104858159023287,1.010131072698779
development,s9140111_g8_n0.5_b4_r1.0,9140111,8,0.5,4,1.0,768,apss_0.5,OK,0.005524383999954807,True,True,0.40071388750471565,0.6284788635590964,0.9618367826710358,0.9583333333333334,0.9934895833333334,0.3864815139118747,1.0,0.6286661323003594,0.40071388750471565,0.6274648701182189,,self-report; not geometry-derived layer count or success,0.40171268448089825,0.4066936979725099,0.40071388750471565,0.9856770833333334,8.070041996379288,0.07004199637928821,1.008755249547411
development,s9140111_g8_n0.5_b4_r1.0,9140111,8,0.5,4,1.0,768,apss_1.0,OK,0.0062461299999085895,True,True,0.32998688355558886,0.5688192656753724,0.7888218436543784,0.97265625,0.9934895833333334,0.31893618679769326,1.0,0.5700845295230166,0.3299868835555888,0.5674640701021738,,self-report; not geometry-derived layer count or success,0.33302485107565455,0.34817523455234595,0.32998688355558886,0.9856770833333334,8.07833222118887,0.07833222118886951,1.0097915276486087
development,s9140111_g8_n0.5_b4_r1.0,9140111,8,0.5,4,1.0,768,apss_2.0,OK,0.008652211000026,True,True,0.24232766912254275,0.5096520857599377,0.5314257302897167,0.9817708333333334,0.9921875,0.23478010139455172,1.0,0.5139283973973695,0.24232766912254275,0.5079539792047416,,self-report; not geometry-derived layer count or success,0.24481018791052467,0.2571905413466942,0.24232766912254275,0.9856770833333334,8.080326588700508,0.08032658870050824,1.0100408235875635
development,s9140111_g8_n0.5_b4_r1.0,9140111,8,0.5,4,1.0,768,apss_4.0,OK,0.010964745000137555,True,True,0.26261644191898253,0.6135530585227299,1.0525741509237077,0.9440104166666666,0.9752604166666666,0.2598855182909405,1.0,0.6273235382124873,0.2626164419189826,0.613308641103384,,self-report; not geometry-derived layer count or success,0.2643176388687579,0.2728015301507542,0.26261644191898253,0.9856770833333334,7.967141600873868,0.0328583991261322,0.9958927001092335
development,s9140111_g8_n0.5_b4_r1.0,9140111,8,0.5,4,1.0,768,apss_8.0,OK,0.01642100100002608,True,True,0.4312619551687844,0.8824386639269972,2.2436963143253865,0.8580729166666666,0.9361979166666666,0.4303430871684677,1.0,0.8976624523024265,0.4312619551687844,0.8624368143725901,,self-report; not geometry-derived layer count or success,0.44112061801846314,0.4902858976843935,0.4312619551687844,0.9856770833333334,7.618698404133328,0.3813015958666721,0.952337300516666
development,s9140111_g8_n0.5_b4_r1.0,9140111,8,0.5,4,1.0,768,rimls_0.5,OK,0.006595852999907947,True,True,0.40145058989831517,0.6291720654812833,0.9628886151854825,0.95703125,0.9934895833333334,0.38798166235610654,1.0,0.6295470575562422,0.40145058989831517,0.6281607412037216,,self-report; not geometry-derived layer count or success,0.4024510486054037,0.4074403491706249,0.40145058989831517,0.9856770833333334,8.06993792538247,0.06993792538247057,1.0087422406728088
development,s9140111_g8_n0.5_b4_r1.0,9140111,8,0.5,4,1.0,768,rimls_1.0,OK,0.007454610000195316,True,True,0.33242491972767335,0.5704647940979959,0.7923959471786043,0.97265625,0.9934895833333334,0.3246573292255555,1.0,0.5725159233000023,0.33242491972767335,0.5689385022015337,,self-report; not geometry-derived layer count or success,0.33541212126604336,0.35030933413271975,0.33242491972767335,0.9856770833333334,8.083603917028691,0.0836039170286913,1.0104504896285864
development,s9140111_g8_n0.5_b4_r1.0,9140111,8,0.5,4,1.0,768,rimls_2.0,OK,0.011937146999798642,True,True,0.24939510869736828,0.5084491132016868,0.5721778571168845,0.9817708333333334,0.9934895833333334,0.24291145184513774,1.0,0.5129618880194099,0.24939510869736828,0.5049727853503637,,self-report; not geometry-derived layer count or success,0.25176922122240686,0.2636089512174044,0.24939510869736828,0.9856770833333334,8.118507070383908,0.11850707038390773,1.0148133837979885
development,s9140111_g8_n0.5_b4_r1.0,9140111,8,0.5,4,1.0,768,rimls_4.0,OK,0.02188386299985723,True,True,0.2770440080781942,0.5807909448620607,0.8472029931096772,0.9557291666666666,0.9778645833333334,0.2808413129827037,1.0,0.6104787712978336,0.2770440080781942,0.5766945009619753,,self-report; not geometry-derived layer count or success,0.277287979633909,0.2785046689507207,0.2770440080781942,0.9856770833333334,8.137749738695849,0.13774973869584883,1.017218717336981
development,s9140111_g8_n0.5_b4_r1.0,9140111,8,0.5,4,1.0,768,rimls_8.0,OK,0.05330732400011584,True,True,0.4270015689513249,0.7736237676953184,1.7140428227079467,0.90625,0.9544270833333334,0.4387429112135572,1.0,0.8150434355504843,0.4270015689513249,0.7725660618330903,,self-report; not geometry-derived layer count or success,0.43439670700261823,0.4712763565051719,0.4270015689513249,0.9856770833333334,8.079729974515647,0.07972997451564723,1.009966246814456
development,s9140111_g8_n0.5_b4_r0.25,9140111,8,0.5,4,0.25,433,identity,OK,0.0006053860001884459,True,True,3.289866991137178,3.8563858155817843,8.064567499203074,0.13394919168591224,0.2702078521939954,2.5157415359378046,1.0,3.899765961541013,3.3247431400168406,3.892849286059697,,self-report; not geometry-derived layer count or success,3.311906798427092,3.342614731622457,3.289866991137178,0.0,7.554943579558071,0.4450564204419294,0.9443679474447588
development,s9140111_g8_n0.5_b4_r0.25,9140111,8,0.5,4,0.25,433,bias_only,OK,0.0005130869999447896,True,True,0.6685787646480538,1.226871244631293,2.992650194000371,0.8845265588914549,0.9330254041570438,0.6250448259981949,1.0,1.300575730542348,0.6882732041680328,1.2896815769273056,,self-report; not geometry-derived layer count or success,0.7910847713399038,1.0370373049610098,0.6685787646480538,0.8960739030023095,7.952849748461585,0.04715025153841523,0.9941062185576981
development,s9140111_g8_n0.5_b4_r0.25,9140111,8,0.5,4,0.25,433,old_original,APPLY,0.0010484269998869422,True,True,0.44980672770018054,1.1560637873209705,2.992650194000371,0.9006928406466512,0.9330254041570438,0.4097622551852673,1.0,1.2340049193075198,0.4695011672201595,1.2232609426781869,,self-report; not geometry-derived layer count or success,0.5964825266990054,0.9002556131870729,0.44980672770018054,0.8960739030023095,7.961095308274395,0.03890469172560529,0.9951369135342993
development,s9140111_g8_n0.5_b4_r0.25,9140111,8,0.5,4,0.25,433,atlas_tied_256,OK,0.0012752779998663755,True,True,0.4152289596503336,1.1398996252867883,2.992650194000371,0.9122401847575058,0.9330254041570438,0.3752096633899788,1.0,1.2188752057329229,0.4349233991703126,1.2077353197776126,,self-report; not geometry-derived layer count or success,0.5459052487020525,0.8114032644326789,0.4152289596503336,0.8960739030023095,7.972287425396176,0.027712574603824258,0.996535928174522
development,s9140111_g8_n0.5_b4_r0.25,9140111,8,0.5,4,0.25,433,atlas_relax_96,OK,0.009891206000020247,True,True,0.439037716908076,1.143684277867972,2.992650194000371,0.9122401847575058,0.9330254041570438,0.39912737008899984,1.0,1.2224206119647973,0.45873215642805504,1.2097089717383864,,self-report; not geometry-derived layer count or success,0.5682815884801479,0.8303528817318396,0.439037716908076,0.8960739030023095,7.972945347603951,0.027054652396048873,0.9966181684504939
development,s9140111_g8_n0.5_b4_r0.25,9140111,8,0.5,4,0.25,433,spatial_12,OK,0.028477490999875954,True,True,0.41794837176509475,1.1399970383300169,2.992650194000371,0.9122401847575058,0.9330254041570438,0.37794055115077163,1.0,1.2189657903833935,0.43764281128507376,1.207403571411378,,self-report; not geometry-derived layer count or success,0.55099099509143,0.8221499099431,0.41794837176509475,0.8960739030023095,7.9640286967561,0.03597130324390019,0.9955035870945125
development,s9140111_g8_n0.5_b4_r0.25,9140111,8,0.5,4,0.25,433,spatial_36,OK,0.07677775699994527,True,True,0.41794837176509475,1.1399970383300169,2.992650194000371,0.9122401847575058,0.9330254041570438,0.37794055115077163,1.0,1.2189657903833935,0.43764281128507376,1.207403571411378,,self-report; not geometry-derived layer count or success,0.55099099509143,0.8221499099431,0.41794837176509475,0.8960739030023095,7.9640286967561,0.03597130324390019,0.9955035870945125
development,s9140111_g8_n0.5_b4_r0.25,9140111,8,0.5,4,0.25,433,spatial_108,OK,0.22075334700002713,True,True,0.41794837176509475,1.1399970383300169,2.992650194000371,0.9122401847575058,0.9330254041570438,0.37794055115077163,1.0,1.2189657903833935,0.43764281128507376,1.207403571411378,,self-report; not geometry-derived layer count or success,0.55099099509143,0.8221499099431,0.41794837176509475,0.8960739030023095,7.9640286967561,0.03597130324390019,0.9955035870945125
development,s9140111_g8_n0.5_b4_r0.25,9140111,8,0.5,4,0.25,433,apss_0.5,OK,0.0036563749999913853,True,True,0.6494430683056877,1.219402557239108,2.992650194000371,0.8845265588914549,0.9330254041570438,0.6089103108198591,1.0,1.2935617579543093,0.6691375078256668,1.2823898535483882,,self-report; not geometry-derived layer count or success,0.7686325783723444,1.0066511725530707,0.6494430683056877,0.8960739030023095,7.952611696220693,0.04738830377930725,0.9940764620275866
development,s9140111_g8_n0.5_b4_r0.25,9140111,8,0.5,4,0.25,433,apss_1.0,OK,0.0038632700000107434,True,True,0.591805485088908,1.1946176250461886,2.992650194000371,0.8983833718244804,0.9330254041570438,0.5532496810743526,1.0,1.270494436355792,0.611499924608887,1.2585090574873845,,self-report; not geometry-derived layer count or success,0.7135860645636865,0.9578031839030685,0.591805485088908,0.8960739030023095,7.95337885433618,0.046621145663819696,0.9941723567920225
development,s9140111_g8_n0.5_b4_r0.25,9140111,8,0.5,4,0.25,433,apss_2.0,OK,0.004927721000058227,True,True,0.49918048589125047,1.1616073718420905,2.992650194000371,0.9076212471131639,0.9330254041570438,0.46282618012491555,1.0,1.240098220029604,0.5188749254112295,1.2278559544631877,,self-report; not geometry-derived layer count or success,0.6300158822724462,0.8958945249293901,0.49918048589125047,0.8960739030023095,7.946681660147864,0.05331833985213574,0.993335207518483
development,s9140111_g8_n0.5_b4_r0.25,9140111,8,0.5,4,0.25,433,apss_4.0,OK,0.005932498999982272,True,True,0.5169973772542097,1.1987392254540556,3.109697104832466,0.8822170900692841,0.9237875288683602,0.481339351079964,1.0,1.2776918520840457,0.5366918167741888,1.2650187873357186,,self-report; not geometry-derived layer count or success,0.6548559869396589,0.9375360183299823,0.5169973772542097,0.8960739030023095,7.81623430150013,0.18376569849986968,0.9770292876875163
development,s9140111_g8_n0.5_b4_r0.25,9140111,8,0.5,4,0.25,433,apss_8.0,OK,0.008622873999911462,True,True,0.6677838665382101,1.3249423117850343,3.157225617939874,0.812933025404157,0.8891454965357968,0.6357806213597151,1.0,1.4063579350987703,0.690506864060215,1.3809645638780728,,self-report; not geometry-derived layer count or success,0.8157899878370695,1.1155004441651246,0.6677838665382101,0.8960739030023095,7.469516103076605,0.5304838969233954,0.9336895128845756
development,s9140111_g8_n0.5_b4_r0.25,9140111,8,0.5,4,0.25,433,rimls_0.5,OK,0.0036910220001118432,True,True,0.6501579429479725,1.2196489553378804,2.992650194000371,0.8822170900692841,0.9330254041570438,0.6105624167494607,1.0,1.2939121960679276,0.6698523824679515,1.2826635820811414,,self-report; not geometry-derived layer count or success,0.769461684480568,1.007753550621247,0.6501579429479725,0.8960739030023095,7.95271390827383,0.047286091726170376,0.9940892385342287
development,s9140111_g8_n0.5_b4_r0.25,9140111,8,0.5,4,0.25,433,rimls_1.0,OK,0.0044736229999671195,True,True,0.593160686265561,1.1954664758815305,2.992650194000371,0.8983833718244804,0.9330254041570438,0.5568266281817766,1.0,1.2715454410973317,0.6128551257855399,1.259290931371511,,self-report; not geometry-derived layer count or success,0.7148016189946367,0.9586846662849066,0.593160686265561,0.8960739030023095,7.956699427206242,0.04330057279375765,0.9945874284007803
development,s9140111_g8_n0.5_b4_r0.25,9140111,8,0.5,4,0.25,433,rimls_2.0,OK,0.006881538000016008,True,True,0.5071462638953291,1.1634048601833595,2.992650194000371,0.9099307159353349,0.9330254041570438,0.47231695727378775,1.0,1.2418413270659656,0.5268407034153081,1.2291375256883017,,self-report; not geometry-derived layer count or success,0.6370172709941196,0.9005888387379065,0.5071462638953291,0.8960739030023095,7.977727932567618,0.022272067432382414,0.9972159915709522
development,s9140111_g8_n0.5_b4_r0.25,9140111,8,0.5,4,0.25,433,rimls_4.0,OK,0.012104393000072378,True,True,0.5183468729479452,1.183882427097244,3.09682822481554,0.8891454965357968,0.9260969976905312,0.4884852911199535,1.0,1.26933694064471,0.5380413124679242,1.2503659807407435,,self-report; not geometry-derived layer count or success,0.6593110793207226,0.9494205215707872,0.5183468729479452,0.8960739030023095,7.98322859141043,0.016771408589569603,0.9979035739263038
development,s9140111_g8_n0.5_b4_r0.25,9140111,8,0.5,4,0.25,433,rimls_8.0,OK,0.02762223499985339,True,True,0.6789664921552453,1.270878974074721,3.109697104832466,0.8475750577367206,0.9030023094688222,0.6514491021769271,1.0,1.3595386420065556,0.7001124880564722,1.3441620460041954,,self-report; not geometry-derived layer count or success,0.8399468048687824,1.1744675738175685,0.6789664921552453,0.8960739030023095,7.99454437391855,0.005455626081450227,0.9993180467398187
development,s9140111_g8_n1.0_b0_r1.0,9140111,8,1.0,0,1.0,768,identity,OK,0.000828976999855513,True,True,0.7645934564566863,0.9632792528299695,1.9284613106769473,0.71875,0.9752604166666666,0.7152194963741891,1.0,0.9632792528299696,0.7645934564566864,0.9602020671809361,,self-report; not geometry-derived layer count or success,0.769079216158687,0.7914497580491838,0.7645934564566863,0.0,8.128085614453328,0.12808561445332778,1.016010701806666
development,s9140111_g8_n1.0_b0_r1.0,9140111,8,1.0,0,1.0,768,bias_only,OK,0.0007280329998593515,True,True,0.7664134397511434,0.9660205482796157,1.9279944551557373,0.7135416666666666,0.9752604166666666,0.7180543896254314,1.0,0.9660205869511117,0.7664134397511436,0.9632914403167798,,self-report; not geometry-derived layer count or success,0.7705822933265571,0.7913724202481012,0.7664134397511434,0.98828125,8.116477762161978,0.1164777621619777,1.0145597202702472
development,s9140111_g8_n1.0_b0_r1.0,9140111,8,1.0,0,1.0,768,old_original,APPLY,0.00141078199999356,True,True,0.23411931113872844,0.4179690951974108,0.8863606769066388,0.9583333333333334,0.9921875,0.23118970297369743,1.0,0.41797425720141623,0.2341193111387285,0.4142253882642128,,self-report; not geometry-derived layer count or success,0.21630782435776222,0.30513394025245105,0.23411931113872844,0.98828125,8.065041382472389,0.06504138247238878,1.0081301728090486
development,s9140111_g8_n1.0_b0_r1.0,9140111,8,1.0,0,1.0,768,atlas_tied_256,OK,0.001878218999991077,True,True,0.1296037697074782,0.16462421928100862,0.2444333345269335,0.9973958333333334,1.0,0.12966098032280468,1.0,0.16466997140106765,0.1296037697074783,0.13393939787770412,,self-report; not geometry-derived layer count or success,0.1303764555729625,0.13422985001901439,0.1296037697074782,0.98828125,8.176540920359956,0.1765409203599564,1.0220676150449945
development,s9140111_g8_n1.0_b0_r1.0,9140111,8,1.0,0,1.0,768,atlas_relax_96,OK,0.015883660999861604,True,True,0.15866167845454549,0.27648355494159077,0.3843173494590268,0.9908854166666666,0.9986979166666666,0.16204323028064477,1.0,0.28494452644904755,0.15866167845454557,0.27018276455151563,,self-report; not geometry-derived layer count or success,0.15952379168508352,0.16382316156205248,0.15866167845454549,0.98828125,8.098852582107424,0.09885258210742442,1.012356572763428
development,s9140111_g8_n1.0_b0_r1.0,9140111,8,1.0,0,1.0,768,spatial_12,OK,0.03874411800006783,True,True,0.08309297692673052,0.13066307873815053,0.18141608481263355,0.9973958333333334,1.0,0.08308466562724807,1.0,0.13067911518158754,0.08309297692673062,0.11040768062639321,,self-report; not geometry-derived layer count or success,0.07789388396821517,0.103821828073019,0.08309297692673052,0.98828125,8.112924190933418,0.11292419093341799,1.0141155238666772
development,s9140111_g8_n1.0_b0_r1.0,9140111,8,1.0,0,1.0,768,spatial_36,OK,0.11110634499982552,True,True,0.08309297692673052,0.13066307873815053,0.18141608481263355,0.9973958333333334,1.0,0.08308466562724807,1.0,0.13067911518158754,0.08309297692673062,0.11040768062639321,,self-report; not geometry-derived layer count or success,0.07789388396821517,0.103821828073019,0.08309297692673052,0.98828125,8.112924190933418,0.11292419093341799,1.0141155238666772
development,s9140111_g8_n1.0_b0_r1.0,9140111,8,1.0,0,1.0,768,spatial_108,OK,0.4031346750000466,True,True,0.08309297692673052,0.13066307873815053,0.18141608481263355,0.9973958333333334,1.0,0.08308466562724807,1.0,0.13067911518158754,0.08309297692673062,0.11040768062639321,,self-report; not geometry-derived layer count or success,0.07789388396821517,0.103821828073019,0.08309297692673052,0.98828125,8.112924190933418,0.11292419093341799,1.0141155238666772
development,s9140111_g8_n1.0_b0_r1.0,9140111,8,1.0,0,1.0,768,apss_0.5,FAILED,0.0050341859998752625,,,,,,,,,,,,,,,,,,,,,
development,s9140111_g8_n1.0_b0_r1.0,9140111,8,1.0,0,1.0,768,apss_1.0,OK,0.0064034990000436665,True,True,0.6399563810403838,0.8261249797626145,1.6639359874901842,0.7864583333333334,0.9830729166666666,0.6333850555673446,1.0,0.8299088295790944,0.6399563810403839,0.8229373229201316,,self-report; not geometry-derived layer count or success,0.6456109975849349,0.6738106437291903,0.6399563810403838,0.98828125,8.125628523154688,0.1256285231546883,1.015703565394336
development,s9140111_g8_n1.0_b0_r1.0,9140111,8,1.0,0,1.0,768,apss_2.0,OK,0.009346517000039967,True,True,0.3774623584905958,0.492503135247448,0.8824400360287954,0.9674479166666666,0.9973958333333334,0.3945779333916337,1.0,0.5095322855601773,0.3774623584905958,0.4886633195594061,,self-report; not geometry-derived layer count or success,0.3829774387515938,0.4104812156376102,0.3774623584905958,0.98828125,8.09290553690238,0.09290553690238035,1.0116131921127975
development,s9140111_g8_n1.0_b0_r1.0,9140111,8,1.0,0,1.0,768,apss_4.0,OK,0.011128126999892629,True,True,0.33501209949702354,0.555298001780071,1.076042480182551,0.9427083333333334,0.9778645833333334,0.3523488882285295,1.0,0.5861032170071159,0.33501209949702354,0.5537144596280368,,self-report; not geometry-derived layer count or success,0.3360560437715946,0.34126220742659835,0.33501209949702354,0.98828125,7.948606235458243,0.05139376454175704,0.9935757794322804
development,s9140111_g8_n1.0_b0_r1.0,9140111,8,1.0,0,1.0,768,apss_8.0,OK,0.01619610600005217,True,True,0.4763275917069265,0.8572002172891388,2.2783097785471615,0.859375,0.9322916666666666,0.4904015747290729,1.0,0.8805620843538193,0.4763275917069265,0.829885117572175,,self-report; not geometry-derived layer count or success,0.4860201164487855,0.5343568632133814,0.4763275917069265,0.98828125,7.566408190251693,0.43359180974830736,0.9458010237814616
development,s9140111_g8_n1.0_b0_r1.0,9140111,8,1.0,0,1.0,768,rimls_0.5,OK,0.006699643999809268,True,True,0.753942238037174,0.9548879012498528,1.913490967779333,0.71875,0.9752604166666666,0.71569429679066,1.0,0.9554199452693217,0.753942238037174,0.9520911302564246,,self-report; not geometry-derived layer count or success,0.7590244002619229,0.7843692092788527,0.753942238037174,0.98828125,8.117225063739042,0.11722506373904196,1.0146531329673802
development,s9140111_g8_n1.0_b0_r1.0,9140111,8,1.0,0,1.0,768,rimls_1.0,OK,0.007358643000088705,True,True,0.6477876517716346,0.8366590247648478,1.680607306298077,0.77734375,0.9817708333333334,0.6485685741829322,1.0,0.845698589892995,0.6477876517716347,0.8333765907324547,,self-report; not geometry-derived layer count or success,0.6530058965387535,0.6790293509617881,0.6477876517716346,0.98828125,8.121477907384396,0.12147790738439568,1.0151847384230495
development,s9140111_g8_n1.0_b0_r1.0,9140111,8,1.0,0,1.0,768,rimls_2.0,OK,0.012275619999854825,True,True,0.3891209182230954,0.49854283748184425,0.9280637672246487,0.9609375,0.99609375,0.41792944775782814,1.0,0.5206799013699668,0.38912091822309547,0.49253490097726105,,self-report; not geometry-derived layer count or success,0.39446038352892715,0.42108836635281544,0.3891209182230954,0.98828125,8.13512586149395,0.13512586149395034,1.0168907326867438
development,s9140111_g8_n1.0_b0_r1.0,9140111,8,1.0,0,1.0,768,rimls_4.0,OK,0.022464284000079715,True,True,0.347918326534757,0.5141662288930792,0.9774303917234407,0.94140625,0.9817708333333334,0.3839545179831963,1.0,0.5821644774401383,0.3479183265347571,0.5080858755048446,,self-report; not geometry-derived layer count or success,0.34567509565392585,0.3568621171894996,0.347918326534757,0.98828125,8.131042156153153,0.1310421561531534,1.0163802695191442
development,s9140111_g8_n1.0_b0_r1.0,9140111,8,1.0,0,1.0,768,rimls_8.0,OK,0.05520762299988746,True,True,0.4602794307540552,0.732378411986627,1.6297058433353948,0.8763020833333334,0.9518229166666666,0.49648754461498595,1.0,0.8021421790458165,0.46027943075405525,0.729883648088307,,self-report; not geometry-derived layer count or success,0.4620002391812268,0.470581933155693,0.4602794307540552,0.98828125,8.026424726109102,0.02642472610910218,1.0033030907636378
development,s9140111_g8_n1.0_b0_r0.25,9140111,8,1.0,0,0.25,433,identity,OK,0.0006456609999077045,True,True,0.7749617055325736,0.9704063447047969,1.9407269005816543,0.6951501154734411,0.9722863741339491,0.7370543399954333,1.0,0.9704063447047969,0.7749617055325737,0.9698508803700704,,self-report; not geometry-derived layer count or success,0.7631190963837384,0.7914497580491838,0.7749617055325736,0.0,8.066303018284499,0.0663030182844988,1.0082878772855624
development,s9140111_g8_n1.0_b0_r0.25,9140111,8,1.0,0,0.25,433,bias_only,OK,0.0005335270000159653,True,True,0.7693129958224718,0.96691261924933,1.8622236486980601,0.6928406466512702,0.9745958429561201,0.7261798438044211,1.0,0.9669127431235545,0.769312995822472,0.9661335124147291,,self-report; not geometry-derived layer count or success,0.7558758739744023,0.7880210328706131,0.7693129958224718,0.789838337182448,8.079433606812609,0.07943360681260891,1.0099292008515761
development,s9140111_g8_n1.0_b0_r0.25,9140111,8,1.0,0,0.25,433,old_original,APPLY,0.0012893549999262177,True,True,0.26499668640655977,0.4597495988394151,1.1916332619017418,0.9284064665127021,0.9953810623556582,0.2583088829056056,1.0,0.45975914563752013,0.2649966864065598,0.45762250354902456,,self-report; not geometry-derived layer count or success,0.3028583178003629,0.3934333807479692,0.26499668640655977,0.789838337182448,8.094391104326075,0.09439110432607478,1.0117988880407593
development,s9140111_g8_n1.0_b0_r0.25,9140111,8,1.0,0,0.25,433,atlas_tied_256,OK,0.0013153270001566852,True,True,0.25328042053190314,0.45386934670789575,1.1916332619017418,0.9284064665127021,0.9953810623556582,0.24677840783152372,1.0,0.45390194090858244,0.2532804205319032,0.4501660872902977,,self-report; not geometry-derived layer count or success,0.2771812564161546,0.3343583941945019,0.25328042053190314,0.789838337182448,8.124067546001584,0.12406754600158365,1.015508443250198
development,s9140111_g8_n1.0_b0_r0.25,9140111,8,1.0,0,0.25,433,atlas_relax_96,OK,0.009883874000024662,True,True,0.28930055172849833,0.47081024811857247,1.1916332619017418,0.9284064665127021,0.9953810623556582,0.28366147481808396,1.0,0.47099583829791863,0.2893005517284984,0.46721889216291274,,self-report; not geometry-derived layer count or success,0.31132168391734016,0.3640020719713097,0.28930055172849833,0.789838337182448,8.118474980656856,0.11847498065685613,1.014809372582107
development,s9140111_g8_n1.0_b0_r0.25,9140111,8,1.0,0,0.25,433,spatial_12,OK,0.029179220000060013,True,True,0.24574932721877157,0.45119459260092354,1.1916332619017418,0.9284064665127021,0.9953810623556582,0.23910023529800714,1.0,0.451204351077634,0.24574932721877163,0.44676162547487336,,self-report; not geometry-derived layer count or success,0.27539195800642435,0.34630499187964886,0.24574932721877157,0.789838337182448,8.138530961129835,0.13853096112983465,1.0173163701412293
development,s9140111_g8_n1.0_b0_r0.25,9140111,8,1.0,0,0.25,433,spatial_36,OK,0.07820364600001994,True,True,0.24574932721877157,0.45119459260092354,1.1916332619017418,0.9284064665127021,0.9953810623556582,0.23910023529800714,1.0,0.451204351077634,0.24574932721877163,0.44676162547487336,,self-report; not geometry-derived layer count or success,0.27539195800642435,0.34630499187964886,0.24574932721877157,0.789838337182448,8.138530961129835,0.13853096112983465,1.0173163701412293
development,s9140111_g8_n1.0_b0_r0.25,9140111,8,1.0,0,0.25,433,spatial_108,OK,0.22617935800008127,True,True,0.24574932721877157,0.45119459260092354,1.1916332619017418,0.9284064665127021,0.9953810623556582,0.23910023529800714,1.0,0.451204351077634,0.24574932721877163,0.44676162547487336,,self-report; not geometry-derived layer count or success,0.27539195800642435,0.34630499187964886,0.24574932721877157,0.789838337182448,8.138530961129835,0.13853096112983465,1.0173163701412293
development,s9140111_g8_n1.0_b0_r0.25,9140111,8,1.0,0,0.25,433,apss_0.5,OK,0.0035699449999810895,True,True,0.7536402394496435,0.9513059446131251,1.7925531561350083,0.7020785219399538,0.9745958429561201,0.7180940115692511,1.0,0.9513222982198054,0.7536402394496435,0.9506664763341762,,self-report; not geometry-derived layer count or success,0.7339145584667941,0.7811036184975885,0.7536402394496435,0.789838337182448,8.067592721839501,0.06759272183950138,1.0084490902299377
development,s9140111_g8_n1.0_b0_r0.25,9140111,8,1.0,0,0.25,433,apss_1.0,OK,0.004020420999950147,True,True,0.6561783448020597,0.8556354367923187,1.5931202374940503,0.766743648960739,0.9815242494226328,0.6404547258574131,1.0,0.8558145854891532,0.6561783448020597,0.8545346488922015,,self-report; not geometry-derived layer count or success,0.6395035749358697,0.6793940464942136,0.6561783448020597,0.789838337182448,8.082649515629418,0.08264951562941825,1.0103311894536773
development,s9140111_g8_n1.0_b0_r0.25,9140111,8,1.0,0,0.25,433,apss_2.0,OK,0.005107201000100758,True,True,0.44286721303962845,0.5941000345611935,1.2708231067877815,0.9122401847575058,0.9953810623556582,0.4380066094806632,1.0,0.5947858090489871,0.4428672130396286,0.5928321512415492,,self-report; not geometry-derived layer count or success,0.4451490827434276,0.4506079202116321,0.44286721303962845,0.789838337182448,8.082715713545106,0.08271571354510598,1.0103394641931382
development,s9140111_g8_n1.0_b0_r0.25,9140111,8,1.0,0,0.25,433,apss_4.0,OK,0.006253478000189716,True,True,0.337608421631841,0.5100378273928199,1.1916332619017418,0.9237875288683602,0.9953810623556582,0.3335249094752564,1.0,0.5110634479620161,0.337608421631841,0.5083815291093915,,self-report; not geometry-derived layer count or success,0.3593021248422775,0.4111992159479074,0.337608421631841,0.789838337182448,8.090153340478716,0.09015334047871626,1.0112691675598395
development,s9140111_g8_n1.0_b0_r0.25,9140111,8,1.0,0,0.25,433,apss_8.0,OK,0.00911201799999617,True,True,0.3986330435733876,0.5987545432856497,1.3392501643702908,0.8799076212471132,0.9953810623556582,0.39580258455899753,1.0,0.6005763947844527,0.3986330435733876,0.5739058108278411,,self-report; not geometry-derived layer count or success,0.40759405017048644,0.42903115435028655,0.3986330435733876,0.789838337182448,7.96852871877393,0.03147128122606979,0.9960660898467413
development,s9140111_g8_n1.0_b0_r0.25,9140111,8,1.0,0,0.25,433,rimls_0.5,OK,0.0036639310001191916,True,True,0.7563030969098297,0.9530889369198271,1.7925531561350083,0.6974595842956121,0.9745958429561201,0.7214089234240114,1.0,0.9542537863665779,0.7563030969098298,0.9523756942773309,,self-report; not geometry-derived layer count or success,0.7379406082731128,0.7818685507023857,0.7563030969098297,0.789838337182448,8.073943597301048,0.0739435973010476,1.009242949662631
development,s9140111_g8_n1.0_b0_r0.25,9140111,8,1.0,0,0.25,433,rimls_1.0,OK,0.004488563999984763,True,True,0.6579767826591303,0.8578112103538015,1.5949909714937964,0.7644341801385681,0.9815242494226328,0.6530352295497798,1.0,0.8622907743943756,0.6579767826591303,0.8567992523120151,,self-report; not geometry-derived layer count or success,0.6414065568667581,0.6810469312761346,0.6579767826591303,0.789838337182448,8.080622608780978,0.0806226087809776,1.0100778260976222
development,s9140111_g8_n1.0_b0_r0.25,9140111,8,1.0,0,0.25,433,rimls_2.0,OK,0.006935536999890246,True,True,0.44885415393066713,0.5999472664083274,1.2742713044019418,0.9122401847575058,0.9953810623556582,0.45618886218403537,1.0,0.6074015616183343,0.44885415393066724,0.5983161560270254,,self-report; not geometry-derived layer count or success,0.45052767841090424,0.45453119277522813,0.44885415393066713,0.789838337182448,8.091767337517393,0.09176733751739263,1.011470917189674
development,s9140111_g8_n1.0_b0_r0.25,9140111,8,1.0,0,0.25,433,rimls_4.0,OK,0.012114682999936122,True,True,0.35062418648410865,0.5161697379321317,1.1916332619017418,0.9284064665127021,0.9953810623556582,0.3508765773845165,1.0,0.5185057298293649,0.35062418648410865,0.5111485886731276,,self-report; not geometry-derived layer count or success,0.3748994140581764,0.4329721960447583,0.35062418648410865,0.789838337182448,8.14737298748979,0.14737298748979022,1.0184216234362238
development,s9140111_g8_n1.0_b0_r0.25,9140111,8,1.0,0,0.25,433,rimls_8.0,OK,0.027870372999814208,True,True,0.40255483788040547,0.5632728554838164,1.261552391654692,0.9145496535796767,0.9953810623556582,0.4009311613669454,1.0,0.5666120418695855,0.40255483788040547,0.5462912636809324,,self-report; not geometry-derived layer count or success,0.4428953461143872,0.5394005398454041,0.40255483788040547,0.789838337182448,8.278335402931852,0.27833540293185166,1.0347919253664815
development,s9140111_g8_n1.0_b4_r1.0,9140111,8,1.0,4,1.0,768,identity,OK,0.0008211040001242509,True,True,3.4425629386159424,4.050552814562861,8.336941709677381,0.10286458333333333,0.3138020833333333,2.4881841283299813,1.0,4.130078681960038,3.518870396222278,4.12967281180115,,self-report; not geometry-derived layer count or success,3.498203539855088,3.601269420958994,3.4425629386159424,0.0,8.07556293267712,0.07556293267711922,1.00944536658464
development,s9140111_g8_n1.0_b4_r1.0,9140111,8,1.0,4,1.0,768,bias_only,OK,0.0007340610000028391,True,True,0.8020372604152189,1.0867755666297816,2.039295413907786,0.7122395833333334,0.96875,0.7313543451956316,1.0,1.1090291679364093,0.8081361983491201,1.1055335926524312,,self-report; not geometry-derived layer count or success,0.8050651341630184,0.8203805711430578,0.8020372604152189,0.98828125,8.138109150118863,0.13810915011886316,1.017263643764858
development,s9140111_g8_n1.0_b4_r1.0,9140111,8,1.0,4,1.0,768,old_original,APPLY,0.0014349810001021979,True,True,0.27083258902425134,0.6514111631284967,1.0257572401469766,0.9505208333333334,0.98828125,0.24523349191460828,1.0,0.6878993671030232,0.2769315269581526,0.6841976565634791,,self-report; not geometry-derived layer count or success,0.25190414157148333,0.3767160375257819,0.27083258902425134,0.98828125,8.086518611347037,0.08651861134703687,1.0108148264183796
development,s9140111_g8_n1.0_b4_r1.0,9140111,8,1.0,4,1.0,768,atlas_tied_256,OK,0.001885549999997238,True,True,0.1670377282243453,0.52591134731895,0.25047971175799155,0.9908854166666666,0.99609375,0.14286531769491378,1.0,0.5704925178437112,0.1731366661582466,0.5597892085993227,,self-report; not geometry-derived layer count or success,0.1665641417829531,0.19934140620000107,0.1670377282243453,0.98828125,8.196272882327552,0.1962728823275519,1.024534110290944
development,s9140111_g8_n1.0_b4_r1.0,9140111,8,1.0,4,1.0,768,atlas_relax_96,OK,0.015455622999979823,True,True,0.19532161331705356,0.5699709090882423,0.39335223754044313,0.984375,0.9947916666666666,0.1748224326377268,1.0,0.6164795222676197,0.20163500206254079,0.6083697483292885,,self-report; not geometry-derived layer count or success,0.19505752502795165,0.22785948842122705,0.19532161331705356,0.98828125,8.118899903815004,0.11889990381500404,1.0148624879768755
development,s9140111_g8_n1.0_b4_r1.0,9140111,8,1.0,4,1.0,768,spatial_12,OK,0.038125884000010046,True,True,0.12014021574420762,0.5161662095746515,0.18087918024878283,0.9908854166666666,0.99609375,0.09643415165745044,1.0,0.5615124318924793,0.12623915367810892,0.555002419662066,,self-report; not geometry-derived layer count or success,0.11377281753183327,0.175942597793779,0.12014021574420762,0.98828125,8.134465529401075,0.1344655294010746,1.0168081911751343
development,s9140111_g8_n1.0_b4_r1.0,9140111,8,1.0,4,1.0,768,spatial_36,OK,0.10462506400017446,True,True,0.12014021574420762,0.5161662095746515,0.18087918024878283,0.9908854166666666,0.99609375,0.09643415165745044,1.0,0.5615124318924793,0.12623915367810892,0.555002419662066,,self-report; not geometry-derived layer count or success,0.11377281753183327,0.175942597793779,0.12014021574420762,0.98828125,8.134465529401075,0.1344655294010746,1.0168081911751343
development,s9140111_g8_n1.0_b4_r1.0,9140111,8,1.0,4,1.0,768,spatial_108,OK,0.303352410999878,True,True,0.12014021574420762,0.5161662095746515,0.18087918024878283,0.9908854166666666,0.99609375,0.09643415165745044,1.0,0.5615124318924793,0.12623915367810892,0.555002419662066,,self-report; not geometry-derived layer count or success,0.11377281753183327,0.175942597793779,0.12014021574420762,0.98828125,8.134465529401075,0.1344655294010746,1.0168081911751343
development,s9140111_g8_n1.0_b4_r1.0,9140111,8,1.0,4,1.0,768,apss_0.5,OK,0.0054945059998772194,True,True,0.7879042596647542,1.0756977251686852,2.035022423642689,0.7109375,0.9700520833333334,0.7271708434147865,1.0,1.0983279644936275,0.7940031975986553,1.0945960534168062,,self-report; not geometry-derived layer count or success,0.7919588133693232,0.8021541840714468,0.7879042596647542,0.98828125,8.138818985094652,0.13881898509465174,1.0173523731368315
development,s9140111_g8_n1.0_b4_r1.0,9140111,8,1.0,4,1.0,768,apss_1.0,OK,0.006333290999918972,True,True,0.6741824077389502,0.9644397453650895,1.7593254474121787,0.7825520833333334,0.9791666666666666,0.6441167752991258,1.0,0.9925574841835316,0.6802813456728515,0.9855333072500694,,self-report; not geometry-derived layer count or success,0.678859992040204,0.6859483010653546,0.6741824077389502,0.98828125,8.14750094371848,0.14750094371848022,1.01843761796481
development,s9140111_g8_n1.0_b4_r1.0,9140111,8,1.0,4,1.0,768,apss_2.0,OK,0.008860341999934462,True,True,0.415182100380425,0.7015468941378015,0.9003146884349068,0.9609375,0.9934895833333334,0.4083059749566469,1.0,0.7471062322453604,0.42128103831432623,0.7315016556086619,,self-report; not geometry-derived layer count or success,0.4195554795071841,0.4281608636882567,0.415182100380425,0.98828125,8.114820567567596,0.1148205675675964,1.0143525709459495
development,s9140111_g8_n1.0_b4_r1.0,9140111,8,1.0,4,1.0,768,apss_4.0,OK,0.011166911999907825,True,True,0.3720719187664425,0.7462929877052521,1.2469642306317004,0.9361979166666666,0.9739583333333334,0.365768490026903,1.0,0.8006646438352981,0.3781708567003437,0.7768864874360176,,self-report; not geometry-derived layer count or success,0.37186698283903563,0.403304483653871,0.3720719187664425,0.98828125,7.96961499622249,0.030385003777509745,0.9962018745278113
development,s9140111_g8_n1.0_b4_r1.0,9140111,8,1.0,4,1.0,768,apss_8.0,OK,0.017118947999961165,True,True,0.5127493360497689,0.9911803641389767,2.4439911289903677,0.8528645833333334,0.9270833333333334,0.503152469094602,1.0,1.0353601674105586,0.5188482739836701,0.9941508802779759,,self-report; not geometry-derived layer count or success,0.5214572788772968,0.5344684201649933,0.5127493360497689,0.98828125,7.5859191887951845,0.41408081120481555,0.9482398985993981
development,s9140111_g8_n1.0_b4_r1.0,9140111,8,1.0,4,1.0,768,rimls_0.5,OK,0.006081421999851955,True,True,0.7898070956271349,1.076794776590605,2.035023364900714,0.7109375,0.9700520833333334,0.7292661330408068,1.0,1.0997297092415799,0.7959060331353797,1.095689930514591,,self-report; not geometry-derived layer count or success,0.793766679164859,0.8044356673224173,0.7898070956271349,0.98828125,8.13866485333873,0.1386648533387298,1.0173331066673412
development,s9140111_g8_n1.0_b4_r1.0,9140111,8,1.0,4,1.0,768,rimls_1.0,OK,0.0073294950000217796,True,True,0.6822987775521128,0.9733824096770413,1.779584092076247,0.7721354166666666,0.9778645833333334,0.6603566022646633,1.0,1.0060845737373683,0.688397715486014,0.994156996010097,,self-report; not geometry-derived layer count or success,0.6865083607723701,0.695930597266387,0.6822987775521128,0.98828125,8.142793642321065,0.14279364232106495,1.0178492052901331
development,s9140111_g8_n1.0_b4_r1.0,9140111,8,1.0,4,1.0,768,rimls_2.0,OK,0.01208775300005982,True,True,0.42708332590613834,0.7057297196473852,0.973438245643343,0.953125,0.9921875,0.4319207077012974,1.0,0.7547019551556959,0.43318226384003955,0.7337471562972252,,self-report; not geometry-derived layer count or success,0.4312682326368673,0.44081353110463534,0.42708332590613834,0.98828125,8.156915407617475,0.15691540761747547,1.0196144259521844
development,s9140111_g8_n1.0_b4_r1.0,9140111,8,1.0,4,1.0,768,rimls_4.0,OK,0.022027024000180973,True,True,0.3852498847648375,0.7170330653862035,1.045818391355906,0.9348958333333334,0.9778645833333334,0.3979918842558013,1.0,0.7984221377737665,0.3913488226987388,0.7444034587941223,,self-report; not geometry-derived layer count or success,0.38169775470976414,0.4298277561093258,0.3852498847648375,0.98828125,8.15213874802257,0.15213874802257088,1.0190173435028214
development,s9140111_g8_n1.0_b4_r1.0,9140111,8,1.0,4,1.0,768,rimls_8.0,OK,0.05361805400002595,True,True,0.4973247051978766,0.8859703701739524,1.8294245709729113,0.8671875,0.9479166666666666,0.5110404384137288,1.0,0.9701849290007062,0.5034236431317779,0.9101199888589049,,self-report; not geometry-derived layer count or success,0.49821998463347733,0.5241706971444827,0.4973247051978766,0.98828125,8.046681865760409,0.04668186576040867,1.005835233220051
development,s9140111_g8_n1.0_b4_r0.25,9140111,8,1.0,4,0.25,433,identity,OK,0.0007493010000416689,True,True,3.32372342142598,3.9272444691452093,8.129250624421,0.11316397228637413,0.3418013856812933,2.50255762353473,1.0,3.9890928440607394,3.376301562514171,3.9828745374126884,,self-report; not geometry-derived layer count or success,3.3627724616455237,3.395137658751182,3.32372342142598,0.0,7.58809508870032,0.41190491129968,0.94851188608754
development,s9140111_g8_n1.0_b4_r0.25,9140111,8,1.0,4,0.25,433,bias_only,OK,0.0005211410000356409,True,True,1.2285510451488248,1.7910380114866518,3.6448540872049926,0.5958429561200924,0.8521939953810623,1.1318009616940548,1.0,1.910044721686188,1.2783486326015492,1.9033696451781608,,self-report; not geometry-derived layer count or success,1.467612867297479,1.9203831083103937,1.2285510451488248,0.789838337182448,8.074969684925453,0.07496968492545264,1.0093712106156816
development,s9140111_g8_n1.0_b4_r0.25,9140111,8,1.0,4,0.25,433,old_original,APPLY,0.0011389840001356788,True,True,0.7432925946309216,1.5759045195756143,3.6448540872049926,0.8175519630484989,0.8729792147806005,0.6816413674290233,1.0,1.7099522200717223,0.793090182083646,1.7026708216267177,,self-report; not geometry-derived layer count or success,1.0284705200964643,1.591562709928234,0.7432925946309216,0.789838337182448,8.089928781885794,0.0899287818857939,1.0112410977357242
development,s9140111_g8_n1.0_b4_r0.25,9140111,8,1.0,4,0.25,433,atlas_tied_256,OK,0.001321437000115111,True,True,0.7298296104396361,1.574367997009354,3.6448540872049926,0.8175519630484989,0.8729792147806005,0.6686988370890198,1.0,1.7085426219082136,0.7796271978923606,1.7006483650458055,,self-report; not geometry-derived layer count or success,1.0001888547431537,1.5278308294193605,0.7298296104396361,0.789838337182448,8.119607279153152,0.11960727915315239,1.014950909894144
development,s9140111_g8_n1.0_b4_r0.25,9140111,8,1.0,4,0.25,433,atlas_relax_96,OK,0.01011695400006829,True,True,0.7747347364226433,1.579925107780515,3.6448540872049926,0.8175519630484989,0.8729792147806005,0.7136312634066907,1.0,1.7137076907714082,0.8245323238753678,1.7050715821579816,,self-report; not geometry-derived layer count or success,1.0412365969949895,1.5596506868336426,0.7747347364226433,0.789838337182448,8.114042275059573,0.11404227505957287,1.0142552843824466
development,s9140111_g8_n1.0_b4_r0.25,9140111,8,1.0,4,0.25,433,spatial_12,OK,0.028286371999911353,True,True,0.7231152840769463,1.5730171045991606,3.6448540872049926,0.8175519630484989,0.8729792147806005,0.661639493601597,1.0,1.7072917895696345,0.7729128715296707,1.6999261204679497,,self-report; not geometry-derived layer count or success,0.9979314648958945,1.536235613667026,0.7231152840769463,0.789838337182448,8.13407464530209,0.13407464530208912,1.0167593306627611
development,s9140111_g8_n1.0_b4_r0.25,9140111,8,1.0,4,0.25,433,spatial_36,OK,0.07639221199997337,True,True,0.7231152840769463,1.5730171045991606,3.6448540872049926,0.8175519630484989,0.8729792147806005,0.661639493601597,1.0,1.7072917895696345,0.7729128715296707,1.6999261204679497,,self-report; not geometry-derived layer count or success,0.9979314648958945,1.536235613667026,0.7231152840769463,0.789838337182448,8.13407464530209,0.13407464530208912,1.0167593306627611
development,s9140111_g8_n1.0_b4_r0.25,9140111,8,1.0,4,0.25,433,spatial_108,OK,0.22026487700009056,True,True,0.7231152840769463,1.5730171045991606,3.6448540872049926,0.8175519630484989,0.8729792147806005,0.661639493601597,1.0,1.7072917895696345,0.7729128715296707,1.6999261204679497,,self-report; not geometry-derived layer count or success,0.9979314648958945,1.536235613667026,0.7231152840769463,0.789838337182448,8.13407464530209,0.13407464530208912,1.0167593306627611
development,s9140111_g8_n1.0_b4_r0.25,9140111,8,1.0,4,0.25,433,apss_0.5,OK,0.0036220209999555664,True,True,1.2131452863023446,1.7827893731065352,3.6448540872049926,0.5981524249422633,0.8521939953810623,1.123092349846221,1.0,1.9023216605565307,1.262942873755069,1.8955158815495137,,self-report; not geometry-derived layer count or success,1.4458286071582562,1.8833397815426762,1.2131452863023446,0.789838337182448,8.063120114194103,0.06312011419410268,1.0078900142742628
development,s9140111_g8_n1.0_b4_r0.25,9140111,8,1.0,4,0.25,433,apss_1.0,OK,0.003838739999991958,True,True,1.1192255303513743,1.7339549950618156,3.6448540872049926,0.6558891454965358,0.8568129330254042,1.0485952395749527,1.0,1.856714252068802,1.169023117804099,1.8490853633869357,,self-report; not geometry-derived layer count or success,1.3546544375633554,1.798733782622793,1.1192255303513743,0.789838337182448,8.078105204084599,0.07810520408459887,1.0097631505105749
development,s9140111_g8_n1.0_b4_r0.25,9140111,8,1.0,4,0.25,433,apss_2.0,OK,0.00509431500017854,True,True,0.9025286176833394,1.6201462300937501,3.6448540872049926,0.7967667436489607,0.8729792147806005,0.8425312048876344,1.0,1.7510474492539072,0.9523262051360639,1.7438925001491643,,self-report; not geometry-derived layer count or success,1.1572239926951253,1.6473938380712223,0.9025286176833394,0.789838337182448,8.078301477909239,0.07830147790923903,1.0097876847386549
development,s9140111_g8_n1.0_b4_r0.25,9140111,8,1.0,4,0.25,433,apss_4.0,OK,0.006337317999850711,True,True,0.8073733317199567,1.5903783021422337,3.6448540872049926,0.8175519630484989,0.8729792147806005,0.7487345380542271,1.0,1.7236055559566819,0.8571709191726812,1.717271160247681,,self-report; not geometry-derived layer count or success,1.0759898641961172,1.5994628100256632,0.8073733317199567,0.789838337182448,8.085777421102083,0.0857774211020832,1.0107221776377604
development,s9140111_g8_n1.0_b4_r0.25,9140111,8,1.0,4,0.25,433,apss_8.0,OK,0.00889968299998145,True,True,0.8440556413691439,1.6099192347484368,3.6448540872049926,0.7713625866050808,0.8706697459584296,0.7873724258055592,1.0,1.7419718654459073,0.8938532288218684,1.740994740847624,,self-report; not geometry-derived layer count or success,1.101801344542775,1.5992683838088113,0.8440556413691439,0.789838337182448,7.964275622205763,0.03572437779423687,0.9955344527757204
development,s9140111_g8_n1.0_b4_r0.25,9140111,8,1.0,4,0.25,433,rimls_0.5,OK,0.0036048399999799585,True,True,1.2156739554538127,1.7836477266339748,3.6448540872049926,0.5958429561200924,0.8521939953810623,1.126740523827241,1.0,1.903695183761029,1.2654715429065373,1.8963829356640525,,self-report; not geometry-derived layer count or success,1.449745762799019,1.8905785650832425,1.2156739554538127,0.789838337182448,8.069471615314027,0.06947161531402735,1.0086839519142534
development,s9140111_g8_n1.0_b4_r0.25,9140111,8,1.0,4,0.25,433,rimls_1.0,OK,0.004426678999834621,True,True,1.1195100640892028,1.7349259894695004,3.6448540872049926,0.6420323325635104,0.8545034642032333,1.0604359392616003,1.0,1.8596157513824205,1.1693076515419272,1.850185032961373,,self-report; not geometry-derived layer count or success,1.3554714971967943,1.8008247854208685,1.1195100640892028,0.789838337182448,8.076019864551926,0.07601986455192566,1.0095024830689907
development,s9140111_g8_n1.0_b4_r0.25,9140111,8,1.0,4,0.25,433,rimls_2.0,OK,0.006793724000090151,True,True,0.9107280946142786,1.6226406262379227,3.6448540872049926,0.789838337182448,0.8729792147806005,0.863325837601643,1.0,1.7556867867606316,0.9605256820670032,1.7456646706157688,,self-report; not geometry-derived layer count or success,1.1640045424762493,1.650779937819915,0.9107280946142786,0.789838337182448,8.087497451576068,0.08749745157606803,1.0109371814470085
development,s9140111_g8_n1.0_b4_r0.25,9140111,8,1.0,4,0.25,433,rimls_4.0,OK,0.012058780999950613,True,True,0.8216465526263913,1.5942982661780618,3.6448540872049926,0.815242494226328,0.8729792147806005,0.7660444118601983,1.0,1.7276282883186909,0.8714441400791159,1.7175239421310278,,self-report; not geometry-derived layer count or success,1.091772104598895,1.6188550252456597,0.8216465526263913,0.789838337182448,8.142980225982997,0.1429802259829973,1.0178725282478747
development,s9140111_g8_n1.0_b4_r0.25,9140111,8,1.0,4,0.25,433,rimls_8.0,OK,0.02836044800005766,True,True,0.8716420503305768,1.6048452652941163,3.6448540872049926,0.8060046189376443,0.8706697459584296,0.815501074343975,1.0,1.7377466312027365,0.9214396377833013,1.7299434101700277,,self-report; not geometry-derived layer count or success,1.1521038043460972,1.7039136613720123,0.8716420503305768,0.789838337182448,8.27354123911484,0.27354123911483974,1.034192654889355
development,s9140111_g8_n2.0_b0_r1.0,9140111,8,2.0,0,1.0,768,identity,OK,0.0008191219999389432,True,True,1.52425804600709,1.9158788608863075,3.8036507001711874,0.4309895833333333,0.8203125,1.248962084376652,1.0,1.9265585056599392,1.5291869129133728,1.9204041343618727,,self-report; not geometry-derived layer count or success,1.538158432317374,1.5828995160983677,1.52425804600709,0.0,8.256171228906657,0.25617122890665733,1.0320214036133322
development,s9140111_g8_n2.0_b0_r1.0,9140111,8,2.0,0,1.0,768,bias_only,OK,0.0007324519999656331,True,True,1.5233901596929655,1.915529218857703,3.733089910922396,0.4205729166666667,0.8138020833333334,1.2488922447486241,1.0,1.926876115505854,1.5286435363541055,1.921007958590415,,self-report; not geometry-derived layer count or success,1.5370720860072984,1.5791053725894544,1.5233901596929655,0.96484375,8.246954393402525,0.24695439340252534,1.0308692991753157
development,s9140111_g8_n2.0_b0_r1.0,9140111,8,2.0,0,1.0,768,old_original,APPLY,0.0014402460001292638,True,True,0.41190754964019377,0.7628108870811025,1.7726115198877919,0.890625,0.9661458333333334,0.4093877382858186,1.0,0.8534996656746034,0.4290641238096629,0.8523962117064009,,self-report; not geometry-derived layer count or success,0.42288185505853215,0.45371290960962557,0.41190754964019377,0.96484375,7.956760738413276,0.04323926158672364,0.9945950923016595
development,s9140111_g8_n2.0_b0_r1.0,9140111,8,2.0,0,1.0,768,atlas_tied_256,OK,0.001868097000169655,True,True,0.30389043088964884,0.5094323451630015,0.5397924773010011,0.9778645833333334,0.9908854166666666,0.28727145560413997,1.0,0.6279986968758228,0.3163811652695366,0.6164360057731615,,self-report; not geometry-derived layer count or success,0.323798455680453,0.3607885792881409,0.30389043088964884,0.96484375,8.21270061218843,0.21270061218842962,1.0265875765235537
development,s9140111_g8_n2.0_b0_r1.0,9140111,8,2.0,0,1.0,768,atlas_relax_96,OK,0.015359173999968334,True,True,0.41171688991425853,0.7057128678646989,1.152466040973253,0.9322916666666666,0.984375,0.4034534944099642,1.0,0.7772346139305937,0.4209923685044292,0.7636851157551562,,self-report; not geometry-derived layer count or success,0.4313093800194112,0.48276045043178867,0.41171688991425853,0.96484375,8.135840281531369,0.13584028153136884,1.016980035191421
development,s9140111_g8_n2.0_b0_r1.0,9140111,8,2.0,0,1.0,768,spatial_12,OK,0.03761612500011324,True,True,0.21864819141025563,0.47430943308544266,0.369762863577821,0.9778645833333334,0.9908854166666666,0.20257586970366193,1.0,0.6007681995841719,0.23115192019837597,0.5948488785660778,,self-report; not geometry-derived layer count or success,0.22627807427896357,0.2505840071757727,0.21864819141025563,0.96484375,8.101018971758732,0.10101897175873198,1.0126273714698415
development,s9140111_g8_n2.0_b0_r1.0,9140111,8,2.0,0,1.0,768,spatial_36,OK,0.1034367120000752,True,True,0.21864819293643864,0.47430943393485664,0.3697628697921009,0.9778645833333334,0.9908854166666666,0.2025758711633914,1.0,0.6007682004196155,0.2311519217355397,0.5948488791784482,,self-report; not geometry-derived layer count or success,0.22627807568367592,0.250584009241022,0.21864819293643864,0.96484375,8.101018970268884,0.10101897026888373,1.0126273712836105
development,s9140111_g8_n2.0_b0_r1.0,9140111,8,2.0,0,1.0,768,spatial_108,OK,0.29815398200003074,True,True,0.21864819293643864,0.47430943393485664,0.3697628697921009,0.9778645833333334,0.9908854166666666,0.2025758711633914,1.0,0.6007682004196155,0.2311519217355397,0.5948488791784482,,self-report; not geometry-derived layer count or success,0.22627807568367592,0.250584009241022,0.21864819293643864,0.96484375,8.101018970268884,0.10101897026888373,1.0126273712836105
development,s9140111_g8_n2.0_b0_r1.0,9140111,8,2.0,0,1.0,768,apss_0.5,FAILED,0.004879987999856894,,,,,,,,,,,,,,,,,,,,,
development,s9140111_g8_n2.0_b0_r1.0,9140111,8,2.0,0,1.0,768,apss_1.0,FAILED,0.005353051999918534,,,,,,,,,,,,,,,,,,,,,
development,s9140111_g8_n2.0_b0_r1.0,9140111,8,2.0,0,1.0,768,apss_2.0,OK,0.009033802999965701,True,True,0.8763445399377957,1.122488994220866,2.083573413720667,0.6575520833333334,0.9466145833333334,0.879650919691756,1.0,1.1555661289162609,0.8796680696618236,1.1291577498407352,,self-report; not geometry-derived layer count or success,0.8955216067398855,0.9745834020382722,0.8763445399377957,0.96484375,8.180851550896676,0.18085155089667637,1.0226064438620845
development,s9140111_g8_n2.0_b0_r1.0,9140111,8,2.0,0,1.0,768,apss_4.0,OK,0.010783701999798723,True,True,0.5597981539243754,0.7919531438451123,1.449445693292629,0.8528645833333334,0.96875,0.5879302728169878,1.0,0.8440416093435247,0.5620807252080334,0.8026370768434073,,self-report; not geometry-derived layer count or success,0.5573320925689613,0.5810135852105676,0.5597981539243754,0.96484375,8.012721277219741,0.012721277219741367,1.0015901596524677
development,s9140111_g8_n2.0_b0_r1.0,9140111,8,2.0,0,1.0,768,apss_8.0,OK,0.01440631399987069,True,True,0.607928958521121,0.9430194322693835,2.399500118850901,0.8385416666666666,0.92578125,0.6330371199268748,1.0,0.9878887487753988,0.6107990859192999,0.9330316459605523,,self-report; not geometry-derived layer count or success,0.6170916985161656,0.6484730392589765,0.607928958521121,0.96484375,7.587386501296733,0.4126134987032666,0.9484233126620917
development,s9140111_g8_n2.0_b0_r1.0,9140111,8,2.0,0,1.0,768,rimls_0.5,OK,0.00584748899996157,True,True,1.5199708716806974,1.9131936432622296,3.733089910922396,0.4166666666666667,0.8125,1.2520278222441914,1.0,1.924632361554764,1.5252242483418375,1.9186679865053855,,self-report; not geometry-derived layer count or success,1.5336871008969728,1.5758914564966102,1.5199708716806974,0.96484375,8.247508733140645,0.24750873314064492,1.0309385916425806
development,s9140111_g8_n2.0_b0_r1.0,9140111,8,2.0,0,1.0,768,rimls_1.0,OK,0.007219734000045719,True,True,1.4375443262609926,1.8342635229421242,3.6143020992347417,0.4453125,0.8020833333333334,1.2540181600681275,1.0,1.8558375062131667,1.4425568674855676,1.8395159641752232,,self-report; not geometry-derived layer count or success,1.4533374395668373,1.50606740792901,1.4375443262609926,0.96484375,8.257253143968335,0.25725314396833454,1.0321566429960418
development,s9140111_g8_n2.0_b0_r1.0,9140111,8,2.0,0,1.0,768,rimls_2.0,OK,0.01224935599998389,True,True,0.9402301743110598,1.2127342814504827,2.395143016590961,0.5924479166666666,0.9205729166666666,0.9807520549695735,1.0,1.3393539456788017,0.9438950932726001,1.2197676131268609,,self-report; not geometry-derived layer count or success,0.9588637147914321,1.0322103080118077,0.9402301743110598,0.96484375,8.203775606544111,0.2037756065441112,1.025471950818014
development,s9140111_g8_n2.0_b0_r1.0,9140111,8,2.0,0,1.0,768,rimls_4.0,OK,0.023089809999873978,True,True,0.6179364886843363,0.8298100453295564,1.5800090936697777,0.7903645833333334,0.96875,0.6829932232577073,1.0,0.9274885119109492,0.6211288475153105,0.8375878469008415,,self-report; not geometry-derived layer count or success,0.613595223135721,0.6511655057560115,0.6179364886843363,0.96484375,8.188012428493813,0.1880124284938134,1.0235015535617267
development,s9140111_g8_n2.0_b0_r1.0,9140111,8,2.0,0,1.0,768,rimls_8.0,OK,0.056888271999923745,True,True,0.6204348093517862,0.887066905974356,1.8574696972767264,0.7890625,0.9427083333333334,0.6809926931771283,1.0,0.9883416252619099,0.6234451683012419,0.8947280082228244,,self-report; not geometry-derived layer count or success,0.6179550031522683,0.6453345280510457,0.6204348093517862,0.96484375,8.026524381567013,0.026524381567012867,1.0033155476958766
development,s9140111_g8_n2.0_b0_r0.25,9140111,8,2.0,0,0.25,433,identity,OK,0.0005982630000289646,True,True,1.5453156178526049,1.9305556010132356,3.814023696392516,0.41570438799076215,0.7875288683602771,1.3165083557905577,1.0,1.9408126894095938,1.5499234110651474,1.9397017607401408,,self-report; not geometry-derived layer count or success,1.5262381927674769,1.5828995160983677,1.5453156178526049,0.0,8.132606036568994,0.13260603656899406,1.0165757545711243
development,s9140111_g8_n2.0_b0_r0.25,9140111,8,2.0,0,0.25,433,bias_only,OK,0.0005083970002033311,True,True,1.5307804991859277,1.9215659117795902,3.683299942722187,0.41570438799076215,0.7782909930715936,1.3011144909611332,1.0,1.9339696104897242,1.536507739568558,1.9324778838303418,,self-report; not geometry-derived layer count or success,1.5093766034848808,1.5742814759944506,1.5307804991859277,0.8706697459584296,8.157307305380556,0.15730730538055582,1.0196634131725695
development,s9140111_g8_n2.0_b0_r0.25,9140111,8,2.0,0,0.25,433,old_original,APPLY,0.0010958839998238545,True,True,0.46790642683231826,0.7909429239491101,2.1553979764602893,0.9145496535796767,0.953810623556582,0.44385607200514704,1.0,0.8828782897676581,0.4821283944423376,0.8761538760002763,,self-report; not geometry-derived layer count or success,0.5403769976267586,0.6797231035872794,0.46790642683231826,0.8706697459584296,8.228216664323421,0.22821666432342091,1.0285270830404276
development,s9140111_g8_n2.0_b0_r0.25,9140111,8,2.0,0,0.25,433,atlas_tied_256,OK,0.0012942060000113997,True,True,0.40411023031767335,0.7316187390152876,1.7332082434347797,0.930715935334873,0.9607390300230947,0.37905715873624973,1.0,0.8271662155625915,0.4181493836365151,0.8173707347634595,,self-report; not geometry-derived layer count or success,0.43867848133817766,0.48778952722116087,0.40411023031767335,0.8706697459584296,8.2664079485237,0.26640794852369964,1.0333009935654625
development,s9140111_g8_n2.0_b0_r0.25,9140111,8,2.0,0,0.25,433,atlas_relax_96,OK,0.010042062000138685,True,True,0.5201726408477865,0.8791859638744495,1.936119264621262,0.9214780600461894,0.9607390300230947,0.486849873482379,1.0,0.9410935471080808,0.5313117272485646,0.9333574677760798,,self-report; not geometry-derived layer count or success,0.5511720399929363,0.5986831749007427,0.5201726408477865,0.8706697459584296,8.206531701034558,0.20653170103455842,1.0258164626293198
development,s9140111_g8_n2.0_b0_r0.25,9140111,8,2.0,0,0.25,433,spatial_12,OK,0.028181921999930637,True,True,0.3899854071300967,0.7273921005349131,1.7332082434347797,0.930715935334873,0.9607390300230947,0.36585508238019593,1.0,0.8191540360507147,0.403565158894396,0.8098695081685391,,self-report; not geometry-derived layer count or success,0.427866233666722,0.48600084900604346,0.3899854071300967,0.8706697459584296,8.263405159481021,0.26340515948102095,1.0329256449351276
development,s9140111_g8_n2.0_b0_r0.25,9140111,8,2.0,0,0.25,433,spatial_36,OK,0.07657642399999531,True,True,0.3876917724731284,0.7200586497252529,1.5881739172474876,0.9330254041570438,0.9630484988452656,0.36071632522108343,1.0,0.720506702789419,0.3876917724731284,0.7080893392964286,,self-report; not geometry-derived layer count or success,0.41774761938067395,0.4896491757948575,0.3876917724731284,0.8706697459584296,8.287819043328009,0.28781904332800856,1.035977380416001
development,s9140111_g8_n2.0_b0_r0.25,9140111,8,2.0,0,0.25,433,spatial_108,OK,0.2223331689999668,True,True,0.3876917724731279,0.7200586497252526,1.5881739172474876,0.9330254041570438,0.9630484988452656,0.360716325221083,1.0,0.7205067027894186,0.38769177247312797,0.7080893392964285,,self-report; not geometry-derived layer count or success,0.41774761938067356,0.4896491757948574,0.3876917724731279,0.8706697459584296,8.287819043328009,0.28781904332800856,1.035977380416001
development,s9140111_g8_n2.0_b0_r0.25,9140111,8,2.0,0,0.25,433,apss_0.5,OK,0.0034270889998424536,True,True,1.5237037407405538,1.9158674987552675,3.683299942722187,0.418013856812933,0.7782909930715936,1.298265088666421,1.0,1.9283185638812836,1.5294309811231837,1.9268674169060966,,self-report; not geometry-derived layer count or success,1.4989952466702041,1.5718055948367247,1.5237037407405538,0.8706697459584296,8.152681043575855,0.1526810435758552,1.019085130446982
development,s9140111_g8_n2.0_b0_r0.25,9140111,8,2.0,0,0.25,433,apss_1.0,OK,0.0036100730001180636,True,True,1.4145563411289719,1.8105586597237797,3.547306131771182,0.4387990762124711,0.7875288683602771,1.2639562723300188,1.0,1.8180617587905124,1.417310472887916,1.8156209401242593,,self-report; not geometry-derived layer count or success,1.3583951367443095,1.4993362447563627,1.4145563411289719,0.8706697459584296,8.142328853224049,0.14232885322404876,1.017791106653006
development,s9140111_g8_n2.0_b0_r0.25,9140111,8,2.0,0,0.25,433,apss_2.0,OK,0.0050036630000249716,True,True,0.9193251606163639,1.2344736851124725,2.5485426088038836,0.6581986143187067,0.9260969976905312,0.8944896832586555,1.0,1.2407477820234936,0.9193251606163642,1.2324843718361185,,self-report; not geometry-derived layer count or success,0.8819684752991389,0.971335573323219,0.9193251606163639,0.8706697459584296,8.151855244775616,0.15185524477561607,1.018981905596952
development,s9140111_g8_n2.0_b0_r0.25,9140111,8,2.0,0,0.25,433,apss_4.0,OK,0.005867568999974537,True,True,0.6293258854566414,0.9512992275168073,2.326028500860521,0.836027713625866,0.9399538106235565,0.6232716523606012,1.0,0.9639155131125675,0.6293258854566414,0.9505344469706373,,self-report; not geometry-derived layer count or success,0.664171124465333,0.7475301769004905,0.6293258854566414,0.8706697459584296,8.026099369405507,0.02609936940550739,1.0032624211756884
development,s9140111_g8_n2.0_b0_r0.25,9140111,8,2.0,0,0.25,433,apss_8.0,OK,0.00768133399992621,True,True,0.6754493712193187,1.0512982666020718,2.5371788165790834,0.7944572748267898,0.9214780600461894,0.668745618225045,1.0,1.0674552266682826,0.6772163055190604,1.0305436652850213,,self-report; not geometry-derived layer count or success,0.7185029729048442,0.8172716302421063,0.6754493712193187,0.8706697459584296,7.741225717239238,0.2587742827607622,0.9676532146549047
development,s9140111_g8_n2.0_b0_r0.25,9140111,8,2.0,0,0.25,433,rimls_0.5,OK,0.0035367460000088613,True,True,1.5246738009099081,1.9161524419170268,3.683299942722187,0.418013856812933,0.7782909930715936,1.2996045131989327,1.0,1.928726070628761,1.5304010412925382,1.9271448898033188,,self-report; not geometry-derived layer count or success,1.500542808351466,1.5719716197519313,1.5246738009099081,0.8706697459584296,8.153114708483828,0.15311470848382847,1.0191393385604786
development,s9140111_g8_n2.0_b0_r0.25,9140111,8,2.0,0,0.25,433,rimls_1.0,OK,0.0043607600000541424,True,True,1.4216032219210066,1.8192440495970297,3.547764079916448,0.4295612009237875,0.7875288683602771,1.2791287701983323,1.0,1.8391234821521032,1.425547811583569,1.827203195317172,,self-report; not geometry-derived layer count or success,1.3704678319010317,1.5022337501471008,1.4216032219210066,0.8706697459584296,8.131691076800498,0.1316910768004984,1.0164613846000623
development,s9140111_g8_n2.0_b0_r0.25,9140111,8,2.0,0,0.25,433,rimls_2.0,OK,0.006967905999999857,True,True,0.9609798249219829,1.2937773443931992,2.678500328740583,0.6189376443418014,0.9099307159353349,0.9706944967506136,1.0,1.3473762567252197,0.9621679396046677,1.2952646909065182,,self-report; not geometry-derived layer count or success,0.9159957098823405,1.0264519279473554,0.9609798249219829,0.8706697459584296,8.166170906032454,0.16617090603245366,1.0207713632540567
development,s9140111_g8_n2.0_b0_r0.25,9140111,8,2.0,0,0.25,433,rimls_4.0,OK,0.01255214699995122,True,True,0.6593188051704734,0.953627526912985,2.207782547777864,0.8106235565819861,0.9422632794457275,0.6827749781078591,1.0,0.9883728622999504,0.6593188051704735,0.9503412445862264,,self-report; not geometry-derived layer count or success,0.6967357643718077,0.7862470535109114,0.6593188051704734,0.8706697459584296,8.166686517605825,0.1666865176058252,1.0208358147007282
development,s9140111_g8_n2.0_b0_r0.25,9140111,8,2.0,0,0.25,433,rimls_8.0,OK,0.028918703000044843,True,True,0.701910640396738,1.015775772427659,2.4183018855811507,0.8106235565819861,0.9284064665127021,0.7072050779483311,1.0,1.0438370905151264,0.701910640396738,1.0019073166406958,,self-report; not geometry-derived layer count or success,0.7718689708485548,0.9392278497747244,0.701910640396738,0.8706697459584296,8.151914609350046,0.15191460935004564,1.0189893261687557
development,s9140111_g8_n2.0_b4_r1.0,9140111,8,2.0,4,1.0,768,identity,OK,0.0008267840000826254,True,True,3.5403847129504498,4.309381379712521,8.666023949656596,0.14583333333333334,0.375,2.3928728449028616,1.0,4.468882821939601,3.7071251734227904,4.46688179970488,,self-report; not geometry-derived layer count or success,3.6872022917691925,3.7865579613144065,3.5403847129504498,0.0,8.203648547130449,0.20364854713044878,1.025456068391306
development,s9140111_g8_n2.0_b4_r1.0,9140111,8,2.0,4,1.0,768,bias_only,OK,0.0007332530001349369,True,True,1.5505913138395988,1.9560400784940422,3.849267098587126,0.4166666666666667,0.80859375,1.2633695618584009,1.0,2.044658235638812,1.5939823730545342,2.0407570110366713,,self-report; not geometry-derived layer count or success,1.5903098625819303,1.6086247200037473,1.5505913138395988,0.96484375,8.20269562204356,0.20269562204356006,1.025336952755445
development,s9140111_g8_n2.0_b4_r1.0,9140111,8,2.0,4,1.0,768,old_original,APPLY,0.0014300599998477992,True,True,0.4392103192912377,0.8597290166950473,1.9842888729370394,0.8841145833333334,0.9557291666666666,0.4279661715125184,1.0,1.0936531862425187,0.49443094398178844,1.0920386632632653,,self-report; not geometry-derived layer count or success,0.4761498501192958,0.5673179026283497,0.4392103192912377,0.96484375,7.9125533468161375,0.08744665318386247,0.9890691683520172
development,s9140111_g8_n2.0_b4_r1.0,9140111,8,2.0,4,1.0,768,atlas_tied_256,OK,0.0018676730001061514,True,True,0.33723723329683924,0.6480701378127155,0.5698973016505314,0.9713541666666666,0.984375,0.3063216130560054,1.0,0.9303400913402364,0.38782319869973403,0.92469567855552,,self-report; not geometry-derived layer count or success,0.3826824777850103,0.4083193197493466,0.33723723329683924,0.96484375,8.171146868727629,0.17114686872762874,1.0213933585909536
development,s9140111_g8_n2.0_b4_r1.0,9140111,8,2.0,4,1.0,768,atlas_relax_96,OK,0.015945956999985356,True,True,0.4554512165735982,0.8151410305004099,1.1778208301477968,0.9296875,0.9817708333333334,0.42890284954828733,1.0,1.0557141825221426,0.5052993069059007,1.045267500142,,self-report; not geometry-derived layer count or success,0.5069048160627724,0.5149115110788598,0.4554512165735982,0.96484375,8.159127454440746,0.15912745444074616,1.0198909318050933
development,s9140111_g8_n2.0_b4_r1.0,9140111,8,2.0,4,1.0,768,spatial_12,OK,0.038394180999830496,True,True,0.24585671031477563,0.6182205821663711,0.3715082024897554,0.9713541666666666,0.9856770833333334,0.21854205826742926,1.0,0.9102851857243616,0.29644176810369205,0.9078380080132322,,self-report; not geometry-derived layer count or success,0.2794692144012295,0.36411156013818524,0.24585671031477563,0.96484375,8.056653644205852,0.05665364420585206,1.0070817055257315
development,s9140111_g8_n2.0_b4_r1.0,9140111,8,2.0,4,1.0,768,spatial_36,OK,0.10542757200005326,True,True,0.2458567118762114,0.6182205828332475,0.3715082093418079,0.9713541666666666,0.9856770833333334,0.2185420597614158,1.0,0.9102851862886879,0.29644176967639185,0.9078380084622062,,self-report; not geometry-derived layer count or success,0.2794692158378834,0.3641115622533017,0.2458567118762114,0.96484375,8.056653642674316,0.056653642674316274,1.0070817053342895
development,s9140111_g8_n2.0_b4_r1.0,9140111,8,2.0,4,1.0,768,spatial_108,OK,0.31796855199991114,True,True,0.24585671187620997,0.6182205828332471,0.3715082093418032,0.9713541666666666,0.9856770833333334,0.2185420597614145,1.0,0.9102851862886877,0.2964417696763905,0.907838008462206,,self-report; not geometry-derived layer count or success,0.27946921583788226,0.3641115622532998,0.24585671187620997,0.96484375,8.056653642674314,0.0566536426743145,1.0070817053342893
development,s9140111_g8_n2.0_b4_r1.0,9140111,8,2.0,4,1.0,768,apss_0.5,OK,0.005749444999992193,True,True,1.5470256658746226,1.9537236237659996,3.849267098587126,0.4127604166666667,0.8059895833333334,1.2665580331149822,1.0,2.042466390811019,1.5904167250895582,2.0385345815284834,,self-report; not geometry-derived layer count or success,1.5866735405985581,1.605340850267959,1.5470256658746226,0.96484375,8.20293506199604,0.2029350619960404,1.025366882749505
development,s9140111_g8_n2.0_b4_r1.0,9140111,8,2.0,4,1.0,768,apss_1.0,OK,0.0062827250001191715,True,True,1.4575555547833872,1.8690025435572604,3.6823440640825913,0.44921875,0.7864583333333334,1.2576943039311486,1.0,1.963840934524006,1.5009127046806683,1.956933850076263,,self-report; not geometry-derived layer count or success,1.4992919200687482,1.5073747939775428,1.4575555547833872,0.96484375,8.22260306036712,0.22260306036712052,1.02782538254589
development,s9140111_g8_n2.0_b4_r1.0,9140111,8,2.0,4,1.0,768,apss_2.0,OK,0.009920663000002605,True,True,0.9032915759468776,1.190064532932084,2.1755254639449215,0.6497395833333334,0.9388020833333334,0.8901998335575761,1.0,1.342226943415347,0.9447109773469801,1.321344959899624,,self-report; not geometry-derived layer count or success,0.9484844309021384,0.9673026927876033,0.9032915759468776,0.96484375,8.137188446891663,0.13718844689166332,1.017148555861458
development,s9140111_g8_n2.0_b4_r1.0,9140111,8,2.0,4,1.0,768,apss_4.0,OK,0.012583983000013177,True,True,0.5869609256682874,0.8853017242007172,1.6030711065185932,0.8463541666666666,0.96484375,0.5998076011866674,1.0,1.0860593408260562,0.6273769576353354,1.054153226412702,,self-report; not geometry-derived layer count or success,0.6104689745626695,0.6947893057302504,0.5869609256682874,0.96484375,7.968475039053384,0.03152496094661572,0.996059379881673
development,s9140111_g8_n2.0_b4_r1.0,9140111,8,2.0,4,1.0,768,apss_8.0,OK,0.01837461400009488,True,True,0.6347636554339311,1.0228466551497923,2.488798646618561,0.8333333333333334,0.9231770833333334,0.641159935041384,1.0,1.201477504297277,0.6757739672424412,1.1526045274184396,,self-report; not geometry-derived layer count or success,0.6699860205096115,0.6988505860343724,0.6347636554339311,0.96484375,7.54200070524895,0.4579992947510503,0.9427500881561187
development,s9140111_g8_n2.0_b4_r1.0,9140111,8,2.0,4,1.0,768,rimls_0.5,OK,0.005738613000175974,True,True,1.547221787505589,1.953791018398473,3.849267098587126,0.4127604166666667,0.8059895833333334,1.266600017482317,1.0,2.042584147559734,1.5906128467205243,2.038594613920836,,self-report; not geometry-derived layer count or success,1.5869650704495313,1.6051565780866919,1.547221787505589,0.96484375,8.203069152059411,0.20306915205941145,1.0253836440074264
development,s9140111_g8_n2.0_b4_r1.0,9140111,8,2.0,4,1.0,768,rimls_1.0,OK,0.007449660000020231,True,True,1.4646167563653634,1.876672883335129,3.689465460941068,0.4361979166666667,0.79296875,1.268463327612675,1.0,1.9778914363278284,1.5078036318069639,1.9644351481932698,,self-report; not geometry-derived layer count or success,1.5063562787940552,1.5144240593459806,1.4646167563653634,0.96484375,8.213611171519494,0.21361117151949394,1.0267013964399367
development,s9140111_g8_n2.0_b4_r1.0,9140111,8,2.0,4,1.0,768,rimls_2.0,OK,0.012252651999915543,True,True,0.9693265382006078,1.279131999162502,2.464280974192018,0.58203125,0.9166666666666666,0.9920308466926766,1.0,1.5064075567727448,1.0110167240688528,1.4028346799544398,,self-report; not geometry-derived layer count or success,1.0142349312082022,1.0290341518730777,0.9693265382006078,0.96484375,8.155793474550336,0.155793474550336,1.019474184318792
development,s9140111_g8_n2.0_b4_r1.0,9140111,8,2.0,4,1.0,768,rimls_4.0,OK,0.023085884000010992,True,True,0.6449428670888074,0.9194762413543176,1.6951613709156466,0.78125,0.96484375,0.694858692391759,1.0,1.151942677084841,0.6862530882022169,1.083320969297604,,self-report; not geometry-derived layer count or success,0.6665349278750645,0.7648696495065777,0.6449428670888074,0.96484375,8.144365639109555,0.14436563910955513,1.0180457048886944
development,s9140111_g8_n2.0_b4_r1.0,9140111,8,2.0,4,1.0,768,rimls_8.0,OK,0.056896803999961776,True,True,0.6479496663239014,0.9719672612660474,2.038695723077789,0.78125,0.9401041666666666,0.6900088063980409,1.0,1.2022991306368789,0.6891029475587763,1.127600179890839,,self-report; not geometry-derived layer count or success,0.671507649635561,0.7592556288889977,0.6479496663239014,0.96484375,7.9816730715607624,0.018326928439237555,0.9977091339450953
development,s9140111_g8_n2.0_b4_r0.25,9140111,8,2.0,4,0.25,433,identity,OK,0.0005959739999070734,True,True,3.4503599481723053,4.221274306975459,8.56581738672393,0.16628175519630484,0.3833718244803695,2.422282939994226,1.0,4.328367909130066,3.5509533922734184,4.323451596767555,,self-report; not geometry-derived layer count or success,3.5244546834597212,3.5878466222239784,3.4503599481723053,0.0,7.654398106984817,0.34560189301518296,0.9567997633731021
development,s9140111_g8_n2.0_b4_r0.25,9140111,8,2.0,4,0.25,433,bias_only,OK,0.0005526330000975577,True,True,1.6995750511447107,2.1579046649619262,4.10499246790582,0.3787528868360277,0.7482678983833718,1.4532555468269917,1.0,2.2499636687894644,1.7481859111008495,2.2446523788703705,,self-report; not geometry-derived layer count or success,1.8145938247938695,1.9734591652860118,1.6995750511447107,0.8729792147806005,8.165695828555307,0.1656958285553074,1.0207119785694134
development,s9140111_g8_n2.0_b4_r0.25,9140111,8,2.0,4,0.25,433,old_original,APPLY,0.0010715979999531555,True,True,0.6492978013126902,1.2610901641433094,2.9809026317385294,0.8775981524249422,0.9214780600461894,0.6119080806229599,1.0,1.4490406667774136,0.7062011041763805,1.4419104270872614,,self-report; not geometry-derived layer count or success,0.8540020168650144,1.2075809958383756,0.6492978013126902,0.8729792147806005,8.223883209143613,0.22388320914361337,1.0279854011429517
development,s9140111_g8_n2.0_b4_r0.25,9140111,8,2.0,4,0.25,433,atlas_tied_256,OK,0.0012873160001163342,True,True,0.5850543715542003,1.21990504798521,2.9804646272267385,0.8983833718244804,0.930715935334873,0.5444656336626313,1.0,1.359188884368502,0.6279758733834844,1.3494475576755613,,self-report; not geometry-derived layer count or success,0.7444324382226744,1.0230274248269249,0.5850543715542003,0.8729792147806005,8.296844956284016,0.29684495628401564,1.037105619535502
development,s9140111_g8_n2.0_b4_r0.25,9140111,8,2.0,4,0.25,433,atlas_relax_96,OK,0.01003542299986293,True,True,0.7176150634557452,1.3231696390331036,3.0932463565179065,0.8845265588914549,0.9284064665127021,0.6669414649450885,1.0,1.4895511905474563,0.7713395324240865,1.4778370360825366,,self-report; not geometry-derived layer count or success,0.8757951973214249,1.1256808487056658,0.7176150634557452,0.8729792147806005,8.218389161898111,0.21838916189811108,1.0272986452372639
development,s9140111_g8_n2.0_b4_r0.25,9140111,8,2.0,4,0.25,433,spatial_12,OK,0.02830349999999271,True,True,0.5623567229460357,1.2146638662855245,2.9804646272267385,0.8983833718244804,0.930715935334873,0.5237382054952977,1.0,1.354547535738771,0.6052782247753197,1.3425590759363462,,self-report; not geometry-derived layer count or success,0.7221430898471803,1.0017148388864934,0.5623567229460357,0.8729792147806005,8.298906701620867,0.29890670162086685,1.0373633377026084
development,s9140111_g8_n2.0_b4_r0.25,9140111,8,2.0,4,0.25,433,spatial_36,OK,0.07882606300017869,True,True,0.5629819873324001,1.2147812407799607,2.9804646272267385,0.8983833718244804,0.930715935334873,0.5243466854498374,1.0,1.3546528453269893,0.6059034891616841,1.342970937368065,,self-report; not geometry-derived layer count or success,0.7231039955111164,1.003478687496222,0.5629819873324001,0.8729792147806005,8.297763887316217,0.2977638873162167,1.037220485914527
development,s9140111_g8_n2.0_b4_r0.25,9140111,8,2.0,4,0.25,433,spatial_108,OK,0.22670002600011685,True,True,0.5629819873323997,1.2147812407799605,2.9804646272267385,0.8983833718244804,0.930715935334873,0.5243466854498371,1.0,1.354652845326989,0.6059034891616838,1.342970937368065,,self-report; not geometry-derived layer count or success,0.7231039955111159,1.0034786874962218,0.5629819873323997,0.8729792147806005,8.297763887316217,0.2977638873162167,1.037220485914527
development,s9140111_g8_n2.0_b4_r0.25,9140111,8,2.0,4,0.25,433,apss_0.5,OK,0.003486350000002858,True,True,1.693290154359347,2.1528720068008784,4.1023704115742605,0.3787528868360277,0.745958429561201,1.452473851396534,1.0,2.2451619147228805,1.7419010143154858,2.2398057492684433,,self-report; not geometry-derived layer count or success,1.8052780851932189,1.9568928459117736,1.693290154359347,0.8729792147806005,8.164915253902498,0.16491525390249784,1.0206144067378122
development,s9140111_g8_n2.0_b4_r0.25,9140111,8,2.0,4,0.25,433,apss_1.0,OK,0.003649492000022292,True,True,1.5907805489062774,2.060212978340112,3.8889796044098714,0.4064665127020785,0.7551963048498845,1.4226432189804346,1.0,2.151992799487746,1.636609508767737,2.1450109010746,,self-report; not geometry-derived layer count or success,1.6729435507565982,1.759864214741001,1.5907805489062774,0.8729792147806005,8.15989668815184,0.15989668815183933,1.01998708601898
development,s9140111_g8_n2.0_b4_r0.25,9140111,8,2.0,4,0.25,433,apss_2.0,OK,0.005313196999850334,True,True,1.0836146149516883,1.5745585491578429,3.369476092172065,0.6327944572748267,0.8937644341801386,1.0419270615011045,1.0,1.689347328780529,1.1265361167809722,1.6800308743393717,,self-report; not geometry-derived layer count or success,1.182146054176509,1.3151797718133453,1.0836146149516883,0.8729792147806005,8.162318799136948,0.1623187991369477,1.0202898498921185
development,s9140111_g8_n2.0_b4_r0.25,9140111,8,2.0,4,0.25,433,apss_4.0,OK,0.005930670999987342,True,True,0.802329650764128,1.3622329043948116,3.1808303250837384,0.792147806004619,0.9076212471131639,0.7799524970114513,1.0,1.4964931639136916,0.8452511525934119,1.4858213517770846,,self-report; not geometry-derived layer count or success,0.9715590968006211,1.2737211953736685,0.802329650764128,0.8729792147806005,8.038098869784285,0.03809886978428523,1.0047623587230357
development,s9140111_g8_n2.0_b4_r0.25,9140111,8,2.0,4,0.25,433,apss_8.0,OK,0.007669549999945957,True,True,0.8362224787139212,1.4179679710038025,3.2937809674074536,0.7713625866050808,0.8914549653579676,0.8120404516697954,1.0,1.5527749783836697,0.8817622903641193,1.537155287796151,,self-report; not geometry-derived layer count or success,1.0140691738369958,1.330582326012441,0.8362224787139212,0.8729792147806005,7.751126905904453,0.24887309409554703,0.9688908632380566
development,s9140111_g8_n2.0_b4_r0.25,9140111,8,2.0,4,0.25,433,rimls_0.5,OK,0.0038161929999205313,True,True,1.694207863997167,2.1531230523278535,4.102402082719658,0.3787528868360277,0.7482678983833718,1.4534577401540847,1.0,2.245470954926054,1.7428187239533057,2.240039989232875,,self-report; not geometry-derived layer count or success,1.8066866518093494,1.9594756725920397,1.694207863997167,0.8729792147806005,8.165132299381769,0.165132299381769,1.0206415374227211
development,s9140111_g8_n2.0_b4_r0.25,9140111,8,2.0,4,0.25,433,rimls_1.0,OK,0.004435986999851593,True,True,1.5963505743334048,2.0682882151229536,3.9227876752154778,0.3972286374133949,0.7505773672055427,1.4341693130845847,1.0,2.169549772568969,1.643304014646339,2.1554022319952075,,self-report; not geometry-derived layer count or success,1.6830372765656285,1.7780897760742054,1.5963505743334048,0.8729792147806005,8.15168785540521,0.15168785540521057,1.0189609819256513
development,s9140111_g8_n2.0_b4_r0.25,9140111,8,2.0,4,0.25,433,rimls_2.0,OK,0.006879126999820073,True,True,1.126093908277287,1.621393393208288,3.448625524884857,0.5796766743648961,0.8799076212471132,1.1200666667664432,1.0,1.7675122615705214,1.1695546404342825,1.7253735133350605,,self-report; not geometry-derived layer count or success,1.215637377902652,1.325879506763448,1.126093908277287,0.8729792147806005,8.177204314025133,0.1772043140251327,1.0221505392531416
development,s9140111_g8_n2.0_b4_r0.25,9140111,8,2.0,4,0.25,433,rimls_4.0,OK,0.01275946800001293,True,True,0.8302013811574607,1.365357892086531,3.0932463565179065,0.7713625866050808,0.9122401847575058,0.8360223076168427,1.0,1.5134652456591253,0.8731228829867447,1.48589998668327,,self-report; not geometry-derived layer count or success,1.0005503750965428,1.3053907291492641,0.8302013811574607,0.8729792147806005,8.182188955568552,0.1821889555685523,1.022773619446069
development,s9140111_g8_n2.0_b4_r0.25,9140111,8,2.0,4,0.25,433,rimls_8.0,OK,0.0297492599997895,True,True,0.8713292006985943,1.399039701743636,3.203429773082602,0.7713625866050808,0.8983833718244804,0.859266487547271,1.0,1.5411791600736233,0.9142507025278784,1.5180065993119543,,self-report; not geometry-derived layer count or success,1.0716971300450309,1.448350738414794,0.8713292006985943,0.8729792147806005,8.17042059765046,0.1704205976504607,1.0213025747063076
