case,seed,f_big,n_calibration,selector,subset,n,n_rejected,rejection_rate,max_bh_margin,bh_rejections,p_floor_min,p_floor_max,observation_sha256,selector_input_sha256,calibration_prefix_sha256,p_sha256
seed101_fbig0.01,101,0.01,2000,bh,all,20000,0,0.0,-0.001396533523537803,0,0.0014265335235378032,0.0015479876160990713,9dbb04e605684f7ccb433fbf9b27265326a11da9535ef7ffd7c52cf7279fb194,ca0b6541ce6148c8f60aaa161c06eaf4a173602c4497e4d4dd80798040c4552d,4cd9a2257d7b02dbe050d012183e8b2b2ff0823f895fad9c80ac37bc18fec0bb,0ff4e60508fee6b534a005c264289c378c15100a963ce0c035e3ba2446cf88ff
seed101_fbig0.01,101,0.01,2000,bh,big,190,0,0.0,-0.001396533523537803,0,0.0014265335235378032,0.0015479876160990713,9dbb04e605684f7ccb433fbf9b27265326a11da9535ef7ffd7c52cf7279fb194,ca0b6541ce6148c8f60aaa161c06eaf4a173602c4497e4d4dd80798040c4552d,4cd9a2257d7b02dbe050d012183e8b2b2ff0823f895fad9c80ac37bc18fec0bb,0ff4e60508fee6b534a005c264289c378c15100a963ce0c035e3ba2446cf88ff
seed101_fbig0.01,101,0.01,2000,bh,within_tolerance,19579,0,0.0,-0.001396533523537803,0,0.0014265335235378032,0.0015479876160990713,9dbb04e605684f7ccb433fbf9b27265326a11da9535ef7ffd7c52cf7279fb194,ca0b6541ce6148c8f60aaa161c06eaf4a173602c4497e4d4dd80798040c4552d,4cd9a2257d7b02dbe050d012183e8b2b2ff0823f895fad9c80ac37bc18fec0bb,0ff4e60508fee6b534a005c264289c378c15100a963ce0c035e3ba2446cf88ff
seed101_fbig0.01,101,0.01,2000,bh,outside_tolerance,421,0,0.0,-0.001396533523537803,0,0.0014265335235378032,0.0015479876160990713,9dbb04e605684f7ccb433fbf9b27265326a11da9535ef7ffd7c52cf7279fb194,ca0b6541ce6148c8f60aaa161c06eaf4a173602c4497e4d4dd80798040c4552d,4cd9a2257d7b02dbe050d012183e8b2b2ff0823f895fad9c80ac37bc18fec0bb,0ff4e60508fee6b534a005c264289c378c15100a963ce0c035e3ba2446cf88ff
seed101_fbig0.01,101,0.01,2000,bh,misfit,540,0,0.0,-0.001396533523537803,0,0.0014265335235378032,0.0015479876160990713,9dbb04e605684f7ccb433fbf9b27265326a11da9535ef7ffd7c52cf7279fb194,ca0b6541ce6148c8f60aaa161c06eaf4a173602c4497e4d4dd80798040c4552d,4cd9a2257d7b02dbe050d012183e8b2b2ff0823f895fad9c80ac37bc18fec0bb,0ff4e60508fee6b534a005c264289c378c15100a963ce0c035e3ba2446cf88ff
seed101_fbig0.01,101,0.01,2000,bh,twosheet_back,1000,0,0.0,-0.001396533523537803,0,0.0014265335235378032,0.0015479876160990713,9dbb04e605684f7ccb433fbf9b27265326a11da9535ef7ffd7c52cf7279fb194,ca0b6541ce6148c8f60aaa161c06eaf4a173602c4497e4d4dd80798040c4552d,4cd9a2257d7b02dbe050d012183e8b2b2ff0823f895fad9c80ac37bc18fec0bb,0ff4e60508fee6b534a005c264289c378c15100a963ce0c035e3ba2446cf88ff
seed101_fbig0.01,101,0.01,2000,bh,twosheet_front,1000,0,0.0,-0.001396533523537803,0,0.0014265335235378032,0.0015479876160990713,9dbb04e605684f7ccb433fbf9b27265326a11da9535ef7ffd7c52cf7279fb194,ca0b6541ce6148c8f60aaa161c06eaf4a173602c4497e4d4dd80798040c4552d,4cd9a2257d7b02dbe050d012183e8b2b2ff0823f895fad9c80ac37bc18fec0bb,0ff4e60508fee6b534a005c264289c378c15100a963ce0c035e3ba2446cf88ff
seed101_fbig0.01,101,0.01,2000,bh,base,17270,0,0.0,-0.001396533523537803,0,0.0014265335235378032,0.0015479876160990713,9dbb04e605684f7ccb433fbf9b27265326a11da9535ef7ffd7c52cf7279fb194,ca0b6541ce6148c8f60aaa161c06eaf4a173602c4497e4d4dd80798040c4552d,4cd9a2257d7b02dbe050d012183e8b2b2ff0823f895fad9c80ac37bc18fec0bb,0ff4e60508fee6b534a005c264289c378c15100a963ce0c035e3ba2446cf88ff
seed101_fbig0.01,101,0.01,2000,bh,wrong_association,2562,0,0.0,-0.001396533523537803,0,0.0014265335235378032,0.0015479876160990713,9dbb04e605684f7ccb433fbf9b27265326a11da9535ef7ffd7c52cf7279fb194,ca0b6541ce6148c8f60aaa161c06eaf4a173602c4497e4d4dd80798040c4552d,4cd9a2257d7b02dbe050d012183e8b2b2ff0823f895fad9c80ac37bc18fec0bb,0ff4e60508fee6b534a005c264289c378c15100a963ce0c035e3ba2446cf88ff
seed101_fbig0.01,101,0.01,2000,bh,misfit_within_tolerance,532,0,0.0,-0.001396533523537803,0,0.0014265335235378032,0.0015479876160990713,9dbb04e605684f7ccb433fbf9b27265326a11da9535ef7ffd7c52cf7279fb194,ca0b6541ce6148c8f60aaa161c06eaf4a173602c4497e4d4dd80798040c4552d,4cd9a2257d7b02dbe050d012183e8b2b2ff0823f895fad9c80ac37bc18fec0bb,0ff4e60508fee6b534a005c264289c378c15100a963ce0c035e3ba2446cf88ff
seed101_fbig0.01,101,0.01,2000,bh,back_within_tolerance,989,0,0.0,-0.001396533523537803,0,0.0014265335235378032,0.0015479876160990713,9dbb04e605684f7ccb433fbf9b27265326a11da9535ef7ffd7c52cf7279fb194,ca0b6541ce6148c8f60aaa161c06eaf4a173602c4497e4d4dd80798040c4552d,4cd9a2257d7b02dbe050d012183e8b2b2ff0823f895fad9c80ac37bc18fec0bb,0ff4e60508fee6b534a005c264289c378c15100a963ce0c035e3ba2446cf88ff
seed101_fbig0.01,101,0.01,2000,pointwise,all,20000,3199,0.15995,-0.001396533523537803,0,0.0014265335235378032,0.0015479876160990713,9dbb04e605684f7ccb433fbf9b27265326a11da9535ef7ffd7c52cf7279fb194,ca0b6541ce6148c8f60aaa161c06eaf4a173602c4497e4d4dd80798040c4552d,4cd9a2257d7b02dbe050d012183e8b2b2ff0823f895fad9c80ac37bc18fec0bb,0ff4e60508fee6b534a005c264289c378c15100a963ce0c035e3ba2446cf88ff
seed101_fbig0.01,101,0.01,2000,pointwise,big,190,158,0.8315789473684211,-0.001396533523537803,0,0.0014265335235378032,0.0015479876160990713,9dbb04e605684f7ccb433fbf9b27265326a11da9535ef7ffd7c52cf7279fb194,ca0b6541ce6148c8f60aaa161c06eaf4a173602c4497e4d4dd80798040c4552d,4cd9a2257d7b02dbe050d012183e8b2b2ff0823f895fad9c80ac37bc18fec0bb,0ff4e60508fee6b534a005c264289c378c15100a963ce0c035e3ba2446cf88ff
seed101_fbig0.01,101,0.01,2000,pointwise,within_tolerance,19579,2936,0.1499565861382093,-0.001396533523537803,0,0.0014265335235378032,0.0015479876160990713,9dbb04e605684f7ccb433fbf9b27265326a11da9535ef7ffd7c52cf7279fb194,ca0b6541ce6148c8f60aaa161c06eaf4a173602c4497e4d4dd80798040c4552d,4cd9a2257d7b02dbe050d012183e8b2b2ff0823f895fad9c80ac37bc18fec0bb,0ff4e60508fee6b534a005c264289c378c15100a963ce0c035e3ba2446cf88ff
seed101_fbig0.01,101,0.01,2000,pointwise,outside_tolerance,421,263,0.6247030878859857,-0.001396533523537803,0,0.0014265335235378032,0.0015479876160990713,9dbb04e605684f7ccb433fbf9b27265326a11da9535ef7ffd7c52cf7279fb194,ca0b6541ce6148c8f60aaa161c06eaf4a173602c4497e4d4dd80798040c4552d,4cd9a2257d7b02dbe050d012183e8b2b2ff0823f895fad9c80ac37bc18fec0bb,0ff4e60508fee6b534a005c264289c378c15100a963ce0c035e3ba2446cf88ff
seed101_fbig0.01,101,0.01,2000,pointwise,misfit,540,426,0.7888888888888889,-0.001396533523537803,0,0.0014265335235378032,0.0015479876160990713,9dbb04e605684f7ccb433fbf9b27265326a11da9535ef7ffd7c52cf7279fb194,ca0b6541ce6148c8f60aaa161c06eaf4a173602c4497e4d4dd80798040c4552d,4cd9a2257d7b02dbe050d012183e8b2b2ff0823f895fad9c80ac37bc18fec0bb,0ff4e60508fee6b534a005c264289c378c15100a963ce0c035e3ba2446cf88ff
seed101_fbig0.01,101,0.01,2000,pointwise,twosheet_back,1000,779,0.779,-0.001396533523537803,0,0.0014265335235378032,0.0015479876160990713,9dbb04e605684f7ccb433fbf9b27265326a11da9535ef7ffd7c52cf7279fb194,ca0b6541ce6148c8f60aaa161c06eaf4a173602c4497e4d4dd80798040c4552d,4cd9a2257d7b02dbe050d012183e8b2b2ff0823f895fad9c80ac37bc18fec0bb,0ff4e60508fee6b534a005c264289c378c15100a963ce0c035e3ba2446cf88ff
seed101_fbig0.01,101,0.01,2000,pointwise,twosheet_front,1000,95,0.095,-0.001396533523537803,0,0.0014265335235378032,0.0015479876160990713,9dbb04e605684f7ccb433fbf9b27265326a11da9535ef7ffd7c52cf7279fb194,ca0b6541ce6148c8f60aaa161c06eaf4a173602c4497e4d4dd80798040c4552d,4cd9a2257d7b02dbe050d012183e8b2b2ff0823f895fad9c80ac37bc18fec0bb,0ff4e60508fee6b534a005c264289c378c15100a963ce0c035e3ba2446cf88ff
seed101_fbig0.01,101,0.01,2000,pointwise,base,17270,1741,0.10081065431383902,-0.001396533523537803,0,0.0014265335235378032,0.0015479876160990713,9dbb04e605684f7ccb433fbf9b27265326a11da9535ef7ffd7c52cf7279fb194,ca0b6541ce6148c8f60aaa161c06eaf4a173602c4497e4d4dd80798040c4552d,4cd9a2257d7b02dbe050d012183e8b2b2ff0823f895fad9c80ac37bc18fec0bb,0ff4e60508fee6b534a005c264289c378c15100a963ce0c035e3ba2446cf88ff
seed101_fbig0.01,101,0.01,2000,pointwise,wrong_association,2562,411,0.16042154566744732,-0.001396533523537803,0,0.0014265335235378032,0.0015479876160990713,9dbb04e605684f7ccb433fbf9b27265326a11da9535ef7ffd7c52cf7279fb194,ca0b6541ce6148c8f60aaa161c06eaf4a173602c4497e4d4dd80798040c4552d,4cd9a2257d7b02dbe050d012183e8b2b2ff0823f895fad9c80ac37bc18fec0bb,0ff4e60508fee6b534a005c264289c378c15100a963ce0c035e3ba2446cf88ff
seed101_fbig0.01,101,0.01,2000,pointwise,misfit_within_tolerance,532,420,0.7894736842105263,-0.001396533523537803,0,0.0014265335235378032,0.0015479876160990713,9dbb04e605684f7ccb433fbf9b27265326a11da9535ef7ffd7c52cf7279fb194,ca0b6541ce6148c8f60aaa161c06eaf4a173602c4497e4d4dd80798040c4552d,4cd9a2257d7b02dbe050d012183e8b2b2ff0823f895fad9c80ac37bc18fec0bb,0ff4e60508fee6b534a005c264289c378c15100a963ce0c035e3ba2446cf88ff
seed101_fbig0.01,101,0.01,2000,pointwise,back_within_tolerance,989,769,0.7775530839231547,-0.001396533523537803,0,0.0014265335235378032,0.0015479876160990713,9dbb04e605684f7ccb433fbf9b27265326a11da9535ef7ffd7c52cf7279fb194,ca0b6541ce6148c8f60aaa161c06eaf4a173602c4497e4d4dd80798040c4552d,4cd9a2257d7b02dbe050d012183e8b2b2ff0823f895fad9c80ac37bc18fec0bb,0ff4e60508fee6b534a005c264289c378c15100a963ce0c035e3ba2446cf88ff
seed101_fbig0.01,101,0.01,8000,bh,all,20000,0,0.0,-0.0003507823507601038,0,0.00036845983787767134,0.00038580246913580245,9dbb04e605684f7ccb433fbf9b27265326a11da9535ef7ffd7c52cf7279fb194,ca0b6541ce6148c8f60aaa161c06eaf4a173602c4497e4d4dd80798040c4552d,9306451f3c299664e0863611178895a40a5e23f2cd1fd7f783838b736f3dfbfd,813058ad9e4384eeaaf6222ed43f87339030bde7bcb2623e06ab602d89e38e73
seed101_fbig0.01,101,0.01,8000,bh,big,190,0,0.0,-0.0003507823507601038,0,0.00036845983787767134,0.00038580246913580245,9dbb04e605684f7ccb433fbf9b27265326a11da9535ef7ffd7c52cf7279fb194,ca0b6541ce6148c8f60aaa161c06eaf4a173602c4497e4d4dd80798040c4552d,9306451f3c299664e0863611178895a40a5e23f2cd1fd7f783838b736f3dfbfd,813058ad9e4384eeaaf6222ed43f87339030bde7bcb2623e06ab602d89e38e73
seed101_fbig0.01,101,0.01,8000,bh,within_tolerance,19579,0,0.0,-0.0003507823507601038,0,0.00036845983787767134,0.00038580246913580245,9dbb04e605684f7ccb433fbf9b27265326a11da9535ef7ffd7c52cf7279fb194,ca0b6541ce6148c8f60aaa161c06eaf4a173602c4497e4d4dd80798040c4552d,9306451f3c299664e0863611178895a40a5e23f2cd1fd7f783838b736f3dfbfd,813058ad9e4384eeaaf6222ed43f87339030bde7bcb2623e06ab602d89e38e73
seed101_fbig0.01,101,0.01,8000,bh,outside_tolerance,421,0,0.0,-0.0003507823507601038,0,0.00036845983787767134,0.00038580246913580245,9dbb04e605684f7ccb433fbf9b27265326a11da9535ef7ffd7c52cf7279fb194,ca0b6541ce6148c8f60aaa161c06eaf4a173602c4497e4d4dd80798040c4552d,9306451f3c299664e0863611178895a40a5e23f2cd1fd7f783838b736f3dfbfd,813058ad9e4384eeaaf6222ed43f87339030bde7bcb2623e06ab602d89e38e73
seed101_fbig0.01,101,0.01,8000,bh,misfit,540,0,0.0,-0.0003507823507601038,0,0.00036845983787767134,0.00038580246913580245,9dbb04e605684f7ccb433fbf9b27265326a11da9535ef7ffd7c52cf7279fb194,ca0b6541ce6148c8f60aaa161c06eaf4a173602c4497e4d4dd80798040c4552d,9306451f3c299664e0863611178895a40a5e23f2cd1fd7f783838b736f3dfbfd,813058ad9e4384eeaaf6222ed43f87339030bde7bcb2623e06ab602d89e38e73
seed101_fbig0.01,101,0.01,8000,bh,twosheet_back,1000,0,0.0,-0.0003507823507601038,0,0.00036845983787767134,0.00038580246913580245,9dbb04e605684f7ccb433fbf9b27265326a11da9535ef7ffd7c52cf7279fb194,ca0b6541ce6148c8f60aaa161c06eaf4a173602c4497e4d4dd80798040c4552d,9306451f3c299664e0863611178895a40a5e23f2cd1fd7f783838b736f3dfbfd,813058ad9e4384eeaaf6222ed43f87339030bde7bcb2623e06ab602d89e38e73
seed101_fbig0.01,101,0.01,8000,bh,twosheet_front,1000,0,0.0,-0.0003507823507601038,0,0.00036845983787767134,0.00038580246913580245,9dbb04e605684f7ccb433fbf9b27265326a11da9535ef7ffd7c52cf7279fb194,ca0b6541ce6148c8f60aaa161c06eaf4a173602c4497e4d4dd80798040c4552d,9306451f3c299664e0863611178895a40a5e23f2cd1fd7f783838b736f3dfbfd,813058ad9e4384eeaaf6222ed43f87339030bde7bcb2623e06ab602d89e38e73
seed101_fbig0.01,101,0.01,8000,bh,base,17270,0,0.0,-0.0003507823507601038,0,0.00036845983787767134,0.00038580246913580245,9dbb04e605684f7ccb433fbf9b27265326a11da9535ef7ffd7c52cf7279fb194,ca0b6541ce6148c8f60aaa161c06eaf4a173602c4497e4d4dd80798040c4552d,9306451f3c299664e0863611178895a40a5e23f2cd1fd7f783838b736f3dfbfd,813058ad9e4384eeaaf6222ed43f87339030bde7bcb2623e06ab602d89e38e73
seed101_fbig0.01,101,0.01,8000,bh,wrong_association,2562,0,0.0,-0.0003507823507601038,0,0.00036845983787767134,0.00038580246913580245,9dbb04e605684f7ccb433fbf9b27265326a11da9535ef7ffd7c52cf7279fb194,ca0b6541ce6148c8f60aaa161c06eaf4a173602c4497e4d4dd80798040c4552d,9306451f3c299664e0863611178895a40a5e23f2cd1fd7f783838b736f3dfbfd,813058ad9e4384eeaaf6222ed43f87339030bde7bcb2623e06ab602d89e38e73
seed101_fbig0.01,101,0.01,8000,bh,misfit_within_tolerance,532,0,0.0,-0.0003507823507601038,0,0.00036845983787767134,0.00038580246913580245,9dbb04e605684f7ccb433fbf9b27265326a11da9535ef7ffd7c52cf7279fb194,ca0b6541ce6148c8f60aaa161c06eaf4a173602c4497e4d4dd80798040c4552d,9306451f3c299664e0863611178895a40a5e23f2cd1fd7f783838b736f3dfbfd,813058ad9e4384eeaaf6222ed43f87339030bde7bcb2623e06ab602d89e38e73
seed101_fbig0.01,101,0.01,8000,bh,back_within_tolerance,989,0,0.0,-0.0003507823507601038,0,0.00036845983787767134,0.00038580246913580245,9dbb04e605684f7ccb433fbf9b27265326a11da9535ef7ffd7c52cf7279fb194,ca0b6541ce6148c8f60aaa161c06eaf4a173602c4497e4d4dd80798040c4552d,9306451f3c299664e0863611178895a40a5e23f2cd1fd7f783838b736f3dfbfd,813058ad9e4384eeaaf6222ed43f87339030bde7bcb2623e06ab602d89e38e73
seed101_fbig0.01,101,0.01,8000,pointwise,all,20000,3118,0.1559,-0.0003507823507601038,0,0.00036845983787767134,0.00038580246913580245,9dbb04e605684f7ccb433fbf9b27265326a11da9535ef7ffd7c52cf7279fb194,ca0b6541ce6148c8f60aaa161c06eaf4a173602c4497e4d4dd80798040c4552d,9306451f3c299664e0863611178895a40a5e23f2cd1fd7f783838b736f3dfbfd,813058ad9e4384eeaaf6222ed43f87339030bde7bcb2623e06ab602d89e38e73
seed101_fbig0.01,101,0.01,8000,pointwise,big,190,156,0.8210526315789474,-0.0003507823507601038,0,0.00036845983787767134,0.00038580246913580245,9dbb04e605684f7ccb433fbf9b27265326a11da9535ef7ffd7c52cf7279fb194,ca0b6541ce6148c8f60aaa161c06eaf4a173602c4497e4d4dd80798040c4552d,9306451f3c299664e0863611178895a40a5e23f2cd1fd7f783838b736f3dfbfd,813058ad9e4384eeaaf6222ed43f87339030bde7bcb2623e06ab602d89e38e73
seed101_fbig0.01,101,0.01,8000,pointwise,within_tolerance,19579,2855,0.14581950048521375,-0.0003507823507601038,0,0.00036845983787767134,0.00038580246913580245,9dbb04e605684f7ccb433fbf9b27265326a11da9535ef7ffd7c52cf7279fb194,ca0b6541ce6148c8f60aaa161c06eaf4a173602c4497e4d4dd80798040c4552d,9306451f3c299664e0863611178895a40a5e23f2cd1fd7f783838b736f3dfbfd,813058ad9e4384eeaaf6222ed43f87339030bde7bcb2623e06ab602d89e38e73
seed101_fbig0.01,101,0.01,8000,pointwise,outside_tolerance,421,263,0.6247030878859857,-0.0003507823507601038,0,0.00036845983787767134,0.00038580246913580245,9dbb04e605684f7ccb433fbf9b27265326a11da9535ef7ffd7c52cf7279fb194,ca0b6541ce6148c8f60aaa161c06eaf4a173602c4497e4d4dd80798040c4552d,9306451f3c299664e0863611178895a40a5e23f2cd1fd7f783838b736f3dfbfd,813058ad9e4384eeaaf6222ed43f87339030bde7bcb2623e06ab602d89e38e73
seed101_fbig0.01,101,0.01,8000,pointwise,misfit,540,426,0.7888888888888889,-0.0003507823507601038,0,0.00036845983787767134,0.00038580246913580245,9dbb04e605684f7ccb433fbf9b27265326a11da9535ef7ffd7c52cf7279fb194,ca0b6541ce6148c8f60aaa161c06eaf4a173602c4497e4d4dd80798040c4552d,9306451f3c299664e0863611178895a40a5e23f2cd1fd7f783838b736f3dfbfd,813058ad9e4384eeaaf6222ed43f87339030bde7bcb2623e06ab602d89e38e73
seed101_fbig0.01,101,0.01,8000,pointwise,twosheet_back,1000,790,0.79,-0.0003507823507601038,0,0.00036845983787767134,0.00038580246913580245,9dbb04e605684f7ccb433fbf9b27265326a11da9535ef7ffd7c52cf7279fb194,ca0b6541ce6148c8f60aaa161c06eaf4a173602c4497e4d4dd80798040c4552d,9306451f3c299664e0863611178895a40a5e23f2cd1fd7f783838b736f3dfbfd,813058ad9e4384eeaaf6222ed43f87339030bde7bcb2623e06ab602d89e38e73
seed101_fbig0.01,101,0.01,8000,pointwise,twosheet_front,1000,95,0.095,-0.0003507823507601038,0,0.00036845983787767134,0.00038580246913580245,9dbb04e605684f7ccb433fbf9b27265326a11da9535ef7ffd7c52cf7279fb194,ca0b6541ce6148c8f60aaa161c06eaf4a173602c4497e4d4dd80798040c4552d,9306451f3c299664e0863611178895a40a5e23f2cd1fd7f783838b736f3dfbfd,813058ad9e4384eeaaf6222ed43f87339030bde7bcb2623e06ab602d89e38e73
seed101_fbig0.01,101,0.01,8000,pointwise,base,17270,1651,0.09559930515344528,-0.0003507823507601038,0,0.00036845983787767134,0.00038580246913580245,9dbb04e605684f7ccb433fbf9b27265326a11da9535ef7ffd7c52cf7279fb194,ca0b6541ce6148c8f60aaa161c06eaf4a173602c4497e4d4dd80798040c4552d,9306451f3c299664e0863611178895a40a5e23f2cd1fd7f783838b736f3dfbfd,813058ad9e4384eeaaf6222ed43f87339030bde7bcb2623e06ab602d89e38e73
seed101_fbig0.01,101,0.01,8000,pointwise,wrong_association,2562,412,0.16081186572989853,-0.0003507823507601038,0,0.00036845983787767134,0.00038580246913580245,9dbb04e605684f7ccb433fbf9b27265326a11da9535ef7ffd7c52cf7279fb194,ca0b6541ce6148c8f60aaa161c06eaf4a173602c4497e4d4dd80798040c4552d,9306451f3c299664e0863611178895a40a5e23f2cd1fd7f783838b736f3dfbfd,813058ad9e4384eeaaf6222ed43f87339030bde7bcb2623e06ab602d89e38e73
seed101_fbig0.01,101,0.01,8000,pointwise,misfit_within_tolerance,532,420,0.7894736842105263,-0.0003507823507601038,0,0.00036845983787767134,0.00038580246913580245,9dbb04e605684f7ccb433fbf9b27265326a11da9535ef7ffd7c52cf7279fb194,ca0b6541ce6148c8f60aaa161c06eaf4a173602c4497e4d4dd80798040c4552d,9306451f3c299664e0863611178895a40a5e23f2cd1fd7f783838b736f3dfbfd,813058ad9e4384eeaaf6222ed43f87339030bde7bcb2623e06ab602d89e38e73
seed101_fbig0.01,101,0.01,8000,pointwise,back_within_tolerance,989,780,0.788675429726997,-0.0003507823507601038,0,0.00036845983787767134,0.00038580246913580245,9dbb04e605684f7ccb433fbf9b27265326a11da9535ef7ffd7c52cf7279fb194,ca0b6541ce6148c8f60aaa161c06eaf4a173602c4497e4d4dd80798040c4552d,9306451f3c299664e0863611178895a40a5e23f2cd1fd7f783838b736f3dfbfd,813058ad9e4384eeaaf6222ed43f87339030bde7bcb2623e06ab602d89e38e73
seed101_fbig0.01,101,0.01,32000,bh,all,20000,0,0.0,-8.12186086789185e-05,0,9.18526683200147e-05,9.62186086789185e-05,9dbb04e605684f7ccb433fbf9b27265326a11da9535ef7ffd7c52cf7279fb194,ca0b6541ce6148c8f60aaa161c06eaf4a173602c4497e4d4dd80798040c4552d,3656b7dcf91105268a03cc2cbc05395a546feac5fda012412f166589d431dd27,cf35e384caccfd03ff184043ffe4dcb54e20ffc8fea7555aca771f66aa41ecc5
seed101_fbig0.01,101,0.01,32000,bh,big,190,0,0.0,-8.12186086789185e-05,0,9.18526683200147e-05,9.62186086789185e-05,9dbb04e605684f7ccb433fbf9b27265326a11da9535ef7ffd7c52cf7279fb194,ca0b6541ce6148c8f60aaa161c06eaf4a173602c4497e4d4dd80798040c4552d,3656b7dcf91105268a03cc2cbc05395a546feac5fda012412f166589d431dd27,cf35e384caccfd03ff184043ffe4dcb54e20ffc8fea7555aca771f66aa41ecc5
seed101_fbig0.01,101,0.01,32000,bh,within_tolerance,19579,0,0.0,-8.12186086789185e-05,0,9.18526683200147e-05,9.62186086789185e-05,9dbb04e605684f7ccb433fbf9b27265326a11da9535ef7ffd7c52cf7279fb194,ca0b6541ce6148c8f60aaa161c06eaf4a173602c4497e4d4dd80798040c4552d,3656b7dcf91105268a03cc2cbc05395a546feac5fda012412f166589d431dd27,cf35e384caccfd03ff184043ffe4dcb54e20ffc8fea7555aca771f66aa41ecc5
seed101_fbig0.01,101,0.01,32000,bh,outside_tolerance,421,0,0.0,-8.12186086789185e-05,0,9.18526683200147e-05,9.62186086789185e-05,9dbb04e605684f7ccb433fbf9b27265326a11da9535ef7ffd7c52cf7279fb194,ca0b6541ce6148c8f60aaa161c06eaf4a173602c4497e4d4dd80798040c4552d,3656b7dcf91105268a03cc2cbc05395a546feac5fda012412f166589d431dd27,cf35e384caccfd03ff184043ffe4dcb54e20ffc8fea7555aca771f66aa41ecc5
seed101_fbig0.01,101,0.01,32000,bh,misfit,540,0,0.0,-8.12186086789185e-05,0,9.18526683200147e-05,9.62186086789185e-05,9dbb04e605684f7ccb433fbf9b27265326a11da9535ef7ffd7c52cf7279fb194,ca0b6541ce6148c8f60aaa161c06eaf4a173602c4497e4d4dd80798040c4552d,3656b7dcf91105268a03cc2cbc05395a546feac5fda012412f166589d431dd27,cf35e384caccfd03ff184043ffe4dcb54e20ffc8fea7555aca771f66aa41ecc5
seed101_fbig0.01,101,0.01,32000,bh,twosheet_back,1000,0,0.0,-8.12186086789185e-05,0,9.18526683200147e-05,9.62186086789185e-05,9dbb04e605684f7ccb433fbf9b27265326a11da9535ef7ffd7c52cf7279fb194,ca0b6541ce6148c8f60aaa161c06eaf4a173602c4497e4d4dd80798040c4552d,3656b7dcf91105268a03cc2cbc05395a546feac5fda012412f166589d431dd27,cf35e384caccfd03ff184043ffe4dcb54e20ffc8fea7555aca771f66aa41ecc5
seed101_fbig0.01,101,0.01,32000,bh,twosheet_front,1000,0,0.0,-8.12186086789185e-05,0,9.18526683200147e-05,9.62186086789185e-05,9dbb04e605684f7ccb433fbf9b27265326a11da9535ef7ffd7c52cf7279fb194,ca0b6541ce6148c8f60aaa161c06eaf4a173602c4497e4d4dd80798040c4552d,3656b7dcf91105268a03cc2cbc05395a546feac5fda012412f166589d431dd27,cf35e384caccfd03ff184043ffe4dcb54e20ffc8fea7555aca771f66aa41ecc5
seed101_fbig0.01,101,0.01,32000,bh,base,17270,0,0.0,-8.12186086789185e-05,0,9.18526683200147e-05,9.62186086789185e-05,9dbb04e605684f7ccb433fbf9b27265326a11da9535ef7ffd7c52cf7279fb194,ca0b6541ce6148c8f60aaa161c06eaf4a173602c4497e4d4dd80798040c4552d,3656b7dcf91105268a03cc2cbc05395a546feac5fda012412f166589d431dd27,cf35e384caccfd03ff184043ffe4dcb54e20ffc8fea7555aca771f66aa41ecc5
seed101_fbig0.01,101,0.01,32000,bh,wrong_association,2562,0,0.0,-8.12186086789185e-05,0,9.18526683200147e-05,9.62186086789185e-05,9dbb04e605684f7ccb433fbf9b27265326a11da9535ef7ffd7c52cf7279fb194,ca0b6541ce6148c8f60aaa161c06eaf4a173602c4497e4d4dd80798040c4552d,3656b7dcf91105268a03cc2cbc05395a546feac5fda012412f166589d431dd27,cf35e384caccfd03ff184043ffe4dcb54e20ffc8fea7555aca771f66aa41ecc5
seed101_fbig0.01,101,0.01,32000,bh,misfit_within_tolerance,532,0,0.0,-8.12186086789185e-05,0,9.18526683200147e-05,9.62186086789185e-05,9dbb04e605684f7ccb433fbf9b27265326a11da9535ef7ffd7c52cf7279fb194,ca0b6541ce6148c8f60aaa161c06eaf4a173602c4497e4d4dd80798040c4552d,3656b7dcf91105268a03cc2cbc05395a546feac5fda012412f166589d431dd27,cf35e384caccfd03ff184043ffe4dcb54e20ffc8fea7555aca771f66aa41ecc5
seed101_fbig0.01,101,0.01,32000,bh,back_within_tolerance,989,0,0.0,-8.12186086789185e-05,0,9.18526683200147e-05,9.62186086789185e-05,9dbb04e605684f7ccb433fbf9b27265326a11da9535ef7ffd7c52cf7279fb194,ca0b6541ce6148c8f60aaa161c06eaf4a173602c4497e4d4dd80798040c4552d,3656b7dcf91105268a03cc2cbc05395a546feac5fda012412f166589d431dd27,cf35e384caccfd03ff184043ffe4dcb54e20ffc8fea7555aca771f66aa41ecc5
seed101_fbig0.01,101,0.01,32000,pointwise,all,20000,2855,0.14275,-8.12186086789185e-05,0,9.18526683200147e-05,9.62186086789185e-05,9dbb04e605684f7ccb433fbf9b27265326a11da9535ef7ffd7c52cf7279fb194,ca0b6541ce6148c8f60aaa161c06eaf4a173602c4497e4d4dd80798040c4552d,3656b7dcf91105268a03cc2cbc05395a546feac5fda012412f166589d431dd27,cf35e384caccfd03ff184043ffe4dcb54e20ffc8fea7555aca771f66aa41ecc5
seed101_fbig0.01,101,0.01,32000,pointwise,big,190,157,0.8263157894736842,-8.12186086789185e-05,0,9.18526683200147e-05,9.62186086789185e-05,9dbb04e605684f7ccb433fbf9b27265326a11da9535ef7ffd7c52cf7279fb194,ca0b6541ce6148c8f60aaa161c06eaf4a173602c4497e4d4dd80798040c4552d,3656b7dcf91105268a03cc2cbc05395a546feac5fda012412f166589d431dd27,cf35e384caccfd03ff184043ffe4dcb54e20ffc8fea7555aca771f66aa41ecc5
seed101_fbig0.01,101,0.01,32000,pointwise,within_tolerance,19579,2596,0.13259104142193165,-8.12186086789185e-05,0,9.18526683200147e-05,9.62186086789185e-05,9dbb04e605684f7ccb433fbf9b27265326a11da9535ef7ffd7c52cf7279fb194,ca0b6541ce6148c8f60aaa161c06eaf4a173602c4497e4d4dd80798040c4552d,3656b7dcf91105268a03cc2cbc05395a546feac5fda012412f166589d431dd27,cf35e384caccfd03ff184043ffe4dcb54e20ffc8fea7555aca771f66aa41ecc5
seed101_fbig0.01,101,0.01,32000,pointwise,outside_tolerance,421,259,0.6152019002375297,-8.12186086789185e-05,0,9.18526683200147e-05,9.62186086789185e-05,9dbb04e605684f7ccb433fbf9b27265326a11da9535ef7ffd7c52cf7279fb194,ca0b6541ce6148c8f60aaa161c06eaf4a173602c4497e4d4dd80798040c4552d,3656b7dcf91105268a03cc2cbc05395a546feac5fda012412f166589d431dd27,cf35e384caccfd03ff184043ffe4dcb54e20ffc8fea7555aca771f66aa41ecc5
seed101_fbig0.01,101,0.01,32000,pointwise,misfit,540,425,0.7870370370370371,-8.12186086789185e-05,0,9.18526683200147e-05,9.62186086789185e-05,9dbb04e605684f7ccb433fbf9b27265326a11da9535ef7ffd7c52cf7279fb194,ca0b6541ce6148c8f60aaa161c06eaf4a173602c4497e4d4dd80798040c4552d,3656b7dcf91105268a03cc2cbc05395a546feac5fda012412f166589d431dd27,cf35e384caccfd03ff184043ffe4dcb54e20ffc8fea7555aca771f66aa41ecc5
seed101_fbig0.01,101,0.01,32000,pointwise,twosheet_back,1000,791,0.791,-8.12186086789185e-05,0,9.18526683200147e-05,9.62186086789185e-05,9dbb04e605684f7ccb433fbf9b27265326a11da9535ef7ffd7c52cf7279fb194,ca0b6541ce6148c8f60aaa161c06eaf4a173602c4497e4d4dd80798040c4552d,3656b7dcf91105268a03cc2cbc05395a546feac5fda012412f166589d431dd27,cf35e384caccfd03ff184043ffe4dcb54e20ffc8fea7555aca771f66aa41ecc5
seed101_fbig0.01,101,0.01,32000,pointwise,twosheet_front,1000,73,0.073,-8.12186086789185e-05,0,9.18526683200147e-05,9.62186086789185e-05,9dbb04e605684f7ccb433fbf9b27265326a11da9535ef7ffd7c52cf7279fb194,ca0b6541ce6148c8f60aaa161c06eaf4a173602c4497e4d4dd80798040c4552d,3656b7dcf91105268a03cc2cbc05395a546feac5fda012412f166589d431dd27,cf35e384caccfd03ff184043ffe4dcb54e20ffc8fea7555aca771f66aa41ecc5
seed101_fbig0.01,101,0.01,32000,pointwise,base,17270,1409,0.0815865662999421,-8.12186086789185e-05,0,9.18526683200147e-05,9.62186086789185e-05,9dbb04e605684f7ccb433fbf9b27265326a11da9535ef7ffd7c52cf7279fb194,ca0b6541ce6148c8f60aaa161c06eaf4a173602c4497e4d4dd80798040c4552d,3656b7dcf91105268a03cc2cbc05395a546feac5fda012412f166589d431dd27,cf35e384caccfd03ff184043ffe4dcb54e20ffc8fea7555aca771f66aa41ecc5
seed101_fbig0.01,101,0.01,32000,pointwise,wrong_association,2562,370,0.1444184231069477,-8.12186086789185e-05,0,9.18526683200147e-05,9.62186086789185e-05,9dbb04e605684f7ccb433fbf9b27265326a11da9535ef7ffd7c52cf7279fb194,ca0b6541ce6148c8f60aaa161c06eaf4a173602c4497e4d4dd80798040c4552d,3656b7dcf91105268a03cc2cbc05395a546feac5fda012412f166589d431dd27,cf35e384caccfd03ff184043ffe4dcb54e20ffc8fea7555aca771f66aa41ecc5
seed101_fbig0.01,101,0.01,32000,pointwise,misfit_within_tolerance,532,419,0.7875939849624061,-8.12186086789185e-05,0,9.18526683200147e-05,9.62186086789185e-05,9dbb04e605684f7ccb433fbf9b27265326a11da9535ef7ffd7c52cf7279fb194,ca0b6541ce6148c8f60aaa161c06eaf4a173602c4497e4d4dd80798040c4552d,3656b7dcf91105268a03cc2cbc05395a546feac5fda012412f166589d431dd27,cf35e384caccfd03ff184043ffe4dcb54e20ffc8fea7555aca771f66aa41ecc5
seed101_fbig0.01,101,0.01,32000,pointwise,back_within_tolerance,989,781,0.7896865520728008,-8.12186086789185e-05,0,9.18526683200147e-05,9.62186086789185e-05,9dbb04e605684f7ccb433fbf9b27265326a11da9535ef7ffd7c52cf7279fb194,ca0b6541ce6148c8f60aaa161c06eaf4a173602c4497e4d4dd80798040c4552d,3656b7dcf91105268a03cc2cbc05395a546feac5fda012412f166589d431dd27,cf35e384caccfd03ff184043ffe4dcb54e20ffc8fea7555aca771f66aa41ecc5
seed101_fbig0.10,101,0.1,2000,bh,all,20000,0,0.0,-0.000692632398753894,0,0.001447178002894356,0.001557632398753894,24a4f1b40fd33eb61c2ce14d5ffb5ff4ff971784a1d60c3c7bdee6b3406f0c1a,48149eb4dce84200b5ad78d73a2e8d9d6025e14b317e694c5d86655bc864f849,ae5d789a2306f299b0a6dedf96a5a849790e5a130ec721e539b0ec05feef1788,c50927d40ab06c3418bfd32f48104e84085ad6d20057868f1574873a98b63183
seed101_fbig0.10,101,0.1,2000,bh,big,2007,0,0.0,-0.000692632398753894,0,0.001447178002894356,0.001557632398753894,24a4f1b40fd33eb61c2ce14d5ffb5ff4ff971784a1d60c3c7bdee6b3406f0c1a,48149eb4dce84200b5ad78d73a2e8d9d6025e14b317e694c5d86655bc864f849,ae5d789a2306f299b0a6dedf96a5a849790e5a130ec721e539b0ec05feef1788,c50927d40ab06c3418bfd32f48104e84085ad6d20057868f1574873a98b63183
seed101_fbig0.10,101,0.1,2000,bh,within_tolerance,17774,0,0.0,-0.000692632398753894,0,0.001447178002894356,0.001557632398753894,24a4f1b40fd33eb61c2ce14d5ffb5ff4ff971784a1d60c3c7bdee6b3406f0c1a,48149eb4dce84200b5ad78d73a2e8d9d6025e14b317e694c5d86655bc864f849,ae5d789a2306f299b0a6dedf96a5a849790e5a130ec721e539b0ec05feef1788,c50927d40ab06c3418bfd32f48104e84085ad6d20057868f1574873a98b63183
seed101_fbig0.10,101,0.1,2000,bh,outside_tolerance,2226,0,0.0,-0.000692632398753894,0,0.001447178002894356,0.001557632398753894,24a4f1b40fd33eb61c2ce14d5ffb5ff4ff971784a1d60c3c7bdee6b3406f0c1a,48149eb4dce84200b5ad78d73a2e8d9d6025e14b317e694c5d86655bc864f849,ae5d789a2306f299b0a6dedf96a5a849790e5a130ec721e539b0ec05feef1788,c50927d40ab06c3418bfd32f48104e84085ad6d20057868f1574873a98b63183
seed101_fbig0.10,101,0.1,2000,bh,misfit,540,0,0.0,-0.000692632398753894,0,0.001447178002894356,0.001557632398753894,24a4f1b40fd33eb61c2ce14d5ffb5ff4ff971784a1d60c3c7bdee6b3406f0c1a,48149eb4dce84200b5ad78d73a2e8d9d6025e14b317e694c5d86655bc864f849,ae5d789a2306f299b0a6dedf96a5a849790e5a130ec721e539b0ec05feef1788,c50927d40ab06c3418bfd32f48104e84085ad6d20057868f1574873a98b63183
seed101_fbig0.10,101,0.1,2000,bh,twosheet_back,1000,0,0.0,-0.000692632398753894,0,0.001447178002894356,0.001557632398753894,24a4f1b40fd33eb61c2ce14d5ffb5ff4ff971784a1d60c3c7bdee6b3406f0c1a,48149eb4dce84200b5ad78d73a2e8d9d6025e14b317e694c5d86655bc864f849,ae5d789a2306f299b0a6dedf96a5a849790e5a130ec721e539b0ec05feef1788,c50927d40ab06c3418bfd32f48104e84085ad6d20057868f1574873a98b63183
seed101_fbig0.10,101,0.1,2000,bh,twosheet_front,1000,0,0.0,-0.000692632398753894,0,0.001447178002894356,0.001557632398753894,24a4f1b40fd33eb61c2ce14d5ffb5ff4ff971784a1d60c3c7bdee6b3406f0c1a,48149eb4dce84200b5ad78d73a2e8d9d6025e14b317e694c5d86655bc864f849,ae5d789a2306f299b0a6dedf96a5a849790e5a130ec721e539b0ec05feef1788,c50927d40ab06c3418bfd32f48104e84085ad6d20057868f1574873a98b63183
seed101_fbig0.10,101,0.1,2000,bh,base,15453,0,0.0,-0.000692632398753894,0,0.001447178002894356,0.001557632398753894,24a4f1b40fd33eb61c2ce14d5ffb5ff4ff971784a1d60c3c7bdee6b3406f0c1a,48149eb4dce84200b5ad78d73a2e8d9d6025e14b317e694c5d86655bc864f849,ae5d789a2306f299b0a6dedf96a5a849790e5a130ec721e539b0ec05feef1788,c50927d40ab06c3418bfd32f48104e84085ad6d20057868f1574873a98b63183
seed101_fbig0.10,101,0.1,2000,bh,wrong_association,2676,0,0.0,-0.000692632398753894,0,0.001447178002894356,0.001557632398753894,24a4f1b40fd33eb61c2ce14d5ffb5ff4ff971784a1d60c3c7bdee6b3406f0c1a,48149eb4dce84200b5ad78d73a2e8d9d6025e14b317e694c5d86655bc864f849,ae5d789a2306f299b0a6dedf96a5a849790e5a130ec721e539b0ec05feef1788,c50927d40ab06c3418bfd32f48104e84085ad6d20057868f1574873a98b63183
seed101_fbig0.10,101,0.1,2000,bh,misfit_within_tolerance,530,0,0.0,-0.000692632398753894,0,0.001447178002894356,0.001557632398753894,24a4f1b40fd33eb61c2ce14d5ffb5ff4ff971784a1d60c3c7bdee6b3406f0c1a,48149eb4dce84200b5ad78d73a2e8d9d6025e14b317e694c5d86655bc864f849,ae5d789a2306f299b0a6dedf96a5a849790e5a130ec721e539b0ec05feef1788,c50927d40ab06c3418bfd32f48104e84085ad6d20057868f1574873a98b63183
seed101_fbig0.10,101,0.1,2000,bh,back_within_tolerance,992,0,0.0,-0.000692632398753894,0,0.001447178002894356,0.001557632398753894,24a4f1b40fd33eb61c2ce14d5ffb5ff4ff971784a1d60c3c7bdee6b3406f0c1a,48149eb4dce84200b5ad78d73a2e8d9d6025e14b317e694c5d86655bc864f849,ae5d789a2306f299b0a6dedf96a5a849790e5a130ec721e539b0ec05feef1788,c50927d40ab06c3418bfd32f48104e84085ad6d20057868f1574873a98b63183
seed101_fbig0.10,101,0.1,2000,pointwise,all,20000,4597,0.22985,-0.000692632398753894,0,0.001447178002894356,0.001557632398753894,24a4f1b40fd33eb61c2ce14d5ffb5ff4ff971784a1d60c3c7bdee6b3406f0c1a,48149eb4dce84200b5ad78d73a2e8d9d6025e14b317e694c5d86655bc864f849,ae5d789a2306f299b0a6dedf96a5a849790e5a130ec721e539b0ec05feef1788,c50927d40ab06c3418bfd32f48104e84085ad6d20057868f1574873a98b63183
seed101_fbig0.10,101,0.1,2000,pointwise,big,2007,1735,0.8644743398106627,-0.000692632398753894,0,0.001447178002894356,0.001557632398753894,24a4f1b40fd33eb61c2ce14d5ffb5ff4ff971784a1d60c3c7bdee6b3406f0c1a,48149eb4dce84200b5ad78d73a2e8d9d6025e14b317e694c5d86655bc864f849,ae5d789a2306f299b0a6dedf96a5a849790e5a130ec721e539b0ec05feef1788,c50927d40ab06c3418bfd32f48104e84085ad6d20057868f1574873a98b63183
seed101_fbig0.10,101,0.1,2000,pointwise,within_tolerance,17774,2772,0.15595814110498482,-0.000692632398753894,0,0.001447178002894356,0.001557632398753894,24a4f1b40fd33eb61c2ce14d5ffb5ff4ff971784a1d60c3c7bdee6b3406f0c1a,48149eb4dce84200b5ad78d73a2e8d9d6025e14b317e694c5d86655bc864f849,ae5d789a2306f299b0a6dedf96a5a849790e5a130ec721e539b0ec05feef1788,c50927d40ab06c3418bfd32f48104e84085ad6d20057868f1574873a98b63183
seed101_fbig0.10,101,0.1,2000,pointwise,outside_tolerance,2226,1825,0.8198562443845463,-0.000692632398753894,0,0.001447178002894356,0.001557632398753894,24a4f1b40fd33eb61c2ce14d5ffb5ff4ff971784a1d60c3c7bdee6b3406f0c1a,48149eb4dce84200b5ad78d73a2e8d9d6025e14b317e694c5d86655bc864f849,ae5d789a2306f299b0a6dedf96a5a849790e5a130ec721e539b0ec05feef1788,c50927d40ab06c3418bfd32f48104e84085ad6d20057868f1574873a98b63183
seed101_fbig0.10,101,0.1,2000,pointwise,misfit,540,430,0.7962962962962963,-0.000692632398753894,0,0.001447178002894356,0.001557632398753894,24a4f1b40fd33eb61c2ce14d5ffb5ff4ff971784a1d60c3c7bdee6b3406f0c1a,48149eb4dce84200b5ad78d73a2e8d9d6025e14b317e694c5d86655bc864f849,ae5d789a2306f299b0a6dedf96a5a849790e5a130ec721e539b0ec05feef1788,c50927d40ab06c3418bfd32f48104e84085ad6d20057868f1574873a98b63183
seed101_fbig0.10,101,0.1,2000,pointwise,twosheet_back,1000,785,0.785,-0.000692632398753894,0,0.001447178002894356,0.001557632398753894,24a4f1b40fd33eb61c2ce14d5ffb5ff4ff971784a1d60c3c7bdee6b3406f0c1a,48149eb4dce84200b5ad78d73a2e8d9d6025e14b317e694c5d86655bc864f849,ae5d789a2306f299b0a6dedf96a5a849790e5a130ec721e539b0ec05feef1788,c50927d40ab06c3418bfd32f48104e84085ad6d20057868f1574873a98b63183
seed101_fbig0.10,101,0.1,2000,pointwise,twosheet_front,1000,91,0.091,-0.000692632398753894,0,0.001447178002894356,0.001557632398753894,24a4f1b40fd33eb61c2ce14d5ffb5ff4ff971784a1d60c3c7bdee6b3406f0c1a,48149eb4dce84200b5ad78d73a2e8d9d6025e14b317e694c5d86655bc864f849,ae5d789a2306f299b0a6dedf96a5a849790e5a130ec721e539b0ec05feef1788,c50927d40ab06c3418bfd32f48104e84085ad6d20057868f1574873a98b63183
seed101_fbig0.10,101,0.1,2000,pointwise,base,15453,1556,0.10069242218339482,-0.000692632398753894,0,0.001447178002894356,0.001557632398753894,24a4f1b40fd33eb61c2ce14d5ffb5ff4ff971784a1d60c3c7bdee6b3406f0c1a,48149eb4dce84200b5ad78d73a2e8d9d6025e14b317e694c5d86655bc864f849,ae5d789a2306f299b0a6dedf96a5a849790e5a130ec721e539b0ec05feef1788,c50927d40ab06c3418bfd32f48104e84085ad6d20057868f1574873a98b63183
seed101_fbig0.10,101,0.1,2000,pointwise,wrong_association,2676,640,0.23916292974588937,-0.000692632398753894,0,0.001447178002894356,0.001557632398753894,24a4f1b40fd33eb61c2ce14d5ffb5ff4ff971784a1d60c3c7bdee6b3406f0c1a,48149eb4dce84200b5ad78d73a2e8d9d6025e14b317e694c5d86655bc864f849,ae5d789a2306f299b0a6dedf96a5a849790e5a130ec721e539b0ec05feef1788,c50927d40ab06c3418bfd32f48104e84085ad6d20057868f1574873a98b63183
seed101_fbig0.10,101,0.1,2000,pointwise,misfit_within_tolerance,530,421,0.7943396226415095,-0.000692632398753894,0,0.001447178002894356,0.001557632398753894,24a4f1b40fd33eb61c2ce14d5ffb5ff4ff971784a1d60c3c7bdee6b3406f0c1a,48149eb4dce84200b5ad78d73a2e8d9d6025e14b317e694c5d86655bc864f849,ae5d789a2306f299b0a6dedf96a5a849790e5a130ec721e539b0ec05feef1788,c50927d40ab06c3418bfd32f48104e84085ad6d20057868f1574873a98b63183
seed101_fbig0.10,101,0.1,2000,pointwise,back_within_tolerance,992,780,0.7862903225806451,-0.000692632398753894,0,0.001447178002894356,0.001557632398753894,24a4f1b40fd33eb61c2ce14d5ffb5ff4ff971784a1d60c3c7bdee6b3406f0c1a,48149eb4dce84200b5ad78d73a2e8d9d6025e14b317e694c5d86655bc864f849,ae5d789a2306f299b0a6dedf96a5a849790e5a130ec721e539b0ec05feef1788,c50927d40ab06c3418bfd32f48104e84085ad6d20057868f1574873a98b63183
seed101_fbig0.10,101,0.1,8000,bh,all,20000,0,0.0,-0.0002556623524933384,0,0.00037037037037037035,0.00038066235249333843,24a4f1b40fd33eb61c2ce14d5ffb5ff4ff971784a1d60c3c7bdee6b3406f0c1a,48149eb4dce84200b5ad78d73a2e8d9d6025e14b317e694c5d86655bc864f849,e7452d2162680181a851f1e243dce408d8e4f763579bb056932fbe33b42deb40,f59a846e9636b7cd1f48c462141efdebc61db564f1cdfc57a682860b2f326f2a
seed101_fbig0.10,101,0.1,8000,bh,big,2007,0,0.0,-0.0002556623524933384,0,0.00037037037037037035,0.00038066235249333843,24a4f1b40fd33eb61c2ce14d5ffb5ff4ff971784a1d60c3c7bdee6b3406f0c1a,48149eb4dce84200b5ad78d73a2e8d9d6025e14b317e694c5d86655bc864f849,e7452d2162680181a851f1e243dce408d8e4f763579bb056932fbe33b42deb40,f59a846e9636b7cd1f48c462141efdebc61db564f1cdfc57a682860b2f326f2a
seed101_fbig0.10,101,0.1,8000,bh,within_tolerance,17774,0,0.0,-0.0002556623524933384,0,0.00037037037037037035,0.00038066235249333843,24a4f1b40fd33eb61c2ce14d5ffb5ff4ff971784a1d60c3c7bdee6b3406f0c1a,48149eb4dce84200b5ad78d73a2e8d9d6025e14b317e694c5d86655bc864f849,e7452d2162680181a851f1e243dce408d8e4f763579bb056932fbe33b42deb40,f59a846e9636b7cd1f48c462141efdebc61db564f1cdfc57a682860b2f326f2a
seed101_fbig0.10,101,0.1,8000,bh,outside_tolerance,2226,0,0.0,-0.0002556623524933384,0,0.00037037037037037035,0.00038066235249333843,24a4f1b40fd33eb61c2ce14d5ffb5ff4ff971784a1d60c3c7bdee6b3406f0c1a,48149eb4dce84200b5ad78d73a2e8d9d6025e14b317e694c5d86655bc864f849,e7452d2162680181a851f1e243dce408d8e4f763579bb056932fbe33b42deb40,f59a846e9636b7cd1f48c462141efdebc61db564f1cdfc57a682860b2f326f2a
seed101_fbig0.10,101,0.1,8000,bh,misfit,540,0,0.0,-0.0002556623524933384,0,0.00037037037037037035,0.00038066235249333843,24a4f1b40fd33eb61c2ce14d5ffb5ff4ff971784a1d60c3c7bdee6b3406f0c1a,48149eb4dce84200b5ad78d73a2e8d9d6025e14b317e694c5d86655bc864f849,e7452d2162680181a851f1e243dce408d8e4f763579bb056932fbe33b42deb40,f59a846e9636b7cd1f48c462141efdebc61db564f1cdfc57a682860b2f326f2a
seed101_fbig0.10,101,0.1,8000,bh,twosheet_back,1000,0,0.0,-0.0002556623524933384,0,0.00037037037037037035,0.00038066235249333843,24a4f1b40fd33eb61c2ce14d5ffb5ff4ff971784a1d60c3c7bdee6b3406f0c1a,48149eb4dce84200b5ad78d73a2e8d9d6025e14b317e694c5d86655bc864f849,e7452d2162680181a851f1e243dce408d8e4f763579bb056932fbe33b42deb40,f59a846e9636b7cd1f48c462141efdebc61db564f1cdfc57a682860b2f326f2a
seed101_fbig0.10,101,0.1,8000,bh,twosheet_front,1000,0,0.0,-0.0002556623524933384,0,0.00037037037037037035,0.00038066235249333843,24a4f1b40fd33eb61c2ce14d5ffb5ff4ff971784a1d60c3c7bdee6b3406f0c1a,48149eb4dce84200b5ad78d73a2e8d9d6025e14b317e694c5d86655bc864f849,e7452d2162680181a851f1e243dce408d8e4f763579bb056932fbe33b42deb40,f59a846e9636b7cd1f48c462141efdebc61db564f1cdfc57a682860b2f326f2a
seed101_fbig0.10,101,0.1,8000,bh,base,15453,0,0.0,-0.0002556623524933384,0,0.00037037037037037035,0.00038066235249333843,24a4f1b40fd33eb61c2ce14d5ffb5ff4ff971784a1d60c3c7bdee6b3406f0c1a,48149eb4dce84200b5ad78d73a2e8d9d6025e14b317e694c5d86655bc864f849,e7452d2162680181a851f1e243dce408d8e4f763579bb056932fbe33b42deb40,f59a846e9636b7cd1f48c462141efdebc61db564f1cdfc57a682860b2f326f2a
seed101_fbig0.10,101,0.1,8000,bh,wrong_association,2676,0,0.0,-0.0002556623524933384,0,0.00037037037037037035,0.00038066235249333843,24a4f1b40fd33eb61c2ce14d5ffb5ff4ff971784a1d60c3c7bdee6b3406f0c1a,48149eb4dce84200b5ad78d73a2e8d9d6025e14b317e694c5d86655bc864f849,e7452d2162680181a851f1e243dce408d8e4f763579bb056932fbe33b42deb40,f59a846e9636b7cd1f48c462141efdebc61db564f1cdfc57a682860b2f326f2a
seed101_fbig0.10,101,0.1,8000,bh,misfit_within_tolerance,530,0,0.0,-0.0002556623524933384,0,0.00037037037037037035,0.00038066235249333843,24a4f1b40fd33eb61c2ce14d5ffb5ff4ff971784a1d60c3c7bdee6b3406f0c1a,48149eb4dce84200b5ad78d73a2e8d9d6025e14b317e694c5d86655bc864f849,e7452d2162680181a851f1e243dce408d8e4f763579bb056932fbe33b42deb40,f59a846e9636b7cd1f48c462141efdebc61db564f1cdfc57a682860b2f326f2a
seed101_fbig0.10,101,0.1,8000,bh,back_within_tolerance,992,0,0.0,-0.0002556623524933384,0,0.00037037037037037035,0.00038066235249333843,24a4f1b40fd33eb61c2ce14d5ffb5ff4ff971784a1d60c3c7bdee6b3406f0c1a,48149eb4dce84200b5ad78d73a2e8d9d6025e14b317e694c5d86655bc864f849,e7452d2162680181a851f1e243dce408d8e4f763579bb056932fbe33b42deb40,f59a846e9636b7cd1f48c462141efdebc61db564f1cdfc57a682860b2f326f2a
seed101_fbig0.10,101,0.1,8000,pointwise,all,20000,4486,0.2243,-0.0002556623524933384,0,0.00037037037037037035,0.00038066235249333843,24a4f1b40fd33eb61c2ce14d5ffb5ff4ff971784a1d60c3c7bdee6b3406f0c1a,48149eb4dce84200b5ad78d73a2e8d9d6025e14b317e694c5d86655bc864f849,e7452d2162680181a851f1e243dce408d8e4f763579bb056932fbe33b42deb40,f59a846e9636b7cd1f48c462141efdebc61db564f1cdfc57a682860b2f326f2a
seed101_fbig0.10,101,0.1,8000,pointwise,big,2007,1719,0.8565022421524664,-0.0002556623524933384,0,0.00037037037037037035,0.00038066235249333843,24a4f1b40fd33eb61c2ce14d5ffb5ff4ff971784a1d60c3c7bdee6b3406f0c1a,48149eb4dce84200b5ad78d73a2e8d9d6025e14b317e694c5d86655bc864f849,e7452d2162680181a851f1e243dce408d8e4f763579bb056932fbe33b42deb40,f59a846e9636b7cd1f48c462141efdebc61db564f1cdfc57a682860b2f326f2a
seed101_fbig0.10,101,0.1,8000,pointwise,within_tolerance,17774,2678,0.1506695172724204,-0.0002556623524933384,0,0.00037037037037037035,0.00038066235249333843,24a4f1b40fd33eb61c2ce14d5ffb5ff4ff971784a1d60c3c7bdee6b3406f0c1a,48149eb4dce84200b5ad78d73a2e8d9d6025e14b317e694c5d86655bc864f849,e7452d2162680181a851f1e243dce408d8e4f763579bb056932fbe33b42deb40,f59a846e9636b7cd1f48c462141efdebc61db564f1cdfc57a682860b2f326f2a
seed101_fbig0.10,101,0.1,8000,pointwise,outside_tolerance,2226,1808,0.8122192273135669,-0.0002556623524933384,0,0.00037037037037037035,0.00038066235249333843,24a4f1b40fd33eb61c2ce14d5ffb5ff4ff971784a1d60c3c7bdee6b3406f0c1a,48149eb4dce84200b5ad78d73a2e8d9d6025e14b317e694c5d86655bc864f849,e7452d2162680181a851f1e243dce408d8e4f763579bb056932fbe33b42deb40,f59a846e9636b7cd1f48c462141efdebc61db564f1cdfc57a682860b2f326f2a
seed101_fbig0.10,101,0.1,8000,pointwise,misfit,540,427,0.7907407407407407,-0.0002556623524933384,0,0.00037037037037037035,0.00038066235249333843,24a4f1b40fd33eb61c2ce14d5ffb5ff4ff971784a1d60c3c7bdee6b3406f0c1a,48149eb4dce84200b5ad78d73a2e8d9d6025e14b317e694c5d86655bc864f849,e7452d2162680181a851f1e243dce408d8e4f763579bb056932fbe33b42deb40,f59a846e9636b7cd1f48c462141efdebc61db564f1cdfc57a682860b2f326f2a
seed101_fbig0.10,101,0.1,8000,pointwise,twosheet_back,1000,773,0.773,-0.0002556623524933384,0,0.00037037037037037035,0.00038066235249333843,24a4f1b40fd33eb61c2ce14d5ffb5ff4ff971784a1d60c3c7bdee6b3406f0c1a,48149eb4dce84200b5ad78d73a2e8d9d6025e14b317e694c5d86655bc864f849,e7452d2162680181a851f1e243dce408d8e4f763579bb056932fbe33b42deb40,f59a846e9636b7cd1f48c462141efdebc61db564f1cdfc57a682860b2f326f2a
seed101_fbig0.10,101,0.1,8000,pointwise,twosheet_front,1000,91,0.091,-0.0002556623524933384,0,0.00037037037037037035,0.00038066235249333843,24a4f1b40fd33eb61c2ce14d5ffb5ff4ff971784a1d60c3c7bdee6b3406f0c1a,48149eb4dce84200b5ad78d73a2e8d9d6025e14b317e694c5d86655bc864f849,e7452d2162680181a851f1e243dce408d8e4f763579bb056932fbe33b42deb40,f59a846e9636b7cd1f48c462141efdebc61db564f1cdfc57a682860b2f326f2a
seed101_fbig0.10,101,0.1,8000,pointwise,base,15453,1476,0.09551543389633081,-0.0002556623524933384,0,0.00037037037037037035,0.00038066235249333843,24a4f1b40fd33eb61c2ce14d5ffb5ff4ff971784a1d60c3c7bdee6b3406f0c1a,48149eb4dce84200b5ad78d73a2e8d9d6025e14b317e694c5d86655bc864f849,e7452d2162680181a851f1e243dce408d8e4f763579bb056932fbe33b42deb40,f59a846e9636b7cd1f48c462141efdebc61db564f1cdfc57a682860b2f326f2a
seed101_fbig0.10,101,0.1,8000,pointwise,wrong_association,2676,607,0.22683109118086697,-0.0002556623524933384,0,0.00037037037037037035,0.00038066235249333843,24a4f1b40fd33eb61c2ce14d5ffb5ff4ff971784a1d60c3c7bdee6b3406f0c1a,48149eb4dce84200b5ad78d73a2e8d9d6025e14b317e694c5d86655bc864f849,e7452d2162680181a851f1e243dce408d8e4f763579bb056932fbe33b42deb40,f59a846e9636b7cd1f48c462141efdebc61db564f1cdfc57a682860b2f326f2a
seed101_fbig0.10,101,0.1,8000,pointwise,misfit_within_tolerance,530,418,0.7886792452830189,-0.0002556623524933384,0,0.00037037037037037035,0.00038066235249333843,24a4f1b40fd33eb61c2ce14d5ffb5ff4ff971784a1d60c3c7bdee6b3406f0c1a,48149eb4dce84200b5ad78d73a2e8d9d6025e14b317e694c5d86655bc864f849,e7452d2162680181a851f1e243dce408d8e4f763579bb056932fbe33b42deb40,f59a846e9636b7cd1f48c462141efdebc61db564f1cdfc57a682860b2f326f2a
seed101_fbig0.10,101,0.1,8000,pointwise,back_within_tolerance,992,768,0.7741935483870968,-0.0002556623524933384,0,0.00037037037037037035,0.00038066235249333843,24a4f1b40fd33eb61c2ce14d5ffb5ff4ff971784a1d60c3c7bdee6b3406f0c1a,48149eb4dce84200b5ad78d73a2e8d9d6025e14b317e694c5d86655bc864f849,e7452d2162680181a851f1e243dce408d8e4f763579bb056932fbe33b42deb40,f59a846e9636b7cd1f48c462141efdebc61db564f1cdfc57a682860b2f326f2a
seed101_fbig0.10,101,0.1,32000,bh,all,20000,0,0.0,-3.518370454978107e-05,0,9.237021984112322e-05,9.518370454978108e-05,24a4f1b40fd33eb61c2ce14d5ffb5ff4ff971784a1d60c3c7bdee6b3406f0c1a,48149eb4dce84200b5ad78d73a2e8d9d6025e14b317e694c5d86655bc864f849,0653332a1768096f2ece35781ca2c3c10adbd8d216dacbecd200f7433342e8eb,ef62165128d747127562df0efcb607b76ab8255c4887f0d00abbd5fe06f071cf
seed101_fbig0.10,101,0.1,32000,bh,big,2007,0,0.0,-3.518370454978107e-05,0,9.237021984112322e-05,9.518370454978108e-05,24a4f1b40fd33eb61c2ce14d5ffb5ff4ff971784a1d60c3c7bdee6b3406f0c1a,48149eb4dce84200b5ad78d73a2e8d9d6025e14b317e694c5d86655bc864f849,0653332a1768096f2ece35781ca2c3c10adbd8d216dacbecd200f7433342e8eb,ef62165128d747127562df0efcb607b76ab8255c4887f0d00abbd5fe06f071cf
seed101_fbig0.10,101,0.1,32000,bh,within_tolerance,17774,0,0.0,-3.518370454978107e-05,0,9.237021984112322e-05,9.518370454978108e-05,24a4f1b40fd33eb61c2ce14d5ffb5ff4ff971784a1d60c3c7bdee6b3406f0c1a,48149eb4dce84200b5ad78d73a2e8d9d6025e14b317e694c5d86655bc864f849,0653332a1768096f2ece35781ca2c3c10adbd8d216dacbecd200f7433342e8eb,ef62165128d747127562df0efcb607b76ab8255c4887f0d00abbd5fe06f071cf
seed101_fbig0.10,101,0.1,32000,bh,outside_tolerance,2226,0,0.0,-3.518370454978107e-05,0,9.237021984112322e-05,9.518370454978108e-05,24a4f1b40fd33eb61c2ce14d5ffb5ff4ff971784a1d60c3c7bdee6b3406f0c1a,48149eb4dce84200b5ad78d73a2e8d9d6025e14b317e694c5d86655bc864f849,0653332a1768096f2ece35781ca2c3c10adbd8d216dacbecd200f7433342e8eb,ef62165128d747127562df0efcb607b76ab8255c4887f0d00abbd5fe06f071cf
seed101_fbig0.10,101,0.1,32000,bh,misfit,540,0,0.0,-3.518370454978107e-05,0,9.237021984112322e-05,9.518370454978108e-05,24a4f1b40fd33eb61c2ce14d5ffb5ff4ff971784a1d60c3c7bdee6b3406f0c1a,48149eb4dce84200b5ad78d73a2e8d9d6025e14b317e694c5d86655bc864f849,0653332a1768096f2ece35781ca2c3c10adbd8d216dacbecd200f7433342e8eb,ef62165128d747127562df0efcb607b76ab8255c4887f0d00abbd5fe06f071cf
seed101_fbig0.10,101,0.1,32000,bh,twosheet_back,1000,0,0.0,-3.518370454978107e-05,0,9.237021984112322e-05,9.518370454978108e-05,24a4f1b40fd33eb61c2ce14d5ffb5ff4ff971784a1d60c3c7bdee6b3406f0c1a,48149eb4dce84200b5ad78d73a2e8d9d6025e14b317e694c5d86655bc864f849,0653332a1768096f2ece35781ca2c3c10adbd8d216dacbecd200f7433342e8eb,ef62165128d747127562df0efcb607b76ab8255c4887f0d00abbd5fe06f071cf
seed101_fbig0.10,101,0.1,32000,bh,twosheet_front,1000,0,0.0,-3.518370454978107e-05,0,9.237021984112322e-05,9.518370454978108e-05,24a4f1b40fd33eb61c2ce14d5ffb5ff4ff971784a1d60c3c7bdee6b3406f0c1a,48149eb4dce84200b5ad78d73a2e8d9d6025e14b317e694c5d86655bc864f849,0653332a1768096f2ece35781ca2c3c10adbd8d216dacbecd200f7433342e8eb,ef62165128d747127562df0efcb607b76ab8255c4887f0d00abbd5fe06f071cf
seed101_fbig0.10,101,0.1,32000,bh,base,15453,0,0.0,-3.518370454978107e-05,0,9.237021984112322e-05,9.518370454978108e-05,24a4f1b40fd33eb61c2ce14d5ffb5ff4ff971784a1d60c3c7bdee6b3406f0c1a,48149eb4dce84200b5ad78d73a2e8d9d6025e14b317e694c5d86655bc864f849,0653332a1768096f2ece35781ca2c3c10adbd8d216dacbecd200f7433342e8eb,ef62165128d747127562df0efcb607b76ab8255c4887f0d00abbd5fe06f071cf
seed101_fbig0.10,101,0.1,32000,bh,wrong_association,2676,0,0.0,-3.518370454978107e-05,0,9.237021984112322e-05,9.518370454978108e-05,24a4f1b40fd33eb61c2ce14d5ffb5ff4ff971784a1d60c3c7bdee6b3406f0c1a,48149eb4dce84200b5ad78d73a2e8d9d6025e14b317e694c5d86655bc864f849,0653332a1768096f2ece35781ca2c3c10adbd8d216dacbecd200f7433342e8eb,ef62165128d747127562df0efcb607b76ab8255c4887f0d00abbd5fe06f071cf
seed101_fbig0.10,101,0.1,32000,bh,misfit_within_tolerance,530,0,0.0,-3.518370454978107e-05,0,9.237021984112322e-05,9.518370454978108e-05,24a4f1b40fd33eb61c2ce14d5ffb5ff4ff971784a1d60c3c7bdee6b3406f0c1a,48149eb4dce84200b5ad78d73a2e8d9d6025e14b317e694c5d86655bc864f849,0653332a1768096f2ece35781ca2c3c10adbd8d216dacbecd200f7433342e8eb,ef62165128d747127562df0efcb607b76ab8255c4887f0d00abbd5fe06f071cf
seed101_fbig0.10,101,0.1,32000,bh,back_within_tolerance,992,0,0.0,-3.518370454978107e-05,0,9.237021984112322e-05,9.518370454978108e-05,24a4f1b40fd33eb61c2ce14d5ffb5ff4ff971784a1d60c3c7bdee6b3406f0c1a,48149eb4dce84200b5ad78d73a2e8d9d6025e14b317e694c5d86655bc864f849,0653332a1768096f2ece35781ca2c3c10adbd8d216dacbecd200f7433342e8eb,ef62165128d747127562df0efcb607b76ab8255c4887f0d00abbd5fe06f071cf
seed101_fbig0.10,101,0.1,32000,pointwise,all,20000,4307,0.21535,-3.518370454978107e-05,0,9.237021984112322e-05,9.518370454978108e-05,24a4f1b40fd33eb61c2ce14d5ffb5ff4ff971784a1d60c3c7bdee6b3406f0c1a,48149eb4dce84200b5ad78d73a2e8d9d6025e14b317e694c5d86655bc864f849,0653332a1768096f2ece35781ca2c3c10adbd8d216dacbecd200f7433342e8eb,ef62165128d747127562df0efcb607b76ab8255c4887f0d00abbd5fe06f071cf
seed101_fbig0.10,101,0.1,32000,pointwise,big,2007,1716,0.8550074738415545,-3.518370454978107e-05,0,9.237021984112322e-05,9.518370454978108e-05,24a4f1b40fd33eb61c2ce14d5ffb5ff4ff971784a1d60c3c7bdee6b3406f0c1a,48149eb4dce84200b5ad78d73a2e8d9d6025e14b317e694c5d86655bc864f849,0653332a1768096f2ece35781ca2c3c10adbd8d216dacbecd200f7433342e8eb,ef62165128d747127562df0efcb607b76ab8255c4887f0d00abbd5fe06f071cf
seed101_fbig0.10,101,0.1,32000,pointwise,within_tolerance,17774,2504,0.14087993698660967,-3.518370454978107e-05,0,9.237021984112322e-05,9.518370454978108e-05,24a4f1b40fd33eb61c2ce14d5ffb5ff4ff971784a1d60c3c7bdee6b3406f0c1a,48149eb4dce84200b5ad78d73a2e8d9d6025e14b317e694c5d86655bc864f849,0653332a1768096f2ece35781ca2c3c10adbd8d216dacbecd200f7433342e8eb,ef62165128d747127562df0efcb607b76ab8255c4887f0d00abbd5fe06f071cf
seed101_fbig0.10,101,0.1,32000,pointwise,outside_tolerance,2226,1803,0.8099730458221024,-3.518370454978107e-05,0,9.237021984112322e-05,9.518370454978108e-05,24a4f1b40fd33eb61c2ce14d5ffb5ff4ff971784a1d60c3c7bdee6b3406f0c1a,48149eb4dce84200b5ad78d73a2e8d9d6025e14b317e694c5d86655bc864f849,0653332a1768096f2ece35781ca2c3c10adbd8d216dacbecd200f7433342e8eb,ef62165128d747127562df0efcb607b76ab8255c4887f0d00abbd5fe06f071cf
seed101_fbig0.10,101,0.1,32000,pointwise,misfit,540,425,0.7870370370370371,-3.518370454978107e-05,0,9.237021984112322e-05,9.518370454978108e-05,24a4f1b40fd33eb61c2ce14d5ffb5ff4ff971784a1d60c3c7bdee6b3406f0c1a,48149eb4dce84200b5ad78d73a2e8d9d6025e14b317e694c5d86655bc864f849,0653332a1768096f2ece35781ca2c3c10adbd8d216dacbecd200f7433342e8eb,ef62165128d747127562df0efcb607b76ab8255c4887f0d00abbd5fe06f071cf
seed101_fbig0.10,101,0.1,32000,pointwise,twosheet_back,1000,772,0.772,-3.518370454978107e-05,0,9.237021984112322e-05,9.518370454978108e-05,24a4f1b40fd33eb61c2ce14d5ffb5ff4ff971784a1d60c3c7bdee6b3406f0c1a,48149eb4dce84200b5ad78d73a2e8d9d6025e14b317e694c5d86655bc864f849,0653332a1768096f2ece35781ca2c3c10adbd8d216dacbecd200f7433342e8eb,ef62165128d747127562df0efcb607b76ab8255c4887f0d00abbd5fe06f071cf
seed101_fbig0.10,101,0.1,32000,pointwise,twosheet_front,1000,84,0.084,-3.518370454978107e-05,0,9.237021984112322e-05,9.518370454978108e-05,24a4f1b40fd33eb61c2ce14d5ffb5ff4ff971784a1d60c3c7bdee6b3406f0c1a,48149eb4dce84200b5ad78d73a2e8d9d6025e14b317e694c5d86655bc864f849,0653332a1768096f2ece35781ca2c3c10adbd8d216dacbecd200f7433342e8eb,ef62165128d747127562df0efcb607b76ab8255c4887f0d00abbd5fe06f071cf
seed101_fbig0.10,101,0.1,32000,pointwise,base,15453,1310,0.08477318320067301,-3.518370454978107e-05,0,9.237021984112322e-05,9.518370454978108e-05,24a4f1b40fd33eb61c2ce14d5ffb5ff4ff971784a1d60c3c7bdee6b3406f0c1a,48149eb4dce84200b5ad78d73a2e8d9d6025e14b317e694c5d86655bc864f849,0653332a1768096f2ece35781ca2c3c10adbd8d216dacbecd200f7433342e8eb,ef62165128d747127562df0efcb607b76ab8255c4887f0d00abbd5fe06f071cf
seed101_fbig0.10,101,0.1,32000,pointwise,wrong_association,2676,573,0.2141255605381166,-3.518370454978107e-05,0,9.237021984112322e-05,9.518370454978108e-05,24a4f1b40fd33eb61c2ce14d5ffb5ff4ff971784a1d60c3c7bdee6b3406f0c1a,48149eb4dce84200b5ad78d73a2e8d9d6025e14b317e694c5d86655bc864f849,0653332a1768096f2ece35781ca2c3c10adbd8d216dacbecd200f7433342e8eb,ef62165128d747127562df0efcb607b76ab8255c4887f0d00abbd5fe06f071cf
seed101_fbig0.10,101,0.1,32000,pointwise,misfit_within_tolerance,530,416,0.7849056603773585,-3.518370454978107e-05,0,9.237021984112322e-05,9.518370454978108e-05,24a4f1b40fd33eb61c2ce14d5ffb5ff4ff971784a1d60c3c7bdee6b3406f0c1a,48149eb4dce84200b5ad78d73a2e8d9d6025e14b317e694c5d86655bc864f849,0653332a1768096f2ece35781ca2c3c10adbd8d216dacbecd200f7433342e8eb,ef62165128d747127562df0efcb607b76ab8255c4887f0d00abbd5fe06f071cf
seed101_fbig0.10,101,0.1,32000,pointwise,back_within_tolerance,992,767,0.7731854838709677,-3.518370454978107e-05,0,9.237021984112322e-05,9.518370454978108e-05,24a4f1b40fd33eb61c2ce14d5ffb5ff4ff971784a1d60c3c7bdee6b3406f0c1a,48149eb4dce84200b5ad78d73a2e8d9d6025e14b317e694c5d86655bc864f849,0653332a1768096f2ece35781ca2c3c10adbd8d216dacbecd200f7433342e8eb,ef62165128d747127562df0efcb607b76ab8255c4887f0d00abbd5fe06f071cf
seed102_fbig0.01,102,0.01,2000,bh,all,20000,0,0.0,-0.0013413788098693758,0,0.001451378809869376,0.0015290519877675841,fe469cc43bfa54c24c0679bdfdf8ac786f385b64383679782318b335d5874831,6a3d6e42796c883228bb8ec2e1cdcc9131d7dd0bfc3e07d676c712faef399cd5,21a51362e182354bf0c0a96cc9e12ff53102e44113f8106a8ecfac343b904683,94931a8082fcd8436e781252f5e68102cd1b6635c8045d35263736a0b3a2a3e0
seed102_fbig0.01,102,0.01,2000,bh,big,194,0,0.0,-0.0013413788098693758,0,0.001451378809869376,0.0015290519877675841,fe469cc43bfa54c24c0679bdfdf8ac786f385b64383679782318b335d5874831,6a3d6e42796c883228bb8ec2e1cdcc9131d7dd0bfc3e07d676c712faef399cd5,21a51362e182354bf0c0a96cc9e12ff53102e44113f8106a8ecfac343b904683,94931a8082fcd8436e781252f5e68102cd1b6635c8045d35263736a0b3a2a3e0
seed102_fbig0.01,102,0.01,2000,bh,within_tolerance,19567,0,0.0,-0.0013413788098693758,0,0.001451378809869376,0.0015290519877675841,fe469cc43bfa54c24c0679bdfdf8ac786f385b64383679782318b335d5874831,6a3d6e42796c883228bb8ec2e1cdcc9131d7dd0bfc3e07d676c712faef399cd5,21a51362e182354bf0c0a96cc9e12ff53102e44113f8106a8ecfac343b904683,94931a8082fcd8436e781252f5e68102cd1b6635c8045d35263736a0b3a2a3e0
seed102_fbig0.01,102,0.01,2000,bh,outside_tolerance,433,0,0.0,-0.0013413788098693758,0,0.001451378809869376,0.0015290519877675841,fe469cc43bfa54c24c0679bdfdf8ac786f385b64383679782318b335d5874831,6a3d6e42796c883228bb8ec2e1cdcc9131d7dd0bfc3e07d676c712faef399cd5,21a51362e182354bf0c0a96cc9e12ff53102e44113f8106a8ecfac343b904683,94931a8082fcd8436e781252f5e68102cd1b6635c8045d35263736a0b3a2a3e0
seed102_fbig0.01,102,0.01,2000,bh,misfit,540,0,0.0,-0.0013413788098693758,0,0.001451378809869376,0.0015290519877675841,fe469cc43bfa54c24c0679bdfdf8ac786f385b64383679782318b335d5874831,6a3d6e42796c883228bb8ec2e1cdcc9131d7dd0bfc3e07d676c712faef399cd5,21a51362e182354bf0c0a96cc9e12ff53102e44113f8106a8ecfac343b904683,94931a8082fcd8436e781252f5e68102cd1b6635c8045d35263736a0b3a2a3e0
seed102_fbig0.01,102,0.01,2000,bh,twosheet_back,1000,0,0.0,-0.0013413788098693758,0,0.001451378809869376,0.0015290519877675841,fe469cc43bfa54c24c0679bdfdf8ac786f385b64383679782318b335d5874831,6a3d6e42796c883228bb8ec2e1cdcc9131d7dd0bfc3e07d676c712faef399cd5,21a51362e182354bf0c0a96cc9e12ff53102e44113f8106a8ecfac343b904683,94931a8082fcd8436e781252f5e68102cd1b6635c8045d35263736a0b3a2a3e0
seed102_fbig0.01,102,0.01,2000,bh,twosheet_front,1000,0,0.0,-0.0013413788098693758,0,0.001451378809869376,0.0015290519877675841,fe469cc43bfa54c24c0679bdfdf8ac786f385b64383679782318b335d5874831,6a3d6e42796c883228bb8ec2e1cdcc9131d7dd0bfc3e07d676c712faef399cd5,21a51362e182354bf0c0a96cc9e12ff53102e44113f8106a8ecfac343b904683,94931a8082fcd8436e781252f5e68102cd1b6635c8045d35263736a0b3a2a3e0
seed102_fbig0.01,102,0.01,2000,bh,base,17266,0,0.0,-0.0013413788098693758,0,0.001451378809869376,0.0015290519877675841,fe469cc43bfa54c24c0679bdfdf8ac786f385b64383679782318b335d5874831,6a3d6e42796c883228bb8ec2e1cdcc9131d7dd0bfc3e07d676c712faef399cd5,21a51362e182354bf0c0a96cc9e12ff53102e44113f8106a8ecfac343b904683,94931a8082fcd8436e781252f5e68102cd1b6635c8045d35263736a0b3a2a3e0
seed102_fbig0.01,102,0.01,2000,bh,wrong_association,2608,0,0.0,-0.0013413788098693758,0,0.001451378809869376,0.0015290519877675841,fe469cc43bfa54c24c0679bdfdf8ac786f385b64383679782318b335d5874831,6a3d6e42796c883228bb8ec2e1cdcc9131d7dd0bfc3e07d676c712faef399cd5,21a51362e182354bf0c0a96cc9e12ff53102e44113f8106a8ecfac343b904683,94931a8082fcd8436e781252f5e68102cd1b6635c8045d35263736a0b3a2a3e0
seed102_fbig0.01,102,0.01,2000,bh,misfit_within_tolerance,536,0,0.0,-0.0013413788098693758,0,0.001451378809869376,0.0015290519877675841,fe469cc43bfa54c24c0679bdfdf8ac786f385b64383679782318b335d5874831,6a3d6e42796c883228bb8ec2e1cdcc9131d7dd0bfc3e07d676c712faef399cd5,21a51362e182354bf0c0a96cc9e12ff53102e44113f8106a8ecfac343b904683,94931a8082fcd8436e781252f5e68102cd1b6635c8045d35263736a0b3a2a3e0
seed102_fbig0.01,102,0.01,2000,bh,back_within_tolerance,989,0,0.0,-0.0013413788098693758,0,0.001451378809869376,0.0015290519877675841,fe469cc43bfa54c24c0679bdfdf8ac786f385b64383679782318b335d5874831,6a3d6e42796c883228bb8ec2e1cdcc9131d7dd0bfc3e07d676c712faef399cd5,21a51362e182354bf0c0a96cc9e12ff53102e44113f8106a8ecfac343b904683,94931a8082fcd8436e781252f5e68102cd1b6635c8045d35263736a0b3a2a3e0
seed102_fbig0.01,102,0.01,2000,pointwise,all,20000,3001,0.15005,-0.0013413788098693758,0,0.001451378809869376,0.0015290519877675841,fe469cc43bfa54c24c0679bdfdf8ac786f385b64383679782318b335d5874831,6a3d6e42796c883228bb8ec2e1cdcc9131d7dd0bfc3e07d676c712faef399cd5,21a51362e182354bf0c0a96cc9e12ff53102e44113f8106a8ecfac343b904683,94931a8082fcd8436e781252f5e68102cd1b6635c8045d35263736a0b3a2a3e0
seed102_fbig0.01,102,0.01,2000,pointwise,big,194,168,0.865979381443299,-0.0013413788098693758,0,0.001451378809869376,0.0015290519877675841,fe469cc43bfa54c24c0679bdfdf8ac786f385b64383679782318b335d5874831,6a3d6e42796c883228bb8ec2e1cdcc9131d7dd0bfc3e07d676c712faef399cd5,21a51362e182354bf0c0a96cc9e12ff53102e44113f8106a8ecfac343b904683,94931a8082fcd8436e781252f5e68102cd1b6635c8045d35263736a0b3a2a3e0
seed102_fbig0.01,102,0.01,2000,pointwise,within_tolerance,19567,2739,0.1399805795471968,-0.0013413788098693758,0,0.001451378809869376,0.0015290519877675841,fe469cc43bfa54c24c0679bdfdf8ac786f385b64383679782318b335d5874831,6a3d6e42796c883228bb8ec2e1cdcc9131d7dd0bfc3e07d676c712faef399cd5,21a51362e182354bf0c0a96cc9e12ff53102e44113f8106a8ecfac343b904683,94931a8082fcd8436e781252f5e68102cd1b6635c8045d35263736a0b3a2a3e0
seed102_fbig0.01,102,0.01,2000,pointwise,outside_tolerance,433,262,0.605080831408776,-0.0013413788098693758,0,0.001451378809869376,0.0015290519877675841,fe469cc43bfa54c24c0679bdfdf8ac786f385b64383679782318b335d5874831,6a3d6e42796c883228bb8ec2e1cdcc9131d7dd0bfc3e07d676c712faef399cd5,21a51362e182354bf0c0a96cc9e12ff53102e44113f8106a8ecfac343b904683,94931a8082fcd8436e781252f5e68102cd1b6635c8045d35263736a0b3a2a3e0
seed102_fbig0.01,102,0.01,2000,pointwise,misfit,540,426,0.7888888888888889,-0.0013413788098693758,0,0.001451378809869376,0.0015290519877675841,fe469cc43bfa54c24c0679bdfdf8ac786f385b64383679782318b335d5874831,6a3d6e42796c883228bb8ec2e1cdcc9131d7dd0bfc3e07d676c712faef399cd5,21a51362e182354bf0c0a96cc9e12ff53102e44113f8106a8ecfac343b904683,94931a8082fcd8436e781252f5e68102cd1b6635c8045d35263736a0b3a2a3e0
seed102_fbig0.01,102,0.01,2000,pointwise,twosheet_back,1000,796,0.796,-0.0013413788098693758,0,0.001451378809869376,0.0015290519877675841,fe469cc43bfa54c24c0679bdfdf8ac786f385b64383679782318b335d5874831,6a3d6e42796c883228bb8ec2e1cdcc9131d7dd0bfc3e07d676c712faef399cd5,21a51362e182354bf0c0a96cc9e12ff53102e44113f8106a8ecfac343b904683,94931a8082fcd8436e781252f5e68102cd1b6635c8045d35263736a0b3a2a3e0
seed102_fbig0.01,102,0.01,2000,pointwise,twosheet_front,1000,91,0.091,-0.0013413788098693758,0,0.001451378809869376,0.0015290519877675841,fe469cc43bfa54c24c0679bdfdf8ac786f385b64383679782318b335d5874831,6a3d6e42796c883228bb8ec2e1cdcc9131d7dd0bfc3e07d676c712faef399cd5,21a51362e182354bf0c0a96cc9e12ff53102e44113f8106a8ecfac343b904683,94931a8082fcd8436e781252f5e68102cd1b6635c8045d35263736a0b3a2a3e0
seed102_fbig0.01,102,0.01,2000,pointwise,base,17266,1520,0.08803428703810957,-0.0013413788098693758,0,0.001451378809869376,0.0015290519877675841,fe469cc43bfa54c24c0679bdfdf8ac786f385b64383679782318b335d5874831,6a3d6e42796c883228bb8ec2e1cdcc9131d7dd0bfc3e07d676c712faef399cd5,21a51362e182354bf0c0a96cc9e12ff53102e44113f8106a8ecfac343b904683,94931a8082fcd8436e781252f5e68102cd1b6635c8045d35263736a0b3a2a3e0
seed102_fbig0.01,102,0.01,2000,pointwise,wrong_association,2608,388,0.14877300613496933,-0.0013413788098693758,0,0.001451378809869376,0.0015290519877675841,fe469cc43bfa54c24c0679bdfdf8ac786f385b64383679782318b335d5874831,6a3d6e42796c883228bb8ec2e1cdcc9131d7dd0bfc3e07d676c712faef399cd5,21a51362e182354bf0c0a96cc9e12ff53102e44113f8106a8ecfac343b904683,94931a8082fcd8436e781252f5e68102cd1b6635c8045d35263736a0b3a2a3e0
seed102_fbig0.01,102,0.01,2000,pointwise,misfit_within_tolerance,536,423,0.789179104477612,-0.0013413788098693758,0,0.001451378809869376,0.0015290519877675841,fe469cc43bfa54c24c0679bdfdf8ac786f385b64383679782318b335d5874831,6a3d6e42796c883228bb8ec2e1cdcc9131d7dd0bfc3e07d676c712faef399cd5,21a51362e182354bf0c0a96cc9e12ff53102e44113f8106a8ecfac343b904683,94931a8082fcd8436e781252f5e68102cd1b6635c8045d35263736a0b3a2a3e0
seed102_fbig0.01,102,0.01,2000,pointwise,back_within_tolerance,989,786,0.7947421638018201,-0.0013413788098693758,0,0.001451378809869376,0.0015290519877675841,fe469cc43bfa54c24c0679bdfdf8ac786f385b64383679782318b335d5874831,6a3d6e42796c883228bb8ec2e1cdcc9131d7dd0bfc3e07d676c712faef399cd5,21a51362e182354bf0c0a96cc9e12ff53102e44113f8106a8ecfac343b904683,94931a8082fcd8436e781252f5e68102cd1b6635c8045d35263736a0b3a2a3e0
seed102_fbig0.01,102,0.01,8000,bh,all,20000,0,0.0,-0.00036883177570093455,0,0.0003698224852071006,0.00038109756097560977,fe469cc43bfa54c24c0679bdfdf8ac786f385b64383679782318b335d5874831,6a3d6e42796c883228bb8ec2e1cdcc9131d7dd0bfc3e07d676c712faef399cd5,d4c3a77fe20ae66bf0ba3510a37dd125f776c7bbef959fd8ccd45744dd868fcf,05803a4da9ebf7f2ad481f56da75b2dbb6c054e31e8932e0bf252a192b4b5e73
seed102_fbig0.01,102,0.01,8000,bh,big,194,0,0.0,-0.00036883177570093455,0,0.0003698224852071006,0.00038109756097560977,fe469cc43bfa54c24c0679bdfdf8ac786f385b64383679782318b335d5874831,6a3d6e42796c883228bb8ec2e1cdcc9131d7dd0bfc3e07d676c712faef399cd5,d4c3a77fe20ae66bf0ba3510a37dd125f776c7bbef959fd8ccd45744dd868fcf,05803a4da9ebf7f2ad481f56da75b2dbb6c054e31e8932e0bf252a192b4b5e73
seed102_fbig0.01,102,0.01,8000,bh,within_tolerance,19567,0,0.0,-0.00036883177570093455,0,0.0003698224852071006,0.00038109756097560977,fe469cc43bfa54c24c0679bdfdf8ac786f385b64383679782318b335d5874831,6a3d6e42796c883228bb8ec2e1cdcc9131d7dd0bfc3e07d676c712faef399cd5,d4c3a77fe20ae66bf0ba3510a37dd125f776c7bbef959fd8ccd45744dd868fcf,05803a4da9ebf7f2ad481f56da75b2dbb6c054e31e8932e0bf252a192b4b5e73
seed102_fbig0.01,102,0.01,8000,bh,outside_tolerance,433,0,0.0,-0.00036883177570093455,0,0.0003698224852071006,0.00038109756097560977,fe469cc43bfa54c24c0679bdfdf8ac786f385b64383679782318b335d5874831,6a3d6e42796c883228bb8ec2e1cdcc9131d7dd0bfc3e07d676c712faef399cd5,d4c3a77fe20ae66bf0ba3510a37dd125f776c7bbef959fd8ccd45744dd868fcf,05803a4da9ebf7f2ad481f56da75b2dbb6c054e31e8932e0bf252a192b4b5e73
seed102_fbig0.01,102,0.01,8000,bh,misfit,540,0,0.0,-0.00036883177570093455,0,0.0003698224852071006,0.00038109756097560977,fe469cc43bfa54c24c0679bdfdf8ac786f385b64383679782318b335d5874831,6a3d6e42796c883228bb8ec2e1cdcc9131d7dd0bfc3e07d676c712faef399cd5,d4c3a77fe20ae66bf0ba3510a37dd125f776c7bbef959fd8ccd45744dd868fcf,05803a4da9ebf7f2ad481f56da75b2dbb6c054e31e8932e0bf252a192b4b5e73
seed102_fbig0.01,102,0.01,8000,bh,twosheet_back,1000,0,0.0,-0.00036883177570093455,0,0.0003698224852071006,0.00038109756097560977,fe469cc43bfa54c24c0679bdfdf8ac786f385b64383679782318b335d5874831,6a3d6e42796c883228bb8ec2e1cdcc9131d7dd0bfc3e07d676c712faef399cd5,d4c3a77fe20ae66bf0ba3510a37dd125f776c7bbef959fd8ccd45744dd868fcf,05803a4da9ebf7f2ad481f56da75b2dbb6c054e31e8932e0bf252a192b4b5e73
seed102_fbig0.01,102,0.01,8000,bh,twosheet_front,1000,0,0.0,-0.00036883177570093455,0,0.0003698224852071006,0.00038109756097560977,fe469cc43bfa54c24c0679bdfdf8ac786f385b64383679782318b335d5874831,6a3d6e42796c883228bb8ec2e1cdcc9131d7dd0bfc3e07d676c712faef399cd5,d4c3a77fe20ae66bf0ba3510a37dd125f776c7bbef959fd8ccd45744dd868fcf,05803a4da9ebf7f2ad481f56da75b2dbb6c054e31e8932e0bf252a192b4b5e73
seed102_fbig0.01,102,0.01,8000,bh,base,17266,0,0.0,-0.00036883177570093455,0,0.0003698224852071006,0.00038109756097560977,fe469cc43bfa54c24c0679bdfdf8ac786f385b64383679782318b335d5874831,6a3d6e42796c883228bb8ec2e1cdcc9131d7dd0bfc3e07d676c712faef399cd5,d4c3a77fe20ae66bf0ba3510a37dd125f776c7bbef959fd8ccd45744dd868fcf,05803a4da9ebf7f2ad481f56da75b2dbb6c054e31e8932e0bf252a192b4b5e73
seed102_fbig0.01,102,0.01,8000,bh,wrong_association,2608,0,0.0,-0.00036883177570093455,0,0.0003698224852071006,0.00038109756097560977,fe469cc43bfa54c24c0679bdfdf8ac786f385b64383679782318b335d5874831,6a3d6e42796c883228bb8ec2e1cdcc9131d7dd0bfc3e07d676c712faef399cd5,d4c3a77fe20ae66bf0ba3510a37dd125f776c7bbef959fd8ccd45744dd868fcf,05803a4da9ebf7f2ad481f56da75b2dbb6c054e31e8932e0bf252a192b4b5e73
seed102_fbig0.01,102,0.01,8000,bh,misfit_within_tolerance,536,0,0.0,-0.00036883177570093455,0,0.0003698224852071006,0.00038109756097560977,fe469cc43bfa54c24c0679bdfdf8ac786f385b64383679782318b335d5874831,6a3d6e42796c883228bb8ec2e1cdcc9131d7dd0bfc3e07d676c712faef399cd5,d4c3a77fe20ae66bf0ba3510a37dd125f776c7bbef959fd8ccd45744dd868fcf,05803a4da9ebf7f2ad481f56da75b2dbb6c054e31e8932e0bf252a192b4b5e73
seed102_fbig0.01,102,0.01,8000,bh,back_within_tolerance,989,0,0.0,-0.00036883177570093455,0,0.0003698224852071006,0.00038109756097560977,fe469cc43bfa54c24c0679bdfdf8ac786f385b64383679782318b335d5874831,6a3d6e42796c883228bb8ec2e1cdcc9131d7dd0bfc3e07d676c712faef399cd5,d4c3a77fe20ae66bf0ba3510a37dd125f776c7bbef959fd8ccd45744dd868fcf,05803a4da9ebf7f2ad481f56da75b2dbb6c054e31e8932e0bf252a192b4b5e73
seed102_fbig0.01,102,0.01,8000,pointwise,all,20000,2910,0.1455,-0.00036883177570093455,0,0.0003698224852071006,0.00038109756097560977,fe469cc43bfa54c24c0679bdfdf8ac786f385b64383679782318b335d5874831,6a3d6e42796c883228bb8ec2e1cdcc9131d7dd0bfc3e07d676c712faef399cd5,d4c3a77fe20ae66bf0ba3510a37dd125f776c7bbef959fd8ccd45744dd868fcf,05803a4da9ebf7f2ad481f56da75b2dbb6c054e31e8932e0bf252a192b4b5e73
seed102_fbig0.01,102,0.01,8000,pointwise,big,194,167,0.8608247422680413,-0.00036883177570093455,0,0.0003698224852071006,0.00038109756097560977,fe469cc43bfa54c24c0679bdfdf8ac786f385b64383679782318b335d5874831,6a3d6e42796c883228bb8ec2e1cdcc9131d7dd0bfc3e07d676c712faef399cd5,d4c3a77fe20ae66bf0ba3510a37dd125f776c7bbef959fd8ccd45744dd868fcf,05803a4da9ebf7f2ad481f56da75b2dbb6c054e31e8932e0bf252a192b4b5e73
seed102_fbig0.01,102,0.01,8000,pointwise,within_tolerance,19567,2651,0.1354832115296162,-0.00036883177570093455,0,0.0003698224852071006,0.00038109756097560977,fe469cc43bfa54c24c0679bdfdf8ac786f385b64383679782318b335d5874831,6a3d6e42796c883228bb8ec2e1cdcc9131d7dd0bfc3e07d676c712faef399cd5,d4c3a77fe20ae66bf0ba3510a37dd125f776c7bbef959fd8ccd45744dd868fcf,05803a4da9ebf7f2ad481f56da75b2dbb6c054e31e8932e0bf252a192b4b5e73
seed102_fbig0.01,102,0.01,8000,pointwise,outside_tolerance,433,259,0.5981524249422633,-0.00036883177570093455,0,0.0003698224852071006,0.00038109756097560977,fe469cc43bfa54c24c0679bdfdf8ac786f385b64383679782318b335d5874831,6a3d6e42796c883228bb8ec2e1cdcc9131d7dd0bfc3e07d676c712faef399cd5,d4c3a77fe20ae66bf0ba3510a37dd125f776c7bbef959fd8ccd45744dd868fcf,05803a4da9ebf7f2ad481f56da75b2dbb6c054e31e8932e0bf252a192b4b5e73
seed102_fbig0.01,102,0.01,8000,pointwise,misfit,540,421,0.7796296296296297,-0.00036883177570093455,0,0.0003698224852071006,0.00038109756097560977,fe469cc43bfa54c24c0679bdfdf8ac786f385b64383679782318b335d5874831,6a3d6e42796c883228bb8ec2e1cdcc9131d7dd0bfc3e07d676c712faef399cd5,d4c3a77fe20ae66bf0ba3510a37dd125f776c7bbef959fd8ccd45744dd868fcf,05803a4da9ebf7f2ad481f56da75b2dbb6c054e31e8932e0bf252a192b4b5e73
seed102_fbig0.01,102,0.01,8000,pointwise,twosheet_back,1000,790,0.79,-0.00036883177570093455,0,0.0003698224852071006,0.00038109756097560977,fe469cc43bfa54c24c0679bdfdf8ac786f385b64383679782318b335d5874831,6a3d6e42796c883228bb8ec2e1cdcc9131d7dd0bfc3e07d676c712faef399cd5,d4c3a77fe20ae66bf0ba3510a37dd125f776c7bbef959fd8ccd45744dd868fcf,05803a4da9ebf7f2ad481f56da75b2dbb6c054e31e8932e0bf252a192b4b5e73
seed102_fbig0.01,102,0.01,8000,pointwise,twosheet_front,1000,83,0.083,-0.00036883177570093455,0,0.0003698224852071006,0.00038109756097560977,fe469cc43bfa54c24c0679bdfdf8ac786f385b64383679782318b335d5874831,6a3d6e42796c883228bb8ec2e1cdcc9131d7dd0bfc3e07d676c712faef399cd5,d4c3a77fe20ae66bf0ba3510a37dd125f776c7bbef959fd8ccd45744dd868fcf,05803a4da9ebf7f2ad481f56da75b2dbb6c054e31e8932e0bf252a192b4b5e73
seed102_fbig0.01,102,0.01,8000,pointwise,base,17266,1449,0.0839221591567242,-0.00036883177570093455,0,0.0003698224852071006,0.00038109756097560977,fe469cc43bfa54c24c0679bdfdf8ac786f385b64383679782318b335d5874831,6a3d6e42796c883228bb8ec2e1cdcc9131d7dd0bfc3e07d676c712faef399cd5,d4c3a77fe20ae66bf0ba3510a37dd125f776c7bbef959fd8ccd45744dd868fcf,05803a4da9ebf7f2ad481f56da75b2dbb6c054e31e8932e0bf252a192b4b5e73
seed102_fbig0.01,102,0.01,8000,pointwise,wrong_association,2608,369,0.14148773006134968,-0.00036883177570093455,0,0.0003698224852071006,0.00038109756097560977,fe469cc43bfa54c24c0679bdfdf8ac786f385b64383679782318b335d5874831,6a3d6e42796c883228bb8ec2e1cdcc9131d7dd0bfc3e07d676c712faef399cd5,d4c3a77fe20ae66bf0ba3510a37dd125f776c7bbef959fd8ccd45744dd868fcf,05803a4da9ebf7f2ad481f56da75b2dbb6c054e31e8932e0bf252a192b4b5e73
seed102_fbig0.01,102,0.01,8000,pointwise,misfit_within_tolerance,536,418,0.7798507462686567,-0.00036883177570093455,0,0.0003698224852071006,0.00038109756097560977,fe469cc43bfa54c24c0679bdfdf8ac786f385b64383679782318b335d5874831,6a3d6e42796c883228bb8ec2e1cdcc9131d7dd0bfc3e07d676c712faef399cd5,d4c3a77fe20ae66bf0ba3510a37dd125f776c7bbef959fd8ccd45744dd868fcf,05803a4da9ebf7f2ad481f56da75b2dbb6c054e31e8932e0bf252a192b4b5e73
seed102_fbig0.01,102,0.01,8000,pointwise,back_within_tolerance,989,780,0.788675429726997,-0.00036883177570093455,0,0.0003698224852071006,0.00038109756097560977,fe469cc43bfa54c24c0679bdfdf8ac786f385b64383679782318b335d5874831,6a3d6e42796c883228bb8ec2e1cdcc9131d7dd0bfc3e07d676c712faef399cd5,d4c3a77fe20ae66bf0ba3510a37dd125f776c7bbef959fd8ccd45744dd868fcf,05803a4da9ebf7f2ad481f56da75b2dbb6c054e31e8932e0bf252a192b4b5e73
seed102_fbig0.01,102,0.01,32000,bh,all,20000,0,0.0,-0.00018137592023110614,0,9.081002542680712e-05,9.746588693957115e-05,fe469cc43bfa54c24c0679bdfdf8ac786f385b64383679782318b335d5874831,6a3d6e42796c883228bb8ec2e1cdcc9131d7dd0bfc3e07d676c712faef399cd5,24ea8ae81d58c41c7241c79a98b106899a9291567938627a7c45a694bd3909f7,9f7348dc5bda16da0418a35c8a0392679e83475fc43d41fbdc410feaeff96394
seed102_fbig0.01,102,0.01,32000,bh,big,194,0,0.0,-0.00018137592023110614,0,9.081002542680712e-05,9.746588693957115e-05,fe469cc43bfa54c24c0679bdfdf8ac786f385b64383679782318b335d5874831,6a3d6e42796c883228bb8ec2e1cdcc9131d7dd0bfc3e07d676c712faef399cd5,24ea8ae81d58c41c7241c79a98b106899a9291567938627a7c45a694bd3909f7,9f7348dc5bda16da0418a35c8a0392679e83475fc43d41fbdc410feaeff96394
seed102_fbig0.01,102,0.01,32000,bh,within_tolerance,19567,0,0.0,-0.00018137592023110614,0,9.081002542680712e-05,9.746588693957115e-05,fe469cc43bfa54c24c0679bdfdf8ac786f385b64383679782318b335d5874831,6a3d6e42796c883228bb8ec2e1cdcc9131d7dd0bfc3e07d676c712faef399cd5,24ea8ae81d58c41c7241c79a98b106899a9291567938627a7c45a694bd3909f7,9f7348dc5bda16da0418a35c8a0392679e83475fc43d41fbdc410feaeff96394
seed102_fbig0.01,102,0.01,32000,bh,outside_tolerance,433,0,0.0,-0.00018137592023110614,0,9.081002542680712e-05,9.746588693957115e-05,fe469cc43bfa54c24c0679bdfdf8ac786f385b64383679782318b335d5874831,6a3d6e42796c883228bb8ec2e1cdcc9131d7dd0bfc3e07d676c712faef399cd5,24ea8ae81d58c41c7241c79a98b106899a9291567938627a7c45a694bd3909f7,9f7348dc5bda16da0418a35c8a0392679e83475fc43d41fbdc410feaeff96394
seed102_fbig0.01,102,0.01,32000,bh,misfit,540,0,0.0,-0.00018137592023110614,0,9.081002542680712e-05,9.746588693957115e-05,fe469cc43bfa54c24c0679bdfdf8ac786f385b64383679782318b335d5874831,6a3d6e42796c883228bb8ec2e1cdcc9131d7dd0bfc3e07d676c712faef399cd5,24ea8ae81d58c41c7241c79a98b106899a9291567938627a7c45a694bd3909f7,9f7348dc5bda16da0418a35c8a0392679e83475fc43d41fbdc410feaeff96394
seed102_fbig0.01,102,0.01,32000,bh,twosheet_back,1000,0,0.0,-0.00018137592023110614,0,9.081002542680712e-05,9.746588693957115e-05,fe469cc43bfa54c24c0679bdfdf8ac786f385b64383679782318b335d5874831,6a3d6e42796c883228bb8ec2e1cdcc9131d7dd0bfc3e07d676c712faef399cd5,24ea8ae81d58c41c7241c79a98b106899a9291567938627a7c45a694bd3909f7,9f7348dc5bda16da0418a35c8a0392679e83475fc43d41fbdc410feaeff96394
seed102_fbig0.01,102,0.01,32000,bh,twosheet_front,1000,0,0.0,-0.00018137592023110614,0,9.081002542680712e-05,9.746588693957115e-05,fe469cc43bfa54c24c0679bdfdf8ac786f385b64383679782318b335d5874831,6a3d6e42796c883228bb8ec2e1cdcc9131d7dd0bfc3e07d676c712faef399cd5,24ea8ae81d58c41c7241c79a98b106899a9291567938627a7c45a694bd3909f7,9f7348dc5bda16da0418a35c8a0392679e83475fc43d41fbdc410feaeff96394
seed102_fbig0.01,102,0.01,32000,bh,base,17266,0,0.0,-0.00018137592023110614,0,9.081002542680712e-05,9.746588693957115e-05,fe469cc43bfa54c24c0679bdfdf8ac786f385b64383679782318b335d5874831,6a3d6e42796c883228bb8ec2e1cdcc9131d7dd0bfc3e07d676c712faef399cd5,24ea8ae81d58c41c7241c79a98b106899a9291567938627a7c45a694bd3909f7,9f7348dc5bda16da0418a35c8a0392679e83475fc43d41fbdc410feaeff96394
seed102_fbig0.01,102,0.01,32000,bh,wrong_association,2608,0,0.0,-0.00018137592023110614,0,9.081002542680712e-05,9.746588693957115e-05,fe469cc43bfa54c24c0679bdfdf8ac786f385b64383679782318b335d5874831,6a3d6e42796c883228bb8ec2e1cdcc9131d7dd0bfc3e07d676c712faef399cd5,24ea8ae81d58c41c7241c79a98b106899a9291567938627a7c45a694bd3909f7,9f7348dc5bda16da0418a35c8a0392679e83475fc43d41fbdc410feaeff96394
seed102_fbig0.01,102,0.01,32000,bh,misfit_within_tolerance,536,0,0.0,-0.00018137592023110614,0,9.081002542680712e-05,9.746588693957115e-05,fe469cc43bfa54c24c0679bdfdf8ac786f385b64383679782318b335d5874831,6a3d6e42796c883228bb8ec2e1cdcc9131d7dd0bfc3e07d676c712faef399cd5,24ea8ae81d58c41c7241c79a98b106899a9291567938627a7c45a694bd3909f7,9f7348dc5bda16da0418a35c8a0392679e83475fc43d41fbdc410feaeff96394
seed102_fbig0.01,102,0.01,32000,bh,back_within_tolerance,989,0,0.0,-0.00018137592023110614,0,9.081002542680712e-05,9.746588693957115e-05,fe469cc43bfa54c24c0679bdfdf8ac786f385b64383679782318b335d5874831,6a3d6e42796c883228bb8ec2e1cdcc9131d7dd0bfc3e07d676c712faef399cd5,24ea8ae81d58c41c7241c79a98b106899a9291567938627a7c45a694bd3909f7,9f7348dc5bda16da0418a35c8a0392679e83475fc43d41fbdc410feaeff96394
seed102_fbig0.01,102,0.01,32000,pointwise,all,20000,2843,0.14215,-0.00018137592023110614,0,9.081002542680712e-05,9.746588693957115e-05,fe469cc43bfa54c24c0679bdfdf8ac786f385b64383679782318b335d5874831,6a3d6e42796c883228bb8ec2e1cdcc9131d7dd0bfc3e07d676c712faef399cd5,24ea8ae81d58c41c7241c79a98b106899a9291567938627a7c45a694bd3909f7,9f7348dc5bda16da0418a35c8a0392679e83475fc43d41fbdc410feaeff96394
seed102_fbig0.01,102,0.01,32000,pointwise,big,194,168,0.865979381443299,-0.00018137592023110614,0,9.081002542680712e-05,9.746588693957115e-05,fe469cc43bfa54c24c0679bdfdf8ac786f385b64383679782318b335d5874831,6a3d6e42796c883228bb8ec2e1cdcc9131d7dd0bfc3e07d676c712faef399cd5,24ea8ae81d58c41c7241c79a98b106899a9291567938627a7c45a694bd3909f7,9f7348dc5bda16da0418a35c8a0392679e83475fc43d41fbdc410feaeff96394
seed102_fbig0.01,102,0.01,32000,pointwise,within_tolerance,19567,2584,0.13205907906168549,-0.00018137592023110614,0,9.081002542680712e-05,9.746588693957115e-05,fe469cc43bfa54c24c0679bdfdf8ac786f385b64383679782318b335d5874831,6a3d6e42796c883228bb8ec2e1cdcc9131d7dd0bfc3e07d676c712faef399cd5,24ea8ae81d58c41c7241c79a98b106899a9291567938627a7c45a694bd3909f7,9f7348dc5bda16da0418a35c8a0392679e83475fc43d41fbdc410feaeff96394
seed102_fbig0.01,102,0.01,32000,pointwise,outside_tolerance,433,259,0.5981524249422633,-0.00018137592023110614,0,9.081002542680712e-05,9.746588693957115e-05,fe469cc43bfa54c24c0679bdfdf8ac786f385b64383679782318b335d5874831,6a3d6e42796c883228bb8ec2e1cdcc9131d7dd0bfc3e07d676c712faef399cd5,24ea8ae81d58c41c7241c79a98b106899a9291567938627a7c45a694bd3909f7,9f7348dc5bda16da0418a35c8a0392679e83475fc43d41fbdc410feaeff96394
seed102_fbig0.01,102,0.01,32000,pointwise,misfit,540,425,0.7870370370370371,-0.00018137592023110614,0,9.081002542680712e-05,9.746588693957115e-05,fe469cc43bfa54c24c0679bdfdf8ac786f385b64383679782318b335d5874831,6a3d6e42796c883228bb8ec2e1cdcc9131d7dd0bfc3e07d676c712faef399cd5,24ea8ae81d58c41c7241c79a98b106899a9291567938627a7c45a694bd3909f7,9f7348dc5bda16da0418a35c8a0392679e83475fc43d41fbdc410feaeff96394
seed102_fbig0.01,102,0.01,32000,pointwise,twosheet_back,1000,788,0.788,-0.00018137592023110614,0,9.081002542680712e-05,9.746588693957115e-05,fe469cc43bfa54c24c0679bdfdf8ac786f385b64383679782318b335d5874831,6a3d6e42796c883228bb8ec2e1cdcc9131d7dd0bfc3e07d676c712faef399cd5,24ea8ae81d58c41c7241c79a98b106899a9291567938627a7c45a694bd3909f7,9f7348dc5bda16da0418a35c8a0392679e83475fc43d41fbdc410feaeff96394
seed102_fbig0.01,102,0.01,32000,pointwise,twosheet_front,1000,82,0.082,-0.00018137592023110614,0,9.081002542680712e-05,9.746588693957115e-05,fe469cc43bfa54c24c0679bdfdf8ac786f385b64383679782318b335d5874831,6a3d6e42796c883228bb8ec2e1cdcc9131d7dd0bfc3e07d676c712faef399cd5,24ea8ae81d58c41c7241c79a98b106899a9291567938627a7c45a694bd3909f7,9f7348dc5bda16da0418a35c8a0392679e83475fc43d41fbdc410feaeff96394
seed102_fbig0.01,102,0.01,32000,pointwise,base,17266,1380,0.07992586586354686,-0.00018137592023110614,0,9.081002542680712e-05,9.746588693957115e-05,fe469cc43bfa54c24c0679bdfdf8ac786f385b64383679782318b335d5874831,6a3d6e42796c883228bb8ec2e1cdcc9131d7dd0bfc3e07d676c712faef399cd5,24ea8ae81d58c41c7241c79a98b106899a9291567938627a7c45a694bd3909f7,9f7348dc5bda16da0418a35c8a0392679e83475fc43d41fbdc410feaeff96394
seed102_fbig0.01,102,0.01,32000,pointwise,wrong_association,2608,349,0.13381901840490798,-0.00018137592023110614,0,9.081002542680712e-05,9.746588693957115e-05,fe469cc43bfa54c24c0679bdfdf8ac786f385b64383679782318b335d5874831,6a3d6e42796c883228bb8ec2e1cdcc9131d7dd0bfc3e07d676c712faef399cd5,24ea8ae81d58c41c7241c79a98b106899a9291567938627a7c45a694bd3909f7,9f7348dc5bda16da0418a35c8a0392679e83475fc43d41fbdc410feaeff96394
seed102_fbig0.01,102,0.01,32000,pointwise,misfit_within_tolerance,536,422,0.7873134328358209,-0.00018137592023110614,0,9.081002542680712e-05,9.746588693957115e-05,fe469cc43bfa54c24c0679bdfdf8ac786f385b64383679782318b335d5874831,6a3d6e42796c883228bb8ec2e1cdcc9131d7dd0bfc3e07d676c712faef399cd5,24ea8ae81d58c41c7241c79a98b106899a9291567938627a7c45a694bd3909f7,9f7348dc5bda16da0418a35c8a0392679e83475fc43d41fbdc410feaeff96394
seed102_fbig0.01,102,0.01,32000,pointwise,back_within_tolerance,989,778,0.7866531850353893,-0.00018137592023110614,0,9.081002542680712e-05,9.746588693957115e-05,fe469cc43bfa54c24c0679bdfdf8ac786f385b64383679782318b335d5874831,6a3d6e42796c883228bb8ec2e1cdcc9131d7dd0bfc3e07d676c712faef399cd5,24ea8ae81d58c41c7241c79a98b106899a9291567938627a7c45a694bd3909f7,9f7348dc5bda16da0418a35c8a0392679e83475fc43d41fbdc410feaeff96394
seed102_fbig0.10,102,0.1,2000,bh,all,20000,0,0.0,-0.0007382098765432097,0,0.0014534883720930232,0.0015432098765432098,c78685ff4a79bc2cc19a36f2761f5ccc6d3c190da0b479914693f722bcdbf04a,ad99c63f5279cd5c14b39fded2e72e6c91cfd0c23f29857a85a26c600fd1cfb0,c1c42ba3ce84498584f06829c353d925b0c4afd903b11d340cbe131a4c604d35,da0cd6252c8a6688f9a42642b3d24c48eb9028aed12d7c1ebe266e332754c4be
seed102_fbig0.10,102,0.1,2000,bh,big,2007,0,0.0,-0.0007382098765432097,0,0.0014534883720930232,0.0015432098765432098,c78685ff4a79bc2cc19a36f2761f5ccc6d3c190da0b479914693f722bcdbf04a,ad99c63f5279cd5c14b39fded2e72e6c91cfd0c23f29857a85a26c600fd1cfb0,c1c42ba3ce84498584f06829c353d925b0c4afd903b11d340cbe131a4c604d35,da0cd6252c8a6688f9a42642b3d24c48eb9028aed12d7c1ebe266e332754c4be
seed102_fbig0.10,102,0.1,2000,bh,within_tolerance,17746,0,0.0,-0.0007382098765432097,0,0.0014534883720930232,0.0015432098765432098,c78685ff4a79bc2cc19a36f2761f5ccc6d3c190da0b479914693f722bcdbf04a,ad99c63f5279cd5c14b39fded2e72e6c91cfd0c23f29857a85a26c600fd1cfb0,c1c42ba3ce84498584f06829c353d925b0c4afd903b11d340cbe131a4c604d35,da0cd6252c8a6688f9a42642b3d24c48eb9028aed12d7c1ebe266e332754c4be
seed102_fbig0.10,102,0.1,2000,bh,outside_tolerance,2254,0,0.0,-0.0007382098765432097,0,0.0014534883720930232,0.0015432098765432098,c78685ff4a79bc2cc19a36f2761f5ccc6d3c190da0b479914693f722bcdbf04a,ad99c63f5279cd5c14b39fded2e72e6c91cfd0c23f29857a85a26c600fd1cfb0,c1c42ba3ce84498584f06829c353d925b0c4afd903b11d340cbe131a4c604d35,da0cd6252c8a6688f9a42642b3d24c48eb9028aed12d7c1ebe266e332754c4be
seed102_fbig0.10,102,0.1,2000,bh,misfit,540,0,0.0,-0.0007382098765432097,0,0.0014534883720930232,0.0015432098765432098,c78685ff4a79bc2cc19a36f2761f5ccc6d3c190da0b479914693f722bcdbf04a,ad99c63f5279cd5c14b39fded2e72e6c91cfd0c23f29857a85a26c600fd1cfb0,c1c42ba3ce84498584f06829c353d925b0c4afd903b11d340cbe131a4c604d35,da0cd6252c8a6688f9a42642b3d24c48eb9028aed12d7c1ebe266e332754c4be
seed102_fbig0.10,102,0.1,2000,bh,twosheet_back,1000,0,0.0,-0.0007382098765432097,0,0.0014534883720930232,0.0015432098765432098,c78685ff4a79bc2cc19a36f2761f5ccc6d3c190da0b479914693f722bcdbf04a,ad99c63f5279cd5c14b39fded2e72e6c91cfd0c23f29857a85a26c600fd1cfb0,c1c42ba3ce84498584f06829c353d925b0c4afd903b11d340cbe131a4c604d35,da0cd6252c8a6688f9a42642b3d24c48eb9028aed12d7c1ebe266e332754c4be
seed102_fbig0.10,102,0.1,2000,bh,twosheet_front,1000,0,0.0,-0.0007382098765432097,0,0.0014534883720930232,0.0015432098765432098,c78685ff4a79bc2cc19a36f2761f5ccc6d3c190da0b479914693f722bcdbf04a,ad99c63f5279cd5c14b39fded2e72e6c91cfd0c23f29857a85a26c600fd1cfb0,c1c42ba3ce84498584f06829c353d925b0c4afd903b11d340cbe131a4c604d35,da0cd6252c8a6688f9a42642b3d24c48eb9028aed12d7c1ebe266e332754c4be
seed102_fbig0.10,102,0.1,2000,bh,base,15453,0,0.0,-0.0007382098765432097,0,0.0014534883720930232,0.0015432098765432098,c78685ff4a79bc2cc19a36f2761f5ccc6d3c190da0b479914693f722bcdbf04a,ad99c63f5279cd5c14b39fded2e72e6c91cfd0c23f29857a85a26c600fd1cfb0,c1c42ba3ce84498584f06829c353d925b0c4afd903b11d340cbe131a4c604d35,da0cd6252c8a6688f9a42642b3d24c48eb9028aed12d7c1ebe266e332754c4be
seed102_fbig0.10,102,0.1,2000,bh,wrong_association,2551,0,0.0,-0.0007382098765432097,0,0.0014534883720930232,0.0015432098765432098,c78685ff4a79bc2cc19a36f2761f5ccc6d3c190da0b479914693f722bcdbf04a,ad99c63f5279cd5c14b39fded2e72e6c91cfd0c23f29857a85a26c600fd1cfb0,c1c42ba3ce84498584f06829c353d925b0c4afd903b11d340cbe131a4c604d35,da0cd6252c8a6688f9a42642b3d24c48eb9028aed12d7c1ebe266e332754c4be
seed102_fbig0.10,102,0.1,2000,bh,misfit_within_tolerance,526,0,0.0,-0.0007382098765432097,0,0.0014534883720930232,0.0015432098765432098,c78685ff4a79bc2cc19a36f2761f5ccc6d3c190da0b479914693f722bcdbf04a,ad99c63f5279cd5c14b39fded2e72e6c91cfd0c23f29857a85a26c600fd1cfb0,c1c42ba3ce84498584f06829c353d925b0c4afd903b11d340cbe131a4c604d35,da0cd6252c8a6688f9a42642b3d24c48eb9028aed12d7c1ebe266e332754c4be
seed102_fbig0.10,102,0.1,2000,bh,back_within_tolerance,987,0,0.0,-0.0007382098765432097,0,0.0014534883720930232,0.0015432098765432098,c78685ff4a79bc2cc19a36f2761f5ccc6d3c190da0b479914693f722bcdbf04a,ad99c63f5279cd5c14b39fded2e72e6c91cfd0c23f29857a85a26c600fd1cfb0,c1c42ba3ce84498584f06829c353d925b0c4afd903b11d340cbe131a4c604d35,da0cd6252c8a6688f9a42642b3d24c48eb9028aed12d7c1ebe266e332754c4be
seed102_fbig0.10,102,0.1,2000,pointwise,all,20000,4001,0.20005,-0.0007382098765432097,0,0.0014534883720930232,0.0015432098765432098,c78685ff4a79bc2cc19a36f2761f5ccc6d3c190da0b479914693f722bcdbf04a,ad99c63f5279cd5c14b39fded2e72e6c91cfd0c23f29857a85a26c600fd1cfb0,c1c42ba3ce84498584f06829c353d925b0c4afd903b11d340cbe131a4c604d35,da0cd6252c8a6688f9a42642b3d24c48eb9028aed12d7c1ebe266e332754c4be
seed102_fbig0.10,102,0.1,2000,pointwise,big,2007,1690,0.8420528151469856,-0.0007382098765432097,0,0.0014534883720930232,0.0015432098765432098,c78685ff4a79bc2cc19a36f2761f5ccc6d3c190da0b479914693f722bcdbf04a,ad99c63f5279cd5c14b39fded2e72e6c91cfd0c23f29857a85a26c600fd1cfb0,c1c42ba3ce84498584f06829c353d925b0c4afd903b11d340cbe131a4c604d35,da0cd6252c8a6688f9a42642b3d24c48eb9028aed12d7c1ebe266e332754c4be
seed102_fbig0.10,102,0.1,2000,pointwise,within_tolerance,17746,2213,0.12470415868364702,-0.0007382098765432097,0,0.0014534883720930232,0.0015432098765432098,c78685ff4a79bc2cc19a36f2761f5ccc6d3c190da0b479914693f722bcdbf04a,ad99c63f5279cd5c14b39fded2e72e6c91cfd0c23f29857a85a26c600fd1cfb0,c1c42ba3ce84498584f06829c353d925b0c4afd903b11d340cbe131a4c604d35,da0cd6252c8a6688f9a42642b3d24c48eb9028aed12d7c1ebe266e332754c4be
seed102_fbig0.10,102,0.1,2000,pointwise,outside_tolerance,2254,1788,0.7932564330079858,-0.0007382098765432097,0,0.0014534883720930232,0.0015432098765432098,c78685ff4a79bc2cc19a36f2761f5ccc6d3c190da0b479914693f722bcdbf04a,ad99c63f5279cd5c14b39fded2e72e6c91cfd0c23f29857a85a26c600fd1cfb0,c1c42ba3ce84498584f06829c353d925b0c4afd903b11d340cbe131a4c604d35,da0cd6252c8a6688f9a42642b3d24c48eb9028aed12d7c1ebe266e332754c4be
seed102_fbig0.10,102,0.1,2000,pointwise,misfit,540,438,0.8111111111111111,-0.0007382098765432097,0,0.0014534883720930232,0.0015432098765432098,c78685ff4a79bc2cc19a36f2761f5ccc6d3c190da0b479914693f722bcdbf04a,ad99c63f5279cd5c14b39fded2e72e6c91cfd0c23f29857a85a26c600fd1cfb0,c1c42ba3ce84498584f06829c353d925b0c4afd903b11d340cbe131a4c604d35,da0cd6252c8a6688f9a42642b3d24c48eb9028aed12d7c1ebe266e332754c4be
seed102_fbig0.10,102,0.1,2000,pointwise,twosheet_back,1000,766,0.766,-0.0007382098765432097,0,0.0014534883720930232,0.0015432098765432098,c78685ff4a79bc2cc19a36f2761f5ccc6d3c190da0b479914693f722bcdbf04a,ad99c63f5279cd5c14b39fded2e72e6c91cfd0c23f29857a85a26c600fd1cfb0,c1c42ba3ce84498584f06829c353d925b0c4afd903b11d340cbe131a4c604d35,da0cd6252c8a6688f9a42642b3d24c48eb9028aed12d7c1ebe266e332754c4be
seed102_fbig0.10,102,0.1,2000,pointwise,twosheet_front,1000,61,0.061,-0.0007382098765432097,0,0.0014534883720930232,0.0015432098765432098,c78685ff4a79bc2cc19a36f2761f5ccc6d3c190da0b479914693f722bcdbf04a,ad99c63f5279cd5c14b39fded2e72e6c91cfd0c23f29857a85a26c600fd1cfb0,c1c42ba3ce84498584f06829c353d925b0c4afd903b11d340cbe131a4c604d35,da0cd6252c8a6688f9a42642b3d24c48eb9028aed12d7c1ebe266e332754c4be
seed102_fbig0.10,102,0.1,2000,pointwise,base,15453,1046,0.0676891218533618,-0.0007382098765432097,0,0.0014534883720930232,0.0015432098765432098,c78685ff4a79bc2cc19a36f2761f5ccc6d3c190da0b479914693f722bcdbf04a,ad99c63f5279cd5c14b39fded2e72e6c91cfd0c23f29857a85a26c600fd1cfb0,c1c42ba3ce84498584f06829c353d925b0c4afd903b11d340cbe131a4c604d35,da0cd6252c8a6688f9a42642b3d24c48eb9028aed12d7c1ebe266e332754c4be
seed102_fbig0.10,102,0.1,2000,pointwise,wrong_association,2551,479,0.18776950215601726,-0.0007382098765432097,0,0.0014534883720930232,0.0015432098765432098,c78685ff4a79bc2cc19a36f2761f5ccc6d3c190da0b479914693f722bcdbf04a,ad99c63f5279cd5c14b39fded2e72e6c91cfd0c23f29857a85a26c600fd1cfb0,c1c42ba3ce84498584f06829c353d925b0c4afd903b11d340cbe131a4c604d35,da0cd6252c8a6688f9a42642b3d24c48eb9028aed12d7c1ebe266e332754c4be
seed102_fbig0.10,102,0.1,2000,pointwise,misfit_within_tolerance,526,427,0.811787072243346,-0.0007382098765432097,0,0.0014534883720930232,0.0015432098765432098,c78685ff4a79bc2cc19a36f2761f5ccc6d3c190da0b479914693f722bcdbf04a,ad99c63f5279cd5c14b39fded2e72e6c91cfd0c23f29857a85a26c600fd1cfb0,c1c42ba3ce84498584f06829c353d925b0c4afd903b11d340cbe131a4c604d35,da0cd6252c8a6688f9a42642b3d24c48eb9028aed12d7c1ebe266e332754c4be
seed102_fbig0.10,102,0.1,2000,pointwise,back_within_tolerance,987,754,0.7639311043566362,-0.0007382098765432097,0,0.0014534883720930232,0.0015432098765432098,c78685ff4a79bc2cc19a36f2761f5ccc6d3c190da0b479914693f722bcdbf04a,ad99c63f5279cd5c14b39fded2e72e6c91cfd0c23f29857a85a26c600fd1cfb0,c1c42ba3ce84498584f06829c353d925b0c4afd903b11d340cbe131a4c604d35,da0cd6252c8a6688f9a42642b3d24c48eb9028aed12d7c1ebe266e332754c4be
seed102_fbig0.10,102,0.1,8000,bh,all,20000,0,0.0,-0.00029638943248532293,0,0.0003595828838547285,0.0003913894324853229,c78685ff4a79bc2cc19a36f2761f5ccc6d3c190da0b479914693f722bcdbf04a,ad99c63f5279cd5c14b39fded2e72e6c91cfd0c23f29857a85a26c600fd1cfb0,f13dd9d8e45f8f2522ab8c1fe0cf5a8c7f8398997be6a38f6754e9fd59f30ec5,769a92deb2905fcf902202f7254d6dea94cb4fc58ab6c8d5eb19a00a257f9e4b
seed102_fbig0.10,102,0.1,8000,bh,big,2007,0,0.0,-0.00029638943248532293,0,0.0003595828838547285,0.0003913894324853229,c78685ff4a79bc2cc19a36f2761f5ccc6d3c190da0b479914693f722bcdbf04a,ad99c63f5279cd5c14b39fded2e72e6c91cfd0c23f29857a85a26c600fd1cfb0,f13dd9d8e45f8f2522ab8c1fe0cf5a8c7f8398997be6a38f6754e9fd59f30ec5,769a92deb2905fcf902202f7254d6dea94cb4fc58ab6c8d5eb19a00a257f9e4b
seed102_fbig0.10,102,0.1,8000,bh,within_tolerance,17746,0,0.0,-0.00029638943248532293,0,0.0003595828838547285,0.0003913894324853229,c78685ff4a79bc2cc19a36f2761f5ccc6d3c190da0b479914693f722bcdbf04a,ad99c63f5279cd5c14b39fded2e72e6c91cfd0c23f29857a85a26c600fd1cfb0,f13dd9d8e45f8f2522ab8c1fe0cf5a8c7f8398997be6a38f6754e9fd59f30ec5,769a92deb2905fcf902202f7254d6dea94cb4fc58ab6c8d5eb19a00a257f9e4b
seed102_fbig0.10,102,0.1,8000,bh,outside_tolerance,2254,0,0.0,-0.00029638943248532293,0,0.0003595828838547285,0.0003913894324853229,c78685ff4a79bc2cc19a36f2761f5ccc6d3c190da0b479914693f722bcdbf04a,ad99c63f5279cd5c14b39fded2e72e6c91cfd0c23f29857a85a26c600fd1cfb0,f13dd9d8e45f8f2522ab8c1fe0cf5a8c7f8398997be6a38f6754e9fd59f30ec5,769a92deb2905fcf902202f7254d6dea94cb4fc58ab6c8d5eb19a00a257f9e4b
seed102_fbig0.10,102,0.1,8000,bh,misfit,540,0,0.0,-0.00029638943248532293,0,0.0003595828838547285,0.0003913894324853229,c78685ff4a79bc2cc19a36f2761f5ccc6d3c190da0b479914693f722bcdbf04a,ad99c63f5279cd5c14b39fded2e72e6c91cfd0c23f29857a85a26c600fd1cfb0,f13dd9d8e45f8f2522ab8c1fe0cf5a8c7f8398997be6a38f6754e9fd59f30ec5,769a92deb2905fcf902202f7254d6dea94cb4fc58ab6c8d5eb19a00a257f9e4b
seed102_fbig0.10,102,0.1,8000,bh,twosheet_back,1000,0,0.0,-0.00029638943248532293,0,0.0003595828838547285,0.0003913894324853229,c78685ff4a79bc2cc19a36f2761f5ccc6d3c190da0b479914693f722bcdbf04a,ad99c63f5279cd5c14b39fded2e72e6c91cfd0c23f29857a85a26c600fd1cfb0,f13dd9d8e45f8f2522ab8c1fe0cf5a8c7f8398997be6a38f6754e9fd59f30ec5,769a92deb2905fcf902202f7254d6dea94cb4fc58ab6c8d5eb19a00a257f9e4b
seed102_fbig0.10,102,0.1,8000,bh,twosheet_front,1000,0,0.0,-0.00029638943248532293,0,0.0003595828838547285,0.0003913894324853229,c78685ff4a79bc2cc19a36f2761f5ccc6d3c190da0b479914693f722bcdbf04a,ad99c63f5279cd5c14b39fded2e72e6c91cfd0c23f29857a85a26c600fd1cfb0,f13dd9d8e45f8f2522ab8c1fe0cf5a8c7f8398997be6a38f6754e9fd59f30ec5,769a92deb2905fcf902202f7254d6dea94cb4fc58ab6c8d5eb19a00a257f9e4b
seed102_fbig0.10,102,0.1,8000,bh,base,15453,0,0.0,-0.00029638943248532293,0,0.0003595828838547285,0.0003913894324853229,c78685ff4a79bc2cc19a36f2761f5ccc6d3c190da0b479914693f722bcdbf04a,ad99c63f5279cd5c14b39fded2e72e6c91cfd0c23f29857a85a26c600fd1cfb0,f13dd9d8e45f8f2522ab8c1fe0cf5a8c7f8398997be6a38f6754e9fd59f30ec5,769a92deb2905fcf902202f7254d6dea94cb4fc58ab6c8d5eb19a00a257f9e4b
seed102_fbig0.10,102,0.1,8000,bh,wrong_association,2551,0,0.0,-0.00029638943248532293,0,0.0003595828838547285,0.0003913894324853229,c78685ff4a79bc2cc19a36f2761f5ccc6d3c190da0b479914693f722bcdbf04a,ad99c63f5279cd5c14b39fded2e72e6c91cfd0c23f29857a85a26c600fd1cfb0,f13dd9d8e45f8f2522ab8c1fe0cf5a8c7f8398997be6a38f6754e9fd59f30ec5,769a92deb2905fcf902202f7254d6dea94cb4fc58ab6c8d5eb19a00a257f9e4b
seed102_fbig0.10,102,0.1,8000,bh,misfit_within_tolerance,526,0,0.0,-0.00029638943248532293,0,0.0003595828838547285,0.0003913894324853229,c78685ff4a79bc2cc19a36f2761f5ccc6d3c190da0b479914693f722bcdbf04a,ad99c63f5279cd5c14b39fded2e72e6c91cfd0c23f29857a85a26c600fd1cfb0,f13dd9d8e45f8f2522ab8c1fe0cf5a8c7f8398997be6a38f6754e9fd59f30ec5,769a92deb2905fcf902202f7254d6dea94cb4fc58ab6c8d5eb19a00a257f9e4b
seed102_fbig0.10,102,0.1,8000,bh,back_within_tolerance,987,0,0.0,-0.00029638943248532293,0,0.0003595828838547285,0.0003913894324853229,c78685ff4a79bc2cc19a36f2761f5ccc6d3c190da0b479914693f722bcdbf04a,ad99c63f5279cd5c14b39fded2e72e6c91cfd0c23f29857a85a26c600fd1cfb0,f13dd9d8e45f8f2522ab8c1fe0cf5a8c7f8398997be6a38f6754e9fd59f30ec5,769a92deb2905fcf902202f7254d6dea94cb4fc58ab6c8d5eb19a00a257f9e4b
seed102_fbig0.10,102,0.1,8000,pointwise,all,20000,3941,0.19705,-0.00029638943248532293,0,0.0003595828838547285,0.0003913894324853229,c78685ff4a79bc2cc19a36f2761f5ccc6d3c190da0b479914693f722bcdbf04a,ad99c63f5279cd5c14b39fded2e72e6c91cfd0c23f29857a85a26c600fd1cfb0,f13dd9d8e45f8f2522ab8c1fe0cf5a8c7f8398997be6a38f6754e9fd59f30ec5,769a92deb2905fcf902202f7254d6dea94cb4fc58ab6c8d5eb19a00a257f9e4b
seed102_fbig0.10,102,0.1,8000,pointwise,big,2007,1693,0.8435475834578974,-0.00029638943248532293,0,0.0003595828838547285,0.0003913894324853229,c78685ff4a79bc2cc19a36f2761f5ccc6d3c190da0b479914693f722bcdbf04a,ad99c63f5279cd5c14b39fded2e72e6c91cfd0c23f29857a85a26c600fd1cfb0,f13dd9d8e45f8f2522ab8c1fe0cf5a8c7f8398997be6a38f6754e9fd59f30ec5,769a92deb2905fcf902202f7254d6dea94cb4fc58ab6c8d5eb19a00a257f9e4b
seed102_fbig0.10,102,0.1,8000,pointwise,within_tolerance,17746,2150,0.12115406288741125,-0.00029638943248532293,0,0.0003595828838547285,0.0003913894324853229,c78685ff4a79bc2cc19a36f2761f5ccc6d3c190da0b479914693f722bcdbf04a,ad99c63f5279cd5c14b39fded2e72e6c91cfd0c23f29857a85a26c600fd1cfb0,f13dd9d8e45f8f2522ab8c1fe0cf5a8c7f8398997be6a38f6754e9fd59f30ec5,769a92deb2905fcf902202f7254d6dea94cb4fc58ab6c8d5eb19a00a257f9e4b
seed102_fbig0.10,102,0.1,8000,pointwise,outside_tolerance,2254,1791,0.7945874001774623,-0.00029638943248532293,0,0.0003595828838547285,0.0003913894324853229,c78685ff4a79bc2cc19a36f2761f5ccc6d3c190da0b479914693f722bcdbf04a,ad99c63f5279cd5c14b39fded2e72e6c91cfd0c23f29857a85a26c600fd1cfb0,f13dd9d8e45f8f2522ab8c1fe0cf5a8c7f8398997be6a38f6754e9fd59f30ec5,769a92deb2905fcf902202f7254d6dea94cb4fc58ab6c8d5eb19a00a257f9e4b
seed102_fbig0.10,102,0.1,8000,pointwise,misfit,540,439,0.812962962962963,-0.00029638943248532293,0,0.0003595828838547285,0.0003913894324853229,c78685ff4a79bc2cc19a36f2761f5ccc6d3c190da0b479914693f722bcdbf04a,ad99c63f5279cd5c14b39fded2e72e6c91cfd0c23f29857a85a26c600fd1cfb0,f13dd9d8e45f8f2522ab8c1fe0cf5a8c7f8398997be6a38f6754e9fd59f30ec5,769a92deb2905fcf902202f7254d6dea94cb4fc58ab6c8d5eb19a00a257f9e4b
seed102_fbig0.10,102,0.1,8000,pointwise,twosheet_back,1000,771,0.771,-0.00029638943248532293,0,0.0003595828838547285,0.0003913894324853229,c78685ff4a79bc2cc19a36f2761f5ccc6d3c190da0b479914693f722bcdbf04a,ad99c63f5279cd5c14b39fded2e72e6c91cfd0c23f29857a85a26c600fd1cfb0,f13dd9d8e45f8f2522ab8c1fe0cf5a8c7f8398997be6a38f6754e9fd59f30ec5,769a92deb2905fcf902202f7254d6dea94cb4fc58ab6c8d5eb19a00a257f9e4b
seed102_fbig0.10,102,0.1,8000,pointwise,twosheet_front,1000,57,0.057,-0.00029638943248532293,0,0.0003595828838547285,0.0003913894324853229,c78685ff4a79bc2cc19a36f2761f5ccc6d3c190da0b479914693f722bcdbf04a,ad99c63f5279cd5c14b39fded2e72e6c91cfd0c23f29857a85a26c600fd1cfb0,f13dd9d8e45f8f2522ab8c1fe0cf5a8c7f8398997be6a38f6754e9fd59f30ec5,769a92deb2905fcf902202f7254d6dea94cb4fc58ab6c8d5eb19a00a257f9e4b
seed102_fbig0.10,102,0.1,8000,pointwise,base,15453,981,0.0634828188701223,-0.00029638943248532293,0,0.0003595828838547285,0.0003913894324853229,c78685ff4a79bc2cc19a36f2761f5ccc6d3c190da0b479914693f722bcdbf04a,ad99c63f5279cd5c14b39fded2e72e6c91cfd0c23f29857a85a26c600fd1cfb0,f13dd9d8e45f8f2522ab8c1fe0cf5a8c7f8398997be6a38f6754e9fd59f30ec5,769a92deb2905fcf902202f7254d6dea94cb4fc58ab6c8d5eb19a00a257f9e4b
seed102_fbig0.10,102,0.1,8000,pointwise,wrong_association,2551,475,0.1862014896119169,-0.00029638943248532293,0,0.0003595828838547285,0.0003913894324853229,c78685ff4a79bc2cc19a36f2761f5ccc6d3c190da0b479914693f722bcdbf04a,ad99c63f5279cd5c14b39fded2e72e6c91cfd0c23f29857a85a26c600fd1cfb0,f13dd9d8e45f8f2522ab8c1fe0cf5a8c7f8398997be6a38f6754e9fd59f30ec5,769a92deb2905fcf902202f7254d6dea94cb4fc58ab6c8d5eb19a00a257f9e4b
seed102_fbig0.10,102,0.1,8000,pointwise,misfit_within_tolerance,526,428,0.8136882129277566,-0.00029638943248532293,0,0.0003595828838547285,0.0003913894324853229,c78685ff4a79bc2cc19a36f2761f5ccc6d3c190da0b479914693f722bcdbf04a,ad99c63f5279cd5c14b39fded2e72e6c91cfd0c23f29857a85a26c600fd1cfb0,f13dd9d8e45f8f2522ab8c1fe0cf5a8c7f8398997be6a38f6754e9fd59f30ec5,769a92deb2905fcf902202f7254d6dea94cb4fc58ab6c8d5eb19a00a257f9e4b
seed102_fbig0.10,102,0.1,8000,pointwise,back_within_tolerance,987,759,0.7689969604863222,-0.00029638943248532293,0,0.0003595828838547285,0.0003913894324853229,c78685ff4a79bc2cc19a36f2761f5ccc6d3c190da0b479914693f722bcdbf04a,ad99c63f5279cd5c14b39fded2e72e6c91cfd0c23f29857a85a26c600fd1cfb0,f13dd9d8e45f8f2522ab8c1fe0cf5a8c7f8398997be6a38f6754e9fd59f30ec5,769a92deb2905fcf902202f7254d6dea94cb4fc58ab6c8d5eb19a00a257f9e4b
seed102_fbig0.10,102,0.1,32000,bh,all,20000,0,0.0,-0.0001786715951878042,0,9.18357975939021e-05,9.473285335354301e-05,c78685ff4a79bc2cc19a36f2761f5ccc6d3c190da0b479914693f722bcdbf04a,ad99c63f5279cd5c14b39fded2e72e6c91cfd0c23f29857a85a26c600fd1cfb0,767d9f1a785d288b88b0bedbfe04b643fb956f95271bb386ff38481786f75a7b,b3fa9f933671f65b64ade5faedfd3c699a394d3a19a16b3636e24a064403c0f0
seed102_fbig0.10,102,0.1,32000,bh,big,2007,0,0.0,-0.0001786715951878042,0,9.18357975939021e-05,9.473285335354301e-05,c78685ff4a79bc2cc19a36f2761f5ccc6d3c190da0b479914693f722bcdbf04a,ad99c63f5279cd5c14b39fded2e72e6c91cfd0c23f29857a85a26c600fd1cfb0,767d9f1a785d288b88b0bedbfe04b643fb956f95271bb386ff38481786f75a7b,b3fa9f933671f65b64ade5faedfd3c699a394d3a19a16b3636e24a064403c0f0
seed102_fbig0.10,102,0.1,32000,bh,within_tolerance,17746,0,0.0,-0.0001786715951878042,0,9.18357975939021e-05,9.473285335354301e-05,c78685ff4a79bc2cc19a36f2761f5ccc6d3c190da0b479914693f722bcdbf04a,ad99c63f5279cd5c14b39fded2e72e6c91cfd0c23f29857a85a26c600fd1cfb0,767d9f1a785d288b88b0bedbfe04b643fb956f95271bb386ff38481786f75a7b,b3fa9f933671f65b64ade5faedfd3c699a394d3a19a16b3636e24a064403c0f0
seed102_fbig0.10,102,0.1,32000,bh,outside_tolerance,2254,0,0.0,-0.0001786715951878042,0,9.18357975939021e-05,9.473285335354301e-05,c78685ff4a79bc2cc19a36f2761f5ccc6d3c190da0b479914693f722bcdbf04a,ad99c63f5279cd5c14b39fded2e72e6c91cfd0c23f29857a85a26c600fd1cfb0,767d9f1a785d288b88b0bedbfe04b643fb956f95271bb386ff38481786f75a7b,b3fa9f933671f65b64ade5faedfd3c699a394d3a19a16b3636e24a064403c0f0
seed102_fbig0.10,102,0.1,32000,bh,misfit,540,0,0.0,-0.0001786715951878042,0,9.18357975939021e-05,9.473285335354301e-05,c78685ff4a79bc2cc19a36f2761f5ccc6d3c190da0b479914693f722bcdbf04a,ad99c63f5279cd5c14b39fded2e72e6c91cfd0c23f29857a85a26c600fd1cfb0,767d9f1a785d288b88b0bedbfe04b643fb956f95271bb386ff38481786f75a7b,b3fa9f933671f65b64ade5faedfd3c699a394d3a19a16b3636e24a064403c0f0
seed102_fbig0.10,102,0.1,32000,bh,twosheet_back,1000,0,0.0,-0.0001786715951878042,0,9.18357975939021e-05,9.473285335354301e-05,c78685ff4a79bc2cc19a36f2761f5ccc6d3c190da0b479914693f722bcdbf04a,ad99c63f5279cd5c14b39fded2e72e6c91cfd0c23f29857a85a26c600fd1cfb0,767d9f1a785d288b88b0bedbfe04b643fb956f95271bb386ff38481786f75a7b,b3fa9f933671f65b64ade5faedfd3c699a394d3a19a16b3636e24a064403c0f0
seed102_fbig0.10,102,0.1,32000,bh,twosheet_front,1000,0,0.0,-0.0001786715951878042,0,9.18357975939021e-05,9.473285335354301e-05,c78685ff4a79bc2cc19a36f2761f5ccc6d3c190da0b479914693f722bcdbf04a,ad99c63f5279cd5c14b39fded2e72e6c91cfd0c23f29857a85a26c600fd1cfb0,767d9f1a785d288b88b0bedbfe04b643fb956f95271bb386ff38481786f75a7b,b3fa9f933671f65b64ade5faedfd3c699a394d3a19a16b3636e24a064403c0f0
seed102_fbig0.10,102,0.1,32000,bh,base,15453,0,0.0,-0.0001786715951878042,0,9.18357975939021e-05,9.473285335354301e-05,c78685ff4a79bc2cc19a36f2761f5ccc6d3c190da0b479914693f722bcdbf04a,ad99c63f5279cd5c14b39fded2e72e6c91cfd0c23f29857a85a26c600fd1cfb0,767d9f1a785d288b88b0bedbfe04b643fb956f95271bb386ff38481786f75a7b,b3fa9f933671f65b64ade5faedfd3c699a394d3a19a16b3636e24a064403c0f0
seed102_fbig0.10,102,0.1,32000,bh,wrong_association,2551,0,0.0,-0.0001786715951878042,0,9.18357975939021e-05,9.473285335354301e-05,c78685ff4a79bc2cc19a36f2761f5ccc6d3c190da0b479914693f722bcdbf04a,ad99c63f5279cd5c14b39fded2e72e6c91cfd0c23f29857a85a26c600fd1cfb0,767d9f1a785d288b88b0bedbfe04b643fb956f95271bb386ff38481786f75a7b,b3fa9f933671f65b64ade5faedfd3c699a394d3a19a16b3636e24a064403c0f0
seed102_fbig0.10,102,0.1,32000,bh,misfit_within_tolerance,526,0,0.0,-0.0001786715951878042,0,9.18357975939021e-05,9.473285335354301e-05,c78685ff4a79bc2cc19a36f2761f5ccc6d3c190da0b479914693f722bcdbf04a,ad99c63f5279cd5c14b39fded2e72e6c91cfd0c23f29857a85a26c600fd1cfb0,767d9f1a785d288b88b0bedbfe04b643fb956f95271bb386ff38481786f75a7b,b3fa9f933671f65b64ade5faedfd3c699a394d3a19a16b3636e24a064403c0f0
seed102_fbig0.10,102,0.1,32000,bh,back_within_tolerance,987,0,0.0,-0.0001786715951878042,0,9.18357975939021e-05,9.473285335354301e-05,c78685ff4a79bc2cc19a36f2761f5ccc6d3c190da0b479914693f722bcdbf04a,ad99c63f5279cd5c14b39fded2e72e6c91cfd0c23f29857a85a26c600fd1cfb0,767d9f1a785d288b88b0bedbfe04b643fb956f95271bb386ff38481786f75a7b,b3fa9f933671f65b64ade5faedfd3c699a394d3a19a16b3636e24a064403c0f0
seed102_fbig0.10,102,0.1,32000,pointwise,all,20000,4187,0.20935,-0.0001786715951878042,0,9.18357975939021e-05,9.473285335354301e-05,c78685ff4a79bc2cc19a36f2761f5ccc6d3c190da0b479914693f722bcdbf04a,ad99c63f5279cd5c14b39fded2e72e6c91cfd0c23f29857a85a26c600fd1cfb0,767d9f1a785d288b88b0bedbfe04b643fb956f95271bb386ff38481786f75a7b,b3fa9f933671f65b64ade5faedfd3c699a394d3a19a16b3636e24a064403c0f0
seed102_fbig0.10,102,0.1,32000,pointwise,big,2007,1705,0.8495266567015446,-0.0001786715951878042,0,9.18357975939021e-05,9.473285335354301e-05,c78685ff4a79bc2cc19a36f2761f5ccc6d3c190da0b479914693f722bcdbf04a,ad99c63f5279cd5c14b39fded2e72e6c91cfd0c23f29857a85a26c600fd1cfb0,767d9f1a785d288b88b0bedbfe04b643fb956f95271bb386ff38481786f75a7b,b3fa9f933671f65b64ade5faedfd3c699a394d3a19a16b3636e24a064403c0f0
seed102_fbig0.10,102,0.1,32000,pointwise,within_tolerance,17746,2377,0.1339456778992449,-0.0001786715951878042,0,9.18357975939021e-05,9.473285335354301e-05,c78685ff4a79bc2cc19a36f2761f5ccc6d3c190da0b479914693f722bcdbf04a,ad99c63f5279cd5c14b39fded2e72e6c91cfd0c23f29857a85a26c600fd1cfb0,767d9f1a785d288b88b0bedbfe04b643fb956f95271bb386ff38481786f75a7b,b3fa9f933671f65b64ade5faedfd3c699a394d3a19a16b3636e24a064403c0f0
seed102_fbig0.10,102,0.1,32000,pointwise,outside_tolerance,2254,1810,0.80301685891748,-0.0001786715951878042,0,9.18357975939021e-05,9.473285335354301e-05,c78685ff4a79bc2cc19a36f2761f5ccc6d3c190da0b479914693f722bcdbf04a,ad99c63f5279cd5c14b39fded2e72e6c91cfd0c23f29857a85a26c600fd1cfb0,767d9f1a785d288b88b0bedbfe04b643fb956f95271bb386ff38481786f75a7b,b3fa9f933671f65b64ade5faedfd3c699a394d3a19a16b3636e24a064403c0f0
seed102_fbig0.10,102,0.1,32000,pointwise,misfit,540,441,0.8166666666666667,-0.0001786715951878042,0,9.18357975939021e-05,9.473285335354301e-05,c78685ff4a79bc2cc19a36f2761f5ccc6d3c190da0b479914693f722bcdbf04a,ad99c63f5279cd5c14b39fded2e72e6c91cfd0c23f29857a85a26c600fd1cfb0,767d9f1a785d288b88b0bedbfe04b643fb956f95271bb386ff38481786f75a7b,b3fa9f933671f65b64ade5faedfd3c699a394d3a19a16b3636e24a064403c0f0
seed102_fbig0.10,102,0.1,32000,pointwise,twosheet_back,1000,782,0.782,-0.0001786715951878042,0,9.18357975939021e-05,9.473285335354301e-05,c78685ff4a79bc2cc19a36f2761f5ccc6d3c190da0b479914693f722bcdbf04a,ad99c63f5279cd5c14b39fded2e72e6c91cfd0c23f29857a85a26c600fd1cfb0,767d9f1a785d288b88b0bedbfe04b643fb956f95271bb386ff38481786f75a7b,b3fa9f933671f65b64ade5faedfd3c699a394d3a19a16b3636e24a064403c0f0
seed102_fbig0.10,102,0.1,32000,pointwise,twosheet_front,1000,72,0.072,-0.0001786715951878042,0,9.18357975939021e-05,9.473285335354301e-05,c78685ff4a79bc2cc19a36f2761f5ccc6d3c190da0b479914693f722bcdbf04a,ad99c63f5279cd5c14b39fded2e72e6c91cfd0c23f29857a85a26c600fd1cfb0,767d9f1a785d288b88b0bedbfe04b643fb956f95271bb386ff38481786f75a7b,b3fa9f933671f65b64ade5faedfd3c699a394d3a19a16b3636e24a064403c0f0
seed102_fbig0.10,102,0.1,32000,pointwise,base,15453,1187,0.07681356370931211,-0.0001786715951878042,0,9.18357975939021e-05,9.473285335354301e-05,c78685ff4a79bc2cc19a36f2761f5ccc6d3c190da0b479914693f722bcdbf04a,ad99c63f5279cd5c14b39fded2e72e6c91cfd0c23f29857a85a26c600fd1cfb0,767d9f1a785d288b88b0bedbfe04b643fb956f95271bb386ff38481786f75a7b,b3fa9f933671f65b64ade5faedfd3c699a394d3a19a16b3636e24a064403c0f0
seed102_fbig0.10,102,0.1,32000,pointwise,wrong_association,2551,526,0.2061936495491964,-0.0001786715951878042,0,9.18357975939021e-05,9.473285335354301e-05,c78685ff4a79bc2cc19a36f2761f5ccc6d3c190da0b479914693f722bcdbf04a,ad99c63f5279cd5c14b39fded2e72e6c91cfd0c23f29857a85a26c600fd1cfb0,767d9f1a785d288b88b0bedbfe04b643fb956f95271bb386ff38481786f75a7b,b3fa9f933671f65b64ade5faedfd3c699a394d3a19a16b3636e24a064403c0f0
seed102_fbig0.10,102,0.1,32000,pointwise,misfit_within_tolerance,526,430,0.8174904942965779,-0.0001786715951878042,0,9.18357975939021e-05,9.473285335354301e-05,c78685ff4a79bc2cc19a36f2761f5ccc6d3c190da0b479914693f722bcdbf04a,ad99c63f5279cd5c14b39fded2e72e6c91cfd0c23f29857a85a26c600fd1cfb0,767d9f1a785d288b88b0bedbfe04b643fb956f95271bb386ff38481786f75a7b,b3fa9f933671f65b64ade5faedfd3c699a394d3a19a16b3636e24a064403c0f0
seed102_fbig0.10,102,0.1,32000,pointwise,back_within_tolerance,987,770,0.7801418439716312,-0.0001786715951878042,0,9.18357975939021e-05,9.473285335354301e-05,c78685ff4a79bc2cc19a36f2761f5ccc6d3c190da0b479914693f722bcdbf04a,ad99c63f5279cd5c14b39fded2e72e6c91cfd0c23f29857a85a26c600fd1cfb0,767d9f1a785d288b88b0bedbfe04b643fb956f95271bb386ff38481786f75a7b,b3fa9f933671f65b64ade5faedfd3c699a394d3a19a16b3636e24a064403c0f0
seed103_fbig0.01,103,0.01,2000,bh,all,20000,0,0.0,-0.0012990519877675842,0,0.001445086705202312,0.0015290519877675841,bb0ba70d25f98f10aba4e4f9b7131b88c073ba9830fd199e78cd89a52a32b82a,acb421b09cf2fdd98a62ef6d711f158d3cc14a162e927563103cd6d01ef1a69f,a4239d9ace3799b244bf3767e0602a751537c613e71259ca199c62274033b352,1a48524e0f10ac60f893134f385d65fb40e5e1528b3d9335161b8662916e9ba1
seed103_fbig0.01,103,0.01,2000,bh,big,202,0,0.0,-0.0012990519877675842,0,0.001445086705202312,0.0015290519877675841,bb0ba70d25f98f10aba4e4f9b7131b88c073ba9830fd199e78cd89a52a32b82a,acb421b09cf2fdd98a62ef6d711f158d3cc14a162e927563103cd6d01ef1a69f,a4239d9ace3799b244bf3767e0602a751537c613e71259ca199c62274033b352,1a48524e0f10ac60f893134f385d65fb40e5e1528b3d9335161b8662916e9ba1
seed103_fbig0.01,103,0.01,2000,bh,within_tolerance,19568,0,0.0,-0.0012990519877675842,0,0.001445086705202312,0.0015290519877675841,bb0ba70d25f98f10aba4e4f9b7131b88c073ba9830fd199e78cd89a52a32b82a,acb421b09cf2fdd98a62ef6d711f158d3cc14a162e927563103cd6d01ef1a69f,a4239d9ace3799b244bf3767e0602a751537c613e71259ca199c62274033b352,1a48524e0f10ac60f893134f385d65fb40e5e1528b3d9335161b8662916e9ba1
seed103_fbig0.01,103,0.01,2000,bh,outside_tolerance,432,0,0.0,-0.0012990519877675842,0,0.001445086705202312,0.0015290519877675841,bb0ba70d25f98f10aba4e4f9b7131b88c073ba9830fd199e78cd89a52a32b82a,acb421b09cf2fdd98a62ef6d711f158d3cc14a162e927563103cd6d01ef1a69f,a4239d9ace3799b244bf3767e0602a751537c613e71259ca199c62274033b352,1a48524e0f10ac60f893134f385d65fb40e5e1528b3d9335161b8662916e9ba1
seed103_fbig0.01,103,0.01,2000,bh,misfit,540,0,0.0,-0.0012990519877675842,0,0.001445086705202312,0.0015290519877675841,bb0ba70d25f98f10aba4e4f9b7131b88c073ba9830fd199e78cd89a52a32b82a,acb421b09cf2fdd98a62ef6d711f158d3cc14a162e927563103cd6d01ef1a69f,a4239d9ace3799b244bf3767e0602a751537c613e71259ca199c62274033b352,1a48524e0f10ac60f893134f385d65fb40e5e1528b3d9335161b8662916e9ba1
seed103_fbig0.01,103,0.01,2000,bh,twosheet_back,1000,0,0.0,-0.0012990519877675842,0,0.001445086705202312,0.0015290519877675841,bb0ba70d25f98f10aba4e4f9b7131b88c073ba9830fd199e78cd89a52a32b82a,acb421b09cf2fdd98a62ef6d711f158d3cc14a162e927563103cd6d01ef1a69f,a4239d9ace3799b244bf3767e0602a751537c613e71259ca199c62274033b352,1a48524e0f10ac60f893134f385d65fb40e5e1528b3d9335161b8662916e9ba1
seed103_fbig0.01,103,0.01,2000,bh,twosheet_front,1000,0,0.0,-0.0012990519877675842,0,0.001445086705202312,0.0015290519877675841,bb0ba70d25f98f10aba4e4f9b7131b88c073ba9830fd199e78cd89a52a32b82a,acb421b09cf2fdd98a62ef6d711f158d3cc14a162e927563103cd6d01ef1a69f,a4239d9ace3799b244bf3767e0602a751537c613e71259ca199c62274033b352,1a48524e0f10ac60f893134f385d65fb40e5e1528b3d9335161b8662916e9ba1
seed103_fbig0.01,103,0.01,2000,bh,base,17258,0,0.0,-0.0012990519877675842,0,0.001445086705202312,0.0015290519877675841,bb0ba70d25f98f10aba4e4f9b7131b88c073ba9830fd199e78cd89a52a32b82a,acb421b09cf2fdd98a62ef6d711f158d3cc14a162e927563103cd6d01ef1a69f,a4239d9ace3799b244bf3767e0602a751537c613e71259ca199c62274033b352,1a48524e0f10ac60f893134f385d65fb40e5e1528b3d9335161b8662916e9ba1
seed103_fbig0.01,103,0.01,2000,bh,wrong_association,2564,0,0.0,-0.0012990519877675842,0,0.001445086705202312,0.0015290519877675841,bb0ba70d25f98f10aba4e4f9b7131b88c073ba9830fd199e78cd89a52a32b82a,acb421b09cf2fdd98a62ef6d711f158d3cc14a162e927563103cd6d01ef1a69f,a4239d9ace3799b244bf3767e0602a751537c613e71259ca199c62274033b352,1a48524e0f10ac60f893134f385d65fb40e5e1528b3d9335161b8662916e9ba1
seed103_fbig0.01,103,0.01,2000,bh,misfit_within_tolerance,529,0,0.0,-0.0012990519877675842,0,0.001445086705202312,0.0015290519877675841,bb0ba70d25f98f10aba4e4f9b7131b88c073ba9830fd199e78cd89a52a32b82a,acb421b09cf2fdd98a62ef6d711f158d3cc14a162e927563103cd6d01ef1a69f,a4239d9ace3799b244bf3767e0602a751537c613e71259ca199c62274033b352,1a48524e0f10ac60f893134f385d65fb40e5e1528b3d9335161b8662916e9ba1
seed103_fbig0.01,103,0.01,2000,bh,back_within_tolerance,995,0,0.0,-0.0012990519877675842,0,0.001445086705202312,0.0015290519877675841,bb0ba70d25f98f10aba4e4f9b7131b88c073ba9830fd199e78cd89a52a32b82a,acb421b09cf2fdd98a62ef6d711f158d3cc14a162e927563103cd6d01ef1a69f,a4239d9ace3799b244bf3767e0602a751537c613e71259ca199c62274033b352,1a48524e0f10ac60f893134f385d65fb40e5e1528b3d9335161b8662916e9ba1
seed103_fbig0.01,103,0.01,2000,pointwise,all,20000,3299,0.16495,-0.0012990519877675842,0,0.001445086705202312,0.0015290519877675841,bb0ba70d25f98f10aba4e4f9b7131b88c073ba9830fd199e78cd89a52a32b82a,acb421b09cf2fdd98a62ef6d711f158d3cc14a162e927563103cd6d01ef1a69f,a4239d9ace3799b244bf3767e0602a751537c613e71259ca199c62274033b352,1a48524e0f10ac60f893134f385d65fb40e5e1528b3d9335161b8662916e9ba1
seed103_fbig0.01,103,0.01,2000,pointwise,big,202,171,0.8465346534653465,-0.0012990519877675842,0,0.001445086705202312,0.0015290519877675841,bb0ba70d25f98f10aba4e4f9b7131b88c073ba9830fd199e78cd89a52a32b82a,acb421b09cf2fdd98a62ef6d711f158d3cc14a162e927563103cd6d01ef1a69f,a4239d9ace3799b244bf3767e0602a751537c613e71259ca199c62274033b352,1a48524e0f10ac60f893134f385d65fb40e5e1528b3d9335161b8662916e9ba1
seed103_fbig0.01,103,0.01,2000,pointwise,within_tolerance,19568,3031,0.15489574816026166,-0.0012990519877675842,0,0.001445086705202312,0.0015290519877675841,bb0ba70d25f98f10aba4e4f9b7131b88c073ba9830fd199e78cd89a52a32b82a,acb421b09cf2fdd98a62ef6d711f158d3cc14a162e927563103cd6d01ef1a69f,a4239d9ace3799b244bf3767e0602a751537c613e71259ca199c62274033b352,1a48524e0f10ac60f893134f385d65fb40e5e1528b3d9335161b8662916e9ba1
seed103_fbig0.01,103,0.01,2000,pointwise,outside_tolerance,432,268,0.6203703703703703,-0.0012990519877675842,0,0.001445086705202312,0.0015290519877675841,bb0ba70d25f98f10aba4e4f9b7131b88c073ba9830fd199e78cd89a52a32b82a,acb421b09cf2fdd98a62ef6d711f158d3cc14a162e927563103cd6d01ef1a69f,a4239d9ace3799b244bf3767e0602a751537c613e71259ca199c62274033b352,1a48524e0f10ac60f893134f385d65fb40e5e1528b3d9335161b8662916e9ba1
seed103_fbig0.01,103,0.01,2000,pointwise,misfit,540,441,0.8166666666666667,-0.0012990519877675842,0,0.001445086705202312,0.0015290519877675841,bb0ba70d25f98f10aba4e4f9b7131b88c073ba9830fd199e78cd89a52a32b82a,acb421b09cf2fdd98a62ef6d711f158d3cc14a162e927563103cd6d01ef1a69f,a4239d9ace3799b244bf3767e0602a751537c613e71259ca199c62274033b352,1a48524e0f10ac60f893134f385d65fb40e5e1528b3d9335161b8662916e9ba1
seed103_fbig0.01,103,0.01,2000,pointwise,twosheet_back,1000,805,0.805,-0.0012990519877675842,0,0.001445086705202312,0.0015290519877675841,bb0ba70d25f98f10aba4e4f9b7131b88c073ba9830fd199e78cd89a52a32b82a,acb421b09cf2fdd98a62ef6d711f158d3cc14a162e927563103cd6d01ef1a69f,a4239d9ace3799b244bf3767e0602a751537c613e71259ca199c62274033b352,1a48524e0f10ac60f893134f385d65fb40e5e1528b3d9335161b8662916e9ba1
seed103_fbig0.01,103,0.01,2000,pointwise,twosheet_front,1000,94,0.094,-0.0012990519877675842,0,0.001445086705202312,0.0015290519877675841,bb0ba70d25f98f10aba4e4f9b7131b88c073ba9830fd199e78cd89a52a32b82a,acb421b09cf2fdd98a62ef6d711f158d3cc14a162e927563103cd6d01ef1a69f,a4239d9ace3799b244bf3767e0602a751537c613e71259ca199c62274033b352,1a48524e0f10ac60f893134f385d65fb40e5e1528b3d9335161b8662916e9ba1
seed103_fbig0.01,103,0.01,2000,pointwise,base,17258,1788,0.10360412562289953,-0.0012990519877675842,0,0.001445086705202312,0.0015290519877675841,bb0ba70d25f98f10aba4e4f9b7131b88c073ba9830fd199e78cd89a52a32b82a,acb421b09cf2fdd98a62ef6d711f158d3cc14a162e927563103cd6d01ef1a69f,a4239d9ace3799b244bf3767e0602a751537c613e71259ca199c62274033b352,1a48524e0f10ac60f893134f385d65fb40e5e1528b3d9335161b8662916e9ba1
seed103_fbig0.01,103,0.01,2000,pointwise,wrong_association,2564,437,0.1704368174726989,-0.0012990519877675842,0,0.001445086705202312,0.0015290519877675841,bb0ba70d25f98f10aba4e4f9b7131b88c073ba9830fd199e78cd89a52a32b82a,acb421b09cf2fdd98a62ef6d711f158d3cc14a162e927563103cd6d01ef1a69f,a4239d9ace3799b244bf3767e0602a751537c613e71259ca199c62274033b352,1a48524e0f10ac60f893134f385d65fb40e5e1528b3d9335161b8662916e9ba1
seed103_fbig0.01,103,0.01,2000,pointwise,misfit_within_tolerance,529,433,0.8185255198487713,-0.0012990519877675842,0,0.001445086705202312,0.0015290519877675841,bb0ba70d25f98f10aba4e4f9b7131b88c073ba9830fd199e78cd89a52a32b82a,acb421b09cf2fdd98a62ef6d711f158d3cc14a162e927563103cd6d01ef1a69f,a4239d9ace3799b244bf3767e0602a751537c613e71259ca199c62274033b352,1a48524e0f10ac60f893134f385d65fb40e5e1528b3d9335161b8662916e9ba1
seed103_fbig0.01,103,0.01,2000,pointwise,back_within_tolerance,995,803,0.807035175879397,-0.0012990519877675842,0,0.001445086705202312,0.0015290519877675841,bb0ba70d25f98f10aba4e4f9b7131b88c073ba9830fd199e78cd89a52a32b82a,acb421b09cf2fdd98a62ef6d711f158d3cc14a162e927563103cd6d01ef1a69f,a4239d9ace3799b244bf3767e0602a751537c613e71259ca199c62274033b352,1a48524e0f10ac60f893134f385d65fb40e5e1528b3d9335161b8662916e9ba1
seed103_fbig0.01,103,0.01,8000,bh,all,20000,0,0.0,-0.00032008361839604713,0,0.0003673769287288758,0.0003800836183960471,bb0ba70d25f98f10aba4e4f9b7131b88c073ba9830fd199e78cd89a52a32b82a,acb421b09cf2fdd98a62ef6d711f158d3cc14a162e927563103cd6d01ef1a69f,d596f415cdda806e659093175801baedc528f42b1c826ee0c241e5624aa15af6,ef7fe3859758a82e4e89170521f683ccc5b9da9f33e1f0b49afc984357c607f0
seed103_fbig0.01,103,0.01,8000,bh,big,202,0,0.0,-0.00032008361839604713,0,0.0003673769287288758,0.0003800836183960471,bb0ba70d25f98f10aba4e4f9b7131b88c073ba9830fd199e78cd89a52a32b82a,acb421b09cf2fdd98a62ef6d711f158d3cc14a162e927563103cd6d01ef1a69f,d596f415cdda806e659093175801baedc528f42b1c826ee0c241e5624aa15af6,ef7fe3859758a82e4e89170521f683ccc5b9da9f33e1f0b49afc984357c607f0
seed103_fbig0.01,103,0.01,8000,bh,within_tolerance,19568,0,0.0,-0.00032008361839604713,0,0.0003673769287288758,0.0003800836183960471,bb0ba70d25f98f10aba4e4f9b7131b88c073ba9830fd199e78cd89a52a32b82a,acb421b09cf2fdd98a62ef6d711f158d3cc14a162e927563103cd6d01ef1a69f,d596f415cdda806e659093175801baedc528f42b1c826ee0c241e5624aa15af6,ef7fe3859758a82e4e89170521f683ccc5b9da9f33e1f0b49afc984357c607f0
seed103_fbig0.01,103,0.01,8000,bh,outside_tolerance,432,0,0.0,-0.00032008361839604713,0,0.0003673769287288758,0.0003800836183960471,bb0ba70d25f98f10aba4e4f9b7131b88c073ba9830fd199e78cd89a52a32b82a,acb421b09cf2fdd98a62ef6d711f158d3cc14a162e927563103cd6d01ef1a69f,d596f415cdda806e659093175801baedc528f42b1c826ee0c241e5624aa15af6,ef7fe3859758a82e4e89170521f683ccc5b9da9f33e1f0b49afc984357c607f0
seed103_fbig0.01,103,0.01,8000,bh,misfit,540,0,0.0,-0.00032008361839604713,0,0.0003673769287288758,0.0003800836183960471,bb0ba70d25f98f10aba4e4f9b7131b88c073ba9830fd199e78cd89a52a32b82a,acb421b09cf2fdd98a62ef6d711f158d3cc14a162e927563103cd6d01ef1a69f,d596f415cdda806e659093175801baedc528f42b1c826ee0c241e5624aa15af6,ef7fe3859758a82e4e89170521f683ccc5b9da9f33e1f0b49afc984357c607f0
seed103_fbig0.01,103,0.01,8000,bh,twosheet_back,1000,0,0.0,-0.00032008361839604713,0,0.0003673769287288758,0.0003800836183960471,bb0ba70d25f98f10aba4e4f9b7131b88c073ba9830fd199e78cd89a52a32b82a,acb421b09cf2fdd98a62ef6d711f158d3cc14a162e927563103cd6d01ef1a69f,d596f415cdda806e659093175801baedc528f42b1c826ee0c241e5624aa15af6,ef7fe3859758a82e4e89170521f683ccc5b9da9f33e1f0b49afc984357c607f0
seed103_fbig0.01,103,0.01,8000,bh,twosheet_front,1000,0,0.0,-0.00032008361839604713,0,0.0003673769287288758,0.0003800836183960471,bb0ba70d25f98f10aba4e4f9b7131b88c073ba9830fd199e78cd89a52a32b82a,acb421b09cf2fdd98a62ef6d711f158d3cc14a162e927563103cd6d01ef1a69f,d596f415cdda806e659093175801baedc528f42b1c826ee0c241e5624aa15af6,ef7fe3859758a82e4e89170521f683ccc5b9da9f33e1f0b49afc984357c607f0
seed103_fbig0.01,103,0.01,8000,bh,base,17258,0,0.0,-0.00032008361839604713,0,0.0003673769287288758,0.0003800836183960471,bb0ba70d25f98f10aba4e4f9b7131b88c073ba9830fd199e78cd89a52a32b82a,acb421b09cf2fdd98a62ef6d711f158d3cc14a162e927563103cd6d01ef1a69f,d596f415cdda806e659093175801baedc528f42b1c826ee0c241e5624aa15af6,ef7fe3859758a82e4e89170521f683ccc5b9da9f33e1f0b49afc984357c607f0
seed103_fbig0.01,103,0.01,8000,bh,wrong_association,2564,0,0.0,-0.00032008361839604713,0,0.0003673769287288758,0.0003800836183960471,bb0ba70d25f98f10aba4e4f9b7131b88c073ba9830fd199e78cd89a52a32b82a,acb421b09cf2fdd98a62ef6d711f158d3cc14a162e927563103cd6d01ef1a69f,d596f415cdda806e659093175801baedc528f42b1c826ee0c241e5624aa15af6,ef7fe3859758a82e4e89170521f683ccc5b9da9f33e1f0b49afc984357c607f0
seed103_fbig0.01,103,0.01,8000,bh,misfit_within_tolerance,529,0,0.0,-0.00032008361839604713,0,0.0003673769287288758,0.0003800836183960471,bb0ba70d25f98f10aba4e4f9b7131b88c073ba9830fd199e78cd89a52a32b82a,acb421b09cf2fdd98a62ef6d711f158d3cc14a162e927563103cd6d01ef1a69f,d596f415cdda806e659093175801baedc528f42b1c826ee0c241e5624aa15af6,ef7fe3859758a82e4e89170521f683ccc5b9da9f33e1f0b49afc984357c607f0
seed103_fbig0.01,103,0.01,8000,bh,back_within_tolerance,995,0,0.0,-0.00032008361839604713,0,0.0003673769287288758,0.0003800836183960471,bb0ba70d25f98f10aba4e4f9b7131b88c073ba9830fd199e78cd89a52a32b82a,acb421b09cf2fdd98a62ef6d711f158d3cc14a162e927563103cd6d01ef1a69f,d596f415cdda806e659093175801baedc528f42b1c826ee0c241e5624aa15af6,ef7fe3859758a82e4e89170521f683ccc5b9da9f33e1f0b49afc984357c607f0
seed103_fbig0.01,103,0.01,8000,pointwise,all,20000,2942,0.1471,-0.00032008361839604713,0,0.0003673769287288758,0.0003800836183960471,bb0ba70d25f98f10aba4e4f9b7131b88c073ba9830fd199e78cd89a52a32b82a,acb421b09cf2fdd98a62ef6d711f158d3cc14a162e927563103cd6d01ef1a69f,d596f415cdda806e659093175801baedc528f42b1c826ee0c241e5624aa15af6,ef7fe3859758a82e4e89170521f683ccc5b9da9f33e1f0b49afc984357c607f0
seed103_fbig0.01,103,0.01,8000,pointwise,big,202,169,0.8366336633663366,-0.00032008361839604713,0,0.0003673769287288758,0.0003800836183960471,bb0ba70d25f98f10aba4e4f9b7131b88c073ba9830fd199e78cd89a52a32b82a,acb421b09cf2fdd98a62ef6d711f158d3cc14a162e927563103cd6d01ef1a69f,d596f415cdda806e659093175801baedc528f42b1c826ee0c241e5624aa15af6,ef7fe3859758a82e4e89170521f683ccc5b9da9f33e1f0b49afc984357c607f0
seed103_fbig0.01,103,0.01,8000,pointwise,within_tolerance,19568,2680,0.13695829926410466,-0.00032008361839604713,0,0.0003673769287288758,0.0003800836183960471,bb0ba70d25f98f10aba4e4f9b7131b88c073ba9830fd199e78cd89a52a32b82a,acb421b09cf2fdd98a62ef6d711f158d3cc14a162e927563103cd6d01ef1a69f,d596f415cdda806e659093175801baedc528f42b1c826ee0c241e5624aa15af6,ef7fe3859758a82e4e89170521f683ccc5b9da9f33e1f0b49afc984357c607f0
seed103_fbig0.01,103,0.01,8000,pointwise,outside_tolerance,432,262,0.6064814814814815,-0.00032008361839604713,0,0.0003673769287288758,0.0003800836183960471,bb0ba70d25f98f10aba4e4f9b7131b88c073ba9830fd199e78cd89a52a32b82a,acb421b09cf2fdd98a62ef6d711f158d3cc14a162e927563103cd6d01ef1a69f,d596f415cdda806e659093175801baedc528f42b1c826ee0c241e5624aa15af6,ef7fe3859758a82e4e89170521f683ccc5b9da9f33e1f0b49afc984357c607f0
seed103_fbig0.01,103,0.01,8000,pointwise,misfit,540,434,0.8037037037037037,-0.00032008361839604713,0,0.0003673769287288758,0.0003800836183960471,bb0ba70d25f98f10aba4e4f9b7131b88c073ba9830fd199e78cd89a52a32b82a,acb421b09cf2fdd98a62ef6d711f158d3cc14a162e927563103cd6d01ef1a69f,d596f415cdda806e659093175801baedc528f42b1c826ee0c241e5624aa15af6,ef7fe3859758a82e4e89170521f683ccc5b9da9f33e1f0b49afc984357c607f0
seed103_fbig0.01,103,0.01,8000,pointwise,twosheet_back,1000,790,0.79,-0.00032008361839604713,0,0.0003673769287288758,0.0003800836183960471,bb0ba70d25f98f10aba4e4f9b7131b88c073ba9830fd199e78cd89a52a32b82a,acb421b09cf2fdd98a62ef6d711f158d3cc14a162e927563103cd6d01ef1a69f,d596f415cdda806e659093175801baedc528f42b1c826ee0c241e5624aa15af6,ef7fe3859758a82e4e89170521f683ccc5b9da9f33e1f0b49afc984357c607f0
seed103_fbig0.01,103,0.01,8000,pointwise,twosheet_front,1000,75,0.075,-0.00032008361839604713,0,0.0003673769287288758,0.0003800836183960471,bb0ba70d25f98f10aba4e4f9b7131b88c073ba9830fd199e78cd89a52a32b82a,acb421b09cf2fdd98a62ef6d711f158d3cc14a162e927563103cd6d01ef1a69f,d596f415cdda806e659093175801baedc528f42b1c826ee0c241e5624aa15af6,ef7fe3859758a82e4e89170521f683ccc5b9da9f33e1f0b49afc984357c607f0
seed103_fbig0.01,103,0.01,8000,pointwise,base,17258,1474,0.08540966508286012,-0.00032008361839604713,0,0.0003673769287288758,0.0003800836183960471,bb0ba70d25f98f10aba4e4f9b7131b88c073ba9830fd199e78cd89a52a32b82a,acb421b09cf2fdd98a62ef6d711f158d3cc14a162e927563103cd6d01ef1a69f,d596f415cdda806e659093175801baedc528f42b1c826ee0c241e5624aa15af6,ef7fe3859758a82e4e89170521f683ccc5b9da9f33e1f0b49afc984357c607f0
seed103_fbig0.01,103,0.01,8000,pointwise,wrong_association,2564,369,0.1439157566302652,-0.00032008361839604713,0,0.0003673769287288758,0.0003800836183960471,bb0ba70d25f98f10aba4e4f9b7131b88c073ba9830fd199e78cd89a52a32b82a,acb421b09cf2fdd98a62ef6d711f158d3cc14a162e927563103cd6d01ef1a69f,d596f415cdda806e659093175801baedc528f42b1c826ee0c241e5624aa15af6,ef7fe3859758a82e4e89170521f683ccc5b9da9f33e1f0b49afc984357c607f0
seed103_fbig0.01,103,0.01,8000,pointwise,misfit_within_tolerance,529,426,0.8052930056710775,-0.00032008361839604713,0,0.0003673769287288758,0.0003800836183960471,bb0ba70d25f98f10aba4e4f9b7131b88c073ba9830fd199e78cd89a52a32b82a,acb421b09cf2fdd98a62ef6d711f158d3cc14a162e927563103cd6d01ef1a69f,d596f415cdda806e659093175801baedc528f42b1c826ee0c241e5624aa15af6,ef7fe3859758a82e4e89170521f683ccc5b9da9f33e1f0b49afc984357c607f0
seed103_fbig0.01,103,0.01,8000,pointwise,back_within_tolerance,995,788,0.7919597989949749,-0.00032008361839604713,0,0.0003673769287288758,0.0003800836183960471,bb0ba70d25f98f10aba4e4f9b7131b88c073ba9830fd199e78cd89a52a32b82a,acb421b09cf2fdd98a62ef6d711f158d3cc14a162e927563103cd6d01ef1a69f,d596f415cdda806e659093175801baedc528f42b1c826ee0c241e5624aa15af6,ef7fe3859758a82e4e89170521f683ccc5b9da9f33e1f0b49afc984357c607f0
seed103_fbig0.01,103,0.01,32000,bh,all,20000,0,0.0,-6.473285335354301e-05,0,9.313588525658937e-05,9.473285335354301e-05,bb0ba70d25f98f10aba4e4f9b7131b88c073ba9830fd199e78cd89a52a32b82a,acb421b09cf2fdd98a62ef6d711f158d3cc14a162e927563103cd6d01ef1a69f,f865387bf96e142df5df5a309dee7a41eab3e26b1a6668b0c47c2328b85bb29c,e900970107cc4dd46fb5474cf85a7d68782d600f5c70e0f73e92e5b716f26cbc
seed103_fbig0.01,103,0.01,32000,bh,big,202,0,0.0,-6.473285335354301e-05,0,9.313588525658937e-05,9.473285335354301e-05,bb0ba70d25f98f10aba4e4f9b7131b88c073ba9830fd199e78cd89a52a32b82a,acb421b09cf2fdd98a62ef6d711f158d3cc14a162e927563103cd6d01ef1a69f,f865387bf96e142df5df5a309dee7a41eab3e26b1a6668b0c47c2328b85bb29c,e900970107cc4dd46fb5474cf85a7d68782d600f5c70e0f73e92e5b716f26cbc
seed103_fbig0.01,103,0.01,32000,bh,within_tolerance,19568,0,0.0,-6.473285335354301e-05,0,9.313588525658937e-05,9.473285335354301e-05,bb0ba70d25f98f10aba4e4f9b7131b88c073ba9830fd199e78cd89a52a32b82a,acb421b09cf2fdd98a62ef6d711f158d3cc14a162e927563103cd6d01ef1a69f,f865387bf96e142df5df5a309dee7a41eab3e26b1a6668b0c47c2328b85bb29c,e900970107cc4dd46fb5474cf85a7d68782d600f5c70e0f73e92e5b716f26cbc
seed103_fbig0.01,103,0.01,32000,bh,outside_tolerance,432,0,0.0,-6.473285335354301e-05,0,9.313588525658937e-05,9.473285335354301e-05,bb0ba70d25f98f10aba4e4f9b7131b88c073ba9830fd199e78cd89a52a32b82a,acb421b09cf2fdd98a62ef6d711f158d3cc14a162e927563103cd6d01ef1a69f,f865387bf96e142df5df5a309dee7a41eab3e26b1a6668b0c47c2328b85bb29c,e900970107cc4dd46fb5474cf85a7d68782d600f5c70e0f73e92e5b716f26cbc
seed103_fbig0.01,103,0.01,32000,bh,misfit,540,0,0.0,-6.473285335354301e-05,0,9.313588525658937e-05,9.473285335354301e-05,bb0ba70d25f98f10aba4e4f9b7131b88c073ba9830fd199e78cd89a52a32b82a,acb421b09cf2fdd98a62ef6d711f158d3cc14a162e927563103cd6d01ef1a69f,f865387bf96e142df5df5a309dee7a41eab3e26b1a6668b0c47c2328b85bb29c,e900970107cc4dd46fb5474cf85a7d68782d600f5c70e0f73e92e5b716f26cbc
seed103_fbig0.01,103,0.01,32000,bh,twosheet_back,1000,0,0.0,-6.473285335354301e-05,0,9.313588525658937e-05,9.473285335354301e-05,bb0ba70d25f98f10aba4e4f9b7131b88c073ba9830fd199e78cd89a52a32b82a,acb421b09cf2fdd98a62ef6d711f158d3cc14a162e927563103cd6d01ef1a69f,f865387bf96e142df5df5a309dee7a41eab3e26b1a6668b0c47c2328b85bb29c,e900970107cc4dd46fb5474cf85a7d68782d600f5c70e0f73e92e5b716f26cbc
seed103_fbig0.01,103,0.01,32000,bh,twosheet_front,1000,0,0.0,-6.473285335354301e-05,0,9.313588525658937e-05,9.473285335354301e-05,bb0ba70d25f98f10aba4e4f9b7131b88c073ba9830fd199e78cd89a52a32b82a,acb421b09cf2fdd98a62ef6d711f158d3cc14a162e927563103cd6d01ef1a69f,f865387bf96e142df5df5a309dee7a41eab3e26b1a6668b0c47c2328b85bb29c,e900970107cc4dd46fb5474cf85a7d68782d600f5c70e0f73e92e5b716f26cbc
seed103_fbig0.01,103,0.01,32000,bh,base,17258,0,0.0,-6.473285335354301e-05,0,9.313588525658937e-05,9.473285335354301e-05,bb0ba70d25f98f10aba4e4f9b7131b88c073ba9830fd199e78cd89a52a32b82a,acb421b09cf2fdd98a62ef6d711f158d3cc14a162e927563103cd6d01ef1a69f,f865387bf96e142df5df5a309dee7a41eab3e26b1a6668b0c47c2328b85bb29c,e900970107cc4dd46fb5474cf85a7d68782d600f5c70e0f73e92e5b716f26cbc
seed103_fbig0.01,103,0.01,32000,bh,wrong_association,2564,0,0.0,-6.473285335354301e-05,0,9.313588525658937e-05,9.473285335354301e-05,bb0ba70d25f98f10aba4e4f9b7131b88c073ba9830fd199e78cd89a52a32b82a,acb421b09cf2fdd98a62ef6d711f158d3cc14a162e927563103cd6d01ef1a69f,f865387bf96e142df5df5a309dee7a41eab3e26b1a6668b0c47c2328b85bb29c,e900970107cc4dd46fb5474cf85a7d68782d600f5c70e0f73e92e5b716f26cbc
seed103_fbig0.01,103,0.01,32000,bh,misfit_within_tolerance,529,0,0.0,-6.473285335354301e-05,0,9.313588525658937e-05,9.473285335354301e-05,bb0ba70d25f98f10aba4e4f9b7131b88c073ba9830fd199e78cd89a52a32b82a,acb421b09cf2fdd98a62ef6d711f158d3cc14a162e927563103cd6d01ef1a69f,f865387bf96e142df5df5a309dee7a41eab3e26b1a6668b0c47c2328b85bb29c,e900970107cc4dd46fb5474cf85a7d68782d600f5c70e0f73e92e5b716f26cbc
seed103_fbig0.01,103,0.01,32000,bh,back_within_tolerance,995,0,0.0,-6.473285335354301e-05,0,9.313588525658937e-05,9.473285335354301e-05,bb0ba70d25f98f10aba4e4f9b7131b88c073ba9830fd199e78cd89a52a32b82a,acb421b09cf2fdd98a62ef6d711f158d3cc14a162e927563103cd6d01ef1a69f,f865387bf96e142df5df5a309dee7a41eab3e26b1a6668b0c47c2328b85bb29c,e900970107cc4dd46fb5474cf85a7d68782d600f5c70e0f73e92e5b716f26cbc
seed103_fbig0.01,103,0.01,32000,pointwise,all,20000,2873,0.14365,-6.473285335354301e-05,0,9.313588525658937e-05,9.473285335354301e-05,bb0ba70d25f98f10aba4e4f9b7131b88c073ba9830fd199e78cd89a52a32b82a,acb421b09cf2fdd98a62ef6d711f158d3cc14a162e927563103cd6d01ef1a69f,f865387bf96e142df5df5a309dee7a41eab3e26b1a6668b0c47c2328b85bb29c,e900970107cc4dd46fb5474cf85a7d68782d600f5c70e0f73e92e5b716f26cbc
seed103_fbig0.01,103,0.01,32000,pointwise,big,202,169,0.8366336633663366,-6.473285335354301e-05,0,9.313588525658937e-05,9.473285335354301e-05,bb0ba70d25f98f10aba4e4f9b7131b88c073ba9830fd199e78cd89a52a32b82a,acb421b09cf2fdd98a62ef6d711f158d3cc14a162e927563103cd6d01ef1a69f,f865387bf96e142df5df5a309dee7a41eab3e26b1a6668b0c47c2328b85bb29c,e900970107cc4dd46fb5474cf85a7d68782d600f5c70e0f73e92e5b716f26cbc
seed103_fbig0.01,103,0.01,32000,pointwise,within_tolerance,19568,2612,0.13348323793949304,-6.473285335354301e-05,0,9.313588525658937e-05,9.473285335354301e-05,bb0ba70d25f98f10aba4e4f9b7131b88c073ba9830fd199e78cd89a52a32b82a,acb421b09cf2fdd98a62ef6d711f158d3cc14a162e927563103cd6d01ef1a69f,f865387bf96e142df5df5a309dee7a41eab3e26b1a6668b0c47c2328b85bb29c,e900970107cc4dd46fb5474cf85a7d68782d600f5c70e0f73e92e5b716f26cbc
seed103_fbig0.01,103,0.01,32000,pointwise,outside_tolerance,432,261,0.6041666666666666,-6.473285335354301e-05,0,9.313588525658937e-05,9.473285335354301e-05,bb0ba70d25f98f10aba4e4f9b7131b88c073ba9830fd199e78cd89a52a32b82a,acb421b09cf2fdd98a62ef6d711f158d3cc14a162e927563103cd6d01ef1a69f,f865387bf96e142df5df5a309dee7a41eab3e26b1a6668b0c47c2328b85bb29c,e900970107cc4dd46fb5474cf85a7d68782d600f5c70e0f73e92e5b716f26cbc
seed103_fbig0.01,103,0.01,32000,pointwise,misfit,540,433,0.8018518518518518,-6.473285335354301e-05,0,9.313588525658937e-05,9.473285335354301e-05,bb0ba70d25f98f10aba4e4f9b7131b88c073ba9830fd199e78cd89a52a32b82a,acb421b09cf2fdd98a62ef6d711f158d3cc14a162e927563103cd6d01ef1a69f,f865387bf96e142df5df5a309dee7a41eab3e26b1a6668b0c47c2328b85bb29c,e900970107cc4dd46fb5474cf85a7d68782d600f5c70e0f73e92e5b716f26cbc
seed103_fbig0.01,103,0.01,32000,pointwise,twosheet_back,1000,790,0.79,-6.473285335354301e-05,0,9.313588525658937e-05,9.473285335354301e-05,bb0ba70d25f98f10aba4e4f9b7131b88c073ba9830fd199e78cd89a52a32b82a,acb421b09cf2fdd98a62ef6d711f158d3cc14a162e927563103cd6d01ef1a69f,f865387bf96e142df5df5a309dee7a41eab3e26b1a6668b0c47c2328b85bb29c,e900970107cc4dd46fb5474cf85a7d68782d600f5c70e0f73e92e5b716f26cbc
seed103_fbig0.01,103,0.01,32000,pointwise,twosheet_front,1000,73,0.073,-6.473285335354301e-05,0,9.313588525658937e-05,9.473285335354301e-05,bb0ba70d25f98f10aba4e4f9b7131b88c073ba9830fd199e78cd89a52a32b82a,acb421b09cf2fdd98a62ef6d711f158d3cc14a162e927563103cd6d01ef1a69f,f865387bf96e142df5df5a309dee7a41eab3e26b1a6668b0c47c2328b85bb29c,e900970107cc4dd46fb5474cf85a7d68782d600f5c70e0f73e92e5b716f26cbc
seed103_fbig0.01,103,0.01,32000,pointwise,base,17258,1408,0.08158535172094102,-6.473285335354301e-05,0,9.313588525658937e-05,9.473285335354301e-05,bb0ba70d25f98f10aba4e4f9b7131b88c073ba9830fd199e78cd89a52a32b82a,acb421b09cf2fdd98a62ef6d711f158d3cc14a162e927563103cd6d01ef1a69f,f865387bf96e142df5df5a309dee7a41eab3e26b1a6668b0c47c2328b85bb29c,e900970107cc4dd46fb5474cf85a7d68782d600f5c70e0f73e92e5b716f26cbc
seed103_fbig0.01,103,0.01,32000,pointwise,wrong_association,2564,359,0.14001560062402496,-6.473285335354301e-05,0,9.313588525658937e-05,9.473285335354301e-05,bb0ba70d25f98f10aba4e4f9b7131b88c073ba9830fd199e78cd89a52a32b82a,acb421b09cf2fdd98a62ef6d711f158d3cc14a162e927563103cd6d01ef1a69f,f865387bf96e142df5df5a309dee7a41eab3e26b1a6668b0c47c2328b85bb29c,e900970107cc4dd46fb5474cf85a7d68782d600f5c70e0f73e92e5b716f26cbc
seed103_fbig0.01,103,0.01,32000,pointwise,misfit_within_tolerance,529,425,0.8034026465028355,-6.473285335354301e-05,0,9.313588525658937e-05,9.473285335354301e-05,bb0ba70d25f98f10aba4e4f9b7131b88c073ba9830fd199e78cd89a52a32b82a,acb421b09cf2fdd98a62ef6d711f158d3cc14a162e927563103cd6d01ef1a69f,f865387bf96e142df5df5a309dee7a41eab3e26b1a6668b0c47c2328b85bb29c,e900970107cc4dd46fb5474cf85a7d68782d600f5c70e0f73e92e5b716f26cbc
seed103_fbig0.01,103,0.01,32000,pointwise,back_within_tolerance,995,788,0.7919597989949749,-6.473285335354301e-05,0,9.313588525658937e-05,9.473285335354301e-05,bb0ba70d25f98f10aba4e4f9b7131b88c073ba9830fd199e78cd89a52a32b82a,acb421b09cf2fdd98a62ef6d711f158d3cc14a162e927563103cd6d01ef1a69f,f865387bf96e142df5df5a309dee7a41eab3e26b1a6668b0c47c2328b85bb29c,e900970107cc4dd46fb5474cf85a7d68782d600f5c70e0f73e92e5b716f26cbc
seed103_fbig0.10,103,0.1,2000,bh,all,20000,0,0.0,-0.0010738489208633093,0,0.0014388489208633094,0.001564945226917058,f527b9229aa187a2fa47ac947f6d1d55b77ea9eb3362c8b005ca3ec6555bc153,ed5bc1c5114cc014158e1f05c349863d3d3d1ce4f8d931cb55672aa5917b8109,eb743c258ac4aec20ecbf19053feb98719691fddb8f5d67f328e4c34fccfbf28,8ebd50e1c898810891c26151ea52461db5795d2071b46f0c1caebc2a911c9c39
seed103_fbig0.10,103,0.1,2000,bh,big,2013,0,0.0,-0.0010738489208633093,0,0.0014388489208633094,0.001564945226917058,f527b9229aa187a2fa47ac947f6d1d55b77ea9eb3362c8b005ca3ec6555bc153,ed5bc1c5114cc014158e1f05c349863d3d3d1ce4f8d931cb55672aa5917b8109,eb743c258ac4aec20ecbf19053feb98719691fddb8f5d67f328e4c34fccfbf28,8ebd50e1c898810891c26151ea52461db5795d2071b46f0c1caebc2a911c9c39
seed103_fbig0.10,103,0.1,2000,bh,within_tolerance,17755,0,0.0,-0.0010738489208633093,0,0.0014388489208633094,0.001564945226917058,f527b9229aa187a2fa47ac947f6d1d55b77ea9eb3362c8b005ca3ec6555bc153,ed5bc1c5114cc014158e1f05c349863d3d3d1ce4f8d931cb55672aa5917b8109,eb743c258ac4aec20ecbf19053feb98719691fddb8f5d67f328e4c34fccfbf28,8ebd50e1c898810891c26151ea52461db5795d2071b46f0c1caebc2a911c9c39
seed103_fbig0.10,103,0.1,2000,bh,outside_tolerance,2245,0,0.0,-0.0010738489208633093,0,0.0014388489208633094,0.001564945226917058,f527b9229aa187a2fa47ac947f6d1d55b77ea9eb3362c8b005ca3ec6555bc153,ed5bc1c5114cc014158e1f05c349863d3d3d1ce4f8d931cb55672aa5917b8109,eb743c258ac4aec20ecbf19053feb98719691fddb8f5d67f328e4c34fccfbf28,8ebd50e1c898810891c26151ea52461db5795d2071b46f0c1caebc2a911c9c39
seed103_fbig0.10,103,0.1,2000,bh,misfit,540,0,0.0,-0.0010738489208633093,0,0.0014388489208633094,0.001564945226917058,f527b9229aa187a2fa47ac947f6d1d55b77ea9eb3362c8b005ca3ec6555bc153,ed5bc1c5114cc014158e1f05c349863d3d3d1ce4f8d931cb55672aa5917b8109,eb743c258ac4aec20ecbf19053feb98719691fddb8f5d67f328e4c34fccfbf28,8ebd50e1c898810891c26151ea52461db5795d2071b46f0c1caebc2a911c9c39
seed103_fbig0.10,103,0.1,2000,bh,twosheet_back,1000,0,0.0,-0.0010738489208633093,0,0.0014388489208633094,0.001564945226917058,f527b9229aa187a2fa47ac947f6d1d55b77ea9eb3362c8b005ca3ec6555bc153,ed5bc1c5114cc014158e1f05c349863d3d3d1ce4f8d931cb55672aa5917b8109,eb743c258ac4aec20ecbf19053feb98719691fddb8f5d67f328e4c34fccfbf28,8ebd50e1c898810891c26151ea52461db5795d2071b46f0c1caebc2a911c9c39
seed103_fbig0.10,103,0.1,2000,bh,twosheet_front,1000,0,0.0,-0.0010738489208633093,0,0.0014388489208633094,0.001564945226917058,f527b9229aa187a2fa47ac947f6d1d55b77ea9eb3362c8b005ca3ec6555bc153,ed5bc1c5114cc014158e1f05c349863d3d3d1ce4f8d931cb55672aa5917b8109,eb743c258ac4aec20ecbf19053feb98719691fddb8f5d67f328e4c34fccfbf28,8ebd50e1c898810891c26151ea52461db5795d2071b46f0c1caebc2a911c9c39
seed103_fbig0.10,103,0.1,2000,bh,base,15447,0,0.0,-0.0010738489208633093,0,0.0014388489208633094,0.001564945226917058,f527b9229aa187a2fa47ac947f6d1d55b77ea9eb3362c8b005ca3ec6555bc153,ed5bc1c5114cc014158e1f05c349863d3d3d1ce4f8d931cb55672aa5917b8109,eb743c258ac4aec20ecbf19053feb98719691fddb8f5d67f328e4c34fccfbf28,8ebd50e1c898810891c26151ea52461db5795d2071b46f0c1caebc2a911c9c39
seed103_fbig0.10,103,0.1,2000,bh,wrong_association,2625,0,0.0,-0.0010738489208633093,0,0.0014388489208633094,0.001564945226917058,f527b9229aa187a2fa47ac947f6d1d55b77ea9eb3362c8b005ca3ec6555bc153,ed5bc1c5114cc014158e1f05c349863d3d3d1ce4f8d931cb55672aa5917b8109,eb743c258ac4aec20ecbf19053feb98719691fddb8f5d67f328e4c34fccfbf28,8ebd50e1c898810891c26151ea52461db5795d2071b46f0c1caebc2a911c9c39
seed103_fbig0.10,103,0.1,2000,bh,misfit_within_tolerance,533,0,0.0,-0.0010738489208633093,0,0.0014388489208633094,0.001564945226917058,f527b9229aa187a2fa47ac947f6d1d55b77ea9eb3362c8b005ca3ec6555bc153,ed5bc1c5114cc014158e1f05c349863d3d3d1ce4f8d931cb55672aa5917b8109,eb743c258ac4aec20ecbf19053feb98719691fddb8f5d67f328e4c34fccfbf28,8ebd50e1c898810891c26151ea52461db5795d2071b46f0c1caebc2a911c9c39
seed103_fbig0.10,103,0.1,2000,bh,back_within_tolerance,996,0,0.0,-0.0010738489208633093,0,0.0014388489208633094,0.001564945226917058,f527b9229aa187a2fa47ac947f6d1d55b77ea9eb3362c8b005ca3ec6555bc153,ed5bc1c5114cc014158e1f05c349863d3d3d1ce4f8d931cb55672aa5917b8109,eb743c258ac4aec20ecbf19053feb98719691fddb8f5d67f328e4c34fccfbf28,8ebd50e1c898810891c26151ea52461db5795d2071b46f0c1caebc2a911c9c39
seed103_fbig0.10,103,0.1,2000,pointwise,all,20000,3637,0.18185,-0.0010738489208633093,0,0.0014388489208633094,0.001564945226917058,f527b9229aa187a2fa47ac947f6d1d55b77ea9eb3362c8b005ca3ec6555bc153,ed5bc1c5114cc014158e1f05c349863d3d3d1ce4f8d931cb55672aa5917b8109,eb743c258ac4aec20ecbf19053feb98719691fddb8f5d67f328e4c34fccfbf28,8ebd50e1c898810891c26151ea52461db5795d2071b46f0c1caebc2a911c9c39
seed103_fbig0.10,103,0.1,2000,pointwise,big,2013,1665,0.827123695976155,-0.0010738489208633093,0,0.0014388489208633094,0.001564945226917058,f527b9229aa187a2fa47ac947f6d1d55b77ea9eb3362c8b005ca3ec6555bc153,ed5bc1c5114cc014158e1f05c349863d3d3d1ce4f8d931cb55672aa5917b8109,eb743c258ac4aec20ecbf19053feb98719691fddb8f5d67f328e4c34fccfbf28,8ebd50e1c898810891c26151ea52461db5795d2071b46f0c1caebc2a911c9c39
seed103_fbig0.10,103,0.1,2000,pointwise,within_tolerance,17755,1917,0.10796958603210363,-0.0010738489208633093,0,0.0014388489208633094,0.001564945226917058,f527b9229aa187a2fa47ac947f6d1d55b77ea9eb3362c8b005ca3ec6555bc153,ed5bc1c5114cc014158e1f05c349863d3d3d1ce4f8d931cb55672aa5917b8109,eb743c258ac4aec20ecbf19053feb98719691fddb8f5d67f328e4c34fccfbf28,8ebd50e1c898810891c26151ea52461db5795d2071b46f0c1caebc2a911c9c39
seed103_fbig0.10,103,0.1,2000,pointwise,outside_tolerance,2245,1720,0.7661469933184856,-0.0010738489208633093,0,0.0014388489208633094,0.001564945226917058,f527b9229aa187a2fa47ac947f6d1d55b77ea9eb3362c8b005ca3ec6555bc153,ed5bc1c5114cc014158e1f05c349863d3d3d1ce4f8d931cb55672aa5917b8109,eb743c258ac4aec20ecbf19053feb98719691fddb8f5d67f328e4c34fccfbf28,8ebd50e1c898810891c26151ea52461db5795d2071b46f0c1caebc2a911c9c39
seed103_fbig0.10,103,0.1,2000,pointwise,misfit,540,401,0.7425925925925926,-0.0010738489208633093,0,0.0014388489208633094,0.001564945226917058,f527b9229aa187a2fa47ac947f6d1d55b77ea9eb3362c8b005ca3ec6555bc153,ed5bc1c5114cc014158e1f05c349863d3d3d1ce4f8d931cb55672aa5917b8109,eb743c258ac4aec20ecbf19053feb98719691fddb8f5d67f328e4c34fccfbf28,8ebd50e1c898810891c26151ea52461db5795d2071b46f0c1caebc2a911c9c39
seed103_fbig0.10,103,0.1,2000,pointwise,twosheet_back,1000,757,0.757,-0.0010738489208633093,0,0.0014388489208633094,0.001564945226917058,f527b9229aa187a2fa47ac947f6d1d55b77ea9eb3362c8b005ca3ec6555bc153,ed5bc1c5114cc014158e1f05c349863d3d3d1ce4f8d931cb55672aa5917b8109,eb743c258ac4aec20ecbf19053feb98719691fddb8f5d67f328e4c34fccfbf28,8ebd50e1c898810891c26151ea52461db5795d2071b46f0c1caebc2a911c9c39
seed103_fbig0.10,103,0.1,2000,pointwise,twosheet_front,1000,48,0.048,-0.0010738489208633093,0,0.0014388489208633094,0.001564945226917058,f527b9229aa187a2fa47ac947f6d1d55b77ea9eb3362c8b005ca3ec6555bc153,ed5bc1c5114cc014158e1f05c349863d3d3d1ce4f8d931cb55672aa5917b8109,eb743c258ac4aec20ecbf19053feb98719691fddb8f5d67f328e4c34fccfbf28,8ebd50e1c898810891c26151ea52461db5795d2071b46f0c1caebc2a911c9c39
seed103_fbig0.10,103,0.1,2000,pointwise,base,15447,766,0.049588916941800995,-0.0010738489208633093,0,0.0014388489208633094,0.001564945226917058,f527b9229aa187a2fa47ac947f6d1d55b77ea9eb3362c8b005ca3ec6555bc153,ed5bc1c5114cc014158e1f05c349863d3d3d1ce4f8d931cb55672aa5917b8109,eb743c258ac4aec20ecbf19053feb98719691fddb8f5d67f328e4c34fccfbf28,8ebd50e1c898810891c26151ea52461db5795d2071b46f0c1caebc2a911c9c39
seed103_fbig0.10,103,0.1,2000,pointwise,wrong_association,2625,471,0.17942857142857144,-0.0010738489208633093,0,0.0014388489208633094,0.001564945226917058,f527b9229aa187a2fa47ac947f6d1d55b77ea9eb3362c8b005ca3ec6555bc153,ed5bc1c5114cc014158e1f05c349863d3d3d1ce4f8d931cb55672aa5917b8109,eb743c258ac4aec20ecbf19053feb98719691fddb8f5d67f328e4c34fccfbf28,8ebd50e1c898810891c26151ea52461db5795d2071b46f0c1caebc2a911c9c39
seed103_fbig0.10,103,0.1,2000,pointwise,misfit_within_tolerance,533,396,0.7429643527204502,-0.0010738489208633093,0,0.0014388489208633094,0.001564945226917058,f527b9229aa187a2fa47ac947f6d1d55b77ea9eb3362c8b005ca3ec6555bc153,ed5bc1c5114cc014158e1f05c349863d3d3d1ce4f8d931cb55672aa5917b8109,eb743c258ac4aec20ecbf19053feb98719691fddb8f5d67f328e4c34fccfbf28,8ebd50e1c898810891c26151ea52461db5795d2071b46f0c1caebc2a911c9c39
seed103_fbig0.10,103,0.1,2000,pointwise,back_within_tolerance,996,756,0.7590361445783133,-0.0010738489208633093,0,0.0014388489208633094,0.001564945226917058,f527b9229aa187a2fa47ac947f6d1d55b77ea9eb3362c8b005ca3ec6555bc153,ed5bc1c5114cc014158e1f05c349863d3d3d1ce4f8d931cb55672aa5917b8109,eb743c258ac4aec20ecbf19053feb98719691fddb8f5d67f328e4c34fccfbf28,8ebd50e1c898810891c26151ea52461db5795d2071b46f0c1caebc2a911c9c39
seed103_fbig0.10,103,0.1,8000,bh,all,20000,76,0.0038,7.811907470610955e-07,76,0.00036643459142543056,0.0003792188092529389,f527b9229aa187a2fa47ac947f6d1d55b77ea9eb3362c8b005ca3ec6555bc153,ed5bc1c5114cc014158e1f05c349863d3d3d1ce4f8d931cb55672aa5917b8109,b911cda250b0aa6f2f324afafb00ad7bdc87d29c25fc5c5581c3f2ec33d21a85,619dd02e4e7ebe5d1c9e588c4ecc502a8c665ebaec86202a2649875f8a9b4ecc
seed103_fbig0.10,103,0.1,8000,bh,big,2013,66,0.03278688524590164,7.811907470610955e-07,76,0.00036643459142543056,0.0003792188092529389,f527b9229aa187a2fa47ac947f6d1d55b77ea9eb3362c8b005ca3ec6555bc153,ed5bc1c5114cc014158e1f05c349863d3d3d1ce4f8d931cb55672aa5917b8109,b911cda250b0aa6f2f324afafb00ad7bdc87d29c25fc5c5581c3f2ec33d21a85,619dd02e4e7ebe5d1c9e588c4ecc502a8c665ebaec86202a2649875f8a9b4ecc
seed103_fbig0.10,103,0.1,8000,bh,within_tolerance,17755,10,0.000563221627710504,7.811907470610955e-07,76,0.00036643459142543056,0.0003792188092529389,f527b9229aa187a2fa47ac947f6d1d55b77ea9eb3362c8b005ca3ec6555bc153,ed5bc1c5114cc014158e1f05c349863d3d3d1ce4f8d931cb55672aa5917b8109,b911cda250b0aa6f2f324afafb00ad7bdc87d29c25fc5c5581c3f2ec33d21a85,619dd02e4e7ebe5d1c9e588c4ecc502a8c665ebaec86202a2649875f8a9b4ecc
seed103_fbig0.10,103,0.1,8000,bh,outside_tolerance,2245,66,0.029398663697104678,7.811907470610955e-07,76,0.00036643459142543056,0.0003792188092529389,f527b9229aa187a2fa47ac947f6d1d55b77ea9eb3362c8b005ca3ec6555bc153,ed5bc1c5114cc014158e1f05c349863d3d3d1ce4f8d931cb55672aa5917b8109,b911cda250b0aa6f2f324afafb00ad7bdc87d29c25fc5c5581c3f2ec33d21a85,619dd02e4e7ebe5d1c9e588c4ecc502a8c665ebaec86202a2649875f8a9b4ecc
seed103_fbig0.10,103,0.1,8000,bh,misfit,540,10,0.018518518518518517,7.811907470610955e-07,76,0.00036643459142543056,0.0003792188092529389,f527b9229aa187a2fa47ac947f6d1d55b77ea9eb3362c8b005ca3ec6555bc153,ed5bc1c5114cc014158e1f05c349863d3d3d1ce4f8d931cb55672aa5917b8109,b911cda250b0aa6f2f324afafb00ad7bdc87d29c25fc5c5581c3f2ec33d21a85,619dd02e4e7ebe5d1c9e588c4ecc502a8c665ebaec86202a2649875f8a9b4ecc
seed103_fbig0.10,103,0.1,8000,bh,twosheet_back,1000,0,0.0,7.811907470610955e-07,76,0.00036643459142543056,0.0003792188092529389,f527b9229aa187a2fa47ac947f6d1d55b77ea9eb3362c8b005ca3ec6555bc153,ed5bc1c5114cc014158e1f05c349863d3d3d1ce4f8d931cb55672aa5917b8109,b911cda250b0aa6f2f324afafb00ad7bdc87d29c25fc5c5581c3f2ec33d21a85,619dd02e4e7ebe5d1c9e588c4ecc502a8c665ebaec86202a2649875f8a9b4ecc
seed103_fbig0.10,103,0.1,8000,bh,twosheet_front,1000,0,0.0,7.811907470610955e-07,76,0.00036643459142543056,0.0003792188092529389,f527b9229aa187a2fa47ac947f6d1d55b77ea9eb3362c8b005ca3ec6555bc153,ed5bc1c5114cc014158e1f05c349863d3d3d1ce4f8d931cb55672aa5917b8109,b911cda250b0aa6f2f324afafb00ad7bdc87d29c25fc5c5581c3f2ec33d21a85,619dd02e4e7ebe5d1c9e588c4ecc502a8c665ebaec86202a2649875f8a9b4ecc
seed103_fbig0.10,103,0.1,8000,bh,base,15447,0,0.0,7.811907470610955e-07,76,0.00036643459142543056,0.0003792188092529389,f527b9229aa187a2fa47ac947f6d1d55b77ea9eb3362c8b005ca3ec6555bc153,ed5bc1c5114cc014158e1f05c349863d3d3d1ce4f8d931cb55672aa5917b8109,b911cda250b0aa6f2f324afafb00ad7bdc87d29c25fc5c5581c3f2ec33d21a85,619dd02e4e7ebe5d1c9e588c4ecc502a8c665ebaec86202a2649875f8a9b4ecc
seed103_fbig0.10,103,0.1,8000,bh,wrong_association,2625,9,0.0034285714285714284,7.811907470610955e-07,76,0.00036643459142543056,0.0003792188092529389,f527b9229aa187a2fa47ac947f6d1d55b77ea9eb3362c8b005ca3ec6555bc153,ed5bc1c5114cc014158e1f05c349863d3d3d1ce4f8d931cb55672aa5917b8109,b911cda250b0aa6f2f324afafb00ad7bdc87d29c25fc5c5581c3f2ec33d21a85,619dd02e4e7ebe5d1c9e588c4ecc502a8c665ebaec86202a2649875f8a9b4ecc
seed103_fbig0.10,103,0.1,8000,bh,misfit_within_tolerance,533,10,0.01876172607879925,7.811907470610955e-07,76,0.00036643459142543056,0.0003792188092529389,f527b9229aa187a2fa47ac947f6d1d55b77ea9eb3362c8b005ca3ec6555bc153,ed5bc1c5114cc014158e1f05c349863d3d3d1ce4f8d931cb55672aa5917b8109,b911cda250b0aa6f2f324afafb00ad7bdc87d29c25fc5c5581c3f2ec33d21a85,619dd02e4e7ebe5d1c9e588c4ecc502a8c665ebaec86202a2649875f8a9b4ecc
seed103_fbig0.10,103,0.1,8000,bh,back_within_tolerance,996,0,0.0,7.811907470610955e-07,76,0.00036643459142543056,0.0003792188092529389,f527b9229aa187a2fa47ac947f6d1d55b77ea9eb3362c8b005ca3ec6555bc153,ed5bc1c5114cc014158e1f05c349863d3d3d1ce4f8d931cb55672aa5917b8109,b911cda250b0aa6f2f324afafb00ad7bdc87d29c25fc5c5581c3f2ec33d21a85,619dd02e4e7ebe5d1c9e588c4ecc502a8c665ebaec86202a2649875f8a9b4ecc
seed103_fbig0.10,103,0.1,8000,pointwise,all,20000,4281,0.21405,7.811907470610955e-07,76,0.00036643459142543056,0.0003792188092529389,f527b9229aa187a2fa47ac947f6d1d55b77ea9eb3362c8b005ca3ec6555bc153,ed5bc1c5114cc014158e1f05c349863d3d3d1ce4f8d931cb55672aa5917b8109,b911cda250b0aa6f2f324afafb00ad7bdc87d29c25fc5c5581c3f2ec33d21a85,619dd02e4e7ebe5d1c9e588c4ecc502a8c665ebaec86202a2649875f8a9b4ecc
seed103_fbig0.10,103,0.1,8000,pointwise,big,2013,1716,0.8524590163934426,7.811907470610955e-07,76,0.00036643459142543056,0.0003792188092529389,f527b9229aa187a2fa47ac947f6d1d55b77ea9eb3362c8b005ca3ec6555bc153,ed5bc1c5114cc014158e1f05c349863d3d3d1ce4f8d931cb55672aa5917b8109,b911cda250b0aa6f2f324afafb00ad7bdc87d29c25fc5c5581c3f2ec33d21a85,619dd02e4e7ebe5d1c9e588c4ecc502a8c665ebaec86202a2649875f8a9b4ecc
seed103_fbig0.10,103,0.1,8000,pointwise,within_tolerance,17755,2489,0.14018586313714446,7.811907470610955e-07,76,0.00036643459142543056,0.0003792188092529389,f527b9229aa187a2fa47ac947f6d1d55b77ea9eb3362c8b005ca3ec6555bc153,ed5bc1c5114cc014158e1f05c349863d3d3d1ce4f8d931cb55672aa5917b8109,b911cda250b0aa6f2f324afafb00ad7bdc87d29c25fc5c5581c3f2ec33d21a85,619dd02e4e7ebe5d1c9e588c4ecc502a8c665ebaec86202a2649875f8a9b4ecc
seed103_fbig0.10,103,0.1,8000,pointwise,outside_tolerance,2245,1792,0.7982182628062361,7.811907470610955e-07,76,0.00036643459142543056,0.0003792188092529389,f527b9229aa187a2fa47ac947f6d1d55b77ea9eb3362c8b005ca3ec6555bc153,ed5bc1c5114cc014158e1f05c349863d3d3d1ce4f8d931cb55672aa5917b8109,b911cda250b0aa6f2f324afafb00ad7bdc87d29c25fc5c5581c3f2ec33d21a85,619dd02e4e7ebe5d1c9e588c4ecc502a8c665ebaec86202a2649875f8a9b4ecc
seed103_fbig0.10,103,0.1,8000,pointwise,misfit,540,418,0.774074074074074,7.811907470610955e-07,76,0.00036643459142543056,0.0003792188092529389,f527b9229aa187a2fa47ac947f6d1d55b77ea9eb3362c8b005ca3ec6555bc153,ed5bc1c5114cc014158e1f05c349863d3d3d1ce4f8d931cb55672aa5917b8109,b911cda250b0aa6f2f324afafb00ad7bdc87d29c25fc5c5581c3f2ec33d21a85,619dd02e4e7ebe5d1c9e588c4ecc502a8c665ebaec86202a2649875f8a9b4ecc
seed103_fbig0.10,103,0.1,8000,pointwise,twosheet_back,1000,781,0.781,7.811907470610955e-07,76,0.00036643459142543056,0.0003792188092529389,f527b9229aa187a2fa47ac947f6d1d55b77ea9eb3362c8b005ca3ec6555bc153,ed5bc1c5114cc014158e1f05c349863d3d3d1ce4f8d931cb55672aa5917b8109,b911cda250b0aa6f2f324afafb00ad7bdc87d29c25fc5c5581c3f2ec33d21a85,619dd02e4e7ebe5d1c9e588c4ecc502a8c665ebaec86202a2649875f8a9b4ecc
seed103_fbig0.10,103,0.1,8000,pointwise,twosheet_front,1000,78,0.078,7.811907470610955e-07,76,0.00036643459142543056,0.0003792188092529389,f527b9229aa187a2fa47ac947f6d1d55b77ea9eb3362c8b005ca3ec6555bc153,ed5bc1c5114cc014158e1f05c349863d3d3d1ce4f8d931cb55672aa5917b8109,b911cda250b0aa6f2f324afafb00ad7bdc87d29c25fc5c5581c3f2ec33d21a85,619dd02e4e7ebe5d1c9e588c4ecc502a8c665ebaec86202a2649875f8a9b4ecc
seed103_fbig0.10,103,0.1,8000,pointwise,base,15447,1288,0.08338188645044345,7.811907470610955e-07,76,0.00036643459142543056,0.0003792188092529389,f527b9229aa187a2fa47ac947f6d1d55b77ea9eb3362c8b005ca3ec6555bc153,ed5bc1c5114cc014158e1f05c349863d3d3d1ce4f8d931cb55672aa5917b8109,b911cda250b0aa6f2f324afafb00ad7bdc87d29c25fc5c5581c3f2ec33d21a85,619dd02e4e7ebe5d1c9e588c4ecc502a8c665ebaec86202a2649875f8a9b4ecc
seed103_fbig0.10,103,0.1,8000,pointwise,wrong_association,2625,568,0.21638095238095237,7.811907470610955e-07,76,0.00036643459142543056,0.0003792188092529389,f527b9229aa187a2fa47ac947f6d1d55b77ea9eb3362c8b005ca3ec6555bc153,ed5bc1c5114cc014158e1f05c349863d3d3d1ce4f8d931cb55672aa5917b8109,b911cda250b0aa6f2f324afafb00ad7bdc87d29c25fc5c5581c3f2ec33d21a85,619dd02e4e7ebe5d1c9e588c4ecc502a8c665ebaec86202a2649875f8a9b4ecc
seed103_fbig0.10,103,0.1,8000,pointwise,misfit_within_tolerance,533,413,0.774859287054409,7.811907470610955e-07,76,0.00036643459142543056,0.0003792188092529389,f527b9229aa187a2fa47ac947f6d1d55b77ea9eb3362c8b005ca3ec6555bc153,ed5bc1c5114cc014158e1f05c349863d3d3d1ce4f8d931cb55672aa5917b8109,b911cda250b0aa6f2f324afafb00ad7bdc87d29c25fc5c5581c3f2ec33d21a85,619dd02e4e7ebe5d1c9e588c4ecc502a8c665ebaec86202a2649875f8a9b4ecc
seed103_fbig0.10,103,0.1,8000,pointwise,back_within_tolerance,996,780,0.7831325301204819,7.811907470610955e-07,76,0.00036643459142543056,0.0003792188092529389,f527b9229aa187a2fa47ac947f6d1d55b77ea9eb3362c8b005ca3ec6555bc153,ed5bc1c5114cc014158e1f05c349863d3d3d1ce4f8d931cb55672aa5917b8109,b911cda250b0aa6f2f324afafb00ad7bdc87d29c25fc5c5581c3f2ec33d21a85,619dd02e4e7ebe5d1c9e588c4ecc502a8c665ebaec86202a2649875f8a9b4ecc
seed103_fbig0.10,103,0.1,32000,bh,all,20000,0,0.0,-6.841429238673517e-05,0,9.225943352707814e-05,9.561143512764126e-05,f527b9229aa187a2fa47ac947f6d1d55b77ea9eb3362c8b005ca3ec6555bc153,ed5bc1c5114cc014158e1f05c349863d3d3d1ce4f8d931cb55672aa5917b8109,4f42291b6f020b7a6b36fccd50abab4863e5bfa4574caf8661a5ab8838a3f959,c429027be761834f92777261859b9e0700ef402ce6d115e6c24b1c8e13d14fa9
seed103_fbig0.10,103,0.1,32000,bh,big,2013,0,0.0,-6.841429238673517e-05,0,9.225943352707814e-05,9.561143512764126e-05,f527b9229aa187a2fa47ac947f6d1d55b77ea9eb3362c8b005ca3ec6555bc153,ed5bc1c5114cc014158e1f05c349863d3d3d1ce4f8d931cb55672aa5917b8109,4f42291b6f020b7a6b36fccd50abab4863e5bfa4574caf8661a5ab8838a3f959,c429027be761834f92777261859b9e0700ef402ce6d115e6c24b1c8e13d14fa9
seed103_fbig0.10,103,0.1,32000,bh,within_tolerance,17755,0,0.0,-6.841429238673517e-05,0,9.225943352707814e-05,9.561143512764126e-05,f527b9229aa187a2fa47ac947f6d1d55b77ea9eb3362c8b005ca3ec6555bc153,ed5bc1c5114cc014158e1f05c349863d3d3d1ce4f8d931cb55672aa5917b8109,4f42291b6f020b7a6b36fccd50abab4863e5bfa4574caf8661a5ab8838a3f959,c429027be761834f92777261859b9e0700ef402ce6d115e6c24b1c8e13d14fa9
seed103_fbig0.10,103,0.1,32000,bh,outside_tolerance,2245,0,0.0,-6.841429238673517e-05,0,9.225943352707814e-05,9.561143512764126e-05,f527b9229aa187a2fa47ac947f6d1d55b77ea9eb3362c8b005ca3ec6555bc153,ed5bc1c5114cc014158e1f05c349863d3d3d1ce4f8d931cb55672aa5917b8109,4f42291b6f020b7a6b36fccd50abab4863e5bfa4574caf8661a5ab8838a3f959,c429027be761834f92777261859b9e0700ef402ce6d115e6c24b1c8e13d14fa9
seed103_fbig0.10,103,0.1,32000,bh,misfit,540,0,0.0,-6.841429238673517e-05,0,9.225943352707814e-05,9.561143512764126e-05,f527b9229aa187a2fa47ac947f6d1d55b77ea9eb3362c8b005ca3ec6555bc153,ed5bc1c5114cc014158e1f05c349863d3d3d1ce4f8d931cb55672aa5917b8109,4f42291b6f020b7a6b36fccd50abab4863e5bfa4574caf8661a5ab8838a3f959,c429027be761834f92777261859b9e0700ef402ce6d115e6c24b1c8e13d14fa9
seed103_fbig0.10,103,0.1,32000,bh,twosheet_back,1000,0,0.0,-6.841429238673517e-05,0,9.225943352707814e-05,9.561143512764126e-05,f527b9229aa187a2fa47ac947f6d1d55b77ea9eb3362c8b005ca3ec6555bc153,ed5bc1c5114cc014158e1f05c349863d3d3d1ce4f8d931cb55672aa5917b8109,4f42291b6f020b7a6b36fccd50abab4863e5bfa4574caf8661a5ab8838a3f959,c429027be761834f92777261859b9e0700ef402ce6d115e6c24b1c8e13d14fa9
seed103_fbig0.10,103,0.1,32000,bh,twosheet_front,1000,0,0.0,-6.841429238673517e-05,0,9.225943352707814e-05,9.561143512764126e-05,f527b9229aa187a2fa47ac947f6d1d55b77ea9eb3362c8b005ca3ec6555bc153,ed5bc1c5114cc014158e1f05c349863d3d3d1ce4f8d931cb55672aa5917b8109,4f42291b6f020b7a6b36fccd50abab4863e5bfa4574caf8661a5ab8838a3f959,c429027be761834f92777261859b9e0700ef402ce6d115e6c24b1c8e13d14fa9
seed103_fbig0.10,103,0.1,32000,bh,base,15447,0,0.0,-6.841429238673517e-05,0,9.225943352707814e-05,9.561143512764126e-05,f527b9229aa187a2fa47ac947f6d1d55b77ea9eb3362c8b005ca3ec6555bc153,ed5bc1c5114cc014158e1f05c349863d3d3d1ce4f8d931cb55672aa5917b8109,4f42291b6f020b7a6b36fccd50abab4863e5bfa4574caf8661a5ab8838a3f959,c429027be761834f92777261859b9e0700ef402ce6d115e6c24b1c8e13d14fa9
seed103_fbig0.10,103,0.1,32000,bh,wrong_association,2625,0,0.0,-6.841429238673517e-05,0,9.225943352707814e-05,9.561143512764126e-05,f527b9229aa187a2fa47ac947f6d1d55b77ea9eb3362c8b005ca3ec6555bc153,ed5bc1c5114cc014158e1f05c349863d3d3d1ce4f8d931cb55672aa5917b8109,4f42291b6f020b7a6b36fccd50abab4863e5bfa4574caf8661a5ab8838a3f959,c429027be761834f92777261859b9e0700ef402ce6d115e6c24b1c8e13d14fa9
seed103_fbig0.10,103,0.1,32000,bh,misfit_within_tolerance,533,0,0.0,-6.841429238673517e-05,0,9.225943352707814e-05,9.561143512764126e-05,f527b9229aa187a2fa47ac947f6d1d55b77ea9eb3362c8b005ca3ec6555bc153,ed5bc1c5114cc014158e1f05c349863d3d3d1ce4f8d931cb55672aa5917b8109,4f42291b6f020b7a6b36fccd50abab4863e5bfa4574caf8661a5ab8838a3f959,c429027be761834f92777261859b9e0700ef402ce6d115e6c24b1c8e13d14fa9
seed103_fbig0.10,103,0.1,32000,bh,back_within_tolerance,996,0,0.0,-6.841429238673517e-05,0,9.225943352707814e-05,9.561143512764126e-05,f527b9229aa187a2fa47ac947f6d1d55b77ea9eb3362c8b005ca3ec6555bc153,ed5bc1c5114cc014158e1f05c349863d3d3d1ce4f8d931cb55672aa5917b8109,4f42291b6f020b7a6b36fccd50abab4863e5bfa4574caf8661a5ab8838a3f959,c429027be761834f92777261859b9e0700ef402ce6d115e6c24b1c8e13d14fa9
seed103_fbig0.10,103,0.1,32000,pointwise,all,20000,4348,0.2174,-6.841429238673517e-05,0,9.225943352707814e-05,9.561143512764126e-05,f527b9229aa187a2fa47ac947f6d1d55b77ea9eb3362c8b005ca3ec6555bc153,ed5bc1c5114cc014158e1f05c349863d3d3d1ce4f8d931cb55672aa5917b8109,4f42291b6f020b7a6b36fccd50abab4863e5bfa4574caf8661a5ab8838a3f959,c429027be761834f92777261859b9e0700ef402ce6d115e6c24b1c8e13d14fa9
seed103_fbig0.10,103,0.1,32000,pointwise,big,2013,1714,0.851465474416294,-6.841429238673517e-05,0,9.225943352707814e-05,9.561143512764126e-05,f527b9229aa187a2fa47ac947f6d1d55b77ea9eb3362c8b005ca3ec6555bc153,ed5bc1c5114cc014158e1f05c349863d3d3d1ce4f8d931cb55672aa5917b8109,4f42291b6f020b7a6b36fccd50abab4863e5bfa4574caf8661a5ab8838a3f959,c429027be761834f92777261859b9e0700ef402ce6d115e6c24b1c8e13d14fa9
seed103_fbig0.10,103,0.1,32000,pointwise,within_tolerance,17755,2556,0.14395944804280483,-6.841429238673517e-05,0,9.225943352707814e-05,9.561143512764126e-05,f527b9229aa187a2fa47ac947f6d1d55b77ea9eb3362c8b005ca3ec6555bc153,ed5bc1c5114cc014158e1f05c349863d3d3d1ce4f8d931cb55672aa5917b8109,4f42291b6f020b7a6b36fccd50abab4863e5bfa4574caf8661a5ab8838a3f959,c429027be761834f92777261859b9e0700ef402ce6d115e6c24b1c8e13d14fa9
seed103_fbig0.10,103,0.1,32000,pointwise,outside_tolerance,2245,1792,0.7982182628062361,-6.841429238673517e-05,0,9.225943352707814e-05,9.561143512764126e-05,f527b9229aa187a2fa47ac947f6d1d55b77ea9eb3362c8b005ca3ec6555bc153,ed5bc1c5114cc014158e1f05c349863d3d3d1ce4f8d931cb55672aa5917b8109,4f42291b6f020b7a6b36fccd50abab4863e5bfa4574caf8661a5ab8838a3f959,c429027be761834f92777261859b9e0700ef402ce6d115e6c24b1c8e13d14fa9
seed103_fbig0.10,103,0.1,32000,pointwise,misfit,540,419,0.7759259259259259,-6.841429238673517e-05,0,9.225943352707814e-05,9.561143512764126e-05,f527b9229aa187a2fa47ac947f6d1d55b77ea9eb3362c8b005ca3ec6555bc153,ed5bc1c5114cc014158e1f05c349863d3d3d1ce4f8d931cb55672aa5917b8109,4f42291b6f020b7a6b36fccd50abab4863e5bfa4574caf8661a5ab8838a3f959,c429027be761834f92777261859b9e0700ef402ce6d115e6c24b1c8e13d14fa9
seed103_fbig0.10,103,0.1,32000,pointwise,twosheet_back,1000,780,0.78,-6.841429238673517e-05,0,9.225943352707814e-05,9.561143512764126e-05,f527b9229aa187a2fa47ac947f6d1d55b77ea9eb3362c8b005ca3ec6555bc153,ed5bc1c5114cc014158e1f05c349863d3d3d1ce4f8d931cb55672aa5917b8109,4f42291b6f020b7a6b36fccd50abab4863e5bfa4574caf8661a5ab8838a3f959,c429027be761834f92777261859b9e0700ef402ce6d115e6c24b1c8e13d14fa9
seed103_fbig0.10,103,0.1,32000,pointwise,twosheet_front,1000,83,0.083,-6.841429238673517e-05,0,9.225943352707814e-05,9.561143512764126e-05,f527b9229aa187a2fa47ac947f6d1d55b77ea9eb3362c8b005ca3ec6555bc153,ed5bc1c5114cc014158e1f05c349863d3d3d1ce4f8d931cb55672aa5917b8109,4f42291b6f020b7a6b36fccd50abab4863e5bfa4574caf8661a5ab8838a3f959,c429027be761834f92777261859b9e0700ef402ce6d115e6c24b1c8e13d14fa9
seed103_fbig0.10,103,0.1,32000,pointwise,base,15447,1352,0.08752508577717356,-6.841429238673517e-05,0,9.225943352707814e-05,9.561143512764126e-05,f527b9229aa187a2fa47ac947f6d1d55b77ea9eb3362c8b005ca3ec6555bc153,ed5bc1c5114cc014158e1f05c349863d3d3d1ce4f8d931cb55672aa5917b8109,4f42291b6f020b7a6b36fccd50abab4863e5bfa4574caf8661a5ab8838a3f959,c429027be761834f92777261859b9e0700ef402ce6d115e6c24b1c8e13d14fa9
seed103_fbig0.10,103,0.1,32000,pointwise,wrong_association,2625,574,0.21866666666666668,-6.841429238673517e-05,0,9.225943352707814e-05,9.561143512764126e-05,f527b9229aa187a2fa47ac947f6d1d55b77ea9eb3362c8b005ca3ec6555bc153,ed5bc1c5114cc014158e1f05c349863d3d3d1ce4f8d931cb55672aa5917b8109,4f42291b6f020b7a6b36fccd50abab4863e5bfa4574caf8661a5ab8838a3f959,c429027be761834f92777261859b9e0700ef402ce6d115e6c24b1c8e13d14fa9
seed103_fbig0.10,103,0.1,32000,pointwise,misfit_within_tolerance,533,414,0.776735459662289,-6.841429238673517e-05,0,9.225943352707814e-05,9.561143512764126e-05,f527b9229aa187a2fa47ac947f6d1d55b77ea9eb3362c8b005ca3ec6555bc153,ed5bc1c5114cc014158e1f05c349863d3d3d1ce4f8d931cb55672aa5917b8109,4f42291b6f020b7a6b36fccd50abab4863e5bfa4574caf8661a5ab8838a3f959,c429027be761834f92777261859b9e0700ef402ce6d115e6c24b1c8e13d14fa9
seed103_fbig0.10,103,0.1,32000,pointwise,back_within_tolerance,996,779,0.7821285140562249,-6.841429238673517e-05,0,9.225943352707814e-05,9.561143512764126e-05,f527b9229aa187a2fa47ac947f6d1d55b77ea9eb3362c8b005ca3ec6555bc153,ed5bc1c5114cc014158e1f05c349863d3d3d1ce4f8d931cb55672aa5917b8109,4f42291b6f020b7a6b36fccd50abab4863e5bfa4574caf8661a5ab8838a3f959,c429027be761834f92777261859b9e0700ef402ce6d115e6c24b1c8e13d14fa9
