case,base_case,sampling,source,n_points,n_frames,family,gap_mm,seed,bias_rms_mm,variant,outer_iterations,sinkhorn_iterations,stage,sigma_mm,ok,identifiable,geometry_scored,surface_accuracy_mean_mm,surface_accuracy_rms_mm,surface_accuracy_p95_mm,reference_sample_coverage_1mm,reference_sample_coverage_2mm,reference_sample_distance_mean_mm,output_point_count_ratio,matched_point_rms_mm,matched_normal_mae_mm,within_source_layer_rms_mm,reported_model_k,model_k_note,global_translation_only_aligned_rms_mm,output_edit_from_reference_centroid_mm,source_surface_tilt_mean_deg,source_surface_tilt_max_deg,method_seconds,transport_seconds,local_filter_seconds,input_edit_rms_mm,input_edit_p95_mm,moved_fraction,estimated_bias_rms_mm,estimated_bias_max_mm,effective_transport_mass,usable_transport_mass,supported_scan_fraction,component_changes,largest_observed_bias_increment_mm,updates_at_nominal_1p6mm_increment,balanced_or_relaxed_row_l1_mean,balanced_or_relaxed_row_l1_max,balanced_or_relaxed_column_l1_max,output,output_sha256,source_group_gap_mm,source_group_gap_error_mm,source_group_gap_retention,fitted_gap_at_same_xy_mm,fitted_gap_at_same_xy_error_mm,fitted_gap_note
ghost_s912101_b4,ghost_s912101_b4,full,/srv/slam-research/grf/map-denoise/runs/multiscan-pilot-v1/repair-v2-oyuie4pl/synthetics/identifiable/ghost_s912101_b4.json,768,8,ghost_monolayer,0.0,912101,4.0,balanced,3,24,raw,1.0,True,True,True,1.0225153353041545,1.2872658534588977,2.503294660648396,0.6028645833333334,0.9388020833333334,0.9091204475775623,1.0,1.2872847736399884,1.0225153353041545,1.286569558964205,,self-report; not geometry-derived layer count or success,1.2865884893847919,0.042333762269789826,0.17884730699372217,0.17884730699372217,0.3255843380029546,0.3255843380029546,0.03657915299118031,3.2349577133267737,4.8,1.0,3.234957713326774,4.8,1.0,0.999999999998236,1.0,0,1.6,3,0.005826481137285695,0.015693998442333566,5.937091096530622e-16,/srv/slam-research/grf/map-denoise/runs/multiscan-pilot-v1/transport-budget-v3-mxi1kprj/outputs/ghost_s912101_b4__balanced_o3__raw.npz,8f29d3aaba9ccf2f58c8a7ef3c1a2e8dba7c7ec8dc354b4345779dad863ca9ec,,,,,,
ghost_s912101_b4,ghost_s912101_b4,full,/srv/slam-research/grf/map-denoise/runs/multiscan-pilot-v1/repair-v2-oyuie4pl/synthetics/identifiable/ghost_s912101_b4.json,768,8,ghost_monolayer,0.0,912101,4.0,balanced,3,24,local,1.0,True,True,True,0.22412042209727692,0.4126355088685023,0.497271296148619,0.97265625,0.99609375,0.21252820392500874,1.0,0.4128396766227933,0.22412042209727692,0.409876687531761,,self-report; not geometry-derived layer count or success,0.4100822271722201,0.04763575916771179,0.1788301436162433,0.17883014361624333,0.3621634909941349,0.3255843380029546,0.03657915299118031,4.060384152925085,6.58790651572404,1.0,3.234957713326774,4.8,1.0,0.999999999998236,1.0,0,1.6,3,0.005826481137285695,0.015693998442333566,5.937091096530622e-16,/srv/slam-research/grf/map-denoise/runs/multiscan-pilot-v1/transport-budget-v3-mxi1kprj/outputs/ghost_s912101_b4__balanced_o3__local.npz,adb356ebb67a3b3646750c0eef34e124cfa7a039eccdfd7abf4b418a93ae2a64,,,,,,
ghost_s912101_b4,ghost_s912101_b4,full,/srv/slam-research/grf/map-denoise/runs/multiscan-pilot-v1/repair-v2-oyuie4pl/synthetics/identifiable/ghost_s912101_b4.json,768,8,ghost_monolayer,0.0,912101,4.0,balanced,6,24,raw,1.0,True,True,True,0.8300092979406196,1.0484046851011501,2.1480012264142445,0.7096354166666666,0.97265625,0.7597214588540272,1.0,1.0484364689501537,0.8300092979406196,1.0475496342962114,,self-report; not geometry-derived layer count or success,1.047581444087643,0.04233376226978994,0.09694181470446166,0.09694181470446164,0.6484563329868251,0.6484563329868251,0.03628735599340871,3.7839139863559765,5.600887157214205,1.0,3.783913986355976,5.600887157214205,1.0,1.0,1.0,0,1.6,3,0.005595972554325698,0.015982690770419045,4.874572967494828e-16,/srv/slam-research/grf/map-denoise/runs/multiscan-pilot-v1/transport-budget-v3-mxi1kprj/outputs/ghost_s912101_b4__balanced_o6__raw.npz,a95e35c2dfd3eab775a502dd48d724340e3cb41d760a81ee56e1c276398884b6,,,,,,
ghost_s912101_b4,ghost_s912101_b4,full,/srv/slam-research/grf/map-denoise/runs/multiscan-pilot-v1/repair-v2-oyuie4pl/synthetics/identifiable/ghost_s912101_b4.json,768,8,ghost_monolayer,0.0,912101,4.0,balanced,6,24,local,1.0,True,True,True,0.16555709142388778,0.20910127964085054,0.41551400443829806,1.0,1.0,0.16650449719988736,1.0,0.20942792945789662,0.16555709142388778,0.2048467754603618,,self-report; not geometry-derived layer count or success,0.20518019860496248,0.04196598309881321,0.09885244881654366,0.09885244881654366,0.6847436889802339,0.6484563329868251,0.03628735599340871,4.137373377736546,6.614470036718874,1.0,3.783913986355976,5.600887157214205,1.0,1.0,1.0,0,1.6,3,0.005595972554325698,0.015982690770419045,4.874572967494828e-16,/srv/slam-research/grf/map-denoise/runs/multiscan-pilot-v1/transport-budget-v3-mxi1kprj/outputs/ghost_s912101_b4__balanced_o6__local.npz,300e48b536d970259169efed1c07e54fef83d711cf6993a37f1f73d2c7f37b9f,,,,,,
ghost_s912101_b4,ghost_s912101_b4,full,/srv/slam-research/grf/map-denoise/runs/multiscan-pilot-v1/repair-v2-oyuie4pl/synthetics/identifiable/ghost_s912101_b4.json,768,8,ghost_monolayer,0.0,912101,4.0,balanced,12,24,raw,1.0,True,True,True,0.8291804023621688,1.0472725106491576,2.150013418920677,0.7096354166666666,0.97265625,0.7591963686026236,1.0,1.0473044147661894,0.8291804023621688,1.046416534719074,,self-report; not geometry-derived layer count or success,1.0464484649330972,0.04233376226978965,0.0961810366246358,0.09618103662463581,1.311389167996822,1.311389167996822,0.03654036499210633,3.789018866266746,5.6081913050159224,1.0,3.789018866266746,5.6081913050159224,1.0,1.0,1.0,0,1.6,3,0.0055918851871603606,0.015987780068085454,4.497270611469872e-16,/srv/slam-research/grf/map-denoise/runs/multiscan-pilot-v1/transport-budget-v3-mxi1kprj/outputs/ghost_s912101_b4__balanced_o12__raw.npz,0fa5c14a4064505f01d51c1d4b110cdb2536aca4cab592b7d729a901c4264ac8,,,,,,
ghost_s912101_b4,ghost_s912101_b4,full,/srv/slam-research/grf/map-denoise/runs/multiscan-pilot-v1/repair-v2-oyuie4pl/synthetics/identifiable/ghost_s912101_b4.json,768,8,ghost_monolayer,0.0,912101,4.0,balanced,12,24,local,1.0,True,True,True,0.16543061249981342,0.20901678371089916,0.41503687680582824,1.0,1.0,0.16638362378763272,1.0,0.2093427901076549,0.16543061249981342,0.20475924542758042,,self-report; not geometry-derived layer count or success,0.20509201953997025,0.041972220468711324,0.09809300831645316,0.09809300831645316,1.3479295329889283,1.311389167996822,0.03654036499210633,4.137481072429657,6.614569490037996,1.0,3.789018866266746,5.6081913050159224,1.0,1.0,1.0,0,1.6,3,0.0055918851871603606,0.015987780068085454,4.497270611469872e-16,/srv/slam-research/grf/map-denoise/runs/multiscan-pilot-v1/transport-budget-v3-mxi1kprj/outputs/ghost_s912101_b4__balanced_o12__local.npz,63775563e648674bf185bfe43e5f00b54574fd4629fd4983607ebcf872479608,,,,,,
ghost_s912101_b4,ghost_s912101_b4,full,/srv/slam-research/grf/map-denoise/runs/multiscan-pilot-v1/repair-v2-oyuie4pl/synthetics/identifiable/ghost_s912101_b4.json,768,8,ghost_monolayer,0.0,912101,4.0,unbalanced,3,24,raw,1.0,True,True,True,1.1414115946464045,1.4235796384183521,2.786858918856985,0.5325520833333334,0.9049479166666666,1.0045893370561574,1.0,1.4235946210205315,1.1414115946464045,1.4229500481364097,,self-report; not geometry-derived layer count or success,1.4229650373676352,0.04233376226978986,0.20953853831653838,0.2095385383165384,0.3238077069981955,0.3238077069981955,0.03641702998720575,3.0273030179728653,4.507278866041681,1.0,3.027303017972865,4.507278866041681,0.5671403460816047,0.567140346081603,1.0,0,1.6,2,0.43326927667532794,0.694289731992927,0.6919392822692279,/srv/slam-research/grf/map-denoise/runs/multiscan-pilot-v1/transport-budget-v3-mxi1kprj/outputs/ghost_s912101_b4__unbalanced_o3__raw.npz,c7cac7f87a20084bd0a6b024af2884e8bd8f7205597fbfb84fe3fa64e69d8092,,,,,,
ghost_s912101_b4,ghost_s912101_b4,full,/srv/slam-research/grf/map-denoise/runs/multiscan-pilot-v1/repair-v2-oyuie4pl/synthetics/identifiable/ghost_s912101_b4.json,768,8,ghost_monolayer,0.0,912101,4.0,unbalanced,3,24,local,1.0,True,True,True,0.5895367253699144,0.7807421142894704,1.4521382503701914,0.8046875,0.9908854166666666,0.5637950626194929,1.0,0.7808227681183965,0.5895367253699144,0.7790053749631048,,self-report; not geometry-derived layer count or success,0.7790862056685414,0.05204689567179222,0.20282959916112042,0.20282959916112042,0.36022473698540125,0.3238077069981955,0.03641702998720575,3.6809124181674027,5.991920435684208,1.0,3.027303017972865,4.507278866041681,0.5671403460816047,0.567140346081603,1.0,0,1.6,2,0.43326927667532794,0.694289731992927,0.6919392822692279,/srv/slam-research/grf/map-denoise/runs/multiscan-pilot-v1/transport-budget-v3-mxi1kprj/outputs/ghost_s912101_b4__unbalanced_o3__local.npz,2d2e53ca251963d97b6ed98f79a4d7a4c7d2e737a1708bb07badcf50088dceff,,,,,,
ghost_s912101_b4,ghost_s912101_b4,full,/srv/slam-research/grf/map-denoise/runs/multiscan-pilot-v1/repair-v2-oyuie4pl/synthetics/identifiable/ghost_s912101_b4.json,768,8,ghost_monolayer,0.0,912101,4.0,unbalanced,6,24,raw,1.0,True,True,True,0.85471109292947,1.0811255923629548,2.136491473406662,0.6927083333333334,0.9674479166666666,0.7771255035273136,1.0,1.0811545249032262,0.85471109292947,1.0802964403506266,,self-report; not geometry-derived layer count or success,1.0803253950966836,0.04233376226978943,0.1154827842250193,0.1154827842250193,0.6480437510035699,0.6480437510035699,0.036875081990729086,3.6661016797329165,5.434569491682609,1.0,3.666101679732917,5.434569491682609,0.6506685093965457,0.6506685093965457,1.0,0,1.6,2,0.3493314906034542,0.3698221240963412,0.3698221240963413,/srv/slam-research/grf/map-denoise/runs/multiscan-pilot-v1/transport-budget-v3-mxi1kprj/outputs/ghost_s912101_b4__unbalanced_o6__raw.npz,614321344b355d6ba8847cc007c1d677034606c91e36a8b8b841b10e24ff48d0,,,,,,
ghost_s912101_b4,ghost_s912101_b4,full,/srv/slam-research/grf/map-denoise/runs/multiscan-pilot-v1/repair-v2-oyuie4pl/synthetics/identifiable/ghost_s912101_b4.json,768,8,ghost_monolayer,0.0,912101,4.0,unbalanced,6,24,local,1.0,True,True,True,0.16878586568303963,0.21159040679285715,0.4239284337419649,1.0,1.0,0.16970262655836765,1.0,0.21193196607687104,0.16878586568303963,0.20745450499137624,,self-report; not geometry-derived layer count or success,0.20780286238609666,0.04163086150145085,0.11730723610621459,0.11730723610621459,0.684918832994299,0.6480437510035699,0.036875081990729086,4.13495904917042,6.614686728881952,1.0,3.666101679732917,5.434569491682609,0.6506685093965457,0.6506685093965457,1.0,0,1.6,2,0.3493314906034542,0.3698221240963412,0.3698221240963413,/srv/slam-research/grf/map-denoise/runs/multiscan-pilot-v1/transport-budget-v3-mxi1kprj/outputs/ghost_s912101_b4__unbalanced_o6__local.npz,81743c2b9896d04ec114f1947ebefc5ae17904e5a48ab298b101b24ad9cd225b,,,,,,
ghost_s912101_b4,ghost_s912101_b4,full,/srv/slam-research/grf/map-denoise/runs/multiscan-pilot-v1/repair-v2-oyuie4pl/synthetics/identifiable/ghost_s912101_b4.json,768,8,ghost_monolayer,0.0,912101,4.0,unbalanced,12,24,raw,1.0,True,True,True,0.8435460810927043,1.066634877959229,2.1416431447065434,0.7005208333333334,0.96875,0.768978961181161,1.0,1.0666649595122346,0.8435460810927043,1.0657944527211543,,self-report; not geometry-derived layer count or success,1.0658245579941015,0.04233376226978993,0.10873380937828535,0.10873380937828535,1.3031662920111557,1.3031662920111557,0.03613624301215168,3.7130544874017435,5.500319891926182,1.0,3.7130544874017435,5.500319891926183,0.6530538533306864,0.6530538533306864,1.0,0,1.6,2,0.3469461466693134,0.3634582542112561,0.3634582542112562,/srv/slam-research/grf/map-denoise/runs/multiscan-pilot-v1/transport-budget-v3-mxi1kprj/outputs/ghost_s912101_b4__unbalanced_o12__raw.npz,4993923e3715d18e75c2fd8e0d4518da6e627fb2174401443abe4cc9eddcba05,,,,,,
ghost_s912101_b4,ghost_s912101_b4,full,/srv/slam-research/grf/map-denoise/runs/multiscan-pilot-v1/repair-v2-oyuie4pl/synthetics/identifiable/ghost_s912101_b4.json,768,8,ghost_monolayer,0.0,912101,4.0,unbalanced,12,24,local,1.0,True,True,True,0.16727002288849327,0.2102102520941984,0.4168864763962194,1.0,1.0,0.16818012714644315,1.0,0.21054629604563113,0.16727002288849327,0.20602473497113,,self-report; not geometry-derived layer count or success,0.2063675945877161,0.04173917443618868,0.1106192718597357,0.1106192718597357,1.3393025350233074,1.3031662920111557,0.03613624301215168,4.13590226744815,6.610669589744542,1.0,3.7130544874017435,5.500319891926183,0.6530538533306864,0.6530538533306864,1.0,0,1.6,2,0.3469461466693134,0.3634582542112561,0.3634582542112562,/srv/slam-research/grf/map-denoise/runs/multiscan-pilot-v1/transport-budget-v3-mxi1kprj/outputs/ghost_s912101_b4__unbalanced_o12__local.npz,908c51a52953494600c8b1682724a4fe85fcb12f194b01a3cbc1e18dff73a87a,,,,,,
ghost_s912101_b4__partial_overlap,ghost_s912101_b4,partial_overlap,/srv/slam-research/grf/map-denoise/runs/multiscan-pilot-v1/repair-v2-oyuie4pl/synthetics/identifiable/ghost_s912101_b4.json,536,8,ghost_monolayer,0.0,912101,4.0,balanced,3,24,raw,1.0,True,True,True,1.0564710695050732,1.3086131294011576,2.5139258339093855,0.5802238805970149,0.9197761194029851,0.9612255341522692,1.0,1.3086276905250291,1.0564710695050732,1.308391863223404,,self-report; not geometry-derived layer count or success,1.3084064268097246,0.024063555262686658,0.8295036797935403,0.8295036797935403,0.22379367299436126,0.22379367299436126,0.024908552994020283,3.1829806371701914,4.800000000000002,1.0,3.1829806371701905,4.800000000000001,0.9999999999999998,0.9999996496073112,1.0,0,1.6000000000000005,3,0.004252431275783066,0.012314699308445275,5.811323644522304e-16,/srv/slam-research/grf/map-denoise/runs/multiscan-pilot-v1/transport-budget-v3-mxi1kprj/outputs/ghost_s912101_b4__partial_overlap__balanced_o3__raw.npz,40051cb773a64ab9995b7a9c8e31b05faa8c508d5abdfa14cd49fc8920ea9692,,,,,,
ghost_s912101_b4__partial_overlap,ghost_s912101_b4,partial_overlap,/srv/slam-research/grf/map-denoise/runs/multiscan-pilot-v1/repair-v2-oyuie4pl/synthetics/identifiable/ghost_s912101_b4.json,536,8,ghost_monolayer,0.0,912101,4.0,balanced,3,24,local,1.0,True,True,True,0.3788676700365603,0.503744061198246,1.0075052990136664,0.9477611940298507,1.0,0.3792959341516584,1.0,0.5038322010683668,0.3788676700365603,0.5032509458183846,,self-report; not geometry-derived layer count or success,0.5033391719902345,0.022283733385147,0.8268426959716898,0.8268426959716898,0.24870222598838154,0.22379367299436126,0.024908552994020283,3.95236036344039,6.432300672455443,1.0,3.1829806371701905,4.800000000000001,0.9999999999999998,0.9999996496073112,1.0,0,1.6000000000000005,3,0.004252431275783066,0.012314699308445275,5.811323644522304e-16,/srv/slam-research/grf/map-denoise/runs/multiscan-pilot-v1/transport-budget-v3-mxi1kprj/outputs/ghost_s912101_b4__partial_overlap__balanced_o3__local.npz,991a0edcf60c513148ae625bf7ad2873de8d5088009ab66996a263a13d448a84,,,,,,
ghost_s912101_b4__partial_overlap,ghost_s912101_b4,partial_overlap,/srv/slam-research/grf/map-denoise/runs/multiscan-pilot-v1/repair-v2-oyuie4pl/synthetics/identifiable/ghost_s912101_b4.json,536,8,ghost_monolayer,0.0,912101,4.0,balanced,6,24,raw,1.0,True,True,True,0.8314658599338076,1.0402732613291263,2.040248065372122,0.6902985074626866,0.9682835820895522,0.771730608382016,1.0,1.0402989779536134,0.8314658599338076,1.039994905537742,,self-report; not geometry-derived layer count or success,1.0400206290451417,0.024063555262686723,0.3794058378298252,0.3794058378298252,0.4410221400030423,0.4410221400030423,0.025826358003541827,3.771491101111404,5.6869177118926455,1.0,3.7714911011114034,5.686917711892645,0.9999999999999998,0.9999999999766755,1.0,0,1.6000000000000005,3,0.00438445056675265,0.013333051522947198,5.325601071248798e-16,/srv/slam-research/grf/map-denoise/runs/multiscan-pilot-v1/transport-budget-v3-mxi1kprj/outputs/ghost_s912101_b4__partial_overlap__balanced_o6__raw.npz,45bdcb592a23f6d644ee8e21b759029952e99ac586ca710d89c43df1e00ff63a,,,,,,
ghost_s912101_b4__partial_overlap,ghost_s912101_b4,partial_overlap,/srv/slam-research/grf/map-denoise/runs/multiscan-pilot-v1/repair-v2-oyuie4pl/synthetics/identifiable/ghost_s912101_b4.json,536,8,ghost_monolayer,0.0,912101,4.0,balanced,6,24,local,1.0,True,True,True,0.21169665711229851,0.2987304467903132,0.6267747372441314,0.9869402985074627,1.0,0.21217357883925086,1.0,0.29885883372978894,0.21169665711229851,0.29775967683294413,,self-report; not geometry-derived layer count or success,0.2978884821648006,0.024063555262696417,0.3779326804461369,0.3779326804461369,0.4668484980065841,0.4410221400030423,0.025826358003541827,4.0455951189173565,6.625406387365226,1.0,3.7714911011114034,5.686917711892645,0.9999999999999998,0.9999999999766755,1.0,0,1.6000000000000005,3,0.00438445056675265,0.013333051522947198,5.325601071248798e-16,/srv/slam-research/grf/map-denoise/runs/multiscan-pilot-v1/transport-budget-v3-mxi1kprj/outputs/ghost_s912101_b4__partial_overlap__balanced_o6__local.npz,015e9aa07e7d4518b49a73388a8520bdd2583c21faae8b8102cc738b11299bc5,,,,,,
ghost_s912101_b4__partial_overlap,ghost_s912101_b4,partial_overlap,/srv/slam-research/grf/map-denoise/runs/multiscan-pilot-v1/repair-v2-oyuie4pl/synthetics/identifiable/ghost_s912101_b4.json,536,8,ghost_monolayer,0.0,912101,4.0,balanced,12,24,raw,1.0,True,True,True,0.8302975521449932,1.0389347631944768,2.0375985381045694,0.6884328358208955,0.9682835820895522,0.77087443727452,1.0,1.0389605926121652,0.8302975521449932,1.038656048690847,,self-report; not geometry-derived layer count or success,1.0386818850394675,0.024063555262686474,0.37486136068087356,0.37486136068087356,0.8874538829986705,0.8874538829986705,0.02587924900581129,3.7773206231205814,5.695855696776728,1.0,3.777320623120581,5.695855696776727,0.9999999999999998,0.9999999999766773,1.0,0,1.6000000000000005,3,0.004386435088084369,0.01335231465416567,6.002143226879753e-16,/srv/slam-research/grf/map-denoise/runs/multiscan-pilot-v1/transport-budget-v3-mxi1kprj/outputs/ghost_s912101_b4__partial_overlap__balanced_o12__raw.npz,b4c1431d33ea3ed12e9651f45d232c56e263c0af2c96b42df0dbe07e136995ac,,,,,,
ghost_s912101_b4__partial_overlap,ghost_s912101_b4,partial_overlap,/srv/slam-research/grf/map-denoise/runs/multiscan-pilot-v1/repair-v2-oyuie4pl/synthetics/identifiable/ghost_s912101_b4.json,536,8,ghost_monolayer,0.0,912101,4.0,balanced,12,24,local,1.0,True,True,True,0.21019067673875252,0.2970333641395076,0.6228497211539332,0.9869402985074627,1.0,0.21067348084653417,1.0,0.29716231188023545,0.21019067673875252,0.29605702950639845,,self-report; not geometry-derived layer count or success,0.29618640230457155,0.024063555262696396,0.3734066872404815,0.3734066872404815,0.9133331320044817,0.8874538829986705,0.02587924900581129,4.046607989224791,6.625260315943763,1.0,3.777320623120581,5.695855696776727,0.9999999999999998,0.9999999999766773,1.0,0,1.6000000000000005,3,0.004386435088084369,0.01335231465416567,6.002143226879753e-16,/srv/slam-research/grf/map-denoise/runs/multiscan-pilot-v1/transport-budget-v3-mxi1kprj/outputs/ghost_s912101_b4__partial_overlap__balanced_o12__local.npz,38069ddb5fcd9f0ba3e9de1878e4a33bdffb4ccb9df414b4efe1aacac35e6c12,,,,,,
ghost_s912101_b4__partial_overlap,ghost_s912101_b4,partial_overlap,/srv/slam-research/grf/map-denoise/runs/multiscan-pilot-v1/repair-v2-oyuie4pl/synthetics/identifiable/ghost_s912101_b4.json,536,8,ghost_monolayer,0.0,912101,4.0,unbalanced,3,24,raw,1.0,True,True,True,1.18698403445824,1.4599845766138657,2.7740702230936884,0.5149253731343284,0.8861940298507462,1.0708775467630254,1.0,1.459995973372245,1.18698403445824,1.4597862546477443,,self-report; not geometry-derived layer count or success,1.4597976529544392,0.024063555262686703,1.0319811877455378,1.0319811877455378,0.21925514000758994,0.21925514000758994,0.024919912000768818,2.9743724903691495,4.495532010282062,1.0,2.974372490369149,4.495532010282061,0.517494490852865,0.5174944908495182,1.0,0,1.6,2,0.48445904996264527,0.8074312377824995,0.8121505297023779,/srv/slam-research/grf/map-denoise/runs/multiscan-pilot-v1/transport-budget-v3-mxi1kprj/outputs/ghost_s912101_b4__partial_overlap__unbalanced_o3__raw.npz,447c300c98273cbe23a665236c730db060170ba4a586af049d89e341f9d910f5,,,,,,
ghost_s912101_b4__partial_overlap,ghost_s912101_b4,partial_overlap,/srv/slam-research/grf/map-denoise/runs/multiscan-pilot-v1/repair-v2-oyuie4pl/synthetics/identifiable/ghost_s912101_b4.json,536,8,ghost_monolayer,0.0,912101,4.0,unbalanced,3,24,local,1.0,True,True,True,0.6314838981175503,0.76530043297506,1.4420782499783797,0.7873134328358209,1.0,0.6254954202321473,1.0,0.7653531926023016,0.6314838981175503,0.7647543793730407,,self-report; not geometry-derived layer count or success,0.7648071764363259,0.02890488363634483,1.0320657525961572,1.0320657525961572,0.24417505200835876,0.21925514000758994,0.024919912000768818,3.7451562243426886,6.068364766097504,1.0,2.974372490369149,4.495532010282061,0.517494490852865,0.5174944908495182,1.0,0,1.6,2,0.48445904996264527,0.8074312377824995,0.8121505297023779,/srv/slam-research/grf/map-denoise/runs/multiscan-pilot-v1/transport-budget-v3-mxi1kprj/outputs/ghost_s912101_b4__partial_overlap__unbalanced_o3__local.npz,c34c7dc1735d6bc0e2eb0ff0407b2a23f400854534a132f4e6db25b9f4377291,,,,,,
ghost_s912101_b4__partial_overlap,ghost_s912101_b4,partial_overlap,/srv/slam-research/grf/map-denoise/runs/multiscan-pilot-v1/repair-v2-oyuie4pl/synthetics/identifiable/ghost_s912101_b4.json,536,8,ghost_monolayer,0.0,912101,4.0,unbalanced,6,24,raw,1.0,True,True,True,0.8515223802522985,1.0646065563725755,2.114325610654037,0.6902985074626866,0.9664179104477612,0.7873750373232677,1.0,1.0646306270195338,0.8515223802522985,1.0643345644953908,,self-report; not geometry-derived layer count or success,1.0643586412934904,0.024063555262686883,0.45165324674797414,0.45165324674797414,0.448486231995048,0.448486231995048,0.026953086999128573,3.691225763172413,5.594124971122079,1.0,3.6912257631724126,5.594124971122077,0.6398008230496057,0.6398008230496057,1.0,0,1.6,2,0.36057776370961375,0.4649003066989466,0.47390735494133196,/srv/slam-research/grf/map-denoise/runs/multiscan-pilot-v1/transport-budget-v3-mxi1kprj/outputs/ghost_s912101_b4__partial_overlap__unbalanced_o6__raw.npz,37a7959cafaf2d15ad8e049078f3ce423a42e18ebeaa345f0dafa41ab5355b7c,,,,,,
ghost_s912101_b4__partial_overlap,ghost_s912101_b4,partial_overlap,/srv/slam-research/grf/map-denoise/runs/multiscan-pilot-v1/repair-v2-oyuie4pl/synthetics/identifiable/ghost_s912101_b4.json,536,8,ghost_monolayer,0.0,912101,4.0,unbalanced,6,24,local,1.0,True,True,True,0.2364935334508013,0.32586350909695677,0.6851209407666636,0.9776119402985075,1.0,0.23687581185405115,1.0,0.32598333440829913,0.2364935334508013,0.3249738018196264,,self-report; not geometry-derived layer count or success,0.32509395506541233,0.024063555262692517,0.4499262834599922,0.4499262834599922,0.4754393189941766,0.448486231995048,0.026953086999128573,4.030166214752308,6.598890181923699,1.0,3.6912257631724126,5.594124971122077,0.6398008230496057,0.6398008230496057,1.0,0,1.6,2,0.36057776370961375,0.4649003066989466,0.47390735494133196,/srv/slam-research/grf/map-denoise/runs/multiscan-pilot-v1/transport-budget-v3-mxi1kprj/outputs/ghost_s912101_b4__partial_overlap__unbalanced_o6__local.npz,d5611e974215fb18cc163fafd7f7d88a98fe84be74b6658ac6726a0d6753e906,,,,,,
ghost_s912101_b4__partial_overlap,ghost_s912101_b4,partial_overlap,/srv/slam-research/grf/map-denoise/runs/multiscan-pilot-v1/repair-v2-oyuie4pl/synthetics/identifiable/ghost_s912101_b4.json,536,8,ghost_monolayer,0.0,912101,4.0,unbalanced,12,24,raw,1.0,True,True,True,0.8385676712597602,1.0486616941692972,2.0643093241231263,0.6958955223880597,0.9682835820895522,0.777270476533122,1.0,1.048686896410412,0.8385676712597602,1.0483855655845995,,self-report; not geometry-derived layer count or success,1.0484107744634361,0.024063555262686675,0.4059420573201142,0.4059420573201142,0.8751272210065508,0.8751272210065508,0.02515050899819471,3.748604276433067,5.691774851246501,1.0,3.7486042764330656,5.6917748512465,0.6431516341296484,0.6431516341296483,1.0,0,1.6,2,0.35723505439427855,0.4652857434319177,0.4735859748199568,/srv/slam-research/grf/map-denoise/runs/multiscan-pilot-v1/transport-budget-v3-mxi1kprj/outputs/ghost_s912101_b4__partial_overlap__unbalanced_o12__raw.npz,a3251de30fb4dec96439ccf2b2b2abd407ea88020e5e7ff69f0529bc8ade49a9,,,,,,
ghost_s912101_b4__partial_overlap,ghost_s912101_b4,partial_overlap,/srv/slam-research/grf/map-denoise/runs/multiscan-pilot-v1/repair-v2-oyuie4pl/synthetics/identifiable/ghost_s912101_b4.json,536,8,ghost_monolayer,0.0,912101,4.0,unbalanced,12,24,local,1.0,True,True,True,0.220611969384249,0.30740376299751504,0.6455176540569215,0.9813432835820896,1.0,0.22102630262262543,1.0,0.30752911721964027,0.220611969384249,0.3064604685977485,,self-report; not geometry-derived layer count or success,0.3065862085058792,0.02406355526269505,0.40440389870021576,0.40440389870021576,0.9002777300047455,0.8751272210065508,0.02515050899819471,4.040186480269812,6.6260984638484075,1.0,3.7486042764330656,5.6917748512465,0.6431516341296484,0.6431516341296483,1.0,0,1.6,2,0.35723505439427855,0.4652857434319177,0.4735859748199568,/srv/slam-research/grf/map-denoise/runs/multiscan-pilot-v1/transport-budget-v3-mxi1kprj/outputs/ghost_s912101_b4__partial_overlap__unbalanced_o12__local.npz,fa9efa63ba30f578027d0225a00a0525713c9df37929b88b115a8ece42ae6005,,,,,,
dual_g2_s912101_b4,dual_g2_s912101_b4,full,/srv/slam-research/grf/map-denoise/runs/multiscan-pilot-v1/repair-v2-oyuie4pl/synthetics/identifiable/dual_g2_s912101_b4.json,768,8,true_bilayer,2.0,912101,4.0,balanced,3,24,raw,1.0,True,True,True,0.9367107677281853,1.2022509476878693,2.4640883706276444,0.6041666666666666,0.9309895833333334,0.9202624656744001,1.0,1.2770379427781327,1.0131483705293074,1.2746663120949089,,self-report; not geometry-derived layer count or success,1.2763360685442882,0.04233376226978961,0.26967863020886745,0.3538112764833252,0.34677357600594405,0.34677357600594405,0.037175962002947927,3.2535891591456396,4.8,1.0,3.2535891591456396,4.8,1.0,0.9999999999869273,1.0,0,1.6,3,0.008187271325212249,0.026123590468709455,5.238864897449957e-16,/srv/slam-research/grf/map-denoise/runs/multiscan-pilot-v1/transport-budget-v3-mxi1kprj/outputs/dual_g2_s912101_b4__balanced_o3__raw.npz,b86905699407163649c2ee576662a37b24eaacbaf2773af82c5243fc2d3dcf00,1.9725271623701457,0.027472837629854308,0.9862635811850728,2.094525536576814,0.09452553657681406,"GT source-group affine fits evaluated at x=y=0; may extrapolate, not physical layer count"
dual_g2_s912101_b4,dual_g2_s912101_b4,full,/srv/slam-research/grf/map-denoise/runs/multiscan-pilot-v1/repair-v2-oyuie4pl/synthetics/identifiable/dual_g2_s912101_b4.json,768,8,true_bilayer,2.0,912101,4.0,balanced,3,24,local,1.0,True,True,True,0.35029755852079636,0.49773416012675525,1.1123361700080403,0.9127604166666666,1.0,0.37396601975650184,1.0,0.5188265193923275,0.358175077439614,0.5068011695119308,,self-report; not geometry-derived layer count or success,0.5172777299888026,0.04005879781506853,0.3505960901576765,0.381859520407254,0.383949538008892,0.34677357600594405,0.037175962002947927,3.9969977174115385,6.46043587289277,1.0,3.2535891591456396,4.8,1.0,0.9999999999869273,1.0,0,1.6,3,0.008187271325212249,0.026123590468709455,5.238864897449957e-16,/srv/slam-research/grf/map-denoise/runs/multiscan-pilot-v1/transport-budget-v3-mxi1kprj/outputs/dual_g2_s912101_b4__balanced_o3__local.npz,8f8e7c6d340b77ee216d6819fa20c8692f26dae609ac2c8118bacb76d603241f,1.849782713770039,0.1502172862299609,0.9248913568850196,1.5227287987652236,0.4772712012347764,"GT source-group affine fits evaluated at x=y=0; may extrapolate, not physical layer count"
dual_g2_s912101_b4,dual_g2_s912101_b4,full,/srv/slam-research/grf/map-denoise/runs/multiscan-pilot-v1/repair-v2-oyuie4pl/synthetics/identifiable/dual_g2_s912101_b4.json,768,8,true_bilayer,2.0,912101,4.0,balanced,6,24,raw,1.0,True,True,True,0.7787181922447045,0.9901157416725672,2.033193579499343,0.6979166666666666,0.9622395833333334,0.7818885935944103,1.0,1.0475453642278485,0.8281238645222656,1.043835093317153,,self-report; not geometry-derived layer count or success,1.0466896114356636,0.042333762269789806,0.2783992120778455,0.49541565082818256,0.686846147000324,0.686846147000324,0.053382761994726025,3.7920372649551246,5.57166670166576,1.0,3.7920372649551246,5.571666701665759,1.0,1.0,1.0,0,1.6,3,0.006738220399753843,0.02083783154015758,4.636048489548017e-16,/srv/slam-research/grf/map-denoise/runs/multiscan-pilot-v1/transport-budget-v3-mxi1kprj/outputs/dual_g2_s912101_b4__balanced_o6__raw.npz,8b850311716b9022c42858a35fe97f878345bc3d4f46578feff17bc43123f88e,1.957633741869213,0.04236625813078709,0.9788168709346065,2.220228245867092,0.2202282458670921,"GT source-group affine fits evaluated at x=y=0; may extrapolate, not physical layer count"
dual_g2_s912101_b4,dual_g2_s912101_b4,full,/srv/slam-research/grf/map-denoise/runs/multiscan-pilot-v1/repair-v2-oyuie4pl/synthetics/identifiable/dual_g2_s912101_b4.json,768,8,true_bilayer,2.0,912101,4.0,balanced,6,24,local,1.0,True,True,True,0.24945283333628324,0.3515452179852782,0.7521936105864879,0.9635416666666666,1.0,0.27541918453391395,1.0,0.37032046046157957,0.25293744199115925,0.3381885705425251,,self-report; not geometry-derived layer count or success,0.36784139601957505,0.042777924340089216,0.4487803663654681,0.46125622059163984,0.74022890899505,0.686846147000324,0.053382761994726025,4.13640218332213,6.70886842363066,1.0,3.7920372649551246,5.571666701665759,1.0,1.0,1.0,0,1.6,3,0.006738220399753843,0.02083783154015758,4.636048489548017e-16,/srv/slam-research/grf/map-denoise/runs/multiscan-pilot-v1/transport-budget-v3-mxi1kprj/outputs/dual_g2_s912101_b4__balanced_o6__local.npz,df4721d1d1857acbda7f73b526f989901eb3242d56011729c822810b2979ab65,1.749774807906023,0.2502251920939771,0.8748874039530115,1.3058929475361145,0.6941070524638855,"GT source-group affine fits evaluated at x=y=0; may extrapolate, not physical layer count"
dual_g2_s912101_b4,dual_g2_s912101_b4,full,/srv/slam-research/grf/map-denoise/runs/multiscan-pilot-v1/repair-v2-oyuie4pl/synthetics/identifiable/dual_g2_s912101_b4.json,768,8,true_bilayer,2.0,912101,4.0,balanced,12,24,raw,1.0,True,True,True,0.7780005012280006,0.9891305117251351,2.029013759412511,0.6966145833333334,0.9622395833333334,0.7812762005579367,1.0,1.0464878080349538,0.827284433123085,1.0427655162117941,,self-report; not geometry-derived layer count or success,1.0456311897308188,0.04233376226978982,0.2785461151939479,0.4969105889114681,1.381757158000255,1.381757158000255,0.034225185998366214,3.7969890620918205,5.578692496743689,1.0,3.79698906209182,5.578692496743688,1.0,1.0,1.0,0,1.6,3,0.006718239736005432,0.02076729372749901,4.787836793695988e-16,/srv/slam-research/grf/map-denoise/runs/multiscan-pilot-v1/transport-budget-v3-mxi1kprj/outputs/dual_g2_s912101_b4__balanced_o12__raw.npz,b69434850b0062e7c63197cca2fefe50435328530ba5f984a35c420cb1f12f18,1.957497105927906,0.042502894072093955,0.978748552963953,2.22139069231759,0.2213906923175899,"GT source-group affine fits evaluated at x=y=0; may extrapolate, not physical layer count"
dual_g2_s912101_b4,dual_g2_s912101_b4,full,/srv/slam-research/grf/map-denoise/runs/multiscan-pilot-v1/repair-v2-oyuie4pl/synthetics/identifiable/dual_g2_s912101_b4.json,768,8,true_bilayer,2.0,912101,4.0,balanced,12,24,local,1.0,True,True,True,0.2494313414037631,0.35153117079445173,0.7529064916994109,0.9635416666666666,1.0,0.2754242866200416,1.0,0.37032231439298696,0.2529187027647115,0.3381232856114439,,self-report; not geometry-derived layer count or success,0.36784097764174073,0.04279756657739615,0.4483042683157911,0.4611395999044744,1.4159823439986212,1.381757158000255,0.034225185998366214,4.136530487217354,6.70999288566266,1.0,3.79698906209182,5.578692496743688,1.0,1.0,1.0,0,1.6,3,0.006718239736005432,0.02076729372749901,4.787836793695988e-16,/srv/slam-research/grf/map-denoise/runs/multiscan-pilot-v1/transport-budget-v3-mxi1kprj/outputs/dual_g2_s912101_b4__balanced_o12__local.npz,9a4802b1b888684cbc0e62517c208c241bfe232368ce6c86c999a4acca10a501,1.7494453669628942,0.2505546330371058,0.8747226834814471,1.3062827308118616,0.6937172691881384,"GT source-group affine fits evaluated at x=y=0; may extrapolate, not physical layer count"
dual_g2_s912101_b4,dual_g2_s912101_b4,full,/srv/slam-research/grf/map-denoise/runs/multiscan-pilot-v1/repair-v2-oyuie4pl/synthetics/identifiable/dual_g2_s912101_b4.json,768,8,true_bilayer,2.0,912101,4.0,unbalanced,3,24,raw,1.0,True,True,True,1.0491575643025757,1.3390559646544904,2.7125392246175,0.5221354166666666,0.9036458333333334,1.0169711775711034,1.0,1.425065340424895,1.1428665468998889,1.4231617683560356,,self-report; not geometry-derived layer count or success,1.4244364068123248,0.042333762269789875,0.27585062839355534,0.31673059798080544,0.3486799930105917,0.3486799930105917,0.03682829299941659,3.0265450571577586,4.496575473163728,1.0,3.026545057157758,4.496575473163727,0.5610963347150438,0.561096334715043,1.0,0,1.6,2,0.4395990712733808,0.6585990838116269,0.6515411122161625,/srv/slam-research/grf/map-denoise/runs/multiscan-pilot-v1/transport-budget-v3-mxi1kprj/outputs/dual_g2_s912101_b4__unbalanced_o3__raw.npz,ba61bd9a2fcc1b936f32501db2e62818ce8e1c6a7c5a0f41e16b3e369eca8faf,1.9796330553428645,0.02036694465713551,0.9898165276714322,2.043487650973567,0.04348765097356688,"GT source-group affine fits evaluated at x=y=0; may extrapolate, not physical layer count"
dual_g2_s912101_b4,dual_g2_s912101_b4,full,/srv/slam-research/grf/map-denoise/runs/multiscan-pilot-v1/repair-v2-oyuie4pl/synthetics/identifiable/dual_g2_s912101_b4.json,768,8,true_bilayer,2.0,912101,4.0,unbalanced,3,24,local,1.0,True,True,True,0.4653910361489939,0.6655657733285085,1.3852317071449276,0.8125,0.9986979166666666,0.5013731987536492,1.0,0.7168458835793344,0.4982820186034618,0.7104437463583667,,self-report; not geometry-derived layer count or success,0.7153990931858224,0.045520965208788004,0.27434649681625084,0.32265627077177245,0.3855082860100083,0.3486799930105917,0.03682829299941659,3.8060140539179863,6.360285316129635,1.0,3.026545057157758,4.496575473163727,0.5610963347150438,0.561096334715043,1.0,0,1.6,2,0.4395990712733808,0.6585990838116269,0.6515411122161625,/srv/slam-research/grf/map-denoise/runs/multiscan-pilot-v1/transport-budget-v3-mxi1kprj/outputs/dual_g2_s912101_b4__unbalanced_o3__local.npz,58d24789f8bcf9c538c7bdae1b8d44adf7c92f142ccc9e73733597844f2a4422,1.9030062394127198,0.09699376058728015,0.9515031197063599,1.7323065530760233,0.2676934469239767,"GT source-group affine fits evaluated at x=y=0; may extrapolate, not physical layer count"
dual_g2_s912101_b4,dual_g2_s912101_b4,full,/srv/slam-research/grf/map-denoise/runs/multiscan-pilot-v1/repair-v2-oyuie4pl/synthetics/identifiable/dual_g2_s912101_b4.json,768,8,true_bilayer,2.0,912101,4.0,unbalanced,6,24,raw,1.0,True,True,True,0.7991306458171076,1.0187738697429314,2.0957477493230336,0.68359375,0.9596354166666666,0.7993273731790306,1.0,1.0782141856763643,0.8519502074809306,1.074798549706205,,self-report; not geometry-derived layer count or success,1.077382793052604,0.04233376226978992,0.2744001086596784,0.45993390307189047,0.690674768993631,0.690674768993631,0.03782038400822785,3.6778434277395524,5.405152428833108,1.0,3.677843427739552,5.405152428833108,0.6454656711564284,0.6454656711564284,1.0,0,1.6,2,0.35453432884357167,0.3663517882829418,0.3663517882829418,/srv/slam-research/grf/map-denoise/runs/multiscan-pilot-v1/transport-budget-v3-mxi1kprj/outputs/dual_g2_s912101_b4__unbalanced_o6__raw.npz,50dd295c47a4bc0a9649293dc73020a9e5894a456295c8c471cfa6da26100b05,1.9616711559303899,0.038328844069610124,0.9808355779651949,2.1932055623701943,0.19320556237019426,"GT source-group affine fits evaluated at x=y=0; may extrapolate, not physical layer count"
dual_g2_s912101_b4,dual_g2_s912101_b4,full,/srv/slam-research/grf/map-denoise/runs/multiscan-pilot-v1/repair-v2-oyuie4pl/synthetics/identifiable/dual_g2_s912101_b4.json,768,8,true_bilayer,2.0,912101,4.0,unbalanced,6,24,local,1.0,True,True,True,0.25064168884215837,0.3530363777720275,0.7313265523880333,0.9622395833333334,1.0,0.27622707227418836,1.0,0.37161000652437304,0.254139256678718,0.34133548572885486,,self-report; not geometry-derived layer count or success,0.36920923612584217,0.042172703356753195,0.46003344420512393,0.4641542521279236,0.7284951530018589,0.690674768993631,0.03782038400822785,4.133565843359769,6.684146309328523,1.0,3.677843427739552,5.405152428833108,0.6454656711564284,0.6454656711564284,1.0,0,1.6,2,0.35453432884357167,0.3663517882829418,0.3663517882829418,/srv/slam-research/grf/map-denoise/runs/multiscan-pilot-v1/transport-budget-v3-mxi1kprj/outputs/dual_g2_s912101_b4__unbalanced_o6__local.npz,eda52b1ddabb04b3181b395194145a2fe4924af1764d36b309faeba5f8498fe9,1.7585490294275703,0.2414509705724297,0.8792745147137851,1.2978446513638269,0.7021553486361731,"GT source-group affine fits evaluated at x=y=0; may extrapolate, not physical layer count"
dual_g2_s912101_b4,dual_g2_s912101_b4,full,/srv/slam-research/grf/map-denoise/runs/multiscan-pilot-v1/repair-v2-oyuie4pl/synthetics/identifiable/dual_g2_s912101_b4.json,768,8,true_bilayer,2.0,912101,4.0,unbalanced,12,24,raw,1.0,True,True,True,0.7895311121174772,1.0049214485349007,2.07881340620839,0.69140625,0.9622395833333334,0.7908244853123021,1.0,1.063281741794693,0.8405009021440736,1.0597368249997747,,self-report; not geometry-derived layer count or success,1.0624386641147998,0.042333762269789826,0.2750724126092113,0.47399172617354,1.3563151989947073,1.3563151989947073,0.037174893004703335,3.7285631510856923,5.473432451741935,1.0,3.7285631510856927,5.473432451741935,0.6477401898115016,0.6477401898115016,1.0,0,1.6,2,0.3522598101884985,0.36069424194739486,0.36069424194739497,/srv/slam-research/grf/map-denoise/runs/multiscan-pilot-v1/transport-budget-v3-mxi1kprj/outputs/dual_g2_s912101_b4__unbalanced_o12__raw.npz,947349b80db71665328ac97b9d5223279a53f881cb23c3ba240ed6abf5cae23e,1.960195349496122,0.03980465050387805,0.980097674748061,2.204792415423957,0.20479241542395688,"GT source-group affine fits evaluated at x=y=0; may extrapolate, not physical layer count"
dual_g2_s912101_b4,dual_g2_s912101_b4,full,/srv/slam-research/grf/map-denoise/runs/multiscan-pilot-v1/repair-v2-oyuie4pl/synthetics/identifiable/dual_g2_s912101_b4.json,768,8,true_bilayer,2.0,912101,4.0,unbalanced,12,24,local,1.0,True,True,True,0.2500922016947735,0.3524908619253508,0.7349607371231921,0.9622395833333334,1.0,0.27591358395349525,1.0,0.3713247675371492,0.253645067318071,0.34031740561803175,,self-report; not geometry-derived layer count or success,0.3688840284182763,0.04250478284172557,0.4551480069283827,0.46189886291068905,1.3934900919994107,1.3563151989947073,0.037174893004703335,4.134841315237176,6.6938812627586515,1.0,3.7285631510856927,5.473432451741935,0.6477401898115016,0.6477401898115016,1.0,0,1.6,2,0.3522598101884985,0.36069424194739486,0.36069424194739497,/srv/slam-research/grf/map-denoise/runs/multiscan-pilot-v1/transport-budget-v3-mxi1kprj/outputs/dual_g2_s912101_b4__unbalanced_o12__local.npz,cb8f01d59da68bdcc21dcceaf5deaabe12b5a944f51290fa44b9cb260dbf47ce,1.755028125559003,0.244971874440997,0.8775140627795015,1.3009208317655745,0.6990791682344255,"GT source-group affine fits evaluated at x=y=0; may extrapolate, not physical layer count"
dual_g2_s912101_b4__partial_overlap,dual_g2_s912101_b4,partial_overlap,/srv/slam-research/grf/map-denoise/runs/multiscan-pilot-v1/repair-v2-oyuie4pl/synthetics/identifiable/dual_g2_s912101_b4.json,536,8,true_bilayer,2.0,912101,4.0,balanced,3,24,raw,1.0,True,True,True,0.9231967843035758,1.181227916997107,2.4171677092191293,0.585820895522388,0.9123134328358209,0.9635064029117901,1.0,1.2904129876852763,1.0351151103257306,1.2676755556085857,,self-report; not geometry-derived layer count or success,1.2889783128764765,0.06083245614763125,0.7020618783795833,0.8628649834406176,0.24287917799665593,0.24287917799665593,0.027175783994607627,3.2554268187376754,4.800000000000002,1.0,3.255426818737675,4.800000000000001,1.0,0.9999999149435187,1.0,0,1.6000000000000005,3,0.004031344860747555,0.013506706450760542,7.042977312465837e-16,/srv/slam-research/grf/map-denoise/runs/multiscan-pilot-v1/transport-budget-v3-mxi1kprj/outputs/dual_g2_s912101_b4__partial_overlap__balanced_o3__raw.npz,4e8ef28351e99eb13a9d156ada9df75299a576d56761f1c2d3423151b1b9f59c,2.4755844889925616,0.47558448899256156,1.2377922444962808,2.1883210752678597,0.18832107526785968,"GT source-group affine fits evaluated at x=y=0; may extrapolate, not physical layer count"
dual_g2_s912101_b4__partial_overlap,dual_g2_s912101_b4,partial_overlap,/srv/slam-research/grf/map-denoise/runs/multiscan-pilot-v1/repair-v2-oyuie4pl/synthetics/identifiable/dual_g2_s912101_b4.json,536,8,true_bilayer,2.0,912101,4.0,balanced,3,24,local,1.0,True,True,True,0.48677161808312347,0.6318094821664025,1.4155800953715667,0.8880597014925373,0.9981343283582089,0.5028264574138769,1.0,0.6450120057220783,0.49170260276979916,0.6299423353781656,,self-report; not geometry-derived layer count or success,0.6426569326786925,0.0550686335914807,1.170340499028583,1.1953056827232458,0.27005496199126355,0.24287917799665593,0.027175783994607627,3.9111931485396165,6.262077708107253,1.0,3.255426818737675,4.800000000000001,1.0,0.9999999149435187,1.0,0,1.6000000000000005,3,0.004031344860747555,0.013506706450760542,7.042977312465837e-16,/srv/slam-research/grf/map-denoise/runs/multiscan-pilot-v1/transport-budget-v3-mxi1kprj/outputs/dual_g2_s912101_b4__partial_overlap__balanced_o3__local.npz,767c52977b8ed808a92d2c18fca1afb0587434fa391aaf953fb303e04f6bee2d,2.2134648650121016,0.2134648650121016,1.1067324325060508,1.228060306630321,0.7719396933696789,"GT source-group affine fits evaluated at x=y=0; may extrapolate, not physical layer count"
dual_g2_s912101_b4__partial_overlap,dual_g2_s912101_b4,partial_overlap,/srv/slam-research/grf/map-denoise/runs/multiscan-pilot-v1/repair-v2-oyuie4pl/synthetics/identifiable/dual_g2_s912101_b4.json,536,8,true_bilayer,2.0,912101,4.0,balanced,6,24,raw,1.0,True,True,True,0.7600522550134012,0.9729215606034085,1.9824238629970572,0.6940298507462687,0.9552238805970149,0.7975267275774941,1.0,1.0555746293678474,0.8313620083241733,1.0504889886362958,,self-report; not geometry-derived layer count or success,1.053820293239846,0.060832456147631074,0.3889349629997607,0.49262114366529064,0.44270218099700287,0.44270218099700287,0.026079866001964547,3.8343111687800087,5.615698370486672,1.0,3.834311168780009,5.615698370486671,1.0,0.9999999987118467,1.0,0,1.6000000000000005,3,0.0038246306873092085,0.013221328726855488,5.837344496661956e-16,/srv/slam-research/grf/map-denoise/runs/multiscan-pilot-v1/transport-budget-v3-mxi1kprj/outputs/dual_g2_s912101_b4__partial_overlap__balanced_o6__raw.npz,4b8e7dc52c324b7ef74d3111638ba784a594a42c289c0eafbd42c9ee5dacb401,2.0544353234791126,0.05443532347911262,1.0272176617395563,2.204280386937204,0.20428038693720385,"GT source-group affine fits evaluated at x=y=0; may extrapolate, not physical layer count"
dual_g2_s912101_b4__partial_overlap,dual_g2_s912101_b4,partial_overlap,/srv/slam-research/grf/map-denoise/runs/multiscan-pilot-v1/repair-v2-oyuie4pl/synthetics/identifiable/dual_g2_s912101_b4.json,536,8,true_bilayer,2.0,912101,4.0,balanced,6,24,local,1.0,True,True,True,0.2849467182624944,0.3911913669773391,0.8596326711669743,0.9496268656716418,1.0,0.3117699197516258,1.0,0.4154564039337126,0.29077219310720576,0.3873282769454616,,self-report; not geometry-derived layer count or success,0.4106900345508413,0.0627512477179608,0.7250374053021602,0.7591010282938845,0.4687820469989674,0.44270218099700287,0.026079866001964547,4.102644774321925,6.617827530495027,1.0,3.834311168780009,5.615698370486671,1.0,0.9999999987118467,1.0,0,1.6000000000000005,3,0.0038246306873092085,0.013221328726855488,5.837344496661956e-16,/srv/slam-research/grf/map-denoise/runs/multiscan-pilot-v1/transport-budget-v3-mxi1kprj/outputs/dual_g2_s912101_b4__partial_overlap__balanced_o6__local.npz,1f5406092164787311df196bdd5b5a15cfdda2c33f549d3c82ec0ae7f8f9a55a,1.7704631419116659,0.22953685808833413,0.8852315709558329,1.1342525584769945,0.8657474415230055,"GT source-group affine fits evaluated at x=y=0; may extrapolate, not physical layer count"
dual_g2_s912101_b4__partial_overlap,dual_g2_s912101_b4,partial_overlap,/srv/slam-research/grf/map-denoise/runs/multiscan-pilot-v1/repair-v2-oyuie4pl/synthetics/identifiable/dual_g2_s912101_b4.json,536,8,true_bilayer,2.0,912101,4.0,balanced,12,24,raw,1.0,True,True,True,0.7590552945748302,0.971672843240987,1.9871987038423449,0.6958955223880597,0.9552238805970149,0.7964797926318604,1.0,1.0542634300191922,0.8302299789701224,1.0492244083131033,,self-report; not geometry-derived layer count or success,1.0525069083644432,0.0608324561476309,0.38592417034562443,0.49795458712489665,0.8834495510091074,0.8834495510091074,0.026034458991489373,3.8415499088970773,5.625380481347654,1.0,3.8415499088970773,5.625380481347654,1.0,0.999999998718819,1.0,0,1.6000000000000005,3,0.003823591861138337,0.013213138710697382,5.368969158148218e-16,/srv/slam-research/grf/map-denoise/runs/multiscan-pilot-v1/transport-budget-v3-mxi1kprj/outputs/dual_g2_s912101_b4__partial_overlap__balanced_o12__raw.npz,115ba7a6d0dea10ad42034674aa914ebb77f2b7dfc64d7d53eae16b8a11abd46,2.0484791283626924,0.048479128362692414,1.0242395641813462,2.2046537902541967,0.20465379025419672,"GT source-group affine fits evaluated at x=y=0; may extrapolate, not physical layer count"
dual_g2_s912101_b4__partial_overlap,dual_g2_s912101_b4,partial_overlap,/srv/slam-research/grf/map-denoise/runs/multiscan-pilot-v1/repair-v2-oyuie4pl/synthetics/identifiable/dual_g2_s912101_b4.json,536,8,true_bilayer,2.0,912101,4.0,balanced,12,24,local,1.0,True,True,True,0.283825753337334,0.39037998965133147,0.8585413038554169,0.9496268656716418,1.0,0.3107808703192972,1.0,0.4147410432625758,0.2896656160807906,0.38570795530641205,,self-report; not geometry-derived layer count or success,0.4099631052696869,0.06277248827444558,0.7187278981899627,0.7534102162020699,0.9094840100005968,0.8834495510091074,0.026034458991489373,4.104337617354082,6.621123045140861,1.0,3.8415499088970773,5.625380481347654,1.0,0.999999998718819,1.0,0,1.6000000000000005,3,0.003823591861138337,0.013213138710697382,5.368969158148218e-16,/srv/slam-research/grf/map-denoise/runs/multiscan-pilot-v1/transport-budget-v3-mxi1kprj/outputs/dual_g2_s912101_b4__partial_overlap__balanced_o12__local.npz,96ecba21b6842886436037575c4f486814cd06f7e1447ba9d1112e8d41ba1a18,1.7641654514555043,0.2358345485444957,0.8820827257277521,1.1332339932284499,0.8667660067715501,"GT source-group affine fits evaluated at x=y=0; may extrapolate, not physical layer count"
dual_g2_s912101_b4__partial_overlap,dual_g2_s912101_b4,partial_overlap,/srv/slam-research/grf/map-denoise/runs/multiscan-pilot-v1/repair-v2-oyuie4pl/synthetics/identifiable/dual_g2_s912101_b4.json,536,8,true_bilayer,2.0,912101,4.0,unbalanced,3,24,raw,1.0,True,True,True,1.0543203026814552,1.345383252534446,2.7815538347236526,0.5149253731343284,0.8694029850746269,1.0941091932794118,1.0,1.4720058286509365,1.1949243033097852,1.4301797658120015,,self-report; not geometry-derived layer count or success,1.4707483033685187,0.06083245614763078,0.9546198036136145,1.1532179205896531,0.22429729900613893,0.22429729900613893,0.02611710099154152,2.9817666371556317,4.445141133951611,1.0,2.981766637155632,4.445141133951611,0.5197294697695118,0.5197294697693203,1.0,0,1.6,2,0.48370284745175307,0.7156201461504429,0.715599426726168,/srv/slam-research/grf/map-denoise/runs/multiscan-pilot-v1/transport-budget-v3-mxi1kprj/outputs/dual_g2_s912101_b4__partial_overlap__unbalanced_o3__raw.npz,731f82508529749154501ac4ae3c40890842a581c4660494ad8f30fdefffe11b,2.7184706224229753,0.7184706224229753,1.3592353112114877,2.180300666064751,0.18030066606475081,"GT source-group affine fits evaluated at x=y=0; may extrapolate, not physical layer count"
dual_g2_s912101_b4__partial_overlap,dual_g2_s912101_b4,partial_overlap,/srv/slam-research/grf/map-denoise/runs/multiscan-pilot-v1/repair-v2-oyuie4pl/synthetics/identifiable/dual_g2_s912101_b4.json,536,8,true_bilayer,2.0,912101,4.0,unbalanced,3,24,local,1.0,True,True,True,0.7451763018727551,0.8938780313873214,1.7822231567117857,0.707089552238806,0.9720149253731343,0.7801808788004386,1.0,0.9461032235536783,0.7891197268226231,0.8948490761200713,,self-report; not geometry-derived layer count or success,0.9435472652963341,0.06949725009286829,1.1508165623631947,1.27422235536311,0.25041439999768045,0.22429729900613893,0.02611710099154152,3.515447924116019,5.67524956025751,1.0,2.981766637155632,4.445141133951611,0.5197294697695118,0.5197294697693203,1.0,0,1.6,2,0.48370284745175307,0.7156201461504429,0.715599426726168,/srv/slam-research/grf/map-denoise/runs/multiscan-pilot-v1/transport-budget-v3-mxi1kprj/outputs/dual_g2_s912101_b4__partial_overlap__unbalanced_o3__local.npz,f620096200419595afd9bc1009e25e86d6f1392071f49cf974dc54514455684e,2.619108563016697,0.619108563016697,1.3095542815083485,1.7663242123748848,0.2336757876251152,"GT source-group affine fits evaluated at x=y=0; may extrapolate, not physical layer count"
dual_g2_s912101_b4__partial_overlap,dual_g2_s912101_b4,partial_overlap,/srv/slam-research/grf/map-denoise/runs/multiscan-pilot-v1/repair-v2-oyuie4pl/synthetics/identifiable/dual_g2_s912101_b4.json,536,8,true_bilayer,2.0,912101,4.0,unbalanced,6,24,raw,1.0,True,True,True,0.8018952932473522,1.0249958348274906,2.1437779720296324,0.6735074626865671,0.9421641791044776,0.8382836740501791,1.0,1.1111325985363758,0.8799284209362195,1.099453424316512,,self-report; not geometry-derived layer count or success,1.109466116566543,0.06083245614763085,0.4936608214722264,0.5722544414126018,0.45892173900210764,0.45892173900210764,0.026773826000862755,3.6513238816844327,5.349771162274059,1.0,3.651323881684433,5.349771162274059,0.6234901483796406,0.6234901483796403,1.0,0,1.6,2,0.377499798617557,0.519987228836703,0.5103099829117439,/srv/slam-research/grf/map-denoise/runs/multiscan-pilot-v1/transport-budget-v3-mxi1kprj/outputs/dual_g2_s912101_b4__partial_overlap__unbalanced_o6__raw.npz,662894ee4aa646f6711d71773dfe10a53ab7b693fdf6250175c7cb69d5ace707,2.2723042011449244,0.2723042011449244,1.1361521005724622,2.1787070066448404,0.1787070066448404,"GT source-group affine fits evaluated at x=y=0; may extrapolate, not physical layer count"
dual_g2_s912101_b4__partial_overlap,dual_g2_s912101_b4,partial_overlap,/srv/slam-research/grf/map-denoise/runs/multiscan-pilot-v1/repair-v2-oyuie4pl/synthetics/identifiable/dual_g2_s912101_b4.json,536,8,true_bilayer,2.0,912101,4.0,unbalanced,6,24,local,1.0,True,True,True,0.34022556175033786,0.4370762988828656,0.8882527768419993,0.9533582089552238,1.0,0.36347758558422144,1.0,0.458290899612914,0.34591091543232355,0.44651252019298565,,self-report; not geometry-derived layer count or success,0.45400204363311886,0.06255152312266789,0.954743520457527,1.009733389466356,0.4856955650029704,0.45892173900210764,0.026773826000862755,4.046590891857318,6.5064574445815255,1.0,3.651323881684433,5.349771162274059,0.6234901483796406,0.6234901483796403,1.0,0,1.6,2,0.377499798617557,0.519987228836703,0.5103099829117439,/srv/slam-research/grf/map-denoise/runs/multiscan-pilot-v1/transport-budget-v3-mxi1kprj/outputs/dual_g2_s912101_b4__partial_overlap__unbalanced_o6__local.npz,aef2e7510f75497d94320d9dde30c8901a1aeb291647006888208d680f4b978f,1.9984927016225449,0.001507298377455113,0.9992463508112724,1.1491949916030184,0.8508050083969816,"GT source-group affine fits evaluated at x=y=0; may extrapolate, not physical layer count"
dual_g2_s912101_b4__partial_overlap,dual_g2_s912101_b4,partial_overlap,/srv/slam-research/grf/map-denoise/runs/multiscan-pilot-v1/repair-v2-oyuie4pl/synthetics/identifiable/dual_g2_s912101_b4.json,536,8,true_bilayer,2.0,912101,4.0,unbalanced,12,24,raw,1.0,True,True,True,0.7901715328491502,1.0086202830265971,2.096161465835626,0.667910447761194,0.9477611940298507,0.8262052424711389,1.0,1.0927108151552907,0.8647421124646285,1.0828619678850466,,self-report; not geometry-derived layer count or success,1.091016195038546,0.06083245614763109,0.45891696775863094,0.5167770471864701,0.8898931069998071,0.8898931069998071,0.027157222997630015,3.714549806153764,5.429919876169192,1.0,3.714549806153764,5.429919876169191,0.6269829620893392,0.6269829620893389,1.0,0,1.6,2,0.373997919283648,0.5201172511348118,0.5103927104315976,/srv/slam-research/grf/map-denoise/runs/multiscan-pilot-v1/transport-budget-v3-mxi1kprj/outputs/dual_g2_s912101_b4__partial_overlap__unbalanced_o12__raw.npz,7d127e80ded96215735913baa781b9784895fe5c59216e5a8d045fee12fbb70f,2.230925405306479,0.2309254053064791,1.1154627026532395,2.177462340571472,0.17746234057147214,"GT source-group affine fits evaluated at x=y=0; may extrapolate, not physical layer count"
dual_g2_s912101_b4__partial_overlap,dual_g2_s912101_b4,partial_overlap,/srv/slam-research/grf/map-denoise/runs/multiscan-pilot-v1/repair-v2-oyuie4pl/synthetics/identifiable/dual_g2_s912101_b4.json,536,8,true_bilayer,2.0,912101,4.0,unbalanced,12,24,local,1.0,True,True,True,0.3251342920040211,0.42374758309965654,0.8714201840133227,0.9533582089552238,1.0,0.34962907178144725,1.0,0.44603988350249135,0.3309743939416931,0.43325335570784795,,self-report; not geometry-derived layer count or success,0.4415720710167624,0.06297367523722462,0.9114817491078891,0.9806438806075795,0.9170503299974371,0.8898931069998071,0.027157222997630015,4.058413196754559,6.528072880113549,1.0,3.714549806153764,5.429919876169191,0.6269829620893392,0.6269829620893389,1.0,0,1.6,2,0.373997919283648,0.5201172511348118,0.5103927104315976,/srv/slam-research/grf/map-denoise/runs/multiscan-pilot-v1/transport-budget-v3-mxi1kprj/outputs/dual_g2_s912101_b4__partial_overlap__unbalanced_o12__local.npz,d8953ac707288048fb79f37a67e6dbe0fd50168b2a1043e611a6a3c49183301c,1.9543791404842643,0.04562085951573569,0.9771895702421322,1.1359938229413302,0.8640061770586698,"GT source-group affine fits evaluated at x=y=0; may extrapolate, not physical layer count"
dual_g4_s912101_b4,dual_g4_s912101_b4,full,/srv/slam-research/grf/map-denoise/runs/multiscan-pilot-v1/repair-v2-oyuie4pl/synthetics/identifiable/dual_g4_s912101_b4.json,768,8,true_bilayer,4.0,912101,4.0,balanced,3,24,raw,1.0,True,True,True,0.9796272689362616,1.229671731651877,2.3837018770226948,0.609375,0.9322916666666666,0.9092116004514987,1.0,1.2638429028413982,0.9971301894787867,1.257002227911325,,self-report; not geometry-derived layer count or success,1.263133696658694,0.042333762269789875,0.22094459675017628,0.5711105514028215,0.3500035540055251,0.3500035540055251,0.03634667799633462,3.287994638965783,4.8,1.0,3.287994638965783,4.800000000000001,1.0,0.9999999999828532,1.0,0,1.6000000000000005,3,0.014764068493819763,0.05684858217278864,5.28656979303932e-16,/srv/slam-research/grf/map-denoise/runs/multiscan-pilot-v1/transport-budget-v3-mxi1kprj/outputs/dual_g4_s912101_b4__balanced_o3__raw.npz,15c4ffd81ed52fe97ff2e9229b21aa0ea661a95b2a7bca1680326f7fd13a79db,4.035809972082623,0.03580997208262282,1.0089524930206557,4.409460344592036,0.40946034459203595,"GT source-group affine fits evaluated at x=y=0; may extrapolate, not physical layer count"
dual_g4_s912101_b4,dual_g4_s912101_b4,full,/srv/slam-research/grf/map-denoise/runs/multiscan-pilot-v1/repair-v2-oyuie4pl/synthetics/identifiable/dual_g4_s912101_b4.json,768,8,true_bilayer,4.0,912101,4.0,balanced,3,24,local,1.0,True,True,True,0.39110152769562534,0.6017101081773513,1.4508233237270196,0.8971354166666666,0.98828125,0.42265563229058234,1.0,0.64696780849822,0.40126747363784004,0.6280572413664508,,self-report; not geometry-derived layer count or success,0.6454085124940474,0.04489094823247221,0.3112820254471614,0.3427379128570461,0.3863502320018597,0.3500035540055251,0.03634667799633462,3.9852186313263727,6.5021656630096665,1.0,3.287994638965783,4.800000000000001,1.0,0.9999999999828532,1.0,0,1.6000000000000005,3,0.014764068493819763,0.05684858217278864,5.28656979303932e-16,/srv/slam-research/grf/map-denoise/runs/multiscan-pilot-v1/transport-budget-v3-mxi1kprj/outputs/dual_g4_s912101_b4__balanced_o3__local.npz,3afcbd8f17df77f7033f06ea176579fa96d13c58dc410d4021c0a46670c5f992,3.836631951521562,0.1633680484784379,0.9591579878803905,3.540202608528682,0.45979739147131804,"GT source-group affine fits evaluated at x=y=0; may extrapolate, not physical layer count"
dual_g4_s912101_b4,dual_g4_s912101_b4,full,/srv/slam-research/grf/map-denoise/runs/multiscan-pilot-v1/repair-v2-oyuie4pl/synthetics/identifiable/dual_g4_s912101_b4.json,768,8,true_bilayer,4.0,912101,4.0,balanced,6,24,raw,1.0,True,True,True,0.8186354908838608,1.0266424485323022,2.0035654415762703,0.6979166666666666,0.9700520833333334,0.7893738058757552,1.0,1.0501168304195165,0.8256609576546724,1.0393971365467465,,self-report; not geometry-derived layer count or success,1.049263174852914,0.04233376226978978,0.18340927360997084,0.447866713368625,0.6757039730000542,0.6757039730000542,0.03683312100474723,3.8308597728988225,5.566868550539626,1.0,3.830859772898823,5.566868550539626,1.0,1.0,1.0,0,1.6000000000000005,3,0.012603042499292848,0.03127549231679318,4.861562541425002e-16,/srv/slam-research/grf/map-denoise/runs/multiscan-pilot-v1/transport-budget-v3-mxi1kprj/outputs/dual_g4_s912101_b4__balanced_o6__raw.npz,b3fbc8101f1e185afa6f8d70938b70b73f773d978d73775a4e02bfb769d1fdb7,4.013143309675537,0.013143309675537118,1.0032858274188843,4.295699396655152,0.2956993966551522,"GT source-group affine fits evaluated at x=y=0; may extrapolate, not physical layer count"
dual_g4_s912101_b4,dual_g4_s912101_b4,full,/srv/slam-research/grf/map-denoise/runs/multiscan-pilot-v1/repair-v2-oyuie4pl/synthetics/identifiable/dual_g4_s912101_b4.json,768,8,true_bilayer,4.0,912101,4.0,balanced,6,24,local,1.0,True,True,True,0.3485488627718172,0.5190404501460302,1.2328076560243708,0.92578125,0.9973958333333334,0.38787593527877107,1.0,0.5440649627877417,0.34998635971277164,0.5134647961602673,,self-report; not geometry-derived layer count or success,0.5427339381240021,0.038033618571452356,0.4109159632014682,0.45637126998609595,0.7125370940048015,0.6757039730000542,0.03683312100474723,4.102018443235972,6.660749908088198,1.0,3.830859772898823,5.566868550539626,1.0,1.0,1.0,0,1.6000000000000005,3,0.012603042499292848,0.03127549231679318,4.861562541425002e-16,/srv/slam-research/grf/map-denoise/runs/multiscan-pilot-v1/transport-budget-v3-mxi1kprj/outputs/dual_g4_s912101_b4__balanced_o6__local.npz,f9a00e0cc29feed355b4a66242558a788464a6c34af003f2f1b97571ac7d22db,3.792644725616576,0.20735527438342416,0.948161181404144,3.35996488240757,0.6400351175924301,"GT source-group affine fits evaluated at x=y=0; may extrapolate, not physical layer count"
dual_g4_s912101_b4,dual_g4_s912101_b4,full,/srv/slam-research/grf/map-denoise/runs/multiscan-pilot-v1/repair-v2-oyuie4pl/synthetics/identifiable/dual_g4_s912101_b4.json,768,8,true_bilayer,4.0,912101,4.0,balanced,12,24,raw,1.0,True,True,True,0.8179612970659101,1.0257153267409478,2.004554062285533,0.69921875,0.9713541666666666,0.7889416873029544,1.0,1.0491449792364345,0.8249376227330449,1.0383868096590725,,self-report; not geometry-derived layer count or success,1.0482905322615022,0.042333762269789826,0.1830746308438076,0.44670140646583484,1.3781462929910049,1.3781462929910049,0.03658075400744565,3.836493063524916,5.574489991566131,1.0,3.8364930635249164,5.574489991566132,1.0,1.0,1.0,0,1.6000000000000005,3,0.012664620955798742,0.030855695595401078,4.926614671774132e-16,/srv/slam-research/grf/map-denoise/runs/multiscan-pilot-v1/transport-budget-v3-mxi1kprj/outputs/dual_g4_s912101_b4__balanced_o12__raw.npz,429dfb9ee8a03a5c14b5a485460e06575505c2e9668462f13d1fae85c00110b4,4.012905352575164,0.012905352575163676,1.003226338143791,4.294520453875181,0.29452045387518133,"GT source-group affine fits evaluated at x=y=0; may extrapolate, not physical layer count"
dual_g4_s912101_b4,dual_g4_s912101_b4,full,/srv/slam-research/grf/map-denoise/runs/multiscan-pilot-v1/repair-v2-oyuie4pl/synthetics/identifiable/dual_g4_s912101_b4.json,768,8,true_bilayer,4.0,912101,4.0,balanced,12,24,local,1.0,True,True,True,0.3485023406617333,0.5189873564071893,1.235879467398828,0.92578125,0.9973958333333334,0.3878602832033024,1.0,0.5440716454732129,0.3499417177739745,0.5134237460532889,,self-report; not geometry-derived layer count or success,0.5426872599296169,0.03878779857137974,0.4108841461615242,0.4590788752386719,1.4147270469984505,1.3781462929910049,0.03658075400744565,4.102747521843321,6.662227383691718,1.0,3.8364930635249164,5.574489991566132,1.0,1.0,1.0,0,1.6000000000000005,3,0.012664620955798742,0.030855695595401078,4.926614671774132e-16,/srv/slam-research/grf/map-denoise/runs/multiscan-pilot-v1/transport-budget-v3-mxi1kprj/outputs/dual_g4_s912101_b4__balanced_o12__local.npz,13e375a390cd8392b978acf642966d7ac7b7351b824d95b4df36feeab2812017,3.793291081728932,0.20670891827106797,0.948322770432233,3.359489798316972,0.640510201683028,"GT source-group affine fits evaluated at x=y=0; may extrapolate, not physical layer count"
dual_g4_s912101_b4,dual_g4_s912101_b4,full,/srv/slam-research/grf/map-denoise/runs/multiscan-pilot-v1/repair-v2-oyuie4pl/synthetics/identifiable/dual_g4_s912101_b4.json,768,8,true_bilayer,4.0,912101,4.0,unbalanced,3,24,raw,1.0,True,True,True,1.1275347433242608,1.3988294832558776,2.7162226671728225,0.52734375,0.8971354166666666,1.0282568608063725,1.0,1.4447171890842845,1.1568474421953312,1.4395086172029725,,self-report; not geometry-derived layer count or success,1.4440968142779353,0.04233376226978963,0.25192912727411093,0.6502808432671835,0.3510796490008943,0.3510796490008943,0.037232051996397786,3.0055612316055766,4.414324012798826,1.0,3.005561231605577,4.414324012798826,0.5606242355258007,0.5606242355257998,1.0,0,1.6,2,0.4403644353868832,0.6217135299471959,0.6098838311867456,/srv/slam-research/grf/map-denoise/runs/multiscan-pilot-v1/transport-budget-v3-mxi1kprj/outputs/dual_g4_s912101_b4__unbalanced_o3__raw.npz,fb5c423761212f383288d96d0f7c23254a858e8baf7047af8cbb2b29028429b2,4.049265984695585,0.04926598469558474,1.0123164961738962,4.478580964219931,0.47858096421993057,"GT source-group affine fits evaluated at x=y=0; may extrapolate, not physical layer count"
dual_g4_s912101_b4,dual_g4_s912101_b4,full,/srv/slam-research/grf/map-denoise/runs/multiscan-pilot-v1/repair-v2-oyuie4pl/synthetics/identifiable/dual_g4_s912101_b4.json,768,8,true_bilayer,4.0,912101,4.0,unbalanced,3,24,local,1.0,True,True,True,0.6448091308764304,0.866466158196671,1.744166539020718,0.7734375,0.9713541666666666,0.6476107403662679,1.0,0.9256058331470725,0.6679306999298652,0.9140336987338465,,self-report; not geometry-derived layer count or success,0.9243215909304728,0.04874171617460275,0.26353896659974274,0.3706371328695998,0.38831170099729206,0.3510796490008943,0.037232051996397786,3.683200762439197,5.972271141906904,1.0,3.005561231605577,4.414324012798826,0.5606242355258007,0.5606242355257998,1.0,0,1.6,2,0.4403644353868832,0.6217135299471959,0.6098838311867456,/srv/slam-research/grf/map-denoise/runs/multiscan-pilot-v1/transport-budget-v3-mxi1kprj/outputs/dual_g4_s912101_b4__unbalanced_o3__local.npz,c55c80c9d0eb65b2a90040be6d785266a2957985e5f398628ce99ddd73f0f49d,3.8449894169770795,0.15501058302292048,0.9612473542442699,3.649966605389762,0.3500333946102381,"GT source-group affine fits evaluated at x=y=0; may extrapolate, not physical layer count"
dual_g4_s912101_b4,dual_g4_s912101_b4,full,/srv/slam-research/grf/map-denoise/runs/multiscan-pilot-v1/repair-v2-oyuie4pl/synthetics/identifiable/dual_g4_s912101_b4.json,768,8,true_bilayer,4.0,912101,4.0,unbalanced,6,24,raw,1.0,True,True,True,0.8453656787733835,1.0620581550419823,2.0579385470960623,0.6822916666666666,0.9661458333333334,0.8065122238037533,1.0,1.0862788458192807,0.8535901003807193,1.0766199630951185,,self-report; not geometry-derived layer count or success,1.0854536302608941,0.04233376226978986,0.19386273154694167,0.48737585857915994,0.6961270320025505,0.6961270320025505,0.03720460399927106,3.6811125773535993,5.372698095120001,1.0,3.681112577353599,5.372698095120001,0.6347996172574957,0.6347996172574957,1.0,0,1.6,2,0.3652003827425043,0.37933994658646314,0.3793399465864632,/srv/slam-research/grf/map-denoise/runs/multiscan-pilot-v1/transport-budget-v3-mxi1kprj/outputs/dual_g4_s912101_b4__unbalanced_o6__raw.npz,2f7f7351638e529f98dec40123a84a82ea5015aaa8fd42ebb98cf6b46c82a653,4.021552272034353,0.02155227203435306,1.0053880680085883,4.336240208581733,0.3362402085817333,"GT source-group affine fits evaluated at x=y=0; may extrapolate, not physical layer count"
dual_g4_s912101_b4,dual_g4_s912101_b4,full,/srv/slam-research/grf/map-denoise/runs/multiscan-pilot-v1/repair-v2-oyuie4pl/synthetics/identifiable/dual_g4_s912101_b4.json,768,8,true_bilayer,4.0,912101,4.0,unbalanced,6,24,local,1.0,True,True,True,0.34311161339318197,0.5127497272315221,1.1813038790295924,0.9270833333333334,0.99609375,0.38564362877420333,1.0,0.545700059858653,0.3469795542761174,0.5179601675599833,,self-report; not geometry-derived layer count or success,0.5445239224405243,0.03580856349706381,0.3729165767982326,0.37447226687889723,0.7333316360018216,0.6961270320025505,0.03720460399927106,4.070764970256237,6.624734078958656,1.0,3.681112577353599,5.372698095120001,0.6347996172574957,0.6347996172574957,1.0,0,1.6,2,0.3652003827425043,0.37933994658646314,0.3793399465864632,/srv/slam-research/grf/map-denoise/runs/multiscan-pilot-v1/transport-budget-v3-mxi1kprj/outputs/dual_g4_s912101_b4__unbalanced_o6__local.npz,8578121c57acd26cf025e26580ebbd6c716cca783f28f22dc3d4566fab604dae,3.805884001213774,0.1941159987862262,0.9514710003034434,3.427815875000615,0.5721841249993851,"GT source-group affine fits evaluated at x=y=0; may extrapolate, not physical layer count"
dual_g4_s912101_b4,dual_g4_s912101_b4,full,/srv/slam-research/grf/map-denoise/runs/multiscan-pilot-v1/repair-v2-oyuie4pl/synthetics/identifiable/dual_g4_s912101_b4.json,768,8,true_bilayer,4.0,912101,4.0,unbalanced,12,24,raw,1.0,True,True,True,0.8314841670005296,1.0438074801659505,2.045619333439602,0.6888020833333334,0.9674479166666666,0.7973970464118092,1.0,1.0676521497974114,0.8391229696518533,1.0575085052370259,,self-report; not geometry-derived layer count or success,1.0668125259571706,0.04233376226979,0.18949066321134642,0.4723662885861378,1.3757171940087574,1.3757171940087574,0.03623292398697231,3.747898870768131,5.4641014184853285,1.0,3.747898870768131,5.4641014184853285,0.6374200244911803,0.6374200244911803,1.0,0,1.6,2,0.3625799755088198,0.37162176085465937,0.3716217608546594,/srv/slam-research/grf/map-denoise/runs/multiscan-pilot-v1/transport-budget-v3-mxi1kprj/outputs/dual_g4_s912101_b4__unbalanced_o12__raw.npz,8b1f20b89267c36efdc73dcd1f453b3704f6f3a3341fbc80b247dd581b953af0,4.018401865056528,0.018401865056527633,1.004600466264132,4.321574827046502,0.3215748270465024,"GT source-group affine fits evaluated at x=y=0; may extrapolate, not physical layer count"
dual_g4_s912101_b4,dual_g4_s912101_b4,full,/srv/slam-research/grf/map-denoise/runs/multiscan-pilot-v1/repair-v2-oyuie4pl/synthetics/identifiable/dual_g4_s912101_b4.json,768,8,true_bilayer,4.0,912101,4.0,unbalanced,12,24,local,1.0,True,True,True,0.3480825904143024,0.5208075554356031,1.2201690129550704,0.92578125,0.9973958333333334,0.38950585871176147,1.0,0.5489766908289906,0.3506054745819424,0.520290874964306,,self-report; not geometry-derived layer count or success,0.5479612251971809,0.03337518170667189,0.39000879310383807,0.39141052448273755,1.4119501179957297,1.3757171940087574,0.03623292398697231,4.084038290102386,6.628726110030366,1.0,3.747898870768131,5.4641014184853285,0.6374200244911803,0.6374200244911803,1.0,0,1.6,2,0.3625799755088198,0.37162176085465937,0.3716217608546594,/srv/slam-research/grf/map-denoise/runs/multiscan-pilot-v1/transport-budget-v3-mxi1kprj/outputs/dual_g4_s912101_b4__unbalanced_o12__local.npz,2fbe1396b473dc5cca31e6b8539e7b1e1ef2d64f4b788bdc797f5a2cfc745399,3.798366552915237,0.20163344708476316,0.9495916382288092,3.4046734466085713,0.5953265533914287,"GT source-group affine fits evaluated at x=y=0; may extrapolate, not physical layer count"
dual_g4_s912101_b4__partial_overlap,dual_g4_s912101_b4,partial_overlap,/srv/slam-research/grf/map-denoise/runs/multiscan-pilot-v1/repair-v2-oyuie4pl/synthetics/identifiable/dual_g4_s912101_b4.json,536,8,true_bilayer,4.0,912101,4.0,balanced,3,24,raw,1.0,True,True,True,0.9597953015050994,1.1946681338851715,2.272556767951551,0.621268656716418,0.9347014925373134,0.9300818820730282,1.0,1.2451914060938811,0.9842503781085382,1.1995136793749388,,self-report; not geometry-derived layer count or success,1.244248673569452,0.04844456760789563,0.5252039649839334,0.5559486097439744,0.2252657770004589,0.2252657770004589,0.025477497998508625,3.350701118229849,4.800000000000001,1.0,3.3507011182298494,4.800000000000001,0.9999999999999998,0.9999971563251963,1.0,0,1.6000000000000005,3,0.008058476424377922,0.03866987658496246,8.513155458356181e-16,/srv/slam-research/grf/map-denoise/runs/multiscan-pilot-v1/transport-budget-v3-mxi1kprj/outputs/dual_g4_s912101_b4__partial_overlap__balanced_o3__raw.npz,3699099ae965f21558d26aa397b2965c5e57a5c0e83318845235a9ca465e0294,4.61812183047506,0.6181218304750598,1.154530457618765,4.191542468012261,0.19154246801226105,"GT source-group affine fits evaluated at x=y=0; may extrapolate, not physical layer count"
dual_g4_s912101_b4__partial_overlap,dual_g4_s912101_b4,partial_overlap,/srv/slam-research/grf/map-denoise/runs/multiscan-pilot-v1/repair-v2-oyuie4pl/synthetics/identifiable/dual_g4_s912101_b4.json,536,8,true_bilayer,4.0,912101,4.0,balanced,3,24,local,1.0,True,True,True,0.604109523892558,0.728516980954773,1.4558271185427296,0.8731343283582089,0.9944029850746269,0.6236043610809575,1.0,0.7673544588459412,0.6116421658151064,0.7321316015611103,,self-report; not geometry-derived layer count or success,0.7664644828160039,0.03694674670851294,1.1230605136923795,1.4351396328098898,0.25074327499896754,0.2252657770004589,0.025477497998508625,3.811302540042826,6.283721789089547,1.0,3.3507011182298494,4.800000000000001,0.9999999999999998,0.9999971563251963,1.0,0,1.6000000000000005,3,0.008058476424377922,0.03866987658496246,8.513155458356181e-16,/srv/slam-research/grf/map-denoise/runs/multiscan-pilot-v1/transport-budget-v3-mxi1kprj/outputs/dual_g4_s912101_b4__partial_overlap__balanced_o3__local.npz,abb4644dc76fc2168ed31ac97da6ddddab2b1d765420073d7eeeed24cda39351,4.330500218220779,0.330500218220779,1.0826250545551948,3.2026107199001896,0.7973892800998104,"GT source-group affine fits evaluated at x=y=0; may extrapolate, not physical layer count"
dual_g4_s912101_b4__partial_overlap,dual_g4_s912101_b4,partial_overlap,/srv/slam-research/grf/map-denoise/runs/multiscan-pilot-v1/repair-v2-oyuie4pl/synthetics/identifiable/dual_g4_s912101_b4.json,536,8,true_bilayer,4.0,912101,4.0,balanced,6,24,raw,1.0,True,True,True,0.8354529162189035,1.0413271911090844,2.0083426237826396,0.6548507462686567,0.957089552238806,0.8371411633938614,1.0,1.0778014536217366,0.8463801398035226,1.0561452768965733,,self-report; not geometry-derived layer count or success,1.0767121701264515,0.04844456760789545,0.19583986203905845,0.22863612301484126,0.44246416199894156,0.44246416199894156,0.025256865003029816,3.8360861865934295,5.484686961513441,1.0,3.8360861865934286,5.484686961513441,0.9999999999999998,0.9999999984388619,1.0,0,1.6000000000000005,3,0.004361143687356307,0.017588676895858885,5.199833619240479e-16,/srv/slam-research/grf/map-denoise/runs/multiscan-pilot-v1/transport-budget-v3-mxi1kprj/outputs/dual_g4_s912101_b4__partial_overlap__balanced_o6__raw.npz,99fd9cf87fe4f7f6ab90367641ababfa2629471d820aa426dcf9a406042b9343,4.220572478559051,0.22057247855905082,1.0551431196397627,4.169071324622109,0.1690713246221094,"GT source-group affine fits evaluated at x=y=0; may extrapolate, not physical layer count"
dual_g4_s912101_b4__partial_overlap,dual_g4_s912101_b4,partial_overlap,/srv/slam-research/grf/map-denoise/runs/multiscan-pilot-v1/repair-v2-oyuie4pl/synthetics/identifiable/dual_g4_s912101_b4.json,536,8,true_bilayer,4.0,912101,4.0,balanced,6,24,local,1.0,True,True,True,0.41511386563762237,0.5955423739064162,1.382414098104038,0.8805970149253731,0.996268656716418,0.4672834397410473,1.0,0.6305112582005339,0.417215834702428,0.6003806395739226,,self-report; not geometry-derived layer count or success,0.6290744802642142,0.042541097751809406,0.7781128201998191,1.0771658922255232,0.4677210270019714,0.44246416199894156,0.025256865003029816,4.023098673355607,6.472438427732294,1.0,3.8360861865934286,5.484686961513441,0.9999999999999998,0.9999999984388619,1.0,0,1.6000000000000005,3,0.004361143687356307,0.017588676895858885,5.199833619240479e-16,/srv/slam-research/grf/map-denoise/runs/multiscan-pilot-v1/transport-budget-v3-mxi1kprj/outputs/dual_g4_s912101_b4__partial_overlap__balanced_o6__local.npz,d3c77d24437b7a2482194e20a49f0d0da6236a157ee5a41bf8ee18e89c2aa0f6,3.9207815885274666,0.07921841147253339,0.9801953971318667,3.1148663536957364,0.8851336463042636,"GT source-group affine fits evaluated at x=y=0; may extrapolate, not physical layer count"
dual_g4_s912101_b4__partial_overlap,dual_g4_s912101_b4,partial_overlap,/srv/slam-research/grf/map-denoise/runs/multiscan-pilot-v1/repair-v2-oyuie4pl/synthetics/identifiable/dual_g4_s912101_b4.json,536,8,true_bilayer,4.0,912101,4.0,balanced,12,24,raw,1.0,True,True,True,0.8342448415497364,1.039693436588695,2.013630115132903,0.6548507462686567,0.957089552238806,0.8362794932089757,1.0,1.0760498965466776,0.8450386454890199,1.0548137052262654,,self-report; not geometry-derived layer count or success,1.0749588381549313,0.04844456760789569,0.19007206822130984,0.2186870623333628,0.8854391229979228,0.8854391229979228,0.02530249799019657,3.846648785739453,5.499196963086537,1.0,3.846648785739453,5.499196963086537,1.0,0.9999999986368705,1.0,0,1.6000000000000005,3,0.004322211223621934,0.01727669713752297,5.715913853343579e-16,/srv/slam-research/grf/map-denoise/runs/multiscan-pilot-v1/transport-budget-v3-mxi1kprj/outputs/dual_g4_s912101_b4__partial_overlap__balanced_o12__raw.npz,c31dd89bd80bbb7cc2f7caaad2a47e593a10719594c916495b6faeec3ea4b4d2,4.208439397470461,0.20843939747046125,1.0521098493676153,4.1680757978082115,0.16807579780821147,"GT source-group affine fits evaluated at x=y=0; may extrapolate, not physical layer count"
dual_g4_s912101_b4__partial_overlap,dual_g4_s912101_b4,partial_overlap,/srv/slam-research/grf/map-denoise/runs/multiscan-pilot-v1/repair-v2-oyuie4pl/synthetics/identifiable/dual_g4_s912101_b4.json,536,8,true_bilayer,4.0,912101,4.0,balanced,12,24,local,1.0,True,True,True,0.4132950915467159,0.5958691950610084,1.3772474949445341,0.8805970149253731,0.996268656716418,0.46635682971674697,1.0,0.6309080882464644,0.4153838230911193,0.6001671301933896,,self-report; not geometry-derived layer count or success,0.6294905325182755,0.042269200189577034,0.7737567756226231,1.0784846994576391,0.9107416209881194,0.8854391229979228,0.02530249799019657,4.028891433433625,6.474245662273612,1.0,3.846648785739453,5.499196963086537,1.0,0.9999999986368705,1.0,0,1.6000000000000005,3,0.004322211223621934,0.01727669713752297,5.715913853343579e-16,/srv/slam-research/grf/map-denoise/runs/multiscan-pilot-v1/transport-budget-v3-mxi1kprj/outputs/dual_g4_s912101_b4__partial_overlap__balanced_o12__local.npz,f468162214e988aaeb0ad399da1c269e4cf7abc447268e920cc7e95cb0729d92,3.9045489727527625,0.09545102724723753,0.9761372431881906,3.100127902432996,0.899872097567004,"GT source-group affine fits evaluated at x=y=0; may extrapolate, not physical layer count"
dual_g4_s912101_b4__partial_overlap,dual_g4_s912101_b4,partial_overlap,/srv/slam-research/grf/map-denoise/runs/multiscan-pilot-v1/repair-v2-oyuie4pl/synthetics/identifiable/dual_g4_s912101_b4.json,536,8,true_bilayer,4.0,912101,4.0,unbalanced,3,24,raw,1.0,True,True,True,1.1709346922546493,1.4475956013430025,2.841864398214663,0.5093283582089553,0.8675373134328358,1.1083917068925575,1.0,1.5251951533385448,1.2236537711567927,1.4420146707789523,,self-report; not geometry-derived layer count or success,1.5244255900622605,0.048444567607895644,0.8763450783507285,0.8797138455411491,0.22383710100257304,0.22383710100257304,0.025958760001230985,2.915193703329953,4.15658922112116,1.0,2.915193703329953,4.156589221121161,0.5259808162608964,0.5259808162608219,1.0,0,1.6,2,0.48148954093495344,0.7015424009726159,0.7167879263638121,/srv/slam-research/grf/map-denoise/runs/multiscan-pilot-v1/transport-budget-v3-mxi1kprj/outputs/dual_g4_s912101_b4__partial_overlap__unbalanced_o3__raw.npz,f26fa408e11db555074928e4cd29fd615e9edf5fe2c2f5afd114df518336b09a,5.012242737793914,1.0122427377939136,1.2530606844484784,4.242064307576177,0.24206430757617703,"GT source-group affine fits evaluated at x=y=0; may extrapolate, not physical layer count"
dual_g4_s912101_b4__partial_overlap,dual_g4_s912101_b4,partial_overlap,/srv/slam-research/grf/map-denoise/runs/multiscan-pilot-v1/repair-v2-oyuie4pl/synthetics/identifiable/dual_g4_s912101_b4.json,536,8,true_bilayer,4.0,912101,4.0,unbalanced,3,24,local,1.0,True,True,True,0.862101305210501,1.0083582691367288,1.8476595794737807,0.667910447761194,0.9794776119402985,0.8633322260789026,1.0,1.057018868169905,0.8817882394001065,0.9812049388883068,,self-report; not geometry-derived layer count or success,1.0557222069455563,0.0523403231666696,1.403574261904135,1.7655283330296239,0.24979586100380402,0.22383710100257304,0.025958760001230985,3.5116673979803945,5.807906391444055,1.0,2.915193703329953,4.156589221121161,0.5259808162608964,0.5259808162608219,1.0,0,1.6,2,0.48148954093495344,0.7015424009726159,0.7167879263638121,/srv/slam-research/grf/map-denoise/runs/multiscan-pilot-v1/transport-budget-v3-mxi1kprj/outputs/dual_g4_s912101_b4__partial_overlap__unbalanced_o3__local.npz,1ab201d653084e5ecd78c97823e17cbdd0fee39a75a4558ea1e8efd8f0765772,4.769258755281399,0.769258755281399,1.1923146888203497,3.362033250960616,0.6379667490393839,"GT source-group affine fits evaluated at x=y=0; may extrapolate, not physical layer count"
dual_g4_s912101_b4__partial_overlap,dual_g4_s912101_b4,partial_overlap,/srv/slam-research/grf/map-denoise/runs/multiscan-pilot-v1/repair-v2-oyuie4pl/synthetics/identifiable/dual_g4_s912101_b4.json,536,8,true_bilayer,4.0,912101,4.0,unbalanced,6,24,raw,1.0,True,True,True,0.9159718134597318,1.1395629863077208,2.1820146859632166,0.6492537313432836,0.9384328358208955,0.8948764638952267,1.0,1.1838909415225252,0.9346205647805397,1.1383226943019322,,self-report; not geometry-derived layer count or success,1.1828993555194691,0.04844456760789558,0.4814568818049793,0.5312663807834916,0.4495728390029399,0.4495728390029399,0.025816870998824015,3.52542625725891,5.005434314796013,1.0,3.52542625725891,5.005434314796013,0.604793727979167,0.6047937279791669,1.0,0,1.6,2,0.4001283272125825,0.560115599421159,0.5566669755974389,/srv/slam-research/grf/map-denoise/runs/multiscan-pilot-v1/transport-budget-v3-mxi1kprj/outputs/dual_g4_s912101_b4__partial_overlap__unbalanced_o6__raw.npz,2c531eb6f3c5cacbc54cba681933b7bc37390db39ddd4d650da6cddf4a7c9cff,4.585797898587399,0.5857978985873986,1.1464494746468497,4.21819715681551,0.21819715681550989,"GT source-group affine fits evaluated at x=y=0; may extrapolate, not physical layer count"
dual_g4_s912101_b4__partial_overlap,dual_g4_s912101_b4,partial_overlap,/srv/slam-research/grf/map-denoise/runs/multiscan-pilot-v1/repair-v2-oyuie4pl/synthetics/identifiable/dual_g4_s912101_b4.json,536,8,true_bilayer,4.0,912101,4.0,unbalanced,6,24,local,1.0,True,True,True,0.5723998436659474,0.6946376928837795,1.415530575008101,0.875,0.9944029850746269,0.5972237694836526,1.0,0.7284629658268504,0.5769028574491377,0.6941791687040028,,self-report; not geometry-derived layer count or success,0.72758487409139,0.035756727683992254,1.0977231361294657,1.3909231715974775,0.4753897100017639,0.4495728390029399,0.025816870998824015,3.8752436326529742,6.291581927570336,1.0,3.52542625725891,5.005434314796013,0.604793727979167,0.6047937279791669,1.0,0,1.6,2,0.4001283272125825,0.560115599421159,0.5566669755974389,/srv/slam-research/grf/map-denoise/runs/multiscan-pilot-v1/transport-budget-v3-mxi1kprj/outputs/dual_g4_s912101_b4__partial_overlap__unbalanced_o6__local.npz,eacb06d98fc4b217a7e2a6acf3e6a19157609af3da91e72e7485884f1d68340e,4.28521587680432,0.2852158768043198,1.07130396920108,3.1873608774011037,0.8126391225988963,"GT source-group affine fits evaluated at x=y=0; may extrapolate, not physical layer count"
dual_g4_s912101_b4__partial_overlap,dual_g4_s912101_b4,partial_overlap,/srv/slam-research/grf/map-denoise/runs/multiscan-pilot-v1/repair-v2-oyuie4pl/synthetics/identifiable/dual_g4_s912101_b4.json,536,8,true_bilayer,4.0,912101,4.0,unbalanced,12,24,raw,1.0,True,True,True,0.8892606217775018,1.1070438218696008,2.1267291774149912,0.6399253731343284,0.9440298507462687,0.8755220128470066,1.0,1.147526513901326,0.9044903581083903,1.1087305404330992,,self-report; not geometry-derived layer count or success,1.1465034775245186,0.04844456760789553,0.40741510402586434,0.46208024728422786,0.874737918988103,0.874737918988103,0.025104450003709644,3.616175813934955,5.134303123560745,1.0,3.6161758139349547,5.134303123560745,0.6079903066883205,0.6079903066883202,1.0,0,1.6,2,0.3959791200472269,0.5391581623026184,0.541063090229926,/srv/slam-research/grf/map-denoise/runs/multiscan-pilot-v1/transport-budget-v3-mxi1kprj/outputs/dual_g4_s912101_b4__partial_overlap__unbalanced_o12__raw.npz,e4088760e9b7fed80f0b7eb9530ef9cd1b00acaaab57132e8b4a856f1ac1099a,4.503349334033098,0.5033493340330981,1.1258373335082745,4.210443555522692,0.21044355552269156,"GT source-group affine fits evaluated at x=y=0; may extrapolate, not physical layer count"
dual_g4_s912101_b4__partial_overlap,dual_g4_s912101_b4,partial_overlap,/srv/slam-research/grf/map-denoise/runs/multiscan-pilot-v1/repair-v2-oyuie4pl/synthetics/identifiable/dual_g4_s912101_b4.json,536,8,true_bilayer,4.0,912101,4.0,unbalanced,12,24,local,1.0,True,True,True,0.5312255016050083,0.6616651052445527,1.3995724489440327,0.8805970149253731,0.9944029850746269,0.5603731097291983,1.0,0.6942377302563295,0.5344324200220096,0.6639642949007524,,self-report; not geometry-derived layer count or success,0.6933319569397006,0.035451707964852835,1.0203129541822515,1.3110790904786631,0.8998423689918127,0.874737918988103,0.025104450003709644,3.91679609164751,6.33035216470957,1.0,3.6161758139349547,5.134303123560745,0.6079903066883205,0.6079903066883202,1.0,0,1.6,2,0.3959791200472269,0.5391581623026184,0.541063090229926,/srv/slam-research/grf/map-denoise/runs/multiscan-pilot-v1/transport-budget-v3-mxi1kprj/outputs/dual_g4_s912101_b4__partial_overlap__unbalanced_o12__local.npz,169b0c50b97a15a30eca64509633692b2c0d56bcdf4cd8003bf341aee0471211,4.20274999181819,0.2027499918181901,1.0506874979545475,3.1771150193208832,0.8228849806791168,"GT source-group affine fits evaluated at x=y=0; may extrapolate, not physical layer count"
dual_g8_s912101_b4,dual_g8_s912101_b4,full,/srv/slam-research/grf/map-denoise/runs/multiscan-pilot-v1/repair-v2-oyuie4pl/synthetics/identifiable/dual_g8_s912101_b4.json,768,8,true_bilayer,8.0,912101,4.0,balanced,3,24,raw,1.0,True,True,True,1.0025407105159003,1.2649522328308123,2.499342951702094,0.6080729166666666,0.9427083333333334,0.9290889817259315,1.0,1.2800623482775155,1.0023444236546488,1.262667182711788,,self-report; not geometry-derived layer count or success,1.2793621332718241,0.042333762269790014,0.17250903066687737,0.3629730088175176,0.3285721900028875,0.3285721900028875,0.03650930400181096,3.2780736827154024,4.800000000000002,1.0,3.2780736827154024,4.800000000000001,1.0,0.9999999342034522,1.0,0,1.6000000000000005,3,0.04169957002614801,0.12297019558480982,8.001412032943023e-16,/srv/slam-research/grf/map-denoise/runs/multiscan-pilot-v1/transport-budget-v3-mxi1kprj/outputs/dual_g8_s912101_b4__balanced_o3__raw.npz,44e58d392c7f2d8a7241eb5efad1ce91d32a76932bf4d591973f20563d67c9b2,8.129725159013859,0.12972515901385862,1.0162156448767323,8.34745918179286,0.3474591817928605,"GT source-group affine fits evaluated at x=y=0; may extrapolate, not physical layer count"
dual_g8_s912101_b4,dual_g8_s912101_b4,full,/srv/slam-research/grf/map-denoise/runs/multiscan-pilot-v1/repair-v2-oyuie4pl/synthetics/identifiable/dual_g8_s912101_b4.json,768,8,true_bilayer,8.0,912101,4.0,balanced,3,24,local,1.0,True,True,True,0.5195431154061523,0.8579633008925265,2.0078270575136106,0.81640625,0.9622395833333334,0.5703709349621667,1.0,0.8804455186896528,0.5194105679478549,0.8538854891525939,,self-report; not geometry-derived layer count or success,0.8783280663885165,0.061025561651670265,0.5052868106540828,0.7791430259561587,0.36508149400469847,0.3285721900028875,0.03650930400181096,3.990828874125737,6.45385624292059,1.0,3.2780736827154024,4.800000000000001,1.0,0.9999999342034522,1.0,0,1.6000000000000005,3,0.04169957002614801,0.12297019558480982,8.001412032943023e-16,/srv/slam-research/grf/map-denoise/runs/multiscan-pilot-v1/transport-budget-v3-mxi1kprj/outputs/dual_g8_s912101_b4__balanced_o3__local.npz,4bacaf6324882a5b2693504b7d6615baeeeb39d127311a1bf6b4a4d43bf55778,7.883104518368198,0.11689548163180241,0.9853880647960247,7.246129276744389,0.753870723255611,"GT source-group affine fits evaluated at x=y=0; may extrapolate, not physical layer count"
dual_g8_s912101_b4,dual_g8_s912101_b4,full,/srv/slam-research/grf/map-denoise/runs/multiscan-pilot-v1/repair-v2-oyuie4pl/synthetics/identifiable/dual_g8_s912101_b4.json,768,8,true_bilayer,8.0,912101,4.0,balanced,6,24,raw,1.0,True,True,True,0.8185732689405132,1.027630637381508,2.053968046765917,0.6927083333333334,0.9739583333333334,0.814530244177963,1.0,1.0540258441275197,0.8184724728637649,1.0258168317781757,,self-report; not geometry-derived layer count or success,1.0531753570326337,0.04233376226978989,0.17201434128477464,0.34272001116820994,0.6405222969915485,0.6405222969915485,0.03577632199448999,3.918575952471635,5.7027532461665364,1.0,3.918575952471635,5.7027532461665364,1.0,0.9999999999999998,1.0,0,1.6000000000000005,3,0.04282418822502695,0.10951537124558496,4.688090193827321e-16,/srv/slam-research/grf/map-denoise/runs/multiscan-pilot-v1/transport-budget-v3-mxi1kprj/outputs/dual_g8_s912101_b4__balanced_o6__raw.npz,dc705621d9bf51e683dee48a8a812da1dc89454a7003dcbbe91828eece15f8be,8.087093520511027,0.08709352051102748,1.0108866900638784,8.238321861340031,0.2383218613400313,"GT source-group affine fits evaluated at x=y=0; may extrapolate, not physical layer count"
dual_g8_s912101_b4,dual_g8_s912101_b4,full,/srv/slam-research/grf/map-denoise/runs/multiscan-pilot-v1/repair-v2-oyuie4pl/synthetics/identifiable/dual_g8_s912101_b4.json,768,8,true_bilayer,8.0,912101,4.0,balanced,6,24,local,1.0,True,True,True,0.42902629011210286,0.7241492429667915,1.7065126929770906,0.8515625,0.9713541666666666,0.5262448248587214,1.0,0.7612682250143372,0.4287206226488484,0.7189978847126262,,self-report; not geometry-derived layer count or success,0.7601701589898412,0.040873460800857485,0.5671608131148101,0.7784462000451209,0.6762986189860385,0.6405222969915485,0.03577632199448999,4.181743678879018,6.670846573527844,1.0,3.918575952471635,5.7027532461665364,1.0,0.9999999999999998,1.0,0,1.6000000000000005,3,0.04282418822502695,0.10951537124558496,4.688090193827321e-16,/srv/slam-research/grf/map-denoise/runs/multiscan-pilot-v1/transport-budget-v3-mxi1kprj/outputs/dual_g8_s912101_b4__balanced_o6__local.npz,eda4cdd8144ff441f18e9aaa83761d0a81a79079da7087ab8adea70fa82b753d,7.843890901137744,0.156109098862256,0.980486362642218,7.166966255104002,0.8330337448959977,"GT source-group affine fits evaluated at x=y=0; may extrapolate, not physical layer count"
dual_g8_s912101_b4,dual_g8_s912101_b4,full,/srv/slam-research/grf/map-denoise/runs/multiscan-pilot-v1/repair-v2-oyuie4pl/synthetics/identifiable/dual_g8_s912101_b4.json,768,8,true_bilayer,8.0,912101,4.0,balanced,12,24,raw,1.0,True,True,True,0.8181855760016251,1.026799796824856,2.04856599182283,0.6940104166666666,0.97265625,0.8144662404822239,1.0,1.0533325781057987,0.8180846467541567,1.0249939932742633,,self-report; not geometry-derived layer count or success,1.0524815307980913,0.04233376226978986,0.17280064620963823,0.34256470428600083,1.312113150008372,1.312113150008372,0.036668560991529375,3.9273384236877784,5.714849020037593,1.0,3.927338423687778,5.714849020037593,1.0,1.0,1.0,0,1.6000000000000005,3,0.042871566921971936,0.109430108731176,4.627374872168133e-16,/srv/slam-research/grf/map-denoise/runs/multiscan-pilot-v1/transport-budget-v3-mxi1kprj/outputs/dual_g8_s912101_b4__balanced_o12__raw.npz,249d11b79b86da3f0a861392f79906fc493c1042a2eaa938d20d57362f95079c,8.08658087394649,0.08658087394648994,1.0108226092433112,8.23695049922637,0.23695049922637068,"GT source-group affine fits evaluated at x=y=0; may extrapolate, not physical layer count"
dual_g8_s912101_b4,dual_g8_s912101_b4,full,/srv/slam-research/grf/map-denoise/runs/multiscan-pilot-v1/repair-v2-oyuie4pl/synthetics/identifiable/dual_g8_s912101_b4.json,768,8,true_bilayer,8.0,912101,4.0,balanced,12,24,local,1.0,True,True,True,0.4288654296406633,0.7240428920665998,1.7141518894149421,0.8515625,0.9700520833333334,0.5265153869002112,1.0,0.7613219564417336,0.4285602353148308,0.718879720912034,,self-report; not geometry-derived layer count or success,0.7602016671884917,0.0412861546296881,0.5669898395974654,0.7779898199355532,1.3487817109999014,1.312113150008372,0.036668560991529375,4.182366563864552,6.672622078841392,1.0,3.927338423687778,5.714849020037593,1.0,1.0,1.0,0,1.6000000000000005,3,0.042871566921971936,0.109430108731176,4.627374872168133e-16,/srv/slam-research/grf/map-denoise/runs/multiscan-pilot-v1/transport-budget-v3-mxi1kprj/outputs/dual_g8_s912101_b4__balanced_o12__local.npz,77a9b1c399d5abb242690dd1dc43f40ef000ad3a7d47d187f167cd0af735deee,7.844155633034499,0.15584436696550075,0.9805194541293124,7.167544761687586,0.8324552383124137,"GT source-group affine fits evaluated at x=y=0; may extrapolate, not physical layer count"
dual_g8_s912101_b4,dual_g8_s912101_b4,full,/srv/slam-research/grf/map-denoise/runs/multiscan-pilot-v1/repair-v2-oyuie4pl/synthetics/identifiable/dual_g8_s912101_b4.json,768,8,true_bilayer,8.0,912101,4.0,unbalanced,3,24,raw,1.0,True,True,True,1.2422979076255898,1.540051775999844,2.9863357582573014,0.48828125,0.88671875,1.1008951554046604,1.0,1.5496408882755806,1.2421635628607113,1.5373172819080552,,self-report; not geometry-derived layer count or success,1.5490625343050601,0.04233376226979007,0.21590389056762851,0.3729780320884089,0.3259451430058107,0.3259451430058107,0.03615654799796175,2.8772732533720125,4.3238177883723585,1.0,2.877273253372012,4.323817788372358,0.5086498823406473,0.5086498823405939,1.0,0,1.6,2,0.4930313654829836,0.7306834439218326,0.7423318034040988,/srv/slam-research/grf/map-denoise/runs/multiscan-pilot-v1/transport-budget-v3-mxi1kprj/outputs/dual_g8_s912101_b4__unbalanced_o3__raw.npz,b4b2f3bf05978f8d128b2a54fd0f01764ac8ae5a1217d9788a2d8ec7b5549d9e,8.168835804873181,0.16883580487318106,1.0211044756091476,8.424602718391844,0.42460271839184394,"GT source-group affine fits evaluated at x=y=0; may extrapolate, not physical layer count"
dual_g8_s912101_b4,dual_g8_s912101_b4,full,/srv/slam-research/grf/map-denoise/runs/multiscan-pilot-v1/repair-v2-oyuie4pl/synthetics/identifiable/dual_g8_s912101_b4.json,768,8,true_bilayer,8.0,912101,4.0,unbalanced,3,24,local,1.0,True,True,True,1.031590880053759,1.2528873616602176,2.437629405128058,0.5885416666666666,0.9388020833333334,0.9921300851820272,1.0,1.2715888856640052,1.0336886908535687,1.257896578228434,,self-report; not geometry-derived layer count or success,1.2704302266709697,0.05427092504255593,0.4603608559946064,0.6536784737839104,0.36210169100377243,0.3259451430058107,0.03615654799796175,3.4071023039798614,5.6968728599230545,1.0,2.877273253372012,4.323817788372358,0.5086498823406473,0.5086498823405939,1.0,0,1.6,2,0.4930313654829836,0.7306834439218326,0.7423318034040988,/srv/slam-research/grf/map-denoise/runs/multiscan-pilot-v1/transport-budget-v3-mxi1kprj/outputs/dual_g8_s912101_b4__unbalanced_o3__local.npz,a9e17aba899bb90e1bb5c7a14f064e09a0837a4a102b0e43396de78bfc4ec669,7.917297149701503,0.08270285029849678,0.9896621437126879,7.35692849102851,0.6430715089714898,"GT source-group affine fits evaluated at x=y=0; may extrapolate, not physical layer count"
dual_g8_s912101_b4,dual_g8_s912101_b4,full,/srv/slam-research/grf/map-denoise/runs/multiscan-pilot-v1/repair-v2-oyuie4pl/synthetics/identifiable/dual_g8_s912101_b4.json,768,8,true_bilayer,8.0,912101,4.0,unbalanced,6,24,raw,1.0,True,True,True,0.8443487864949836,1.066250985298027,2.145319395660345,0.6770833333333334,0.96875,0.8268152440191,1.0,1.0892585771998742,0.8442484009813036,1.064195526747846,,self-report; not geometry-derived layer count or success,1.0884356207767087,0.04233376226978989,0.15660489430483884,0.3412886217332903,0.6590492329996778,0.6590492329996778,0.03686603500682395,3.7227581450960052,5.45733800241605,1.0,3.7227581450960052,5.45733800241605,0.6175192560063802,0.6175192560063802,1.0,0,1.6,2,0.3825150490511251,0.41448254308112653,0.41448254308112653,/srv/slam-research/grf/map-denoise/runs/multiscan-pilot-v1/transport-budget-v3-mxi1kprj/outputs/dual_g8_s912101_b4__unbalanced_o6__raw.npz,ecf1aa4199a8cd113636a451c280b1ebc32b1cce4ec0e65cf2d84549f369cb75,8.102653235664633,0.1026532356646328,1.012831654458079,8.268316513967733,0.2683165139677328,"GT source-group affine fits evaluated at x=y=0; may extrapolate, not physical layer count"
dual_g8_s912101_b4,dual_g8_s912101_b4,full,/srv/slam-research/grf/map-denoise/runs/multiscan-pilot-v1/repair-v2-oyuie4pl/synthetics/identifiable/dual_g8_s912101_b4.json,768,8,true_bilayer,8.0,912101,4.0,unbalanced,6,24,local,1.0,True,True,True,0.4397217552171086,0.7371190599149015,1.66736311030734,0.8450520833333334,0.9752604166666666,0.5241315857414034,1.0,0.7702610591000598,0.43942743960207303,0.7326652976296247,,self-report; not geometry-derived layer count or success,0.7692280810205993,0.03987804578100908,0.5646546573334149,0.7927627163569326,0.6959152680065017,0.6590492329996778,0.03686603500682395,4.136667661857902,6.625106637935087,1.0,3.7227581450960052,5.45733800241605,0.6175192560063802,0.6175192560063802,1.0,0,1.6,2,0.3825150490511251,0.41448254308112653,0.41448254308112653,/srv/slam-research/grf/map-denoise/runs/multiscan-pilot-v1/transport-budget-v3-mxi1kprj/outputs/dual_g8_s912101_b4__unbalanced_o6__local.npz,ed1f718fe4502ea3f9bac0d6c9c4d55f3d784b2a57e3b7e94044ce3a0c18012e,7.855353139261785,0.14464686073821476,0.9819191424077232,7.173332579087283,0.8266674209127167,"GT source-group affine fits evaluated at x=y=0; may extrapolate, not physical layer count"
dual_g8_s912101_b4,dual_g8_s912101_b4,full,/srv/slam-research/grf/map-denoise/runs/multiscan-pilot-v1/repair-v2-oyuie4pl/synthetics/identifiable/dual_g8_s912101_b4.json,768,8,true_bilayer,8.0,912101,4.0,unbalanced,12,24,raw,1.0,True,True,True,0.8244486806260317,1.0390299112859367,2.119380138591649,0.6927083333333334,0.9739583333333334,0.8163606071091571,1.0,1.0640758588200099,0.8243506110872492,1.0371194132556876,,self-report; not geometry-derived layer count or success,1.0632334108255,0.04233376226978969,0.1635105955333351,0.34182946020151234,1.3311114819953218,1.3311114819953218,0.03651797400380019,3.836682055527823,5.610590691397779,1.0,3.8366820555278225,5.610590691397779,0.624272801052048,0.624272801052048,1.0,0,1.6,2,0.3757397742231705,0.40118275495898587,0.4011827549589858,/srv/slam-research/grf/map-denoise/runs/multiscan-pilot-v1/transport-budget-v3-mxi1kprj/outputs/dual_g8_s912101_b4__unbalanced_o12__raw.npz,feade3f0fb93f9bc5490e7291606e44b27604d556f2ff77ec99d253258739968,8.093185935824879,0.093185935824879,1.0116482419781099,8.250070571132254,0.2500705711322535,"GT source-group affine fits evaluated at x=y=0; may extrapolate, not physical layer count"
dual_g8_s912101_b4,dual_g8_s912101_b4,full,/srv/slam-research/grf/map-denoise/runs/multiscan-pilot-v1/repair-v2-oyuie4pl/synthetics/identifiable/dual_g8_s912101_b4.json,768,8,true_bilayer,8.0,912101,4.0,unbalanced,12,24,local,1.0,True,True,True,0.43211135917482935,0.7276212257048432,1.6768472239509093,0.8515625,0.9739583333333334,0.5228852026743586,1.0,0.7631299043192359,0.4317992192300964,0.7227962545164608,,self-report; not geometry-derived layer count or success,0.7616512359883825,0.04748310840346742,0.5545976806680443,0.7889151304658242,1.367629455999122,1.3311114819953218,0.03651797400380019,4.158047179060946,6.645645463034316,1.0,3.8366820555278225,5.610590691397779,0.624272801052048,0.624272801052048,1.0,0,1.6,2,0.3757397742231705,0.40118275495898587,0.4011827549589858,/srv/slam-research/grf/map-denoise/runs/multiscan-pilot-v1/transport-budget-v3-mxi1kprj/outputs/dual_g8_s912101_b4__unbalanced_o12__local.npz,1bdcc90b4ca2b583b815e5ff8a557369f6b8ec64ff4c72014dbf86072dac2b0e,7.8587612298369125,0.1412387701630875,0.9823451537296141,7.185457485279777,0.8145425147202232,"GT source-group affine fits evaluated at x=y=0; may extrapolate, not physical layer count"
dual_g8_s912101_b4__partial_overlap,dual_g8_s912101_b4,partial_overlap,/srv/slam-research/grf/map-denoise/runs/multiscan-pilot-v1/repair-v2-oyuie4pl/synthetics/identifiable/dual_g8_s912101_b4.json,536,8,true_bilayer,8.0,912101,4.0,balanced,3,24,raw,1.0,True,True,True,1.1242759867685639,1.3948673071699047,2.690784653875925,0.5335820895522388,0.914179104477612,1.045538580821372,1.0,1.4090700623650585,1.123978248643309,1.334298520985797,,self-report; not geometry-derived layer count or success,1.4085161782699693,0.03950463523727457,0.639659085669089,0.6984180581844593,0.22547794300771784,0.22547794300771784,0.025257681001676247,3.092620857560481,4.800000000000002,1.0,3.0926208575604806,4.800000000000001,1.0,0.9680955017036874,1.0,0,1.6000000000000005,3,0.04041361914818325,0.11993872866177517,1.0920084281274e-15,/srv/slam-research/grf/map-denoise/runs/multiscan-pilot-v1/transport-budget-v3-mxi1kprj/outputs/dual_g8_s912101_b4__partial_overlap__balanced_o3__raw.npz,831ce97953002a088ac0167387a2bc366428ab064f0b2afb7b5cbeda0224a9ce,8.880631383802015,0.8806313838020152,1.110078922975252,8.442275870948423,0.44227587094842313,"GT source-group affine fits evaluated at x=y=0; may extrapolate, not physical layer count"
dual_g8_s912101_b4__partial_overlap,dual_g8_s912101_b4,partial_overlap,/srv/slam-research/grf/map-denoise/runs/multiscan-pilot-v1/repair-v2-oyuie4pl/synthetics/identifiable/dual_g8_s912101_b4.json,536,8,true_bilayer,8.0,912101,4.0,balanced,3,24,local,1.0,True,True,True,0.9252478704989607,1.153995126187582,2.1431311828283857,0.6529850746268657,0.9514925373134329,0.914852115475411,1.0,1.1774419650023247,0.9268353495630506,1.1274777206499262,,self-report; not geometry-derived layer count or success,1.1740422523727718,0.08941124421460897,1.4245720363415364,2.0171426475951404,0.2507356240093941,0.22547794300771784,0.025257681001676247,3.675978770209619,6.121886539127154,1.0,3.0926208575604806,4.800000000000001,1.0,0.9680955017036874,1.0,0,1.6000000000000005,3,0.04041361914818325,0.11993872866177517,1.0920084281274e-15,/srv/slam-research/grf/map-denoise/runs/multiscan-pilot-v1/transport-budget-v3-mxi1kprj/outputs/dual_g8_s912101_b4__partial_overlap__balanced_o3__local.npz,0353e98d4d78200ed8ffdcb3c2524a2005e78392a61f88faddd0c1607e70cf24,8.56356487729799,0.5635648772979902,1.0704456096622488,6.970940202384339,1.0290597976156608,"GT source-group affine fits evaluated at x=y=0; may extrapolate, not physical layer count"
dual_g8_s912101_b4__partial_overlap,dual_g8_s912101_b4,partial_overlap,/srv/slam-research/grf/map-denoise/runs/multiscan-pilot-v1/repair-v2-oyuie4pl/synthetics/identifiable/dual_g8_s912101_b4.json,536,8,true_bilayer,8.0,912101,4.0,balanced,6,24,raw,1.0,True,True,True,0.8040785499891479,1.0107504531353926,1.9610709662311554,0.6940298507462687,0.9626865671641791,0.8244967046834066,1.0,1.0451735334693792,0.8039455470298554,1.009634823653959,,self-report; not geometry-derived layer count or success,1.044426684291261,0.039504635237274995,0.2722755992837403,0.3239263520799893,0.4407061209931271,0.4407061209931271,0.02526025399856735,4.123262206465827,6.3706143793351115,1.0,4.123262206465826,6.37061437933511,1.0,0.9999999282593134,1.0,0,1.6000000000000005,3,0.02006452010790015,0.07521999332192879,6.4791921827733745e-16,/srv/slam-research/grf/map-denoise/runs/multiscan-pilot-v1/transport-budget-v3-mxi1kprj/outputs/dual_g8_s912101_b4__partial_overlap__balanced_o6__raw.npz,b9197a866fc481a9259f766cf8ced977c1b74c32dfc6a19b29b6578e8c0a5125,7.960389761846883,0.03961023815311737,0.9950487202308603,8.16571971326191,0.16571971326190926,"GT source-group affine fits evaluated at x=y=0; may extrapolate, not physical layer count"
dual_g8_s912101_b4__partial_overlap,dual_g8_s912101_b4,partial_overlap,/srv/slam-research/grf/map-denoise/runs/multiscan-pilot-v1/repair-v2-oyuie4pl/synthetics/identifiable/dual_g8_s912101_b4.json,536,8,true_bilayer,8.0,912101,4.0,balanced,6,24,local,1.0,True,True,True,0.5457275383992407,0.844868951729229,1.8831155678976983,0.789179104477612,0.9645522388059702,0.6383274540975569,1.0,0.8857795920079548,0.5453588963391984,0.8262750353555909,,self-report; not geometry-derived layer count or success,0.8844326572525195,0.04882991299425207,0.5352584391276228,1.1963562082759227,0.46596637499169447,0.4407061209931271,0.02526025399856735,4.292537513290264,6.844480677814107,1.0,4.123262206465826,6.37061437933511,1.0,0.9999999282593134,1.0,0,1.6000000000000005,3,0.02006452010790015,0.07521999332192879,6.4791921827733745e-16,/srv/slam-research/grf/map-denoise/runs/multiscan-pilot-v1/transport-budget-v3-mxi1kprj/outputs/dual_g8_s912101_b4__partial_overlap__balanced_o6__local.npz,fcb784b6ca9bbd4179c408d1e17b31b2cda6df9113f46d09f21f667d2a37feba,7.633509748056611,0.3664902519433886,0.9541887185070764,6.838468282371215,1.161531717628785,"GT source-group affine fits evaluated at x=y=0; may extrapolate, not physical layer count"
dual_g8_s912101_b4__partial_overlap,dual_g8_s912101_b4,partial_overlap,/srv/slam-research/grf/map-denoise/runs/multiscan-pilot-v1/repair-v2-oyuie4pl/synthetics/identifiable/dual_g8_s912101_b4.json,536,8,true_bilayer,8.0,912101,4.0,balanced,12,24,raw,1.0,True,True,True,0.8095854391674158,1.0178162588223785,2.016621953917172,0.6940298507462687,0.9589552238805971,0.82883187215556,1.0,1.0528595822037086,0.8094465305030493,1.0156220893539376,,self-report; not geometry-derived layer count or success,1.0521181890039433,0.03950463523727438,0.32339823739343915,0.35928893744366275,0.8914395949977916,0.8914395949977916,0.025739014003193006,4.175199864068803,6.449698004877463,1.0,4.175199864068804,6.449698004877462,1.0,0.9999999297571531,1.0,0,1.6000000000000005,3,0.01936488581681943,0.07504012654919659,6.895525817007808e-16,/srv/slam-research/grf/map-denoise/runs/multiscan-pilot-v1/transport-budget-v3-mxi1kprj/outputs/dual_g8_s912101_b4__partial_overlap__balanced_o12__raw.npz,8ab7e01d7e69e04c6fe426ba62fef1cb043d8a3b554862f5f5310e7375fdc4a4,7.890526832764897,0.10947316723510259,0.9863158540956122,8.150667791973554,0.15066779197355373,"GT source-group affine fits evaluated at x=y=0; may extrapolate, not physical layer count"
dual_g8_s912101_b4__partial_overlap,dual_g8_s912101_b4,partial_overlap,/srv/slam-research/grf/map-denoise/runs/multiscan-pilot-v1/repair-v2-oyuie4pl/synthetics/identifiable/dual_g8_s912101_b4.json,536,8,true_bilayer,8.0,912101,4.0,balanced,12,24,local,1.0,True,True,True,0.5562761524227703,0.8479015688405017,1.8764376855862075,0.7854477611940298,0.9664179104477612,0.6486320331266716,1.0,0.8896764188773457,0.5558306673227541,0.8227199777284909,,self-report; not geometry-derived layer count or success,0.888223127792582,0.05083114754538654,0.4829335236103399,1.1324625415412006,0.9171786090009846,0.8914395949977916,0.025739014003193006,4.328875368687907,6.865048964960822,1.0,4.175199864068804,6.449698004877462,1.0,0.9999999297571531,1.0,0,1.6000000000000005,3,0.01936488581681943,0.07504012654919659,6.895525817007808e-16,/srv/slam-research/grf/map-denoise/runs/multiscan-pilot-v1/transport-budget-v3-mxi1kprj/outputs/dual_g8_s912101_b4__partial_overlap__balanced_o12__local.npz,8cef03978e0bea7bf5007397ced13553c9eb26c8a327479c1acf870e51411a77,7.569353856342329,0.43064614365767095,0.9461692320427911,6.837723220422221,1.1622767795777786,"GT source-group affine fits evaluated at x=y=0; may extrapolate, not physical layer count"
dual_g8_s912101_b4__partial_overlap,dual_g8_s912101_b4,partial_overlap,/srv/slam-research/grf/map-denoise/runs/multiscan-pilot-v1/repair-v2-oyuie4pl/synthetics/identifiable/dual_g8_s912101_b4.json,536,8,true_bilayer,8.0,912101,4.0,unbalanced,3,24,raw,1.0,True,True,True,1.4288249784924285,1.7305702812250385,3.246663402298663,0.4141791044776119,0.8246268656716418,1.2756427476868597,1.0,1.7393528891147119,1.4286815488975193,1.6119470633268689,,self-report; not geometry-derived layer count or success,1.7389042114695292,0.03950463523727477,1.061485633286355,1.166958622713785,0.22071904699259903,0.22071904699259903,0.025221129006240517,2.705103084691823,4.214727331798314,1.0,2.7051030846918227,4.214727331798313,0.4692999609522589,0.4692999373312318,1.0,0,1.6,2,0.5323072247390169,0.8228143026140745,0.8208421856704256,/srv/slam-research/grf/map-denoise/runs/multiscan-pilot-v1/transport-budget-v3-mxi1kprj/outputs/dual_g8_s912101_b4__partial_overlap__unbalanced_o3__raw.npz,4632e847de1473159dbd53808490badf1652cba0faacc7a4c9f83bfe941829d4,9.368228835129974,1.3682288351299743,1.1710286043912468,8.576685916296375,0.5766859162963751,"GT source-group affine fits evaluated at x=y=0; may extrapolate, not physical layer count"
dual_g8_s912101_b4__partial_overlap,dual_g8_s912101_b4,partial_overlap,/srv/slam-research/grf/map-denoise/runs/multiscan-pilot-v1/repair-v2-oyuie4pl/synthetics/identifiable/dual_g8_s912101_b4.json,536,8,true_bilayer,8.0,912101,4.0,unbalanced,3,24,local,1.0,True,True,True,1.259648374966321,1.5009869046951192,2.9086886279279467,0.4552238805970149,0.871268656716418,1.1965787739170426,1.0,1.5234036165162295,1.2638314922026697,1.4374362333563542,,self-report; not geometry-derived layer count or success,1.5229164490783613,0.03852360239233749,1.810992043338281,2.187531714077882,0.24594017599883955,0.22071904699259903,0.025221129006240517,3.2958808571790126,5.612059412702139,1.0,2.7051030846918227,4.214727331798313,0.4692999609522589,0.4692999373312318,1.0,0,1.6,2,0.5323072247390169,0.8228143026140745,0.8208421856704256,/srv/slam-research/grf/map-denoise/runs/multiscan-pilot-v1/transport-budget-v3-mxi1kprj/outputs/dual_g8_s912101_b4__partial_overlap__unbalanced_o3__local.npz,ef8b3e15ac01d64f19ebb722f324e2fd4b0c258c57997afbada1e6014fdc9b9c,9.02667128482407,1.0266712848240704,1.1283339106030088,7.185197400639881,0.8148025993601191,"GT source-group affine fits evaluated at x=y=0; may extrapolate, not physical layer count"
dual_g8_s912101_b4__partial_overlap,dual_g8_s912101_b4,partial_overlap,/srv/slam-research/grf/map-denoise/runs/multiscan-pilot-v1/repair-v2-oyuie4pl/synthetics/identifiable/dual_g8_s912101_b4.json,536,8,true_bilayer,8.0,912101,4.0,unbalanced,6,24,raw,1.0,True,True,True,0.9823584153456237,1.2255265769515598,2.4144489038454777,0.6119402985074627,0.9328358208955224,0.9526085216029738,1.0,1.2461709022951046,0.982220313523552,1.161433575168187,,self-report; not geometry-derived layer count or success,1.2455445803028347,0.0395046352372747,0.6590611221604987,0.7146565413142192,0.44729397699120454,0.44729397699120454,0.025675056996988133,3.5004235449899377,5.368680524121724,1.0,3.500423544989937,5.368680524121723,0.5704630644380616,0.570463064426998,1.0,0,1.6,2,0.4310796119632179,0.6364976912430345,0.6181184081455796,/srv/slam-research/grf/map-denoise/runs/multiscan-pilot-v1/transport-budget-v3-mxi1kprj/outputs/dual_g8_s912101_b4__partial_overlap__unbalanced_o6__raw.npz,819405eca4776269d8293347117c1886d6303cf095a0e9ce22c286318eef06cd,8.846697503187306,0.8466975031873059,1.1058371878984132,8.384209869243682,0.3842098692436817,"GT source-group affine fits evaluated at x=y=0; may extrapolate, not physical layer count"
dual_g8_s912101_b4__partial_overlap,dual_g8_s912101_b4,partial_overlap,/srv/slam-research/grf/map-denoise/runs/multiscan-pilot-v1/repair-v2-oyuie4pl/synthetics/identifiable/dual_g8_s912101_b4.json,536,8,true_bilayer,8.0,912101,4.0,unbalanced,6,24,local,1.0,True,True,True,0.7806880730769369,0.977031665321024,1.8601077667306063,0.7406716417910447,0.9794776119402985,0.8059652058689817,1.0,1.002867215463465,0.7806186867297185,0.9437260997225473,,self-report; not geometry-derived layer count or success,0.9998577984940941,0.07763397865617808,1.450764487855737,1.961711321105359,0.4729690339881927,0.44729397699120454,0.025675056996988133,3.916710332896491,6.377619222859927,1.0,3.500423544989937,5.368680524121723,0.5704630644380616,0.570463064426998,1.0,0,1.6,2,0.4310796119632179,0.6364976912430345,0.6181184081455796,/srv/slam-research/grf/map-denoise/runs/multiscan-pilot-v1/transport-budget-v3-mxi1kprj/outputs/dual_g8_s912101_b4__partial_overlap__unbalanced_o6__local.npz,debf6c3e8c5dc1c8bb82e9ca06bdecc9e3fdada421416d1fa8eb002b285402a4,8.523106249731914,0.5231062497319137,1.0653882812164892,6.947231802735867,1.0527681972641334,"GT source-group affine fits evaluated at x=y=0; may extrapolate, not physical layer count"
dual_g8_s912101_b4__partial_overlap,dual_g8_s912101_b4,partial_overlap,/srv/slam-research/grf/map-denoise/runs/multiscan-pilot-v1/repair-v2-oyuie4pl/synthetics/identifiable/dual_g8_s912101_b4.json,536,8,true_bilayer,8.0,912101,4.0,unbalanced,12,24,raw,1.0,True,True,True,0.9139630220438418,1.1451929305822874,2.264816267129947,0.6343283582089553,0.9458955223880597,0.9059936355365035,1.0,1.1692530888482142,0.9138413217636365,1.0997848986931993,,self-report; not geometry-derived layer count or success,1.1685855422586144,0.03950463523727491,0.5287560645835876,0.5685116791397719,0.8733397650066763,0.8733397650066763,0.025192975997924805,3.6568767291384505,5.623212913236914,1.0,3.6568767291384496,5.623212913236913,0.5784890799287368,0.5784890799282155,1.0,0,1.6,2,0.4230034151606417,0.6045639122892915,0.5914509429219698,/srv/slam-research/grf/map-denoise/runs/multiscan-pilot-v1/transport-budget-v3-mxi1kprj/outputs/dual_g8_s912101_b4__partial_overlap__unbalanced_o12__raw.npz,d130ff8fb1524e66789e972ebfff111f0a8f4af6874d0bcb0eddc04f03a8180f,8.688997767294865,0.6889977672948646,1.086124720911858,8.340795594444888,0.34079559444488794,"GT source-group affine fits evaluated at x=y=0; may extrapolate, not physical layer count"
dual_g8_s912101_b4__partial_overlap,dual_g8_s912101_b4,partial_overlap,/srv/slam-research/grf/map-denoise/runs/multiscan-pilot-v1/repair-v2-oyuie4pl/synthetics/identifiable/dual_g8_s912101_b4.json,536,8,true_bilayer,8.0,912101,4.0,unbalanced,12,24,local,1.0,True,True,True,0.754947575989862,0.9842037636620615,2.02895036000376,0.7518656716417911,0.957089552238806,0.790085567408859,1.0,1.0121412651716037,0.7548661222744283,0.9750636235736769,,self-report; not geometry-derived layer count or success,1.0114154374718638,0.038324320043191876,1.3797750090300758,1.9889779628485758,0.8985327410046011,0.8733397650066763,0.025192975997924805,3.971488638345803,6.377677762645579,1.0,3.6568767291384496,5.623212913236913,0.5784890799287368,0.5784890799282155,1.0,0,1.6,2,0.4230034151606417,0.6045639122892915,0.5914509429219698,/srv/slam-research/grf/map-denoise/runs/multiscan-pilot-v1/transport-budget-v3-mxi1kprj/outputs/dual_g8_s912101_b4__partial_overlap__unbalanced_o12__local.npz,ad3b3ccb57224db393dd0ab0b5991b02af49dd8d9ab1448d6505a6dd4b7bf4ef,8.276963887860436,0.27696388786043613,1.0346204859825545,6.714431757423082,1.2855682425769182,"GT source-group affine fits evaluated at x=y=0; may extrapolate, not physical layer count"
